match_id,player_id,team,season,season_year
1082591,db584dad,rcb,2017,2017
1082591,c3a96caf,rcb,2017,2017
1082591,12b610c2,rcb,2017,2017
1082591,99d63244,rcb,2017,2017
1082591,4329fbb5,rcb,2017,2017
1082591,dc9dd038,rcb,2017,2017
1082591,bd17b45f,rcb,2017,2017
1082591,957532de,rcb,2017,2017
1082591,245c97cb,rcb,2017,2017
1082591,57ee1fde,rcb,2017,2017
1082591,18e6906e,rcb,2017,2017
1082591,dcce6f09,srh,2017,2017
1082591,0a476045,srh,2017,2017
1082591,32198ae0,srh,2017,2017
1082591,1c914163,srh,2017,2017
1082591,73ad96ed,srh,2017,2017
1082591,2e11c706,srh,2017,2017
1082591,890946a0,srh,2017,2017
1082591,c18496e1,srh,2017,2017
1082591,2e81a32d,srh,2017,2017
1082591,96fd40ae,srh,2017,2017
1082591,5f547c8b,srh,2017,2017
1082592,b5da6c24,mi,2017,2017
1082592,99b75528,mi,2017,2017
1082592,740742ef,mi,2017,2017
1082592,fb2d1dda,mi,2017,2017
1082592,70d205c9,mi,2017,2017
1082592,5b8c830e,mi,2017,2017
1082592,a757b0d8,mi,2017,2017
1082592,dbe50b21,mi,2017,2017
1082592,13c35c9e,mi,2017,2017
1082592,51a3c5ef,mi,2017,2017
1082592,462411b3,mi,2017,2017
1082592,29e95537,rps,2017,2017
1082592,00ea847a,rps,2017,2017
1082592,30a45b23,rps,2017,2017
1082592,e087956b,rps,2017,2017
1082592,4a8a2e3b,rps,2017,2017
1082592,26e5cabf,rps,2017,2017
1082592,33a364a6,rps,2017,2017
1082592,23eeb873,rps,2017,2017
1082592,14f96089,rps,2017,2017
1082592,66b30f71,rps,2017,2017
1082592,acee4cc4,rps,2017,2017
1082593,d1c36f5c,gl,2017,2017
1082593,b8a55852,gl,2017,2017
1082593,1dc12ab9,gl,2017,2017
1082593,b8d490fd,gl,2017,2017
1082593,c03f1114,gl,2017,2017
1082593,35205dfc,gl,2017,2017
1082593,ae78bc32,gl,2017,2017
1082593,e938e1bc,gl,2017,2017
1082593,c8179c68,gl,2017,2017
1082593,d2a989fc,gl,2017,2017
1082593,1da489ff,gl,2017,2017
1082593,bb345e0b,kkr,2017,2017
1082593,45eda7c8,kkr,2017,2017
1082593,1c17e270,kkr,2017,2017
1082593,93b4fc78,kkr,2017,2017
1082593,3c6ffae8,kkr,2017,2017
1082593,271f83cd,kkr,2017,2017
1082593,4c5d73db,kkr,2017,2017
1082593,98ae73b1,kkr,2017,2017
1082593,8d2c70ad,kkr,2017,2017
1082593,9d430b40,kkr,2017,2017
1082593,a818c1be,kkr,2017,2017
1082594,e798611a,pbks,2017,2017
1082594,c03e2850,pbks,2017,2017
1082594,fe11caa6,pbks,2017,2017
1082594,2e171977,pbks,2017,2017
1082594,b681e71e,pbks,2017,2017
1082594,d67d5f00,pbks,2017,2017
1082594,d9273ee7,pbks,2017,2017
1082594,983f2f61,pbks,2017,2017
1082594,759ac88f,pbks,2017,2017
1082594,ce820073,pbks,2017,2017
1082594,ce794613,pbks,2017,2017
1082594,29e95537,rps,2017,2017
1082594,00ea847a,rps,2017,2017
1082594,30a45b23,rps,2017,2017
1082594,e087956b,rps,2017,2017
1082594,4a8a2e3b,rps,2017,2017
1082594,26e5cabf,rps,2017,2017
1082594,2a2e6343,rps,2017,2017
1082594,33a364a6,rps,2017,2017
1082594,2ed569a0,rps,2017,2017
1082594,acee4cc4,rps,2017,2017
1082594,66b30f71,rps,2017,2017
1082595,db584dad,rcb,2017,2017
1082595,4329fbb5,rcb,2017,2017
1082595,c3a96caf,rcb,2017,2017
1082595,99d63244,rcb,2017,2017
1082595,bd17b45f,rcb,2017,2017
1082595,0494fa6e,rcb,2017,2017
1082595,f62772e5,rcb,2017,2017
1082595,85aae393,rcb,2017,2017
1082595,245c97cb,rcb,2017,2017
1082595,57ee1fde,rcb,2017,2017
1082595,6834d1f2,rcb,2017,2017
1082595,855a210c,dc,2017,2017
1082595,c16d4035,dc,2017,2017
1082595,944533a5,dc,2017,2017
1082595,a4cc73aa,dc,2017,2017
1082595,919a3be2,dc,2017,2017
1082595,fb66ce1f,dc,2017,2017
1082595,e342e5fb,dc,2017,2017
1082595,ded9240e,dc,2017,2017
1082595,6b19d823,dc,2017,2017
1082595,9d80c5e1,dc,2017,2017
1082595,91a4a398,dc,2017,2017
1082596,d1c36f5c,gl,2017,2017
1082596,b8a55852,gl,2017,2017
1082596,1dc12ab9,gl,2017,2017
1082596,b8d490fd,gl,2017,2017
1082596,c03f1114,gl,2017,2017
1082596,35205dfc,gl,2017,2017
1082596,d2a989fc,gl,2017,2017
1082596,e938e1bc,gl,2017,2017
1082596,871e9faf,gl,2017,2017
1082596,c28e9f12,gl,2017,2017
1082596,1da489ff,gl,2017,2017
1082596,dcce6f09,srh,2017,2017
1082596,0a476045,srh,2017,2017
1082596,32198ae0,srh,2017,2017
1082596,1c914163,srh,2017,2017
1082596,73ad96ed,srh,2017,2017
1082596,2e11c706,srh,2017,2017
1082596,890946a0,srh,2017,2017
1082596,c18496e1,srh,2017,2017
1082596,2e81a32d,srh,2017,2017
1082596,96fd40ae,srh,2017,2017
1082596,5f547c8b,srh,2017,2017
1082597,bb345e0b,kkr,2017,2017
1082597,45eda7c8,kkr,2017,2017
1082597,1c17e270,kkr,2017,2017
1082597,93b4fc78,kkr,2017,2017
1082597,3c6ffae8,kkr,2017,2017
1082597,271f83cd,kkr,2017,2017
1082597,4c5d73db,kkr,2017,2017
1082597,9d430b40,kkr,2017,2017
1082597,8d2c70ad,kkr,2017,2017
1082597,db31895a,kkr,2017,2017
1082597,a818c1be,kkr,2017,2017
1082597,b5da6c24,mi,2017,2017
1082597,99b75528,mi,2017,2017
1082597,fb2d1dda,mi,2017,2017
1082597,740742ef,mi,2017,2017
1082597,5b8c830e,mi,2017,2017
1082597,a757b0d8,mi,2017,2017
1082597,dbe50b21,mi,2017,2017
1082597,8b5b6769,mi,2017,2017
1082597,51a3c5ef,mi,2017,2017
1082597,a12e1d51,mi,2017,2017
1082597,462411b3,mi,2017,2017
1082598,c03e2850,pbks,2017,2017
1082598,e798611a,pbks,2017,2017
1082598,2e171977,pbks,2017,2017
1082598,b681e71e,pbks,2017,2017
1082598,fe11caa6,pbks,2017,2017
1082598,d67d5f00,pbks,2017,2017
1082598,d9273ee7,pbks,2017,2017
1082598,759ac88f,pbks,2017,2017
1082598,ce820073,pbks,2017,2017
1082598,0a3d54b9,pbks,2017,2017
1082598,ce794613,pbks,2017,2017
1082598,4329fbb5,rcb,2017,2017
1082598,0494fa6e,rcb,2017,2017
1082598,c4487b84,rcb,2017,2017
1082598,99d63244,rcb,2017,2017
1082598,c3a96caf,rcb,2017,2017
1082598,bd17b45f,rcb,2017,2017
1082598,f62772e5,rcb,2017,2017
1082598,85aae393,rcb,2017,2017
1082598,245c97cb,rcb,2017,2017
1082598,6834d1f2,rcb,2017,2017
1082598,57ee1fde,rcb,2017,2017
1082599,855a210c,dc,2017,2017
1082599,c16d4035,dc,2017,2017
1082599,a4cc73aa,dc,2017,2017
1082599,919a3be2,dc,2017,2017
1082599,8abdf100,dc,2017,2017
1082599,fb66ce1f,dc,2017,2017
1082599,944533a5,dc,2017,2017
1082599,ded9240e,dc,2017,2017
1082599,6b19d823,dc,2017,2017
1082599,91a4a398,dc,2017,2017
1082599,9d80c5e1,dc,2017,2017
1082599,29e95537,rps,2017,2017
1082599,00ea847a,rps,2017,2017
1082599,3355b542,rps,2017,2017
1082599,77255a9e,rps,2017,2017
1082599,e087956b,rps,2017,2017
1082599,4a8a2e3b,rps,2017,2017
1082599,33a364a6,rps,2017,2017
1082599,23eeb873,rps,2017,2017
1082599,14f96089,rps,2017,2017
1082599,66b30f71,rps,2017,2017
1082599,acee4cc4,rps,2017,2017
1082600,b5da6c24,mi,2017,2017
1082600,99b75528,mi,2017,2017
1082600,740742ef,mi,2017,2017
1082600,fb2d1dda,mi,2017,2017
1082600,a757b0d8,mi,2017,2017
1082600,5b8c830e,mi,2017,2017
1082600,dbe50b21,mi,2017,2017
1082600,8b5b6769,mi,2017,2017
1082600,51a3c5ef,mi,2017,2017
1082600,a12e1d51,mi,2017,2017
1082600,462411b3,mi,2017,2017
1082600,0a476045,srh,2017,2017
1082600,dcce6f09,srh,2017,2017
1082600,73ad96ed,srh,2017,2017
1082600,1c914163,srh,2017,2017
1082600,2e11c706,srh,2017,2017
1082600,890946a0,srh,2017,2017
1082600,0994d0ae,srh,2017,2017
1082600,5f547c8b,srh,2017,2017
1082600,2e81a32d,srh,2017,2017
1082600,96fd40ae,srh,2017,2017
1082600,0a8fce53,srh,2017,2017
1082601,e798611a,pbks,2017,2017
1082601,c03e2850,pbks,2017,2017
1082601,d9273ee7,pbks,2017,2017
1082601,b681e71e,pbks,2017,2017
1082601,d67d5f00,pbks,2017,2017
1082601,fe11caa6,pbks,2017,2017
1082601,2e171977,pbks,2017,2017
1082601,759ac88f,pbks,2017,2017
1082601,0a3d54b9,pbks,2017,2017
1082601,ce820073,pbks,2017,2017
1082601,5bb1a1c4,pbks,2017,2017
1082601,9d430b40,kkr,2017,2017
1082601,bb345e0b,kkr,2017,2017
1082601,1c17e270,kkr,2017,2017
1082601,93b4fc78,kkr,2017,2017
1082601,3c6ffae8,kkr,2017,2017
1082601,271f83cd,kkr,2017,2017
1082601,4c5d73db,kkr,2017,2017
1082601,94d7f855,kkr,2017,2017
1082601,98ae73b1,kkr,2017,2017
1082601,cc1e8c68,kkr,2017,2017
1082601,a818c1be,kkr,2017,2017
1082602,b5da6c24,mi,2017,2017
1082602,99b75528,mi,2017,2017
1082602,740742ef,mi,2017,2017
1082602,51a3c5ef,mi,2017,2017
1082602,fb2d1dda,mi,2017,2017
1082602,a757b0d8,mi,2017,2017
1082602,5b8c830e,mi,2017,2017
1082602,dbe50b21,mi,2017,2017
1082602,8b5b6769,mi,2017,2017
1082602,462411b3,mi,2017,2017
1082602,13c35c9e,mi,2017,2017
1082602,db584dad,rcb,2017,2017
1082602,ba607b88,rcb,2017,2017
1082602,c4487b84,rcb,2017,2017
1082602,99d63244,rcb,2017,2017
1082602,f62772e5,rcb,2017,2017
1082602,c3a96caf,rcb,2017,2017
1082602,bd17b45f,rcb,2017,2017
1082602,245c97cb,rcb,2017,2017
1082602,957532de,rcb,2017,2017
1082602,57ee1fde,rcb,2017,2017
1082602,76388dc8,rcb,2017,2017
1082603,35205dfc,gl,2017,2017
1082603,b8a55852,gl,2017,2017
1082603,1dc12ab9,gl,2017,2017
1082603,c03f1114,gl,2017,2017
1082603,b8d490fd,gl,2017,2017
1082603,752f7486,gl,2017,2017
1082603,fe93fd9d,gl,2017,2017
1082603,e938e1bc,gl,2017,2017
1082603,871e9faf,gl,2017,2017
1082603,7c7d63a2,gl,2017,2017
1082603,c8179c68,gl,2017,2017
1082603,29e95537,rps,2017,2017
1082603,77255a9e,rps,2017,2017
1082603,30a45b23,rps,2017,2017
1082603,e087956b,rps,2017,2017
1082603,26e5cabf,rps,2017,2017
1082603,4a8a2e3b,rps,2017,2017
1082603,24d94623,rps,2017,2017
1082603,1abb78f8,rps,2017,2017
1082603,2f9d0389,rps,2017,2017
1082603,2ed569a0,rps,2017,2017
1082603,acee4cc4,rps,2017,2017
1082604,9d430b40,kkr,2017,2017
1082604,bb345e0b,kkr,2017,2017
1082604,1c17e270,kkr,2017,2017
1082604,93b4fc78,kkr,2017,2017
1082604,3c6ffae8,kkr,2017,2017
1082604,271f83cd,kkr,2017,2017
1082604,94d7f855,kkr,2017,2017
1082604,4c5d73db,kkr,2017,2017
1082604,8d2c70ad,kkr,2017,2017
1082604,cc1e8c68,kkr,2017,2017
1082604,a818c1be,kkr,2017,2017
1082604,dcce6f09,srh,2017,2017
1082604,0a476045,srh,2017,2017
1082604,32198ae0,srh,2017,2017
1082604,1c914163,srh,2017,2017
1082604,73ad96ed,srh,2017,2017
1082604,2e11c706,srh,2017,2017
1082604,890946a0,srh,2017,2017
1082604,c18496e1,srh,2017,2017
1082604,2e81a32d,srh,2017,2017
1082604,5f547c8b,srh,2017,2017
1082604,96fd40ae,srh,2017,2017
1082605,a4cc73aa,dc,2017,2017
1082605,c16d4035,dc,2017,2017
1082605,944533a5,dc,2017,2017
1082605,85ec8e33,dc,2017,2017
1082605,919a3be2,dc,2017,2017
1082605,8abdf100,dc,2017,2017
1082605,fb66ce1f,dc,2017,2017
1082605,ded9240e,dc,2017,2017
1082605,6b19d823,dc,2017,2017
1082605,91a4a398,dc,2017,2017
1082605,9d80c5e1,dc,2017,2017
1082605,c03e2850,pbks,2017,2017
1082605,e798611a,pbks,2017,2017
1082605,fe11caa6,pbks,2017,2017
1082605,d2a6c0e6,pbks,2017,2017
1082605,d67d5f00,pbks,2017,2017
1082605,b681e71e,pbks,2017,2017
1082605,2e171977,pbks,2017,2017
1082605,759ac88f,pbks,2017,2017
1082605,edb3d4f8,pbks,2017,2017
1082605,ce820073,pbks,2017,2017
1082605,0a3d54b9,pbks,2017,2017
1082606,35205dfc,gl,2017,2017
1082606,b8a55852,gl,2017,2017
1082606,1dc12ab9,gl,2017,2017
1082606,752f7486,gl,2017,2017
1082606,c03f1114,gl,2017,2017
1082606,d1c36f5c,gl,2017,2017
1082606,fe93fd9d,gl,2017,2017
1082606,e938e1bc,gl,2017,2017
1082606,871e9faf,gl,2017,2017
1082606,7c7d63a2,gl,2017,2017
1082606,f0f628c7,gl,2017,2017
1082606,b5da6c24,mi,2017,2017
1082606,99b75528,mi,2017,2017
1082606,fb2d1dda,mi,2017,2017
1082606,740742ef,mi,2017,2017
1082606,a757b0d8,mi,2017,2017
1082606,dbe50b21,mi,2017,2017
1082606,5b8c830e,mi,2017,2017
1082606,8b5b6769,mi,2017,2017
1082606,51a3c5ef,mi,2017,2017
1082606,a12e1d51,mi,2017,2017
1082606,462411b3,mi,2017,2017
1082607,29e95537,rps,2017,2017
1082607,77255a9e,rps,2017,2017
1082607,30a45b23,rps,2017,2017
1082607,4a8a2e3b,rps,2017,2017
1082607,e087956b,rps,2017,2017
1082607,2a2e6343,rps,2017,2017
1082607,26e5cabf,rps,2017,2017
1082607,1abb78f8,rps,2017,2017
1082607,1e66c162,rps,2017,2017
1082607,2ed569a0,rps,2017,2017
1082607,acee4cc4,rps,2017,2017
1082607,ba607b88,rcb,2017,2017
1082607,c3a96caf,rcb,2017,2017
1082607,c4487b84,rcb,2017,2017
1082607,99d63244,rcb,2017,2017
1082607,4329fbb5,rcb,2017,2017
1082607,bd17b45f,rcb,2017,2017
1082607,f62772e5,rcb,2017,2017
1082607,350bb1b1,rcb,2017,2017
1082607,76388dc8,rcb,2017,2017
1082607,957532de,rcb,2017,2017
1082607,57ee1fde,rcb,2017,2017
1082608,a4cc73aa,dc,2017,2017
1082608,c16d4035,dc,2017,2017
1082608,944533a5,dc,2017,2017
1082608,85ec8e33,dc,2017,2017
1082608,919a3be2,dc,2017,2017
1082608,896d78ad,dc,2017,2017
1082608,fb66ce1f,dc,2017,2017
1082608,ded9240e,dc,2017,2017
1082608,8cf9814c,dc,2017,2017
1082608,6b19d823,dc,2017,2017
1082608,91a4a398,dc,2017,2017
1082608,bb345e0b,kkr,2017,2017
1082608,94d7f855,kkr,2017,2017
1082608,1c17e270,kkr,2017,2017
1082608,93b4fc78,kkr,2017,2017
1082608,3c6ffae8,kkr,2017,2017
1082608,271f83cd,kkr,2017,2017
1082608,4c5d73db,kkr,2017,2017
1082608,9d430b40,kkr,2017,2017
1082608,56ab442f,kkr,2017,2017
1082608,8d2c70ad,kkr,2017,2017
1082608,cc1e8c68,kkr,2017,2017
1082609,e798611a,pbks,2017,2017
1082609,c03e2850,pbks,2017,2017
1082609,b681e71e,pbks,2017,2017
1082609,d2a6c0e6,pbks,2017,2017
1082609,d67d5f00,pbks,2017,2017
1082609,fe11caa6,pbks,2017,2017
1082609,2e171977,pbks,2017,2017
1082609,759ac88f,pbks,2017,2017
1082609,edb3d4f8,pbks,2017,2017
1082609,5bb1a1c4,pbks,2017,2017
1082609,ce820073,pbks,2017,2017
1082609,dcce6f09,srh,2017,2017
1082609,0a476045,srh,2017,2017
1082609,32198ae0,srh,2017,2017
1082609,1c914163,srh,2017,2017
1082609,890946a0,srh,2017,2017
1082609,73ad96ed,srh,2017,2017
1082609,62af8546,srh,2017,2017
1082609,5f547c8b,srh,2017,2017
1082609,2e81a32d,srh,2017,2017
1082609,d8b2f218,srh,2017,2017
1082609,dcf81436,srh,2017,2017
1082610,35205dfc,gl,2017,2017
1082610,b8a55852,gl,2017,2017
1082610,1dc12ab9,gl,2017,2017
1082610,b8d490fd,gl,2017,2017
1082610,c03f1114,gl,2017,2017
1082610,fe93fd9d,gl,2017,2017
1082610,752f7486,gl,2017,2017
1082610,7c7d63a2,gl,2017,2017
1082610,871e9faf,gl,2017,2017
1082610,d2a989fc,gl,2017,2017
1082610,1da489ff,gl,2017,2017
1082610,db584dad,rcb,2017,2017
1082610,ba607b88,rcb,2017,2017
1082610,12b610c2,rcb,2017,2017
1082610,99d63244,rcb,2017,2017
1082610,4329fbb5,rcb,2017,2017
1082610,c3a96caf,rcb,2017,2017
1082610,bd17b45f,rcb,2017,2017
1082610,f62772e5,rcb,2017,2017
1082610,350bb1b1,rcb,2017,2017
1082610,957532de,rcb,2017,2017
1082610,57ee1fde,rcb,2017,2017
1082611,a4cc73aa,dc,2017,2017
1082611,c16d4035,dc,2017,2017
1082611,944533a5,dc,2017,2017
1082611,919a3be2,dc,2017,2017
1082611,85ec8e33,dc,2017,2017
1082611,896d78ad,dc,2017,2017
1082611,fb66ce1f,dc,2017,2017
1082611,81049310,dc,2017,2017
1082611,ded9240e,dc,2017,2017
1082611,6b19d823,dc,2017,2017
1082611,91a4a398,dc,2017,2017
1082611,dcce6f09,srh,2017,2017
1082611,0a476045,srh,2017,2017
1082611,d027ba9f,srh,2017,2017
1082611,1c914163,srh,2017,2017
1082611,32198ae0,srh,2017,2017
1082611,73ad96ed,srh,2017,2017
1082611,890946a0,srh,2017,2017
1082611,2e81a32d,srh,2017,2017
1082611,5f547c8b,srh,2017,2017
1082611,2f49c897,srh,2017,2017
1082611,dcf81436,srh,2017,2017
1082612,e798611a,pbks,2017,2017
1082612,508a1ea7,pbks,2017,2017
1082612,fe11caa6,pbks,2017,2017
1082612,b681e71e,pbks,2017,2017
1082612,d9273ee7,pbks,2017,2017
1082612,2e171977,pbks,2017,2017
1082612,6eb146d2,pbks,2017,2017
1082612,983f2f61,pbks,2017,2017
1082612,759ac88f,pbks,2017,2017
1082612,ce820073,pbks,2017,2017
1082612,5bb1a1c4,pbks,2017,2017
1082612,b5da6c24,mi,2017,2017
1082612,99b75528,mi,2017,2017
1082612,fb2d1dda,mi,2017,2017
1082612,dbe50b21,mi,2017,2017
1082612,740742ef,mi,2017,2017
1082612,a757b0d8,mi,2017,2017
1082612,5b8c830e,mi,2017,2017
1082612,8b5b6769,mi,2017,2017
1082612,51a3c5ef,mi,2017,2017
1082612,a12e1d51,mi,2017,2017
1082612,462411b3,mi,2017,2017
1082613,b8d490fd,gl,2017,2017
1082613,b8a55852,gl,2017,2017
1082613,1dc12ab9,gl,2017,2017
1082613,c03f1114,gl,2017,2017
1082613,752f7486,gl,2017,2017
1082613,35205dfc,gl,2017,2017
1082613,fe93fd9d,gl,2017,2017
1082613,808f425a,gl,2017,2017
1082613,e938e1bc,gl,2017,2017
1082613,871e9faf,gl,2017,2017
1082613,d2a989fc,gl,2017,2017
1082613,9d430b40,kkr,2017,2017
1082613,bb345e0b,kkr,2017,2017
1082613,1c17e270,kkr,2017,2017
1082613,93b4fc78,kkr,2017,2017
1082613,3c6ffae8,kkr,2017,2017
1082613,271f83cd,kkr,2017,2017
1082613,7dc35884,kkr,2017,2017
1082613,4c5d73db,kkr,2017,2017
1082613,56ab442f,kkr,2017,2017
1082613,8d2c70ad,kkr,2017,2017
1082613,cc1e8c68,kkr,2017,2017
1082614,a4cc73aa,dc,2017,2017
1082614,855a210c,dc,2017,2017
1082614,944533a5,dc,2017,2017
1082614,85ec8e33,dc,2017,2017
1082614,8abdf100,dc,2017,2017
1082614,919a3be2,dc,2017,2017
1082614,e62dd25d,dc,2017,2017
1082614,fb66ce1f,dc,2017,2017
1082614,ded9240e,dc,2017,2017
1082614,6b19d823,dc,2017,2017
1082614,91a4a398,dc,2017,2017
1082614,b5da6c24,mi,2017,2017
1082614,99b75528,mi,2017,2017
1082614,fb2d1dda,mi,2017,2017
1082614,740742ef,mi,2017,2017
1082614,a757b0d8,mi,2017,2017
1082614,5b8c830e,mi,2017,2017
1082614,dbe50b21,mi,2017,2017
1082614,8b5b6769,mi,2017,2017
1082614,51a3c5ef,mi,2017,2017
1082614,f5180fe6,mi,2017,2017
1082614,462411b3,mi,2017,2017
1082615,29e95537,rps,2017,2017
1082615,77255a9e,rps,2017,2017
1082615,30a45b23,rps,2017,2017
1082615,4a8a2e3b,rps,2017,2017
1082615,e087956b,rps,2017,2017
1082615,26e5cabf,rps,2017,2017
1082615,2a2e6343,rps,2017,2017
1082615,f19ccfad,rps,2017,2017
1082615,1abb78f8,rps,2017,2017
1082615,1e66c162,rps,2017,2017
1082615,acee4cc4,rps,2017,2017
1082615,dcce6f09,srh,2017,2017
1082615,0a476045,srh,2017,2017
1082615,d027ba9f,srh,2017,2017
1082615,32198ae0,srh,2017,2017
1082615,73ad96ed,srh,2017,2017
1082615,890946a0,srh,2017,2017
1082615,c18496e1,srh,2017,2017
1082615,2e81a32d,srh,2017,2017
1082615,5f547c8b,srh,2017,2017
1082615,2f49c897,srh,2017,2017
1082615,dcf81436,srh,2017,2017
1082616,b8a55852,gl,2017,2017
1082616,b8d490fd,gl,2017,2017
1082616,1dc12ab9,gl,2017,2017
1082616,c03f1114,gl,2017,2017
1082616,fe93fd9d,gl,2017,2017
1082616,35205dfc,gl,2017,2017
1082616,f10e94c4,gl,2017,2017
1082616,7c7d63a2,gl,2017,2017
1082616,871e9faf,gl,2017,2017
1082616,b51f72a5,gl,2017,2017
1082616,b822e99c,gl,2017,2017
1082616,c03e2850,pbks,2017,2017
1082616,e798611a,pbks,2017,2017
1082616,508a1ea7,pbks,2017,2017
1082616,b681e71e,pbks,2017,2017
1082616,d9273ee7,pbks,2017,2017
1082616,2e171977,pbks,2017,2017
1082616,fe11caa6,pbks,2017,2017
1082616,759ac88f,pbks,2017,2017
1082616,edb3d4f8,pbks,2017,2017
1082616,ce794613,pbks,2017,2017
1082616,ce820073,pbks,2017,2017
1082617,9d430b40,kkr,2017,2017
1082617,bb345e0b,kkr,2017,2017
1082617,1c17e270,kkr,2017,2017
1082617,93b4fc78,kkr,2017,2017
1082617,3c6ffae8,kkr,2017,2017
1082617,271f83cd,kkr,2017,2017
1082617,94d7f855,kkr,2017,2017
1082617,4c5d73db,kkr,2017,2017
1082617,56ab442f,kkr,2017,2017
1082617,cc1e8c68,kkr,2017,2017
1082617,8d2c70ad,kkr,2017,2017
1082617,db584dad,rcb,2017,2017
1082617,ba607b88,rcb,2017,2017
1082617,c3a96caf,rcb,2017,2017
1082617,c4487b84,rcb,2017,2017
1082617,99d63244,rcb,2017,2017
1082617,bd17b45f,rcb,2017,2017
1082617,f62772e5,rcb,2017,2017
1082617,76388dc8,rcb,2017,2017
1082617,245c97cb,rcb,2017,2017
1082617,957532de,rcb,2017,2017
1082617,57ee1fde,rcb,2017,2017
1082618,b5da6c24,mi,2017,2017
1082618,99b75528,mi,2017,2017
1082618,fb2d1dda,mi,2017,2017
1082618,740742ef,mi,2017,2017
1082618,119678fd,mi,2017,2017
1082618,a757b0d8,mi,2017,2017
1082618,dbe50b21,mi,2017,2017
1082618,8b5b6769,mi,2017,2017
1082618,51a3c5ef,mi,2017,2017
1082618,f5180fe6,mi,2017,2017
1082618,462411b3,mi,2017,2017
1082618,29e95537,rps,2017,2017
1082618,77255a9e,rps,2017,2017
1082618,30a45b23,rps,2017,2017
1082618,4a8a2e3b,rps,2017,2017
1082618,e087956b,rps,2017,2017
1082618,26e5cabf,rps,2017,2017
1082618,2a2e6343,rps,2017,2017
1082618,f19ccfad,rps,2017,2017
1082618,1abb78f8,rps,2017,2017
1082618,1e66c162,rps,2017,2017
1082618,acee4cc4,rps,2017,2017
1082620,9d430b40,kkr,2017,2017
1082620,bb345e0b,kkr,2017,2017
1082620,1c17e270,kkr,2017,2017
1082620,14b14cd8,kkr,2017,2017
1082620,93b4fc78,kkr,2017,2017
1082620,3c6ffae8,kkr,2017,2017
1082620,94d7f855,kkr,2017,2017
1082620,4c5d73db,kkr,2017,2017
1082620,98ae73b1,kkr,2017,2017
1082620,8d2c70ad,kkr,2017,2017
1082620,cc1e8c68,kkr,2017,2017
1082620,29e95537,rps,2017,2017
1082620,77255a9e,rps,2017,2017
1082620,30a45b23,rps,2017,2017
1082620,4a8a2e3b,rps,2017,2017
1082620,26e5cabf,rps,2017,2017
1082620,2a2e6343,rps,2017,2017
1082620,3355b542,rps,2017,2017
1082620,f19ccfad,rps,2017,2017
1082620,1abb78f8,rps,2017,2017
1082620,1e66c162,rps,2017,2017
1082620,acee4cc4,rps,2017,2017
1082621,752f7486,gl,2017,2017
1082621,b8a55852,gl,2017,2017
1082621,1dc12ab9,gl,2017,2017
1082621,b8d490fd,gl,2017,2017
1082621,fe93fd9d,gl,2017,2017
1082621,c03f1114,gl,2017,2017
1082621,808f425a,gl,2017,2017
1082621,7c7d63a2,gl,2017,2017
1082621,871e9faf,gl,2017,2017
1082621,b822e99c,gl,2017,2017
1082621,f18ba07f,gl,2017,2017
1082621,db584dad,rcb,2017,2017
1082621,ba607b88,rcb,2017,2017
1082621,c4487b84,rcb,2017,2017
1082621,12b610c2,rcb,2017,2017
1082621,99d63244,rcb,2017,2017
1082621,c3a96caf,rcb,2017,2017
1082621,f62772e5,rcb,2017,2017
1082621,76388dc8,rcb,2017,2017
1082621,957532de,rcb,2017,2017
1082621,18e6906e,rcb,2017,2017
1082621,57ee1fde,rcb,2017,2017
1082622,a4cc73aa,dc,2017,2017
1082622,944533a5,dc,2017,2017
1082622,85ec8e33,dc,2017,2017
1082622,919a3be2,dc,2017,2017
1082622,fb66ce1f,dc,2017,2017
1082622,8abdf100,dc,2017,2017
1082622,afe3355a,dc,2017,2017
1082622,ded9240e,dc,2017,2017
1082622,e62dd25d,dc,2017,2017
1082622,6b19d823,dc,2017,2017
1082622,91a4a398,dc,2017,2017
1082622,9d430b40,kkr,2017,2017
1082622,bb345e0b,kkr,2017,2017
1082622,1c17e270,kkr,2017,2017
1082622,93b4fc78,kkr,2017,2017
1082622,acc1aeda,kkr,2017,2017
1082622,3c6ffae8,kkr,2017,2017
1082622,94d7f855,kkr,2017,2017
1082622,4c5d73db,kkr,2017,2017
1082622,56ab442f,kkr,2017,2017
1082622,cc1e8c68,kkr,2017,2017
1082622,8d2c70ad,kkr,2017,2017
1082623,2be41edb,pbks,2017,2017
1082623,c03e2850,pbks,2017,2017
1082623,508a1ea7,pbks,2017,2017
1082623,b681e71e,pbks,2017,2017
1082623,d2a6c0e6,pbks,2017,2017
1082623,fe11caa6,pbks,2017,2017
1082623,2e171977,pbks,2017,2017
1082623,69be866a,pbks,2017,2017
1082623,759ac88f,pbks,2017,2017
1082623,5bb1a1c4,pbks,2017,2017
1082623,edb3d4f8,pbks,2017,2017
1082623,dcce6f09,srh,2017,2017
1082623,0a476045,srh,2017,2017
1082623,d027ba9f,srh,2017,2017
1082623,1c914163,srh,2017,2017
1082623,32198ae0,srh,2017,2017
1082623,73ad96ed,srh,2017,2017
1082623,890946a0,srh,2017,2017
1082623,2e81a32d,srh,2017,2017
1082623,96fd40ae,srh,2017,2017
1082623,dcf81436,srh,2017,2017
1082623,5f547c8b,srh,2017,2017
1082624,29e95537,rps,2017,2017
1082624,77255a9e,rps,2017,2017
1082624,30a45b23,rps,2017,2017
1082624,26e5cabf,rps,2017,2017
1082624,4a8a2e3b,rps,2017,2017
1082624,2a2e6343,rps,2017,2017
1082624,f19ccfad,rps,2017,2017
1082624,2f9d0389,rps,2017,2017
1082624,1e66c162,rps,2017,2017
1082624,23eeb873,rps,2017,2017
1082624,acee4cc4,rps,2017,2017
1082624,12b610c2,rcb,2017,2017
1082624,ba607b88,rcb,2017,2017
1082624,c4487b84,rcb,2017,2017
1082624,99d63244,rcb,2017,2017
1082624,dc9dd038,rcb,2017,2017
1082624,bd17b45f,rcb,2017,2017
1082624,f62772e5,rcb,2017,2017
1082624,350bb1b1,rcb,2017,2017
1082624,76388dc8,rcb,2017,2017
1082624,957532de,rcb,2017,2017
1082624,57ee1fde,rcb,2017,2017
1082625,752f7486,gl,2017,2017
1082625,b8a55852,gl,2017,2017
1082625,1dc12ab9,gl,2017,2017
1082625,b8d490fd,gl,2017,2017
1082625,c03f1114,gl,2017,2017
1082625,fe93fd9d,gl,2017,2017
1082625,808f425a,gl,2017,2017
1082625,5fa06777,gl,2017,2017
1082625,7c7d63a2,gl,2017,2017
1082625,871e9faf,gl,2017,2017
1082625,f18ba07f,gl,2017,2017
1082625,b5da6c24,mi,2017,2017
1082625,99b75528,mi,2017,2017
1082625,fb2d1dda,mi,2017,2017
1082625,740742ef,mi,2017,2017
1082625,a757b0d8,mi,2017,2017
1082625,5b8c830e,mi,2017,2017
1082625,dbe50b21,mi,2017,2017
1082625,8b5b6769,mi,2017,2017
1082625,51a3c5ef,mi,2017,2017
1082625,462411b3,mi,2017,2017
1082625,a12e1d51,mi,2017,2017
1082626,a4cc73aa,dc,2017,2017
1082626,c16d4035,dc,2017,2017
1082626,944533a5,dc,2017,2017
1082626,85ec8e33,dc,2017,2017
1082626,919a3be2,dc,2017,2017
1082626,8abdf100,dc,2017,2017
1082626,fb66ce1f,dc,2017,2017
1082626,e62dd25d,dc,2017,2017
1082626,6b19d823,dc,2017,2017
1082626,8cf9814c,dc,2017,2017
1082626,9d80c5e1,dc,2017,2017
1082626,2be41edb,pbks,2017,2017
1082626,e798611a,pbks,2017,2017
1082626,c03e2850,pbks,2017,2017
1082626,508a1ea7,pbks,2017,2017
1082626,b681e71e,pbks,2017,2017
1082626,fe11caa6,pbks,2017,2017
1082626,2e171977,pbks,2017,2017
1082626,759ac88f,pbks,2017,2017
1082626,0a3d54b9,pbks,2017,2017
1082626,ce820073,pbks,2017,2017
1082626,ce794613,pbks,2017,2017
1082627,9d430b40,kkr,2017,2017
1082627,bb345e0b,kkr,2017,2017
1082627,1c17e270,kkr,2017,2017
1082627,93b4fc78,kkr,2017,2017
1082627,3c6ffae8,kkr,2017,2017
1082627,acc1aeda,kkr,2017,2017
1082627,94d7f855,kkr,2017,2017
1082627,4c5d73db,kkr,2017,2017
1082627,56ab442f,kkr,2017,2017
1082627,cc1e8c68,kkr,2017,2017
1082627,8d2c70ad,kkr,2017,2017
1082627,dcce6f09,srh,2017,2017
1082627,0a476045,srh,2017,2017
1082627,d027ba9f,srh,2017,2017
1082627,1c914163,srh,2017,2017
1082627,32198ae0,srh,2017,2017
1082627,890946a0,srh,2017,2017
1082627,c18496e1,srh,2017,2017
1082627,2e81a32d,srh,2017,2017
1082627,5f547c8b,srh,2017,2017
1082627,dcf81436,srh,2017,2017
1082627,2f49c897,srh,2017,2017
1082628,b5da6c24,mi,2017,2017
1082628,99b75528,mi,2017,2017
1082628,fb2d1dda,mi,2017,2017
1082628,740742ef,mi,2017,2017
1082628,a757b0d8,mi,2017,2017
1082628,5b8c830e,mi,2017,2017
1082628,119678fd,mi,2017,2017
1082628,dbe50b21,mi,2017,2017
1082628,51a3c5ef,mi,2017,2017
1082628,a12e1d51,mi,2017,2017
1082628,462411b3,mi,2017,2017
1082628,ba607b88,rcb,2017,2017
1082628,c3a96caf,rcb,2017,2017
1082628,12b610c2,rcb,2017,2017
1082628,c4487b84,rcb,2017,2017
1082628,99d63244,rcb,2017,2017
1082628,4329fbb5,rcb,2017,2017
1082628,f62772e5,rcb,2017,2017
1082628,350bb1b1,rcb,2017,2017
1082628,957532de,rcb,2017,2017
1082628,18e6906e,rcb,2017,2017
1082628,57ee1fde,rcb,2017,2017
1082629,752f7486,gl,2017,2017
1082629,b8a55852,gl,2017,2017
1082629,1dc12ab9,gl,2017,2017
1082629,b8d490fd,gl,2017,2017
1082629,35205dfc,gl,2017,2017
1082629,c03f1114,gl,2017,2017
1082629,fe93fd9d,gl,2017,2017
1082629,808f425a,gl,2017,2017
1082629,9fc0ef64,gl,2017,2017
1082629,871e9faf,gl,2017,2017
1082629,f18ba07f,gl,2017,2017
1082629,29e95537,rps,2017,2017
1082629,77255a9e,rps,2017,2017
1082629,30a45b23,rps,2017,2017
1082629,26e5cabf,rps,2017,2017
1082629,e087956b,rps,2017,2017
1082629,4a8a2e3b,rps,2017,2017
1082629,2a2e6343,rps,2017,2017
1082629,f19ccfad,rps,2017,2017
1082629,1e66c162,rps,2017,2017
1082629,1abb78f8,rps,2017,2017
1082629,acee4cc4,rps,2017,2017
1082630,a4cc73aa,dc,2017,2017
1082630,944533a5,dc,2017,2017
1082630,919a3be2,dc,2017,2017
1082630,85ec8e33,dc,2017,2017
1082630,8abdf100,dc,2017,2017
1082630,fb66ce1f,dc,2017,2017
1082630,896d78ad,dc,2017,2017
1082630,81049310,dc,2017,2017
1082630,e62dd25d,dc,2017,2017
1082630,6b19d823,dc,2017,2017
1082630,8cf9814c,dc,2017,2017
1082630,dcce6f09,srh,2017,2017
1082630,0a476045,srh,2017,2017
1082630,d027ba9f,srh,2017,2017
1082630,1c914163,srh,2017,2017
1082630,32198ae0,srh,2017,2017
1082630,73ad96ed,srh,2017,2017
1082630,890946a0,srh,2017,2017
1082630,2e81a32d,srh,2017,2017
1082630,5f547c8b,srh,2017,2017
1082630,dcf81436,srh,2017,2017
1082630,2f49c897,srh,2017,2017
1082631,9d430b40,kkr,2017,2017
1082631,bb345e0b,kkr,2017,2017
1082631,acc1aeda,kkr,2017,2017
1082631,93b4fc78,kkr,2017,2017
1082631,3c6ffae8,kkr,2017,2017
1082631,94d7f855,kkr,2017,2017
1082631,271f83cd,kkr,2017,2017
1082631,4c5d73db,kkr,2017,2017
1082631,56ab442f,kkr,2017,2017
1082631,cc1e8c68,kkr,2017,2017
1082631,8d2c70ad,kkr,2017,2017
1082631,29e95537,rps,2017,2017
1082631,77255a9e,rps,2017,2017
1082631,30a45b23,rps,2017,2017
1082631,26e5cabf,rps,2017,2017
1082631,e087956b,rps,2017,2017
1082631,4a8a2e3b,rps,2017,2017
1082631,2a2e6343,rps,2017,2017
1082631,f19ccfad,rps,2017,2017
1082631,1abb78f8,rps,2017,2017
1082631,1e66c162,rps,2017,2017
1082631,acee4cc4,rps,2017,2017
1082632,a4cc73aa,dc,2017,2017
1082632,944533a5,dc,2017,2017
1082632,919a3be2,dc,2017,2017
1082632,85ec8e33,dc,2017,2017
1082632,8abdf100,dc,2017,2017
1082632,f846de6a,dc,2017,2017
1082632,ded9240e,dc,2017,2017
1082632,e62dd25d,dc,2017,2017
1082632,9d80c5e1,dc,2017,2017
1082632,6b19d823,dc,2017,2017
1082632,8cf9814c,dc,2017,2017
1082632,35205dfc,gl,2017,2017
1082632,b8a55852,gl,2017,2017
1082632,1dc12ab9,gl,2017,2017
1082632,c03f1114,gl,2017,2017
1082632,b8d490fd,gl,2017,2017
1082632,752f7486,gl,2017,2017
1082632,fe93fd9d,gl,2017,2017
1082632,808f425a,gl,2017,2017
1082632,9fc0ef64,gl,2017,2017
1082632,871e9faf,gl,2017,2017
1082632,f18ba07f,gl,2017,2017
1082633,e798611a,pbks,2017,2017
1082633,2be41edb,pbks,2017,2017
1082633,508a1ea7,pbks,2017,2017
1082633,c03e2850,pbks,2017,2017
1082633,fe11caa6,pbks,2017,2017
1082633,b681e71e,pbks,2017,2017
1082633,2e171977,pbks,2017,2017
1082633,759ac88f,pbks,2017,2017
1082633,0a3d54b9,pbks,2017,2017
1082633,ce820073,pbks,2017,2017
1082633,ce794613,pbks,2017,2017
1082633,c3a96caf,rcb,2017,2017
1082633,db584dad,rcb,2017,2017
1082633,ba607b88,rcb,2017,2017
1082633,c4487b84,rcb,2017,2017
1082633,99d63244,rcb,2017,2017
1082633,4329fbb5,rcb,2017,2017
1082633,f62772e5,rcb,2017,2017
1082633,957532de,rcb,2017,2017
1082633,76388dc8,rcb,2017,2017
1082633,18e6906e,rcb,2017,2017
1082633,57ee1fde,rcb,2017,2017
1082634,29e95537,rps,2017,2017
1082634,77255a9e,rps,2017,2017
1082634,30a45b23,rps,2017,2017
1082634,e087956b,rps,2017,2017
1082634,4a8a2e3b,rps,2017,2017
1082634,2a2e6343,rps,2017,2017
1082634,26e5cabf,rps,2017,2017
1082634,f19ccfad,rps,2017,2017
1082634,1abb78f8,rps,2017,2017
1082634,1e66c162,rps,2017,2017
1082634,acee4cc4,rps,2017,2017
1082634,dcce6f09,srh,2017,2017
1082634,0a476045,srh,2017,2017
1082634,d027ba9f,srh,2017,2017
1082634,1c914163,srh,2017,2017
1082634,32198ae0,srh,2017,2017
1082634,890946a0,srh,2017,2017
1082634,c18496e1,srh,2017,2017
1082634,5f547c8b,srh,2017,2017
1082634,2e81a32d,srh,2017,2017
1082634,dcf81436,srh,2017,2017
1082634,96fd40ae,srh,2017,2017
1082635,a4cc73aa,dc,2017,2017
1082635,944533a5,dc,2017,2017
1082635,85ec8e33,dc,2017,2017
1082635,919a3be2,dc,2017,2017
1082635,8abdf100,dc,2017,2017
1082635,f846de6a,dc,2017,2017
1082635,ded9240e,dc,2017,2017
1082635,e62dd25d,dc,2017,2017
1082635,6b19d823,dc,2017,2017
1082635,8cf9814c,dc,2017,2017
1082635,91a4a398,dc,2017,2017
1082635,89f64c19,mi,2017,2017
1082635,b5da6c24,mi,2017,2017
1082635,a757b0d8,mi,2017,2017
1082635,740742ef,mi,2017,2017
1082635,dbe50b21,mi,2017,2017
1082635,fb2d1dda,mi,2017,2017
1082635,119678fd,mi,2017,2017
1082635,8b5b6769,mi,2017,2017
1082635,51a3c5ef,mi,2017,2017
1082635,a12e1d51,mi,2017,2017
1082635,462411b3,mi,2017,2017
1082636,45eda7c8,kkr,2017,2017
1082636,9d430b40,kkr,2017,2017
1082636,94d7f855,kkr,2017,2017
1082636,bb345e0b,kkr,2017,2017
1082636,93b4fc78,kkr,2017,2017
1082636,3c6ffae8,kkr,2017,2017
1082636,acc1aeda,kkr,2017,2017
1082636,4c5d73db,kkr,2017,2017
1082636,cc1e8c68,kkr,2017,2017
1082636,98ae73b1,kkr,2017,2017
1082636,db31895a,kkr,2017,2017
1082636,db584dad,rcb,2017,2017
1082636,c3a96caf,rcb,2017,2017
1082636,ba607b88,rcb,2017,2017
1082636,c4487b84,rcb,2017,2017
1082636,12b610c2,rcb,2017,2017
1082636,99d63244,rcb,2017,2017
1082636,f62772e5,rcb,2017,2017
1082636,957532de,rcb,2017,2017
1082636,76388dc8,rcb,2017,2017
1082636,18e6906e,rcb,2017,2017
1082636,57ee1fde,rcb,2017,2017
1082637,35205dfc,gl,2017,2017
1082637,752f7486,gl,2017,2017
1082637,1dc12ab9,gl,2017,2017
1082637,c03f1114,gl,2017,2017
1082637,b8d490fd,gl,2017,2017
1082637,fe93fd9d,gl,2017,2017
1082637,808f425a,gl,2017,2017
1082637,d2a989fc,gl,2017,2017
1082637,9fc0ef64,gl,2017,2017
1082637,871e9faf,gl,2017,2017
1082637,f18ba07f,gl,2017,2017
1082637,2be41edb,pbks,2017,2017
1082637,e798611a,pbks,2017,2017
1082637,508a1ea7,pbks,2017,2017
1082637,b681e71e,pbks,2017,2017
1082637,2e171977,pbks,2017,2017
1082637,fe11caa6,pbks,2017,2017
1082637,6eb146d2,pbks,2017,2017
1082637,759ac88f,pbks,2017,2017
1082637,ce820073,pbks,2017,2017
1082637,0a3d54b9,pbks,2017,2017
1082637,ce794613,pbks,2017,2017
1082638,89f64c19,mi,2017,2017
1082638,b5da6c24,mi,2017,2017
1082638,fb2d1dda,mi,2017,2017
1082638,740742ef,mi,2017,2017
1082638,dbe50b21,mi,2017,2017
1082638,a757b0d8,mi,2017,2017
1082638,119678fd,mi,2017,2017
1082638,8b5b6769,mi,2017,2017
1082638,51a3c5ef,mi,2017,2017
1082638,462411b3,mi,2017,2017
1082638,a12e1d51,mi,2017,2017
1082638,dcce6f09,srh,2017,2017
1082638,0a476045,srh,2017,2017
1082638,32198ae0,srh,2017,2017
1082638,1c914163,srh,2017,2017
1082638,0994d0ae,srh,2017,2017
1082638,62af8546,srh,2017,2017
1082638,890946a0,srh,2017,2017
1082638,2e81a32d,srh,2017,2017
1082638,5f547c8b,srh,2017,2017
1082638,dcf81436,srh,2017,2017
1082638,2f49c897,srh,2017,2017
1082639,2be41edb,pbks,2017,2017
1082639,c03e2850,pbks,2017,2017
1082639,508a1ea7,pbks,2017,2017
1082639,fe11caa6,pbks,2017,2017
1082639,b681e71e,pbks,2017,2017
1082639,2e171977,pbks,2017,2017
1082639,983f2f61,pbks,2017,2017
1082639,39a2dfa8,pbks,2017,2017
1082639,e84ac20c,pbks,2017,2017
1082639,759ac88f,pbks,2017,2017
1082639,ce820073,pbks,2017,2017
1082639,9d430b40,kkr,2017,2017
1082639,45eda7c8,kkr,2017,2017
1082639,bb345e0b,kkr,2017,2017
1082639,1c17e270,kkr,2017,2017
1082639,93b4fc78,kkr,2017,2017
1082639,94d7f855,kkr,2017,2017
1082639,3c6ffae8,kkr,2017,2017
1082639,4c5d73db,kkr,2017,2017
1082639,cc1e8c68,kkr,2017,2017
1082639,8d2c70ad,kkr,2017,2017
1082639,db31895a,kkr,2017,2017
1082640,a4cc73aa,dc,2017,2017
1082640,944533a5,dc,2017,2017
1082640,919a3be2,dc,2017,2017
1082640,85ec8e33,dc,2017,2017
1082640,f846de6a,dc,2017,2017
1082640,8abdf100,dc,2017,2017
1082640,e342e5fb,dc,2017,2017
1082640,ded9240e,dc,2017,2017
1082640,8cf9814c,dc,2017,2017
1082640,6b19d823,dc,2017,2017
1082640,91a4a398,dc,2017,2017
1082640,35205dfc,gl,2017,2017
1082640,752f7486,gl,2017,2017
1082640,1dc12ab9,gl,2017,2017
1082640,c03f1114,gl,2017,2017
1082640,b8d490fd,gl,2017,2017
1082640,fe93fd9d,gl,2017,2017
1082640,808f425a,gl,2017,2017
1082640,d2a989fc,gl,2017,2017
1082640,9fc0ef64,gl,2017,2017
1082640,871e9faf,gl,2017,2017
1082640,f18ba07f,gl,2017,2017
1082641,2be41edb,pbks,2017,2017
1082641,fe11caa6,pbks,2017,2017
1082641,b681e71e,pbks,2017,2017
1082641,508a1ea7,pbks,2017,2017
1082641,2e171977,pbks,2017,2017
1082641,c03e2850,pbks,2017,2017
1082641,39a2dfa8,pbks,2017,2017
1082641,759ac88f,pbks,2017,2017
1082641,ce820073,pbks,2017,2017
1082641,5bb1a1c4,pbks,2017,2017
1082641,e84ac20c,pbks,2017,2017
1082641,89f64c19,mi,2017,2017
1082641,b5da6c24,mi,2017,2017
1082641,fb2d1dda,mi,2017,2017
1082641,740742ef,mi,2017,2017
1082641,a757b0d8,mi,2017,2017
1082641,dbe50b21,mi,2017,2017
1082641,119678fd,mi,2017,2017
1082641,8b5b6769,mi,2017,2017
1082641,51a3c5ef,mi,2017,2017
1082641,462411b3,mi,2017,2017
1082641,a12e1d51,mi,2017,2017
1082642,a4cc73aa,dc,2017,2017
1082642,944533a5,dc,2017,2017
1082642,85ec8e33,dc,2017,2017
1082642,919a3be2,dc,2017,2017
1082642,f846de6a,dc,2017,2017
1082642,8abdf100,dc,2017,2017
1082642,ded9240e,dc,2017,2017
1082642,6b19d823,dc,2017,2017
1082642,8cf9814c,dc,2017,2017
1082642,9d80c5e1,dc,2017,2017
1082642,91a4a398,dc,2017,2017
1082642,29e95537,rps,2017,2017
1082642,77255a9e,rps,2017,2017
1082642,30a45b23,rps,2017,2017
1082642,26e5cabf,rps,2017,2017
1082642,e087956b,rps,2017,2017
1082642,4a8a2e3b,rps,2017,2017
1082642,2a2e6343,rps,2017,2017
1082642,f19ccfad,rps,2017,2017
1082642,1abb78f8,rps,2017,2017
1082642,1e66c162,rps,2017,2017
1082642,14f96089,rps,2017,2017
1082643,35205dfc,gl,2017,2017
1082643,752f7486,gl,2017,2017
1082643,1dc12ab9,gl,2017,2017
1082643,c03f1114,gl,2017,2017
1082643,b8d490fd,gl,2017,2017
1082643,fe93fd9d,gl,2017,2017
1082643,808f425a,gl,2017,2017
1082643,9fc0ef64,gl,2017,2017
1082643,f18ba07f,gl,2017,2017
1082643,e938e1bc,gl,2017,2017
1082643,f0f628c7,gl,2017,2017
1082643,dcce6f09,srh,2017,2017
1082643,0a476045,srh,2017,2017
1082643,32198ae0,srh,2017,2017
1082643,0994d0ae,srh,2017,2017
1082643,73ad96ed,srh,2017,2017
1082643,62af8546,srh,2017,2017
1082643,890946a0,srh,2017,2017
1082643,2e81a32d,srh,2017,2017
1082643,5f547c8b,srh,2017,2017
1082643,dcf81436,srh,2017,2017
1082643,2f49c897,srh,2017,2017
1082644,9d430b40,kkr,2017,2017
1082644,45eda7c8,kkr,2017,2017
1082644,bb345e0b,kkr,2017,2017
1082644,1c17e270,kkr,2017,2017
1082644,93b4fc78,kkr,2017,2017
1082644,3c6ffae8,kkr,2017,2017
1082644,94d7f855,kkr,2017,2017
1082644,8d2c70ad,kkr,2017,2017
1082644,cc1e8c68,kkr,2017,2017
1082644,a818c1be,kkr,2017,2017
1082644,db31895a,kkr,2017,2017
1082644,709b0bac,mi,2017,2017
1082644,89f64c19,mi,2017,2017
1082644,740742ef,mi,2017,2017
1082644,70d205c9,mi,2017,2017
1082644,a757b0d8,mi,2017,2017
1082644,dbe50b21,mi,2017,2017
1082644,5b8c830e,mi,2017,2017
1082644,119678fd,mi,2017,2017
1082644,f5180fe6,mi,2017,2017
1082644,41eb4a4f,mi,2017,2017
1082644,13c35c9e,mi,2017,2017
1082645,2be41edb,pbks,2017,2017
1082645,fe11caa6,pbks,2017,2017
1082645,508a1ea7,pbks,2017,2017
1082645,d2a6c0e6,pbks,2017,2017
1082645,39a2dfa8,pbks,2017,2017
1082645,b681e71e,pbks,2017,2017
1082645,2e171977,pbks,2017,2017
1082645,983f2f61,pbks,2017,2017
1082645,759ac88f,pbks,2017,2017
1082645,5bb1a1c4,pbks,2017,2017
1082645,ce820073,pbks,2017,2017
1082645,29e95537,rps,2017,2017
1082645,77255a9e,rps,2017,2017
1082645,30a45b23,rps,2017,2017
1082645,e087956b,rps,2017,2017
1082645,26e5cabf,rps,2017,2017
1082645,4a8a2e3b,rps,2017,2017
1082645,2a2e6343,rps,2017,2017
1082645,f19ccfad,rps,2017,2017
1082645,1abb78f8,rps,2017,2017
1082645,1e66c162,rps,2017,2017
1082645,14f96089,rps,2017,2017
1082646,a4cc73aa,dc,2017,2017
1082646,944533a5,dc,2017,2017
1082646,85ec8e33,dc,2017,2017
1082646,919a3be2,dc,2017,2017
1082646,f846de6a,dc,2017,2017
1082646,8abdf100,dc,2017,2017
1082646,ded9240e,dc,2017,2017
1082646,6b19d823,dc,2017,2017
1082646,8cf9814c,dc,2017,2017
1082646,9d80c5e1,dc,2017,2017
1082646,91a4a398,dc,2017,2017
1082646,db584dad,rcb,2017,2017
1082646,0494fa6e,rcb,2017,2017
1082646,ba607b88,rcb,2017,2017
1082646,12b610c2,rcb,2017,2017
1082646,99d63244,rcb,2017,2017
1082646,dc9dd038,rcb,2017,2017
1082646,4329fbb5,rcb,2017,2017
1082646,f62772e5,rcb,2017,2017
1082646,f986ca1a,rcb,2017,2017
1082646,eef2536f,rcb,2017,2017
1082646,57ee1fde,rcb,2017,2017
1082647,89f64c19,mi,2017,2017
1082647,b5da6c24,mi,2017,2017
1082647,740742ef,mi,2017,2017
1082647,70d205c9,mi,2017,2017
1082647,a757b0d8,mi,2017,2017
1082647,dbe50b21,mi,2017,2017
1082647,5b8c830e,mi,2017,2017
1082647,51a3c5ef,mi,2017,2017
1082647,119678fd,mi,2017,2017
1082647,462411b3,mi,2017,2017
1082647,a12e1d51,mi,2017,2017
1082647,29e95537,rps,2017,2017
1082647,77255a9e,rps,2017,2017
1082647,30a45b23,rps,2017,2017
1082647,26e5cabf,rps,2017,2017
1082647,4a8a2e3b,rps,2017,2017
1082647,2a2e6343,rps,2017,2017
1082647,f19ccfad,rps,2017,2017
1082647,2f9d0389,rps,2017,2017
1082647,14f96089,rps,2017,2017
1082647,1abb78f8,rps,2017,2017
1082647,1e66c162,rps,2017,2017
1082648,1c17e270,kkr,2017,2017
1082648,45eda7c8,kkr,2017,2017
1082648,3c6ffae8,kkr,2017,2017
1082648,bb345e0b,kkr,2017,2017
1082648,dded65e7,kkr,2017,2017
1082648,271f83cd,kkr,2017,2017
1082648,9d430b40,kkr,2017,2017
1082648,98ae73b1,kkr,2017,2017
1082648,cc1e8c68,kkr,2017,2017
1082648,56ab442f,kkr,2017,2017
1082648,a818c1be,kkr,2017,2017
1082648,dcce6f09,srh,2017,2017
1082648,0a476045,srh,2017,2017
1082648,d027ba9f,srh,2017,2017
1082648,1c914163,srh,2017,2017
1082648,0994d0ae,srh,2017,2017
1082648,890946a0,srh,2017,2017
1082648,ffe699c0,srh,2017,2017
1082648,c18496e1,srh,2017,2017
1082648,2e81a32d,srh,2017,2017
1082648,5f547c8b,srh,2017,2017
1082648,dcf81436,srh,2017,2017
1082649,45eda7c8,kkr,2017,2017
1082649,9d430b40,kkr,2017,2017
1082649,bb345e0b,kkr,2017,2017
1082649,1c17e270,kkr,2017,2017
1082649,dded65e7,kkr,2017,2017
1082649,94d7f855,kkr,2017,2017
1082649,271f83cd,kkr,2017,2017
1082649,98ae73b1,kkr,2017,2017
1082649,56ab442f,kkr,2017,2017
1082649,cc1e8c68,kkr,2017,2017
1082649,db31895a,kkr,2017,2017
1082649,89f64c19,mi,2017,2017
1082649,b5da6c24,mi,2017,2017
1082649,70d205c9,mi,2017,2017
1082649,740742ef,mi,2017,2017
1082649,5b8c830e,mi,2017,2017
1082649,a757b0d8,mi,2017,2017
1082649,dbe50b21,mi,2017,2017
1082649,f5180fe6,mi,2017,2017
1082649,119678fd,mi,2017,2017
1082649,462411b3,mi,2017,2017
1082649,a12e1d51,mi,2017,2017
1082650,89f64c19,mi,2017,2017
1082650,b5da6c24,mi,2017,2017
1082650,70d205c9,mi,2017,2017
1082650,740742ef,mi,2017,2017
1082650,5b8c830e,mi,2017,2017
1082650,a757b0d8,mi,2017,2017
1082650,dbe50b21,mi,2017,2017
1082650,119678fd,mi,2017,2017
1082650,f5180fe6,mi,2017,2017
1082650,462411b3,mi,2017,2017
1082650,a12e1d51,mi,2017,2017
1082650,29e95537,rps,2017,2017
1082650,77255a9e,rps,2017,2017
1082650,30a45b23,rps,2017,2017
1082650,4a8a2e3b,rps,2017,2017
1082650,26e5cabf,rps,2017,2017
1082650,2a2e6343,rps,2017,2017
1082650,f19ccfad,rps,2017,2017
1082650,2f9d0389,rps,2017,2017
1082650,14f96089,rps,2017,2017
1082650,1abb78f8,rps,2017,2017
1082650,1e66c162,rps,2017,2017
1136561,740742ef,mi,2018,2018
1136561,0ebfb1ad,mi,2018,2018
1136561,752f7486,mi,2018,2018
1136561,271f83cd,mi,2018,2018
1136561,dbe50b21,mi,2018,2018
1136561,5b8c830e,mi,2018,2018
1136561,a757b0d8,mi,2018,2018
1136561,462411b3,mi,2018,2018
1136561,51a3c5ef,mi,2018,2018
1136561,0a8fce53,mi,2018,2018
1136561,a9fd84fb,mi,2018,2018
1136561,4329fbb5,csk,2018,2018
1136561,70d205c9,csk,2018,2018
1136561,1dc12ab9,csk,2018,2018
1136561,99d63244,csk,2018,2018
1136561,4a8a2e3b,csk,2018,2018
1136561,fe93fd9d,csk,2018,2018
1136561,87e562a9,csk,2018,2018
1136561,23eeb873,csk,2018,2018
1136561,8b5b6769,csk,2018,2018
1136561,8d92a2c3,csk,2018,2018
1136561,acee4cc4,csk,2018,2018
1136562,af2c687b,dc,2018,2018
1136562,bb345e0b,dc,2018,2018
1136562,85ec8e33,dc,2018,2018
1136562,0994d0ae,dc,2018,2018
1136562,919a3be2,dc,2018,2018
1136562,39a2dfa8,dc,2018,2018
1136562,fb66ce1f,dc,2018,2018
1136562,2a2e6343,dc,2018,2018
1136562,6b19d823,dc,2018,2018
1136562,a818c1be,dc,2018,2018
1136562,8cf9814c,dc,2018,2018
1136562,b17e2f24,pbks,2018,2018
1136562,00ea847a,pbks,2018,2018
1136562,1c914163,pbks,2018,2018
1136562,944533a5,pbks,2018,2018
1136562,d67d5f00,pbks,2018,2018
1136562,d9273ee7,pbks,2018,2018
1136562,2e171977,pbks,2018,2018
1136562,495d42a5,pbks,2018,2018
1136562,7c7d63a2,pbks,2018,2018
1136562,759ac88f,pbks,2018,2018
1136562,7d92277a,pbks,2018,2018
1136563,b8a55852,rcb,2018,2018
1136563,372455c4,rcb,2018,2018
1136563,ba607b88,rcb,2018,2018
1136563,c4487b84,rcb,2018,2018
1136563,f088b960,rcb,2018,2018
1136563,c3a96caf,rcb,2018,2018
1136563,4c5d73db,rcb,2018,2018
1136563,f19ccfad,rcb,2018,2018
1136563,cc1e8c68,rcb,2018,2018
1136563,fa2f1dde,rcb,2018,2018
1136563,57ee1fde,rcb,2018,2018
1136563,9d430b40,kkr,2018,2018
1136563,45eda7c8,kkr,2018,2018
1136563,1c17e270,kkr,2018,2018
1136563,fb2d1dda,kkr,2018,2018
1136563,c03f1114,kkr,2018,2018
1136563,0a509d6b,kkr,2018,2018
1136563,bbd41817,kkr,2018,2018
1136563,41eb4a4f,kkr,2018,2018
1136563,98ae73b1,kkr,2018,2018
1136563,f5180fe6,kkr,2018,2018
1136563,8d2c70ad,kkr,2018,2018
1136564,29e95537,rr,2018,2018
1136564,1a156c88,rr,2018,2018
1136564,a4cc73aa,rr,2018,2018
1136564,e087956b,rr,2018,2018
1136564,77255a9e,rr,2018,2018
1136564,99b75528,rr,2018,2018
1136564,90de905a,rr,2018,2018
1136564,7a8bd078,rr,2018,2018
1136564,d2a989fc,rr,2018,2018
1136564,1e66c162,rr,2018,2018
1136564,b2a79f17,rr,2018,2018
1136564,fe11caa6,srh,2018,2018
1136564,0a476045,srh,2018,2018
1136564,d027ba9f,srh,2018,2018
1136564,93b4fc78,srh,2018,2018
1136564,73ad96ed,srh,2018,2018
1136564,3c6ffae8,srh,2018,2018
1136564,7dc35884,srh,2018,2018
1136564,5f547c8b,srh,2018,2018
1136564,2e81a32d,srh,2018,2018
1136564,6834d1f2,srh,2018,2018
1136564,dcf81436,srh,2018,2018
1136565,45eda7c8,kkr,2018,2018
1136565,9d430b40,kkr,2018,2018
1136565,1c17e270,kkr,2018,2018
1136565,fb2d1dda,kkr,2018,2018
1136565,c03f1114,kkr,2018,2018
1136565,0a509d6b,kkr,2018,2018
1136565,bbd41817,kkr,2018,2018
1136565,e86754b2,kkr,2018,2018
1136565,41eb4a4f,kkr,2018,2018
1136565,8d2c70ad,kkr,2018,2018
1136565,98ae73b1,kkr,2018,2018
1136565,4329fbb5,csk,2018,2018
1136565,70d205c9,csk,2018,2018
1136565,1dc12ab9,csk,2018,2018
1136565,4a8a2e3b,csk,2018,2018
1136565,c16d4035,csk,2018,2018
1136565,fe93fd9d,csk,2018,2018
1136565,87e562a9,csk,2018,2018
1136565,23eeb873,csk,2018,2018
1136565,8b5b6769,csk,2018,2018
1136565,1abb78f8,csk,2018,2018
1136565,acee4cc4,csk,2018,2018
1136566,29e95537,rr,2018,2018
1136566,1a156c88,rr,2018,2018
1136566,e087956b,rr,2018,2018
1136566,a4cc73aa,rr,2018,2018
1136566,99b75528,rr,2018,2018
1136566,77255a9e,rr,2018,2018
1136566,90de905a,rr,2018,2018
1136566,7a8bd078,rr,2018,2018
1136566,d2a989fc,rr,2018,2018
1136566,1e66c162,rr,2018,2018
1136566,b2a79f17,rr,2018,2018
1136566,b681e71e,dc,2018,2018
1136566,af2c687b,dc,2018,2018
1136566,919a3be2,dc,2018,2018
1136566,fb66ce1f,dc,2018,2018
1136566,0994d0ae,dc,2018,2018
1136566,85ec8e33,dc,2018,2018
1136566,bb345e0b,dc,2018,2018
1136566,39a2dfa8,dc,2018,2018
1136566,9d80c5e1,dc,2018,2018
1136566,a818c1be,dc,2018,2018
1136566,8cf9814c,dc,2018,2018
1136567,740742ef,mi,2018,2018
1136567,0ebfb1ad,mi,2018,2018
1136567,752f7486,mi,2018,2018
1136567,271f83cd,mi,2018,2018
1136567,5b8c830e,mi,2018,2018
1136567,a757b0d8,mi,2018,2018
1136567,2e11c706,mi,2018,2018
1136567,9fc0ef64,mi,2018,2018
1136567,a9fd84fb,mi,2018,2018
1136567,462411b3,mi,2018,2018
1136567,0a8fce53,mi,2018,2018
1136567,fe11caa6,srh,2018,2018
1136567,0a476045,srh,2018,2018
1136567,d027ba9f,srh,2018,2018
1136567,93b4fc78,srh,2018,2018
1136567,7dc35884,srh,2018,2018
1136567,73ad96ed,srh,2018,2018
1136567,3c6ffae8,srh,2018,2018
1136567,5f547c8b,srh,2018,2018
1136567,dcf81436,srh,2018,2018
1136567,ce820073,srh,2018,2018
1136567,6834d1f2,srh,2018,2018
1136568,b17e2f24,pbks,2018,2018
1136568,00ea847a,pbks,2018,2018
1136568,b8d490fd,pbks,2018,2018
1136568,1c914163,pbks,2018,2018
1136568,944533a5,pbks,2018,2018
1136568,d9273ee7,pbks,2018,2018
1136568,2e171977,pbks,2018,2018
1136568,495d42a5,pbks,2018,2018
1136568,7c7d63a2,pbks,2018,2018
1136568,759ac88f,pbks,2018,2018
1136568,7d92277a,pbks,2018,2018
1136568,372455c4,rcb,2018,2018
1136568,b8a55852,rcb,2018,2018
1136568,ba607b88,rcb,2018,2018
1136568,c4487b84,rcb,2018,2018
1136568,f088b960,rcb,2018,2018
1136568,c3a96caf,rcb,2018,2018
1136568,4c5d73db,rcb,2018,2018
1136568,f19ccfad,rcb,2018,2018
1136568,cc1e8c68,rcb,2018,2018
1136568,fa2f1dde,rcb,2018,2018
1136568,57ee1fde,rcb,2018,2018
1136569,271f83cd,mi,2018,2018
1136569,0ebfb1ad,mi,2018,2018
1136569,752f7486,mi,2018,2018
1136569,740742ef,mi,2018,2018
1136569,a757b0d8,mi,2018,2018
1136569,5b8c830e,mi,2018,2018
1136569,dbe50b21,mi,2018,2018
1136569,5b16a806,mi,2018,2018
1136569,a9fd84fb,mi,2018,2018
1136569,462411b3,mi,2018,2018
1136569,0a8fce53,mi,2018,2018
1136569,d1c36f5c,dc,2018,2018
1136569,bb345e0b,dc,2018,2018
1136569,919a3be2,dc,2018,2018
1136569,b681e71e,dc,2018,2018
1136569,85ec8e33,dc,2018,2018
1136569,0994d0ae,dc,2018,2018
1136569,2a2e6343,dc,2018,2018
1136569,39a2dfa8,dc,2018,2018
1136569,9d80c5e1,dc,2018,2018
1136569,8cf9814c,dc,2018,2018
1136569,a818c1be,dc,2018,2018
1136570,1c17e270,kkr,2018,2018
1136570,45eda7c8,kkr,2018,2018
1136570,fb2d1dda,kkr,2018,2018
1136570,9d430b40,kkr,2018,2018
1136570,c03f1114,kkr,2018,2018
1136570,bbd41817,kkr,2018,2018
1136570,b4b99816,kkr,2018,2018
1136570,c38d3503,kkr,2018,2018
1136570,f5180fe6,kkr,2018,2018
1136570,98ae73b1,kkr,2018,2018
1136570,8d2c70ad,kkr,2018,2018
1136570,fe11caa6,srh,2018,2018
1136570,0a476045,srh,2018,2018
1136570,d027ba9f,srh,2018,2018
1136570,93b4fc78,srh,2018,2018
1136570,7dc35884,srh,2018,2018
1136570,73ad96ed,srh,2018,2018
1136570,3c6ffae8,srh,2018,2018
1136570,2e81a32d,srh,2018,2018
1136570,5f547c8b,srh,2018,2018
1136570,dcf81436,srh,2018,2018
1136570,6834d1f2,srh,2018,2018
1136571,29e95537,rr,2018,2018
1136571,1a156c88,rr,2018,2018
1136571,a4cc73aa,rr,2018,2018
1136571,e087956b,rr,2018,2018
1136571,99b75528,rr,2018,2018
1136571,77255a9e,rr,2018,2018
1136571,90de905a,rr,2018,2018
1136571,7a8bd078,rr,2018,2018
1136571,d2a989fc,rr,2018,2018
1136571,1e66c162,rr,2018,2018
1136571,b2a79f17,rr,2018,2018
1136571,b8a55852,rcb,2018,2018
1136571,372455c4,rcb,2018,2018
1136571,ba607b88,rcb,2018,2018
1136571,c4487b84,rcb,2018,2018
1136571,c3a96caf,rcb,2018,2018
1136571,f62772e5,rcb,2018,2018
1136571,f19ccfad,rcb,2018,2018
1136571,4c5d73db,rcb,2018,2018
1136571,cc1e8c68,rcb,2018,2018
1136571,fa2f1dde,rcb,2018,2018
1136571,57ee1fde,rcb,2018,2018
1136572,b17e2f24,pbks,2018,2018
1136572,db584dad,pbks,2018,2018
1136572,00ea847a,pbks,2018,2018
1136572,1c914163,pbks,2018,2018
1136572,b8d490fd,pbks,2018,2018
1136572,944533a5,pbks,2018,2018
1136572,495d42a5,pbks,2018,2018
1136572,7c7d63a2,pbks,2018,2018
1136572,d8b2f218,pbks,2018,2018
1136572,759ac88f,pbks,2018,2018
1136572,7d92277a,pbks,2018,2018
1136572,4329fbb5,csk,2018,2018
1136572,4b57e452,csk,2018,2018
1136572,70d205c9,csk,2018,2018
1136572,c16d4035,csk,2018,2018
1136572,4a8a2e3b,csk,2018,2018
1136572,fe93fd9d,csk,2018,2018
1136572,87e562a9,csk,2018,2018
1136572,23eeb873,csk,2018,2018
1136572,8b5b6769,csk,2018,2018
1136572,1abb78f8,csk,2018,2018
1136572,acee4cc4,csk,2018,2018
1136573,45eda7c8,kkr,2018,2018
1136573,9d430b40,kkr,2018,2018
1136573,1c17e270,kkr,2018,2018
1136573,fb2d1dda,kkr,2018,2018
1136573,c03f1114,kkr,2018,2018
1136573,bbd41817,kkr,2018,2018
1136573,b4b99816,kkr,2018,2018
1136573,e86754b2,kkr,2018,2018
1136573,98ae73b1,kkr,2018,2018
1136573,c38d3503,kkr,2018,2018
1136573,8d2c70ad,kkr,2018,2018
1136573,bb345e0b,dc,2018,2018
1136573,d1c36f5c,dc,2018,2018
1136573,85ec8e33,dc,2018,2018
1136573,919a3be2,dc,2018,2018
1136573,b681e71e,dc,2018,2018
1136573,39a2dfa8,dc,2018,2018
1136573,0994d0ae,dc,2018,2018
1136573,fb66ce1f,dc,2018,2018
1136573,8cf9814c,dc,2018,2018
1136573,9d80c5e1,dc,2018,2018
1136573,a818c1be,dc,2018,2018
1136574,271f83cd,mi,2018,2018
1136574,0ebfb1ad,mi,2018,2018
1136574,752f7486,mi,2018,2018
1136574,740742ef,mi,2018,2018
1136574,5b8c830e,mi,2018,2018
1136574,a757b0d8,mi,2018,2018
1136574,dbe50b21,mi,2018,2018
1136574,51a3c5ef,mi,2018,2018
1136574,a9fd84fb,mi,2018,2018
1136574,462411b3,mi,2018,2018
1136574,0a8fce53,mi,2018,2018
1136574,ba607b88,rcb,2018,2018
1136574,372455c4,rcb,2018,2018
1136574,c4487b84,rcb,2018,2018
1136574,c3a96caf,rcb,2018,2018
1136574,8abdf100,rcb,2018,2018
1136574,f19ccfad,rcb,2018,2018
1136574,f088b960,rcb,2018,2018
1136574,4c5d73db,rcb,2018,2018
1136574,cc1e8c68,rcb,2018,2018
1136574,2f49c897,rcb,2018,2018
1136574,57ee1fde,rcb,2018,2018
1136575,29e95537,rr,2018,2018
1136575,1a156c88,rr,2018,2018
1136575,a4cc73aa,rr,2018,2018
1136575,77255a9e,rr,2018,2018
1136575,e087956b,rr,2018,2018
1136575,99b75528,rr,2018,2018
1136575,90de905a,rr,2018,2018
1136575,7a8bd078,rr,2018,2018
1136575,d2a989fc,rr,2018,2018
1136575,1e66c162,rr,2018,2018
1136575,b2a79f17,rr,2018,2018
1136575,9d430b40,kkr,2018,2018
1136575,45eda7c8,kkr,2018,2018
1136575,1c17e270,kkr,2018,2018
1136575,fb2d1dda,kkr,2018,2018
1136575,c03f1114,kkr,2018,2018
1136575,bbd41817,kkr,2018,2018
1136575,b4b99816,kkr,2018,2018
1136575,e86754b2,kkr,2018,2018
1136575,98ae73b1,kkr,2018,2018
1136575,c38d3503,kkr,2018,2018
1136575,8d2c70ad,kkr,2018,2018
1136576,b17e2f24,pbks,2018,2018
1136576,db584dad,pbks,2018,2018
1136576,00ea847a,pbks,2018,2018
1136576,944533a5,pbks,2018,2018
1136576,b8d490fd,pbks,2018,2018
1136576,1c914163,pbks,2018,2018
1136576,495d42a5,pbks,2018,2018
1136576,7c7d63a2,pbks,2018,2018
1136576,d8b2f218,pbks,2018,2018
1136576,759ac88f,pbks,2018,2018
1136576,7d92277a,pbks,2018,2018
1136576,fe11caa6,srh,2018,2018
1136576,0a476045,srh,2018,2018
1136576,d027ba9f,srh,2018,2018
1136576,3c6ffae8,srh,2018,2018
1136576,93b4fc78,srh,2018,2018
1136576,73ad96ed,srh,2018,2018
1136576,7dc35884,srh,2018,2018
1136576,ffe699c0,srh,2018,2018
1136576,2e81a32d,srh,2018,2018
1136576,5f547c8b,srh,2018,2018
1136576,dcf81436,srh,2018,2018
1136577,4329fbb5,csk,2018,2018
1136577,70d205c9,csk,2018,2018
1136577,1dc12ab9,csk,2018,2018
1136577,4a8a2e3b,csk,2018,2018
1136577,c16d4035,csk,2018,2018
1136577,87e562a9,csk,2018,2018
1136577,fe93fd9d,csk,2018,2018
1136577,23eeb873,csk,2018,2018
1136577,119678fd,csk,2018,2018
1136577,1abb78f8,csk,2018,2018
1136577,acee4cc4,csk,2018,2018
1136577,29e95537,rr,2018,2018
1136577,235c2bb6,rr,2018,2018
1136577,a4cc73aa,rr,2018,2018
1136577,e087956b,rr,2018,2018
1136577,99b75528,rr,2018,2018
1136577,77255a9e,rr,2018,2018
1136577,bd17b45f,rr,2018,2018
1136577,90de905a,rr,2018,2018
1136577,7a8bd078,rr,2018,2018
1136577,1e66c162,rr,2018,2018
1136577,b2a79f17,rr,2018,2018
1136578,45eda7c8,kkr,2018,2018
1136578,9d430b40,kkr,2018,2018
1136578,1c17e270,kkr,2018,2018
1136578,fb2d1dda,kkr,2018,2018
1136578,c03f1114,kkr,2018,2018
1136578,bbd41817,kkr,2018,2018
1136578,b4b99816,kkr,2018,2018
1136578,e86754b2,kkr,2018,2018
1136578,98ae73b1,kkr,2018,2018
1136578,c38d3503,kkr,2018,2018
1136578,8d2c70ad,kkr,2018,2018
1136578,b17e2f24,pbks,2018,2018
1136578,db584dad,pbks,2018,2018
1136578,00ea847a,pbks,2018,2018
1136578,944533a5,pbks,2018,2018
1136578,b8d490fd,pbks,2018,2018
1136578,1c914163,pbks,2018,2018
1136578,495d42a5,pbks,2018,2018
1136578,7c7d63a2,pbks,2018,2018
1136578,d8b2f218,pbks,2018,2018
1136578,7d92277a,pbks,2018,2018
1136578,db31895a,pbks,2018,2018
1136579,d1c36f5c,dc,2018,2018
1136579,bb345e0b,dc,2018,2018
1136579,85ec8e33,dc,2018,2018
1136579,919a3be2,dc,2018,2018
1136579,b681e71e,dc,2018,2018
1136579,39a2dfa8,dc,2018,2018
1136579,fb66ce1f,dc,2018,2018
1136579,0994d0ae,dc,2018,2018
1136579,9d80c5e1,dc,2018,2018
1136579,f986ca1a,dc,2018,2018
1136579,a818c1be,dc,2018,2018
1136579,372455c4,rcb,2018,2018
1136579,c03e2850,rcb,2018,2018
1136579,ba607b88,rcb,2018,2018
1136579,c4487b84,rcb,2018,2018
1136579,8abdf100,rcb,2018,2018
1136579,c3a96caf,rcb,2018,2018
1136579,f19ccfad,rcb,2018,2018
1136579,4c5d73db,rcb,2018,2018
1136579,cc1e8c68,rcb,2018,2018
1136579,2f49c897,rcb,2018,2018
1136579,57ee1fde,rcb,2018,2018
1136580,4329fbb5,csk,2018,2018
1136580,3355b542,csk,2018,2018
1136580,1dc12ab9,csk,2018,2018
1136580,70d205c9,csk,2018,2018
1136580,4a8a2e3b,csk,2018,2018
1136580,c16d4035,csk,2018,2018
1136580,87e562a9,csk,2018,2018
1136580,fe93fd9d,csk,2018,2018
1136580,23eeb873,csk,2018,2018
1136580,119678fd,csk,2018,2018
1136580,1abb78f8,csk,2018,2018
1136580,b63e358a,srh,2018,2018
1136580,d027ba9f,srh,2018,2018
1136580,93b4fc78,srh,2018,2018
1136580,73ad96ed,srh,2018,2018
1136580,7dc35884,srh,2018,2018
1136580,3c6ffae8,srh,2018,2018
1136580,fe11caa6,srh,2018,2018
1136580,5f547c8b,srh,2018,2018
1136580,2e81a32d,srh,2018,2018
1136580,6834d1f2,srh,2018,2018
1136580,dcf81436,srh,2018,2018
1136581,271f83cd,mi,2018,2018
1136581,0ebfb1ad,mi,2018,2018
1136581,752f7486,mi,2018,2018
1136581,a757b0d8,mi,2018,2018
1136581,740742ef,mi,2018,2018
1136581,5b8c830e,mi,2018,2018
1136581,dbe50b21,mi,2018,2018
1136581,51a3c5ef,mi,2018,2018
1136581,a9fd84fb,mi,2018,2018
1136581,462411b3,mi,2018,2018
1136581,0a8fce53,mi,2018,2018
1136581,29e95537,rr,2018,2018
1136581,77255a9e,rr,2018,2018
1136581,a4cc73aa,rr,2018,2018
1136581,e087956b,rr,2018,2018
1136581,99b75528,rr,2018,2018
1136581,235c2bb6,rr,2018,2018
1136581,5574750c,rr,2018,2018
1136581,90de905a,rr,2018,2018
1136581,1e66c162,rr,2018,2018
1136581,d2a989fc,rr,2018,2018
1136581,7a8bd078,rr,2018,2018
1136582,b17e2f24,pbks,2018,2018
1136582,b8d490fd,pbks,2018,2018
1136582,00ea847a,pbks,2018,2018
1136582,944533a5,pbks,2018,2018
1136582,1c914163,pbks,2018,2018
1136582,d67d5f00,pbks,2018,2018
1136582,495d42a5,pbks,2018,2018
1136582,7c7d63a2,pbks,2018,2018
1136582,d8b2f218,pbks,2018,2018
1136582,db31895a,pbks,2018,2018
1136582,7d92277a,pbks,2018,2018
1136582,8b3e9c7c,dc,2018,2018
1136582,bb345e0b,dc,2018,2018
1136582,b681e71e,dc,2018,2018
1136582,85ec8e33,dc,2018,2018
1136582,919a3be2,dc,2018,2018
1136582,2a2e6343,dc,2018,2018
1136582,39a2dfa8,dc,2018,2018
1136582,9a963804,dc,2018,2018
1136582,6b19d823,dc,2018,2018
1136582,eef2536f,dc,2018,2018
1136582,a818c1be,dc,2018,2018
1136583,0a476045,srh,2018,2018
1136583,d027ba9f,srh,2018,2018
1136583,fe11caa6,srh,2018,2018
1136583,93b4fc78,srh,2018,2018
1136583,7dc35884,srh,2018,2018
1136583,3c6ffae8,srh,2018,2018
1136583,62af8546,srh,2018,2018
1136583,5f547c8b,srh,2018,2018
1136583,871e9faf,srh,2018,2018
1136583,dcf81436,srh,2018,2018
1136583,ce820073,srh,2018,2018
1136583,271f83cd,mi,2018,2018
1136583,0ebfb1ad,mi,2018,2018
1136583,752f7486,mi,2018,2018
1136583,740742ef,mi,2018,2018
1136583,5b8c830e,mi,2018,2018
1136583,a757b0d8,mi,2018,2018
1136583,dbe50b21,mi,2018,2018
1136583,51a3c5ef,mi,2018,2018
1136583,a9fd84fb,mi,2018,2018
1136583,462411b3,mi,2018,2018
1136583,0a8fce53,mi,2018,2018
1136584,372455c4,rcb,2018,2018
1136584,ba607b88,rcb,2018,2018
1136584,c4487b84,rcb,2018,2018
1136584,8abdf100,rcb,2018,2018
1136584,c3a96caf,rcb,2018,2018
1136584,94d7f855,rcb,2018,2018
1136584,f62772e5,rcb,2018,2018
1136584,f19ccfad,rcb,2018,2018
1136584,cc1e8c68,rcb,2018,2018
1136584,2f49c897,rcb,2018,2018
1136584,57ee1fde,rcb,2018,2018
1136584,4329fbb5,csk,2018,2018
1136584,70d205c9,csk,2018,2018
1136584,1dc12ab9,csk,2018,2018
1136584,c16d4035,csk,2018,2018
1136584,fe93fd9d,csk,2018,2018
1136584,4a8a2e3b,csk,2018,2018
1136584,87e562a9,csk,2018,2018
1136584,8b5b6769,csk,2018,2018
1136584,23eeb873,csk,2018,2018
1136584,1abb78f8,csk,2018,2018
1136584,acee4cc4,csk,2018,2018
1136585,0a476045,srh,2018,2018
1136585,d027ba9f,srh,2018,2018
1136585,fe11caa6,srh,2018,2018
1136585,93b4fc78,srh,2018,2018
1136585,7dc35884,srh,2018,2018
1136585,3c6ffae8,srh,2018,2018
1136585,62af8546,srh,2018,2018
1136585,5f547c8b,srh,2018,2018
1136585,871e9faf,srh,2018,2018
1136585,dcf81436,srh,2018,2018
1136585,ce820073,srh,2018,2018
1136585,b17e2f24,pbks,2018,2018
1136585,db584dad,pbks,2018,2018
1136585,00ea847a,pbks,2018,2018
1136585,944533a5,pbks,2018,2018
1136585,b8d490fd,pbks,2018,2018
1136585,26e5cabf,pbks,2018,2018
1136585,495d42a5,pbks,2018,2018
1136585,7c7d63a2,pbks,2018,2018
1136585,d8b2f218,pbks,2018,2018
1136585,db31895a,pbks,2018,2018
1136585,7d92277a,pbks,2018,2018
1136586,8b3e9c7c,dc,2018,2018
1136586,af2c687b,dc,2018,2018
1136586,85ec8e33,dc,2018,2018
1136586,919a3be2,dc,2018,2018
1136586,b681e71e,dc,2018,2018
1136586,0994d0ae,dc,2018,2018
1136586,39a2dfa8,dc,2018,2018
1136586,9a963804,dc,2018,2018
1136586,6b19d823,dc,2018,2018
1136586,eef2536f,dc,2018,2018
1136586,a818c1be,dc,2018,2018
1136586,45eda7c8,kkr,2018,2018
1136586,9d430b40,kkr,2018,2018
1136586,1c17e270,kkr,2018,2018
1136586,fb2d1dda,kkr,2018,2018
1136586,c03f1114,kkr,2018,2018
1136586,b4b99816,kkr,2018,2018
1136586,bbd41817,kkr,2018,2018
1136586,c38d3503,kkr,2018,2018
1136586,98ae73b1,kkr,2018,2018
1136586,f5180fe6,kkr,2018,2018
1136586,8d2c70ad,kkr,2018,2018
1136587,4329fbb5,csk,2018,2018
1136587,70d205c9,csk,2018,2018
1136587,1dc12ab9,csk,2018,2018
1136587,4a8a2e3b,csk,2018,2018
1136587,87e562a9,csk,2018,2018
1136587,c16d4035,csk,2018,2018
1136587,fe93fd9d,csk,2018,2018
1136587,8b5b6769,csk,2018,2018
1136587,23eeb873,csk,2018,2018
1136587,1abb78f8,csk,2018,2018
1136587,acee4cc4,csk,2018,2018
1136587,271f83cd,mi,2018,2018
1136587,0ebfb1ad,mi,2018,2018
1136587,740742ef,mi,2018,2018
1136587,dbe50b21,mi,2018,2018
1136587,752f7486,mi,2018,2018
1136587,2e8994e7,mi,2018,2018
1136587,5b8c830e,mi,2018,2018
1136587,2e11c706,mi,2018,2018
1136587,51a3c5ef,mi,2018,2018
1136587,a9fd84fb,mi,2018,2018
1136587,462411b3,mi,2018,2018
1136588,92aeac25,srh,2018,2018
1136588,0a476045,srh,2018,2018
1136588,d027ba9f,srh,2018,2018
1136588,93b4fc78,srh,2018,2018
1136588,7dc35884,srh,2018,2018
1136588,3c6ffae8,srh,2018,2018
1136588,fe11caa6,srh,2018,2018
1136588,5f547c8b,srh,2018,2018
1136588,871e9faf,srh,2018,2018
1136588,ce820073,srh,2018,2018
1136588,dcf81436,srh,2018,2018
1136588,29e95537,rr,2018,2018
1136588,77255a9e,rr,2018,2018
1136588,a4cc73aa,rr,2018,2018
1136588,e087956b,rr,2018,2018
1136588,99b75528,rr,2018,2018
1136588,da934ee8,rr,2018,2018
1136588,90de905a,rr,2018,2018
1136588,5574750c,rr,2018,2018
1136588,d2a989fc,rr,2018,2018
1136588,641ac5ff,rr,2018,2018
1136588,1e66c162,rr,2018,2018
1136589,372455c4,rcb,2018,2018
1136589,b8a55852,rcb,2018,2018
1136589,ba607b88,rcb,2018,2018
1136589,c03e2850,rcb,2018,2018
1136589,c3a96caf,rcb,2018,2018
1136589,94d7f855,rcb,2018,2018
1136589,e2db2409,rcb,2018,2018
1136589,13c35c9e,rcb,2018,2018
1136589,cc1e8c68,rcb,2018,2018
1136589,57ee1fde,rcb,2018,2018
1136589,2f49c897,rcb,2018,2018
1136589,45eda7c8,kkr,2018,2018
1136589,9d430b40,kkr,2018,2018
1136589,1c17e270,kkr,2018,2018
1136589,fb2d1dda,kkr,2018,2018
1136589,bbd41817,kkr,2018,2018
1136589,c03f1114,kkr,2018,2018
1136589,b4b99816,kkr,2018,2018
1136589,c38d3503,kkr,2018,2018
1136589,98ae73b1,kkr,2018,2018
1136589,f5180fe6,kkr,2018,2018
1136589,8d2c70ad,kkr,2018,2018
1136590,4329fbb5,csk,2018,2018
1136590,3355b542,csk,2018,2018
1136590,1dc12ab9,csk,2018,2018
1136590,70d205c9,csk,2018,2018
1136590,4a8a2e3b,csk,2018,2018
1136590,fe93fd9d,csk,2018,2018
1136590,87e562a9,csk,2018,2018
1136590,119678fd,csk,2018,2018
1136590,8b5b6769,csk,2018,2018
1136590,798cc28e,csk,2018,2018
1136590,f834dcfc,csk,2018,2018
1136590,8b3e9c7c,dc,2018,2018
1136590,af2c687b,dc,2018,2018
1136590,85ec8e33,dc,2018,2018
1136590,919a3be2,dc,2018,2018
1136590,b681e71e,dc,2018,2018
1136590,0994d0ae,dc,2018,2018
1136590,39a2dfa8,dc,2018,2018
1136590,9a963804,dc,2018,2018
1136590,6b19d823,dc,2018,2018
1136590,eef2536f,dc,2018,2018
1136590,a818c1be,dc,2018,2018
1136591,c03e2850,rcb,2018,2018
1136591,372455c4,rcb,2018,2018
1136591,b8a55852,rcb,2018,2018
1136591,ba607b88,rcb,2018,2018
1136591,c3a96caf,rcb,2018,2018
1136591,94d7f855,rcb,2018,2018
1136591,f19ccfad,rcb,2018,2018
1136591,13c35c9e,rcb,2018,2018
1136591,cc1e8c68,rcb,2018,2018
1136591,57ee1fde,rcb,2018,2018
1136591,2f49c897,rcb,2018,2018
1136591,271f83cd,mi,2018,2018
1136591,752f7486,mi,2018,2018
1136591,2e8994e7,mi,2018,2018
1136591,740742ef,mi,2018,2018
1136591,a757b0d8,mi,2018,2018
1136591,dbe50b21,mi,2018,2018
1136591,5b8c830e,mi,2018,2018
1136591,2e11c706,mi,2018,2018
1136591,51a3c5ef,mi,2018,2018
1136591,a9fd84fb,mi,2018,2018
1136591,462411b3,mi,2018,2018
1136592,8b3e9c7c,dc,2018,2018
1136592,af2c687b,dc,2018,2018
1136592,85ec8e33,dc,2018,2018
1136592,919a3be2,dc,2018,2018
1136592,b681e71e,dc,2018,2018
1136592,0994d0ae,dc,2018,2018
1136592,9a963804,dc,2018,2018
1136592,6b19d823,dc,2018,2018
1136592,9d80c5e1,dc,2018,2018
1136592,eef2536f,dc,2018,2018
1136592,a818c1be,dc,2018,2018
1136592,1a156c88,rr,2018,2018
1136592,99b75528,rr,2018,2018
1136592,a4cc73aa,rr,2018,2018
1136592,e087956b,rr,2018,2018
1136592,77255a9e,rr,2018,2018
1136592,90de905a,rr,2018,2018
1136592,5574750c,rr,2018,2018
1136592,29e95537,rr,2018,2018
1136592,1e66c162,rr,2018,2018
1136592,d2a989fc,rr,2018,2018
1136592,7a8bd078,rr,2018,2018
1136593,4329fbb5,csk,2018,2018
1136593,3355b542,csk,2018,2018
1136593,1dc12ab9,csk,2018,2018
1136593,70d205c9,csk,2018,2018
1136593,4a8a2e3b,csk,2018,2018
1136593,fe93fd9d,csk,2018,2018
1136593,119678fd,csk,2018,2018
1136593,87e562a9,csk,2018,2018
1136593,8b5b6769,csk,2018,2018
1136593,798cc28e,csk,2018,2018
1136593,f834dcfc,csk,2018,2018
1136593,45eda7c8,kkr,2018,2018
1136593,9d430b40,kkr,2018,2018
1136593,1c17e270,kkr,2018,2018
1136593,b4b99816,kkr,2018,2018
1136593,0a509d6b,kkr,2018,2018
1136593,c03f1114,kkr,2018,2018
1136593,bbd41817,kkr,2018,2018
1136593,c38d3503,kkr,2018,2018
1136593,98ae73b1,kkr,2018,2018
1136593,f5180fe6,kkr,2018,2018
1136593,8d2c70ad,kkr,2018,2018
1136594,b17e2f24,pbks,2018,2018
1136594,db584dad,pbks,2018,2018
1136594,1c914163,pbks,2018,2018
1136594,944533a5,pbks,2018,2018
1136594,2e171977,pbks,2018,2018
1136594,d9273ee7,pbks,2018,2018
1136594,00ea847a,pbks,2018,2018
1136594,495d42a5,pbks,2018,2018
1136594,7c7d63a2,pbks,2018,2018
1136594,7d92277a,pbks,2018,2018
1136594,db31895a,pbks,2018,2018
1136594,271f83cd,mi,2018,2018
1136594,0ebfb1ad,mi,2018,2018
1136594,752f7486,mi,2018,2018
1136594,dbe50b21,mi,2018,2018
1136594,740742ef,mi,2018,2018
1136594,5b8c830e,mi,2018,2018
1136594,2e8994e7,mi,2018,2018
1136594,2e11c706,mi,2018,2018
1136594,51a3c5ef,mi,2018,2018
1136594,a9fd84fb,mi,2018,2018
1136594,462411b3,mi,2018,2018
1136595,b5da6c24,rcb,2018,2018
1136595,b8a55852,rcb,2018,2018
1136595,ba607b88,rcb,2018,2018
1136595,c4487b84,rcb,2018,2018
1136595,c3a96caf,rcb,2018,2018
1136595,94d7f855,rcb,2018,2018
1136595,e2db2409,rcb,2018,2018
1136595,13c35c9e,rcb,2018,2018
1136595,cc1e8c68,rcb,2018,2018
1136595,2f49c897,rcb,2018,2018
1136595,57ee1fde,rcb,2018,2018
1136595,4329fbb5,csk,2018,2018
1136595,70d205c9,csk,2018,2018
1136595,1dc12ab9,csk,2018,2018
1136595,faa7365d,csk,2018,2018
1136595,4a8a2e3b,csk,2018,2018
1136595,87e562a9,csk,2018,2018
1136595,fe93fd9d,csk,2018,2018
1136595,7f048519,csk,2018,2018
1136595,8b5b6769,csk,2018,2018
1136595,f834dcfc,csk,2018,2018
1136595,1abb78f8,csk,2018,2018
1136596,8b3e9c7c,dc,2018,2018
1136596,b681e71e,dc,2018,2018
1136596,85ec8e33,dc,2018,2018
1136596,919a3be2,dc,2018,2018
1136596,890946a0,dc,2018,2018
1136596,0994d0ae,dc,2018,2018
1136596,2a2e6343,dc,2018,2018
1136596,9a963804,dc,2018,2018
1136596,6b19d823,dc,2018,2018
1136596,eef2536f,dc,2018,2018
1136596,a818c1be,dc,2018,2018
1136596,92aeac25,srh,2018,2018
1136596,0a476045,srh,2018,2018
1136596,d027ba9f,srh,2018,2018
1136596,93b4fc78,srh,2018,2018
1136596,3c6ffae8,srh,2018,2018
1136596,7dc35884,srh,2018,2018
1136596,fe11caa6,srh,2018,2018
1136596,2e81a32d,srh,2018,2018
1136596,5f547c8b,srh,2018,2018
1136596,dcf81436,srh,2018,2018
1136596,ce820073,srh,2018,2018
1136597,271f83cd,mi,2018,2018
1136597,0ebfb1ad,mi,2018,2018
1136597,740742ef,mi,2018,2018
1136597,dbe50b21,mi,2018,2018
1136597,5b8c830e,mi,2018,2018
1136597,2e8994e7,mi,2018,2018
1136597,752f7486,mi,2018,2018
1136597,2e11c706,mi,2018,2018
1136597,51a3c5ef,mi,2018,2018
1136597,a9fd84fb,mi,2018,2018
1136597,462411b3,mi,2018,2018
1136597,45eda7c8,kkr,2018,2018
1136597,b4b99816,kkr,2018,2018
1136597,1c17e270,kkr,2018,2018
1136597,fb2d1dda,kkr,2018,2018
1136597,c03f1114,kkr,2018,2018
1136597,bbd41817,kkr,2018,2018
1136597,9d430b40,kkr,2018,2018
1136597,98ae73b1,kkr,2018,2018
1136597,f5180fe6,kkr,2018,2018
1136597,85e0cf10,kkr,2018,2018
1136597,8d2c70ad,kkr,2018,2018
1136598,99b75528,rr,2018,2018
1136598,1a156c88,rr,2018,2018
1136598,29e95537,rr,2018,2018
1136598,a4cc73aa,rr,2018,2018
1136598,e087956b,rr,2018,2018
1136598,77255a9e,rr,2018,2018
1136598,5574750c,rr,2018,2018
1136598,90de905a,rr,2018,2018
1136598,7a8bd078,rr,2018,2018
1136598,1e66c162,rr,2018,2018
1136598,69be866a,rr,2018,2018
1136598,b17e2f24,pbks,2018,2018
1136598,db584dad,pbks,2018,2018
1136598,00ea847a,pbks,2018,2018
1136598,944533a5,pbks,2018,2018
1136598,2e171977,pbks,2018,2018
1136598,d9273ee7,pbks,2018,2018
1136598,26e5cabf,pbks,2018,2018
1136598,495d42a5,pbks,2018,2018
1136598,7d92277a,pbks,2018,2018
1136598,db31895a,pbks,2018,2018
1136598,7c7d63a2,pbks,2018,2018
1136599,92aeac25,srh,2018,2018
1136599,0a476045,srh,2018,2018
1136599,d027ba9f,srh,2018,2018
1136599,93b4fc78,srh,2018,2018
1136599,7dc35884,srh,2018,2018
1136599,3c6ffae8,srh,2018,2018
1136599,fe11caa6,srh,2018,2018
1136599,5f547c8b,srh,2018,2018
1136599,2e81a32d,srh,2018,2018
1136599,dcf81436,srh,2018,2018
1136599,ce820073,srh,2018,2018
1136599,c03e2850,rcb,2018,2018
1136599,b5da6c24,rcb,2018,2018
1136599,ba607b88,rcb,2018,2018
1136599,c4487b84,rcb,2018,2018
1136599,bb351c23,rcb,2018,2018
1136599,c3a96caf,rcb,2018,2018
1136599,94d7f855,rcb,2018,2018
1136599,13c35c9e,rcb,2018,2018
1136599,cc1e8c68,rcb,2018,2018
1136599,2f49c897,rcb,2018,2018
1136599,57ee1fde,rcb,2018,2018
1136600,29e95537,rr,2018,2018
1136600,99b75528,rr,2018,2018
1136600,90de905a,rr,2018,2018
1136600,a4cc73aa,rr,2018,2018
1136600,e087956b,rr,2018,2018
1136600,bd17b45f,rr,2018,2018
1136600,da934ee8,rr,2018,2018
1136600,5574750c,rr,2018,2018
1136600,1e66c162,rr,2018,2018
1136600,641ac5ff,rr,2018,2018
1136600,69be866a,rr,2018,2018
1136600,b17e2f24,pbks,2018,2018
1136600,db584dad,pbks,2018,2018
1136600,495d42a5,pbks,2018,2018
1136600,944533a5,pbks,2018,2018
1136600,f10e94c4,pbks,2018,2018
1136600,26e5cabf,pbks,2018,2018
1136600,2e171977,pbks,2018,2018
1136600,d9273ee7,pbks,2018,2018
1136600,7c7d63a2,pbks,2018,2018
1136600,759ac88f,pbks,2018,2018
1136600,7d92277a,pbks,2018,2018
1136601,271f83cd,mi,2018,2018
1136601,0ebfb1ad,mi,2018,2018
1136601,740742ef,mi,2018,2018
1136601,752f7486,mi,2018,2018
1136601,dbe50b21,mi,2018,2018
1136601,2e11c706,mi,2018,2018
1136601,5b8c830e,mi,2018,2018
1136601,2e8994e7,mi,2018,2018
1136601,51a3c5ef,mi,2018,2018
1136601,a9fd84fb,mi,2018,2018
1136601,462411b3,mi,2018,2018
1136601,9d430b40,kkr,2018,2018
1136601,45eda7c8,kkr,2018,2018
1136601,1c17e270,kkr,2018,2018
1136601,fb2d1dda,kkr,2018,2018
1136601,bbd41817,kkr,2018,2018
1136601,c03f1114,kkr,2018,2018
1136601,0a509d6b,kkr,2018,2018
1136601,e86754b2,kkr,2018,2018
1136601,98ae73b1,kkr,2018,2018
1136601,8d2c70ad,kkr,2018,2018
1136601,85e0cf10,kkr,2018,2018
1136602,8b3e9c7c,dc,2018,2018
1136602,d1c36f5c,dc,2018,2018
1136602,85ec8e33,dc,2018,2018
1136602,919a3be2,dc,2018,2018
1136602,f986ca1a,dc,2018,2018
1136602,b681e71e,dc,2018,2018
1136602,0994d0ae,dc,2018,2018
1136602,9a963804,dc,2018,2018
1136602,9d80c5e1,dc,2018,2018
1136602,6b19d823,dc,2018,2018
1136602,a818c1be,dc,2018,2018
1136602,92aeac25,srh,2018,2018
1136602,0a476045,srh,2018,2018
1136602,d027ba9f,srh,2018,2018
1136602,93b4fc78,srh,2018,2018
1136602,7dc35884,srh,2018,2018
1136602,3c6ffae8,srh,2018,2018
1136602,541f85c9,srh,2018,2018
1136602,5f547c8b,srh,2018,2018
1136602,2e81a32d,srh,2018,2018
1136602,dcf81436,srh,2018,2018
1136602,ce820073,srh,2018,2018
1136603,4329fbb5,csk,2018,2018
1136603,70d205c9,csk,2018,2018
1136603,1dc12ab9,csk,2018,2018
1136603,4a8a2e3b,csk,2018,2018
1136603,c16d4035,csk,2018,2018
1136603,87e562a9,csk,2018,2018
1136603,fe93fd9d,csk,2018,2018
1136603,7f048519,csk,2018,2018
1136603,8b5b6769,csk,2018,2018
1136603,1abb78f8,csk,2018,2018
1136603,119678fd,csk,2018,2018
1136603,99b75528,rr,2018,2018
1136603,e087956b,rr,2018,2018
1136603,29e95537,rr,2018,2018
1136603,a4cc73aa,rr,2018,2018
1136603,8ac93ca2,rr,2018,2018
1136603,bd17b45f,rr,2018,2018
1136603,90de905a,rr,2018,2018
1136603,5574750c,rr,2018,2018
1136603,24d94623,rr,2018,2018
1136603,1e66c162,rr,2018,2018
1136603,641ac5ff,rr,2018,2018
1136604,45eda7c8,kkr,2018,2018
1136604,9d430b40,kkr,2018,2018
1136604,1c17e270,kkr,2018,2018
1136604,bbd41817,kkr,2018,2018
1136604,c03f1114,kkr,2018,2018
1136604,fb2d1dda,kkr,2018,2018
1136604,b4b99816,kkr,2018,2018
1136604,99ed60f8,kkr,2018,2018
1136604,98ae73b1,kkr,2018,2018
1136604,8d2c70ad,kkr,2018,2018
1136604,85e0cf10,kkr,2018,2018
1136604,b17e2f24,pbks,2018,2018
1136604,db584dad,pbks,2018,2018
1136604,00ea847a,pbks,2018,2018
1136604,944533a5,pbks,2018,2018
1136604,b8d490fd,pbks,2018,2018
1136604,2e171977,pbks,2018,2018
1136604,495d42a5,pbks,2018,2018
1136604,7c7d63a2,pbks,2018,2018
1136604,d8b2f218,pbks,2018,2018
1136604,759ac88f,pbks,2018,2018
1136604,7d92277a,pbks,2018,2018
1136605,8b3e9c7c,dc,2018,2018
1136605,d1c36f5c,dc,2018,2018
1136605,85ec8e33,dc,2018,2018
1136605,919a3be2,dc,2018,2018
1136605,0994d0ae,dc,2018,2018
1136605,f29185a1,dc,2018,2018
1136605,f986ca1a,dc,2018,2018
1136605,6b19d823,dc,2018,2018
1136605,b410bd3d,dc,2018,2018
1136605,1cb14aa4,dc,2018,2018
1136605,a818c1be,dc,2018,2018
1136605,b5da6c24,rcb,2018,2018
1136605,bb351c23,rcb,2018,2018
1136605,ba607b88,rcb,2018,2018
1136605,c4487b84,rcb,2018,2018
1136605,c3a96caf,rcb,2018,2018
1136605,f088b960,rcb,2018,2018
1136605,94d7f855,rcb,2018,2018
1136605,13c35c9e,rcb,2018,2018
1136605,cc1e8c68,rcb,2018,2018
1136605,2f49c897,rcb,2018,2018
1136605,57ee1fde,rcb,2018,2018
1136606,0a476045,srh,2018,2018
1136606,92aeac25,srh,2018,2018
1136606,d027ba9f,srh,2018,2018
1136606,93b4fc78,srh,2018,2018
1136606,73ad96ed,srh,2018,2018
1136606,7dc35884,srh,2018,2018
1136606,541f85c9,srh,2018,2018
1136606,5f547c8b,srh,2018,2018
1136606,2e81a32d,srh,2018,2018
1136606,dcf81436,srh,2018,2018
1136606,ce820073,srh,2018,2018
1136606,4329fbb5,csk,2018,2018
1136606,70d205c9,csk,2018,2018
1136606,1dc12ab9,csk,2018,2018
1136606,4a8a2e3b,csk,2018,2018
1136606,c16d4035,csk,2018,2018
1136606,87e562a9,csk,2018,2018
1136606,fe93fd9d,csk,2018,2018
1136606,7f048519,csk,2018,2018
1136606,8b5b6769,csk,2018,2018
1136606,23eeb873,csk,2018,2018
1136606,1abb78f8,csk,2018,2018
1136607,271f83cd,mi,2018,2018
1136607,0ebfb1ad,mi,2018,2018
1136607,740742ef,mi,2018,2018
1136607,752f7486,mi,2018,2018
1136607,dbe50b21,mi,2018,2018
1136607,5b8c830e,mi,2018,2018
1136607,2e11c706,mi,2018,2018
1136607,2e8994e7,mi,2018,2018
1136607,51a3c5ef,mi,2018,2018
1136607,a9fd84fb,mi,2018,2018
1136607,462411b3,mi,2018,2018
1136607,1a156c88,rr,2018,2018
1136607,99b75528,rr,2018,2018
1136607,29e95537,rr,2018,2018
1136607,a4cc73aa,rr,2018,2018
1136607,e087956b,rr,2018,2018
1136607,bd17b45f,rr,2018,2018
1136607,5574750c,rr,2018,2018
1136607,90de905a,rr,2018,2018
1136607,7a8bd078,rr,2018,2018
1136607,1e66c162,rr,2018,2018
1136607,d2a989fc,rr,2018,2018
1136608,b17e2f24,pbks,2018,2018
1136608,db584dad,pbks,2018,2018
1136608,944533a5,pbks,2018,2018
1136608,b8d490fd,pbks,2018,2018
1136608,d9273ee7,pbks,2018,2018
1136608,00ea847a,pbks,2018,2018
1136608,2e171977,pbks,2018,2018
1136608,495d42a5,pbks,2018,2018
1136608,7c7d63a2,pbks,2018,2018
1136608,759ac88f,pbks,2018,2018
1136608,db31895a,pbks,2018,2018
1136608,ba607b88,rcb,2018,2018
1136608,b5da6c24,rcb,2018,2018
1136608,bb351c23,rcb,2018,2018
1136608,c4487b84,rcb,2018,2018
1136608,c3a96caf,rcb,2018,2018
1136608,f088b960,rcb,2018,2018
1136608,94d7f855,rcb,2018,2018
1136608,13c35c9e,rcb,2018,2018
1136608,cc1e8c68,rcb,2018,2018
1136608,2f49c897,rcb,2018,2018
1136608,57ee1fde,rcb,2018,2018
1136609,77255a9e,rr,2018,2018
1136609,99b75528,rr,2018,2018
1136609,29e95537,rr,2018,2018
1136609,a4cc73aa,rr,2018,2018
1136609,e087956b,rr,2018,2018
1136609,bd17b45f,rr,2018,2018
1136609,90de905a,rr,2018,2018
1136609,1e66c162,rr,2018,2018
1136609,641ac5ff,rr,2018,2018
1136609,5574750c,rr,2018,2018
1136609,69be866a,rr,2018,2018
1136609,9d430b40,kkr,2018,2018
1136609,45eda7c8,kkr,2018,2018
1136609,1c17e270,kkr,2018,2018
1136609,fb2d1dda,kkr,2018,2018
1136609,c03f1114,kkr,2018,2018
1136609,bbd41817,kkr,2018,2018
1136609,b4b99816,kkr,2018,2018
1136609,c38d3503,kkr,2018,2018
1136609,99ed60f8,kkr,2018,2018
1136609,8d2c70ad,kkr,2018,2018
1136609,85e0cf10,kkr,2018,2018
1136610,271f83cd,mi,2018,2018
1136610,0ebfb1ad,mi,2018,2018
1136610,752f7486,mi,2018,2018
1136610,740742ef,mi,2018,2018
1136610,5b8c830e,mi,2018,2018
1136610,a757b0d8,mi,2018,2018
1136610,dbe50b21,mi,2018,2018
1136610,2e11c706,mi,2018,2018
1136610,51a3c5ef,mi,2018,2018
1136610,a9fd84fb,mi,2018,2018
1136610,462411b3,mi,2018,2018
1136610,b17e2f24,pbks,2018,2018
1136610,db584dad,pbks,2018,2018
1136610,b8d490fd,pbks,2018,2018
1136610,d9273ee7,pbks,2018,2018
1136610,2e171977,pbks,2018,2018
1136610,1c914163,pbks,2018,2018
1136610,26e5cabf,pbks,2018,2018
1136610,495d42a5,pbks,2018,2018
1136610,7c7d63a2,pbks,2018,2018
1136610,759ac88f,pbks,2018,2018
1136610,db31895a,pbks,2018,2018
1136611,b5da6c24,rcb,2018,2018
1136611,ba607b88,rcb,2018,2018
1136611,c4487b84,rcb,2018,2018
1136611,bb351c23,rcb,2018,2018
1136611,94d7f855,rcb,2018,2018
1136611,c3a96caf,rcb,2018,2018
1136611,f088b960,rcb,2018,2018
1136611,13c35c9e,rcb,2018,2018
1136611,cc1e8c68,rcb,2018,2018
1136611,2f49c897,rcb,2018,2018
1136611,57ee1fde,rcb,2018,2018
1136611,0a476045,srh,2018,2018
1136611,92aeac25,srh,2018,2018
1136611,d027ba9f,srh,2018,2018
1136611,93b4fc78,srh,2018,2018
1136611,73ad96ed,srh,2018,2018
1136611,7dc35884,srh,2018,2018
1136611,541f85c9,srh,2018,2018
1136611,5f547c8b,srh,2018,2018
1136611,dcf81436,srh,2018,2018
1136611,ce820073,srh,2018,2018
1136611,871e9faf,srh,2018,2018
1136612,8b3e9c7c,dc,2018,2018
1136612,85ec8e33,dc,2018,2018
1136612,919a3be2,dc,2018,2018
1136612,b681e71e,dc,2018,2018
1136612,0994d0ae,dc,2018,2018
1136612,f29185a1,dc,2018,2018
1136612,f986ca1a,dc,2018,2018
1136612,6b19d823,dc,2018,2018
1136612,b410bd3d,dc,2018,2018
1136612,a818c1be,dc,2018,2018
1136612,eef2536f,dc,2018,2018
1136612,4329fbb5,csk,2018,2018
1136612,70d205c9,csk,2018,2018
1136612,1dc12ab9,csk,2018,2018
1136612,4a8a2e3b,csk,2018,2018
1136612,c16d4035,csk,2018,2018
1136612,fe93fd9d,csk,2018,2018
1136612,87e562a9,csk,2018,2018
1136612,23eeb873,csk,2018,2018
1136612,8b5b6769,csk,2018,2018
1136612,1abb78f8,csk,2018,2018
1136612,f834dcfc,csk,2018,2018
1136613,77255a9e,rr,2018,2018
1136613,5574750c,rr,2018,2018
1136613,29e95537,rr,2018,2018
1136613,a4cc73aa,rr,2018,2018
1136613,235c2bb6,rr,2018,2018
1136613,90de905a,rr,2018,2018
1136613,bd17b45f,rr,2018,2018
1136613,7a8bd078,rr,2018,2018
1136613,641ac5ff,rr,2018,2018
1136613,1e66c162,rr,2018,2018
1136613,b2a79f17,rr,2018,2018
1136613,ba607b88,rcb,2018,2018
1136613,b5da6c24,rcb,2018,2018
1136613,c4487b84,rcb,2018,2018
1136613,bb351c23,rcb,2018,2018
1136613,c3a96caf,rcb,2018,2018
1136613,94d7f855,rcb,2018,2018
1136613,f088b960,rcb,2018,2018
1136613,13c35c9e,rcb,2018,2018
1136613,cc1e8c68,rcb,2018,2018
1136613,2f49c897,rcb,2018,2018
1136613,57ee1fde,rcb,2018,2018
1136614,0a476045,srh,2018,2018
1136614,541f85c9,srh,2018,2018
1136614,d027ba9f,srh,2018,2018
1136614,93b4fc78,srh,2018,2018
1136614,3c6ffae8,srh,2018,2018
1136614,e342e5fb,srh,2018,2018
1136614,7dc35884,srh,2018,2018
1136614,5f547c8b,srh,2018,2018
1136614,2e81a32d,srh,2018,2018
1136614,dcf81436,srh,2018,2018
1136614,ce820073,srh,2018,2018
1136614,45eda7c8,kkr,2018,2018
1136614,9d430b40,kkr,2018,2018
1136614,1c17e270,kkr,2018,2018
1136614,c03f1114,kkr,2018,2018
1136614,bbd41817,kkr,2018,2018
1136614,fb2d1dda,kkr,2018,2018
1136614,b4b99816,kkr,2018,2018
1136614,98ae73b1,kkr,2018,2018
1136614,99ed60f8,kkr,2018,2018
1136614,8d2c70ad,kkr,2018,2018
1136614,85e0cf10,kkr,2018,2018
1136615,8b3e9c7c,dc,2018,2018
1136615,b681e71e,dc,2018,2018
1136615,85ec8e33,dc,2018,2018
1136615,919a3be2,dc,2018,2018
1136615,0994d0ae,dc,2018,2018
1136615,f29185a1,dc,2018,2018
1136615,f986ca1a,dc,2018,2018
1136615,6b19d823,dc,2018,2018
1136615,b410bd3d,dc,2018,2018
1136615,a818c1be,dc,2018,2018
1136615,9a963804,dc,2018,2018
1136615,271f83cd,mi,2018,2018
1136615,0ebfb1ad,mi,2018,2018
1136615,752f7486,mi,2018,2018
1136615,a757b0d8,mi,2018,2018
1136615,740742ef,mi,2018,2018
1136615,5b8c830e,mi,2018,2018
1136615,dbe50b21,mi,2018,2018
1136615,2e11c706,mi,2018,2018
1136615,a9fd84fb,mi,2018,2018
1136615,462411b3,mi,2018,2018
1136615,0a8fce53,mi,2018,2018
1136616,b17e2f24,pbks,2018,2018
1136616,db584dad,pbks,2018,2018
1136616,b8d490fd,pbks,2018,2018
1136616,26e5cabf,pbks,2018,2018
1136616,d67d5f00,pbks,2018,2018
1136616,944533a5,pbks,2018,2018
1136616,2e171977,pbks,2018,2018
1136616,495d42a5,pbks,2018,2018
1136616,7c7d63a2,pbks,2018,2018
1136616,759ac88f,pbks,2018,2018
1136616,db31895a,pbks,2018,2018
1136616,70d205c9,csk,2018,2018
1136616,3355b542,csk,2018,2018
1136616,1dc12ab9,csk,2018,2018
1136616,c16d4035,csk,2018,2018
1136616,8b5b6769,csk,2018,2018
1136616,23eeb873,csk,2018,2018
1136616,4a8a2e3b,csk,2018,2018
1136616,87e562a9,csk,2018,2018
1136616,fe93fd9d,csk,2018,2018
1136616,1abb78f8,csk,2018,2018
1136616,f834dcfc,csk,2018,2018
1136617,0a476045,srh,2018,2018
1136617,541f85c9,srh,2018,2018
1136617,d027ba9f,srh,2018,2018
1136617,93b4fc78,srh,2018,2018
1136617,7dc35884,srh,2018,2018
1136617,3c6ffae8,srh,2018,2018
1136617,e342e5fb,srh,2018,2018
1136617,2e81a32d,srh,2018,2018
1136617,5f547c8b,srh,2018,2018
1136617,dcf81436,srh,2018,2018
1136617,ce820073,srh,2018,2018
1136617,4329fbb5,csk,2018,2018
1136617,3355b542,csk,2018,2018
1136617,1dc12ab9,csk,2018,2018
1136617,70d205c9,csk,2018,2018
1136617,4a8a2e3b,csk,2018,2018
1136617,87e562a9,csk,2018,2018
1136617,fe93fd9d,csk,2018,2018
1136617,23eeb873,csk,2018,2018
1136617,8b5b6769,csk,2018,2018
1136617,1abb78f8,csk,2018,2018
1136617,f834dcfc,csk,2018,2018
1136618,9d430b40,kkr,2018,2018
1136618,45eda7c8,kkr,2018,2018
1136618,1c17e270,kkr,2018,2018
1136618,fb2d1dda,kkr,2018,2018
1136618,c03f1114,kkr,2018,2018
1136618,b4b99816,kkr,2018,2018
1136618,bbd41817,kkr,2018,2018
1136618,99ed60f8,kkr,2018,2018
1136618,98ae73b1,kkr,2018,2018
1136618,8d2c70ad,kkr,2018,2018
1136618,85e0cf10,kkr,2018,2018
1136618,29e95537,rr,2018,2018
1136618,77255a9e,rr,2018,2018
1136618,a4cc73aa,rr,2018,2018
1136618,235c2bb6,rr,2018,2018
1136618,bd17b45f,rr,2018,2018
1136618,90de905a,rr,2018,2018
1136618,5574750c,rr,2018,2018
1136618,7a8bd078,rr,2018,2018
1136618,641ac5ff,rr,2018,2018
1136618,1e66c162,rr,2018,2018
1136618,b2a79f17,rr,2018,2018
1136619,fe11caa6,srh,2018,2018
1136619,0a476045,srh,2018,2018
1136619,d027ba9f,srh,2018,2018
1136619,7dc35884,srh,2018,2018
1136619,73ad96ed,srh,2018,2018
1136619,3c6ffae8,srh,2018,2018
1136619,e342e5fb,srh,2018,2018
1136619,5f547c8b,srh,2018,2018
1136619,2e81a32d,srh,2018,2018
1136619,dcf81436,srh,2018,2018
1136619,a2f46292,srh,2018,2018
1136619,45eda7c8,kkr,2018,2018
1136619,9d430b40,kkr,2018,2018
1136619,fb2d1dda,kkr,2018,2018
1136619,1c17e270,kkr,2018,2018
1136619,c03f1114,kkr,2018,2018
1136619,b4b99816,kkr,2018,2018
1136619,bbd41817,kkr,2018,2018
1136619,98ae73b1,kkr,2018,2018
1136619,c38d3503,kkr,2018,2018
1136619,8d2c70ad,kkr,2018,2018
1136619,85e0cf10,kkr,2018,2018
1136620,541f85c9,srh,2018,2018
1136620,0a476045,srh,2018,2018
1136620,d027ba9f,srh,2018,2018
1136620,7dc35884,srh,2018,2018
1136620,3c6ffae8,srh,2018,2018
1136620,73ad96ed,srh,2018,2018
1136620,e342e5fb,srh,2018,2018
1136620,5f547c8b,srh,2018,2018
1136620,2e81a32d,srh,2018,2018
1136620,dcf81436,srh,2018,2018
1136620,ce820073,srh,2018,2018
1136620,4329fbb5,csk,2018,2018
1136620,3355b542,csk,2018,2018
1136620,1dc12ab9,csk,2018,2018
1136620,70d205c9,csk,2018,2018
1136620,4a8a2e3b,csk,2018,2018
1136620,87e562a9,csk,2018,2018
1136620,fe93fd9d,csk,2018,2018
1136620,23eeb873,csk,2018,2018
1136620,119678fd,csk,2018,2018
1136620,1abb78f8,csk,2018,2018
1136620,f834dcfc,csk,2018,2018
1175356,ba607b88,rcb,2019,2019
1175356,b5da6c24,rcb,2019,2019
1175356,bb351c23,rcb,2019,2019
1175356,c4487b84,rcb,2019,2019
1175356,48a1d7b7,rcb,2019,2019
1175356,a4e37e47,rcb,2019,2019
1175356,94d7f855,rcb,2019,2019
1175356,21d4e29b,rcb,2019,2019
1175356,57ee1fde,rcb,2019,2019
1175356,cc1e8c68,rcb,2019,2019
1175356,2f49c897,rcb,2019,2019
1175356,4329fbb5,csk,2019,2019
1175356,70d205c9,csk,2019,2019
1175356,1dc12ab9,csk,2019,2019
1175356,99d63244,csk,2019,2019
1175356,fe93fd9d,csk,2019,2019
1175356,4a8a2e3b,csk,2019,2019
1175356,87e562a9,csk,2019,2019
1175356,23eeb873,csk,2019,2019
1175356,1abb78f8,csk,2019,2019
1175356,8b5b6769,csk,2019,2019
1175356,acee4cc4,csk,2019,2019
1175357,dcce6f09,srh,2019,2019
1175357,abb83e27,srh,2019,2019
1175357,0994d0ae,srh,2019,2019
1175357,3c6ffae8,srh,2019,2019
1175357,93b4fc78,srh,2019,2019
1175357,73ad96ed,srh,2019,2019
1175357,7dc35884,srh,2019,2019
1175357,5f547c8b,srh,2019,2019
1175357,2e81a32d,srh,2019,2019
1175357,ce820073,srh,2019,2019
1175357,dcf81436,srh,2019,2019
1175357,45eda7c8,kkr,2019,2019
1175357,fb2d1dda,kkr,2019,2019
1175357,1c17e270,kkr,2019,2019
1175357,c03f1114,kkr,2019,2019
1175357,bbd41817,kkr,2019,2019
1175357,b4b99816,kkr,2019,2019
1175357,9d430b40,kkr,2019,2019
1175357,98ae73b1,kkr,2019,2019
1175357,8d2c70ad,kkr,2019,2019
1175357,2f9d0389,kkr,2019,2019
1175357,85e0cf10,kkr,2019,2019
1175358,8b3e9c7c,dc,2019,2019
1175358,0a476045,dc,2019,2019
1175358,85ec8e33,dc,2019,2019
1175358,c995d726,dc,2019,2019
1175358,919a3be2,dc,2019,2019
1175358,75224f22,dc,2019,2019
1175358,2e171977,dc,2019,2019
1175358,39a2dfa8,dc,2019,2019
1175358,e62dd25d,dc,2019,2019
1175358,a818c1be,dc,2019,2019
1175358,5bb1a1c4,dc,2019,2019
1175358,740742ef,mi,2019,2019
1175358,372455c4,mi,2019,2019
1175358,271f83cd,mi,2019,2019
1175358,1c914163,mi,2019,2019
1175358,a757b0d8,mi,2019,2019
1175358,dbe50b21,mi,2019,2019
1175358,5b8c830e,mi,2019,2019
1175358,2e11c706,mi,2019,2019
1175358,51a3c5ef,mi,2019,2019
1175358,b8527c3d,mi,2019,2019
1175358,462411b3,mi,2019,2019
1175359,b17e2f24,pbks,2019,2019
1175359,db584dad,pbks,2019,2019
1175359,00ea847a,pbks,2019,2019
1175359,f088b960,pbks,2019,2019
1175359,3241e3fd,pbks,2019,2019
1175359,c3a96caf,pbks,2019,2019
1175359,e94915e6,pbks,2019,2019
1175359,495d42a5,pbks,2019,2019
1175359,8cf9814c,pbks,2019,2019
1175359,7d92277a,pbks,2019,2019
1175359,db31895a,pbks,2019,2019
1175359,29e95537,rr,2019,2019
1175359,99b75528,rr,2019,2019
1175359,a4cc73aa,rr,2019,2019
1175359,30a45b23,rr,2019,2019
1175359,e087956b,rr,2019,2019
1175359,77255a9e,rr,2019,2019
1175359,90de905a,rr,2019,2019
1175359,5574750c,rr,2019,2019
1175359,1e66c162,rr,2019,2019
1175359,7a8bd078,rr,2019,2019
1175359,d2a989fc,rr,2019,2019
1175360,8b3e9c7c,dc,2019,2019
1175360,0a476045,dc,2019,2019
1175360,85ec8e33,dc,2019,2019
1175360,919a3be2,dc,2019,2019
1175360,c995d726,dc,2019,2019
1175360,75224f22,dc,2019,2019
1175360,2e171977,dc,2019,2019
1175360,39a2dfa8,dc,2019,2019
1175360,e62dd25d,dc,2019,2019
1175360,5bb1a1c4,dc,2019,2019
1175360,6b19d823,dc,2019,2019
1175360,4329fbb5,csk,2019,2019
1175360,70d205c9,csk,2019,2019
1175360,1dc12ab9,csk,2019,2019
1175360,99d63244,csk,2019,2019
1175360,4a8a2e3b,csk,2019,2019
1175360,87e562a9,csk,2019,2019
1175360,fe93fd9d,csk,2019,2019
1175360,23eeb873,csk,2019,2019
1175360,1abb78f8,csk,2019,2019
1175360,8b5b6769,csk,2019,2019
1175360,acee4cc4,csk,2019,2019
1175361,45eda7c8,kkr,2019,2019
1175361,9d430b40,kkr,2019,2019
1175361,1c17e270,kkr,2019,2019
1175361,fb2d1dda,kkr,2019,2019
1175361,bbd41817,kkr,2019,2019
1175361,c03f1114,kkr,2019,2019
1175361,b4b99816,kkr,2019,2019
1175361,98ae73b1,kkr,2019,2019
1175361,8d2c70ad,kkr,2019,2019
1175361,85e0cf10,kkr,2019,2019
1175361,2f9d0389,kkr,2019,2019
1175361,b17e2f24,pbks,2019,2019
1175361,db584dad,pbks,2019,2019
1175361,00ea847a,pbks,2019,2019
1175361,f088b960,pbks,2019,2019
1175361,d67d5f00,pbks,2019,2019
1175361,c3a96caf,pbks,2019,2019
1175361,495d42a5,pbks,2019,2019
1175361,a316d663,pbks,2019,2019
1175361,5b7ab5a9,pbks,2019,2019
1175361,8cf9814c,pbks,2019,2019
1175361,7c7d63a2,pbks,2019,2019
1175362,372455c4,mi,2019,2019
1175362,740742ef,mi,2019,2019
1175362,271f83cd,mi,2019,2019
1175362,1c914163,mi,2019,2019
1175362,a757b0d8,mi,2019,2019
1175362,5b8c830e,mi,2019,2019
1175362,dbe50b21,mi,2019,2019
1175362,51a3c5ef,mi,2019,2019
1175362,a9fd84fb,mi,2019,2019
1175362,462411b3,mi,2019,2019
1175362,a12e1d51,mi,2019,2019
1175362,b5da6c24,rcb,2019,2019
1175362,bb351c23,rcb,2019,2019
1175362,ba607b88,rcb,2019,2019
1175362,c4487b84,rcb,2019,2019
1175362,48a1d7b7,rcb,2019,2019
1175362,94d7f855,rcb,2019,2019
1175362,a4e37e47,rcb,2019,2019
1175362,21d4e29b,rcb,2019,2019
1175362,57ee1fde,rcb,2019,2019
1175362,cc1e8c68,rcb,2019,2019
1175362,2f49c897,rcb,2019,2019
1175363,29e95537,rr,2019,2019
1175363,99b75528,rr,2019,2019
1175363,a4cc73aa,rr,2019,2019
1175363,e087956b,rr,2019,2019
1175363,30a45b23,rr,2019,2019
1175363,77255a9e,rr,2019,2019
1175363,90de905a,rr,2019,2019
1175363,5574750c,rr,2019,2019
1175363,1e66c162,rr,2019,2019
1175363,7a8bd078,rr,2019,2019
1175363,d2a989fc,rr,2019,2019
1175363,dcce6f09,srh,2019,2019
1175363,abb83e27,srh,2019,2019
1175363,d027ba9f,srh,2019,2019
1175363,0994d0ae,srh,2019,2019
1175363,93b4fc78,srh,2019,2019
1175363,3c6ffae8,srh,2019,2019
1175363,5f547c8b,srh,2019,2019
1175363,2e81a32d,srh,2019,2019
1175363,ce820073,srh,2019,2019
1175363,dcf81436,srh,2019,2019
1175363,9d80c5e1,srh,2019,2019
1175364,740742ef,mi,2019,2019
1175364,372455c4,mi,2019,2019
1175364,271f83cd,mi,2019,2019
1175364,1c914163,mi,2019,2019
1175364,a757b0d8,mi,2019,2019
1175364,dbe50b21,mi,2019,2019
1175364,5b8c830e,mi,2019,2019
1175364,51a3c5ef,mi,2019,2019
1175364,a9fd84fb,mi,2019,2019
1175364,a12e1d51,mi,2019,2019
1175364,462411b3,mi,2019,2019
1175364,b17e2f24,pbks,2019,2019
1175364,db584dad,pbks,2019,2019
1175364,00ea847a,pbks,2019,2019
1175364,d67d5f00,pbks,2019,2019
1175364,f088b960,pbks,2019,2019
1175364,c3a96caf,pbks,2019,2019
1175364,495d42a5,pbks,2019,2019
1175364,a316d663,pbks,2019,2019
1175364,e2db2409,pbks,2019,2019
1175364,8cf9814c,pbks,2019,2019
1175364,7c7d63a2,pbks,2019,2019
1175365,aedc3b7c,kkr,2019,2019
1175365,45eda7c8,kkr,2019,2019
1175365,1c17e270,kkr,2019,2019
1175365,fb2d1dda,kkr,2019,2019
1175365,c03f1114,kkr,2019,2019
1175365,b4b99816,kkr,2019,2019
1175365,bbd41817,kkr,2019,2019
1175365,98ae73b1,kkr,2019,2019
1175365,8d2c70ad,kkr,2019,2019
1175365,85e0cf10,kkr,2019,2019
1175365,2f9d0389,kkr,2019,2019
1175365,8b3e9c7c,dc,2019,2019
1175365,0a476045,dc,2019,2019
1175365,85ec8e33,dc,2019,2019
1175365,919a3be2,dc,2019,2019
1175365,c995d726,dc,2019,2019
1175365,94253925,dc,2019,2019
1175365,f986ca1a,dc,2019,2019
1175365,fb66ce1f,dc,2019,2019
1175365,6b19d823,dc,2019,2019
1175365,b410bd3d,dc,2019,2019
1175365,e62dd25d,dc,2019,2019
1175366,abb83e27,srh,2019,2019
1175366,dcce6f09,srh,2019,2019
1175366,0994d0ae,srh,2019,2019
1175366,3c6ffae8,srh,2019,2019
1175366,93b4fc78,srh,2019,2019
1175366,73ad96ed,srh,2019,2019
1175366,62af8546,srh,2019,2019
1175366,5f547c8b,srh,2019,2019
1175366,2e81a32d,srh,2019,2019
1175366,ce820073,srh,2019,2019
1175366,dcf81436,srh,2019,2019
1175366,b5da6c24,rcb,2019,2019
1175366,48a1d7b7,rcb,2019,2019
1175366,ba607b88,rcb,2019,2019
1175366,c4487b84,rcb,2019,2019
1175366,bb351c23,rcb,2019,2019
1175366,a4e37e47,rcb,2019,2019
1175366,94d7f855,rcb,2019,2019
1175366,441c72ae,rcb,2019,2019
1175366,cc1e8c68,rcb,2019,2019
1175366,2f49c897,rcb,2019,2019
1175366,57ee1fde,rcb,2019,2019
1175367,70d205c9,csk,2019,2019
1175367,4329fbb5,csk,2019,2019
1175367,1dc12ab9,csk,2019,2019
1175367,99d63244,csk,2019,2019
1175367,4a8a2e3b,csk,2019,2019
1175367,87e562a9,csk,2019,2019
1175367,fe93fd9d,csk,2019,2019
1175367,23eeb873,csk,2019,2019
1175367,1abb78f8,csk,2019,2019
1175367,e4a0deae,csk,2019,2019
1175367,acee4cc4,csk,2019,2019
1175367,29e95537,rr,2019,2019
1175367,99b75528,rr,2019,2019
1175367,a4cc73aa,rr,2019,2019
1175367,77255a9e,rr,2019,2019
1175367,30a45b23,rr,2019,2019
1175367,e087956b,rr,2019,2019
1175367,90de905a,rr,2019,2019
1175367,5574750c,rr,2019,2019
1175367,7a8bd078,rr,2019,2019
1175367,1e66c162,rr,2019,2019
1175367,d2a989fc,rr,2019,2019
1175368,b17e2f24,pbks,2019,2019
1175368,e94915e6,pbks,2019,2019
1175368,00ea847a,pbks,2019,2019
1175368,f088b960,pbks,2019,2019
1175368,d67d5f00,pbks,2019,2019
1175368,c3a96caf,pbks,2019,2019
1175368,a316d663,pbks,2019,2019
1175368,495d42a5,pbks,2019,2019
1175368,e2db2409,pbks,2019,2019
1175368,8cf9814c,pbks,2019,2019
1175368,7d92277a,pbks,2019,2019
1175368,8b3e9c7c,dc,2019,2019
1175368,0a476045,dc,2019,2019
1175368,85ec8e33,dc,2019,2019
1175368,919a3be2,dc,2019,2019
1175368,c995d726,dc,2019,2019
1175368,fb66ce1f,dc,2019,2019
1175368,94253925,dc,2019,2019
1175368,f986ca1a,dc,2019,2019
1175368,e62dd25d,dc,2019,2019
1175368,eef2536f,dc,2019,2019
1175368,b410bd3d,dc,2019,2019
1175369,ba607b88,rcb,2019,2019
1175369,b5da6c24,rcb,2019,2019
1175369,c4487b84,rcb,2019,2019
1175369,48a1d7b7,rcb,2019,2019
1175369,d9273ee7,rcb,2019,2019
1175369,bb351c23,rcb,2019,2019
1175369,f10e94c4,rcb,2019,2019
1175369,cc1e8c68,rcb,2019,2019
1175369,21d4e29b,rcb,2019,2019
1175369,57ee1fde,rcb,2019,2019
1175369,2f49c897,rcb,2019,2019
1175369,29e95537,rr,2019,2019
1175369,99b75528,rr,2019,2019
1175369,30a45b23,rr,2019,2019
1175369,77255a9e,rr,2019,2019
1175369,e087956b,rr,2019,2019
1175369,bd17b45f,rr,2019,2019
1175369,90de905a,rr,2019,2019
1175369,5574750c,rr,2019,2019
1175369,7a8bd078,rr,2019,2019
1175369,0a3d54b9,rr,2019,2019
1175369,d2a989fc,rr,2019,2019
1175370,372455c4,mi,2019,2019
1175370,740742ef,mi,2019,2019
1175370,271f83cd,mi,2019,2019
1175370,1c914163,mi,2019,2019
1175370,5b8c830e,mi,2019,2019
1175370,dbe50b21,mi,2019,2019
1175370,a757b0d8,mi,2019,2019
1175370,4933f499,mi,2019,2019
1175370,2ed569a0,mi,2019,2019
1175370,a12e1d51,mi,2019,2019
1175370,462411b3,mi,2019,2019
1175370,4329fbb5,csk,2019,2019
1175370,70d205c9,csk,2019,2019
1175370,1dc12ab9,csk,2019,2019
1175370,99d63244,csk,2019,2019
1175370,4a8a2e3b,csk,2019,2019
1175370,fe93fd9d,csk,2019,2019
1175370,87e562a9,csk,2019,2019
1175370,23eeb873,csk,2019,2019
1175370,1abb78f8,csk,2019,2019
1175370,759ac88f,csk,2019,2019
1175370,acee4cc4,csk,2019,2019
1175371,8b3e9c7c,dc,2019,2019
1175371,0a476045,dc,2019,2019
1175371,85ec8e33,dc,2019,2019
1175371,919a3be2,dc,2019,2019
1175371,39a2dfa8,dc,2019,2019
1175371,c995d726,dc,2019,2019
1175371,fb66ce1f,dc,2019,2019
1175371,2e171977,dc,2019,2019
1175371,e62dd25d,dc,2019,2019
1175371,5bb1a1c4,dc,2019,2019
1175371,b410bd3d,dc,2019,2019
1175371,dcce6f09,srh,2019,2019
1175371,abb83e27,srh,2019,2019
1175371,0994d0ae,srh,2019,2019
1175371,93b4fc78,srh,2019,2019
1175371,73ad96ed,srh,2019,2019
1175371,3c6ffae8,srh,2019,2019
1175371,62af8546,srh,2019,2019
1175371,5f547c8b,srh,2019,2019
1175371,2e81a32d,srh,2019,2019
1175371,ce820073,srh,2019,2019
1175371,dcf81436,srh,2019,2019
1175372,b5da6c24,rcb,2019,2019
1175372,ba607b88,rcb,2019,2019
1175372,c4487b84,rcb,2019,2019
1175372,d9273ee7,rcb,2019,2019
1175372,bb351c23,rcb,2019,2019
1175372,f10e94c4,rcb,2019,2019
1175372,f62772e5,rcb,2019,2019
1175372,21d4e29b,rcb,2019,2019
1175372,13c35c9e,rcb,2019,2019
1175372,57ee1fde,rcb,2019,2019
1175372,2f49c897,rcb,2019,2019
1175372,45eda7c8,kkr,2019,2019
1175372,9d430b40,kkr,2019,2019
1175372,1c17e270,kkr,2019,2019
1175372,fb2d1dda,kkr,2019,2019
1175372,c03f1114,kkr,2019,2019
1175372,bbd41817,kkr,2019,2019
1175372,b4b99816,kkr,2019,2019
1175372,98ae73b1,kkr,2019,2019
1175372,8d2c70ad,kkr,2019,2019
1175372,85e0cf10,kkr,2019,2019
1175372,2f9d0389,kkr,2019,2019
1178393,4329fbb5,csk,2019,2019
1178393,3355b542,csk,2019,2019
1178393,1dc12ab9,csk,2019,2019
1178393,4a8a2e3b,csk,2019,2019
1178393,70d205c9,csk,2019,2019
1178393,99d63244,csk,2019,2019
1178393,fef92afc,csk,2019,2019
1178393,fe93fd9d,csk,2019,2019
1178393,8b5b6769,csk,2019,2019
1178393,23eeb873,csk,2019,2019
1178393,acee4cc4,csk,2019,2019
1178393,b17e2f24,pbks,2019,2019
1178393,db584dad,pbks,2019,2019
1178393,00ea847a,pbks,2019,2019
1178393,f088b960,pbks,2019,2019
1178393,d67d5f00,pbks,2019,2019
1178393,c3a96caf,pbks,2019,2019
1178393,e94915e6,pbks,2019,2019
1178393,495d42a5,pbks,2019,2019
1178393,8cf9814c,pbks,2019,2019
1178393,7c7d63a2,pbks,2019,2019
1178393,e2db2409,pbks,2019,2019
1178394,740742ef,mi,2019,2019
1178394,372455c4,mi,2019,2019
1178394,271f83cd,mi,2019,2019
1178394,752f7486,mi,2019,2019
1178394,5b8c830e,mi,2019,2019
1178394,a757b0d8,mi,2019,2019
1178394,dbe50b21,mi,2019,2019
1178394,2ed569a0,mi,2019,2019
1178394,b0946605,mi,2019,2019
1178394,4933f499,mi,2019,2019
1178394,462411b3,mi,2019,2019
1178394,dcce6f09,srh,2019,2019
1178394,abb83e27,srh,2019,2019
1178394,0994d0ae,srh,2019,2019
1178394,93b4fc78,srh,2019,2019
1178394,73ad96ed,srh,2019,2019
1178394,3c6ffae8,srh,2019,2019
1178394,62af8546,srh,2019,2019
1178394,5f547c8b,srh,2019,2019
1178394,2e81a32d,srh,2019,2019
1178394,dcf81436,srh,2019,2019
1178394,ce820073,srh,2019,2019
1178395,b5da6c24,rcb,2019,2019
1178395,ba607b88,rcb,2019,2019
1178395,c4487b84,rcb,2019,2019
1178395,d9273ee7,rcb,2019,2019
1178395,bb351c23,rcb,2019,2019
1178395,f10e94c4,rcb,2019,2019
1178395,f62772e5,rcb,2019,2019
1178395,13c35c9e,rcb,2019,2019
1178395,2f49c897,rcb,2019,2019
1178395,57ee1fde,rcb,2019,2019
1178395,21d4e29b,rcb,2019,2019
1178395,8b3e9c7c,dc,2019,2019
1178395,0a476045,dc,2019,2019
1178395,85ec8e33,dc,2019,2019
1178395,c995d726,dc,2019,2019
1178395,919a3be2,dc,2019,2019
1178395,fb66ce1f,dc,2019,2019
1178395,2e171977,dc,2019,2019
1178395,39a2dfa8,dc,2019,2019
1178395,e62dd25d,dc,2019,2019
1178395,5bb1a1c4,dc,2019,2019
1178395,b410bd3d,dc,2019,2019
1178396,29e95537,rr,2019,2019
1178396,99b75528,rr,2019,2019
1178396,30a45b23,rr,2019,2019
1178396,77255a9e,rr,2019,2019
1178396,e087956b,rr,2019,2019
1178396,8ac93ca2,rr,2019,2019
1178396,90de905a,rr,2019,2019
1178396,5574750c,rr,2019,2019
1178396,7a8bd078,rr,2019,2019
1178396,ade90de7,rr,2019,2019
1178396,d2a989fc,rr,2019,2019
1178396,45eda7c8,kkr,2019,2019
1178396,9d430b40,kkr,2019,2019
1178396,1c17e270,kkr,2019,2019
1178396,b4b99816,kkr,2019,2019
1178396,fb2d1dda,kkr,2019,2019
1178396,c03f1114,kkr,2019,2019
1178396,bbd41817,kkr,2019,2019
1178396,98ae73b1,kkr,2019,2019
1178396,8d2c70ad,kkr,2019,2019
1178396,e412cb64,kkr,2019,2019
1178396,85e0cf10,kkr,2019,2019
1178397,dcce6f09,srh,2019,2019
1178397,abb83e27,srh,2019,2019
1178397,0994d0ae,srh,2019,2019
1178397,62af8546,srh,2019,2019
1178397,93b4fc78,srh,2019,2019
1178397,73ad96ed,srh,2019,2019
1178397,3c6ffae8,srh,2019,2019
1178397,5f547c8b,srh,2019,2019
1178397,2e81a32d,srh,2019,2019
1178397,dcf81436,srh,2019,2019
1178397,ce820073,srh,2019,2019
1178397,b17e2f24,pbks,2019,2019
1178397,db584dad,pbks,2019,2019
1178397,00ea847a,pbks,2019,2019
1178397,d67d5f00,pbks,2019,2019
1178397,c3a96caf,pbks,2019,2019
1178397,e94915e6,pbks,2019,2019
1178397,f088b960,pbks,2019,2019
1178397,495d42a5,pbks,2019,2019
1178397,8cf9814c,pbks,2019,2019
1178397,7d92277a,pbks,2019,2019
1178397,db31895a,pbks,2019,2019
1178398,45eda7c8,kkr,2019,2019
1178398,9d430b40,kkr,2019,2019
1178398,1c17e270,kkr,2019,2019
1178398,fb2d1dda,kkr,2019,2019
1178398,c03f1114,kkr,2019,2019
1178398,b4b99816,kkr,2019,2019
1178398,bbd41817,kkr,2019,2019
1178398,98ae73b1,kkr,2019,2019
1178398,8d2c70ad,kkr,2019,2019
1178398,85e0cf10,kkr,2019,2019
1178398,e412cb64,kkr,2019,2019
1178398,4329fbb5,csk,2019,2019
1178398,3355b542,csk,2019,2019
1178398,1dc12ab9,csk,2019,2019
1178398,70d205c9,csk,2019,2019
1178398,99d63244,csk,2019,2019
1178398,4a8a2e3b,csk,2019,2019
1178398,fef92afc,csk,2019,2019
1178398,fe93fd9d,csk,2019,2019
1178398,8b5b6769,csk,2019,2019
1178398,23eeb873,csk,2019,2019
1178398,acee4cc4,csk,2019,2019
1178399,b17e2f24,pbks,2019,2019
1178399,db584dad,pbks,2019,2019
1178399,d67d5f00,pbks,2019,2019
1178399,944533a5,pbks,2019,2019
1178399,e94915e6,pbks,2019,2019
1178399,c3a96caf,pbks,2019,2019
1178399,f088b960,pbks,2019,2019
1178399,a316d663,pbks,2019,2019
1178399,495d42a5,pbks,2019,2019
1178399,8cf9814c,pbks,2019,2019
1178399,db31895a,pbks,2019,2019
1178399,372455c4,mi,2019,2019
1178399,9601c534,mi,2019,2019
1178399,271f83cd,mi,2019,2019
1178399,a757b0d8,mi,2019,2019
1178399,752f7486,mi,2019,2019
1178399,dbe50b21,mi,2019,2019
1178399,5b8c830e,mi,2019,2019
1178399,b0946605,mi,2019,2019
1178399,2ed569a0,mi,2019,2019
1178399,4933f499,mi,2019,2019
1178399,462411b3,mi,2019,2019
1178400,29e95537,rr,2019,2019
1178400,99b75528,rr,2019,2019
1178400,a4cc73aa,rr,2019,2019
1178400,30a45b23,rr,2019,2019
1178400,77255a9e,rr,2019,2019
1178400,e087956b,rr,2019,2019
1178400,04a418e8,rr,2019,2019
1178400,5574750c,rr,2019,2019
1178400,7a8bd078,rr,2019,2019
1178400,1e66c162,rr,2019,2019
1178400,d2a989fc,rr,2019,2019
1178400,4329fbb5,csk,2019,2019
1178400,3355b542,csk,2019,2019
1178400,1dc12ab9,csk,2019,2019
1178400,70d205c9,csk,2019,2019
1178400,99d63244,csk,2019,2019
1178400,4a8a2e3b,csk,2019,2019
1178400,fe93fd9d,csk,2019,2019
1178400,e4a0deae,csk,2019,2019
1178400,23eeb873,csk,2019,2019
1178400,1abb78f8,csk,2019,2019
1178400,acee4cc4,csk,2019,2019
1178401,bdadf7da,kkr,2019,2019
1178401,b4b99816,kkr,2019,2019
1178401,1c17e270,kkr,2019,2019
1178401,fb2d1dda,kkr,2019,2019
1178401,bbd41817,kkr,2019,2019
1178401,c03f1114,kkr,2019,2019
1178401,e342e5fb,kkr,2019,2019
1178401,98ae73b1,kkr,2019,2019
1178401,8d2c70ad,kkr,2019,2019
1178401,2f9d0389,kkr,2019,2019
1178401,85e0cf10,kkr,2019,2019
1178401,8b3e9c7c,dc,2019,2019
1178401,0a476045,dc,2019,2019
1178401,85ec8e33,dc,2019,2019
1178401,919a3be2,dc,2019,2019
1178401,c995d726,dc,2019,2019
1178401,fb66ce1f,dc,2019,2019
1178401,2e171977,dc,2019,2019
1178401,75224f22,dc,2019,2019
1178401,39a2dfa8,dc,2019,2019
1178401,e62dd25d,dc,2019,2019
1178401,5bb1a1c4,dc,2019,2019
1178402,740742ef,mi,2019,2019
1178402,372455c4,mi,2019,2019
1178402,271f83cd,mi,2019,2019
1178402,a757b0d8,mi,2019,2019
1178402,dbe50b21,mi,2019,2019
1178402,752f7486,mi,2019,2019
1178402,5b8c830e,mi,2019,2019
1178402,b0946605,mi,2019,2019
1178402,2ed569a0,mi,2019,2019
1178402,4933f499,mi,2019,2019
1178402,462411b3,mi,2019,2019
1178402,29e95537,rr,2019,2019
1178402,99b75528,rr,2019,2019
1178402,a4cc73aa,rr,2019,2019
1178402,30a45b23,rr,2019,2019
1178402,77255a9e,rr,2019,2019
1178402,50c6bc2b,rr,2019,2019
1178402,7a8bd078,rr,2019,2019
1178402,90de905a,rr,2019,2019
1178402,5574750c,rr,2019,2019
1178402,1e66c162,rr,2019,2019
1178402,d2a989fc,rr,2019,2019
1178403,b17e2f24,pbks,2019,2019
1178403,db584dad,pbks,2019,2019
1178403,00ea847a,pbks,2019,2019
1178403,f088b960,pbks,2019,2019
1178403,e94915e6,pbks,2019,2019
1178403,c3a96caf,pbks,2019,2019
1178403,3241e3fd,pbks,2019,2019
1178403,7c7d63a2,pbks,2019,2019
1178403,495d42a5,pbks,2019,2019
1178403,8cf9814c,pbks,2019,2019
1178403,e2db2409,pbks,2019,2019
1178403,b5da6c24,rcb,2019,2019
1178403,ba607b88,rcb,2019,2019
1178403,c4487b84,rcb,2019,2019
1178403,d9273ee7,rcb,2019,2019
1178403,bb351c23,rcb,2019,2019
1178403,f10e94c4,rcb,2019,2019
1178403,f62772e5,rcb,2019,2019
1178403,cc1e8c68,rcb,2019,2019
1178403,2f49c897,rcb,2019,2019
1178403,57ee1fde,rcb,2019,2019
1178403,21d4e29b,rcb,2019,2019
1178404,45eda7c8,kkr,2019,2019
1178404,9d430b40,kkr,2019,2019
1178404,fb2d1dda,kkr,2019,2019
1178404,1c17e270,kkr,2019,2019
1178404,c03f1114,kkr,2019,2019
1178404,bbd41817,kkr,2019,2019
1178404,b4b99816,kkr,2019,2019
1178404,98ae73b1,kkr,2019,2019
1178404,8d2c70ad,kkr,2019,2019
1178404,85e0cf10,kkr,2019,2019
1178404,e412cb64,kkr,2019,2019
1178404,4329fbb5,csk,2019,2019
1178404,3355b542,csk,2019,2019
1178404,1dc12ab9,csk,2019,2019
1178404,70d205c9,csk,2019,2019
1178404,99d63244,csk,2019,2019
1178404,4a8a2e3b,csk,2019,2019
1178404,fe93fd9d,csk,2019,2019
1178404,e4a0deae,csk,2019,2019
1178404,acee4cc4,csk,2019,2019
1178404,1abb78f8,csk,2019,2019
1178404,23eeb873,csk,2019,2019
1178405,8b3e9c7c,dc,2019,2019
1178405,0a476045,dc,2019,2019
1178405,af2c687b,dc,2019,2019
1178405,85ec8e33,dc,2019,2019
1178405,919a3be2,dc,2019,2019
1178405,fb66ce1f,dc,2019,2019
1178405,2e171977,dc,2019,2019
1178405,75224f22,dc,2019,2019
1178405,e62dd25d,dc,2019,2019
1178405,6b19d823,dc,2019,2019
1178405,5bb1a1c4,dc,2019,2019
1178405,dcce6f09,srh,2019,2019
1178405,abb83e27,srh,2019,2019
1178405,d027ba9f,srh,2019,2019
1178405,b63e358a,srh,2019,2019
1178405,0994d0ae,srh,2019,2019
1178405,73ad96ed,srh,2019,2019
1178405,f29185a1,srh,2019,2019
1178405,5f547c8b,srh,2019,2019
1178405,2e81a32d,srh,2019,2019
1178405,ce820073,srh,2019,2019
1178405,a2f46292,srh,2019,2019
1178406,b5da6c24,rcb,2019,2019
1178406,ba607b88,rcb,2019,2019
1178406,c4487b84,rcb,2019,2019
1178406,bb351c23,rcb,2019,2019
1178406,d9273ee7,rcb,2019,2019
1178406,f10e94c4,rcb,2019,2019
1178406,f62772e5,rcb,2019,2019
1178406,cc1e8c68,rcb,2019,2019
1178406,2f49c897,rcb,2019,2019
1178406,57ee1fde,rcb,2019,2019
1178406,21d4e29b,rcb,2019,2019
1178406,372455c4,mi,2019,2019
1178406,740742ef,mi,2019,2019
1178406,271f83cd,mi,2019,2019
1178406,752f7486,mi,2019,2019
1178406,5b8c830e,mi,2019,2019
1178406,dbe50b21,mi,2019,2019
1178406,a757b0d8,mi,2019,2019
1178406,4933f499,mi,2019,2019
1178406,2ed569a0,mi,2019,2019
1178406,462411b3,mi,2019,2019
1178406,a12e1d51,mi,2019,2019
1178407,b17e2f24,pbks,2019,2019
1178407,db584dad,pbks,2019,2019
1178407,00ea847a,pbks,2019,2019
1178407,d67d5f00,pbks,2019,2019
1178407,3241e3fd,pbks,2019,2019
1178407,c3a96caf,pbks,2019,2019
1178407,495d42a5,pbks,2019,2019
1178407,7d92277a,pbks,2019,2019
1178407,8cf9814c,pbks,2019,2019
1178407,e2db2409,pbks,2019,2019
1178407,244048f6,pbks,2019,2019
1178407,77255a9e,rr,2019,2019
1178407,99b75528,rr,2019,2019
1178407,a4cc73aa,rr,2019,2019
1178407,29e95537,rr,2019,2019
1178407,ff1e12a0,rr,2019,2019
1178407,5574750c,rr,2019,2019
1178407,bd17b45f,rr,2019,2019
1178407,7a8bd078,rr,2019,2019
1178407,1e66c162,rr,2019,2019
1178407,d2a989fc,rr,2019,2019
1178407,641ac5ff,rr,2019,2019
1178408,4329fbb5,csk,2019,2019
1178408,3355b542,csk,2019,2019
1178408,1dc12ab9,csk,2019,2019
1178408,70d205c9,csk,2019,2019
1178408,99d63244,csk,2019,2019
1178408,c16d4035,csk,2019,2019
1178408,fe93fd9d,csk,2019,2019
1178408,119678fd,csk,2019,2019
1178408,acee4cc4,csk,2019,2019
1178408,1abb78f8,csk,2019,2019
1178408,23eeb873,csk,2019,2019
1178408,dcce6f09,srh,2019,2019
1178408,abb83e27,srh,2019,2019
1178408,d027ba9f,srh,2019,2019
1178408,0994d0ae,srh,2019,2019
1178408,73ad96ed,srh,2019,2019
1178408,3c6ffae8,srh,2019,2019
1178408,5f547c8b,srh,2019,2019
1178408,2e81a32d,srh,2019,2019
1178408,ce820073,srh,2019,2019
1178408,9d80c5e1,srh,2019,2019
1178408,a2f46292,srh,2019,2019
1178409,740742ef,mi,2019,2019
1178409,372455c4,mi,2019,2019
1178409,2e11c706,mi,2019,2019
1178409,271f83cd,mi,2019,2019
1178409,5b8c830e,mi,2019,2019
1178409,dbe50b21,mi,2019,2019
1178409,a757b0d8,mi,2019,2019
1178409,2ed569a0,mi,2019,2019
1178409,81049310,mi,2019,2019
1178409,462411b3,mi,2019,2019
1178409,a12e1d51,mi,2019,2019
1178409,8b3e9c7c,dc,2019,2019
1178409,0a476045,dc,2019,2019
1178409,af2c687b,dc,2019,2019
1178409,85ec8e33,dc,2019,2019
1178409,919a3be2,dc,2019,2019
1178409,2e171977,dc,2019,2019
1178409,fb66ce1f,dc,2019,2019
1178409,75224f22,dc,2019,2019
1178409,e62dd25d,dc,2019,2019
1178409,6b19d823,dc,2019,2019
1178409,5bb1a1c4,dc,2019,2019
1178410,b5da6c24,rcb,2019,2019
1178410,ba607b88,rcb,2019,2019
1178410,f10e94c4,rcb,2019,2019
1178410,bb351c23,rcb,2019,2019
1178410,d9273ee7,rcb,2019,2019
1178410,235c2bb6,rcb,2019,2019
1178410,f62772e5,rcb,2019,2019
1178410,8fd1a8f5,rcb,2019,2019
1178410,2f49c897,rcb,2019,2019
1178410,57ee1fde,rcb,2019,2019
1178410,21d4e29b,rcb,2019,2019
1178410,45eda7c8,kkr,2019,2019
1178410,9d430b40,kkr,2019,2019
1178410,b4b99816,kkr,2019,2019
1178410,1c17e270,kkr,2019,2019
1178410,fb2d1dda,kkr,2019,2019
1178410,bbd41817,kkr,2019,2019
1178410,c03f1114,kkr,2019,2019
1178410,98ae73b1,kkr,2019,2019
1178410,8d2c70ad,kkr,2019,2019
1178410,e412cb64,kkr,2019,2019
1178410,85e0cf10,kkr,2019,2019
1178411,372455c4,mi,2019,2019
1178411,740742ef,mi,2019,2019
1178411,271f83cd,mi,2019,2019
1178411,dbe50b21,mi,2019,2019
1178411,a757b0d8,mi,2019,2019
1178411,2e11c706,mi,2019,2019
1178411,5b8c830e,mi,2019,2019
1178411,2ed569a0,mi,2019,2019
1178411,462411b3,mi,2019,2019
1178411,a12e1d51,mi,2019,2019
1178411,a9fd84fb,mi,2019,2019
1178411,29e95537,rr,2019,2019
1178411,a4cc73aa,rr,2019,2019
1178411,30a45b23,rr,2019,2019
1178411,e087956b,rr,2019,2019
1178411,04a418e8,rr,2019,2019
1178411,ff1e12a0,rr,2019,2019
1178411,bd17b45f,rr,2019,2019
1178411,5574750c,rr,2019,2019
1178411,7a8bd078,rr,2019,2019
1178411,1e66c162,rr,2019,2019
1178411,d2a989fc,rr,2019,2019
1178412,b17e2f24,pbks,2019,2019
1178412,db584dad,pbks,2019,2019
1178412,00ea847a,pbks,2019,2019
1178412,d67d5f00,pbks,2019,2019
1178412,c3a96caf,pbks,2019,2019
1178412,e94915e6,pbks,2019,2019
1178412,495d42a5,pbks,2019,2019
1178412,c05edf8e,pbks,2019,2019
1178412,a316d663,pbks,2019,2019
1178412,e2db2409,pbks,2019,2019
1178412,8cf9814c,pbks,2019,2019
1178412,8b3e9c7c,dc,2019,2019
1178412,0a476045,dc,2019,2019
1178412,85ec8e33,dc,2019,2019
1178412,919a3be2,dc,2019,2019
1178412,c995d726,dc,2019,2019
1178412,2e171977,dc,2019,2019
1178412,d014d5ac,dc,2019,2019
1178412,6b19d823,dc,2019,2019
1178412,e62dd25d,dc,2019,2019
1178412,5bb1a1c4,dc,2019,2019
1178412,b410bd3d,dc,2019,2019
1178413,45eda7c8,kkr,2019,2019
1178413,9d430b40,kkr,2019,2019
1178413,b4b99816,kkr,2019,2019
1178413,fb2d1dda,kkr,2019,2019
1178413,c03f1114,kkr,2019,2019
1178413,0a509d6b,kkr,2019,2019
1178413,bbd41817,kkr,2019,2019
1178413,98ae73b1,kkr,2019,2019
1178413,cfa4bd2b,kkr,2019,2019
1178413,edb3d4f8,kkr,2019,2019
1178413,e412cb64,kkr,2019,2019
1178413,dcce6f09,srh,2019,2019
1178413,abb83e27,srh,2019,2019
1178413,d027ba9f,srh,2019,2019
1178413,0994d0ae,srh,2019,2019
1178413,3c6ffae8,srh,2019,2019
1178413,73ad96ed,srh,2019,2019
1178413,5f547c8b,srh,2019,2019
1178413,2e81a32d,srh,2019,2019
1178413,9d80c5e1,srh,2019,2019
1178413,a2f46292,srh,2019,2019
1178413,ce820073,srh,2019,2019
1178414,b5da6c24,rcb,2019,2019
1178414,ba607b88,rcb,2019,2019
1178414,c4487b84,rcb,2019,2019
1178414,f10e94c4,rcb,2019,2019
1178414,d9273ee7,rcb,2019,2019
1178414,bb351c23,rcb,2019,2019
1178414,f62772e5,rcb,2019,2019
1178414,cc1e8c68,rcb,2019,2019
1178414,8fd1a8f5,rcb,2019,2019
1178414,21d4e29b,rcb,2019,2019
1178414,57ee1fde,rcb,2019,2019
1178414,4329fbb5,csk,2019,2019
1178414,3355b542,csk,2019,2019
1178414,1dc12ab9,csk,2019,2019
1178414,70d205c9,csk,2019,2019
1178414,99d63244,csk,2019,2019
1178414,4a8a2e3b,csk,2019,2019
1178414,fe93fd9d,csk,2019,2019
1178414,87e562a9,csk,2019,2019
1178414,1abb78f8,csk,2019,2019
1178414,23eeb873,csk,2019,2019
1178414,acee4cc4,csk,2019,2019
1178415,29e95537,rr,2019,2019
1178415,a4cc73aa,rr,2019,2019
1178415,30a45b23,rr,2019,2019
1178415,e087956b,rr,2019,2019
1178415,ff1e12a0,rr,2019,2019
1178415,bd17b45f,rr,2019,2019
1178415,04a418e8,rr,2019,2019
1178415,5574750c,rr,2019,2019
1178415,7a8bd078,rr,2019,2019
1178415,1e66c162,rr,2019,2019
1178415,d2a989fc,rr,2019,2019
1178415,8b3e9c7c,dc,2019,2019
1178415,0a476045,dc,2019,2019
1178415,85ec8e33,dc,2019,2019
1178415,919a3be2,dc,2019,2019
1178415,d014d5ac,dc,2019,2019
1178415,c995d726,dc,2019,2019
1178415,2e171977,dc,2019,2019
1178415,fb66ce1f,dc,2019,2019
1178415,6b19d823,dc,2019,2019
1178415,e62dd25d,dc,2019,2019
1178415,5bb1a1c4,dc,2019,2019
1178416,dcce6f09,srh,2019,2019
1178416,abb83e27,srh,2019,2019
1178416,93b4fc78,srh,2019,2019
1178416,0994d0ae,srh,2019,2019
1178416,3c6ffae8,srh,2019,2019
1178416,7dc35884,srh,2019,2019
1178416,73ad96ed,srh,2019,2019
1178416,5f547c8b,srh,2019,2019
1178416,2e81a32d,srh,2019,2019
1178416,a2f46292,srh,2019,2019
1178416,ce820073,srh,2019,2019
1178416,4329fbb5,csk,2019,2019
1178416,3355b542,csk,2019,2019
1178416,1dc12ab9,csk,2019,2019
1178416,70d205c9,csk,2019,2019
1178416,99d63244,csk,2019,2019
1178416,87e562a9,csk,2019,2019
1178416,4a8a2e3b,csk,2019,2019
1178416,fe93fd9d,csk,2019,2019
1178416,8b5b6769,csk,2019,2019
1178416,23eeb873,csk,2019,2019
1178416,acee4cc4,csk,2019,2019
1178417,b5da6c24,rcb,2019,2019
1178417,ba607b88,rcb,2019,2019
1178417,c4487b84,rcb,2019,2019
1178417,bb351c23,rcb,2019,2019
1178417,f10e94c4,rcb,2019,2019
1178417,d9273ee7,rcb,2019,2019
1178417,f19ccfad,rcb,2019,2019
1178417,cc1e8c68,rcb,2019,2019
1178417,13c35c9e,rcb,2019,2019
1178417,57ee1fde,rcb,2019,2019
1178417,21d4e29b,rcb,2019,2019
1178417,b17e2f24,pbks,2019,2019
1178417,db584dad,pbks,2019,2019
1178417,00ea847a,pbks,2019,2019
1178417,d67d5f00,pbks,2019,2019
1178417,3241e3fd,pbks,2019,2019
1178417,c3a96caf,pbks,2019,2019
1178417,495d42a5,pbks,2019,2019
1178417,a316d663,pbks,2019,2019
1178417,e2db2409,pbks,2019,2019
1178417,db31895a,pbks,2019,2019
1178417,8cf9814c,pbks,2019,2019
1178418,45eda7c8,kkr,2019,2019
1178418,b4b99816,kkr,2019,2019
1178418,fb2d1dda,kkr,2019,2019
1178418,c03f1114,kkr,2019,2019
1178418,9d430b40,kkr,2019,2019
1178418,bbd41817,kkr,2019,2019
1178418,e342e5fb,kkr,2019,2019
1178418,0a509d6b,kkr,2019,2019
1178418,98ae73b1,kkr,2019,2019
1178418,cfa4bd2b,kkr,2019,2019
1178418,85e0cf10,kkr,2019,2019
1178418,29e95537,rr,2019,2019
1178418,a4cc73aa,rr,2019,2019
1178418,30a45b23,rr,2019,2019
1178418,e087956b,rr,2019,2019
1178418,04a418e8,rr,2019,2019
1178418,bd17b45f,rr,2019,2019
1178418,7a8bd078,rr,2019,2019
1178418,5574750c,rr,2019,2019
1178418,1e66c162,rr,2019,2019
1178418,0a3d54b9,rr,2019,2019
1178418,c6097d68,rr,2019,2019
1178419,740742ef,mi,2019,2019
1178419,372455c4,mi,2019,2019
1178419,0ebfb1ad,mi,2019,2019
1178419,5b8c830e,mi,2019,2019
1178419,dbe50b21,mi,2019,2019
1178419,a757b0d8,mi,2019,2019
1178419,271f83cd,mi,2019,2019
1178419,e4cdf230,mi,2019,2019
1178419,2ed569a0,mi,2019,2019
1178419,462411b3,mi,2019,2019
1178419,a12e1d51,mi,2019,2019
1178419,4b57e452,csk,2019,2019
1178419,4329fbb5,csk,2019,2019
1178419,1dc12ab9,csk,2019,2019
1178419,70d205c9,csk,2019,2019
1178419,99d63244,csk,2019,2019
1178419,faa7365d,csk,2019,2019
1178419,87e562a9,csk,2019,2019
1178419,e4a0deae,csk,2019,2019
1178419,23eeb873,csk,2019,2019
1178419,8b5b6769,csk,2019,2019
1178419,acee4cc4,csk,2019,2019
1178420,dcce6f09,srh,2019,2019
1178420,d027ba9f,srh,2019,2019
1178420,93b4fc78,srh,2019,2019
1178420,0994d0ae,srh,2019,2019
1178420,7dc35884,srh,2019,2019
1178420,73ad96ed,srh,2019,2019
1178420,fe11caa6,srh,2019,2019
1178420,5f547c8b,srh,2019,2019
1178420,2e81a32d,srh,2019,2019
1178420,dcf81436,srh,2019,2019
1178420,a2f46292,srh,2019,2019
1178420,29e95537,rr,2019,2019
1178420,50c6bc2b,rr,2019,2019
1178420,a4cc73aa,rr,2019,2019
1178420,30a45b23,rr,2019,2019
1178420,ff1e12a0,rr,2019,2019
1178420,04a418e8,rr,2019,2019
1178420,bd17b45f,rr,2019,2019
1178420,7a8bd078,rr,2019,2019
1178420,1e66c162,rr,2019,2019
1178420,0a3d54b9,rr,2019,2019
1178420,c6097d68,rr,2019,2019
1178421,8b3e9c7c,dc,2019,2019
1178421,0a476045,dc,2019,2019
1178421,85ec8e33,dc,2019,2019
1178421,919a3be2,dc,2019,2019
1178421,c995d726,dc,2019,2019
1178421,d014d5ac,dc,2019,2019
1178421,2e171977,dc,2019,2019
1178421,b410bd3d,dc,2019,2019
1178421,6b19d823,dc,2019,2019
1178421,e62dd25d,dc,2019,2019
1178421,5bb1a1c4,dc,2019,2019
1178421,b5da6c24,rcb,2019,2019
1178421,ba607b88,rcb,2019,2019
1178421,c4487b84,rcb,2019,2019
1178421,a4e37e47,rcb,2019,2019
1178421,235c2bb6,rcb,2019,2019
1178421,6eb146d2,rcb,2019,2019
1178421,d9273ee7,rcb,2019,2019
1178421,f19ccfad,rcb,2019,2019
1178421,cc1e8c68,rcb,2019,2019
1178421,57ee1fde,rcb,2019,2019
1178421,21d4e29b,rcb,2019,2019
1178422,b4b99816,kkr,2019,2019
1178422,45eda7c8,kkr,2019,2019
1178422,bbd41817,kkr,2019,2019
1178422,c03f1114,kkr,2019,2019
1178422,9d430b40,kkr,2019,2019
1178422,1c17e270,kkr,2019,2019
1178422,fb2d1dda,kkr,2019,2019
1178422,0a509d6b,kkr,2019,2019
1178422,98ae73b1,kkr,2019,2019
1178422,e412cb64,kkr,2019,2019
1178422,cdc6bdba,kkr,2019,2019
1178422,372455c4,mi,2019,2019
1178422,740742ef,mi,2019,2019
1178422,0ebfb1ad,mi,2019,2019
1178422,271f83cd,mi,2019,2019
1178422,a757b0d8,mi,2019,2019
1178422,dbe50b21,mi,2019,2019
1178422,5b8c830e,mi,2019,2019
1178422,d8b2f218,mi,2019,2019
1178422,2ed569a0,mi,2019,2019
1178422,a12e1d51,mi,2019,2019
1178422,462411b3,mi,2019,2019
1178423,dcce6f09,srh,2019,2019
1178423,fe11caa6,srh,2019,2019
1178423,93b4fc78,srh,2019,2019
1178423,62af8546,srh,2019,2019
1178423,d027ba9f,srh,2019,2019
1178423,5f547c8b,srh,2019,2019
1178423,0994d0ae,srh,2019,2019
1178423,f29185a1,srh,2019,2019
1178423,2e81a32d,srh,2019,2019
1178423,a2f46292,srh,2019,2019
1178423,ce820073,srh,2019,2019
1178423,b17e2f24,pbks,2019,2019
1178423,db584dad,pbks,2019,2019
1178423,00ea847a,pbks,2019,2019
1178423,3241e3fd,pbks,2019,2019
1178423,d67d5f00,pbks,2019,2019
1178423,495d42a5,pbks,2019,2019
1178423,9418198b,pbks,2019,2019
1178423,e2db2409,pbks,2019,2019
1178423,7d92277a,pbks,2019,2019
1178423,8cf9814c,pbks,2019,2019
1178423,244048f6,pbks,2019,2019
1178424,ba607b88,rcb,2019,2019
1178424,c4487b84,rcb,2019,2019
1178424,d9273ee7,rcb,2019,2019
1178424,235c2bb6,rcb,2019,2019
1178424,6eb146d2,rcb,2019,2019
1178424,b5da6c24,rcb,2019,2019
1178424,f62772e5,rcb,2019,2019
1178424,cc1e8c68,rcb,2019,2019
1178424,21d4e29b,rcb,2019,2019
1178424,fa2f1dde,rcb,2019,2019
1178424,57ee1fde,rcb,2019,2019
1178424,a4cc73aa,rr,2019,2019
1178424,50c6bc2b,rr,2019,2019
1178424,29e95537,rr,2019,2019
1178424,30a45b23,rr,2019,2019
1178424,04a418e8,rr,2019,2019
1178424,bd17b45f,rr,2019,2019
1178424,da934ee8,rr,2019,2019
1178424,7a8bd078,rr,2019,2019
1178424,1e66c162,rr,2019,2019
1178424,0a3d54b9,rr,2019,2019
1178424,c6097d68,rr,2019,2019
1178425,3355b542,csk,2019,2019
1178425,4329fbb5,csk,2019,2019
1178425,1dc12ab9,csk,2019,2019
1178425,4a8a2e3b,csk,2019,2019
1178425,fe93fd9d,csk,2019,2019
1178425,70d205c9,csk,2019,2019
1178425,99d63244,csk,2019,2019
1178425,87e562a9,csk,2019,2019
1178425,23eeb873,csk,2019,2019
1178425,8b5b6769,csk,2019,2019
1178425,acee4cc4,csk,2019,2019
1178425,8b3e9c7c,dc,2019,2019
1178425,0a476045,dc,2019,2019
1178425,85ec8e33,dc,2019,2019
1178425,919a3be2,dc,2019,2019
1178425,c995d726,dc,2019,2019
1178425,2e171977,dc,2019,2019
1178425,d014d5ac,dc,2019,2019
1178425,fb66ce1f,dc,2019,2019
1178425,4125d931,dc,2019,2019
1178425,6b19d823,dc,2019,2019
1178425,a818c1be,dc,2019,2019
1178426,740742ef,mi,2019,2019
1178426,372455c4,mi,2019,2019
1178426,271f83cd,mi,2019,2019
1178426,0ebfb1ad,mi,2019,2019
1178426,dbe50b21,mi,2019,2019
1178426,a757b0d8,mi,2019,2019
1178426,5b8c830e,mi,2019,2019
1178426,d8b2f218,mi,2019,2019
1178426,2ed569a0,mi,2019,2019
1178426,a12e1d51,mi,2019,2019
1178426,462411b3,mi,2019,2019
1178426,fe11caa6,srh,2019,2019
1178426,2be41edb,srh,2019,2019
1178426,93b4fc78,srh,2019,2019
1178426,d027ba9f,srh,2019,2019
1178426,0994d0ae,srh,2019,2019
1178426,f29185a1,srh,2019,2019
1178426,62af8546,srh,2019,2019
1178426,5f547c8b,srh,2019,2019
1178426,2e81a32d,srh,2019,2019
1178426,a2f46292,srh,2019,2019
1178426,871e9faf,srh,2019,2019
1178427,db584dad,pbks,2019,2019
1178427,b17e2f24,pbks,2019,2019
1178427,00ea847a,pbks,2019,2019
1178427,3241e3fd,pbks,2019,2019
1178427,c3a96caf,pbks,2019,2019
1178427,e94915e6,pbks,2019,2019
1178427,495d42a5,pbks,2019,2019
1178427,7c7d63a2,pbks,2019,2019
1178427,8cf9814c,pbks,2019,2019
1178427,e2db2409,pbks,2019,2019
1178427,244048f6,pbks,2019,2019
1178427,b4b99816,kkr,2019,2019
1178427,45eda7c8,kkr,2019,2019
1178427,1c17e270,kkr,2019,2019
1178427,bbd41817,kkr,2019,2019
1178427,c03f1114,kkr,2019,2019
1178427,9d430b40,kkr,2019,2019
1178427,fb2d1dda,kkr,2019,2019
1178427,0a509d6b,kkr,2019,2019
1178427,98ae73b1,kkr,2019,2019
1178427,e412cb64,kkr,2019,2019
1178427,cdc6bdba,kkr,2019,2019
1178428,29e95537,rr,2019,2019
1178428,50c6bc2b,rr,2019,2019
1178428,a4cc73aa,rr,2019,2019
1178428,da934ee8,rr,2019,2019
1178428,7a8bd078,rr,2019,2019
1178428,04a418e8,rr,2019,2019
1178428,bd17b45f,rr,2019,2019
1178428,90de905a,rr,2019,2019
1178428,641ac5ff,rr,2019,2019
1178428,0a3d54b9,rr,2019,2019
1178428,c6097d68,rr,2019,2019
1178428,8b3e9c7c,dc,2019,2019
1178428,0a476045,dc,2019,2019
1178428,85ec8e33,dc,2019,2019
1178428,919a3be2,dc,2019,2019
1178428,c995d726,dc,2019,2019
1178428,d014d5ac,dc,2019,2019
1178428,2e171977,dc,2019,2019
1178428,75224f22,dc,2019,2019
1178428,6b19d823,dc,2019,2019
1178428,a818c1be,dc,2019,2019
1178428,5bb1a1c4,dc,2019,2019
1178429,fe11caa6,srh,2019,2019
1178429,2be41edb,srh,2019,2019
1178429,93b4fc78,srh,2019,2019
1178429,d027ba9f,srh,2019,2019
1178429,0994d0ae,srh,2019,2019
1178429,3c6ffae8,srh,2019,2019
1178429,62af8546,srh,2019,2019
1178429,5f547c8b,srh,2019,2019
1178429,2e81a32d,srh,2019,2019
1178429,a2f46292,srh,2019,2019
1178429,871e9faf,srh,2019,2019
1178429,b5da6c24,rcb,2019,2019
1178429,ba607b88,rcb,2019,2019
1178429,c4487b84,rcb,2019,2019
1178429,48a1d7b7,rcb,2019,2019
1178429,6eb146d2,rcb,2019,2019
1178429,94d7f855,rcb,2019,2019
1178429,f19ccfad,rcb,2019,2019
1178429,cc1e8c68,rcb,2019,2019
1178429,fa2f1dde,rcb,2019,2019
1178429,57ee1fde,rcb,2019,2019
1178429,21d4e29b,rcb,2019,2019
1178430,3355b542,csk,2019,2019
1178430,4329fbb5,csk,2019,2019
1178430,1dc12ab9,csk,2019,2019
1178430,4a8a2e3b,csk,2019,2019
1178430,70d205c9,csk,2019,2019
1178430,99d63244,csk,2019,2019
1178430,87e562a9,csk,2019,2019
1178430,fe93fd9d,csk,2019,2019
1178430,23eeb873,csk,2019,2019
1178430,8b5b6769,csk,2019,2019
1178430,acee4cc4,csk,2019,2019
1178430,b17e2f24,pbks,2019,2019
1178430,db584dad,pbks,2019,2019
1178430,3241e3fd,pbks,2019,2019
1178430,00ea847a,pbks,2019,2019
1178430,c3a96caf,pbks,2019,2019
1178430,e94915e6,pbks,2019,2019
1178430,495d42a5,pbks,2019,2019
1178430,7c7d63a2,pbks,2019,2019
1178430,8cf9814c,pbks,2019,2019
1178430,e2db2409,pbks,2019,2019
1178430,c05edf8e,pbks,2019,2019
1178431,b4b99816,kkr,2019,2019
1178431,45eda7c8,kkr,2019,2019
1178431,1c17e270,kkr,2019,2019
1178431,c03f1114,kkr,2019,2019
1178431,bbd41817,kkr,2019,2019
1178431,fb2d1dda,kkr,2019,2019
1178431,0a509d6b,kkr,2019,2019
1178431,9d430b40,kkr,2019,2019
1178431,e412cb64,kkr,2019,2019
1178431,85e0cf10,kkr,2019,2019
1178431,cdc6bdba,kkr,2019,2019
1178431,372455c4,mi,2019,2019
1178431,740742ef,mi,2019,2019
1178431,271f83cd,mi,2019,2019
1178431,752f7486,mi,2019,2019
1178431,dbe50b21,mi,2019,2019
1178431,a757b0d8,mi,2019,2019
1178431,5b8c830e,mi,2019,2019
1178431,2ed569a0,mi,2019,2019
1178431,51a3c5ef,mi,2019,2019
1178431,a12e1d51,mi,2019,2019
1178431,462411b3,mi,2019,2019
1181764,3355b542,csk,2019,2019
1181764,4329fbb5,csk,2019,2019
1181764,1dc12ab9,csk,2019,2019
1181764,4b57e452,csk,2019,2019
1181764,70d205c9,csk,2019,2019
1181764,4a8a2e3b,csk,2019,2019
1181764,fe93fd9d,csk,2019,2019
1181764,87e562a9,csk,2019,2019
1181764,23eeb873,csk,2019,2019
1181764,8b5b6769,csk,2019,2019
1181764,acee4cc4,csk,2019,2019
1181764,740742ef,mi,2019,2019
1181764,372455c4,mi,2019,2019
1181764,271f83cd,mi,2019,2019
1181764,752f7486,mi,2019,2019
1181764,5b8c830e,mi,2019,2019
1181764,dbe50b21,mi,2019,2019
1181764,a757b0d8,mi,2019,2019
1181764,81049310,mi,2019,2019
1181764,2ed569a0,mi,2019,2019
1181764,a12e1d51,mi,2019,2019
1181764,462411b3,mi,2019,2019
1181766,fe11caa6,srh,2019,2019
1181766,2be41edb,srh,2019,2019
1181766,93b4fc78,srh,2019,2019
1181766,d027ba9f,srh,2019,2019
1181766,0994d0ae,srh,2019,2019
1181766,62af8546,srh,2019,2019
1181766,73ad96ed,srh,2019,2019
1181766,5f547c8b,srh,2019,2019
1181766,2e81a32d,srh,2019,2019
1181766,871e9faf,srh,2019,2019
1181766,a2f46292,srh,2019,2019
1181766,8b3e9c7c,dc,2019,2019
1181766,0a476045,dc,2019,2019
1181766,85ec8e33,dc,2019,2019
1181766,919a3be2,dc,2019,2019
1181766,af2c687b,dc,2019,2019
1181766,2e171977,dc,2019,2019
1181766,d014d5ac,dc,2019,2019
1181766,75224f22,dc,2019,2019
1181766,6b19d823,dc,2019,2019
1181766,a818c1be,dc,2019,2019
1181766,5bb1a1c4,dc,2019,2019
1181767,8b3e9c7c,dc,2019,2019
1181767,0a476045,dc,2019,2019
1181767,af2c687b,dc,2019,2019
1181767,85ec8e33,dc,2019,2019
1181767,919a3be2,dc,2019,2019
1181767,2e171977,dc,2019,2019
1181767,d014d5ac,dc,2019,2019
1181767,75224f22,dc,2019,2019
1181767,6b19d823,dc,2019,2019
1181767,a818c1be,dc,2019,2019
1181767,5bb1a1c4,dc,2019,2019
1181767,3355b542,csk,2019,2019
1181767,4329fbb5,csk,2019,2019
1181767,1dc12ab9,csk,2019,2019
1181767,70d205c9,csk,2019,2019
1181767,4a8a2e3b,csk,2019,2019
1181767,87e562a9,csk,2019,2019
1181767,fe93fd9d,csk,2019,2019
1181767,23eeb873,csk,2019,2019
1181767,8b5b6769,csk,2019,2019
1181767,acee4cc4,csk,2019,2019
1181767,1abb78f8,csk,2019,2019
1181768,372455c4,mi,2019,2019
1181768,740742ef,mi,2019,2019
1181768,271f83cd,mi,2019,2019
1181768,752f7486,mi,2019,2019
1181768,5b8c830e,mi,2019,2019
1181768,a757b0d8,mi,2019,2019
1181768,dbe50b21,mi,2019,2019
1181768,2ed569a0,mi,2019,2019
1181768,51a3c5ef,mi,2019,2019
1181768,462411b3,mi,2019,2019
1181768,a12e1d51,mi,2019,2019
1181768,3355b542,csk,2019,2019
1181768,4329fbb5,csk,2019,2019
1181768,1dc12ab9,csk,2019,2019
1181768,70d205c9,csk,2019,2019
1181768,4a8a2e3b,csk,2019,2019
1181768,87e562a9,csk,2019,2019
1181768,fe93fd9d,csk,2019,2019
1181768,1abb78f8,csk,2019,2019
1181768,23eeb873,csk,2019,2019
1181768,8b5b6769,csk,2019,2019
1181768,acee4cc4,csk,2019,2019
1216492,740742ef,mi,2020/21,2021
1216492,372455c4,mi,2020/21,2021
1216492,271f83cd,mi,2020/21,2021
1216492,709b0bac,mi,2020/21,2021
1216492,dbe50b21,mi,2020/21,2021
1216492,a757b0d8,mi,2020/21,2021
1216492,5b8c830e,mi,2020/21,2021
1216492,f752db61,mi,2020/21,2021
1216492,2ed569a0,mi,2020/21,2021
1216492,a818c1be,mi,2020/21,2021
1216492,462411b3,mi,2020/21,2021
1216492,4b57e452,csk,2020/21,2021
1216492,4329fbb5,csk,2020/21,2021
1216492,3355b542,csk,2020/21,2021
1216492,70d205c9,csk,2020/21,2021
1216492,fe93fd9d,csk,2020/21,2021
1216492,e94915e6,csk,2020/21,2021
1216492,4a8a2e3b,csk,2020/21,2021
1216492,99d63244,csk,2020/21,2021
1216492,98ae73b1,csk,2020/21,2021
1216492,23eeb873,csk,2020/21,2021
1216492,f834dcfc,csk,2020/21,2021
1216493,8b3e9c7c,dc,2020/21,2021
1216493,0a476045,dc,2020/21,2021
1216493,48a1d7b7,dc,2020/21,2021
1216493,85ec8e33,dc,2020/21,2021
1216493,919a3be2,dc,2020/21,2021
1216493,d9273ee7,dc,2020/21,2021
1216493,2e171977,dc,2020/21,2021
1216493,495d42a5,dc,2020/21,2021
1216493,e62dd25d,dc,2020/21,2021
1216493,acdc62f5,dc,2020/21,2021
1216493,759ac88f,dc,2020/21,2021
1216493,b17e2f24,pbks,2020/21,2021
1216493,00ea847a,pbks,2020/21,2021
1216493,944533a5,pbks,2020/21,2021
1216493,3241e3fd,pbks,2020/21,2021
1216493,b681e71e,pbks,2020/21,2021
1216493,f088b960,pbks,2020/21,2021
1216493,90de905a,pbks,2020/21,2021
1216493,ffe699c0,pbks,2020/21,2021
1216493,8cf9814c,pbks,2020/21,2021
1216493,a1d053dd,pbks,2020/21,2021
1216493,df064e1a,pbks,2020/21,2021
1216494,b4b99816,kkr,2020/21,2021
1216494,77255a9e,kkr,2020/21,2021
1216494,fb2d1dda,kkr,2020/21,2021
1216494,25f7b7d6,kkr,2020/21,2021
1216494,c03f1114,kkr,2020/21,2021
1216494,d2a6c0e6,kkr,2020/21,2021
1216494,ded9240e,kkr,2020/21,2021
1216494,8d2c70ad,kkr,2020/21,2021
1216494,2f9d0389,kkr,2020/21,2021
1216494,85e0cf10,kkr,2020/21,2021
1216494,5b7ab5a9,kkr,2020/21,2021
1216494,2c25d4f5,rcb,2020/21,2021
1216494,b8d490fd,rcb,2020/21,2021
1216494,6eb146d2,rcb,2020/21,2021
1216494,ba607b88,rcb,2020/21,2021
1216494,c4487b84,rcb,2020/21,2021
1216494,fb66ce1f,rcb,2020/21,2021
1216494,f19ccfad,rcb,2020/21,2021
1216494,ac5ae4af,rcb,2020/21,2021
1216494,21d4e29b,rcb,2020/21,2021
1216494,57ee1fde,rcb,2020/21,2021
1216494,2f49c897,rcb,2020/21,2021
1216495,740742ef,mi,2020/21,2021
1216495,372455c4,mi,2020/21,2021
1216495,271f83cd,mi,2020/21,2021
1216495,752f7486,mi,2020/21,2021
1216495,5b8c830e,mi,2020/21,2021
1216495,709b0bac,mi,2020/21,2021
1216495,a757b0d8,mi,2020/21,2021
1216495,56ab442f,mi,2020/21,2021
1216495,f752db61,mi,2020/21,2021
1216495,d2a989fc,mi,2020/21,2021
1216495,2ed569a0,mi,2020/21,2021
1216495,dcce6f09,srh,2020/21,2021
1216495,fe11caa6,srh,2020/21,2021
1216495,93b4fc78,srh,2020/21,2021
1216495,d027ba9f,srh,2020/21,2021
1216495,bb965e9a,srh,2020/21,2021
1216495,0f721006,srh,2020/21,2021
1216495,8e514b4c,srh,2020/21,2021
1216495,5f547c8b,srh,2020/21,2021
1216495,9d80c5e1,srh,2020/21,2021
1216495,ce820073,srh,2020/21,2021
1216495,ce794613,srh,2020/21,2021
1216496,6c19c6e5,rr,2020/21,2021
1216496,30a45b23,rr,2020/21,2021
1216496,a4cc73aa,rr,2020/21,2021
1216496,d67d5f00,rr,2020/21,2021
1216496,1c17e270,rr,2020/21,2021
1216496,39a2dfa8,rr,2020/21,2021
1216496,04a418e8,rr,2020/21,2021
1216496,e86754b2,rr,2020/21,2021
1216496,5574750c,rr,2020/21,2021
1216496,7a8bd078,rr,2020/21,2021
1216496,1e66c162,rr,2020/21,2021
1216496,4b57e452,csk,2020/21,2021
1216496,4329fbb5,csk,2020/21,2021
1216496,3355b542,csk,2020/21,2021
1216496,e94915e6,csk,2020/21,2021
1216496,45a43fe2,csk,2020/21,2021
1216496,99d63244,csk,2020/21,2021
1216496,4a8a2e3b,csk,2020/21,2021
1216496,fe93fd9d,csk,2020/21,2021
1216496,98ae73b1,csk,2020/21,2021
1216496,23eeb873,csk,2020/21,2021
1216496,f834dcfc,csk,2020/21,2021
1216497,b4b99816,kkr,2020/21,2021
1216497,fb2d1dda,kkr,2020/21,2021
1216497,77255a9e,kkr,2020/21,2021
1216497,c03f1114,kkr,2020/21,2021
1216497,9d430b40,kkr,2020/21,2021
1216497,d2a6c0e6,kkr,2020/21,2021
1216497,ded9240e,kkr,2020/21,2021
1216497,2f9d0389,kkr,2020/21,2021
1216497,b4f5c2d9,kkr,2020/21,2021
1216497,85e0cf10,kkr,2020/21,2021
1216497,5b7ab5a9,kkr,2020/21,2021
1216497,29e95537,dc,2020/21,2021
1216497,0a476045,dc,2020/21,2021
1216497,85ec8e33,dc,2020/21,2021
1216497,919a3be2,dc,2020/21,2021
1216497,48a1d7b7,dc,2020/21,2021
1216497,d9273ee7,dc,2020/21,2021
1216497,2e171977,dc,2020/21,2021
1216497,e62dd25d,dc,2020/21,2021
1216497,495d42a5,dc,2020/21,2021
1216497,46a9bea1,dc,2020/21,2021
1216497,acdc62f5,dc,2020/21,2021
1216498,b17e2f24,pbks,2020/21,2021
1216498,c3a96caf,pbks,2020/21,2021
1216498,db584dad,pbks,2020/21,2021
1216498,3241e3fd,pbks,2020/21,2021
1216498,b681e71e,pbks,2020/21,2021
1216498,73ad96ed,pbks,2020/21,2021
1216498,ffe699c0,pbks,2020/21,2021
1216498,e2db2409,pbks,2020/21,2021
1216498,df064e1a,pbks,2020/21,2021
1216498,8cf9814c,pbks,2020/21,2021
1216498,244048f6,pbks,2020/21,2021
1216498,dcce6f09,srh,2020/21,2021
1216498,abb83e27,srh,2020/21,2021
1216498,93b4fc78,srh,2020/21,2021
1216498,8e514b4c,srh,2020/21,2021
1216498,0994d0ae,srh,2020/21,2021
1216498,0f721006,srh,2020/21,2021
1216498,bb965e9a,srh,2020/21,2021
1216498,5f547c8b,srh,2020/21,2021
1216498,ce820073,srh,2020/21,2021
1216498,ce794613,srh,2020/21,2021
1216498,a2f46292,srh,2020/21,2021
1216499,39086549,rcb,2020/21,2021
1216499,2c25d4f5,rcb,2020/21,2021
1216499,ba607b88,rcb,2020/21,2021
1216499,c4487b84,rcb,2020/21,2021
1216499,a4e37e47,rcb,2020/21,2021
1216499,fb66ce1f,rcb,2020/21,2021
1216499,6eb146d2,rcb,2020/21,2021
1216499,f19ccfad,rcb,2020/21,2021
1216499,57ee1fde,rcb,2020/21,2021
1216499,2f49c897,rcb,2020/21,2021
1216499,8fd1a8f5,rcb,2020/21,2021
1216499,372455c4,mi,2020/21,2021
1216499,752f7486,mi,2020/21,2021
1216499,271f83cd,mi,2020/21,2021
1216499,709b0bac,mi,2020/21,2021
1216499,5b8c830e,mi,2020/21,2021
1216499,dbe50b21,mi,2020/21,2021
1216499,a757b0d8,mi,2020/21,2021
1216499,f752db61,mi,2020/21,2021
1216499,2ed569a0,mi,2020/21,2021
1216499,a818c1be,mi,2020/21,2021
1216499,462411b3,mi,2020/21,2021
1216500,8b3e9c7c,dc,2020/21,2021
1216500,0a476045,dc,2020/21,2021
1216500,85ec8e33,dc,2020/21,2021
1216500,919a3be2,dc,2020/21,2021
1216500,d9273ee7,dc,2020/21,2021
1216500,48a1d7b7,dc,2020/21,2021
1216500,f986ca1a,dc,2020/21,2021
1216500,2e171977,dc,2020/21,2021
1216500,e62dd25d,dc,2020/21,2021
1216500,495d42a5,dc,2020/21,2021
1216500,acdc62f5,dc,2020/21,2021
1216500,6c19c6e5,rr,2020/21,2021
1216500,99b75528,rr,2020/21,2021
1216500,30a45b23,rr,2020/21,2021
1216500,a4cc73aa,rr,2020/21,2021
1216500,da934ee8,rr,2020/21,2021
1216500,39a2dfa8,rr,2020/21,2021
1216500,7c7d63a2,rr,2020/21,2021
1216500,5574750c,rr,2020/21,2021
1216500,7a8bd078,rr,2020/21,2021
1216500,5d2eea49,rr,2020/21,2021
1216500,0a3d54b9,rr,2020/21,2021
1216501,77255a9e,kkr,2020/21,2021
1216501,b4b99816,kkr,2020/21,2021
1216501,fb2d1dda,kkr,2020/21,2021
1216501,9d430b40,kkr,2020/21,2021
1216501,d2a6c0e6,kkr,2020/21,2021
1216501,bbd41817,kkr,2020/21,2021
1216501,c03f1114,kkr,2020/21,2021
1216501,ded9240e,kkr,2020/21,2021
1216501,b4f5c2d9,kkr,2020/21,2021
1216501,c38d3503,kkr,2020/21,2021
1216501,5b7ab5a9,kkr,2020/21,2021
1216501,4329fbb5,csk,2020/21,2021
1216501,3355b542,csk,2020/21,2021
1216501,70d205c9,csk,2020/21,2021
1216501,4a8a2e3b,csk,2020/21,2021
1216501,e94915e6,csk,2020/21,2021
1216501,99d63244,csk,2020/21,2021
1216501,fe93fd9d,csk,2020/21,2021
1216501,87e562a9,csk,2020/21,2021
1216501,1abb78f8,csk,2020/21,2021
1216501,23eeb873,csk,2020/21,2021
1216501,119678fd,csk,2020/21,2021
1216502,39086549,rcb,2020/21,2021
1216502,2c25d4f5,rcb,2020/21,2021
1216502,ba607b88,rcb,2020/21,2021
1216502,c4487b84,rcb,2020/21,2021
1216502,f19ccfad,rcb,2020/21,2021
1216502,6eb146d2,rcb,2020/21,2021
1216502,fb66ce1f,rcb,2020/21,2021
1216502,ac5ae4af,rcb,2020/21,2021
1216502,2f49c897,rcb,2020/21,2021
1216502,21d4e29b,rcb,2020/21,2021
1216502,57ee1fde,rcb,2020/21,2021
1216502,dcce6f09,srh,2020/21,2021
1216502,fe11caa6,srh,2020/21,2021
1216502,93b4fc78,srh,2020/21,2021
1216502,d027ba9f,srh,2020/21,2021
1216502,f29185a1,srh,2020/21,2021
1216502,0f721006,srh,2020/21,2021
1216502,8e514b4c,srh,2020/21,2021
1216502,5f547c8b,srh,2020/21,2021
1216502,9d80c5e1,srh,2020/21,2021
1216502,ce820073,srh,2020/21,2021
1216502,ce794613,srh,2020/21,2021
1216503,372455c4,mi,2020/21,2021
1216503,740742ef,mi,2020/21,2021
1216503,271f83cd,mi,2020/21,2021
1216503,752f7486,mi,2020/21,2021
1216503,a757b0d8,mi,2020/21,2021
1216503,dbe50b21,mi,2020/21,2021
1216503,5b8c830e,mi,2020/21,2021
1216503,f752db61,mi,2020/21,2021
1216503,2ed569a0,mi,2020/21,2021
1216503,a818c1be,mi,2020/21,2021
1216503,462411b3,mi,2020/21,2021
1216503,b17e2f24,pbks,2020/21,2021
1216503,00ea847a,pbks,2020/21,2021
1216503,944533a5,pbks,2020/21,2021
1216503,3241e3fd,pbks,2020/21,2021
1216503,b681e71e,pbks,2020/21,2021
1216503,9219eff0,pbks,2020/21,2021
1216503,f088b960,pbks,2020/21,2021
1216503,90de905a,pbks,2020/21,2021
1216503,df064e1a,pbks,2020/21,2021
1216503,8cf9814c,pbks,2020/21,2021
1216503,a1d053dd,pbks,2020/21,2021
1216504,b4b99816,kkr,2020/21,2021
1216504,9d430b40,kkr,2020/21,2021
1216504,fb2d1dda,kkr,2020/21,2021
1216504,bbd41817,kkr,2020/21,2021
1216504,c03f1114,kkr,2020/21,2021
1216504,d2a6c0e6,kkr,2020/21,2021
1216504,ded9240e,kkr,2020/21,2021
1216504,b4f5c2d9,kkr,2020/21,2021
1216504,c38d3503,kkr,2020/21,2021
1216504,8d2c70ad,kkr,2020/21,2021
1216504,5b7ab5a9,kkr,2020/21,2021
1216504,99b75528,rr,2020/21,2021
1216504,30a45b23,rr,2020/21,2021
1216504,a4cc73aa,rr,2020/21,2021
1216504,1c17e270,rr,2020/21,2021
1216504,04a418e8,rr,2020/21,2021
1216504,39a2dfa8,rr,2020/21,2021
1216504,e86754b2,rr,2020/21,2021
1216504,7a8bd078,rr,2020/21,2021
1216504,5574750c,rr,2020/21,2021
1216504,1e66c162,rr,2020/21,2021
1216504,db31895a,rr,2020/21,2021
1216505,39086549,rcb,2020/21,2021
1216505,2c25d4f5,rcb,2020/21,2021
1216505,ba607b88,rcb,2020/21,2021
1216505,c4487b84,rcb,2020/21,2021
1216505,fb66ce1f,rcb,2020/21,2021
1216505,a4e37e47,rcb,2020/21,2021
1216505,f19ccfad,rcb,2020/21,2021
1216505,ac5ae4af,rcb,2020/21,2021
1216505,f9e6e7ef,rcb,2020/21,2021
1216505,2f49c897,rcb,2020/21,2021
1216505,57ee1fde,rcb,2020/21,2021
1216505,8b3e9c7c,dc,2020/21,2021
1216505,0a476045,dc,2020/21,2021
1216505,29e95537,dc,2020/21,2021
1216505,85ec8e33,dc,2020/21,2021
1216505,919a3be2,dc,2020/21,2021
1216505,d9273ee7,dc,2020/21,2021
1216505,2e171977,dc,2020/21,2021
1216505,caf69bf7,dc,2020/21,2021
1216505,495d42a5,dc,2020/21,2021
1216505,e62dd25d,dc,2020/21,2021
1216505,acdc62f5,dc,2020/21,2021
1216506,b17e2f24,pbks,2020/21,2021
1216506,00ea847a,pbks,2020/21,2021
1216506,db584dad,pbks,2020/21,2021
1216506,3241e3fd,pbks,2020/21,2021
1216506,c3a96caf,pbks,2020/21,2021
1216506,73ad96ed,pbks,2020/21,2021
1216506,9219eff0,pbks,2020/21,2021
1216506,ffe699c0,pbks,2020/21,2021
1216506,e2db2409,pbks,2020/21,2021
1216506,df064e1a,pbks,2020/21,2021
1216506,8cf9814c,pbks,2020/21,2021
1216506,45a43fe2,csk,2020/21,2021
1216506,3355b542,csk,2020/21,2021
1216506,70d205c9,csk,2020/21,2021
1216506,4a8a2e3b,csk,2020/21,2021
1216506,bd54eef5,csk,2020/21,2021
1216506,e94915e6,csk,2020/21,2021
1216506,fe93fd9d,csk,2020/21,2021
1216506,23eeb873,csk,2020/21,2021
1216506,1abb78f8,csk,2020/21,2021
1216506,f834dcfc,csk,2020/21,2021
1216506,acee4cc4,csk,2020/21,2021
1216507,dcce6f09,srh,2020/21,2021
1216507,abb83e27,srh,2020/21,2021
1216507,93b4fc78,srh,2020/21,2021
1216507,d027ba9f,srh,2020/21,2021
1216507,bb965e9a,srh,2020/21,2021
1216507,0994d0ae,srh,2020/21,2021
1216507,f29185a1,srh,2020/21,2021
1216507,5f547c8b,srh,2020/21,2021
1216507,ce820073,srh,2020/21,2021
1216507,a2f46292,srh,2020/21,2021
1216507,ce794613,srh,2020/21,2021
1216507,e087956b,rr,2020/21,2021
1216507,99b75528,rr,2020/21,2021
1216507,30a45b23,rr,2020/21,2021
1216507,a4cc73aa,rr,2020/21,2021
1216507,1c17e270,rr,2020/21,2021
1216507,04a418e8,rr,2020/21,2021
1216507,39a2dfa8,rr,2020/21,2021
1216507,5574750c,rr,2020/21,2021
1216507,7a8bd078,rr,2020/21,2021
1216507,1e66c162,rr,2020/21,2021
1216507,5d2eea49,rr,2020/21,2021
1216508,372455c4,mi,2020/21,2021
1216508,740742ef,mi,2020/21,2021
1216508,271f83cd,mi,2020/21,2021
1216508,709b0bac,mi,2020/21,2021
1216508,dbe50b21,mi,2020/21,2021
1216508,a757b0d8,mi,2020/21,2021
1216508,5b8c830e,mi,2020/21,2021
1216508,f752db61,mi,2020/21,2021
1216508,2ed569a0,mi,2020/21,2021
1216508,a818c1be,mi,2020/21,2021
1216508,462411b3,mi,2020/21,2021
1216508,b4b99816,kkr,2020/21,2021
1216508,9d430b40,kkr,2020/21,2021
1216508,c03f1114,kkr,2020/21,2021
1216508,fb2d1dda,kkr,2020/21,2021
1216508,d2a6c0e6,kkr,2020/21,2021
1216508,bbd41817,kkr,2020/21,2021
1216508,aedc3b7c,kkr,2020/21,2021
1216508,ded9240e,kkr,2020/21,2021
1216508,c38d3503,kkr,2020/21,2021
1216508,8d2c70ad,kkr,2020/21,2021
1216508,cdc6bdba,kkr,2020/21,2021
1216509,e94915e6,csk,2020/21,2021
1216509,3355b542,csk,2020/21,2021
1216509,4329fbb5,csk,2020/21,2021
1216509,70d205c9,csk,2020/21,2021
1216509,4a8a2e3b,csk,2020/21,2021
1216509,fe93fd9d,csk,2020/21,2021
1216509,99d63244,csk,2020/21,2021
1216509,87e562a9,csk,2020/21,2021
1216509,23eeb873,csk,2020/21,2021
1216509,1abb78f8,csk,2020/21,2021
1216509,119678fd,csk,2020/21,2021
1216509,8b3e9c7c,dc,2020/21,2021
1216509,0a476045,dc,2020/21,2021
1216509,29e95537,dc,2020/21,2021
1216509,85ec8e33,dc,2020/21,2021
1216509,d9273ee7,dc,2020/21,2021
1216509,69d03465,dc,2020/21,2021
1216509,2e171977,dc,2020/21,2021
1216509,495d42a5,dc,2020/21,2021
1216509,46a9bea1,dc,2020/21,2021
1216509,e62dd25d,dc,2020/21,2021
1216509,acdc62f5,dc,2020/21,2021
1216510,b17e2f24,pbks,2020/21,2021
1216510,00ea847a,pbks,2020/21,2021
1216510,3241e3fd,pbks,2020/21,2021
1216510,b681e71e,pbks,2020/21,2021
1216510,944533a5,pbks,2020/21,2021
1216510,9219eff0,pbks,2020/21,2021
1216510,f088b960,pbks,2020/21,2021
1216510,8cf9814c,pbks,2020/21,2021
1216510,a1d053dd,pbks,2020/21,2021
1216510,df064e1a,pbks,2020/21,2021
1216510,e2db2409,pbks,2020/21,2021
1216510,2c25d4f5,rcb,2020/21,2021
1216510,b8d490fd,rcb,2020/21,2021
1216510,39086549,rcb,2020/21,2021
1216510,ba607b88,rcb,2020/21,2021
1216510,c4487b84,rcb,2020/21,2021
1216510,f19ccfad,rcb,2020/21,2021
1216510,a4e37e47,rcb,2020/21,2021
1216510,cc1e8c68,rcb,2020/21,2021
1216510,21d4e29b,rcb,2020/21,2021
1216510,8fd1a8f5,rcb,2020/21,2021
1216510,57ee1fde,rcb,2020/21,2021
1216511,372455c4,mi,2020/21,2021
1216511,740742ef,mi,2020/21,2021
1216511,271f83cd,mi,2020/21,2021
1216511,752f7486,mi,2020/21,2021
1216511,5b8c830e,mi,2020/21,2021
1216511,dbe50b21,mi,2020/21,2021
1216511,a757b0d8,mi,2020/21,2021
1216511,f752db61,mi,2020/21,2021
1216511,2ed569a0,mi,2020/21,2021
1216511,a818c1be,mi,2020/21,2021
1216511,462411b3,mi,2020/21,2021
1216511,6c19c6e5,rr,2020/21,2021
1216511,99b75528,rr,2020/21,2021
1216511,30a45b23,rr,2020/21,2021
1216511,a4cc73aa,rr,2020/21,2021
1216511,da934ee8,rr,2020/21,2021
1216511,e86754b2,rr,2020/21,2021
1216511,39a2dfa8,rr,2020/21,2021
1216511,5574750c,rr,2020/21,2021
1216511,7a8bd078,rr,2020/21,2021
1216511,db31895a,rr,2020/21,2021
1216511,5d2eea49,rr,2020/21,2021
1216512,b4b99816,kkr,2020/21,2021
1216512,77255a9e,kkr,2020/21,2021
1216512,fb2d1dda,kkr,2020/21,2021
1216512,bbd41817,kkr,2020/21,2021
1216512,d2a6c0e6,kkr,2020/21,2021
1216512,c03f1114,kkr,2020/21,2021
1216512,ded9240e,kkr,2020/21,2021
1216512,2f9d0389,kkr,2020/21,2021
1216512,8d2c70ad,kkr,2020/21,2021
1216512,c38d3503,kkr,2020/21,2021
1216512,5b7ab5a9,kkr,2020/21,2021
1216512,abb83e27,srh,2020/21,2021
1216512,d027ba9f,srh,2020/21,2021
1216512,bb965e9a,srh,2020/21,2021
1216512,dcce6f09,srh,2020/21,2021
1216512,93b4fc78,srh,2020/21,2021
1216512,0994d0ae,srh,2020/21,2021
1216512,8e514b4c,srh,2020/21,2021
1216512,5f547c8b,srh,2020/21,2021
1216512,ce820073,srh,2020/21,2021
1216512,871e9faf,srh,2020/21,2021
1216512,ce794613,srh,2020/21,2021
1216513,b17e2f24,pbks,2020/21,2021
1216513,00ea847a,pbks,2020/21,2021
1216513,c3a96caf,pbks,2020/21,2021
1216513,3241e3fd,pbks,2020/21,2021
1216513,b681e71e,pbks,2020/21,2021
1216513,f088b960,pbks,2020/21,2021
1216513,ffe699c0,pbks,2020/21,2021
1216513,c05edf8e,pbks,2020/21,2021
1216513,df064e1a,pbks,2020/21,2021
1216513,8cf9814c,pbks,2020/21,2021
1216513,a1d053dd,pbks,2020/21,2021
1216513,4329fbb5,csk,2020/21,2021
1216513,3355b542,csk,2020/21,2021
1216513,70d205c9,csk,2020/21,2021
1216513,99d63244,csk,2020/21,2021
1216513,4a8a2e3b,csk,2020/21,2021
1216513,fe93fd9d,csk,2020/21,2021
1216513,e94915e6,csk,2020/21,2021
1216513,87e562a9,csk,2020/21,2021
1216513,98ae73b1,csk,2020/21,2021
1216513,1abb78f8,csk,2020/21,2021
1216513,23eeb873,csk,2020/21,2021
1216514,99b75528,rr,2020/21,2021
1216514,30a45b23,rr,2020/21,2021
1216514,a4cc73aa,rr,2020/21,2021
1216514,1c17e270,rr,2020/21,2021
1216514,da934ee8,rr,2020/21,2021
1216514,04a418e8,rr,2020/21,2021
1216514,39a2dfa8,rr,2020/21,2021
1216514,5574750c,rr,2020/21,2021
1216514,e86754b2,rr,2020/21,2021
1216514,7a8bd078,rr,2020/21,2021
1216514,1e66c162,rr,2020/21,2021
1216514,2c25d4f5,rcb,2020/21,2021
1216514,b8d490fd,rcb,2020/21,2021
1216514,ba607b88,rcb,2020/21,2021
1216514,c4487b84,rcb,2020/21,2021
1216514,a4e37e47,rcb,2020/21,2021
1216514,6eb146d2,rcb,2020/21,2021
1216514,f19ccfad,rcb,2020/21,2021
1216514,ac5ae4af,rcb,2020/21,2021
1216514,21d4e29b,rcb,2020/21,2021
1216514,57ee1fde,rcb,2020/21,2021
1216514,14f96089,rcb,2020/21,2021
1216515,8b3e9c7c,dc,2020/21,2021
1216515,0a476045,dc,2020/21,2021
1216515,85ec8e33,dc,2020/21,2021
1216515,919a3be2,dc,2020/21,2021
1216515,d9273ee7,dc,2020/21,2021
1216515,48a1d7b7,dc,2020/21,2021
1216515,495d42a5,dc,2020/21,2021
1216515,e62dd25d,dc,2020/21,2021
1216515,acdc62f5,dc,2020/21,2021
1216515,6b19d823,dc,2020/21,2021
1216515,f986ca1a,dc,2020/21,2021
1216515,b4b99816,kkr,2020/21,2021
1216515,9d430b40,kkr,2020/21,2021
1216515,fb2d1dda,kkr,2020/21,2021
1216515,bbd41817,kkr,2020/21,2021
1216515,c03f1114,kkr,2020/21,2021
1216515,d2a6c0e6,kkr,2020/21,2021
1216515,ded9240e,kkr,2020/21,2021
1216515,77255a9e,kkr,2020/21,2021
1216515,b4f5c2d9,kkr,2020/21,2021
1216515,c38d3503,kkr,2020/21,2021
1216515,5b7ab5a9,kkr,2020/21,2021
1216516,dcce6f09,srh,2020/21,2021
1216516,abb83e27,srh,2020/21,2021
1216516,93b4fc78,srh,2020/21,2021
1216516,d027ba9f,srh,2020/21,2021
1216516,bb965e9a,srh,2020/21,2021
1216516,f29185a1,srh,2020/21,2021
1216516,8e514b4c,srh,2020/21,2021
1216516,5f547c8b,srh,2020/21,2021
1216516,2e81a32d,srh,2020/21,2021
1216516,ce794613,srh,2020/21,2021
1216516,a2f46292,srh,2020/21,2021
1216516,3355b542,csk,2020/21,2021
1216516,4329fbb5,csk,2020/21,2021
1216516,70d205c9,csk,2020/21,2021
1216516,99d63244,csk,2020/21,2021
1216516,4a8a2e3b,csk,2020/21,2021
1216516,fe93fd9d,csk,2020/21,2021
1216516,e94915e6,csk,2020/21,2021
1216516,87e562a9,csk,2020/21,2021
1216516,1abb78f8,csk,2020/21,2021
1216516,98ae73b1,csk,2020/21,2021
1216516,23eeb873,csk,2020/21,2021
1216517,740742ef,mi,2020/21,2021
1216517,372455c4,mi,2020/21,2021
1216517,271f83cd,mi,2020/21,2021
1216517,752f7486,mi,2020/21,2021
1216517,5b8c830e,mi,2020/21,2021
1216517,dbe50b21,mi,2020/21,2021
1216517,a757b0d8,mi,2020/21,2021
1216517,56ab442f,mi,2020/21,2021
1216517,2ed569a0,mi,2020/21,2021
1216517,a818c1be,mi,2020/21,2021
1216517,462411b3,mi,2020/21,2021
1216517,b17e2f24,pbks,2020/21,2021
1216517,00ea847a,pbks,2020/21,2021
1216517,db584dad,pbks,2020/21,2021
1216517,3241e3fd,pbks,2020/21,2021
1216517,b681e71e,pbks,2020/21,2021
1216517,73ad96ed,pbks,2020/21,2021
1216517,ffe699c0,pbks,2020/21,2021
1216517,e2db2409,pbks,2020/21,2021
1216517,df064e1a,pbks,2020/21,2021
1216517,8cf9814c,pbks,2020/21,2021
1216517,244048f6,pbks,2020/21,2021
1216518,1c17e270,rr,2020/21,2021
1216518,e087956b,rr,2020/21,2021
1216518,a4cc73aa,rr,2020/21,2021
1216518,99b75528,rr,2020/21,2021
1216518,30a45b23,rr,2020/21,2021
1216518,04a418e8,rr,2020/21,2021
1216518,39a2dfa8,rr,2020/21,2021
1216518,5574750c,rr,2020/21,2021
1216518,7a8bd078,rr,2020/21,2021
1216518,db31895a,rr,2020/21,2021
1216518,5d2eea49,rr,2020/21,2021
1216518,dcce6f09,srh,2020/21,2021
1216518,abb83e27,srh,2020/21,2021
1216518,93b4fc78,srh,2020/21,2021
1216518,0994d0ae,srh,2020/21,2021
1216518,bb965e9a,srh,2020/21,2021
1216518,8e514b4c,srh,2020/21,2021
1216518,0f721006,srh,2020/21,2021
1216518,5f547c8b,srh,2020/21,2021
1216518,ce820073,srh,2020/21,2021
1216518,ce794613,srh,2020/21,2021
1216518,9d80c5e1,srh,2020/21,2021
1216519,8b3e9c7c,dc,2020/21,2021
1216519,0a476045,dc,2020/21,2021
1216519,85ec8e33,dc,2020/21,2021
1216519,919a3be2,dc,2020/21,2021
1216519,d9273ee7,dc,2020/21,2021
1216519,48a1d7b7,dc,2020/21,2021
1216519,2e171977,dc,2020/21,2021
1216519,495d42a5,dc,2020/21,2021
1216519,e62dd25d,dc,2020/21,2021
1216519,acdc62f5,dc,2020/21,2021
1216519,f986ca1a,dc,2020/21,2021
1216519,2c25d4f5,rcb,2020/21,2021
1216519,b8d490fd,rcb,2020/21,2021
1216519,ba607b88,rcb,2020/21,2021
1216519,c4487b84,rcb,2020/21,2021
1216519,bb351c23,rcb,2020/21,2021
1216519,f19ccfad,rcb,2020/21,2021
1216519,a4e37e47,rcb,2020/21,2021
1216519,ac5ae4af,rcb,2020/21,2021
1216519,21d4e29b,rcb,2020/21,2021
1216519,2f49c897,rcb,2020/21,2021
1216519,57ee1fde,rcb,2020/21,2021
1216520,b4b99816,kkr,2020/21,2021
1216520,fb2d1dda,kkr,2020/21,2021
1216520,77255a9e,kkr,2020/21,2021
1216520,c03f1114,kkr,2020/21,2021
1216520,d2a6c0e6,kkr,2020/21,2021
1216520,9d430b40,kkr,2020/21,2021
1216520,b4f5c2d9,kkr,2020/21,2021
1216520,ded9240e,kkr,2020/21,2021
1216520,2f9d0389,kkr,2020/21,2021
1216520,5b7ab5a9,kkr,2020/21,2021
1216520,85e0cf10,kkr,2020/21,2021
1216520,b17e2f24,pbks,2020/21,2021
1216520,c3a96caf,pbks,2020/21,2021
1216520,db584dad,pbks,2020/21,2021
1216520,3241e3fd,pbks,2020/21,2021
1216520,b681e71e,pbks,2020/21,2021
1216520,73ad96ed,pbks,2020/21,2021
1216520,ffe699c0,pbks,2020/21,2021
1216520,e2db2409,pbks,2020/21,2021
1216520,df064e1a,pbks,2020/21,2021
1216520,8cf9814c,pbks,2020/21,2021
1216520,244048f6,pbks,2020/21,2021
1216521,45a43fe2,csk,2020/21,2021
1216521,3355b542,csk,2020/21,2021
1216521,70d205c9,csk,2020/21,2021
1216521,bd54eef5,csk,2020/21,2021
1216521,4a8a2e3b,csk,2020/21,2021
1216521,fe93fd9d,csk,2020/21,2021
1216521,e94915e6,csk,2020/21,2021
1216521,23eeb873,csk,2020/21,2021
1216521,1abb78f8,csk,2020/21,2021
1216521,acee4cc4,csk,2020/21,2021
1216521,03806cf8,csk,2020/21,2021
1216521,372455c4,mi,2020/21,2021
1216521,752f7486,mi,2020/21,2021
1216521,271f83cd,mi,2020/21,2021
1216521,709b0bac,mi,2020/21,2021
1216521,5b8c830e,mi,2020/21,2021
1216521,dbe50b21,mi,2020/21,2021
1216521,a757b0d8,mi,2020/21,2021
1216521,56ab442f,mi,2020/21,2021
1216521,2ed569a0,mi,2020/21,2021
1216521,a818c1be,mi,2020/21,2021
1216521,462411b3,mi,2020/21,2021
1216522,1c17e270,rr,2020/21,2021
1216522,e087956b,rr,2020/21,2021
1216522,a4cc73aa,rr,2020/21,2021
1216522,30a45b23,rr,2020/21,2021
1216522,99b75528,rr,2020/21,2021
1216522,39a2dfa8,rr,2020/21,2021
1216522,5574750c,rr,2020/21,2021
1216522,04a418e8,rr,2020/21,2021
1216522,7a8bd078,rr,2020/21,2021
1216522,1e66c162,rr,2020/21,2021
1216522,5d2eea49,rr,2020/21,2021
1216522,2c25d4f5,rcb,2020/21,2021
1216522,b8d490fd,rcb,2020/21,2021
1216522,ba607b88,rcb,2020/21,2021
1216522,c4487b84,rcb,2020/21,2021
1216522,6eb146d2,rcb,2020/21,2021
1216522,fb66ce1f,rcb,2020/21,2021
1216522,f19ccfad,rcb,2020/21,2021
1216522,f9e6e7ef,rcb,2020/21,2021
1216522,ac5ae4af,rcb,2020/21,2021
1216522,21d4e29b,rcb,2020/21,2021
1216522,57ee1fde,rcb,2020/21,2021
1216523,77255a9e,kkr,2020/21,2021
1216523,b4b99816,kkr,2020/21,2021
1216523,fb2d1dda,kkr,2020/21,2021
1216523,d2a6c0e6,kkr,2020/21,2021
1216523,c03f1114,kkr,2020/21,2021
1216523,bbd41817,kkr,2020/21,2021
1216523,ded9240e,kkr,2020/21,2021
1216523,9d430b40,kkr,2020/21,2021
1216523,b4f5c2d9,kkr,2020/21,2021
1216523,85e0cf10,kkr,2020/21,2021
1216523,5b7ab5a9,kkr,2020/21,2021
1216523,b17e2f24,pbks,2020/21,2021
1216523,00ea847a,pbks,2020/21,2021
1216523,3241e3fd,pbks,2020/21,2021
1216523,9418198b,pbks,2020/21,2021
1216523,b681e71e,pbks,2020/21,2021
1216523,c3a96caf,pbks,2020/21,2021
1216523,ffe699c0,pbks,2020/21,2021
1216523,df064e1a,pbks,2020/21,2021
1216523,8cf9814c,pbks,2020/21,2021
1216523,244048f6,pbks,2020/21,2021
1216523,7d92277a,pbks,2020/21,2021
1216524,dcce6f09,srh,2020/21,2021
1216524,fe11caa6,srh,2020/21,2021
1216524,93b4fc78,srh,2020/21,2021
1216524,d027ba9f,srh,2020/21,2021
1216524,0994d0ae,srh,2020/21,2021
1216524,8e514b4c,srh,2020/21,2021
1216524,0f721006,srh,2020/21,2021
1216524,5f547c8b,srh,2020/21,2021
1216524,ce820073,srh,2020/21,2021
1216524,ce794613,srh,2020/21,2021
1216524,9d80c5e1,srh,2020/21,2021
1216524,29e95537,dc,2020/21,2021
1216524,0a476045,dc,2020/21,2021
1216524,d9273ee7,dc,2020/21,2021
1216524,48a1d7b7,dc,2020/21,2021
1216524,919a3be2,dc,2020/21,2021
1216524,85ec8e33,dc,2020/21,2021
1216524,2e171977,dc,2020/21,2021
1216524,e62dd25d,dc,2020/21,2021
1216524,495d42a5,dc,2020/21,2021
1216524,46a9bea1,dc,2020/21,2021
1216524,acdc62f5,dc,2020/21,2021
1216525,2c25d4f5,rcb,2020/21,2021
1216525,b8d490fd,rcb,2020/21,2021
1216525,ba607b88,rcb,2020/21,2021
1216525,c4487b84,rcb,2020/21,2021
1216525,f19ccfad,rcb,2020/21,2021
1216525,a4e37e47,rcb,2020/21,2021
1216525,6eb146d2,rcb,2020/21,2021
1216525,fb66ce1f,rcb,2020/21,2021
1216525,ac5ae4af,rcb,2020/21,2021
1216525,21d4e29b,rcb,2020/21,2021
1216525,57ee1fde,rcb,2020/21,2021
1216525,4329fbb5,csk,2020/21,2021
1216525,3355b542,csk,2020/21,2021
1216525,70d205c9,csk,2020/21,2021
1216525,bd54eef5,csk,2020/21,2021
1216525,4a8a2e3b,csk,2020/21,2021
1216525,e94915e6,csk,2020/21,2021
1216525,fe93fd9d,csk,2020/21,2021
1216525,87e562a9,csk,2020/21,2021
1216525,23eeb873,csk,2020/21,2021
1216525,1abb78f8,csk,2020/21,2021
1216525,119678fd,csk,2020/21,2021
1216526,77255a9e,kkr,2020/21,2021
1216526,b4b99816,kkr,2020/21,2021
1216526,fb2d1dda,kkr,2020/21,2021
1216526,c03f1114,kkr,2020/21,2021
1216526,d2a6c0e6,kkr,2020/21,2021
1216526,bbd41817,kkr,2020/21,2021
1216526,ded9240e,kkr,2020/21,2021
1216526,19b9f399,kkr,2020/21,2021
1216526,85e0cf10,kkr,2020/21,2021
1216526,c38d3503,kkr,2020/21,2021
1216526,5b7ab5a9,kkr,2020/21,2021
1216526,740742ef,mi,2020/21,2021
1216526,372455c4,mi,2020/21,2021
1216526,271f83cd,mi,2020/21,2021
1216526,dbe50b21,mi,2020/21,2021
1216526,752f7486,mi,2020/21,2021
1216526,a757b0d8,mi,2020/21,2021
1216526,5b8c830e,mi,2020/21,2021
1216526,2ed569a0,mi,2020/21,2021
1216526,a818c1be,mi,2020/21,2021
1216526,462411b3,mi,2020/21,2021
1216526,56ab442f,mi,2020/21,2021
1216527,b17e2f24,pbks,2020/21,2021
1216527,00ea847a,pbks,2020/21,2021
1216527,b681e71e,pbks,2020/21,2021
1216527,3241e3fd,pbks,2020/21,2021
1216527,944533a5,pbks,2020/21,2021
1216527,9219eff0,pbks,2020/21,2021
1216527,f088b960,pbks,2020/21,2021
1216527,8cf9814c,pbks,2020/21,2021
1216527,a1d053dd,pbks,2020/21,2021
1216527,df064e1a,pbks,2020/21,2021
1216527,e2db2409,pbks,2020/21,2021
1216527,99b75528,rr,2020/21,2021
1216527,30a45b23,rr,2020/21,2021
1216527,a4cc73aa,rr,2020/21,2021
1216527,39a2dfa8,rr,2020/21,2021
1216527,1c17e270,rr,2020/21,2021
1216527,5574750c,rr,2020/21,2021
1216527,04a418e8,rr,2020/21,2021
1216527,e86754b2,rr,2020/21,2021
1216527,7a8bd078,rr,2020/21,2021
1216527,db31895a,rr,2020/21,2021
1216527,1e66c162,rr,2020/21,2021
1216528,e94915e6,csk,2020/21,2021
1216528,3355b542,csk,2020/21,2021
1216528,4329fbb5,csk,2020/21,2021
1216528,70d205c9,csk,2020/21,2021
1216528,4a8a2e3b,csk,2020/21,2021
1216528,fe93fd9d,csk,2020/21,2021
1216528,87e562a9,csk,2020/21,2021
1216528,23eeb873,csk,2020/21,2021
1216528,98ae73b1,csk,2020/21,2021
1216528,1abb78f8,csk,2020/21,2021
1216528,119678fd,csk,2020/21,2021
1216528,dcce6f09,srh,2020/21,2021
1216528,abb83e27,srh,2020/21,2021
1216528,93b4fc78,srh,2020/21,2021
1216528,d027ba9f,srh,2020/21,2021
1216528,bb965e9a,srh,2020/21,2021
1216528,0994d0ae,srh,2020/21,2021
1216528,5f547c8b,srh,2020/21,2021
1216528,9d80c5e1,srh,2020/21,2021
1216528,ce820073,srh,2020/21,2021
1216528,ce794613,srh,2020/21,2021
1216528,a2f46292,srh,2020/21,2021
1216529,8b3e9c7c,dc,2020/21,2021
1216529,0a476045,dc,2020/21,2021
1216529,29e95537,dc,2020/21,2021
1216529,85ec8e33,dc,2020/21,2021
1216529,d9273ee7,dc,2020/21,2021
1216529,69d03465,dc,2020/21,2021
1216529,2e171977,dc,2020/21,2021
1216529,495d42a5,dc,2020/21,2021
1216529,f986ca1a,dc,2020/21,2021
1216529,e62dd25d,dc,2020/21,2021
1216529,acdc62f5,dc,2020/21,2021
1216529,740742ef,mi,2020/21,2021
1216529,372455c4,mi,2020/21,2021
1216529,271f83cd,mi,2020/21,2021
1216529,752f7486,mi,2020/21,2021
1216529,dbe50b21,mi,2020/21,2021
1216529,a757b0d8,mi,2020/21,2021
1216529,5b8c830e,mi,2020/21,2021
1216529,f752db61,mi,2020/21,2021
1216529,2ed569a0,mi,2020/21,2021
1216529,a818c1be,mi,2020/21,2021
1216529,462411b3,mi,2020/21,2021
1216530,b4b99816,kkr,2020/21,2021
1216530,fb2d1dda,kkr,2020/21,2021
1216530,77255a9e,kkr,2020/21,2021
1216530,9d430b40,kkr,2020/21,2021
1216530,d2a6c0e6,kkr,2020/21,2021
1216530,c03f1114,kkr,2020/21,2021
1216530,bbd41817,kkr,2020/21,2021
1216530,ded9240e,kkr,2020/21,2021
1216530,b4f5c2d9,kkr,2020/21,2021
1216530,c38d3503,kkr,2020/21,2021
1216530,5b7ab5a9,kkr,2020/21,2021
1216530,1c17e270,rr,2020/21,2021
1216530,e087956b,rr,2020/21,2021
1216530,30a45b23,rr,2020/21,2021
1216530,a4cc73aa,rr,2020/21,2021
1216530,99b75528,rr,2020/21,2021
1216530,04a418e8,rr,2020/21,2021
1216530,39a2dfa8,rr,2020/21,2021
1216530,7a8bd078,rr,2020/21,2021
1216530,5574750c,rr,2020/21,2021
1216530,5d2eea49,rr,2020/21,2021
1216530,0a3d54b9,rr,2020/21,2021
1216531,b8d490fd,rcb,2020/21,2021
1216531,2c25d4f5,rcb,2020/21,2021
1216531,ba607b88,rcb,2020/21,2021
1216531,f19ccfad,rcb,2020/21,2021
1216531,a4e37e47,rcb,2020/21,2021
1216531,c4487b84,rcb,2020/21,2021
1216531,fb66ce1f,rcb,2020/21,2021
1216531,ac5ae4af,rcb,2020/21,2021
1216531,21d4e29b,rcb,2020/21,2021
1216531,57ee1fde,rcb,2020/21,2021
1216531,2f49c897,rcb,2020/21,2021
1216531,b17e2f24,pbks,2020/21,2021
1216531,00ea847a,pbks,2020/21,2021
1216531,db584dad,pbks,2020/21,2021
1216531,3241e3fd,pbks,2020/21,2021
1216531,b681e71e,pbks,2020/21,2021
1216531,73ad96ed,pbks,2020/21,2021
1216531,ffe699c0,pbks,2020/21,2021
1216531,e2db2409,pbks,2020/21,2021
1216531,df064e1a,pbks,2020/21,2021
1216531,8cf9814c,pbks,2020/21,2021
1216531,244048f6,pbks,2020/21,2021
1216532,dcce6f09,srh,2020/21,2021
1216532,abb83e27,srh,2020/21,2021
1216532,93b4fc78,srh,2020/21,2021
1216532,d027ba9f,srh,2020/21,2021
1216532,8e514b4c,srh,2020/21,2021
1216532,f29185a1,srh,2020/21,2021
1216532,bb965e9a,srh,2020/21,2021
1216532,5f547c8b,srh,2020/21,2021
1216532,2e81a32d,srh,2020/21,2021
1216532,ce794613,srh,2020/21,2021
1216532,a2f46292,srh,2020/21,2021
1216532,8b3e9c7c,dc,2020/21,2021
1216532,0a476045,dc,2020/21,2021
1216532,85ec8e33,dc,2020/21,2021
1216532,919a3be2,dc,2020/21,2021
1216532,48a1d7b7,dc,2020/21,2021
1216532,d9273ee7,dc,2020/21,2021
1216532,2e171977,dc,2020/21,2021
1216532,e62dd25d,dc,2020/21,2021
1216532,acdc62f5,dc,2020/21,2021
1216532,6b19d823,dc,2020/21,2021
1216532,5bb1a1c4,dc,2020/21,2021
1216533,e94915e6,csk,2020/21,2021
1216533,3355b542,csk,2020/21,2021
1216533,4329fbb5,csk,2020/21,2021
1216533,70d205c9,csk,2020/21,2021
1216533,4a8a2e3b,csk,2020/21,2021
1216533,fe93fd9d,csk,2020/21,2021
1216533,99d63244,csk,2020/21,2021
1216533,98ae73b1,csk,2020/21,2021
1216533,23eeb873,csk,2020/21,2021
1216533,1abb78f8,csk,2020/21,2021
1216533,03806cf8,csk,2020/21,2021
1216533,e087956b,rr,2020/21,2021
1216533,1c17e270,rr,2020/21,2021
1216533,a4cc73aa,rr,2020/21,2021
1216533,30a45b23,rr,2020/21,2021
1216533,99b75528,rr,2020/21,2021
1216533,39a2dfa8,rr,2020/21,2021
1216533,04a418e8,rr,2020/21,2021
1216533,5574750c,rr,2020/21,2021
1216533,7a8bd078,rr,2020/21,2021
1216533,db31895a,rr,2020/21,2021
1216533,5d2eea49,rr,2020/21,2021
1216534,2c25d4f5,rcb,2020/21,2021
1216534,b8d490fd,rcb,2020/21,2021
1216534,ba607b88,rcb,2020/21,2021
1216534,c4487b84,rcb,2020/21,2021
1216534,a4e37e47,rcb,2020/21,2021
1216534,39086549,rcb,2020/21,2021
1216534,f19ccfad,rcb,2020/21,2021
1216534,cc1e8c68,rcb,2020/21,2021
1216534,21d4e29b,rcb,2020/21,2021
1216534,8fd1a8f5,rcb,2020/21,2021
1216534,57ee1fde,rcb,2020/21,2021
1216534,dcce6f09,srh,2020/21,2021
1216534,abb83e27,srh,2020/21,2021
1216534,93b4fc78,srh,2020/21,2021
1216534,bb965e9a,srh,2020/21,2021
1216534,0994d0ae,srh,2020/21,2021
1216534,f29185a1,srh,2020/21,2021
1216534,5f547c8b,srh,2020/21,2021
1216534,2e81a32d,srh,2020/21,2021
1216534,ce820073,srh,2020/21,2021
1216534,3d8feaf8,srh,2020/21,2021
1216534,ce794613,srh,2020/21,2021
1216535,8b3e9c7c,dc,2020/21,2021
1216535,0a476045,dc,2020/21,2021
1216535,85ec8e33,dc,2020/21,2021
1216535,919a3be2,dc,2020/21,2021
1216535,d9273ee7,dc,2020/21,2021
1216535,48a1d7b7,dc,2020/21,2021
1216535,f986ca1a,dc,2020/21,2021
1216535,495d42a5,dc,2020/21,2021
1216535,ed5a5510,dc,2020/21,2021
1216535,e62dd25d,dc,2020/21,2021
1216535,acdc62f5,dc,2020/21,2021
1216535,752f7486,mi,2020/21,2021
1216535,372455c4,mi,2020/21,2021
1216535,271f83cd,mi,2020/21,2021
1216535,709b0bac,mi,2020/21,2021
1216535,5b8c830e,mi,2020/21,2021
1216535,a757b0d8,mi,2020/21,2021
1216535,56ab442f,mi,2020/21,2021
1216535,81049310,mi,2020/21,2021
1216535,2ed569a0,mi,2020/21,2021
1216535,a818c1be,mi,2020/21,2021
1216535,462411b3,mi,2020/21,2021
1216536,b4b99816,kkr,2020/21,2021
1216536,fb2d1dda,kkr,2020/21,2021
1216536,9d430b40,kkr,2020/21,2021
1216536,0a509d6b,kkr,2020/21,2021
1216536,d2a6c0e6,kkr,2020/21,2021
1216536,c03f1114,kkr,2020/21,2021
1216536,77255a9e,kkr,2020/21,2021
1216536,b4f5c2d9,kkr,2020/21,2021
1216536,ded9240e,kkr,2020/21,2021
1216536,2f9d0389,kkr,2020/21,2021
1216536,5b7ab5a9,kkr,2020/21,2021
1216536,4329fbb5,csk,2020/21,2021
1216536,45a43fe2,csk,2020/21,2021
1216536,70d205c9,csk,2020/21,2021
1216536,4a8a2e3b,csk,2020/21,2021
1216536,e94915e6,csk,2020/21,2021
1216536,fe93fd9d,csk,2020/21,2021
1216536,bd54eef5,csk,2020/21,2021
1216536,e4a0deae,csk,2020/21,2021
1216536,23eeb873,csk,2020/21,2021
1216536,119678fd,csk,2020/21,2021
1216536,f834dcfc,csk,2020/21,2021
1216537,b17e2f24,pbks,2020/21,2021
1216537,c3a96caf,pbks,2020/21,2021
1216537,db584dad,pbks,2020/21,2021
1216537,3241e3fd,pbks,2020/21,2021
1216537,b681e71e,pbks,2020/21,2021
1216537,73ad96ed,pbks,2020/21,2021
1216537,ffe699c0,pbks,2020/21,2021
1216537,e2db2409,pbks,2020/21,2021
1216537,df064e1a,pbks,2020/21,2021
1216537,8cf9814c,pbks,2020/21,2021
1216537,244048f6,pbks,2020/21,2021
1216537,1c17e270,rr,2020/21,2021
1216537,e087956b,rr,2020/21,2021
1216537,a4cc73aa,rr,2020/21,2021
1216537,30a45b23,rr,2020/21,2021
1216537,99b75528,rr,2020/21,2021
1216537,04a418e8,rr,2020/21,2021
1216537,39a2dfa8,rr,2020/21,2021
1216537,5574750c,rr,2020/21,2021
1216537,7a8bd078,rr,2020/21,2021
1216537,5d2eea49,rr,2020/21,2021
1216537,0a3d54b9,rr,2020/21,2021
1216538,740742ef,mi,2020/21,2021
1216538,372455c4,mi,2020/21,2021
1216538,271f83cd,mi,2020/21,2021
1216538,752f7486,mi,2020/21,2021
1216538,dbe50b21,mi,2020/21,2021
1216538,a757b0d8,mi,2020/21,2021
1216538,5b8c830e,mi,2020/21,2021
1216538,f752db61,mi,2020/21,2021
1216538,2ed569a0,mi,2020/21,2021
1216538,a818c1be,mi,2020/21,2021
1216538,462411b3,mi,2020/21,2021
1216538,dcce6f09,srh,2020/21,2021
1216538,abb83e27,srh,2020/21,2021
1216538,93b4fc78,srh,2020/21,2021
1216538,d027ba9f,srh,2020/21,2021
1216538,bb965e9a,srh,2020/21,2021
1216538,f29185a1,srh,2020/21,2021
1216538,8e514b4c,srh,2020/21,2021
1216538,5f547c8b,srh,2020/21,2021
1216538,ce820073,srh,2020/21,2021
1216538,dcf81436,srh,2020/21,2021
1216538,ce794613,srh,2020/21,2021
1216539,8b3e9c7c,dc,2020/21,2021
1216539,0a476045,dc,2020/21,2021
1216539,919a3be2,dc,2020/21,2021
1216539,85ec8e33,dc,2020/21,2021
1216539,d9273ee7,dc,2020/21,2021
1216539,48a1d7b7,dc,2020/21,2021
1216539,2e171977,dc,2020/21,2021
1216539,6b19d823,dc,2020/21,2021
1216539,e62dd25d,dc,2020/21,2021
1216539,acdc62f5,dc,2020/21,2021
1216539,eef2536f,dc,2020/21,2021
1216539,4b57e452,csk,2020/21,2021
1216539,4329fbb5,csk,2020/21,2021
1216539,3355b542,csk,2020/21,2021
1216539,45a43fe2,csk,2020/21,2021
1216539,99d63244,csk,2020/21,2021
1216539,4a8a2e3b,csk,2020/21,2021
1216539,fe93fd9d,csk,2020/21,2021
1216539,e94915e6,csk,2020/21,2021
1216539,98ae73b1,csk,2020/21,2021
1216539,23eeb873,csk,2020/21,2021
1216539,03806cf8,csk,2020/21,2021
1216540,b8d490fd,rcb,2020/21,2021
1216540,2c25d4f5,rcb,2020/21,2021
1216540,ba607b88,rcb,2020/21,2021
1216540,c4487b84,rcb,2020/21,2021
1216540,fb66ce1f,rcb,2020/21,2021
1216540,f19ccfad,rcb,2020/21,2021
1216540,a4e37e47,rcb,2020/21,2021
1216540,ac5ae4af,rcb,2020/21,2021
1216540,21d4e29b,rcb,2020/21,2021
1216540,57ee1fde,rcb,2020/21,2021
1216540,2f49c897,rcb,2020/21,2021
1216540,25f7b7d6,kkr,2020/21,2021
1216540,b4b99816,kkr,2020/21,2021
1216540,fb2d1dda,kkr,2020/21,2021
1216540,d2a6c0e6,kkr,2020/21,2021
1216540,c03f1114,kkr,2020/21,2021
1216540,bbd41817,kkr,2020/21,2021
1216540,77255a9e,kkr,2020/21,2021
1216540,ded9240e,kkr,2020/21,2021
1216540,b4f5c2d9,kkr,2020/21,2021
1216540,5b7ab5a9,kkr,2020/21,2021
1216540,85e0cf10,kkr,2020/21,2021
1216541,752f7486,mi,2020/21,2021
1216541,372455c4,mi,2020/21,2021
1216541,271f83cd,mi,2020/21,2021
1216541,709b0bac,mi,2020/21,2021
1216541,a757b0d8,mi,2020/21,2021
1216541,dbe50b21,mi,2020/21,2021
1216541,5b8c830e,mi,2020/21,2021
1216541,f752db61,mi,2020/21,2021
1216541,2ed569a0,mi,2020/21,2021
1216541,a818c1be,mi,2020/21,2021
1216541,462411b3,mi,2020/21,2021
1216541,1c17e270,rr,2020/21,2021
1216541,e087956b,rr,2020/21,2021
1216541,30a45b23,rr,2020/21,2021
1216541,a4cc73aa,rr,2020/21,2021
1216541,99b75528,rr,2020/21,2021
1216541,04a418e8,rr,2020/21,2021
1216541,39a2dfa8,rr,2020/21,2021
1216541,5574750c,rr,2020/21,2021
1216541,7a8bd078,rr,2020/21,2021
1216541,db31895a,rr,2020/21,2021
1216541,5d2eea49,rr,2020/21,2021
1216542,dcce6f09,srh,2020/21,2021
1216542,abb83e27,srh,2020/21,2021
1216542,8e514b4c,srh,2020/21,2021
1216542,93b4fc78,srh,2020/21,2021
1216542,d027ba9f,srh,2020/21,2021
1216542,bb965e9a,srh,2020/21,2021
1216542,f29185a1,srh,2020/21,2021
1216542,5f547c8b,srh,2020/21,2021
1216542,ce820073,srh,2020/21,2021
1216542,a2f46292,srh,2020/21,2021
1216542,ce794613,srh,2020/21,2021
1216542,b17e2f24,pbks,2020/21,2021
1216542,00ea847a,pbks,2020/21,2021
1216542,9418198b,pbks,2020/21,2021
1216542,3241e3fd,pbks,2020/21,2021
1216542,b681e71e,pbks,2020/21,2021
1216542,c3a96caf,pbks,2020/21,2021
1216542,7d92277a,pbks,2020/21,2021
1216542,df064e1a,pbks,2020/21,2021
1216542,8cf9814c,pbks,2020/21,2021
1216542,a1d053dd,pbks,2020/21,2021
1216542,244048f6,pbks,2020/21,2021
1216543,8b3e9c7c,dc,2020/21,2021
1216543,0a476045,dc,2020/21,2021
1216543,29e95537,dc,2020/21,2021
1216543,85ec8e33,dc,2020/21,2021
1216543,d9273ee7,dc,2020/21,2021
1216543,69d03465,dc,2020/21,2021
1216543,2e171977,dc,2020/21,2021
1216543,495d42a5,dc,2020/21,2021
1216543,46a9bea1,dc,2020/21,2021
1216543,e62dd25d,dc,2020/21,2021
1216543,acdc62f5,dc,2020/21,2021
1216543,e087956b,rr,2020/21,2021
1216543,99b75528,rr,2020/21,2021
1216543,30a45b23,rr,2020/21,2021
1216543,a4cc73aa,rr,2020/21,2021
1216543,1c17e270,rr,2020/21,2021
1216543,04a418e8,rr,2020/21,2021
1216543,39a2dfa8,rr,2020/21,2021
1216543,5574750c,rr,2020/21,2021
1216543,7a8bd078,rr,2020/21,2021
1216543,1e66c162,rr,2020/21,2021
1216543,5d2eea49,rr,2020/21,2021
1216544,2c25d4f5,rcb,2020/21,2021
1216544,b8d490fd,rcb,2020/21,2021
1216544,ba607b88,rcb,2020/21,2021
1216544,c4487b84,rcb,2020/21,2021
1216544,bb351c23,rcb,2020/21,2021
1216544,fb66ce1f,rcb,2020/21,2021
1216544,6eb146d2,rcb,2020/21,2021
1216544,f19ccfad,rcb,2020/21,2021
1216544,21d4e29b,rcb,2020/21,2021
1216544,57ee1fde,rcb,2020/21,2021
1216544,2f49c897,rcb,2020/21,2021
1216544,45a43fe2,csk,2020/21,2021
1216544,3355b542,csk,2020/21,2021
1216544,70d205c9,csk,2020/21,2021
1216544,4a8a2e3b,csk,2020/21,2021
1216544,bd54eef5,csk,2020/21,2021
1216544,fe93fd9d,csk,2020/21,2021
1216544,e94915e6,csk,2020/21,2021
1216544,e4a0deae,csk,2020/21,2021
1216544,23eeb873,csk,2020/21,2021
1216544,acee4cc4,csk,2020/21,2021
1216544,fb24e76c,csk,2020/21,2021
1216545,dcce6f09,srh,2020/21,2021
1216545,abb83e27,srh,2020/21,2021
1216545,93b4fc78,srh,2020/21,2021
1216545,fe11caa6,srh,2020/21,2021
1216545,62af8546,srh,2020/21,2021
1216545,f29185a1,srh,2020/21,2021
1216545,bb965e9a,srh,2020/21,2021
1216545,5f547c8b,srh,2020/21,2021
1216545,2e81a32d,srh,2020/21,2021
1216545,ce794613,srh,2020/21,2021
1216545,a2f46292,srh,2020/21,2021
1216545,b4b99816,kkr,2020/21,2021
1216545,9d430b40,kkr,2020/21,2021
1216545,fb2d1dda,kkr,2020/21,2021
1216545,c03f1114,kkr,2020/21,2021
1216545,d2a6c0e6,kkr,2020/21,2021
1216545,bbd41817,kkr,2020/21,2021
1216545,ded9240e,kkr,2020/21,2021
1216545,c38d3503,kkr,2020/21,2021
1216545,8d2c70ad,kkr,2020/21,2021
1216545,b4f5c2d9,kkr,2020/21,2021
1216545,5b7ab5a9,kkr,2020/21,2021
1216546,8b3e9c7c,dc,2020/21,2021
1216546,0a476045,dc,2020/21,2021
1216546,85ec8e33,dc,2020/21,2021
1216546,919a3be2,dc,2020/21,2021
1216546,d9273ee7,dc,2020/21,2021
1216546,48a1d7b7,dc,2020/21,2021
1216546,2e171977,dc,2020/21,2021
1216546,495d42a5,dc,2020/21,2021
1216546,e62dd25d,dc,2020/21,2021
1216546,caf69bf7,dc,2020/21,2021
1216546,46a9bea1,dc,2020/21,2021
1216546,b17e2f24,pbks,2020/21,2021
1216546,00ea847a,pbks,2020/21,2021
1216546,db584dad,pbks,2020/21,2021
1216546,3241e3fd,pbks,2020/21,2021
1216546,b681e71e,pbks,2020/21,2021
1216546,73ad96ed,pbks,2020/21,2021
1216546,9219eff0,pbks,2020/21,2021
1216546,e2db2409,pbks,2020/21,2021
1216546,df064e1a,pbks,2020/21,2021
1216546,8cf9814c,pbks,2020/21,2021
1216546,244048f6,pbks,2020/21,2021
1216547,2c25d4f5,rcb,2020/21,2021
1216547,b8d490fd,rcb,2020/21,2021
1216547,ba607b88,rcb,2020/21,2021
1216547,c4487b84,rcb,2020/21,2021
1216547,a4e37e47,rcb,2020/21,2021
1216547,6eb146d2,rcb,2020/21,2021
1216547,f19ccfad,rcb,2020/21,2021
1216547,ac5ae4af,rcb,2020/21,2021
1216547,21d4e29b,rcb,2020/21,2021
1216547,57ee1fde,rcb,2020/21,2021
1216547,14f96089,rcb,2020/21,2021
1216547,740742ef,mi,2020/21,2021
1216547,372455c4,mi,2020/21,2021
1216547,271f83cd,mi,2020/21,2021
1216547,752f7486,mi,2020/21,2021
1216547,dbe50b21,mi,2020/21,2021
1216547,a757b0d8,mi,2020/21,2021
1216547,5b8c830e,mi,2020/21,2021
1216547,f752db61,mi,2020/21,2021
1216547,2ed569a0,mi,2020/21,2021
1216547,a818c1be,mi,2020/21,2021
1216547,462411b3,mi,2020/21,2021
1237177,372455c4,mi,2020/21,2021
1237177,740742ef,mi,2020/21,2021
1237177,271f83cd,mi,2020/21,2021
1237177,752f7486,mi,2020/21,2021
1237177,a757b0d8,mi,2020/21,2021
1237177,5b8c830e,mi,2020/21,2021
1237177,dbe50b21,mi,2020/21,2021
1237177,56ab442f,mi,2020/21,2021
1237177,a818c1be,mi,2020/21,2021
1237177,2ed569a0,mi,2020/21,2021
1237177,462411b3,mi,2020/21,2021
1237177,8b3e9c7c,dc,2020/21,2021
1237177,0a476045,dc,2020/21,2021
1237177,29e95537,dc,2020/21,2021
1237177,85ec8e33,dc,2020/21,2021
1237177,d9273ee7,dc,2020/21,2021
1237177,919a3be2,dc,2020/21,2021
1237177,2e171977,dc,2020/21,2021
1237177,caf69bf7,dc,2020/21,2021
1237177,e62dd25d,dc,2020/21,2021
1237177,acdc62f5,dc,2020/21,2021
1237177,495d42a5,dc,2020/21,2021
1237178,ba607b88,rcb,2020/21,2021
1237178,2c25d4f5,rcb,2020/21,2021
1237178,b8d490fd,rcb,2020/21,2021
1237178,c4487b84,rcb,2020/21,2021
1237178,bb351c23,rcb,2020/21,2021
1237178,a4e37e47,rcb,2020/21,2021
1237178,f19ccfad,rcb,2020/21,2021
1237178,21d4e29b,rcb,2020/21,2021
1237178,2f49c897,rcb,2020/21,2021
1237178,57ee1fde,rcb,2020/21,2021
1237178,14f96089,rcb,2020/21,2021
1237178,dcce6f09,srh,2020/21,2021
1237178,541f85c9,srh,2020/21,2021
1237178,93b4fc78,srh,2020/21,2021
1237178,d027ba9f,srh,2020/21,2021
1237178,bb965e9a,srh,2020/21,2021
1237178,0f721006,srh,2020/21,2021
1237178,8e514b4c,srh,2020/21,2021
1237178,5f547c8b,srh,2020/21,2021
1237178,9d80c5e1,srh,2020/21,2021
1237178,ce820073,srh,2020/21,2021
1237178,ce794613,srh,2020/21,2021
1237180,d9273ee7,dc,2020/21,2021
1237180,0a476045,dc,2020/21,2021
1237180,85ec8e33,dc,2020/21,2021
1237180,48a1d7b7,dc,2020/21,2021
1237180,919a3be2,dc,2020/21,2021
1237180,29e95537,dc,2020/21,2021
1237180,ed5a5510,dc,2020/21,2021
1237180,2e171977,dc,2020/21,2021
1237180,495d42a5,dc,2020/21,2021
1237180,e62dd25d,dc,2020/21,2021
1237180,acdc62f5,dc,2020/21,2021
1237180,bb965e9a,srh,2020/21,2021
1237180,dcce6f09,srh,2020/21,2021
1237180,93b4fc78,srh,2020/21,2021
1237180,d027ba9f,srh,2020/21,2021
1237180,0f721006,srh,2020/21,2021
1237180,8e514b4c,srh,2020/21,2021
1237180,5f547c8b,srh,2020/21,2021
1237180,541f85c9,srh,2020/21,2021
1237180,9d80c5e1,srh,2020/21,2021
1237180,ce820073,srh,2020/21,2021
1237180,ce794613,srh,2020/21,2021
1237181,d9273ee7,dc,2020/21,2021
1237181,0a476045,dc,2020/21,2021
1237181,29e95537,dc,2020/21,2021
1237181,85ec8e33,dc,2020/21,2021
1237181,919a3be2,dc,2020/21,2021
1237181,48a1d7b7,dc,2020/21,2021
1237181,2e171977,dc,2020/21,2021
1237181,e62dd25d,dc,2020/21,2021
1237181,ed5a5510,dc,2020/21,2021
1237181,495d42a5,dc,2020/21,2021
1237181,acdc62f5,dc,2020/21,2021
1237181,740742ef,mi,2020/21,2021
1237181,372455c4,mi,2020/21,2021
1237181,271f83cd,mi,2020/21,2021
1237181,752f7486,mi,2020/21,2021
1237181,a757b0d8,mi,2020/21,2021
1237181,dbe50b21,mi,2020/21,2021
1237181,5b8c830e,mi,2020/21,2021
1237181,81049310,mi,2020/21,2021
1237181,56ab442f,mi,2020/21,2021
1237181,a818c1be,mi,2020/21,2021
1237181,462411b3,mi,2020/21,2021
1254058,740742ef,mi,2021,2021
1254058,45eda7c8,mi,2021,2021
1254058,271f83cd,mi,2021,2021
1254058,752f7486,mi,2021,2021
1254058,dbe50b21,mi,2021,2021
1254058,a757b0d8,mi,2021,2021
1254058,5b8c830e,mi,2021,2021
1254058,81c36ee9,mi,2021,2021
1254058,2ed569a0,mi,2021,2021
1254058,462411b3,mi,2021,2021
1254058,a818c1be,mi,2021,2021
1254058,f19ccfad,rcb,2021,2021
1254058,ba607b88,rcb,2021,2021
1254058,c740ea83,rcb,2021,2021
1254058,b681e71e,rcb,2021,2021
1254058,c4487b84,rcb,2021,2021
1254058,f9e6e7ef,rcb,2021,2021
1254058,2a2e6343,rcb,2021,2021
1254058,68c56d09,rcb,2021,2021
1254058,f986ca1a,rcb,2021,2021
1254058,2f49c897,rcb,2021,2021
1254058,57ee1fde,rcb,2021,2021
1254059,45a43fe2,csk,2021,2021
1254059,3355b542,csk,2021,2021
1254059,bb351c23,csk,2021,2021
1254059,1dc12ab9,csk,2021,2021
1254059,70d205c9,csk,2021,2021
1254059,fe93fd9d,csk,2021,2021
1254059,4a8a2e3b,csk,2021,2021
1254059,e94915e6,csk,2021,2021
1254059,87e562a9,csk,2021,2021
1254059,1abb78f8,csk,2021,2021
1254059,23eeb873,csk,2021,2021
1254059,8b3e9c7c,dc,2021,2021
1254059,0a476045,dc,2021,2021
1254059,919a3be2,dc,2021,2021
1254059,d9273ee7,dc,2021,2021
1254059,48a1d7b7,dc,2021,2021
1254059,29e95537,dc,2021,2021
1254059,4c5d73db,dc,2021,2021
1254059,e86754b2,dc,2021,2021
1254059,495d42a5,dc,2021,2021
1254059,6b19d823,dc,2021,2021
1254059,eef2536f,dc,2021,2021
1254060,fb2d1dda,kkr,2021,2021
1254060,b4b99816,kkr,2021,2021
1254060,77255a9e,kkr,2021,2021
1254060,bbd41817,kkr,2021,2021
1254060,d2a6c0e6,kkr,2021,2021
1254060,c03f1114,kkr,2021,2021
1254060,7dc35884,kkr,2021,2021
1254060,ded9240e,kkr,2021,2021
1254060,8b5b6769,kkr,2021,2021
1254060,5b7ab5a9,kkr,2021,2021
1254060,85e0cf10,kkr,2021,2021
1254060,fe11caa6,srh,2021,2021
1254060,dcce6f09,srh,2021,2021
1254060,93b4fc78,srh,2021,2021
1254060,abb83e27,srh,2021,2021
1254060,62af8546,srh,2021,2021
1254060,0994d0ae,srh,2021,2021
1254060,8e514b4c,srh,2021,2021
1254060,5f547c8b,srh,2021,2021
1254060,2e81a32d,srh,2021,2021
1254060,ce820073,srh,2021,2021
1254060,ce794613,srh,2021,2021
1254061,b17e2f24,pbks,2021,2021
1254061,00ea847a,pbks,2021,2021
1254061,db584dad,pbks,2021,2021
1254061,73ad96ed,pbks,2021,2021
1254061,3241e3fd,pbks,2021,2021
1254061,7dcb9bc9,pbks,2021,2021
1254061,1ee08e9a,pbks,2021,2021
1254061,e2db2409,pbks,2021,2021
1254061,8cf9814c,pbks,2021,2021
1254061,64775749,pbks,2021,2021
1254061,244048f6,pbks,2021,2021
1254061,e087956b,rr,2021,2021
1254061,c03e2850,rr,2021,2021
1254061,a4cc73aa,rr,2021,2021
1254061,99b75528,rr,2021,2021
1254061,a4e37e47,rr,2021,2021
1254061,04a418e8,rr,2021,2021
1254061,39a2dfa8,rr,2021,2021
1254061,fb66ce1f,rr,2021,2021
1254061,7a8bd078,rr,2021,2021
1254061,2cdce1be,rr,2021,2021
1254061,0a8fce53,rr,2021,2021
1254062,740742ef,mi,2021,2021
1254062,372455c4,mi,2021,2021
1254062,271f83cd,mi,2021,2021
1254062,752f7486,mi,2021,2021
1254062,dbe50b21,mi,2021,2021
1254062,a757b0d8,mi,2021,2021
1254062,5b8c830e,mi,2021,2021
1254062,81c36ee9,mi,2021,2021
1254062,2ed569a0,mi,2021,2021
1254062,462411b3,mi,2021,2021
1254062,a818c1be,mi,2021,2021
1254062,fb2d1dda,kkr,2021,2021
1254062,b4b99816,kkr,2021,2021
1254062,77255a9e,kkr,2021,2021
1254062,d2a6c0e6,kkr,2021,2021
1254062,7dc35884,kkr,2021,2021
1254062,c03f1114,kkr,2021,2021
1254062,bbd41817,kkr,2021,2021
1254062,ded9240e,kkr,2021,2021
1254062,8b5b6769,kkr,2021,2021
1254062,5b7ab5a9,kkr,2021,2021
1254062,85e0cf10,kkr,2021,2021
1254063,ba607b88,rcb,2021,2021
1254063,2c25d4f5,rcb,2021,2021
1254063,f9e6e7ef,rcb,2021,2021
1254063,b681e71e,rcb,2021,2021
1254063,c4487b84,rcb,2021,2021
1254063,f19ccfad,rcb,2021,2021
1254063,2a2e6343,rcb,2021,2021
1254063,68c56d09,rcb,2021,2021
1254063,f986ca1a,rcb,2021,2021
1254063,2f49c897,rcb,2021,2021
1254063,57ee1fde,rcb,2021,2021
1254063,fe11caa6,srh,2021,2021
1254063,dcce6f09,srh,2021,2021
1254063,93b4fc78,srh,2021,2021
1254063,abb83e27,srh,2021,2021
1254063,8e514b4c,srh,2021,2021
1254063,0994d0ae,srh,2021,2021
1254063,0f721006,srh,2021,2021
1254063,5f547c8b,srh,2021,2021
1254063,2e81a32d,srh,2021,2021
1254063,9d80c5e1,srh,2021,2021
1254063,ce794613,srh,2021,2021
1254064,8b3e9c7c,dc,2021,2021
1254064,0a476045,dc,2021,2021
1254064,29e95537,dc,2021,2021
1254064,919a3be2,dc,2021,2021
1254064,d9273ee7,dc,2021,2021
1254064,ad427b5c,dc,2021,2021
1254064,e86754b2,dc,2021,2021
1254064,4c5d73db,dc,2021,2021
1254064,495d42a5,dc,2021,2021
1254064,e62dd25d,dc,2021,2021
1254064,eef2536f,dc,2021,2021
1254064,99b75528,rr,2021,2021
1254064,c03e2850,rr,2021,2021
1254064,a4cc73aa,rr,2021,2021
1254064,a4e37e47,rr,2021,2021
1254064,d67d5f00,rr,2021,2021
1254064,04a418e8,rr,2021,2021
1254064,39a2dfa8,rr,2021,2021
1254064,fb66ce1f,rr,2021,2021
1254064,1e66c162,rr,2021,2021
1254064,2cdce1be,rr,2021,2021
1254064,0a8fce53,rr,2021,2021
1254065,b17e2f24,pbks,2021,2021
1254065,00ea847a,pbks,2021,2021
1254065,db584dad,pbks,2021,2021
1254065,73ad96ed,pbks,2021,2021
1254065,3241e3fd,pbks,2021,2021
1254065,7dcb9bc9,pbks,2021,2021
1254065,1ee08e9a,pbks,2021,2021
1254065,e2db2409,pbks,2021,2021
1254065,8cf9814c,pbks,2021,2021
1254065,64775749,pbks,2021,2021
1254065,244048f6,pbks,2021,2021
1254065,45a43fe2,csk,2021,2021
1254065,3355b542,csk,2021,2021
1254065,bb351c23,csk,2021,2021
1254065,1dc12ab9,csk,2021,2021
1254065,70d205c9,csk,2021,2021
1254065,e94915e6,csk,2021,2021
1254065,fe93fd9d,csk,2021,2021
1254065,4a8a2e3b,csk,2021,2021
1254065,87e562a9,csk,2021,2021
1254065,1abb78f8,csk,2021,2021
1254065,23eeb873,csk,2021,2021
1254066,372455c4,mi,2021,2021
1254066,740742ef,mi,2021,2021
1254066,271f83cd,mi,2021,2021
1254066,752f7486,mi,2021,2021
1254066,a757b0d8,mi,2021,2021
1254066,dbe50b21,mi,2021,2021
1254066,5b8c830e,mi,2021,2021
1254066,350bb1b1,mi,2021,2021
1254066,2ed569a0,mi,2021,2021
1254066,462411b3,mi,2021,2021
1254066,a818c1be,mi,2021,2021
1254066,dcce6f09,srh,2021,2021
1254066,abb83e27,srh,2021,2021
1254066,93b4fc78,srh,2021,2021
1254066,26d76ad9,srh,2021,2021
1254066,0994d0ae,srh,2021,2021
1254066,f29185a1,srh,2021,2021
1254066,8e514b4c,srh,2021,2021
1254066,5f547c8b,srh,2021,2021
1254066,2e81a32d,srh,2021,2021
1254066,7d92277a,srh,2021,2021
1254066,a2f46292,srh,2021,2021
1254067,ba607b88,rcb,2021,2021
1254067,2c25d4f5,rcb,2021,2021
1254067,c740ea83,rcb,2021,2021
1254067,b681e71e,rcb,2021,2021
1254067,c4487b84,rcb,2021,2021
1254067,68c56d09,rcb,2021,2021
1254067,f19ccfad,rcb,2021,2021
1254067,f9e6e7ef,rcb,2021,2021
1254067,f986ca1a,rcb,2021,2021
1254067,2f49c897,rcb,2021,2021
1254067,57ee1fde,rcb,2021,2021
1254067,fb2d1dda,kkr,2021,2021
1254067,b4b99816,kkr,2021,2021
1254067,77255a9e,kkr,2021,2021
1254067,d2a6c0e6,kkr,2021,2021
1254067,c03f1114,kkr,2021,2021
1254067,7dc35884,kkr,2021,2021
1254067,bbd41817,kkr,2021,2021
1254067,ded9240e,kkr,2021,2021
1254067,8b5b6769,kkr,2021,2021
1254067,5b7ab5a9,kkr,2021,2021
1254067,85e0cf10,kkr,2021,2021
1254068,b17e2f24,pbks,2021,2021
1254068,00ea847a,pbks,2021,2021
1254068,db584dad,pbks,2021,2021
1254068,73ad96ed,pbks,2021,2021
1254068,3241e3fd,pbks,2021,2021
1254068,7dcb9bc9,pbks,2021,2021
1254068,249abedf,pbks,2021,2021
1254068,1ee08e9a,pbks,2021,2021
1254068,8cf9814c,pbks,2021,2021
1254068,64775749,pbks,2021,2021
1254068,244048f6,pbks,2021,2021
1254068,8b3e9c7c,dc,2021,2021
1254068,0a476045,dc,2021,2021
1254068,30a45b23,dc,2021,2021
1254068,919a3be2,dc,2021,2021
1254068,d9273ee7,dc,2021,2021
1254068,ad427b5c,dc,2021,2021
1254068,d3611425,dc,2021,2021
1254068,4c5d73db,dc,2021,2021
1254068,495d42a5,dc,2021,2021
1254068,e62dd25d,dc,2021,2021
1254068,eef2536f,dc,2021,2021
1254069,45a43fe2,csk,2021,2021
1254069,3355b542,csk,2021,2021
1254069,bb351c23,csk,2021,2021
1254069,1dc12ab9,csk,2021,2021
1254069,70d205c9,csk,2021,2021
1254069,fe93fd9d,csk,2021,2021
1254069,4a8a2e3b,csk,2021,2021
1254069,e94915e6,csk,2021,2021
1254069,87e562a9,csk,2021,2021
1254069,1abb78f8,csk,2021,2021
1254069,23eeb873,csk,2021,2021
1254069,99b75528,rr,2021,2021
1254069,c03e2850,rr,2021,2021
1254069,a4cc73aa,rr,2021,2021
1254069,a4e37e47,rr,2021,2021
1254069,d67d5f00,rr,2021,2021
1254069,04a418e8,rr,2021,2021
1254069,39a2dfa8,rr,2021,2021
1254069,fb66ce1f,rr,2021,2021
1254069,1e66c162,rr,2021,2021
1254069,2cdce1be,rr,2021,2021
1254069,0a8fce53,rr,2021,2021
1254070,740742ef,mi,2021,2021
1254070,372455c4,mi,2021,2021
1254070,271f83cd,mi,2021,2021
1254070,752f7486,mi,2021,2021
1254070,dbe50b21,mi,2021,2021
1254070,5b8c830e,mi,2021,2021
1254070,a757b0d8,mi,2021,2021
1254070,81049310,mi,2021,2021
1254070,2ed569a0,mi,2021,2021
1254070,462411b3,mi,2021,2021
1254070,a818c1be,mi,2021,2021
1254070,8b3e9c7c,dc,2021,2021
1254070,0a476045,dc,2021,2021
1254070,30a45b23,dc,2021,2021
1254070,ad427b5c,dc,2021,2021
1254070,919a3be2,dc,2021,2021
1254070,48a1d7b7,dc,2021,2021
1254070,d9273ee7,dc,2021,2021
1254070,495d42a5,dc,2021,2021
1254070,e62dd25d,dc,2021,2021
1254070,eef2536f,dc,2021,2021
1254070,6b19d823,dc,2021,2021
1254071,b17e2f24,pbks,2021,2021
1254071,00ea847a,pbks,2021,2021
1254071,db584dad,pbks,2021,2021
1254071,3241e3fd,pbks,2021,2021
1254071,73ad96ed,pbks,2021,2021
1254071,32198ae0,pbks,2021,2021
1254071,7dcb9bc9,pbks,2021,2021
1254071,b52ffbbd,pbks,2021,2021
1254071,e2db2409,pbks,2021,2021
1254071,8cf9814c,pbks,2021,2021
1254071,244048f6,pbks,2021,2021
1254071,dcce6f09,srh,2021,2021
1254071,abb83e27,srh,2021,2021
1254071,d027ba9f,srh,2021,2021
1254071,26d76ad9,srh,2021,2021
1254071,99d63244,srh,2021,2021
1254071,0994d0ae,srh,2021,2021
1254071,f29185a1,srh,2021,2021
1254071,5f547c8b,srh,2021,2021
1254071,2e81a32d,srh,2021,2021
1254071,dcf81436,srh,2021,2021
1254071,a2f46292,srh,2021,2021
1254072,45a43fe2,csk,2021,2021
1254072,3355b542,csk,2021,2021
1254072,bb351c23,csk,2021,2021
1254072,4a8a2e3b,csk,2021,2021
1254072,fe93fd9d,csk,2021,2021
1254072,1dc12ab9,csk,2021,2021
1254072,70d205c9,csk,2021,2021
1254072,e94915e6,csk,2021,2021
1254072,1abb78f8,csk,2021,2021
1254072,23eeb873,csk,2021,2021
1254072,f834dcfc,csk,2021,2021
1254072,fb2d1dda,kkr,2021,2021
1254072,b4b99816,kkr,2021,2021
1254072,77255a9e,kkr,2021,2021
1254072,d2a6c0e6,kkr,2021,2021
1254072,9d430b40,kkr,2021,2021
1254072,c03f1114,kkr,2021,2021
1254072,bbd41817,kkr,2021,2021
1254072,ded9240e,kkr,2021,2021
1254072,b4f5c2d9,kkr,2021,2021
1254072,5b7ab5a9,kkr,2021,2021
1254072,85e0cf10,kkr,2021,2021
1254073,99b75528,rr,2021,2021
1254073,c03e2850,rr,2021,2021
1254073,a4cc73aa,rr,2021,2021
1254073,d67d5f00,rr,2021,2021
1254073,a4e37e47,rr,2021,2021
1254073,04a418e8,rr,2021,2021
1254073,39a2dfa8,rr,2021,2021
1254073,fb66ce1f,rr,2021,2021
1254073,7a8bd078,rr,2021,2021
1254073,2cdce1be,rr,2021,2021
1254073,0a8fce53,rr,2021,2021
1254073,ba607b88,rcb,2021,2021
1254073,2c25d4f5,rcb,2021,2021
1254073,b681e71e,rcb,2021,2021
1254073,c4487b84,rcb,2021,2021
1254073,f19ccfad,rcb,2021,2021
1254073,68c56d09,rcb,2021,2021
1254073,f9e6e7ef,rcb,2021,2021
1254073,f986ca1a,rcb,2021,2021
1254073,2f49c897,rcb,2021,2021
1254073,dfc4d8b5,rcb,2021,2021
1254073,57ee1fde,rcb,2021,2021
1254074,372455c4,mi,2021,2021
1254074,740742ef,mi,2021,2021
1254074,752f7486,mi,2021,2021
1254074,271f83cd,mi,2021,2021
1254074,a757b0d8,mi,2021,2021
1254074,dbe50b21,mi,2021,2021
1254074,5b8c830e,mi,2021,2021
1254074,81049310,mi,2021,2021
1254074,2ed569a0,mi,2021,2021
1254074,462411b3,mi,2021,2021
1254074,a818c1be,mi,2021,2021
1254074,b17e2f24,pbks,2021,2021
1254074,00ea847a,pbks,2021,2021
1254074,db584dad,pbks,2021,2021
1254074,73ad96ed,pbks,2021,2021
1254074,3241e3fd,pbks,2021,2021
1254074,32198ae0,pbks,2021,2021
1254074,7dcb9bc9,pbks,2021,2021
1254074,b52ffbbd,pbks,2021,2021
1254074,8cf9814c,pbks,2021,2021
1254074,df064e1a,pbks,2021,2021
1254074,244048f6,pbks,2021,2021
1254075,fb2d1dda,kkr,2021,2021
1254075,b4b99816,kkr,2021,2021
1254075,77255a9e,kkr,2021,2021
1254075,9d430b40,kkr,2021,2021
1254075,d2a6c0e6,kkr,2021,2021
1254075,c03f1114,kkr,2021,2021
1254075,bbd41817,kkr,2021,2021
1254075,ded9240e,kkr,2021,2021
1254075,c38d3503,kkr,2021,2021
1254075,85e0cf10,kkr,2021,2021
1254075,5b7ab5a9,kkr,2021,2021
1254075,99b75528,rr,2021,2021
1254075,6c19c6e5,rr,2021,2021
1254075,a4cc73aa,rr,2021,2021
1254075,a4e37e47,rr,2021,2021
1254075,39a2dfa8,rr,2021,2021
1254075,d67d5f00,rr,2021,2021
1254075,04a418e8,rr,2021,2021
1254075,fb66ce1f,rr,2021,2021
1254075,1e66c162,rr,2021,2021
1254075,2cdce1be,rr,2021,2021
1254075,0a8fce53,rr,2021,2021
1254076,45a43fe2,csk,2021,2021
1254076,3355b542,csk,2021,2021
1254076,1dc12ab9,csk,2021,2021
1254076,70d205c9,csk,2021,2021
1254076,fe93fd9d,csk,2021,2021
1254076,4a8a2e3b,csk,2021,2021
1254076,87e562a9,csk,2021,2021
1254076,e94915e6,csk,2021,2021
1254076,1abb78f8,csk,2021,2021
1254076,23eeb873,csk,2021,2021
1254076,acee4cc4,csk,2021,2021
1254076,ba607b88,rcb,2021,2021
1254076,2c25d4f5,rcb,2021,2021
1254076,f19ccfad,rcb,2021,2021
1254076,b681e71e,rcb,2021,2021
1254076,c4487b84,rcb,2021,2021
1254076,2a2e6343,rcb,2021,2021
1254076,68c56d09,rcb,2021,2021
1254076,f986ca1a,rcb,2021,2021
1254076,21d4e29b,rcb,2021,2021
1254076,57ee1fde,rcb,2021,2021
1254076,2f49c897,rcb,2021,2021
1254077,8b3e9c7c,dc,2021,2021
1254077,0a476045,dc,2021,2021
1254077,919a3be2,dc,2021,2021
1254077,30a45b23,dc,2021,2021
1254077,48a1d7b7,dc,2021,2021
1254077,d9273ee7,dc,2021,2021
1254077,2e171977,dc,2021,2021
1254077,495d42a5,dc,2021,2021
1254077,e62dd25d,dc,2021,2021
1254077,eef2536f,dc,2021,2021
1254077,6b19d823,dc,2021,2021
1254077,dcce6f09,srh,2021,2021
1254077,abb83e27,srh,2021,2021
1254077,d027ba9f,srh,2021,2021
1254077,26d76ad9,srh,2021,2021
1254077,99d63244,srh,2021,2021
1254077,f29185a1,srh,2021,2021
1254077,5f547c8b,srh,2021,2021
1254077,0994d0ae,srh,2021,2021
1254077,4125d931,srh,2021,2021
1254077,dcf81436,srh,2021,2021
1254077,a2f46292,srh,2021,2021
1254078,b17e2f24,pbks,2021,2021
1254078,00ea847a,pbks,2021,2021
1254078,db584dad,pbks,2021,2021
1254078,73ad96ed,pbks,2021,2021
1254078,3241e3fd,pbks,2021,2021
1254078,32198ae0,pbks,2021,2021
1254078,7dcb9bc9,pbks,2021,2021
1254078,ffe699c0,pbks,2021,2021
1254078,df064e1a,pbks,2021,2021
1254078,8cf9814c,pbks,2021,2021
1254078,244048f6,pbks,2021,2021
1254078,b4b99816,kkr,2021,2021
1254078,fb2d1dda,kkr,2021,2021
1254078,77255a9e,kkr,2021,2021
1254078,9d430b40,kkr,2021,2021
1254078,d2a6c0e6,kkr,2021,2021
1254078,bbd41817,kkr,2021,2021
1254078,c03f1114,kkr,2021,2021
1254078,ded9240e,kkr,2021,2021
1254078,c38d3503,kkr,2021,2021
1254078,5b7ab5a9,kkr,2021,2021
1254078,85e0cf10,kkr,2021,2021
1254079,ba607b88,rcb,2021,2021
1254079,2c25d4f5,rcb,2021,2021
1254079,c740ea83,rcb,2021,2021
1254079,b681e71e,rcb,2021,2021
1254079,c4487b84,rcb,2021,2021
1254079,f19ccfad,rcb,2021,2021
1254079,caf69bf7,rcb,2021,2021
1254079,68c56d09,rcb,2021,2021
1254079,f986ca1a,rcb,2021,2021
1254079,2f49c897,rcb,2021,2021
1254079,57ee1fde,rcb,2021,2021
1254079,8b3e9c7c,dc,2021,2021
1254079,0a476045,dc,2021,2021
1254079,30a45b23,dc,2021,2021
1254079,919a3be2,dc,2021,2021
1254079,d9273ee7,dc,2021,2021
1254079,48a1d7b7,dc,2021,2021
1254079,2e171977,dc,2021,2021
1254079,e62dd25d,dc,2021,2021
1254079,eef2536f,dc,2021,2021
1254079,6b19d823,dc,2021,2021
1254079,5bb1a1c4,dc,2021,2021
1254080,dcce6f09,srh,2021,2021
1254080,abb83e27,srh,2021,2021
1254080,93b4fc78,srh,2021,2021
1254080,d027ba9f,srh,2021,2021
1254080,99d63244,srh,2021,2021
1254080,5f547c8b,srh,2021,2021
1254080,0994d0ae,srh,2021,2021
1254080,4125d931,srh,2021,2021
1254080,dcf81436,srh,2021,2021
1254080,a2f46292,srh,2021,2021
1254080,ce820073,srh,2021,2021
1254080,45a43fe2,csk,2021,2021
1254080,3355b542,csk,2021,2021
1254080,bb351c23,csk,2021,2021
1254080,fe93fd9d,csk,2021,2021
1254080,1dc12ab9,csk,2021,2021
1254080,70d205c9,csk,2021,2021
1254080,4a8a2e3b,csk,2021,2021
1254080,e94915e6,csk,2021,2021
1254080,1abb78f8,csk,2021,2021
1254080,23eeb873,csk,2021,2021
1254080,f834dcfc,csk,2021,2021
1254081,99b75528,rr,2021,2021
1254081,6c19c6e5,rr,2021,2021
1254081,a4cc73aa,rr,2021,2021
1254081,a4e37e47,rr,2021,2021
1254081,d67d5f00,rr,2021,2021
1254081,04a418e8,rr,2021,2021
1254081,39a2dfa8,rr,2021,2021
1254081,fb66ce1f,rr,2021,2021
1254081,1e66c162,rr,2021,2021
1254081,2cdce1be,rr,2021,2021
1254081,0a8fce53,rr,2021,2021
1254081,740742ef,mi,2021,2021
1254081,372455c4,mi,2021,2021
1254081,271f83cd,mi,2021,2021
1254081,5b8c830e,mi,2021,2021
1254081,a757b0d8,mi,2021,2021
1254081,dbe50b21,mi,2021,2021
1254081,56ab442f,mi,2021,2021
1254081,81049310,mi,2021,2021
1254081,2ed569a0,mi,2021,2021
1254081,462411b3,mi,2021,2021
1254081,a818c1be,mi,2021,2021
1254082,fb2d1dda,kkr,2021,2021
1254082,b4b99816,kkr,2021,2021
1254082,77255a9e,kkr,2021,2021
1254082,d2a6c0e6,kkr,2021,2021
1254082,9d430b40,kkr,2021,2021
1254082,bbd41817,kkr,2021,2021
1254082,c03f1114,kkr,2021,2021
1254082,ded9240e,kkr,2021,2021
1254082,c38d3503,kkr,2021,2021
1254082,5b7ab5a9,kkr,2021,2021
1254082,85e0cf10,kkr,2021,2021
1254082,8b3e9c7c,dc,2021,2021
1254082,0a476045,dc,2021,2021
1254082,919a3be2,dc,2021,2021
1254082,d9273ee7,dc,2021,2021
1254082,48a1d7b7,dc,2021,2021
1254082,30a45b23,dc,2021,2021
1254082,ad427b5c,dc,2021,2021
1254082,2e171977,dc,2021,2021
1254082,e62dd25d,dc,2021,2021
1254082,eef2536f,dc,2021,2021
1254082,5bb1a1c4,dc,2021,2021
1254083,b17e2f24,pbks,2021,2021
1254083,9418198b,pbks,2021,2021
1254083,db584dad,pbks,2021,2021
1254083,3241e3fd,pbks,2021,2021
1254083,73ad96ed,pbks,2021,2021
1254083,7dcb9bc9,pbks,2021,2021
1254083,c05edf8e,pbks,2021,2021
1254083,64775749,pbks,2021,2021
1254083,df064e1a,pbks,2021,2021
1254083,8cf9814c,pbks,2021,2021
1254083,ffe699c0,pbks,2021,2021
1254083,ba607b88,rcb,2021,2021
1254083,2c25d4f5,rcb,2021,2021
1254083,c740ea83,rcb,2021,2021
1254083,b681e71e,rcb,2021,2021
1254083,c4487b84,rcb,2021,2021
1254083,f9e6e7ef,rcb,2021,2021
1254083,caf69bf7,rcb,2021,2021
1254083,68c56d09,rcb,2021,2021
1254083,f986ca1a,rcb,2021,2021
1254083,2f49c897,rcb,2021,2021
1254083,57ee1fde,rcb,2021,2021
1254084,45a43fe2,csk,2021,2021
1254084,3355b542,csk,2021,2021
1254084,bb351c23,csk,2021,2021
1254084,1dc12ab9,csk,2021,2021
1254084,70d205c9,csk,2021,2021
1254084,fe93fd9d,csk,2021,2021
1254084,4a8a2e3b,csk,2021,2021
1254084,e94915e6,csk,2021,2021
1254084,1abb78f8,csk,2021,2021
1254084,23eeb873,csk,2021,2021
1254084,f834dcfc,csk,2021,2021
1254084,372455c4,mi,2021,2021
1254084,740742ef,mi,2021,2021
1254084,271f83cd,mi,2021,2021
1254084,5b8c830e,mi,2021,2021
1254084,a757b0d8,mi,2021,2021
1254084,dbe50b21,mi,2021,2021
1254084,9219eff0,mi,2021,2021
1254084,d2a989fc,mi,2021,2021
1254084,2ed569a0,mi,2021,2021
1254084,462411b3,mi,2021,2021
1254084,a818c1be,mi,2021,2021
1254085,99b75528,rr,2021,2021
1254085,6c19c6e5,rr,2021,2021
1254085,a4cc73aa,rr,2021,2021
1254085,04a418e8,rr,2021,2021
1254085,d67d5f00,rr,2021,2021
1254085,c8f5f961,rr,2021,2021
1254085,39a2dfa8,rr,2021,2021
1254085,fb66ce1f,rr,2021,2021
1254085,5d2eea49,rr,2021,2021
1254085,2cdce1be,rr,2021,2021
1254085,0a8fce53,rr,2021,2021
1254085,93b4fc78,srh,2021,2021
1254085,abb83e27,srh,2021,2021
1254085,d027ba9f,srh,2021,2021
1254085,0994d0ae,srh,2021,2021
1254085,99d63244,srh,2021,2021
1254085,62af8546,srh,2021,2021
1254085,8e514b4c,srh,2021,2021
1254085,5f547c8b,srh,2021,2021
1254085,2e81a32d,srh,2021,2021
1254085,ce820073,srh,2021,2021
1254085,a2f46292,srh,2021,2021
1254086,9418198b,pbks,2021,2021
1254086,00ea847a,pbks,2021,2021
1254086,db584dad,pbks,2021,2021
1254086,ad9c32a2,pbks,2021,2021
1254086,73ad96ed,pbks,2021,2021
1254086,7dcb9bc9,pbks,2021,2021
1254086,ffe699c0,pbks,2021,2021
1254086,c05edf8e,pbks,2021,2021
1254086,64775749,pbks,2021,2021
1254086,df064e1a,pbks,2021,2021
1254086,8cf9814c,pbks,2021,2021
1254086,8b3e9c7c,dc,2021,2021
1254086,0a476045,dc,2021,2021
1254086,30a45b23,dc,2021,2021
1254086,919a3be2,dc,2021,2021
1254086,48a1d7b7,dc,2021,2021
1254086,d9273ee7,dc,2021,2021
1254086,2e171977,dc,2021,2021
1254086,ad427b5c,dc,2021,2021
1254086,e62dd25d,dc,2021,2021
1254086,5bb1a1c4,dc,2021,2021
1254086,eef2536f,dc,2021,2021
1254087,ba607b88,rcb,2021,2021
1254087,2c25d4f5,rcb,2021,2021
1254087,44a89551,rcb,2021,2021
1254087,b681e71e,rcb,2021,2021
1254087,c4487b84,rcb,2021,2021
1254087,dc9dd038,rcb,2021,2021
1254087,a97c8ec2,rcb,2021,2021
1254087,68c56d09,rcb,2021,2021
1254087,f986ca1a,rcb,2021,2021
1254087,2f49c897,rcb,2021,2021
1254087,57ee1fde,rcb,2021,2021
1254087,b4b99816,kkr,2021,2021
1254087,a24be938,kkr,2021,2021
1254087,bbd41817,kkr,2021,2021
1254087,fb2d1dda,kkr,2021,2021
1254087,77255a9e,kkr,2021,2021
1254087,d2a6c0e6,kkr,2021,2021
1254087,c03f1114,kkr,2021,2021
1254087,2f9d0389,kkr,2021,2021
1254087,9d430b40,kkr,2021,2021
1254087,5b7ab5a9,kkr,2021,2021
1254087,85e0cf10,kkr,2021,2021
1254088,740742ef,mi,2021,2021
1254088,752f7486,mi,2021,2021
1254088,dbe50b21,mi,2021,2021
1254088,a757b0d8,mi,2021,2021
1254088,271f83cd,mi,2021,2021
1254088,9219eff0,mi,2021,2021
1254088,5b8c830e,mi,2021,2021
1254088,56ab442f,mi,2021,2021
1254088,98ae73b1,mi,2021,2021
1254088,462411b3,mi,2021,2021
1254088,a818c1be,mi,2021,2021
1254088,d1c36f5c,srh,2021,2021
1254088,f29185a1,srh,2021,2021
1254088,93b4fc78,srh,2021,2021
1254088,62af8546,srh,2021,2021
1254088,8e514b4c,srh,2021,2021
1254088,bb965e9a,srh,2021,2021
1254088,0f721006,srh,2021,2021
1254088,5f547c8b,srh,2021,2021
1254088,fe11caa6,srh,2021,2021
1254088,dcf81436,srh,2021,2021
1254088,81c08fa3,srh,2021,2021
1254089,45a43fe2,csk,2021,2021
1254089,3355b542,csk,2021,2021
1254089,1dc12ab9,csk,2021,2021
1254089,bb351c23,csk,2021,2021
1254089,70d205c9,csk,2021,2021
1254089,fe93fd9d,csk,2021,2021
1254089,4a8a2e3b,csk,2021,2021
1254089,e94915e6,csk,2021,2021
1254089,1abb78f8,csk,2021,2021
1254089,03806cf8,csk,2021,2021
1254089,798cc28e,csk,2021,2021
1254089,0ebfb1ad,rr,2021,2021
1254089,6c19c6e5,rr,2021,2021
1254089,a4cc73aa,rr,2021,2021
1254089,a4e37e47,rr,2021,2021
1254089,9a46c4e5,rr,2021,2021
1254089,d67d5f00,rr,2021,2021
1254089,39a2dfa8,rr,2021,2021
1254089,b483905d,rr,2021,2021
1254089,a9fd84fb,rr,2021,2021
1254089,2cdce1be,rr,2021,2021
1254089,0a8fce53,rr,2021,2021
1254090,ba607b88,rcb,2021,2021
1254090,2c25d4f5,rcb,2021,2021
1254090,2a2e6343,rcb,2021,2021
1254090,b681e71e,rcb,2021,2021
1254090,c4487b84,rcb,2021,2021
1254090,f9e6e7ef,rcb,2021,2021
1254090,44a89551,rcb,2021,2021
1254090,be869ccf,rcb,2021,2021
1254090,f986ca1a,rcb,2021,2021
1254090,2f49c897,rcb,2021,2021
1254090,57ee1fde,rcb,2021,2021
1254090,b17e2f24,pbks,2021,2021
1254090,00ea847a,pbks,2021,2021
1254090,3241e3fd,pbks,2021,2021
1254090,6a26221c,pbks,2021,2021
1254090,f088b960,pbks,2021,2021
1254090,7dcb9bc9,pbks,2021,2021
1254090,32198ae0,pbks,2021,2021
1254090,c05edf8e,pbks,2021,2021
1254090,df064e1a,pbks,2021,2021
1254090,8cf9814c,pbks,2021,2021
1254090,244048f6,pbks,2021,2021
1254091,d1c36f5c,srh,2021,2021
1254091,fe11caa6,srh,2021,2021
1254091,d027ba9f,srh,2021,2021
1254091,bb965e9a,srh,2021,2021
1254091,f29185a1,srh,2021,2021
1254091,8e514b4c,srh,2021,2021
1254091,0f721006,srh,2021,2021
1254091,5f547c8b,srh,2021,2021
1254091,2e81a32d,srh,2021,2021
1254091,ce820073,srh,2021,2021
1254091,dcf81436,srh,2021,2021
1254091,45a43fe2,csk,2021,2021
1254091,3355b542,csk,2021,2021
1254091,bb351c23,csk,2021,2021
1254091,1dc12ab9,csk,2021,2021
1254091,70d205c9,csk,2021,2021
1254091,4a8a2e3b,csk,2021,2021
1254091,fe93fd9d,csk,2021,2021
1254091,87e562a9,csk,2021,2021
1254091,1abb78f8,csk,2021,2021
1254091,23eeb873,csk,2021,2021
1254091,03806cf8,csk,2021,2021
1254092,30a45b23,dc,2021,2021
1254092,0a476045,dc,2021,2021
1254092,85ec8e33,dc,2021,2021
1254092,919a3be2,dc,2021,2021
1254092,48a1d7b7,dc,2021,2021
1254092,ad427b5c,dc,2021,2021
1254092,2e171977,dc,2021,2021
1254092,495d42a5,dc,2021,2021
1254092,e62dd25d,dc,2021,2021
1254092,eef2536f,dc,2021,2021
1254092,acdc62f5,dc,2021,2021
1254092,b4b99816,kkr,2021,2021
1254092,a24be938,kkr,2021,2021
1254092,77255a9e,kkr,2021,2021
1254092,fb2d1dda,kkr,2021,2021
1254092,d2a6c0e6,kkr,2021,2021
1254092,c03f1114,kkr,2021,2021
1254092,9d430b40,kkr,2021,2021
1254092,13c35c9e,kkr,2021,2021
1254092,2f9d0389,kkr,2021,2021
1254092,cdc6bdba,kkr,2021,2021
1254092,5b7ab5a9,kkr,2021,2021
1254093,0ebfb1ad,rr,2021,2021
1254093,6c19c6e5,rr,2021,2021
1254093,a4cc73aa,rr,2021,2021
1254093,a4e37e47,rr,2021,2021
1254093,9a46c4e5,rr,2021,2021
1254093,d67d5f00,rr,2021,2021
1254093,39a2dfa8,rr,2021,2021
1254093,7a8bd078,rr,2021,2021
1254093,2cdce1be,rr,2021,2021
1254093,030f3089,rr,2021,2021
1254093,0a8fce53,rr,2021,2021
1254093,740742ef,mi,2021,2021
1254093,752f7486,mi,2021,2021
1254093,271f83cd,mi,2021,2021
1254093,dbe50b21,mi,2021,2021
1254093,709b0bac,mi,2021,2021
1254093,a757b0d8,mi,2021,2021
1254093,9219eff0,mi,2021,2021
1254093,56ab442f,mi,2021,2021
1254093,81049310,mi,2021,2021
1254093,462411b3,mi,2021,2021
1254093,a818c1be,mi,2021,2021
1254094,45a43fe2,csk,2021,2021
1254094,3355b542,csk,2021,2021
1254094,bb351c23,csk,2021,2021
1254094,1c17e270,csk,2021,2021
1254094,70d205c9,csk,2021,2021
1254094,4a8a2e3b,csk,2021,2021
1254094,fe93fd9d,csk,2021,2021
1254094,87e562a9,csk,2021,2021
1254094,23eeb873,csk,2021,2021
1254094,1abb78f8,csk,2021,2021
1254094,03806cf8,csk,2021,2021
1254094,b17e2f24,pbks,2021,2021
1254094,00ea847a,pbks,2021,2021
1254094,f088b960,pbks,2021,2021
1254094,7dcb9bc9,pbks,2021,2021
1254094,6a26221c,pbks,2021,2021
1254094,32198ae0,pbks,2021,2021
1254094,ffe699c0,pbks,2021,2021
1254094,c05edf8e,pbks,2021,2021
1254094,df064e1a,pbks,2021,2021
1254094,8cf9814c,pbks,2021,2021
1254094,244048f6,pbks,2021,2021
1254095,d1c36f5c,srh,2021,2021
1254095,f29185a1,srh,2021,2021
1254095,d027ba9f,srh,2021,2021
1254095,bb965e9a,srh,2021,2021
1254095,8e514b4c,srh,2021,2021
1254095,fe11caa6,srh,2021,2021
1254095,0f721006,srh,2021,2021
1254095,5f547c8b,srh,2021,2021
1254095,2e81a32d,srh,2021,2021
1254095,dcf81436,srh,2021,2021
1254095,81c08fa3,srh,2021,2021
1254095,ba607b88,rcb,2021,2021
1254095,2c25d4f5,rcb,2021,2021
1254095,2a2e6343,rcb,2021,2021
1254095,44a89551,rcb,2021,2021
1254095,b681e71e,rcb,2021,2021
1254095,c4487b84,rcb,2021,2021
1254095,f9e6e7ef,rcb,2021,2021
1254095,be869ccf,rcb,2021,2021
1254095,f986ca1a,rcb,2021,2021
1254095,2f49c897,rcb,2021,2021
1254095,57ee1fde,rcb,2021,2021
1254096,740742ef,mi,2021,2021
1254096,372455c4,mi,2021,2021
1254096,271f83cd,mi,2021,2021
1254096,752f7486,mi,2021,2021
1254096,a757b0d8,mi,2021,2021
1254096,5b8c830e,mi,2021,2021
1254096,709b0bac,mi,2021,2021
1254096,350bb1b1,mi,2021,2021
1254096,2ed569a0,mi,2021,2021
1254096,462411b3,mi,2021,2021
1254096,a818c1be,mi,2021,2021
1254096,b4b99816,kkr,2021,2021
1254096,a24be938,kkr,2021,2021
1254096,77255a9e,kkr,2021,2021
1254096,d2a6c0e6,kkr,2021,2021
1254096,fb2d1dda,kkr,2021,2021
1254096,bbd41817,kkr,2021,2021
1254096,c03f1114,kkr,2021,2021
1254096,9d430b40,kkr,2021,2021
1254096,2f9d0389,kkr,2021,2021
1254096,85e0cf10,kkr,2021,2021
1254096,5b7ab5a9,kkr,2021,2021
1254097,8b3e9c7c,dc,2021,2021
1254097,0a476045,dc,2021,2021
1254097,85ec8e33,dc,2021,2021
1254097,919a3be2,dc,2021,2021
1254097,48a1d7b7,dc,2021,2021
1254097,ad427b5c,dc,2021,2021
1254097,2e171977,dc,2021,2021
1254097,495d42a5,dc,2021,2021
1254097,e62dd25d,dc,2021,2021
1254097,acdc62f5,dc,2021,2021
1254097,eef2536f,dc,2021,2021
1254097,50c6bc2b,rr,2021,2021
1254097,6c19c6e5,rr,2021,2021
1254097,a4cc73aa,rr,2021,2021
1254097,d67d5f00,rr,2021,2021
1254097,da934ee8,rr,2021,2021
1254097,04a418e8,rr,2021,2021
1254097,39a2dfa8,rr,2021,2021
1254097,a03bba42,rr,2021,2021
1254097,5d2eea49,rr,2021,2021
1254097,2cdce1be,rr,2021,2021
1254097,0a8fce53,rr,2021,2021
1254098,b4b99816,kkr,2021,2021
1254098,a24be938,kkr,2021,2021
1254098,77255a9e,kkr,2021,2021
1254098,d2a6c0e6,kkr,2021,2021
1254098,fb2d1dda,kkr,2021,2021
1254098,bbd41817,kkr,2021,2021
1254098,c03f1114,kkr,2021,2021
1254098,9d430b40,kkr,2021,2021
1254098,2f9d0389,kkr,2021,2021
1254098,85e0cf10,kkr,2021,2021
1254098,5b7ab5a9,kkr,2021,2021
1254098,45a43fe2,csk,2021,2021
1254098,3355b542,csk,2021,2021
1254098,bb351c23,csk,2021,2021
1254098,70d205c9,csk,2021,2021
1254098,1dc12ab9,csk,2021,2021
1254098,4a8a2e3b,csk,2021,2021
1254098,fe93fd9d,csk,2021,2021
1254098,e94915e6,csk,2021,2021
1254098,1abb78f8,csk,2021,2021
1254098,23eeb873,csk,2021,2021
1254098,03806cf8,csk,2021,2021
1254099,b17e2f24,pbks,2021,2021
1254099,c3a96caf,pbks,2021,2021
1254099,db584dad,pbks,2021,2021
1254099,6a26221c,pbks,2021,2021
1254099,3241e3fd,pbks,2021,2021
1254099,73ad96ed,pbks,2021,2021
1254099,c05edf8e,pbks,2021,2021
1254099,9eb1455b,pbks,2021,2021
1254099,df064e1a,pbks,2021,2021
1254099,8cf9814c,pbks,2021,2021
1254099,244048f6,pbks,2021,2021
1254099,740742ef,mi,2021,2021
1254099,372455c4,mi,2021,2021
1254099,271f83cd,mi,2021,2021
1254099,709b0bac,mi,2021,2021
1254099,dbe50b21,mi,2021,2021
1254099,a757b0d8,mi,2021,2021
1254099,5b8c830e,mi,2021,2021
1254099,56ab442f,mi,2021,2021
1254099,2ed569a0,mi,2021,2021
1254099,a818c1be,mi,2021,2021
1254099,462411b3,mi,2021,2021
1254100,0ebfb1ad,rr,2021,2021
1254100,6c19c6e5,rr,2021,2021
1254100,a4cc73aa,rr,2021,2021
1254100,50c6bc2b,rr,2021,2021
1254100,da934ee8,rr,2021,2021
1254100,04a418e8,rr,2021,2021
1254100,39a2dfa8,rr,2021,2021
1254100,fb66ce1f,rr,2021,2021
1254100,1e66c162,rr,2021,2021
1254100,2cdce1be,rr,2021,2021
1254100,0a8fce53,rr,2021,2021
1254100,d1c36f5c,srh,2021,2021
1254100,fe11caa6,srh,2021,2021
1254100,d027ba9f,srh,2021,2021
1254100,bb965e9a,srh,2021,2021
1254100,f29185a1,srh,2021,2021
1254100,0f721006,srh,2021,2021
1254100,8e514b4c,srh,2021,2021
1254100,5f547c8b,srh,2021,2021
1254100,2e81a32d,srh,2021,2021
1254100,ce820073,srh,2021,2021
1254100,dcf81436,srh,2021,2021
1254101,8b3e9c7c,dc,2021,2021
1254101,0a476045,dc,2021,2021
1254101,919a3be2,dc,2021,2021
1254101,85ec8e33,dc,2021,2021
1254101,48a1d7b7,dc,2021,2021
1254101,60500956,dc,2021,2021
1254101,2e171977,dc,2021,2021
1254101,495d42a5,dc,2021,2021
1254101,e62dd25d,dc,2021,2021
1254101,eef2536f,dc,2021,2021
1254101,acdc62f5,dc,2021,2021
1254101,ba607b88,rcb,2021,2021
1254101,2c25d4f5,rcb,2021,2021
1254101,44a89551,rcb,2021,2021
1254101,c4487b84,rcb,2021,2021
1254101,b681e71e,rcb,2021,2021
1254101,2a2e6343,rcb,2021,2021
1254101,f9e6e7ef,rcb,2021,2021
1254101,be869ccf,rcb,2021,2021
1254101,f986ca1a,rcb,2021,2021
1254101,2f49c897,rcb,2021,2021
1254101,57ee1fde,rcb,2021,2021
1254102,a24be938,kkr,2021,2021
1254102,b4b99816,kkr,2021,2021
1254102,77255a9e,kkr,2021,2021
1254102,fb2d1dda,kkr,2021,2021
1254102,d2a6c0e6,kkr,2021,2021
1254102,c03f1114,kkr,2021,2021
1254102,4663bd23,kkr,2021,2021
1254102,9d430b40,kkr,2021,2021
1254102,13c35c9e,kkr,2021,2021
1254102,5b7ab5a9,kkr,2021,2021
1254102,c38d3503,kkr,2021,2021
1254102,b17e2f24,pbks,2021,2021
1254102,00ea847a,pbks,2021,2021
1254102,3241e3fd,pbks,2021,2021
1254102,6a26221c,pbks,2021,2021
1254102,73ad96ed,pbks,2021,2021
1254102,7dcb9bc9,pbks,2021,2021
1254102,b52ffbbd,pbks,2021,2021
1254102,9eb1455b,pbks,2021,2021
1254102,df064e1a,pbks,2021,2021
1254102,8cf9814c,pbks,2021,2021
1254102,244048f6,pbks,2021,2021
1254103,0ebfb1ad,rr,2021,2021
1254103,6c19c6e5,rr,2021,2021
1254103,a4cc73aa,rr,2021,2021
1254103,da934ee8,rr,2021,2021
1254103,50c6bc2b,rr,2021,2021
1254103,39a2dfa8,rr,2021,2021
1254103,04a418e8,rr,2021,2021
1254103,fb66ce1f,rr,2021,2021
1254103,2cdce1be,rr,2021,2021
1254103,5d2eea49,rr,2021,2021
1254103,0a8fce53,rr,2021,2021
1254103,ba607b88,rcb,2021,2021
1254103,2c25d4f5,rcb,2021,2021
1254103,44a89551,rcb,2021,2021
1254103,b681e71e,rcb,2021,2021
1254103,c4487b84,rcb,2021,2021
1254103,2a2e6343,rcb,2021,2021
1254103,f9e6e7ef,rcb,2021,2021
1254103,be869ccf,rcb,2021,2021
1254103,f986ca1a,rcb,2021,2021
1254103,2f49c897,rcb,2021,2021
1254103,57ee1fde,rcb,2021,2021
1254104,45a43fe2,csk,2021,2021
1254104,3355b542,csk,2021,2021
1254104,bb351c23,csk,2021,2021
1254104,70d205c9,csk,2021,2021
1254104,1dc12ab9,csk,2021,2021
1254104,4a8a2e3b,csk,2021,2021
1254104,fe93fd9d,csk,2021,2021
1254104,87e562a9,csk,2021,2021
1254104,1abb78f8,csk,2021,2021
1254104,23eeb873,csk,2021,2021
1254104,03806cf8,csk,2021,2021
1254104,372455c4,mi,2021,2021
1254104,1399b39c,mi,2021,2021
1254104,271f83cd,mi,2021,2021
1254104,752f7486,mi,2021,2021
1254104,709b0bac,mi,2021,2021
1254104,a757b0d8,mi,2021,2021
1254104,5b8c830e,mi,2021,2021
1254104,350bb1b1,mi,2021,2021
1254104,2ed569a0,mi,2021,2021
1254104,462411b3,mi,2021,2021
1254104,a818c1be,mi,2021,2021
1254105,dcce6f09,srh,2021,2021
1254105,fe11caa6,srh,2021,2021
1254105,d027ba9f,srh,2021,2021
1254105,93b4fc78,srh,2021,2021
1254105,99d63244,srh,2021,2021
1254105,8e514b4c,srh,2021,2021
1254105,0f721006,srh,2021,2021
1254105,5f547c8b,srh,2021,2021
1254105,2e81a32d,srh,2021,2021
1254105,ce820073,srh,2021,2021
1254105,a2f46292,srh,2021,2021
1254105,8b3e9c7c,dc,2021,2021
1254105,0a476045,dc,2021,2021
1254105,85ec8e33,dc,2021,2021
1254105,919a3be2,dc,2021,2021
1254105,d9273ee7,dc,2021,2021
1254105,48a1d7b7,dc,2021,2021
1254105,2e171977,dc,2021,2021
1254105,495d42a5,dc,2021,2021
1254105,e62dd25d,dc,2021,2021
1254105,acdc62f5,dc,2021,2021
1254105,eef2536f,dc,2021,2021
1254106,b4b99816,kkr,2021,2021
1254106,a24be938,kkr,2021,2021
1254106,fb2d1dda,kkr,2021,2021
1254106,77255a9e,kkr,2021,2021
1254106,c03f1114,kkr,2021,2021
1254106,d2a6c0e6,kkr,2021,2021
1254106,7dc35884,kkr,2021,2021
1254106,9d430b40,kkr,2021,2021
1254106,2f9d0389,kkr,2021,2021
1254106,5b7ab5a9,kkr,2021,2021
1254106,c38d3503,kkr,2021,2021
1254106,6c19c6e5,rr,2021,2021
1254106,50c6bc2b,rr,2021,2021
1254106,a4cc73aa,rr,2021,2021
1254106,a4e37e47,rr,2021,2021
1254106,c8f5f961,rr,2021,2021
1254106,9a46c4e5,rr,2021,2021
1254106,39a2dfa8,rr,2021,2021
1254106,fb66ce1f,rr,2021,2021
1254106,1e66c162,rr,2021,2021
1254106,2cdce1be,rr,2021,2021
1254106,0a8fce53,rr,2021,2021
1254107,b17e2f24,pbks,2021,2021
1254107,00ea847a,pbks,2021,2021
1254107,db584dad,pbks,2021,2021
1254107,6a26221c,pbks,2021,2021
1254107,3241e3fd,pbks,2021,2021
1254107,73ad96ed,pbks,2021,2021
1254107,c05edf8e,pbks,2021,2021
1254107,9eb1455b,pbks,2021,2021
1254107,8cf9814c,pbks,2021,2021
1254107,df064e1a,pbks,2021,2021
1254107,244048f6,pbks,2021,2021
1254107,dcce6f09,srh,2021,2021
1254107,fe11caa6,srh,2021,2021
1254107,d027ba9f,srh,2021,2021
1254107,93b4fc78,srh,2021,2021
1254107,99d63244,srh,2021,2021
1254107,8e514b4c,srh,2021,2021
1254107,0f721006,srh,2021,2021
1254107,5f547c8b,srh,2021,2021
1254107,2e81a32d,srh,2021,2021
1254107,ce820073,srh,2021,2021
1254107,a2f46292,srh,2021,2021
1254108,ba607b88,rcb,2021,2021
1254108,2c25d4f5,rcb,2021,2021
1254108,44a89551,rcb,2021,2021
1254108,b681e71e,rcb,2021,2021
1254108,c4487b84,rcb,2021,2021
1254108,2a2e6343,rcb,2021,2021
1254108,f9e6e7ef,rcb,2021,2021
1254108,68c56d09,rcb,2021,2021
1254108,f986ca1a,rcb,2021,2021
1254108,2f49c897,rcb,2021,2021
1254108,57ee1fde,rcb,2021,2021
1254108,740742ef,mi,2021,2021
1254108,372455c4,mi,2021,2021
1254108,752f7486,mi,2021,2021
1254108,271f83cd,mi,2021,2021
1254108,5b8c830e,mi,2021,2021
1254108,a757b0d8,mi,2021,2021
1254108,dbe50b21,mi,2021,2021
1254108,350bb1b1,mi,2021,2021
1254108,2ed569a0,mi,2021,2021
1254108,462411b3,mi,2021,2021
1254108,a818c1be,mi,2021,2021
1254109,d1c36f5c,srh,2021,2021
1254109,fe11caa6,srh,2021,2021
1254109,d027ba9f,srh,2021,2021
1254109,bb965e9a,srh,2021,2021
1254109,f29185a1,srh,2021,2021
1254109,8e514b4c,srh,2021,2021
1254109,0f721006,srh,2021,2021
1254109,5f547c8b,srh,2021,2021
1254109,2e81a32d,srh,2021,2021
1254109,dcf81436,srh,2021,2021
1254109,81c08fa3,srh,2021,2021
1254109,b4b99816,kkr,2021,2021
1254109,a24be938,kkr,2021,2021
1254109,77255a9e,kkr,2021,2021
1254109,fb2d1dda,kkr,2021,2021
1254109,c03f1114,kkr,2021,2021
1254109,d2a6c0e6,kkr,2021,2021
1254109,7dc35884,kkr,2021,2021
1254109,9d430b40,kkr,2021,2021
1254109,13c35c9e,kkr,2021,2021
1254109,5b7ab5a9,kkr,2021,2021
1254109,c38d3503,kkr,2021,2021
1254110,45a43fe2,csk,2021,2021
1254110,3355b542,csk,2021,2021
1254110,1c17e270,csk,2021,2021
1254110,bb351c23,csk,2021,2021
1254110,70d205c9,csk,2021,2021
1254110,4a8a2e3b,csk,2021,2021
1254110,fe93fd9d,csk,2021,2021
1254110,87e562a9,csk,2021,2021
1254110,23eeb873,csk,2021,2021
1254110,1abb78f8,csk,2021,2021
1254110,03806cf8,csk,2021,2021
1254110,8b3e9c7c,dc,2021,2021
1254110,0a476045,dc,2021,2021
1254110,85ec8e33,dc,2021,2021
1254110,919a3be2,dc,2021,2021
1254110,60500956,dc,2021,2021
1254110,495d42a5,dc,2021,2021
1254110,48a1d7b7,dc,2021,2021
1254110,2e171977,dc,2021,2021
1254110,e62dd25d,dc,2021,2021
1254110,eef2536f,dc,2021,2021
1254110,acdc62f5,dc,2021,2021
1254111,0ebfb1ad,rr,2021,2021
1254111,6c19c6e5,rr,2021,2021
1254111,a4cc73aa,rr,2021,2021
1254111,50c6bc2b,rr,2021,2021
1254111,da934ee8,rr,2021,2021
1254111,04a418e8,rr,2021,2021
1254111,39a2dfa8,rr,2021,2021
1254111,fb66ce1f,rr,2021,2021
1254111,2cdce1be,rr,2021,2021
1254111,5d2eea49,rr,2021,2021
1254111,0a8fce53,rr,2021,2021
1254111,b17e2f24,pbks,2021,2021
1254111,00ea847a,pbks,2021,2021
1254111,6a26221c,pbks,2021,2021
1254111,3241e3fd,pbks,2021,2021
1254111,73ad96ed,pbks,2021,2021
1254111,b52ffbbd,pbks,2021,2021
1254111,fdf7491e,pbks,2021,2021
1254111,249d60c9,pbks,2021,2021
1254111,c05edf8e,pbks,2021,2021
1254111,244048f6,pbks,2021,2021
1254111,8cf9814c,pbks,2021,2021
1254112,740742ef,mi,2021,2021
1254112,372455c4,mi,2021,2021
1254112,271f83cd,mi,2021,2021
1254112,709b0bac,mi,2021,2021
1254112,a757b0d8,mi,2021,2021
1254112,dbe50b21,mi,2021,2021
1254112,5b8c830e,mi,2021,2021
1254112,56ab442f,mi,2021,2021
1254112,81049310,mi,2021,2021
1254112,462411b3,mi,2021,2021
1254112,a818c1be,mi,2021,2021
1254112,8b3e9c7c,dc,2021,2021
1254112,0a476045,dc,2021,2021
1254112,30a45b23,dc,2021,2021
1254112,919a3be2,dc,2021,2021
1254112,85ec8e33,dc,2021,2021
1254112,2e171977,dc,2021,2021
1254112,48a1d7b7,dc,2021,2021
1254112,495d42a5,dc,2021,2021
1254112,e62dd25d,dc,2021,2021
1254112,eef2536f,dc,2021,2021
1254112,acdc62f5,dc,2021,2021
1254113,ba607b88,rcb,2021,2021
1254113,2c25d4f5,rcb,2021,2021
1254113,c4487b84,rcb,2021,2021
1254113,b681e71e,rcb,2021,2021
1254113,f1f99156,rcb,2021,2021
1254113,f986ca1a,rcb,2021,2021
1254113,a97c8ec2,rcb,2021,2021
1254113,44a89551,rcb,2021,2021
1254113,21d4e29b,rcb,2021,2021
1254113,2f49c897,rcb,2021,2021
1254113,57ee1fde,rcb,2021,2021
1254113,45a43fe2,csk,2021,2021
1254113,3355b542,csk,2021,2021
1254113,bb351c23,csk,2021,2021
1254113,70d205c9,csk,2021,2021
1254113,1dc12ab9,csk,2021,2021
1254113,4a8a2e3b,csk,2021,2021
1254113,fe93fd9d,csk,2021,2021
1254113,87e562a9,csk,2021,2021
1254113,1abb78f8,csk,2021,2021
1254113,23eeb873,csk,2021,2021
1254113,03806cf8,csk,2021,2021
1254114,8b3e9c7c,dc,2021,2021
1254114,0a476045,dc,2021,2021
1254114,85ec8e33,dc,2021,2021
1254114,2e171977,dc,2021,2021
1254114,919a3be2,dc,2021,2021
1254114,48a1d7b7,dc,2021,2021
1254114,e86754b2,dc,2021,2021
1254114,495d42a5,dc,2021,2021
1254114,e62dd25d,dc,2021,2021
1254114,eef2536f,dc,2021,2021
1254114,acdc62f5,dc,2021,2021
1254114,45a43fe2,csk,2021,2021
1254114,3355b542,csk,2021,2021
1254114,1c17e270,csk,2021,2021
1254114,1abb78f8,csk,2021,2021
1254114,70d205c9,csk,2021,2021
1254114,bb351c23,csk,2021,2021
1254114,4a8a2e3b,csk,2021,2021
1254114,fe93fd9d,csk,2021,2021
1254114,87e562a9,csk,2021,2021
1254114,23eeb873,csk,2021,2021
1254114,03806cf8,csk,2021,2021
1254115,2c25d4f5,rcb,2021,2021
1254115,ba607b88,rcb,2021,2021
1254115,44a89551,rcb,2021,2021
1254115,b681e71e,rcb,2021,2021
1254115,c4487b84,rcb,2021,2021
1254115,f9e6e7ef,rcb,2021,2021
1254115,2a2e6343,rcb,2021,2021
1254115,f986ca1a,rcb,2021,2021
1254115,be869ccf,rcb,2021,2021
1254115,2f49c897,rcb,2021,2021
1254115,57ee1fde,rcb,2021,2021
1254115,b4b99816,kkr,2021,2021
1254115,a24be938,kkr,2021,2021
1254115,77255a9e,kkr,2021,2021
1254115,fb2d1dda,kkr,2021,2021
1254115,9d430b40,kkr,2021,2021
1254115,c03f1114,kkr,2021,2021
1254115,d2a6c0e6,kkr,2021,2021
1254115,7dc35884,kkr,2021,2021
1254115,2f9d0389,kkr,2021,2021
1254115,c38d3503,kkr,2021,2021
1254115,5b7ab5a9,kkr,2021,2021
1254116,8b3e9c7c,dc,2021,2021
1254116,0a476045,dc,2021,2021
1254116,d9273ee7,dc,2021,2021
1254116,85ec8e33,dc,2021,2021
1254116,919a3be2,dc,2021,2021
1254116,48a1d7b7,dc,2021,2021
1254116,2e171977,dc,2021,2021
1254116,495d42a5,dc,2021,2021
1254116,e62dd25d,dc,2021,2021
1254116,eef2536f,dc,2021,2021
1254116,acdc62f5,dc,2021,2021
1254116,b4b99816,kkr,2021,2021
1254116,a24be938,kkr,2021,2021
1254116,fb2d1dda,kkr,2021,2021
1254116,77255a9e,kkr,2021,2021
1254116,c03f1114,kkr,2021,2021
1254116,d2a6c0e6,kkr,2021,2021
1254116,7dc35884,kkr,2021,2021
1254116,9d430b40,kkr,2021,2021
1254116,2f9d0389,kkr,2021,2021
1254116,c38d3503,kkr,2021,2021
1254116,5b7ab5a9,kkr,2021,2021
1254117,45a43fe2,csk,2021,2021
1254117,3355b542,csk,2021,2021
1254117,1c17e270,csk,2021,2021
1254117,bb351c23,csk,2021,2021
1254117,70d205c9,csk,2021,2021
1254117,4a8a2e3b,csk,2021,2021
1254117,fe93fd9d,csk,2021,2021
1254117,87e562a9,csk,2021,2021
1254117,1abb78f8,csk,2021,2021
1254117,23eeb873,csk,2021,2021
1254117,03806cf8,csk,2021,2021
1254117,b4b99816,kkr,2021,2021
1254117,a24be938,kkr,2021,2021
1254117,fb2d1dda,kkr,2021,2021
1254117,9d430b40,kkr,2021,2021
1254117,d2a6c0e6,kkr,2021,2021
1254117,c03f1114,kkr,2021,2021
1254117,7dc35884,kkr,2021,2021
1254117,77255a9e,kkr,2021,2021
1254117,2f9d0389,kkr,2021,2021
1254117,c38d3503,kkr,2021,2021
1254117,5b7ab5a9,kkr,2021,2021
1304047,45a43fe2,csk,2022,2022
1304047,df5a6881,csk,2022,2022
1304047,1c17e270,csk,2022,2022
1304047,70d205c9,csk,2022,2022
1304047,fe93fd9d,csk,2022,2022
1304047,a4e37e47,csk,2022,2022
1304047,4a8a2e3b,csk,2022,2022
1304047,87e562a9,csk,2022,2022
1304047,e4a0deae,csk,2022,2022
1304047,350bb1b1,csk,2022,2022
1304047,46a9bea1,csk,2022,2022
1304047,29e95537,kkr,2022,2022
1304047,a24be938,kkr,2022,2022
1304047,fb2d1dda,kkr,2022,2022
1304047,85ec8e33,kkr,2022,2022
1304047,c16d4035,kkr,2022,2022
1304047,acc1aeda,kkr,2022,2022
1304047,bbd41817,kkr,2022,2022
1304047,9d430b40,kkr,2022,2022
1304047,cc1e8c68,kkr,2022,2022
1304047,c38d3503,kkr,2022,2022
1304047,5b7ab5a9,kkr,2022,2022
1304048,740742ef,mi,2022,2022
1304048,752f7486,mi,2022,2022
1304048,1399b39c,mi,2022,2022
1304048,b0482a1d,mi,2022,2022
1304048,a757b0d8,mi,2022,2022
1304048,f1f99156,mi,2022,2022
1304048,caf69bf7,mi,2022,2022
1304048,e2db2409,mi,2022,2022
1304048,245c97cb,mi,2022,2022
1304048,462411b3,mi,2022,2022
1304048,871e9faf,mi,2022,2022
1304048,8b3e9c7c,dc,2022,2022
1304048,4663bd23,dc,2022,2022
1304048,c3a96caf,dc,2022,2022
1304048,919a3be2,dc,2022,2022
1304048,ad427b5c,dc,2022,2022
1304048,650d5e49,dc,2022,2022
1304048,1abb78f8,dc,2022,2022
1304048,2e171977,dc,2022,2022
1304048,8d2c70ad,dc,2022,2022
1304048,a2f46292,dc,2022,2022
1304048,b4f5c2d9,dc,2022,2022
1304049,3355b542,rcb,2022,2022
1304049,c8f5f961,rcb,2022,2022
1304049,ba607b88,rcb,2022,2022
1304049,c03f1114,rcb,2022,2022
1304049,d014d5ac,rcb,2022,2022
1304049,7f048519,rcb,2022,2022
1304049,f9e6e7ef,rcb,2022,2022
1304049,a97c8ec2,rcb,2022,2022
1304049,f986ca1a,rcb,2022,2022
1304049,2f49c897,rcb,2022,2022
1304049,0a67aec0,rcb,2022,2022
1304049,00ea847a,pbks,2022,2022
1304049,0a476045,pbks,2022,2022
1304049,6c882e9a,pbks,2022,2022
1304049,50c6bc2b,pbks,2022,2022
1304049,ba6b2f91,pbks,2022,2022
1304049,7dcb9bc9,pbks,2022,2022
1304049,23cca426,pbks,2022,2022
1304049,c05edf8e,pbks,2022,2022
1304049,244048f6,pbks,2022,2022
1304049,ce820073,pbks,2022,2022
1304049,2ed569a0,pbks,2022,2022
1304050,b17e2f24,lsg,2022,2022
1304050,372455c4,lsg,2022,2022
1304050,0ebfb1ad,lsg,2022,2022
1304050,93b4fc78,lsg,2022,2022
1304050,73ad96ed,lsg,2022,2022
1304050,872b03f7,lsg,2022,2022
1304050,5b8c830e,lsg,2022,2022
1304050,327b58d3,lsg,2022,2022
1304050,c33d8116,lsg,2022,2022
1304050,df064e1a,lsg,2022,2022
1304050,eef2536f,lsg,2022,2022
1304050,b4b99816,gt,2022,2022
1304050,afa7e784,gt,2022,2022
1304050,0994d0ae,gt,2022,2022
1304050,dbe50b21,gt,2022,2022
1304050,d67d5f00,gt,2022,2022
1304050,39a2dfa8,gt,2022,2022
1304050,0890552f,gt,2022,2022
1304050,5f547c8b,gt,2022,2022
1304050,2f9d0389,gt,2022,2022
1304050,8cf9814c,gt,2022,2022
1304050,0a3d54b9,gt,2022,2022
1304051,99b75528,rr,2022,2022
1304051,6c19c6e5,rr,2022,2022
1304051,a4cc73aa,rr,2022,2022
1304051,2c25d4f5,rr,2022,2022
1304051,48a1d7b7,rr,2022,2022
1304051,04a418e8,rr,2022,2022
1304051,56ab442f,rr,2022,2022
1304051,495d42a5,rr,2022,2022
1304051,57ee1fde,rr,2022,2022
1304051,a818c1be,rr,2022,2022
1304051,85e0cf10,rr,2022,2022
1304051,d027ba9f,srh,2022,2022
1304051,f29185a1,srh,2022,2022
1304051,77255a9e,srh,2022,2022
1304051,3241e3fd,srh,2022,2022
1304051,6a26221c,srh,2022,2022
1304051,8e514b4c,srh,2022,2022
1304051,c5aef772,srh,2022,2022
1304051,f19ccfad,srh,2022,2022
1304051,2e81a32d,srh,2022,2022
1304051,81c08fa3,srh,2022,2022
1304051,ce794613,srh,2022,2022
1304052,29e95537,kkr,2022,2022
1304052,a24be938,kkr,2022,2022
1304052,85ec8e33,kkr,2022,2022
1304052,fb2d1dda,kkr,2022,2022
1304052,9d430b40,kkr,2022,2022
1304052,c16d4035,kkr,2022,2022
1304052,acc1aeda,kkr,2022,2022
1304052,bbd41817,kkr,2022,2022
1304052,13c35c9e,kkr,2022,2022
1304052,cc1e8c68,kkr,2022,2022
1304052,5b7ab5a9,kkr,2022,2022
1304052,3355b542,rcb,2022,2022
1304052,c8f5f961,rcb,2022,2022
1304052,ba607b88,rcb,2022,2022
1304052,7f048519,rcb,2022,2022
1304052,d014d5ac,rcb,2022,2022
1304052,f9e6e7ef,rcb,2022,2022
1304052,c03f1114,rcb,2022,2022
1304052,a97c8ec2,rcb,2022,2022
1304052,f986ca1a,rcb,2022,2022
1304052,2f49c897,rcb,2022,2022
1304052,0a67aec0,rcb,2022,2022
1304053,1c17e270,csk,2022,2022
1304053,45a43fe2,csk,2022,2022
1304053,bb351c23,csk,2022,2022
1304053,a4e37e47,csk,2022,2022
1304053,70d205c9,csk,2022,2022
1304053,fe93fd9d,csk,2022,2022
1304053,4a8a2e3b,csk,2022,2022
1304053,11614d87,csk,2022,2022
1304053,87e562a9,csk,2022,2022
1304053,46a9bea1,csk,2022,2022
1304053,765a4731,csk,2022,2022
1304053,b17e2f24,lsg,2022,2022
1304053,372455c4,lsg,2022,2022
1304053,93b4fc78,lsg,2022,2022
1304053,0ebfb1ad,lsg,2022,2022
1304053,73ad96ed,lsg,2022,2022
1304053,872b03f7,lsg,2022,2022
1304053,5b8c830e,lsg,2022,2022
1304053,327b58d3,lsg,2022,2022
1304053,7c7d63a2,lsg,2022,2022
1304053,df064e1a,lsg,2022,2022
1304053,eef2536f,lsg,2022,2022
1304054,00ea847a,pbks,2022,2022
1304054,0a476045,pbks,2022,2022
1304054,6c882e9a,pbks,2022,2022
1304054,50c6bc2b,pbks,2022,2022
1304054,ba6b2f91,pbks,2022,2022
1304054,7dcb9bc9,pbks,2022,2022
1304054,c05edf8e,pbks,2022,2022
1304054,23cca426,pbks,2022,2022
1304054,2ed569a0,pbks,2022,2022
1304054,e62dd25d,pbks,2022,2022
1304054,244048f6,pbks,2022,2022
1304054,29e95537,kkr,2022,2022
1304054,a24be938,kkr,2022,2022
1304054,85ec8e33,kkr,2022,2022
1304054,c16d4035,kkr,2022,2022
1304054,fb2d1dda,kkr,2022,2022
1304054,bbd41817,kkr,2022,2022
1304054,9d430b40,kkr,2022,2022
1304054,13c35c9e,kkr,2022,2022
1304054,cc1e8c68,kkr,2022,2022
1304054,5b7ab5a9,kkr,2022,2022
1304054,c38d3503,kkr,2022,2022
1304055,99b75528,rr,2022,2022
1304055,6c19c6e5,rr,2022,2022
1304055,2c25d4f5,rr,2022,2022
1304055,a4cc73aa,rr,2022,2022
1304055,48a1d7b7,rr,2022,2022
1304055,04a418e8,rr,2022,2022
1304055,495d42a5,rr,2022,2022
1304055,21d4e29b,rr,2022,2022
1304055,a818c1be,rr,2022,2022
1304055,57ee1fde,rr,2022,2022
1304055,85e0cf10,rr,2022,2022
1304055,752f7486,mi,2022,2022
1304055,740742ef,mi,2022,2022
1304055,1399b39c,mi,2022,2022
1304055,b0482a1d,mi,2022,2022
1304055,a757b0d8,mi,2022,2022
1304055,f1f99156,mi,2022,2022
1304055,caf69bf7,mi,2022,2022
1304055,e2db2409,mi,2022,2022
1304055,462411b3,mi,2022,2022
1304055,245c97cb,mi,2022,2022
1304055,871e9faf,mi,2022,2022
1304056,afa7e784,gt,2022,2022
1304056,b4b99816,gt,2022,2022
1304056,0994d0ae,gt,2022,2022
1304056,dbe50b21,gt,2022,2022
1304056,d67d5f00,gt,2022,2022
1304056,39a2dfa8,gt,2022,2022
1304056,0890552f,gt,2022,2022
1304056,5f547c8b,gt,2022,2022
1304056,0a3d54b9,gt,2022,2022
1304056,2f9d0389,gt,2022,2022
1304056,8cf9814c,gt,2022,2022
1304056,8b3e9c7c,dc,2022,2022
1304056,4663bd23,dc,2022,2022
1304056,c3a96caf,dc,2022,2022
1304056,919a3be2,dc,2022,2022
1304056,ad427b5c,dc,2022,2022
1304056,650d5e49,dc,2022,2022
1304056,2e171977,dc,2022,2022
1304056,1abb78f8,dc,2022,2022
1304056,8d2c70ad,dc,2022,2022
1304056,a2f46292,dc,2022,2022
1304056,0a8fce53,dc,2022,2022
1304057,00ea847a,pbks,2022,2022
1304057,0a476045,pbks,2022,2022
1304057,6c882e9a,pbks,2022,2022
1304057,50c6bc2b,pbks,2022,2022
1304057,800d2d97,pbks,2022,2022
1304057,7dcb9bc9,pbks,2022,2022
1304057,23cca426,pbks,2022,2022
1304057,e62dd25d,pbks,2022,2022
1304057,2ed569a0,pbks,2022,2022
1304057,7c3b3b78,pbks,2022,2022
1304057,244048f6,pbks,2022,2022
1304057,1c17e270,csk,2022,2022
1304057,45a43fe2,csk,2022,2022
1304057,bb351c23,csk,2022,2022
1304057,70d205c9,csk,2022,2022
1304057,fe93fd9d,csk,2022,2022
1304057,a4e37e47,csk,2022,2022
1304057,4a8a2e3b,csk,2022,2022
1304057,87e562a9,csk,2022,2022
1304057,11614d87,csk,2022,2022
1304057,ffe699c0,csk,2022,2022
1304057,765a4731,csk,2022,2022
1304058,b17e2f24,lsg,2022,2022
1304058,372455c4,lsg,2022,2022
1304058,0ebfb1ad,lsg,2022,2022
1304058,93b4fc78,lsg,2022,2022
1304058,73ad96ed,lsg,2022,2022
1304058,872b03f7,lsg,2022,2022
1304058,5b8c830e,lsg,2022,2022
1304058,0f721006,lsg,2022,2022
1304058,7c7d63a2,lsg,2022,2022
1304058,df064e1a,lsg,2022,2022
1304058,eef2536f,lsg,2022,2022
1304058,f29185a1,srh,2022,2022
1304058,d027ba9f,srh,2022,2022
1304058,77255a9e,srh,2022,2022
1304058,6a26221c,srh,2022,2022
1304058,3241e3fd,srh,2022,2022
1304058,f19ccfad,srh,2022,2022
1304058,8e514b4c,srh,2022,2022
1304058,c5aef772,srh,2022,2022
1304058,2e81a32d,srh,2022,2022
1304058,81c08fa3,srh,2022,2022
1304058,ce794613,srh,2022,2022
1304059,99b75528,rr,2022,2022
1304059,6c19c6e5,rr,2022,2022
1304059,2c25d4f5,rr,2022,2022
1304059,a4cc73aa,rr,2022,2022
1304059,48a1d7b7,rr,2022,2022
1304059,04a418e8,rr,2022,2022
1304059,495d42a5,rr,2022,2022
1304059,21d4e29b,rr,2022,2022
1304059,a818c1be,rr,2022,2022
1304059,57ee1fde,rr,2022,2022
1304059,85e0cf10,rr,2022,2022
1304059,3355b542,rcb,2022,2022
1304059,c8f5f961,rcb,2022,2022
1304059,ba607b88,rcb,2022,2022
1304059,7f048519,rcb,2022,2022
1304059,d014d5ac,rcb,2022,2022
1304059,f9e6e7ef,rcb,2022,2022
1304059,c03f1114,rcb,2022,2022
1304059,f986ca1a,rcb,2022,2022
1304059,a97c8ec2,rcb,2022,2022
1304059,2f49c897,rcb,2022,2022
1304059,0a67aec0,rcb,2022,2022
1304060,740742ef,mi,2022,2022
1304060,752f7486,mi,2022,2022
1304060,844e79d1,mi,2022,2022
1304060,271f83cd,mi,2022,2022
1304060,b0482a1d,mi,2022,2022
1304060,a757b0d8,mi,2022,2022
1304060,caf69bf7,mi,2022,2022
1304060,e2db2409,mi,2022,2022
1304060,245c97cb,mi,2022,2022
1304060,462411b3,mi,2022,2022
1304060,871e9faf,mi,2022,2022
1304060,29e95537,kkr,2022,2022
1304060,a24be938,kkr,2022,2022
1304060,85ec8e33,kkr,2022,2022
1304060,c16d4035,kkr,2022,2022
1304060,fb2d1dda,kkr,2022,2022
1304060,bbd41817,kkr,2022,2022
1304060,ded9240e,kkr,2022,2022
1304060,9d430b40,kkr,2022,2022
1304060,b8527c3d,kkr,2022,2022
1304060,cc1e8c68,kkr,2022,2022
1304060,5b7ab5a9,kkr,2022,2022
1304061,8b3e9c7c,dc,2022,2022
1304061,dcce6f09,dc,2022,2022
1304061,650d5e49,dc,2022,2022
1304061,919a3be2,dc,2022,2022
1304061,f088b960,dc,2022,2022
1304061,ad427b5c,dc,2022,2022
1304061,2e171977,dc,2022,2022
1304061,1abb78f8,dc,2022,2022
1304061,8d2c70ad,dc,2022,2022
1304061,0a8fce53,dc,2022,2022
1304061,acdc62f5,dc,2022,2022
1304061,b17e2f24,lsg,2022,2022
1304061,372455c4,lsg,2022,2022
1304061,0ebfb1ad,lsg,2022,2022
1304061,73ad96ed,lsg,2022,2022
1304061,5b8c830e,lsg,2022,2022
1304061,872b03f7,lsg,2022,2022
1304061,90de905a,lsg,2022,2022
1304061,0f721006,lsg,2022,2022
1304061,eef2536f,lsg,2022,2022
1304061,7c7d63a2,lsg,2022,2022
1304061,df064e1a,lsg,2022,2022
1304062,00ea847a,pbks,2022,2022
1304062,0a476045,pbks,2022,2022
1304062,abb83e27,pbks,2022,2022
1304062,50c6bc2b,pbks,2022,2022
1304062,800d2d97,pbks,2022,2022
1304062,23cca426,pbks,2022,2022
1304062,7dcb9bc9,pbks,2022,2022
1304062,e62dd25d,pbks,2022,2022
1304062,2ed569a0,pbks,2022,2022
1304062,7c3b3b78,pbks,2022,2022
1304062,244048f6,pbks,2022,2022
1304062,afa7e784,gt,2022,2022
1304062,b4b99816,gt,2022,2022
1304062,d5130a30,gt,2022,2022
1304062,dbe50b21,gt,2022,2022
1304062,d67d5f00,gt,2022,2022
1304062,39a2dfa8,gt,2022,2022
1304062,0890552f,gt,2022,2022
1304062,5f547c8b,gt,2022,2022
1304062,cd8d2859,gt,2022,2022
1304062,8cf9814c,gt,2022,2022
1304062,2f9d0389,gt,2022,2022
1304063,1c17e270,csk,2022,2022
1304063,45a43fe2,csk,2022,2022
1304063,bb351c23,csk,2022,2022
1304063,70d205c9,csk,2022,2022
1304063,a4e37e47,csk,2022,2022
1304063,fe93fd9d,csk,2022,2022
1304063,4a8a2e3b,csk,2022,2022
1304063,87e562a9,csk,2022,2022
1304063,ffe699c0,csk,2022,2022
1304063,f24c6701,csk,2022,2022
1304063,765a4731,csk,2022,2022
1304063,f29185a1,srh,2022,2022
1304063,d027ba9f,srh,2022,2022
1304063,77255a9e,srh,2022,2022
1304063,3241e3fd,srh,2022,2022
1304063,6a26221c,srh,2022,2022
1304063,26989d80,srh,2022,2022
1304063,f19ccfad,srh,2022,2022
1304063,2e81a32d,srh,2022,2022
1304063,81c36ee9,srh,2022,2022
1304063,81c08fa3,srh,2022,2022
1304063,ce794613,srh,2022,2022
1304064,752f7486,mi,2022,2022
1304064,740742ef,mi,2022,2022
1304064,844e79d1,mi,2022,2022
1304064,271f83cd,mi,2022,2022
1304064,b0482a1d,mi,2022,2022
1304064,a757b0d8,mi,2022,2022
1304064,be24ead0,mi,2022,2022
1304064,1e66c162,mi,2022,2022
1304064,e2db2409,mi,2022,2022
1304064,462411b3,mi,2022,2022
1304064,871e9faf,mi,2022,2022
1304064,3355b542,rcb,2022,2022
1304064,c8f5f961,rcb,2022,2022
1304064,ba607b88,rcb,2022,2022
1304064,c03f1114,rcb,2022,2022
1304064,b681e71e,rcb,2022,2022
1304064,7f048519,rcb,2022,2022
1304064,f9e6e7ef,rcb,2022,2022
1304064,a97c8ec2,rcb,2022,2022
1304064,f986ca1a,rcb,2022,2022
1304064,2f49c897,rcb,2022,2022
1304064,0a67aec0,rcb,2022,2022
1304065,8b3e9c7c,dc,2022,2022
1304065,dcce6f09,dc,2022,2022
1304065,919a3be2,dc,2022,2022
1304065,ad427b5c,dc,2022,2022
1304065,650d5e49,dc,2022,2022
1304065,2e171977,dc,2022,2022
1304065,1abb78f8,dc,2022,2022
1304065,f088b960,dc,2022,2022
1304065,8d2c70ad,dc,2022,2022
1304065,0a8fce53,dc,2022,2022
1304065,a2f46292,dc,2022,2022
1304065,29e95537,kkr,2022,2022
1304065,a24be938,kkr,2022,2022
1304065,85ec8e33,kkr,2022,2022
1304065,fb2d1dda,kkr,2022,2022
1304065,bbd41817,kkr,2022,2022
1304065,c16d4035,kkr,2022,2022
1304065,ded9240e,kkr,2022,2022
1304065,9d430b40,kkr,2022,2022
1304065,cc1e8c68,kkr,2022,2022
1304065,b8527c3d,kkr,2022,2022
1304065,5b7ab5a9,kkr,2022,2022
1304066,99b75528,rr,2022,2022
1304066,2c25d4f5,rr,2022,2022
1304066,a4cc73aa,rr,2022,2022
1304066,9948e262,rr,2022,2022
1304066,48a1d7b7,rr,2022,2022
1304066,495d42a5,rr,2022,2022
1304066,04a418e8,rr,2022,2022
1304066,a818c1be,rr,2022,2022
1304066,57ee1fde,rr,2022,2022
1304066,2e78f685,rr,2022,2022
1304066,85e0cf10,rr,2022,2022
1304066,b17e2f24,lsg,2022,2022
1304066,372455c4,lsg,2022,2022
1304066,90de905a,lsg,2022,2022
1304066,0f721006,lsg,2022,2022
1304066,73ad96ed,lsg,2022,2022
1304066,872b03f7,lsg,2022,2022
1304066,5b8c830e,lsg,2022,2022
1304066,d9273ee7,lsg,2022,2022
1304066,327b58d3,lsg,2022,2022
1304066,eef2536f,lsg,2022,2022
1304066,df064e1a,lsg,2022,2022
1304067,afa7e784,gt,2022,2022
1304067,b4b99816,gt,2022,2022
1304067,d5130a30,gt,2022,2022
1304067,dbe50b21,gt,2022,2022
1304067,d67d5f00,gt,2022,2022
1304067,0890552f,gt,2022,2022
1304067,39a2dfa8,gt,2022,2022
1304067,5f547c8b,gt,2022,2022
1304067,cd8d2859,gt,2022,2022
1304067,8cf9814c,gt,2022,2022
1304067,2f9d0389,gt,2022,2022
1304067,f29185a1,srh,2022,2022
1304067,d027ba9f,srh,2022,2022
1304067,77255a9e,srh,2022,2022
1304067,3241e3fd,srh,2022,2022
1304067,6a26221c,srh,2022,2022
1304067,26989d80,srh,2022,2022
1304067,f19ccfad,srh,2022,2022
1304067,81c36ee9,srh,2022,2022
1304067,2e81a32d,srh,2022,2022
1304067,ce794613,srh,2022,2022
1304067,81c08fa3,srh,2022,2022
1304068,45a43fe2,csk,2022,2022
1304068,1c17e270,csk,2022,2022
1304068,bb351c23,csk,2022,2022
1304068,a4e37e47,csk,2022,2022
1304068,fe93fd9d,csk,2022,2022
1304068,4a8a2e3b,csk,2022,2022
1304068,70d205c9,csk,2022,2022
1304068,87e562a9,csk,2022,2022
1304068,ffe699c0,csk,2022,2022
1304068,f24c6701,csk,2022,2022
1304068,765a4731,csk,2022,2022
1304068,3355b542,rcb,2022,2022
1304068,c8f5f961,rcb,2022,2022
1304068,ba607b88,rcb,2022,2022
1304068,b681e71e,rcb,2022,2022
1304068,f9e6e7ef,rcb,2022,2022
1304068,9385de2e,rcb,2022,2022
1304068,c03f1114,rcb,2022,2022
1304068,a97c8ec2,rcb,2022,2022
1304068,0a67aec0,rcb,2022,2022
1304068,2f49c897,rcb,2022,2022
1304068,03806cf8,rcb,2022,2022
1304069,00ea847a,pbks,2022,2022
1304069,0a476045,pbks,2022,2022
1304069,abb83e27,pbks,2022,2022
1304069,50c6bc2b,pbks,2022,2022
1304069,800d2d97,pbks,2022,2022
1304069,7dcb9bc9,pbks,2022,2022
1304069,23cca426,pbks,2022,2022
1304069,e62dd25d,pbks,2022,2022
1304069,2ed569a0,pbks,2022,2022
1304069,7c3b3b78,pbks,2022,2022
1304069,244048f6,pbks,2022,2022
1304069,740742ef,mi,2022,2022
1304069,752f7486,mi,2022,2022
1304069,844e79d1,mi,2022,2022
1304069,b0482a1d,mi,2022,2022
1304069,271f83cd,mi,2022,2022
1304069,a757b0d8,mi,2022,2022
1304069,1e66c162,mi,2022,2022
1304069,e2db2409,mi,2022,2022
1304069,462411b3,mi,2022,2022
1304069,245c97cb,mi,2022,2022
1304069,871e9faf,mi,2022,2022
1304070,afa7e784,gt,2022,2022
1304070,b4b99816,gt,2022,2022
1304070,0994d0ae,gt,2022,2022
1304070,dbe50b21,gt,2022,2022
1304070,0890552f,gt,2022,2022
1304070,d67d5f00,gt,2022,2022
1304070,39a2dfa8,gt,2022,2022
1304070,5f547c8b,gt,2022,2022
1304070,8cf9814c,gt,2022,2022
1304070,2f9d0389,gt,2022,2022
1304070,7210d461,gt,2022,2022
1304070,99b75528,rr,2022,2022
1304070,2c25d4f5,rr,2022,2022
1304070,495d42a5,rr,2022,2022
1304070,a4cc73aa,rr,2022,2022
1304070,9948e262,rr,2022,2022
1304070,48a1d7b7,rr,2022,2022
1304070,04a418e8,rr,2022,2022
1304070,9219eff0,rr,2022,2022
1304070,85e0cf10,rr,2022,2022
1304070,57ee1fde,rr,2022,2022
1304070,2e78f685,rr,2022,2022
1304071,a24be938,kkr,2022,2022
1304071,b8d490fd,kkr,2022,2022
1304071,85ec8e33,kkr,2022,2022
1304071,9d430b40,kkr,2022,2022
1304071,fb2d1dda,kkr,2022,2022
1304071,acc1aeda,kkr,2022,2022
1304071,bbd41817,kkr,2022,2022
1304071,ded9240e,kkr,2022,2022
1304071,378daa89,kkr,2022,2022
1304071,cc1e8c68,kkr,2022,2022
1304071,5b7ab5a9,kkr,2022,2022
1304071,f29185a1,srh,2022,2022
1304071,d027ba9f,srh,2022,2022
1304071,77255a9e,srh,2022,2022
1304071,6a26221c,srh,2022,2022
1304071,3241e3fd,srh,2022,2022
1304071,26989d80,srh,2022,2022
1304071,4125d931,srh,2022,2022
1304071,81c36ee9,srh,2022,2022
1304071,2e81a32d,srh,2022,2022
1304071,ce794613,srh,2022,2022
1304071,81c08fa3,srh,2022,2022
1304072,b17e2f24,lsg,2022,2022
1304072,372455c4,lsg,2022,2022
1304072,93b4fc78,lsg,2022,2022
1304072,d9273ee7,lsg,2022,2022
1304072,73ad96ed,lsg,2022,2022
1304072,5b8c830e,lsg,2022,2022
1304072,872b03f7,lsg,2022,2022
1304072,0f721006,lsg,2022,2022
1304072,327b58d3,lsg,2022,2022
1304072,eef2536f,lsg,2022,2022
1304072,df064e1a,lsg,2022,2022
1304072,752f7486,mi,2022,2022
1304072,740742ef,mi,2022,2022
1304072,844e79d1,mi,2022,2022
1304072,271f83cd,mi,2022,2022
1304072,b0482a1d,mi,2022,2022
1304072,a757b0d8,mi,2022,2022
1304072,b52ffbbd,mi,2022,2022
1304072,1e66c162,mi,2022,2022
1304072,e2db2409,mi,2022,2022
1304072,462411b3,mi,2022,2022
1304072,245c97cb,mi,2022,2022
1304073,3355b542,rcb,2022,2022
1304073,c8f5f961,rcb,2022,2022
1304073,ba607b88,rcb,2022,2022
1304073,b681e71e,rcb,2022,2022
1304073,9385de2e,rcb,2022,2022
1304073,f9e6e7ef,rcb,2022,2022
1304073,c03f1114,rcb,2022,2022
1304073,a97c8ec2,rcb,2022,2022
1304073,2f49c897,rcb,2022,2022
1304073,f986ca1a,rcb,2022,2022
1304073,03806cf8,rcb,2022,2022
1304073,8b3e9c7c,dc,2022,2022
1304073,dcce6f09,dc,2022,2022
1304073,3d8feaf8,dc,2022,2022
1304073,919a3be2,dc,2022,2022
1304073,650d5e49,dc,2022,2022
1304073,ad427b5c,dc,2022,2022
1304073,1abb78f8,dc,2022,2022
1304073,2e171977,dc,2022,2022
1304073,8d2c70ad,dc,2022,2022
1304073,0a8fce53,dc,2022,2022
1304073,a2f46292,dc,2022,2022
1304074,0a476045,pbks,2022,2022
1304074,9418198b,pbks,2022,2022
1304074,abb83e27,pbks,2022,2022
1304074,50c6bc2b,pbks,2022,2022
1304074,800d2d97,pbks,2022,2022
1304074,7dcb9bc9,pbks,2022,2022
1304074,23cca426,pbks,2022,2022
1304074,e62dd25d,pbks,2022,2022
1304074,2ed569a0,pbks,2022,2022
1304074,7c3b3b78,pbks,2022,2022
1304074,244048f6,pbks,2022,2022
1304074,f29185a1,srh,2022,2022
1304074,d027ba9f,srh,2022,2022
1304074,77255a9e,srh,2022,2022
1304074,6a26221c,srh,2022,2022
1304074,3241e3fd,srh,2022,2022
1304074,26989d80,srh,2022,2022
1304074,4125d931,srh,2022,2022
1304074,2e81a32d,srh,2022,2022
1304074,81c36ee9,srh,2022,2022
1304074,ce794613,srh,2022,2022
1304074,81c08fa3,srh,2022,2022
1304075,45a43fe2,csk,2022,2022
1304075,1c17e270,csk,2022,2022
1304075,bb351c23,csk,2022,2022
1304075,70d205c9,csk,2022,2022
1304075,a4e37e47,csk,2022,2022
1304075,fe93fd9d,csk,2022,2022
1304075,4a8a2e3b,csk,2022,2022
1304075,87e562a9,csk,2022,2022
1304075,ffe699c0,csk,2022,2022
1304075,f24c6701,csk,2022,2022
1304075,765a4731,csk,2022,2022
1304075,fe11caa6,gt,2022,2022
1304075,b4b99816,gt,2022,2022
1304075,0994d0ae,gt,2022,2022
1304075,0890552f,gt,2022,2022
1304075,d67d5f00,gt,2022,2022
1304075,39a2dfa8,gt,2022,2022
1304075,5f547c8b,gt,2022,2022
1304075,b0946605,gt,2022,2022
1304075,2f9d0389,gt,2022,2022
1304075,8cf9814c,gt,2022,2022
1304075,7210d461,gt,2022,2022
1304076,99b75528,rr,2022,2022
1304076,2c25d4f5,rr,2022,2022
1304076,a4cc73aa,rr,2022,2022
1304076,48a1d7b7,rr,2022,2022
1304076,04a418e8,rr,2022,2022
1304076,944533a5,rr,2022,2022
1304076,495d42a5,rr,2022,2022
1304076,a818c1be,rr,2022,2022
1304076,529eb9e0,rr,2022,2022
1304076,85e0cf10,rr,2022,2022
1304076,57ee1fde,rr,2022,2022
1304076,b8d490fd,kkr,2022,2022
1304076,9d430b40,kkr,2022,2022
1304076,85ec8e33,kkr,2022,2022
1304076,fb2d1dda,kkr,2022,2022
1304076,bbd41817,kkr,2022,2022
1304076,a24be938,kkr,2022,2022
1304076,acc1aeda,kkr,2022,2022
1304076,c38d3503,kkr,2022,2022
1304076,ded9240e,kkr,2022,2022
1304076,cc1e8c68,kkr,2022,2022
1304076,5b7ab5a9,kkr,2022,2022
1304077,c8f5f961,rcb,2022,2022
1304077,3355b542,rcb,2022,2022
1304077,ba607b88,rcb,2022,2022
1304077,b681e71e,rcb,2022,2022
1304077,9385de2e,rcb,2022,2022
1304077,f9e6e7ef,rcb,2022,2022
1304077,c03f1114,rcb,2022,2022
1304077,f986ca1a,rcb,2022,2022
1304077,a97c8ec2,rcb,2022,2022
1304077,03806cf8,rcb,2022,2022
1304077,2f49c897,rcb,2022,2022
1304077,372455c4,lsg,2022,2022
1304077,b17e2f24,lsg,2022,2022
1304077,93b4fc78,lsg,2022,2022
1304077,5b8c830e,lsg,2022,2022
1304077,73ad96ed,lsg,2022,2022
1304077,872b03f7,lsg,2022,2022
1304077,d9273ee7,lsg,2022,2022
1304077,0f721006,lsg,2022,2022
1304077,327b58d3,lsg,2022,2022
1304077,df064e1a,lsg,2022,2022
1304077,eef2536f,lsg,2022,2022
1304078,00ea847a,pbks,2022,2022
1304078,0a476045,pbks,2022,2022
1304078,abb83e27,pbks,2022,2022
1304078,50c6bc2b,pbks,2022,2022
1304078,800d2d97,pbks,2022,2022
1304078,7dcb9bc9,pbks,2022,2022
1304078,e62dd25d,pbks,2022,2022
1304078,9eb1455b,pbks,2022,2022
1304078,2ed569a0,pbks,2022,2022
1304078,244048f6,pbks,2022,2022
1304078,7c3b3b78,pbks,2022,2022
1304078,8b3e9c7c,dc,2022,2022
1304078,dcce6f09,dc,2022,2022
1304078,f088b960,dc,2022,2022
1304078,919a3be2,dc,2022,2022
1304078,650d5e49,dc,2022,2022
1304078,ad427b5c,dc,2022,2022
1304078,1abb78f8,dc,2022,2022
1304078,2e171977,dc,2022,2022
1304078,8d2c70ad,dc,2022,2022
1304078,0a8fce53,dc,2022,2022
1304078,a2f46292,dc,2022,2022
1304079,740742ef,mi,2022,2022
1304079,752f7486,mi,2022,2022
1304079,844e79d1,mi,2022,2022
1304079,271f83cd,mi,2022,2022
1304079,b0482a1d,mi,2022,2022
1304079,0c9652b0,mi,2022,2022
1304079,a757b0d8,mi,2022,2022
1304079,caf69bf7,mi,2022,2022
1304079,1e66c162,mi,2022,2022
1304079,64775749,mi,2022,2022
1304079,462411b3,mi,2022,2022
1304079,45a43fe2,csk,2022,2022
1304079,1c17e270,csk,2022,2022
1304079,e4a0deae,csk,2022,2022
1304079,70d205c9,csk,2022,2022
1304079,a4e37e47,csk,2022,2022
1304079,fe93fd9d,csk,2022,2022
1304079,4a8a2e3b,csk,2022,2022
1304079,11614d87,csk,2022,2022
1304079,87e562a9,csk,2022,2022
1304079,765a4731,csk,2022,2022
1304079,f24c6701,csk,2022,2022
1304080,99b75528,rr,2022,2022
1304080,2c25d4f5,rr,2022,2022
1304080,a4cc73aa,rr,2022,2022
1304080,48a1d7b7,rr,2022,2022
1304080,04a418e8,rr,2022,2022
1304080,944533a5,rr,2022,2022
1304080,495d42a5,rr,2022,2022
1304080,a818c1be,rr,2022,2022
1304080,529eb9e0,rr,2022,2022
1304080,85e0cf10,rr,2022,2022
1304080,57ee1fde,rr,2022,2022
1304080,8b3e9c7c,dc,2022,2022
1304080,dcce6f09,dc,2022,2022
1304080,f088b960,dc,2022,2022
1304080,919a3be2,dc,2022,2022
1304080,ad427b5c,dc,2022,2022
1304080,2e171977,dc,2022,2022
1304080,1abb78f8,dc,2022,2022
1304080,650d5e49,dc,2022,2022
1304080,8d2c70ad,dc,2022,2022
1304080,0a8fce53,dc,2022,2022
1304080,a2f46292,dc,2022,2022
1304081,fe11caa6,gt,2022,2022
1304081,b4b99816,gt,2022,2022
1304081,dbe50b21,gt,2022,2022
1304081,d67d5f00,gt,2022,2022
1304081,39a2dfa8,gt,2022,2022
1304081,5f547c8b,gt,2022,2022
1304081,0890552f,gt,2022,2022
1304081,2f9d0389,gt,2022,2022
1304081,b0946605,gt,2022,2022
1304081,7210d461,gt,2022,2022
1304081,8cf9814c,gt,2022,2022
1304081,c16d4035,kkr,2022,2022
1304081,9d430b40,kkr,2022,2022
1304081,85ec8e33,kkr,2022,2022
1304081,fb2d1dda,kkr,2022,2022
1304081,0a509d6b,kkr,2022,2022
1304081,a24be938,kkr,2022,2022
1304081,bbd41817,kkr,2022,2022
1304081,c38d3503,kkr,2022,2022
1304081,cc1e8c68,kkr,2022,2022
1304081,13c35c9e,kkr,2022,2022
1304081,5b7ab5a9,kkr,2022,2022
1304082,3355b542,rcb,2022,2022
1304082,c8f5f961,rcb,2022,2022
1304082,ba607b88,rcb,2022,2022
1304082,b681e71e,rcb,2022,2022
1304082,9385de2e,rcb,2022,2022
1304082,f9e6e7ef,rcb,2022,2022
1304082,c03f1114,rcb,2022,2022
1304082,f986ca1a,rcb,2022,2022
1304082,a97c8ec2,rcb,2022,2022
1304082,03806cf8,rcb,2022,2022
1304082,2f49c897,rcb,2022,2022
1304082,f29185a1,srh,2022,2022
1304082,d027ba9f,srh,2022,2022
1304082,77255a9e,srh,2022,2022
1304082,6a26221c,srh,2022,2022
1304082,3241e3fd,srh,2022,2022
1304082,26989d80,srh,2022,2022
1304082,4125d931,srh,2022,2022
1304082,2e81a32d,srh,2022,2022
1304082,81c36ee9,srh,2022,2022
1304082,ce794613,srh,2022,2022
1304082,81c08fa3,srh,2022,2022
1304083,372455c4,lsg,2022,2022
1304083,b17e2f24,lsg,2022,2022
1304083,93b4fc78,lsg,2022,2022
1304083,d9273ee7,lsg,2022,2022
1304083,5b8c830e,lsg,2022,2022
1304083,73ad96ed,lsg,2022,2022
1304083,872b03f7,lsg,2022,2022
1304083,0f721006,lsg,2022,2022
1304083,327b58d3,lsg,2022,2022
1304083,df064e1a,lsg,2022,2022
1304083,c33d8116,lsg,2022,2022
1304083,752f7486,mi,2022,2022
1304083,740742ef,mi,2022,2022
1304083,844e79d1,mi,2022,2022
1304083,271f83cd,mi,2022,2022
1304083,b0482a1d,mi,2022,2022
1304083,a757b0d8,mi,2022,2022
1304083,caf69bf7,mi,2022,2022
1304083,1e66c162,mi,2022,2022
1304083,0c9652b0,mi,2022,2022
1304083,462411b3,mi,2022,2022
1304083,64775749,mi,2022,2022
1304084,00ea847a,pbks,2022,2022
1304084,0a476045,pbks,2022,2022
1304084,6c882e9a,pbks,2022,2022
1304084,50c6bc2b,pbks,2022,2022
1304084,abb83e27,pbks,2022,2022
1304084,800d2d97,pbks,2022,2022
1304084,26a85969,pbks,2022,2022
1304084,e62dd25d,pbks,2022,2022
1304084,2ed569a0,pbks,2022,2022
1304084,244048f6,pbks,2022,2022
1304084,ce820073,pbks,2022,2022
1304084,45a43fe2,csk,2022,2022
1304084,1c17e270,csk,2022,2022
1304084,e4a0deae,csk,2022,2022
1304084,a4e37e47,csk,2022,2022
1304084,70d205c9,csk,2022,2022
1304084,fe93fd9d,csk,2022,2022
1304084,4a8a2e3b,csk,2022,2022
1304084,11614d87,csk,2022,2022
1304084,87e562a9,csk,2022,2022
1304084,765a4731,csk,2022,2022
1304084,f24c6701,csk,2022,2022
1304085,99b75528,rr,2022,2022
1304085,2c25d4f5,rr,2022,2022
1304085,495d42a5,rr,2022,2022
1304085,a4cc73aa,rr,2022,2022
1304085,eade4650,rr,2022,2022
1304085,04a418e8,rr,2022,2022
1304085,48a1d7b7,rr,2022,2022
1304085,a818c1be,rr,2022,2022
1304085,85e0cf10,rr,2022,2022
1304085,57ee1fde,rr,2022,2022
1304085,2e78f685,rr,2022,2022
1304085,ba607b88,rcb,2022,2022
1304085,3355b542,rcb,2022,2022
1304085,c740ea83,rcb,2022,2022
1304085,b681e71e,rcb,2022,2022
1304085,f9e6e7ef,rcb,2022,2022
1304085,9385de2e,rcb,2022,2022
1304085,c03f1114,rcb,2022,2022
1304085,a97c8ec2,rcb,2022,2022
1304085,f986ca1a,rcb,2022,2022
1304085,2f49c897,rcb,2022,2022
1304085,03806cf8,rcb,2022,2022
1304086,f29185a1,srh,2022,2022
1304086,d027ba9f,srh,2022,2022
1304086,77255a9e,srh,2022,2022
1304086,6a26221c,srh,2022,2022
1304086,3241e3fd,srh,2022,2022
1304086,f19ccfad,srh,2022,2022
1304086,26989d80,srh,2022,2022
1304086,81c36ee9,srh,2022,2022
1304086,2e81a32d,srh,2022,2022
1304086,ce794613,srh,2022,2022
1304086,81c08fa3,srh,2022,2022
1304086,fe11caa6,gt,2022,2022
1304086,b4b99816,gt,2022,2022
1304086,dbe50b21,gt,2022,2022
1304086,d67d5f00,gt,2022,2022
1304086,39a2dfa8,gt,2022,2022
1304086,0890552f,gt,2022,2022
1304086,5f547c8b,gt,2022,2022
1304086,2f9d0389,gt,2022,2022
1304086,b0946605,gt,2022,2022
1304086,7210d461,gt,2022,2022
1304086,8cf9814c,gt,2022,2022
1304087,b8d490fd,kkr,2022,2022
1304087,a24be938,kkr,2022,2022
1304087,85ec8e33,kkr,2022,2022
1304087,ff1e68fa,kkr,2022,2022
1304087,9d430b40,kkr,2022,2022
1304087,fb2d1dda,kkr,2022,2022
1304087,bbd41817,kkr,2022,2022
1304087,0a509d6b,kkr,2022,2022
1304087,cc1e8c68,kkr,2022,2022
1304087,13c35c9e,kkr,2022,2022
1304087,77b1aa15,kkr,2022,2022
1304087,8b3e9c7c,dc,2022,2022
1304087,dcce6f09,dc,2022,2022
1304087,3d8feaf8,dc,2022,2022
1304087,ad427b5c,dc,2022,2022
1304087,919a3be2,dc,2022,2022
1304087,650d5e49,dc,2022,2022
1304087,2e171977,dc,2022,2022
1304087,1abb78f8,dc,2022,2022
1304087,8d2c70ad,dc,2022,2022
1304087,0a8fce53,dc,2022,2022
1304087,2cdce1be,dc,2022,2022
1304088,372455c4,lsg,2022,2022
1304088,b17e2f24,lsg,2022,2022
1304088,73ad96ed,lsg,2022,2022
1304088,5b8c830e,lsg,2022,2022
1304088,d9273ee7,lsg,2022,2022
1304088,872b03f7,lsg,2022,2022
1304088,0f721006,lsg,2022,2022
1304088,327b58d3,lsg,2022,2022
1304088,c33d8116,lsg,2022,2022
1304088,eef2536f,lsg,2022,2022
1304088,df064e1a,lsg,2022,2022
1304088,00ea847a,pbks,2022,2022
1304088,0a476045,pbks,2022,2022
1304088,abb83e27,pbks,2022,2022
1304088,6c882e9a,pbks,2022,2022
1304088,50c6bc2b,pbks,2022,2022
1304088,800d2d97,pbks,2022,2022
1304088,26a85969,pbks,2022,2022
1304088,e62dd25d,pbks,2022,2022
1304088,2ed569a0,pbks,2022,2022
1304088,244048f6,pbks,2022,2022
1304088,ce820073,pbks,2022,2022
1304089,ba607b88,rcb,2022,2022
1304089,3355b542,rcb,2022,2022
1304089,c740ea83,rcb,2022,2022
1304089,b681e71e,rcb,2022,2022
1304089,c03f1114,rcb,2022,2022
1304089,f9e6e7ef,rcb,2022,2022
1304089,da934ee8,rcb,2022,2022
1304089,a97c8ec2,rcb,2022,2022
1304089,f986ca1a,rcb,2022,2022
1304089,03806cf8,rcb,2022,2022
1304089,2f49c897,rcb,2022,2022
1304089,fe11caa6,gt,2022,2022
1304089,b4b99816,gt,2022,2022
1304089,d5130a30,gt,2022,2022
1304089,dbe50b21,gt,2022,2022
1304089,d67d5f00,gt,2022,2022
1304089,39a2dfa8,gt,2022,2022
1304089,5f547c8b,gt,2022,2022
1304089,9fc0ef64,gt,2022,2022
1304089,b0946605,gt,2022,2022
1304089,2f9d0389,gt,2022,2022
1304089,8cf9814c,gt,2022,2022
1304090,99b75528,rr,2022,2022
1304090,2c25d4f5,rr,2022,2022
1304090,a4cc73aa,rr,2022,2022
1304090,eade4650,rr,2022,2022
1304090,48a1d7b7,rr,2022,2022
1304090,04a418e8,rr,2022,2022
1304090,495d42a5,rr,2022,2022
1304090,a818c1be,rr,2022,2022
1304090,85e0cf10,rr,2022,2022
1304090,57ee1fde,rr,2022,2022
1304090,2e78f685,rr,2022,2022
1304090,740742ef,mi,2022,2022
1304090,752f7486,mi,2022,2022
1304090,271f83cd,mi,2022,2022
1304090,b0482a1d,mi,2022,2022
1304090,a757b0d8,mi,2022,2022
1304090,f1f99156,mi,2022,2022
1304090,caf69bf7,mi,2022,2022
1304090,0c9652b0,mi,2022,2022
1304090,f6d8a7ab,mi,2022,2022
1304090,462411b3,mi,2022,2022
1304090,64775749,mi,2022,2022
1304091,372455c4,lsg,2022,2022
1304091,b17e2f24,lsg,2022,2022
1304091,73ad96ed,lsg,2022,2022
1304091,d9273ee7,lsg,2022,2022
1304091,5b8c830e,lsg,2022,2022
1304091,872b03f7,lsg,2022,2022
1304091,0f721006,lsg,2022,2022
1304091,c33d8116,lsg,2022,2022
1304091,90de905a,lsg,2022,2022
1304091,327b58d3,lsg,2022,2022
1304091,df064e1a,lsg,2022,2022
1304091,8b3e9c7c,dc,2022,2022
1304091,dcce6f09,dc,2022,2022
1304091,3d8feaf8,dc,2022,2022
1304091,919a3be2,dc,2022,2022
1304091,ad427b5c,dc,2022,2022
1304091,650d5e49,dc,2022,2022
1304091,2e171977,dc,2022,2022
1304091,1abb78f8,dc,2022,2022
1304091,8d2c70ad,dc,2022,2022
1304091,0a8fce53,dc,2022,2022
1304091,2cdce1be,dc,2022,2022
1304092,45a43fe2,csk,2022,2022
1304092,df5a6881,csk,2022,2022
1304092,4a8a2e3b,csk,2022,2022
1304092,fe93fd9d,csk,2022,2022
1304092,1c17e270,csk,2022,2022
1304092,70d205c9,csk,2022,2022
1304092,30df8c66,csk,2022,2022
1304092,e4a0deae,csk,2022,2022
1304092,11614d87,csk,2022,2022
1304092,765a4731,csk,2022,2022
1304092,f24c6701,csk,2022,2022
1304092,f29185a1,srh,2022,2022
1304092,d027ba9f,srh,2022,2022
1304092,77255a9e,srh,2022,2022
1304092,6a26221c,srh,2022,2022
1304092,3241e3fd,srh,2022,2022
1304092,26989d80,srh,2022,2022
1304092,f19ccfad,srh,2022,2022
1304092,81c36ee9,srh,2022,2022
1304092,2e81a32d,srh,2022,2022
1304092,ce794613,srh,2022,2022
1304092,81c08fa3,srh,2022,2022
1304093,99b75528,rr,2022,2022
1304093,2c25d4f5,rr,2022,2022
1304093,a4cc73aa,rr,2022,2022
1304093,944533a5,rr,2022,2022
1304093,04a418e8,rr,2022,2022
1304093,48a1d7b7,rr,2022,2022
1304093,495d42a5,rr,2022,2022
1304093,a818c1be,rr,2022,2022
1304093,85e0cf10,rr,2022,2022
1304093,57ee1fde,rr,2022,2022
1304093,2e78f685,rr,2022,2022
1304093,ff1e68fa,kkr,2022,2022
1304093,b8d490fd,kkr,2022,2022
1304093,85ec8e33,kkr,2022,2022
1304093,fb2d1dda,kkr,2022,2022
1304093,0a509d6b,kkr,2022,2022
1304093,e4cdf230,kkr,2022,2022
1304093,bbd41817,kkr,2022,2022
1304093,9d430b40,kkr,2022,2022
1304093,cc1e8c68,kkr,2022,2022
1304093,13c35c9e,kkr,2022,2022
1304093,c38d3503,kkr,2022,2022
1304094,fe11caa6,gt,2022,2022
1304094,b4b99816,gt,2022,2022
1304094,d5130a30,gt,2022,2022
1304094,dbe50b21,gt,2022,2022
1304094,d67d5f00,gt,2022,2022
1304094,39a2dfa8,gt,2022,2022
1304094,5f547c8b,gt,2022,2022
1304094,9fc0ef64,gt,2022,2022
1304094,2f9d0389,gt,2022,2022
1304094,b0946605,gt,2022,2022
1304094,8cf9814c,gt,2022,2022
1304094,abb83e27,pbks,2022,2022
1304094,0a476045,pbks,2022,2022
1304094,6c882e9a,pbks,2022,2022
1304094,50c6bc2b,pbks,2022,2022
1304094,00ea847a,pbks,2022,2022
1304094,800d2d97,pbks,2022,2022
1304094,26a85969,pbks,2022,2022
1304094,e62dd25d,pbks,2022,2022
1304094,2ed569a0,pbks,2022,2022
1304094,244048f6,pbks,2022,2022
1304094,ce820073,pbks,2022,2022
1304095,ba607b88,rcb,2022,2022
1304095,3355b542,rcb,2022,2022
1304095,b681e71e,rcb,2022,2022
1304095,da934ee8,rcb,2022,2022
1304095,c740ea83,rcb,2022,2022
1304095,c03f1114,rcb,2022,2022
1304095,a97c8ec2,rcb,2022,2022
1304095,f9e6e7ef,rcb,2022,2022
1304095,f986ca1a,rcb,2022,2022
1304095,2f49c897,rcb,2022,2022
1304095,03806cf8,rcb,2022,2022
1304095,45a43fe2,csk,2022,2022
1304095,df5a6881,csk,2022,2022
1304095,1c17e270,csk,2022,2022
1304095,70d205c9,csk,2022,2022
1304095,bb351c23,csk,2022,2022
1304095,fe93fd9d,csk,2022,2022
1304095,4a8a2e3b,csk,2022,2022
1304095,11614d87,csk,2022,2022
1304095,30df8c66,csk,2022,2022
1304095,f24c6701,csk,2022,2022
1304095,765a4731,csk,2022,2022
1304096,c3a96caf,dc,2022,2022
1304096,dcce6f09,dc,2022,2022
1304096,3d8feaf8,dc,2022,2022
1304096,919a3be2,dc,2022,2022
1304096,650d5e49,dc,2022,2022
1304096,ad427b5c,dc,2022,2022
1304096,60500956,dc,2022,2022
1304096,1abb78f8,dc,2022,2022
1304096,8d2c70ad,dc,2022,2022
1304096,acdc62f5,dc,2022,2022
1304096,a2f46292,dc,2022,2022
1304096,f29185a1,srh,2022,2022
1304096,d027ba9f,srh,2022,2022
1304096,77255a9e,srh,2022,2022
1304096,6a26221c,srh,2022,2022
1304096,3241e3fd,srh,2022,2022
1304096,26989d80,srh,2022,2022
1304096,1a2676c5,srh,2022,2022
1304096,7a8bd078,srh,2022,2022
1304096,5d2eea49,srh,2022,2022
1304096,2e81a32d,srh,2022,2022
1304096,81c08fa3,srh,2022,2022
1304097,752f7486,mi,2022,2022
1304097,740742ef,mi,2022,2022
1304097,271f83cd,mi,2022,2022
1304097,b0482a1d,mi,2022,2022
1304097,a757b0d8,mi,2022,2022
1304097,f1f99156,mi,2022,2022
1304097,caf69bf7,mi,2022,2022
1304097,e2db2409,mi,2022,2022
1304097,f6d8a7ab,mi,2022,2022
1304097,462411b3,mi,2022,2022
1304097,64775749,mi,2022,2022
1304097,fe11caa6,gt,2022,2022
1304097,b4b99816,gt,2022,2022
1304097,dbe50b21,gt,2022,2022
1304097,d5130a30,gt,2022,2022
1304097,d67d5f00,gt,2022,2022
1304097,39a2dfa8,gt,2022,2022
1304097,5f547c8b,gt,2022,2022
1304097,9fc0ef64,gt,2022,2022
1304097,2f9d0389,gt,2022,2022
1304097,b0946605,gt,2022,2022
1304097,8cf9814c,gt,2022,2022
1304098,abb83e27,pbks,2022,2022
1304098,0a476045,pbks,2022,2022
1304098,6c882e9a,pbks,2022,2022
1304098,00ea847a,pbks,2022,2022
1304098,800d2d97,pbks,2022,2022
1304098,50c6bc2b,pbks,2022,2022
1304098,26a85969,pbks,2022,2022
1304098,e62dd25d,pbks,2022,2022
1304098,2ed569a0,pbks,2022,2022
1304098,244048f6,pbks,2022,2022
1304098,ce820073,pbks,2022,2022
1304098,6c19c6e5,rr,2022,2022
1304098,99b75528,rr,2022,2022
1304098,a4cc73aa,rr,2022,2022
1304098,2c25d4f5,rr,2022,2022
1304098,48a1d7b7,rr,2022,2022
1304098,04a418e8,rr,2022,2022
1304098,495d42a5,rr,2022,2022
1304098,a818c1be,rr,2022,2022
1304098,85e0cf10,rr,2022,2022
1304098,57ee1fde,rr,2022,2022
1304098,2e78f685,rr,2022,2022
1304099,372455c4,lsg,2022,2022
1304099,b17e2f24,lsg,2022,2022
1304099,73ad96ed,lsg,2022,2022
1304099,5b8c830e,lsg,2022,2022
1304099,872b03f7,lsg,2022,2022
1304099,d9273ee7,lsg,2022,2022
1304099,0f721006,lsg,2022,2022
1304099,327b58d3,lsg,2022,2022
1304099,eef2536f,lsg,2022,2022
1304099,c33d8116,lsg,2022,2022
1304099,df064e1a,lsg,2022,2022
1304099,ff1e68fa,kkr,2022,2022
1304099,b8d490fd,kkr,2022,2022
1304099,85ec8e33,kkr,2022,2022
1304099,fb2d1dda,kkr,2022,2022
1304099,0a509d6b,kkr,2022,2022
1304099,bbd41817,kkr,2022,2022
1304099,9d430b40,kkr,2022,2022
1304099,e4cdf230,kkr,2022,2022
1304099,c38d3503,kkr,2022,2022
1304099,13c35c9e,kkr,2022,2022
1304099,77b1aa15,kkr,2022,2022
1304100,ba607b88,rcb,2022,2022
1304100,3355b542,rcb,2022,2022
1304100,c740ea83,rcb,2022,2022
1304100,b681e71e,rcb,2022,2022
1304100,c03f1114,rcb,2022,2022
1304100,da934ee8,rcb,2022,2022
1304100,f9e6e7ef,rcb,2022,2022
1304100,a97c8ec2,rcb,2022,2022
1304100,f986ca1a,rcb,2022,2022
1304100,03806cf8,rcb,2022,2022
1304100,2f49c897,rcb,2022,2022
1304100,f29185a1,srh,2022,2022
1304100,d027ba9f,srh,2022,2022
1304100,77255a9e,srh,2022,2022
1304100,6a26221c,srh,2022,2022
1304100,3241e3fd,srh,2022,2022
1304100,4125d931,srh,2022,2022
1304100,26989d80,srh,2022,2022
1304100,5d2eea49,srh,2022,2022
1304100,2e81a32d,srh,2022,2022
1304100,81c08fa3,srh,2022,2022
1304100,e9c7f0d0,srh,2022,2022
1304101,45a43fe2,csk,2022,2022
1304101,df5a6881,csk,2022,2022
1304101,a4e37e47,csk,2022,2022
1304101,70d205c9,csk,2022,2022
1304101,4a8a2e3b,csk,2022,2022
1304101,bb351c23,csk,2022,2022
1304101,1c17e270,csk,2022,2022
1304101,87e562a9,csk,2022,2022
1304101,30df8c66,csk,2022,2022
1304101,f24c6701,csk,2022,2022
1304101,765a4731,csk,2022,2022
1304101,dcce6f09,dc,2022,2022
1304101,44a89551,dc,2022,2022
1304101,3d8feaf8,dc,2022,2022
1304101,919a3be2,dc,2022,2022
1304101,650d5e49,dc,2022,2022
1304101,60500956,dc,2022,2022
1304101,2e171977,dc,2022,2022
1304101,1abb78f8,dc,2022,2022
1304101,8d2c70ad,dc,2022,2022
1304101,acdc62f5,dc,2022,2022
1304101,a2f46292,dc,2022,2022
1304102,a24be938,kkr,2022,2022
1304102,29e95537,kkr,2022,2022
1304102,fb2d1dda,kkr,2022,2022
1304102,85ec8e33,kkr,2022,2022
1304102,bbd41817,kkr,2022,2022
1304102,0a509d6b,kkr,2022,2022
1304102,acc1aeda,kkr,2022,2022
1304102,ded9240e,kkr,2022,2022
1304102,9d430b40,kkr,2022,2022
1304102,13c35c9e,kkr,2022,2022
1304102,5b7ab5a9,kkr,2022,2022
1304102,740742ef,mi,2022,2022
1304102,752f7486,mi,2022,2022
1304102,b0482a1d,mi,2022,2022
1304102,be24ead0,mi,2022,2022
1304102,f1f99156,mi,2022,2022
1304102,a757b0d8,mi,2022,2022
1304102,caf69bf7,mi,2022,2022
1304102,e2db2409,mi,2022,2022
1304102,f6d8a7ab,mi,2022,2022
1304102,462411b3,mi,2022,2022
1304102,64775749,mi,2022,2022
1304103,fe11caa6,gt,2022,2022
1304103,b4b99816,gt,2022,2022
1304103,afa7e784,gt,2022,2022
1304103,dbe50b21,gt,2022,2022
1304103,d67d5f00,gt,2022,2022
1304103,39a2dfa8,gt,2022,2022
1304103,5f547c8b,gt,2022,2022
1304103,c7a995d3,gt,2022,2022
1304103,b0946605,gt,2022,2022
1304103,7210d461,gt,2022,2022
1304103,8cf9814c,gt,2022,2022
1304103,372455c4,lsg,2022,2022
1304103,b17e2f24,lsg,2022,2022
1304103,73ad96ed,lsg,2022,2022
1304103,39ed0d2f,lsg,2022,2022
1304103,5b8c830e,lsg,2022,2022
1304103,872b03f7,lsg,2022,2022
1304103,d9273ee7,lsg,2022,2022
1304103,0f721006,lsg,2022,2022
1304103,c33d8116,lsg,2022,2022
1304103,327b58d3,lsg,2022,2022
1304103,eef2536f,lsg,2022,2022
1304104,6c19c6e5,rr,2022,2022
1304104,99b75528,rr,2022,2022
1304104,495d42a5,rr,2022,2022
1304104,2c25d4f5,rr,2022,2022
1304104,a4cc73aa,rr,2022,2022
1304104,04a418e8,rr,2022,2022
1304104,9948e262,rr,2022,2022
1304104,a818c1be,rr,2022,2022
1304104,85e0cf10,rr,2022,2022
1304104,57ee1fde,rr,2022,2022
1304104,2e78f685,rr,2022,2022
1304104,44a89551,dc,2022,2022
1304104,dcce6f09,dc,2022,2022
1304104,3d8feaf8,dc,2022,2022
1304104,919a3be2,dc,2022,2022
1304104,650d5e49,dc,2022,2022
1304104,ad427b5c,dc,2022,2022
1304104,2e171977,dc,2022,2022
1304104,1abb78f8,dc,2022,2022
1304104,8d2c70ad,dc,2022,2022
1304104,acdc62f5,dc,2022,2022
1304104,2cdce1be,dc,2022,2022
1304105,45a43fe2,csk,2022,2022
1304105,df5a6881,csk,2022,2022
1304105,bb351c23,csk,2022,2022
1304105,1c17e270,csk,2022,2022
1304105,70d205c9,csk,2022,2022
1304105,4a8a2e3b,csk,2022,2022
1304105,a4e37e47,csk,2022,2022
1304105,87e562a9,csk,2022,2022
1304105,30df8c66,csk,2022,2022
1304105,f24c6701,csk,2022,2022
1304105,765a4731,csk,2022,2022
1304105,752f7486,mi,2022,2022
1304105,740742ef,mi,2022,2022
1304105,caf69bf7,mi,2022,2022
1304105,b0482a1d,mi,2022,2022
1304105,85b3fab2,mi,2022,2022
1304105,0c9652b0,mi,2022,2022
1304105,f1f99156,mi,2022,2022
1304105,be24ead0,mi,2022,2022
1304105,462411b3,mi,2022,2022
1304105,64775749,mi,2022,2022
1304105,f6d8a7ab,mi,2022,2022
1304106,abb83e27,pbks,2022,2022
1304106,0a476045,pbks,2022,2022
1304106,6c882e9a,pbks,2022,2022
1304106,50c6bc2b,pbks,2022,2022
1304106,00ea847a,pbks,2022,2022
1304106,800d2d97,pbks,2022,2022
1304106,c05edf8e,pbks,2022,2022
1304106,26a85969,pbks,2022,2022
1304106,2ed569a0,pbks,2022,2022
1304106,e62dd25d,pbks,2022,2022
1304106,244048f6,pbks,2022,2022
1304106,ba607b88,rcb,2022,2022
1304106,3355b542,rcb,2022,2022
1304106,c740ea83,rcb,2022,2022
1304106,da934ee8,rcb,2022,2022
1304106,b681e71e,rcb,2022,2022
1304106,c03f1114,rcb,2022,2022
1304106,f9e6e7ef,rcb,2022,2022
1304106,f986ca1a,rcb,2022,2022
1304106,a97c8ec2,rcb,2022,2022
1304106,2f49c897,rcb,2022,2022
1304106,03806cf8,rcb,2022,2022
1304107,a24be938,kkr,2022,2022
1304107,29e95537,kkr,2022,2022
1304107,fb2d1dda,kkr,2022,2022
1304107,85ec8e33,kkr,2022,2022
1304107,c16d4035,kkr,2022,2022
1304107,0a509d6b,kkr,2022,2022
1304107,bbd41817,kkr,2022,2022
1304107,9d430b40,kkr,2022,2022
1304107,cc1e8c68,kkr,2022,2022
1304107,13c35c9e,kkr,2022,2022
1304107,5b7ab5a9,kkr,2022,2022
1304107,f29185a1,srh,2022,2022
1304107,d027ba9f,srh,2022,2022
1304107,77255a9e,srh,2022,2022
1304107,6a26221c,srh,2022,2022
1304107,3241e3fd,srh,2022,2022
1304107,f19ccfad,srh,2022,2022
1304107,26989d80,srh,2022,2022
1304107,81c36ee9,srh,2022,2022
1304107,2e81a32d,srh,2022,2022
1304107,81c08fa3,srh,2022,2022
1304107,ce794613,srh,2022,2022
1304108,45a43fe2,csk,2022,2022
1304108,df5a6881,csk,2022,2022
1304108,bb351c23,csk,2022,2022
1304108,bd54eef5,csk,2022,2022
1304108,a4e37e47,csk,2022,2022
1304108,4a8a2e3b,csk,2022,2022
1304108,e4a0deae,csk,2022,2022
1304108,c695b423,csk,2022,2022
1304108,30df8c66,csk,2022,2022
1304108,64839cb3,csk,2022,2022
1304108,765a4731,csk,2022,2022
1304108,fe11caa6,gt,2022,2022
1304108,b4b99816,gt,2022,2022
1304108,afa7e784,gt,2022,2022
1304108,dbe50b21,gt,2022,2022
1304108,d67d5f00,gt,2022,2022
1304108,39a2dfa8,gt,2022,2022
1304108,5f547c8b,gt,2022,2022
1304108,c7a995d3,gt,2022,2022
1304108,b0946605,gt,2022,2022
1304108,7210d461,gt,2022,2022
1304108,8cf9814c,gt,2022,2022
1304109,6c19c6e5,rr,2022,2022
1304109,99b75528,rr,2022,2022
1304109,a4cc73aa,rr,2022,2022
1304109,2c25d4f5,rr,2022,2022
1304109,04a418e8,rr,2022,2022
1304109,9219eff0,rr,2022,2022
1304109,495d42a5,rr,2022,2022
1304109,a818c1be,rr,2022,2022
1304109,85e0cf10,rr,2022,2022
1304109,57ee1fde,rr,2022,2022
1304109,529eb9e0,rr,2022,2022
1304109,372455c4,lsg,2022,2022
1304109,b17e2f24,lsg,2022,2022
1304109,872b03f7,lsg,2022,2022
1304109,73ad96ed,lsg,2022,2022
1304109,5b8c830e,lsg,2022,2022
1304109,d9273ee7,lsg,2022,2022
1304109,0f721006,lsg,2022,2022
1304109,327b58d3,lsg,2022,2022
1304109,c33d8116,lsg,2022,2022
1304109,eef2536f,lsg,2022,2022
1304109,df064e1a,lsg,2022,2022
1304110,dcce6f09,dc,2022,2022
1304110,f088b960,dc,2022,2022
1304110,3d8feaf8,dc,2022,2022
1304110,ad427b5c,dc,2022,2022
1304110,919a3be2,dc,2022,2022
1304110,650d5e49,dc,2022,2022
1304110,2e171977,dc,2022,2022
1304110,1abb78f8,dc,2022,2022
1304110,8d2c70ad,dc,2022,2022
1304110,acdc62f5,dc,2022,2022
1304110,a2f46292,dc,2022,2022
1304110,abb83e27,pbks,2022,2022
1304110,0a476045,pbks,2022,2022
1304110,6c882e9a,pbks,2022,2022
1304110,50c6bc2b,pbks,2022,2022
1304110,00ea847a,pbks,2022,2022
1304110,800d2d97,pbks,2022,2022
1304110,c05edf8e,pbks,2022,2022
1304110,26a85969,pbks,2022,2022
1304110,2ed569a0,pbks,2022,2022
1304110,e62dd25d,pbks,2022,2022
1304110,244048f6,pbks,2022,2022
1304111,f29185a1,srh,2022,2022
1304111,bb965e9a,srh,2022,2022
1304111,77255a9e,srh,2022,2022
1304111,3241e3fd,srh,2022,2022
1304111,6a26221c,srh,2022,2022
1304111,d027ba9f,srh,2022,2022
1304111,f19ccfad,srh,2022,2022
1304111,2e81a32d,srh,2022,2022
1304111,81c08fa3,srh,2022,2022
1304111,ce794613,srh,2022,2022
1304111,e9c7f0d0,srh,2022,2022
1304111,740742ef,mi,2022,2022
1304111,752f7486,mi,2022,2022
1304111,caf69bf7,mi,2022,2022
1304111,b0482a1d,mi,2022,2022
1304111,f1f99156,mi,2022,2022
1304111,85b3fab2,mi,2022,2022
1304111,be24ead0,mi,2022,2022
1304111,33ffc3dd,mi,2022,2022
1304111,462411b3,mi,2022,2022
1304111,a9fd84fb,mi,2022,2022
1304111,64775749,mi,2022,2022
1304112,372455c4,lsg,2022,2022
1304112,b17e2f24,lsg,2022,2022
1304112,0ebfb1ad,lsg,2022,2022
1304112,73ad96ed,lsg,2022,2022
1304112,c03e2850,lsg,2022,2022
1304112,d9273ee7,lsg,2022,2022
1304112,0f721006,lsg,2022,2022
1304112,90de905a,lsg,2022,2022
1304112,c33d8116,lsg,2022,2022
1304112,eef2536f,lsg,2022,2022
1304112,df064e1a,lsg,2022,2022
1304112,a24be938,kkr,2022,2022
1304112,aa5d8c9e,kkr,2022,2022
1304112,fb2d1dda,kkr,2022,2022
1304112,85ec8e33,kkr,2022,2022
1304112,c16d4035,kkr,2022,2022
1304112,bbd41817,kkr,2022,2022
1304112,0a509d6b,kkr,2022,2022
1304112,9d430b40,kkr,2022,2022
1304112,cc1e8c68,kkr,2022,2022
1304112,13c35c9e,kkr,2022,2022
1304112,5b7ab5a9,kkr,2022,2022
1304113,fe11caa6,gt,2022,2022
1304113,b4b99816,gt,2022,2022
1304113,afa7e784,gt,2022,2022
1304113,dbe50b21,gt,2022,2022
1304113,d67d5f00,gt,2022,2022
1304113,39a2dfa8,gt,2022,2022
1304113,5f547c8b,gt,2022,2022
1304113,c7a995d3,gt,2022,2022
1304113,2f9d0389,gt,2022,2022
1304113,7210d461,gt,2022,2022
1304113,8cf9814c,gt,2022,2022
1304113,ba607b88,rcb,2022,2022
1304113,3355b542,rcb,2022,2022
1304113,b681e71e,rcb,2022,2022
1304113,c03f1114,rcb,2022,2022
1304113,c740ea83,rcb,2022,2022
1304113,da934ee8,rcb,2022,2022
1304113,f9e6e7ef,rcb,2022,2022
1304113,f986ca1a,rcb,2022,2022
1304113,a97c8ec2,rcb,2022,2022
1304113,03806cf8,rcb,2022,2022
1304113,dcf81436,rcb,2022,2022
1304114,45a43fe2,csk,2022,2022
1304114,df5a6881,csk,2022,2022
1304114,bb351c23,csk,2022,2022
1304114,bd54eef5,csk,2022,2022
1304114,70d205c9,csk,2022,2022
1304114,4a8a2e3b,csk,2022,2022
1304114,e4a0deae,csk,2022,2022
1304114,30df8c66,csk,2022,2022
1304114,765a4731,csk,2022,2022
1304114,c695b423,csk,2022,2022
1304114,64839cb3,csk,2022,2022
1304114,6c19c6e5,rr,2022,2022
1304114,99b75528,rr,2022,2022
1304114,a4cc73aa,rr,2022,2022
1304114,2c25d4f5,rr,2022,2022
1304114,495d42a5,rr,2022,2022
1304114,48a1d7b7,rr,2022,2022
1304114,04a418e8,rr,2022,2022
1304114,a818c1be,rr,2022,2022
1304114,57ee1fde,rr,2022,2022
1304114,85e0cf10,rr,2022,2022
1304114,529eb9e0,rr,2022,2022
1304115,8b3e9c7c,dc,2022,2022
1304115,dcce6f09,dc,2022,2022
1304115,3d8feaf8,dc,2022,2022
1304115,919a3be2,dc,2022,2022
1304115,f088b960,dc,2022,2022
1304115,650d5e49,dc,2022,2022
1304115,2e171977,dc,2022,2022
1304115,1abb78f8,dc,2022,2022
1304115,8d2c70ad,dc,2022,2022
1304115,acdc62f5,dc,2022,2022
1304115,a2f46292,dc,2022,2022
1304115,752f7486,mi,2022,2022
1304115,740742ef,mi,2022,2022
1304115,844e79d1,mi,2022,2022
1304115,b0482a1d,mi,2022,2022
1304115,f1f99156,mi,2022,2022
1304115,be24ead0,mi,2022,2022
1304115,caf69bf7,mi,2022,2022
1304115,0c9652b0,mi,2022,2022
1304115,462411b3,mi,2022,2022
1304115,a9fd84fb,mi,2022,2022
1304115,64775749,mi,2022,2022
1304116,bb965e9a,srh,2022,2022
1304116,f29185a1,srh,2022,2022
1304116,77255a9e,srh,2022,2022
1304116,6a26221c,srh,2022,2022
1304116,3241e3fd,srh,2022,2022
1304116,f19ccfad,srh,2022,2022
1304116,c5aef772,srh,2022,2022
1304116,4125d931,srh,2022,2022
1304116,2e81a32d,srh,2022,2022
1304116,81c08fa3,srh,2022,2022
1304116,e9c7f0d0,srh,2022,2022
1304116,abb83e27,pbks,2022,2022
1304116,0a476045,pbks,2022,2022
1304116,7dcb9bc9,pbks,2022,2022
1304116,00ea847a,pbks,2022,2022
1304116,50c6bc2b,pbks,2022,2022
1304116,800d2d97,pbks,2022,2022
1304116,663b5e34,pbks,2022,2022
1304116,c05edf8e,pbks,2022,2022
1304116,e62dd25d,pbks,2022,2022
1304116,9eb1455b,pbks,2022,2022
1304116,244048f6,pbks,2022,2022
1312197,6c19c6e5,rr,2022,2022
1312197,99b75528,rr,2022,2022
1312197,a4cc73aa,rr,2022,2022
1312197,2c25d4f5,rr,2022,2022
1312197,48a1d7b7,rr,2022,2022
1312197,04a418e8,rr,2022,2022
1312197,495d42a5,rr,2022,2022
1312197,a818c1be,rr,2022,2022
1312197,57ee1fde,rr,2022,2022
1312197,85e0cf10,rr,2022,2022
1312197,529eb9e0,rr,2022,2022
1312197,fe11caa6,gt,2022,2022
1312197,b4b99816,gt,2022,2022
1312197,afa7e784,gt,2022,2022
1312197,dbe50b21,gt,2022,2022
1312197,d67d5f00,gt,2022,2022
1312197,39a2dfa8,gt,2022,2022
1312197,5f547c8b,gt,2022,2022
1312197,c7a995d3,gt,2022,2022
1312197,b0946605,gt,2022,2022
1312197,7210d461,gt,2022,2022
1312197,8cf9814c,gt,2022,2022
1312198,ba607b88,rcb,2022,2022
1312198,3355b542,rcb,2022,2022
1312198,c740ea83,rcb,2022,2022
1312198,b681e71e,rcb,2022,2022
1312198,da934ee8,rcb,2022,2022
1312198,c03f1114,rcb,2022,2022
1312198,f9e6e7ef,rcb,2022,2022
1312198,f986ca1a,rcb,2022,2022
1312198,a97c8ec2,rcb,2022,2022
1312198,03806cf8,rcb,2022,2022
1312198,2f49c897,rcb,2022,2022
1312198,372455c4,lsg,2022,2022
1312198,b17e2f24,lsg,2022,2022
1312198,c03e2850,lsg,2022,2022
1312198,73ad96ed,lsg,2022,2022
1312198,d9273ee7,lsg,2022,2022
1312198,0ebfb1ad,lsg,2022,2022
1312198,5b8c830e,lsg,2022,2022
1312198,327b58d3,lsg,2022,2022
1312198,c33d8116,lsg,2022,2022
1312198,eef2536f,lsg,2022,2022
1312198,df064e1a,lsg,2022,2022
1312199,ba607b88,rcb,2022,2022
1312199,3355b542,rcb,2022,2022
1312199,c740ea83,rcb,2022,2022
1312199,b681e71e,rcb,2022,2022
1312199,da934ee8,rcb,2022,2022
1312199,c03f1114,rcb,2022,2022
1312199,f9e6e7ef,rcb,2022,2022
1312199,a97c8ec2,rcb,2022,2022
1312199,f986ca1a,rcb,2022,2022
1312199,03806cf8,rcb,2022,2022
1312199,2f49c897,rcb,2022,2022
1312199,6c19c6e5,rr,2022,2022
1312199,99b75528,rr,2022,2022
1312199,a4cc73aa,rr,2022,2022
1312199,2c25d4f5,rr,2022,2022
1312199,48a1d7b7,rr,2022,2022
1312199,04a418e8,rr,2022,2022
1312199,495d42a5,rr,2022,2022
1312199,a818c1be,rr,2022,2022
1312199,57ee1fde,rr,2022,2022
1312199,85e0cf10,rr,2022,2022
1312199,529eb9e0,rr,2022,2022
1312200,6c19c6e5,rr,2022,2022
1312200,99b75528,rr,2022,2022
1312200,a4cc73aa,rr,2022,2022
1312200,2c25d4f5,rr,2022,2022
1312200,48a1d7b7,rr,2022,2022
1312200,495d42a5,rr,2022,2022
1312200,04a418e8,rr,2022,2022
1312200,a818c1be,rr,2022,2022
1312200,529eb9e0,rr,2022,2022
1312200,85e0cf10,rr,2022,2022
1312200,57ee1fde,rr,2022,2022
1312200,fe11caa6,gt,2022,2022
1312200,b4b99816,gt,2022,2022
1312200,afa7e784,gt,2022,2022
1312200,dbe50b21,gt,2022,2022
1312200,d67d5f00,gt,2022,2022
1312200,39a2dfa8,gt,2022,2022
1312200,5f547c8b,gt,2022,2022
1312200,c7a995d3,gt,2022,2022
1312200,2f9d0389,gt,2022,2022
1312200,7210d461,gt,2022,2022
1312200,8cf9814c,gt,2022,2022
1359475,46a9bea1,csk,2023,2023
1359475,df5a6881,csk,2023,2023
1359475,45a43fe2,csk,2023,2023
1359475,bb351c23,csk,2023,2023
1359475,e087956b,csk,2023,2023
1359475,70d205c9,csk,2023,2023
1359475,a4e37e47,csk,2023,2023
1359475,fe93fd9d,csk,2023,2023
1359475,4a8a2e3b,csk,2023,2023
1359475,e4a0deae,csk,2023,2023
1359475,23eeb873,csk,2023,2023
1359475,c3c92b42,csk,2023,2023
1359475,d027ba9f,gt,2023,2023
1359475,fe11caa6,gt,2023,2023
1359475,b4b99816,gt,2023,2023
1359475,d5130a30,gt,2023,2023
1359475,dbe50b21,gt,2023,2023
1359475,0994d0ae,gt,2023,2023
1359475,39a2dfa8,gt,2023,2023
1359475,5f547c8b,gt,2023,2023
1359475,8cf9814c,gt,2023,2023
1359475,9061a703,gt,2023,2023
1359475,7210d461,gt,2023,2023
1359475,b0946605,gt,2023,2023
1359476,9418198b,pbks,2023,2023
1359476,0a476045,pbks,2023,2023
1359476,6c882e9a,pbks,2023,2023
1359476,800d2d97,pbks,2023,2023
1359476,26d041c4,pbks,2023,2023
1359476,e94915e6,pbks,2023,2023
1359476,7dcb9bc9,pbks,2023,2023
1359476,c05edf8e,pbks,2023,2023
1359476,2ed569a0,pbks,2023,2023
1359476,244048f6,pbks,2023,2023
1359476,9eb1455b,pbks,2023,2023
1359476,26a85969,pbks,2023,2023
1359476,c3a96caf,kkr,2023,2023
1359476,0bacade8,kkr,2023,2023
1359476,e4cdf230,kkr,2023,2023
1359476,a24be938,kkr,2023,2023
1359476,fb2d1dda,kkr,2023,2023
1359476,0a509d6b,kkr,2023,2023
1359476,bbd41817,kkr,2023,2023
1359476,1abb78f8,kkr,2023,2023
1359476,9d430b40,kkr,2023,2023
1359476,13c35c9e,kkr,2023,2023
1359476,cc1e8c68,kkr,2023,2023
1359476,5b7ab5a9,kkr,2023,2023
1359477,b17e2f24,lsg,2023,2023
1359477,73c18486,lsg,2023,2023
1359477,73ad96ed,lsg,2023,2023
1359477,5b8c830e,lsg,2023,2023
1359477,d9273ee7,lsg,2023,2023
1359477,3241e3fd,lsg,2023,2023
1359477,872b03f7,lsg,2023,2023
1359477,90de905a,lsg,2023,2023
1359477,eef2536f,lsg,2023,2023
1359477,df064e1a,lsg,2023,2023
1359477,1e66c162,lsg,2023,2023
1359477,8d92a2c3,lsg,2023,2023
1359477,a2f46292,dc,2023,2023
1359477,8b3e9c7c,dc,2023,2023
1359477,dcce6f09,dc,2023,2023
1359477,3d8feaf8,dc,2023,2023
1359477,f088b960,dc,2023,2023
1359477,cad00a4d,dc,2023,2023
1359477,650d5e49,dc,2023,2023
1359477,378daa89,dc,2023,2023
1359477,2e171977,dc,2023,2023
1359477,8d2c70ad,dc,2023,2023
1359477,2cdce1be,dc,2023,2023
1359477,2cffab74,dc,2023,2023
1359478,21d4e29b,rr,2023,2023
1359478,6c19c6e5,rr,2023,2023
1359478,99b75528,rr,2023,2023
1359478,a4cc73aa,rr,2023,2023
1359478,2c25d4f5,rr,2023,2023
1359478,04a418e8,rr,2023,2023
1359478,48a1d7b7,rr,2023,2023
1359478,495d42a5,rr,2023,2023
1359478,0f721006,rr,2023,2023
1359478,a818c1be,rr,2023,2023
1359478,798cc28e,rr,2023,2023
1359478,57ee1fde,rr,2023,2023
1359478,e9c7f0d0,srh,2023,2023
1359478,f29185a1,srh,2023,2023
1359478,00ea847a,srh,2023,2023
1359478,77255a9e,srh,2023,2023
1359478,4ae1755b,srh,2023,2023
1359478,f19ccfad,srh,2023,2023
1359478,9a46c4e5,srh,2023,2023
1359478,8e514b4c,srh,2023,2023
1359478,249d60c9,srh,2023,2023
1359478,2e81a32d,srh,2023,2023
1359478,81c08fa3,srh,2023,2023
1359478,ce794613,srh,2023,2023
1359479,4933f499,mi,2023,2023
1359479,740742ef,mi,2023,2023
1359479,752f7486,mi,2023,2023
1359479,eaa76d3c,mi,2023,2023
1359479,271f83cd,mi,2023,2023
1359479,b0482a1d,mi,2023,2023
1359479,d1a60072,mi,2023,2023
1359479,f1f99156,mi,2023,2023
1359479,0c9652b0,mi,2023,2023
1359479,12314277,mi,2023,2023
1359479,98ae73b1,mi,2023,2023
1359479,5574750c,mi,2023,2023
1359479,ba607b88,rcb,2023,2023
1359479,3355b542,rcb,2023,2023
1359479,c03f1114,rcb,2023,2023
1359479,b681e71e,rcb,2023,2023
1359479,e38bce7a,rcb,2023,2023
1359479,f9e6e7ef,rcb,2023,2023
1359479,f986ca1a,rcb,2023,2023
1359479,0a67aec0,rcb,2023,2023
1359479,8db7f47f,rcb,2023,2023
1359479,2f49c897,rcb,2023,2023
1359479,119678fd,rcb,2023,2023
1359480,46a9bea1,csk,2023,2023
1359480,45a43fe2,csk,2023,2023
1359480,df5a6881,csk,2023,2023
1359480,a4e37e47,csk,2023,2023
1359480,bb351c23,csk,2023,2023
1359480,e087956b,csk,2023,2023
1359480,70d205c9,csk,2023,2023
1359480,fe93fd9d,csk,2023,2023
1359480,4a8a2e3b,csk,2023,2023
1359480,e4a0deae,csk,2023,2023
1359480,23eeb873,csk,2023,2023
1359480,c3c92b42,csk,2023,2023
1359480,eef2536f,lsg,2023,2023
1359480,b17e2f24,lsg,2023,2023
1359480,73c18486,lsg,2023,2023
1359480,73ad96ed,lsg,2023,2023
1359480,5b8c830e,lsg,2023,2023
1359480,d9273ee7,lsg,2023,2023
1359480,3241e3fd,lsg,2023,2023
1359480,872b03f7,lsg,2023,2023
1359480,90de905a,lsg,2023,2023
1359480,8d92a2c3,lsg,2023,2023
1359480,4b31f3a3,lsg,2023,2023
1359480,df064e1a,lsg,2023,2023
1359481,a2f46292,dc,2023,2023
1359481,dcce6f09,dc,2023,2023
1359481,8b3e9c7c,dc,2023,2023
1359481,3d8feaf8,dc,2023,2023
1359481,f088b960,dc,2023,2023
1359481,cad00a4d,dc,2023,2023
1359481,ad3b6e95,dc,2023,2023
1359481,2e171977,dc,2023,2023
1359481,378daa89,dc,2023,2023
1359481,8d2c70ad,dc,2023,2023
1359481,acdc62f5,dc,2023,2023
1359481,2cffab74,dc,2023,2023
1359481,9061a703,gt,2023,2023
1359481,fe11caa6,gt,2023,2023
1359481,b4b99816,gt,2023,2023
1359481,d5130a30,gt,2023,2023
1359481,dbe50b21,gt,2023,2023
1359481,0994d0ae,gt,2023,2023
1359481,d67d5f00,gt,2023,2023
1359481,39a2dfa8,gt,2023,2023
1359481,5f547c8b,gt,2023,2023
1359481,b0946605,gt,2023,2023
1359481,7210d461,gt,2023,2023
1359481,8cf9814c,gt,2023,2023
1359482,9418198b,pbks,2023,2023
1359482,0a476045,pbks,2023,2023
1359482,6c882e9a,pbks,2023,2023
1359482,800d2d97,pbks,2023,2023
1359482,26d041c4,pbks,2023,2023
1359482,7dcb9bc9,pbks,2023,2023
1359482,e94915e6,pbks,2023,2023
1359482,c05edf8e,pbks,2023,2023
1359482,9eb1455b,pbks,2023,2023
1359482,2ed569a0,pbks,2023,2023
1359482,244048f6,pbks,2023,2023
1359482,26a85969,pbks,2023,2023
1359482,6c19c6e5,rr,2023,2023
1359482,495d42a5,rr,2023,2023
1359482,99b75528,rr,2023,2023
1359482,a4cc73aa,rr,2023,2023
1359482,2c25d4f5,rr,2023,2023
1359482,04a418e8,rr,2023,2023
1359482,48a1d7b7,rr,2023,2023
1359482,bcf325d2,rr,2023,2023
1359482,0f721006,rr,2023,2023
1359482,57ee1fde,rr,2023,2023
1359482,a818c1be,rr,2023,2023
1359482,798cc28e,rr,2023,2023
1359483,9440ef41,kkr,2023,2023
1359483,0bacade8,kkr,2023,2023
1359483,a24be938,kkr,2023,2023
1359483,c3a96caf,kkr,2023,2023
1359483,fb2d1dda,kkr,2023,2023
1359483,0a509d6b,kkr,2023,2023
1359483,bbd41817,kkr,2023,2023
1359483,1abb78f8,kkr,2023,2023
1359483,9d430b40,kkr,2023,2023
1359483,cc1e8c68,kkr,2023,2023
1359483,13c35c9e,kkr,2023,2023
1359483,5b7ab5a9,kkr,2023,2023
1359483,2f49c897,rcb,2023,2023
1359483,ba607b88,rcb,2023,2023
1359483,3355b542,rcb,2023,2023
1359483,e38bce7a,rcb,2023,2023
1359483,b681e71e,rcb,2023,2023
1359483,f986ca1a,rcb,2023,2023
1359483,f9e6e7ef,rcb,2023,2023
1359483,c03f1114,rcb,2023,2023
1359483,c8f5f961,rcb,2023,2023
1359483,7f048519,rcb,2023,2023
1359483,119678fd,rcb,2023,2023
1359483,0a67aec0,rcb,2023,2023
1359484,e9c7f0d0,srh,2023,2023
1359484,1399b39c,srh,2023,2023
1359484,00ea847a,srh,2023,2023
1359484,77255a9e,srh,2023,2023
1359484,6a26221c,srh,2023,2023
1359484,4ae1755b,srh,2023,2023
1359484,f19ccfad,srh,2023,2023
1359484,8e514b4c,srh,2023,2023
1359484,249d60c9,srh,2023,2023
1359484,81c08fa3,srh,2023,2023
1359484,2e81a32d,srh,2023,2023
1359484,ce794613,srh,2023,2023
1359484,6b19d823,lsg,2023,2023
1359484,73c18486,lsg,2023,2023
1359484,b17e2f24,lsg,2023,2023
1359484,73ad96ed,lsg,2023,2023
1359484,5b8c830e,lsg,2023,2023
1359484,d9273ee7,lsg,2023,2023
1359484,c5aef772,lsg,2023,2023
1359484,3241e3fd,lsg,2023,2023
1359484,4b31f3a3,lsg,2023,2023
1359484,1e66c162,lsg,2023,2023
1359484,df064e1a,lsg,2023,2023
1359484,872b03f7,lsg,2023,2023
1359485,e2db2409,rr,2023,2023
1359485,6c19c6e5,rr,2023,2023
1359485,99b75528,rr,2023,2023
1359485,a4cc73aa,rr,2023,2023
1359485,04a418e8,rr,2023,2023
1359485,48a1d7b7,rr,2023,2023
1359485,bcf325d2,rr,2023,2023
1359485,0f721006,rr,2023,2023
1359485,495d42a5,rr,2023,2023
1359485,57ee1fde,rr,2023,2023
1359485,a818c1be,rr,2023,2023
1359485,ce820073,rr,2023,2023
1359485,a2f46292,dc,2023,2023
1359485,8b3e9c7c,dc,2023,2023
1359485,dcce6f09,dc,2023,2023
1359485,93b4fc78,dc,2023,2023
1359485,cad00a4d,dc,2023,2023
1359485,ad427b5c,dc,2023,2023
1359485,2e171977,dc,2023,2023
1359485,650d5e49,dc,2023,2023
1359485,ad3b6e95,dc,2023,2023
1359485,8d2c70ad,dc,2023,2023
1359485,acdc62f5,dc,2023,2023
1359485,2cffab74,dc,2023,2023
1359486,f6d8a7ab,mi,2023,2023
1359486,740742ef,mi,2023,2023
1359486,752f7486,mi,2023,2023
1359486,eaa76d3c,mi,2023,2023
1359486,271f83cd,mi,2023,2023
1359486,b0482a1d,mi,2023,2023
1359486,12314277,mi,2023,2023
1359486,f1f99156,mi,2023,2023
1359486,85b3fab2,mi,2023,2023
1359486,0c9652b0,mi,2023,2023
1359486,98ae73b1,mi,2023,2023
1359486,4933f499,mi,2023,2023
1359486,23eeb873,csk,2023,2023
1359486,df5a6881,csk,2023,2023
1359486,45a43fe2,csk,2023,2023
1359486,29e95537,csk,2023,2023
1359486,a4e37e47,csk,2023,2023
1359486,70d205c9,csk,2023,2023
1359486,fe93fd9d,csk,2023,2023
1359486,4a8a2e3b,csk,2023,2023
1359486,11614d87,csk,2023,2023
1359486,e4a0deae,csk,2023,2023
1359486,8361e524,csk,2023,2023
1359486,46a9bea1,csk,2023,2023
1359487,9061a703,gt,2023,2023
1359487,fe11caa6,gt,2023,2023
1359487,b4b99816,gt,2023,2023
1359487,d5130a30,gt,2023,2023
1359487,0890552f,gt,2023,2023
1359487,0994d0ae,gt,2023,2023
1359487,d67d5f00,gt,2023,2023
1359487,39a2dfa8,gt,2023,2023
1359487,5f547c8b,gt,2023,2023
1359487,b0946605,gt,2023,2023
1359487,8cf9814c,gt,2023,2023
1359487,7210d461,gt,2023,2023
1359487,9440ef41,kkr,2023,2023
1359487,0bacade8,kkr,2023,2023
1359487,bd54eef5,kkr,2023,2023
1359487,a24be938,kkr,2023,2023
1359487,fb2d1dda,kkr,2023,2023
1359487,0a509d6b,kkr,2023,2023
1359487,bbd41817,kkr,2023,2023
1359487,9d430b40,kkr,2023,2023
1359487,1abb78f8,kkr,2023,2023
1359487,cc1e8c68,kkr,2023,2023
1359487,2f9d0389,kkr,2023,2023
1359487,5b7ab5a9,kkr,2023,2023
1359488,9418198b,pbks,2023,2023
1359488,0a476045,pbks,2023,2023
1359488,a90e53ec,pbks,2023,2023
1359488,800d2d97,pbks,2023,2023
1359488,e94915e6,pbks,2023,2023
1359488,26d041c4,pbks,2023,2023
1359488,7dcb9bc9,pbks,2023,2023
1359488,c05edf8e,pbks,2023,2023
1359488,2ed569a0,pbks,2023,2023
1359488,9eb1455b,pbks,2023,2023
1359488,9a5f2863,pbks,2023,2023
1359488,244048f6,pbks,2023,2023
1359488,4ae1755b,srh,2023,2023
1359488,00ea847a,srh,2023,2023
1359488,77255a9e,srh,2023,2023
1359488,6a26221c,srh,2023,2023
1359488,235c2bb6,srh,2023,2023
1359488,f19ccfad,srh,2023,2023
1359488,81c36ee9,srh,2023,2023
1359488,a9fd84fb,srh,2023,2023
1359488,2e81a32d,srh,2023,2023
1359488,81c08fa3,srh,2023,2023
1359488,ce794613,srh,2023,2023
1359489,c8f5f961,rcb,2023,2023
1359489,ba607b88,rcb,2023,2023
1359489,3355b542,rcb,2023,2023
1359489,b681e71e,rcb,2023,2023
1359489,c03f1114,rcb,2023,2023
1359489,da934ee8,rcb,2023,2023
1359489,f9e6e7ef,rcb,2023,2023
1359489,7f048519,rcb,2023,2023
1359489,3a60e0b5,rcb,2023,2023
1359489,f986ca1a,rcb,2023,2023
1359489,2f49c897,rcb,2023,2023
1359489,119678fd,rcb,2023,2023
1359489,6b19d823,lsg,2023,2023
1359489,73c18486,lsg,2023,2023
1359489,b17e2f24,lsg,2023,2023
1359489,73ad96ed,lsg,2023,2023
1359489,5b8c830e,lsg,2023,2023
1359489,d9273ee7,lsg,2023,2023
1359489,3241e3fd,lsg,2023,2023
1359489,872b03f7,lsg,2023,2023
1359489,1e66c162,lsg,2023,2023
1359489,8d92a2c3,lsg,2023,2023
1359489,df064e1a,lsg,2023,2023
1359489,eef2536f,lsg,2023,2023
1359490,2cffab74,dc,2023,2023
1359490,dcce6f09,dc,2023,2023
1359490,8b3e9c7c,dc,2023,2023
1359490,93b4fc78,dc,2023,2023
1359490,dd7e9b3b,dc,2023,2023
1359490,650d5e49,dc,2023,2023
1359490,ad427b5c,dc,2023,2023
1359490,2e171977,dc,2023,2023
1359490,ad3b6e95,dc,2023,2023
1359490,8d2c70ad,dc,2023,2023
1359490,acdc62f5,dc,2023,2023
1359490,0a8fce53,dc,2023,2023
1359490,64775749,mi,2023,2023
1359490,740742ef,mi,2023,2023
1359490,752f7486,mi,2023,2023
1359490,b0482a1d,mi,2023,2023
1359490,271f83cd,mi,2023,2023
1359490,f1f99156,mi,2023,2023
1359490,eaa76d3c,mi,2023,2023
1359490,d1a60072,mi,2023,2023
1359490,0c9652b0,mi,2023,2023
1359490,12314277,mi,2023,2023
1359490,4933f499,mi,2023,2023
1359490,98ae73b1,mi,2023,2023
1359491,6c19c6e5,rr,2023,2023
1359491,99b75528,rr,2023,2023
1359491,2c25d4f5,rr,2023,2023
1359491,a4cc73aa,rr,2023,2023
1359491,495d42a5,rr,2023,2023
1359491,48a1d7b7,rr,2023,2023
1359491,bcf325d2,rr,2023,2023
1359491,0f721006,rr,2023,2023
1359491,14f96089,rr,2023,2023
1359491,2e78f685,rr,2023,2023
1359491,ce820073,rr,2023,2023
1359491,57ee1fde,rr,2023,2023
1359491,45a43fe2,csk,2023,2023
1359491,df5a6881,csk,2023,2023
1359491,29e95537,csk,2023,2023
1359491,a4e37e47,csk,2023,2023
1359491,bb351c23,csk,2023,2023
1359491,70d205c9,csk,2023,2023
1359491,fe93fd9d,csk,2023,2023
1359491,4a8a2e3b,csk,2023,2023
1359491,8361e524,csk,2023,2023
1359491,46a9bea1,csk,2023,2023
1359491,f24c6701,csk,2023,2023
1359491,b483905d,csk,2023,2023
1359492,2ed569a0,pbks,2023,2023
1359492,9418198b,pbks,2023,2023
1359492,0a476045,pbks,2023,2023
1359492,a90e53ec,pbks,2023,2023
1359492,6c882e9a,pbks,2023,2023
1359492,800d2d97,pbks,2023,2023
1359492,e94915e6,pbks,2023,2023
1359492,7dcb9bc9,pbks,2023,2023
1359492,c05edf8e,pbks,2023,2023
1359492,26a85969,pbks,2023,2023
1359492,e62dd25d,pbks,2023,2023
1359492,244048f6,pbks,2023,2023
1359492,fe11caa6,gt,2023,2023
1359492,b4b99816,gt,2023,2023
1359492,d5130a30,gt,2023,2023
1359492,dbe50b21,gt,2023,2023
1359492,d67d5f00,gt,2023,2023
1359492,39a2dfa8,gt,2023,2023
1359492,5f547c8b,gt,2023,2023
1359492,b0946605,gt,2023,2023
1359492,8cf9814c,gt,2023,2023
1359492,759ac88f,gt,2023,2023
1359492,9061a703,gt,2023,2023
1359493,f19ccfad,srh,2023,2023
1359493,4ae1755b,srh,2023,2023
1359493,00ea847a,srh,2023,2023
1359493,77255a9e,srh,2023,2023
1359493,6a26221c,srh,2023,2023
1359493,f29185a1,srh,2023,2023
1359493,235c2bb6,srh,2023,2023
1359493,81c36ee9,srh,2023,2023
1359493,a9fd84fb,srh,2023,2023
1359493,2e81a32d,srh,2023,2023
1359493,81c08fa3,srh,2023,2023
1359493,ce794613,srh,2023,2023
1359493,9440ef41,kkr,2023,2023
1359493,0bacade8,kkr,2023,2023
1359493,bd54eef5,kkr,2023,2023
1359493,a24be938,kkr,2023,2023
1359493,9d430b40,kkr,2023,2023
1359493,fb2d1dda,kkr,2023,2023
1359493,bbd41817,kkr,2023,2023
1359493,0a509d6b,kkr,2023,2023
1359493,1abb78f8,kkr,2023,2023
1359493,cc1e8c68,kkr,2023,2023
1359493,2f9d0389,kkr,2023,2023
1359493,5b7ab5a9,kkr,2023,2023
1359494,ba607b88,rcb,2023,2023
1359494,3355b542,rcb,2023,2023
1359494,da934ee8,rcb,2023,2023
1359494,b681e71e,rcb,2023,2023
1359494,f986ca1a,rcb,2023,2023
1359494,f9e6e7ef,rcb,2023,2023
1359494,c03f1114,rcb,2023,2023
1359494,c8f5f961,rcb,2023,2023
1359494,a97c8ec2,rcb,2023,2023
1359494,3a60e0b5,rcb,2023,2023
1359494,2f49c897,rcb,2023,2023
1359494,54e52590,rcb,2023,2023
1359494,dcce6f09,dc,2023,2023
1359494,8b3e9c7c,dc,2023,2023
1359494,3d8feaf8,dc,2023,2023
1359494,dd7e9b3b,dc,2023,2023
1359494,93b4fc78,dc,2023,2023
1359494,ad3b6e95,dc,2023,2023
1359494,2e171977,dc,2023,2023
1359494,378daa89,dc,2023,2023
1359494,ad427b5c,dc,2023,2023
1359494,acdc62f5,dc,2023,2023
1359494,8d2c70ad,dc,2023,2023
1359494,0a8fce53,dc,2023,2023
1359495,b17e2f24,lsg,2023,2023
1359495,73c18486,lsg,2023,2023
1359495,73ad96ed,lsg,2023,2023
1359495,5b8c830e,lsg,2023,2023
1359495,3241e3fd,lsg,2023,2023
1359495,d9273ee7,lsg,2023,2023
1359495,872b03f7,lsg,2023,2023
1359495,90de905a,lsg,2023,2023
1359495,4885bbe6,lsg,2023,2023
1359495,df064e1a,lsg,2023,2023
1359495,eef2536f,lsg,2023,2023
1359495,8d92a2c3,lsg,2023,2023
1359495,1ac746c8,pbks,2023,2023
1359495,9418198b,pbks,2023,2023
1359495,a90e53ec,pbks,2023,2023
1359495,28c78fb3,pbks,2023,2023
1359495,26d041c4,pbks,2023,2023
1359495,e94915e6,pbks,2023,2023
1359495,800d2d97,pbks,2023,2023
1359495,7dcb9bc9,pbks,2023,2023
1359495,c05edf8e,pbks,2023,2023
1359495,e62dd25d,pbks,2023,2023
1359495,2ed569a0,pbks,2023,2023
1359495,244048f6,pbks,2023,2023
1359496,9440ef41,kkr,2023,2023
1359496,0bacade8,kkr,2023,2023
1359496,bd54eef5,kkr,2023,2023
1359496,a24be938,kkr,2023,2023
1359496,fb2d1dda,kkr,2023,2023
1359496,1abb78f8,kkr,2023,2023
1359496,0a509d6b,kkr,2023,2023
1359496,bbd41817,kkr,2023,2023
1359496,9d430b40,kkr,2023,2023
1359496,cc1e8c68,kkr,2023,2023
1359496,2f9d0389,kkr,2023,2023
1359496,5b7ab5a9,kkr,2023,2023
1359496,64775749,mi,2023,2023
1359496,740742ef,mi,2023,2023
1359496,752f7486,mi,2023,2023
1359496,271f83cd,mi,2023,2023
1359496,b0482a1d,mi,2023,2023
1359496,f1f99156,mi,2023,2023
1359496,d1a60072,mi,2023,2023
1359496,eaa76d3c,mi,2023,2023
1359496,44aac2f0,mi,2023,2023
1359496,0c9652b0,mi,2023,2023
1359496,98ae73b1,mi,2023,2023
1359496,8dc152d1,mi,2023,2023
1359497,efc04be7,gt,2023,2023
1359497,fe11caa6,gt,2023,2023
1359497,b4b99816,gt,2023,2023
1359497,d5130a30,gt,2023,2023
1359497,dbe50b21,gt,2023,2023
1359497,d67d5f00,gt,2023,2023
1359497,0890552f,gt,2023,2023
1359497,39a2dfa8,gt,2023,2023
1359497,5f547c8b,gt,2023,2023
1359497,b0946605,gt,2023,2023
1359497,8cf9814c,gt,2023,2023
1359497,759ac88f,gt,2023,2023
1359497,57ee1fde,rr,2023,2023
1359497,6c19c6e5,rr,2023,2023
1359497,99b75528,rr,2023,2023
1359497,2c25d4f5,rr,2023,2023
1359497,a4cc73aa,rr,2023,2023
1359497,04a418e8,rr,2023,2023
1359497,48a1d7b7,rr,2023,2023
1359497,bcf325d2,rr,2023,2023
1359497,495d42a5,rr,2023,2023
1359497,a818c1be,rr,2023,2023
1359497,ce820073,rr,2023,2023
1359497,14f96089,rr,2023,2023
1359498,45a43fe2,csk,2023,2023
1359498,df5a6881,csk,2023,2023
1359498,29e95537,csk,2023,2023
1359498,a4e37e47,csk,2023,2023
1359498,70d205c9,csk,2023,2023
1359498,bb351c23,csk,2023,2023
1359498,fe93fd9d,csk,2023,2023
1359498,4a8a2e3b,csk,2023,2023
1359498,46a9bea1,csk,2023,2023
1359498,f24c6701,csk,2023,2023
1359498,64839cb3,csk,2023,2023
1359498,b483905d,csk,2023,2023
1359498,ba607b88,rcb,2023,2023
1359498,3355b542,rcb,2023,2023
1359498,da934ee8,rcb,2023,2023
1359498,b681e71e,rcb,2023,2023
1359498,f9e6e7ef,rcb,2023,2023
1359498,c03f1114,rcb,2023,2023
1359498,9385de2e,rcb,2023,2023
1359498,3a60e0b5,rcb,2023,2023
1359498,a97c8ec2,rcb,2023,2023
1359498,f986ca1a,rcb,2023,2023
1359498,2f49c897,rcb,2023,2023
1359498,54e52590,rcb,2023,2023
1359499,64775749,mi,2023,2023
1359499,740742ef,mi,2023,2023
1359499,752f7486,mi,2023,2023
1359499,eaa76d3c,mi,2023,2023
1359499,271f83cd,mi,2023,2023
1359499,b0482a1d,mi,2023,2023
1359499,f1f99156,mi,2023,2023
1359499,d1a60072,mi,2023,2023
1359499,44aac2f0,mi,2023,2023
1359499,0c9652b0,mi,2023,2023
1359499,98ae73b1,mi,2023,2023
1359499,4933f499,mi,2023,2023
1359499,ce794613,srh,2023,2023
1359499,4ae1755b,srh,2023,2023
1359499,00ea847a,srh,2023,2023
1359499,77255a9e,srh,2023,2023
1359499,6a26221c,srh,2023,2023
1359499,f29185a1,srh,2023,2023
1359499,235c2bb6,srh,2023,2023
1359499,8e514b4c,srh,2023,2023
1359499,81c36ee9,srh,2023,2023
1359499,f19ccfad,srh,2023,2023
1359499,2e81a32d,srh,2023,2023
1359499,a9fd84fb,srh,2023,2023
1359500,6b19d823,lsg,2023,2023
1359500,b17e2f24,lsg,2023,2023
1359500,73c18486,lsg,2023,2023
1359500,872b03f7,lsg,2023,2023
1359500,73ad96ed,lsg,2023,2023
1359500,d9273ee7,lsg,2023,2023
1359500,3241e3fd,lsg,2023,2023
1359500,5b8c830e,lsg,2023,2023
1359500,4885bbe6,lsg,2023,2023
1359500,c0c411cb,lsg,2023,2023
1359500,df064e1a,lsg,2023,2023
1359500,eef2536f,lsg,2023,2023
1359500,57ee1fde,rr,2023,2023
1359500,6c19c6e5,rr,2023,2023
1359500,99b75528,rr,2023,2023
1359500,a4cc73aa,rr,2023,2023
1359500,2c25d4f5,rr,2023,2023
1359500,48a1d7b7,rr,2023,2023
1359500,04a418e8,rr,2023,2023
1359500,bcf325d2,rr,2023,2023
1359500,495d42a5,rr,2023,2023
1359500,0f721006,rr,2023,2023
1359500,a818c1be,rr,2023,2023
1359500,ce820073,rr,2023,2023
1359501,54e52590,rcb,2023,2023
1359501,ba607b88,rcb,2023,2023
1359501,3355b542,rcb,2023,2023
1359501,b681e71e,rcb,2023,2023
1359501,c03f1114,rcb,2023,2023
1359501,da934ee8,rcb,2023,2023
1359501,f9e6e7ef,rcb,2023,2023
1359501,9385de2e,rcb,2023,2023
1359501,a97c8ec2,rcb,2023,2023
1359501,f986ca1a,rcb,2023,2023
1359501,3a60e0b5,rcb,2023,2023
1359501,2f49c897,rcb,2023,2023
1359501,2ed569a0,pbks,2023,2023
1359501,1ac746c8,pbks,2023,2023
1359501,9418198b,pbks,2023,2023
1359501,a90e53ec,pbks,2023,2023
1359501,50c6bc2b,pbks,2023,2023
1359501,28c78fb3,pbks,2023,2023
1359501,e94915e6,pbks,2023,2023
1359501,800d2d97,pbks,2023,2023
1359501,7dcb9bc9,pbks,2023,2023
1359501,c05edf8e,pbks,2023,2023
1359501,9eb1455b,pbks,2023,2023
1359501,244048f6,pbks,2023,2023
1359502,d1c36f5c,kkr,2023,2023
1359502,0404d43c,kkr,2023,2023
1359502,a24be938,kkr,2023,2023
1359502,fb2d1dda,kkr,2023,2023
1359502,c3a96caf,kkr,2023,2023
1359502,0a509d6b,kkr,2023,2023
1359502,9d430b40,kkr,2023,2023
1359502,bbd41817,kkr,2023,2023
1359502,e4cdf230,kkr,2023,2023
1359502,cc1e8c68,kkr,2023,2023
1359502,5b7ab5a9,kkr,2023,2023
1359502,fa2f1dde,kkr,2023,2023
1359502,5bb1a1c4,dc,2023,2023
1359502,dcce6f09,dc,2023,2023
1359502,8b3e9c7c,dc,2023,2023
1359502,3d8feaf8,dc,2023,2023
1359502,3d284ca3,dc,2023,2023
1359502,93b4fc78,dc,2023,2023
1359502,2e171977,dc,2023,2023
1359502,378daa89,dc,2023,2023
1359502,ad427b5c,dc,2023,2023
1359502,2cffab74,dc,2023,2023
1359502,8d2c70ad,dc,2023,2023
1359502,acdc62f5,dc,2023,2023
1359503,a457cfb5,srh,2023,2023
1359503,4ae1755b,srh,2023,2023
1359503,f29185a1,srh,2023,2023
1359503,77255a9e,srh,2023,2023
1359503,6a26221c,srh,2023,2023
1359503,235c2bb6,srh,2023,2023
1359503,00ea847a,srh,2023,2023
1359503,81c36ee9,srh,2023,2023
1359503,f19ccfad,srh,2023,2023
1359503,2e81a32d,srh,2023,2023
1359503,a9fd84fb,srh,2023,2023
1359503,81c08fa3,srh,2023,2023
1359503,b483905d,csk,2023,2023
1359503,45a43fe2,csk,2023,2023
1359503,df5a6881,csk,2023,2023
1359503,29e95537,csk,2023,2023
1359503,70d205c9,csk,2023,2023
1359503,bb351c23,csk,2023,2023
1359503,a4e37e47,csk,2023,2023
1359503,fe93fd9d,csk,2023,2023
1359503,4a8a2e3b,csk,2023,2023
1359503,46a9bea1,csk,2023,2023
1359503,f24c6701,csk,2023,2023
1359503,64839cb3,csk,2023,2023
1359504,81049310,gt,2023,2023
1359504,fe11caa6,gt,2023,2023
1359504,b4b99816,gt,2023,2023
1359504,dbe50b21,gt,2023,2023
1359504,0890552f,gt,2023,2023
1359504,0994d0ae,gt,2023,2023
1359504,d67d5f00,gt,2023,2023
1359504,39a2dfa8,gt,2023,2023
1359504,5f547c8b,gt,2023,2023
1359504,8cf9814c,gt,2023,2023
1359504,efc04be7,gt,2023,2023
1359504,759ac88f,gt,2023,2023
1359504,6b19d823,lsg,2023,2023
1359504,b17e2f24,lsg,2023,2023
1359504,73c18486,lsg,2023,2023
1359504,5b8c830e,lsg,2023,2023
1359504,3241e3fd,lsg,2023,2023
1359504,872b03f7,lsg,2023,2023
1359504,d9273ee7,lsg,2023,2023
1359504,73ad96ed,lsg,2023,2023
1359504,663b5e34,lsg,2023,2023
1359504,df064e1a,lsg,2023,2023
1359504,eef2536f,lsg,2023,2023
1359504,c0c411cb,lsg,2023,2023
1359505,9eb1455b,pbks,2023,2023
1359505,a90e53ec,pbks,2023,2023
1359505,9418198b,pbks,2023,2023
1359505,1ac746c8,pbks,2023,2023
1359505,50c6bc2b,pbks,2023,2023
1359505,28c78fb3,pbks,2023,2023
1359505,e94915e6,pbks,2023,2023
1359505,800d2d97,pbks,2023,2023
1359505,7dcb9bc9,pbks,2023,2023
1359505,c05edf8e,pbks,2023,2023
1359505,244048f6,pbks,2023,2023
1359505,2ed569a0,pbks,2023,2023
1359505,4933f499,mi,2023,2023
1359505,740742ef,mi,2023,2023
1359505,752f7486,mi,2023,2023
1359505,eaa76d3c,mi,2023,2023
1359505,271f83cd,mi,2023,2023
1359505,f1f99156,mi,2023,2023
1359505,b0482a1d,mi,2023,2023
1359505,d1a60072,mi,2023,2023
1359505,5574750c,mi,2023,2023
1359505,44aac2f0,mi,2023,2023
1359505,0c9652b0,mi,2023,2023
1359505,98ae73b1,mi,2023,2023
1359506,f986ca1a,rcb,2023,2023
1359506,ba607b88,rcb,2023,2023
1359506,3355b542,rcb,2023,2023
1359506,f9e6e7ef,rcb,2023,2023
1359506,b681e71e,rcb,2023,2023
1359506,da934ee8,rcb,2023,2023
1359506,c03f1114,rcb,2023,2023
1359506,9385de2e,rcb,2023,2023
1359506,a97c8ec2,rcb,2023,2023
1359506,7f048519,rcb,2023,2023
1359506,54e52590,rcb,2023,2023
1359506,2f49c897,rcb,2023,2023
1359506,6c19c6e5,rr,2023,2023
1359506,99b75528,rr,2023,2023
1359506,2c25d4f5,rr,2023,2023
1359506,a4cc73aa,rr,2023,2023
1359506,48a1d7b7,rr,2023,2023
1359506,bcf325d2,rr,2023,2023
1359506,495d42a5,rr,2023,2023
1359506,cc777ffa,rr,2023,2023
1359506,0f721006,rr,2023,2023
1359506,a818c1be,rr,2023,2023
1359506,ce820073,rr,2023,2023
1359506,57ee1fde,rr,2023,2023
1359507,b483905d,csk,2023,2023
1359507,45a43fe2,csk,2023,2023
1359507,df5a6881,csk,2023,2023
1359507,29e95537,csk,2023,2023
1359507,a4e37e47,csk,2023,2023
1359507,fe93fd9d,csk,2023,2023
1359507,4a8a2e3b,csk,2023,2023
1359507,bb351c23,csk,2023,2023
1359507,70d205c9,csk,2023,2023
1359507,64839cb3,csk,2023,2023
1359507,46a9bea1,csk,2023,2023
1359507,f24c6701,csk,2023,2023
1359507,9440ef41,kkr,2023,2023
1359507,bd54eef5,kkr,2023,2023
1359507,9d430b40,kkr,2023,2023
1359507,a24be938,kkr,2023,2023
1359507,fb2d1dda,kkr,2023,2023
1359507,d1c36f5c,kkr,2023,2023
1359507,0a509d6b,kkr,2023,2023
1359507,bbd41817,kkr,2023,2023
1359507,aa8d28ae,kkr,2023,2023
1359507,cc1e8c68,kkr,2023,2023
1359507,5b7ab5a9,kkr,2023,2023
1359507,fa2f1dde,kkr,2023,2023
1359508,2cffab74,dc,2023,2023
1359508,dcce6f09,dc,2023,2023
1359508,3d284ca3,dc,2023,2023
1359508,3d8feaf8,dc,2023,2023
1359508,f088b960,dc,2023,2023
1359508,93b4fc78,dc,2023,2023
1359508,378daa89,dc,2023,2023
1359508,2e171977,dc,2023,2023
1359508,60500956,dc,2023,2023
1359508,acdc62f5,dc,2023,2023
1359508,8d2c70ad,dc,2023,2023
1359508,5bb1a1c4,dc,2023,2023
1359508,ce794613,srh,2023,2023
1359508,4ae1755b,srh,2023,2023
1359508,00ea847a,srh,2023,2023
1359508,77255a9e,srh,2023,2023
1359508,f29185a1,srh,2023,2023
1359508,6a26221c,srh,2023,2023
1359508,235c2bb6,srh,2023,2023
1359508,f19ccfad,srh,2023,2023
1359508,81c36ee9,srh,2023,2023
1359508,a9fd84fb,srh,2023,2023
1359508,2e81a32d,srh,2023,2023
1359508,81c08fa3,srh,2023,2023
1359509,9061a703,gt,2023,2023
1359509,fe11caa6,gt,2023,2023
1359509,b4b99816,gt,2023,2023
1359509,dbe50b21,gt,2023,2023
1359509,0994d0ae,gt,2023,2023
1359509,d67d5f00,gt,2023,2023
1359509,0890552f,gt,2023,2023
1359509,39a2dfa8,gt,2023,2023
1359509,5f547c8b,gt,2023,2023
1359509,759ac88f,gt,2023,2023
1359509,8cf9814c,gt,2023,2023
1359509,efc04be7,gt,2023,2023
1359509,f6d8a7ab,mi,2023,2023
1359509,740742ef,mi,2023,2023
1359509,752f7486,mi,2023,2023
1359509,eaa76d3c,mi,2023,2023
1359509,b0482a1d,mi,2023,2023
1359509,271f83cd,mi,2023,2023
1359509,f1f99156,mi,2023,2023
1359509,d1a60072,mi,2023,2023
1359509,98ae73b1,mi,2023,2023
1359509,44aac2f0,mi,2023,2023
1359509,4933f499,mi,2023,2023
1359509,64775749,mi,2023,2023
1359510,9440ef41,kkr,2023,2023
1359510,d1c36f5c,kkr,2023,2023
1359510,bd54eef5,kkr,2023,2023
1359510,a24be938,kkr,2023,2023
1359510,fb2d1dda,kkr,2023,2023
1359510,bbd41817,kkr,2023,2023
1359510,0a509d6b,kkr,2023,2023
1359510,aa8d28ae,kkr,2023,2023
1359510,9d430b40,kkr,2023,2023
1359510,7c3b3b78,kkr,2023,2023
1359510,cc1e8c68,kkr,2023,2023
1359510,5b7ab5a9,kkr,2023,2023
1359510,f986ca1a,rcb,2023,2023
1359510,ba607b88,rcb,2023,2023
1359510,3355b542,rcb,2023,2023
1359510,f9e6e7ef,rcb,2023,2023
1359510,b681e71e,rcb,2023,2023
1359510,da934ee8,rcb,2023,2023
1359510,c03f1114,rcb,2023,2023
1359510,9385de2e,rcb,2023,2023
1359510,a97c8ec2,rcb,2023,2023
1359510,7f048519,rcb,2023,2023
1359510,54e52590,rcb,2023,2023
1359510,2f49c897,rcb,2023,2023
1359511,030f3089,rr,2023,2023
1359511,6c19c6e5,rr,2023,2023
1359511,99b75528,rr,2023,2023
1359511,a4cc73aa,rr,2023,2023
1359511,48a1d7b7,rr,2023,2023
1359511,bcf325d2,rr,2023,2023
1359511,2c25d4f5,rr,2023,2023
1359511,495d42a5,rr,2023,2023
1359511,0f721006,rr,2023,2023
1359511,ce820073,rr,2023,2023
1359511,57ee1fde,rr,2023,2023
1359511,14f96089,rr,2023,2023
1359511,b483905d,csk,2023,2023
1359511,45a43fe2,csk,2023,2023
1359511,df5a6881,csk,2023,2023
1359511,29e95537,csk,2023,2023
1359511,a4e37e47,csk,2023,2023
1359511,70d205c9,csk,2023,2023
1359511,bb351c23,csk,2023,2023
1359511,fe93fd9d,csk,2023,2023
1359511,4a8a2e3b,csk,2023,2023
1359511,64839cb3,csk,2023,2023
1359511,46a9bea1,csk,2023,2023
1359511,f24c6701,csk,2023,2023
1359512,6b19d823,lsg,2023,2023
1359512,b17e2f24,lsg,2023,2023
1359512,73c18486,lsg,2023,2023
1359512,872b03f7,lsg,2023,2023
1359512,d9273ee7,lsg,2023,2023
1359512,3241e3fd,lsg,2023,2023
1359512,73ad96ed,lsg,2023,2023
1359512,5b8c830e,lsg,2023,2023
1359512,c0c411cb,lsg,2023,2023
1359512,df064e1a,lsg,2023,2023
1359512,eef2536f,lsg,2023,2023
1359512,4b31f3a3,lsg,2023,2023
1359512,99258814,pbks,2023,2023
1359512,9418198b,pbks,2023,2023
1359512,0a476045,pbks,2023,2023
1359512,1ac746c8,pbks,2023,2023
1359512,26d041c4,pbks,2023,2023
1359512,50c6bc2b,pbks,2023,2023
1359512,e94915e6,pbks,2023,2023
1359512,800d2d97,pbks,2023,2023
1359512,7dcb9bc9,pbks,2023,2023
1359512,2ed569a0,pbks,2023,2023
1359512,e62dd25d,pbks,2023,2023
1359512,244048f6,pbks,2023,2023
1359513,9440ef41,kkr,2023,2023
1359513,bd54eef5,kkr,2023,2023
1359513,0bacade8,kkr,2023,2023
1359513,1abb78f8,kkr,2023,2023
1359513,a24be938,kkr,2023,2023
1359513,fb2d1dda,kkr,2023,2023
1359513,0a509d6b,kkr,2023,2023
1359513,bbd41817,kkr,2023,2023
1359513,aa8d28ae,kkr,2023,2023
1359513,9d430b40,kkr,2023,2023
1359513,77b1aa15,kkr,2023,2023
1359513,5b7ab5a9,kkr,2023,2023
1359513,759ac88f,gt,2023,2023
1359513,fe11caa6,gt,2023,2023
1359513,b4b99816,gt,2023,2023
1359513,dbe50b21,gt,2023,2023
1359513,0994d0ae,gt,2023,2023
1359513,d67d5f00,gt,2023,2023
1359513,0890552f,gt,2023,2023
1359513,39a2dfa8,gt,2023,2023
1359513,5f547c8b,gt,2023,2023
1359513,efc04be7,gt,2023,2023
1359513,8cf9814c,gt,2023,2023
1359513,9061a703,gt,2023,2023
1359514,ce794613,srh,2023,2023
1359514,f29185a1,srh,2023,2023
1359514,00ea847a,srh,2023,2023
1359514,77255a9e,srh,2023,2023
1359514,6a26221c,srh,2023,2023
1359514,4ae1755b,srh,2023,2023
1359514,235c2bb6,srh,2023,2023
1359514,8e514b4c,srh,2023,2023
1359514,4d7f517e,srh,2023,2023
1359514,a9fd84fb,srh,2023,2023
1359514,2e81a32d,srh,2023,2023
1359514,81c08fa3,srh,2023,2023
1359514,5bb1a1c4,dc,2023,2023
1359514,dcce6f09,dc,2023,2023
1359514,3d284ca3,dc,2023,2023
1359514,3d8feaf8,dc,2023,2023
1359514,93b4fc78,dc,2023,2023
1359514,bb965e9a,dc,2023,2023
1359514,f088b960,dc,2023,2023
1359514,2e171977,dc,2023,2023
1359514,60500956,dc,2023,2023
1359514,8d2c70ad,dc,2023,2023
1359514,acdc62f5,dc,2023,2023
1359514,2cffab74,dc,2023,2023
1359515,b483905d,csk,2023,2023
1359515,45a43fe2,csk,2023,2023
1359515,df5a6881,csk,2023,2023
1359515,a4e37e47,csk,2023,2023
1359515,bb351c23,csk,2023,2023
1359515,fe93fd9d,csk,2023,2023
1359515,4a8a2e3b,csk,2023,2023
1359515,29e95537,csk,2023,2023
1359515,64839cb3,csk,2023,2023
1359515,46a9bea1,csk,2023,2023
1359515,f24c6701,csk,2023,2023
1359515,70d205c9,csk,2023,2023
1359515,e62dd25d,pbks,2023,2023
1359515,9418198b,pbks,2023,2023
1359515,0a476045,pbks,2023,2023
1359515,1ac746c8,pbks,2023,2023
1359515,50c6bc2b,pbks,2023,2023
1359515,e94915e6,pbks,2023,2023
1359515,800d2d97,pbks,2023,2023
1359515,7dcb9bc9,pbks,2023,2023
1359515,26d041c4,pbks,2023,2023
1359515,c05edf8e,pbks,2023,2023
1359515,2ed569a0,pbks,2023,2023
1359515,244048f6,pbks,2023,2023
1359516,2e78f685,rr,2023,2023
1359516,6c19c6e5,rr,2023,2023
1359516,99b75528,rr,2023,2023
1359516,a4cc73aa,rr,2023,2023
1359516,2c25d4f5,rr,2023,2023
1359516,0f721006,rr,2023,2023
1359516,48a1d7b7,rr,2023,2023
1359516,bcf325d2,rr,2023,2023
1359516,495d42a5,rr,2023,2023
1359516,a818c1be,rr,2023,2023
1359516,ce820073,rr,2023,2023
1359516,57ee1fde,rr,2023,2023
1359516,740742ef,mi,2023,2023
1359516,752f7486,mi,2023,2023
1359516,eaa76d3c,mi,2023,2023
1359516,271f83cd,mi,2023,2023
1359516,b0482a1d,mi,2023,2023
1359516,f1f99156,mi,2023,2023
1359516,98ae73b1,mi,2023,2023
1359516,5574750c,mi,2023,2023
1359516,f6d8a7ab,mi,2023,2023
1359516,64775749,mi,2023,2023
1359516,12314277,mi,2023,2023
1359517,ba607b88,rcb,2023,2023
1359517,3355b542,rcb,2023,2023
1359517,c8f5f961,rcb,2023,2023
1359517,b681e71e,rcb,2023,2023
1359517,9385de2e,rcb,2023,2023
1359517,c03f1114,rcb,2023,2023
1359517,da934ee8,rcb,2023,2023
1359517,a97c8ec2,rcb,2023,2023
1359517,119678fd,rcb,2023,2023
1359517,2f49c897,rcb,2023,2023
1359517,03806cf8,rcb,2023,2023
1359517,f986ca1a,rcb,2023,2023
1359517,73c18486,lsg,2023,2023
1359517,872b03f7,lsg,2023,2023
1359517,5b8c830e,lsg,2023,2023
1359517,73ad96ed,lsg,2023,2023
1359517,d9273ee7,lsg,2023,2023
1359517,3241e3fd,lsg,2023,2023
1359517,90de905a,lsg,2023,2023
1359517,df064e1a,lsg,2023,2023
1359517,6b19d823,lsg,2023,2023
1359517,c0c411cb,lsg,2023,2023
1359517,b17e2f24,lsg,2023,2023
1359517,4b31f3a3,lsg,2023,2023
1359518,a2f46292,dc,2023,2023
1359518,3d284ca3,dc,2023,2023
1359518,dcce6f09,dc,2023,2023
1359518,bb965e9a,dc,2023,2023
1359518,cad00a4d,dc,2023,2023
1359518,93b4fc78,dc,2023,2023
1359518,2e171977,dc,2023,2023
1359518,378daa89,dc,2023,2023
1359518,60500956,dc,2023,2023
1359518,acdc62f5,dc,2023,2023
1359518,8d2c70ad,dc,2023,2023
1359518,5bb1a1c4,dc,2023,2023
1359518,759ac88f,gt,2023,2023
1359518,fe11caa6,gt,2023,2023
1359518,b4b99816,gt,2023,2023
1359518,dbe50b21,gt,2023,2023
1359518,0994d0ae,gt,2023,2023
1359518,d67d5f00,gt,2023,2023
1359518,0890552f,gt,2023,2023
1359518,39a2dfa8,gt,2023,2023
1359518,5f547c8b,gt,2023,2023
1359518,efc04be7,gt,2023,2023
1359518,8cf9814c,gt,2023,2023
1359518,9061a703,gt,2023,2023
1359519,c03e2850,lsg,2023,2023
1359519,73c18486,lsg,2023,2023
1359519,39ed0d2f,lsg,2023,2023
1359519,5b8c830e,lsg,2023,2023
1359519,d9273ee7,lsg,2023,2023
1359519,3241e3fd,lsg,2023,2023
1359519,872b03f7,lsg,2023,2023
1359519,90de905a,lsg,2023,2023
1359519,c0c411cb,lsg,2023,2023
1359519,df064e1a,lsg,2023,2023
1359519,c33d8116,lsg,2023,2023
1359519,70d205c9,csk,2023,2023
1359519,45a43fe2,csk,2023,2023
1359519,df5a6881,csk,2023,2023
1359519,29e95537,csk,2023,2023
1359519,bb351c23,csk,2023,2023
1359519,a4e37e47,csk,2023,2023
1359519,fe93fd9d,csk,2023,2023
1359519,4a8a2e3b,csk,2023,2023
1359519,64839cb3,csk,2023,2023
1359519,46a9bea1,csk,2023,2023
1359519,f24c6701,csk,2023,2023
1359519,23eeb873,csk,2023,2023
1359520,9eb1455b,pbks,2023,2023
1359520,9418198b,pbks,2023,2023
1359520,0a476045,pbks,2023,2023
1359520,a90e53ec,pbks,2023,2023
1359520,50c6bc2b,pbks,2023,2023
1359520,800d2d97,pbks,2023,2023
1359520,e94915e6,pbks,2023,2023
1359520,7dcb9bc9,pbks,2023,2023
1359520,c05edf8e,pbks,2023,2023
1359520,26a85969,pbks,2023,2023
1359520,2ed569a0,pbks,2023,2023
1359520,244048f6,pbks,2023,2023
1359520,4bd09374,mi,2023,2023
1359520,740742ef,mi,2023,2023
1359520,752f7486,mi,2023,2023
1359520,eaa76d3c,mi,2023,2023
1359520,271f83cd,mi,2023,2023
1359520,f1f99156,mi,2023,2023
1359520,b0482a1d,mi,2023,2023
1359520,d1a60072,mi,2023,2023
1359520,98ae73b1,mi,2023,2023
1359520,5574750c,mi,2023,2023
1359520,f6d8a7ab,mi,2023,2023
1359520,12314277,mi,2023,2023
1359521,d1c36f5c,kkr,2023,2023
1359521,0bacade8,kkr,2023,2023
1359521,a24be938,kkr,2023,2023
1359521,fb2d1dda,kkr,2023,2023
1359521,0a509d6b,kkr,2023,2023
1359521,bbd41817,kkr,2023,2023
1359521,9d430b40,kkr,2023,2023
1359521,1abb78f8,kkr,2023,2023
1359521,e4cdf230,kkr,2023,2023
1359521,77b1aa15,kkr,2023,2023
1359521,7c3b3b78,kkr,2023,2023
1359521,5b7ab5a9,kkr,2023,2023
1359521,ce794613,srh,2023,2023
1359521,f29185a1,srh,2023,2023
1359521,00ea847a,srh,2023,2023
1359521,77255a9e,srh,2023,2023
1359521,6a26221c,srh,2023,2023
1359521,4ae1755b,srh,2023,2023
1359521,235c2bb6,srh,2023,2023
1359521,8e514b4c,srh,2023,2023
1359521,81c36ee9,srh,2023,2023
1359521,2e81a32d,srh,2023,2023
1359521,a9fd84fb,srh,2023,2023
1359521,5d2eea49,srh,2023,2023
1359522,6c19c6e5,rr,2023,2023
1359522,99b75528,rr,2023,2023
1359522,a4cc73aa,rr,2023,2023
1359522,2c25d4f5,rr,2023,2023
1359522,495d42a5,rr,2023,2023
1359522,04a418e8,rr,2023,2023
1359522,48a1d7b7,rr,2023,2023
1359522,bcf325d2,rr,2023,2023
1359522,a818c1be,rr,2023,2023
1359522,14f96089,rr,2023,2023
1359522,ce820073,rr,2023,2023
1359522,57ee1fde,rr,2023,2023
1359522,759ac88f,gt,2023,2023
1359522,fe11caa6,gt,2023,2023
1359522,b4b99816,gt,2023,2023
1359522,dbe50b21,gt,2023,2023
1359522,5f547c8b,gt,2023,2023
1359522,d67d5f00,gt,2023,2023
1359522,0994d0ae,gt,2023,2023
1359522,39a2dfa8,gt,2023,2023
1359522,0890552f,gt,2023,2023
1359522,efc04be7,gt,2023,2023
1359522,8cf9814c,gt,2023,2023
1359522,9061a703,gt,2023,2023
1359523,266849c1,mi,2023,2023
1359523,eaa76d3c,mi,2023,2023
1359523,752f7486,mi,2023,2023
1359523,740742ef,mi,2023,2023
1359523,d1a60072,mi,2023,2023
1359523,271f83cd,mi,2023,2023
1359523,85b3fab2,mi,2023,2023
1359523,f1f99156,mi,2023,2023
1359523,12314277,mi,2023,2023
1359523,5574750c,mi,2023,2023
1359523,98ae73b1,mi,2023,2023
1359523,4bd09374,mi,2023,2023
1359523,f24c6701,csk,2023,2023
1359523,45a43fe2,csk,2023,2023
1359523,df5a6881,csk,2023,2023
1359523,29e95537,csk,2023,2023
1359523,70d205c9,csk,2023,2023
1359523,a4e37e47,csk,2023,2023
1359523,4a8a2e3b,csk,2023,2023
1359523,bb351c23,csk,2023,2023
1359523,fe93fd9d,csk,2023,2023
1359523,23eeb873,csk,2023,2023
1359523,64839cb3,csk,2023,2023
1359523,46a9bea1,csk,2023,2023
1359524,f986ca1a,rcb,2023,2023
1359524,ba607b88,rcb,2023,2023
1359524,3355b542,rcb,2023,2023
1359524,b681e71e,rcb,2023,2023
1359524,da934ee8,rcb,2023,2023
1359524,c03f1114,rcb,2023,2023
1359524,c8f5f961,rcb,2023,2023
1359524,99d63244,rcb,2023,2023
1359524,a97c8ec2,rcb,2023,2023
1359524,119678fd,rcb,2023,2023
1359524,2f49c897,rcb,2023,2023
1359524,03806cf8,rcb,2023,2023
1359524,5bb1a1c4,dc,2023,2023
1359524,dcce6f09,dc,2023,2023
1359524,3d284ca3,dc,2023,2023
1359524,3d8feaf8,dc,2023,2023
1359524,cad00a4d,dc,2023,2023
1359524,2e171977,dc,2023,2023
1359524,378daa89,dc,2023,2023
1359524,93b4fc78,dc,2023,2023
1359524,8d2c70ad,dc,2023,2023
1359524,2cffab74,dc,2023,2023
1359524,a2f46292,dc,2023,2023
1359524,60500956,dc,2023,2023
1359525,b0946605,gt,2023,2023
1359525,fe11caa6,gt,2023,2023
1359525,b4b99816,gt,2023,2023
1359525,dbe50b21,gt,2023,2023
1359525,d67d5f00,gt,2023,2023
1359525,0994d0ae,gt,2023,2023
1359525,5f547c8b,gt,2023,2023
1359525,39a2dfa8,gt,2023,2023
1359525,0890552f,gt,2023,2023
1359525,759ac88f,gt,2023,2023
1359525,8cf9814c,gt,2023,2023
1359525,efc04be7,gt,2023,2023
1359525,4b31f3a3,lsg,2023,2023
1359525,73c18486,lsg,2023,2023
1359525,372455c4,lsg,2023,2023
1359525,73ad96ed,lsg,2023,2023
1359525,d9273ee7,lsg,2023,2023
1359525,3241e3fd,lsg,2023,2023
1359525,872b03f7,lsg,2023,2023
1359525,983f2f61,lsg,2023,2023
1359525,5b8c830e,lsg,2023,2023
1359525,df064e1a,lsg,2023,2023
1359525,c33d8116,lsg,2023,2023
1359525,eef2536f,lsg,2023,2023
1359526,529eb9e0,rr,2023,2023
1359526,6c19c6e5,rr,2023,2023
1359526,99b75528,rr,2023,2023
1359526,a4cc73aa,rr,2023,2023
1359526,48a1d7b7,rr,2023,2023
1359526,a343262c,rr,2023,2023
1359526,bcf325d2,rr,2023,2023
1359526,495d42a5,rr,2023,2023
1359526,ce820073,rr,2023,2023
1359526,e2db2409,rr,2023,2023
1359526,030f3089,rr,2023,2023
1359526,57ee1fde,rr,2023,2023
1359526,ce794613,srh,2023,2023
1359526,1399b39c,srh,2023,2023
1359526,f29185a1,srh,2023,2023
1359526,77255a9e,srh,2023,2023
1359526,235c2bb6,srh,2023,2023
1359526,6a26221c,srh,2023,2023
1359526,9a46c4e5,srh,2023,2023
1359526,8e514b4c,srh,2023,2023
1359526,81c36ee9,srh,2023,2023
1359526,1b7b0fa7,srh,2023,2023
1359526,a9fd84fb,srh,2023,2023
1359526,2e81a32d,srh,2023,2023
1359527,9eb1455b,pbks,2023,2023
1359527,9418198b,pbks,2023,2023
1359527,0a476045,pbks,2023,2023
1359527,6c882e9a,pbks,2023,2023
1359527,50c6bc2b,pbks,2023,2023
1359527,800d2d97,pbks,2023,2023
1359527,e94915e6,pbks,2023,2023
1359527,26a85969,pbks,2023,2023
1359527,7dcb9bc9,pbks,2023,2023
1359527,c05edf8e,pbks,2023,2023
1359527,2ed569a0,pbks,2023,2023
1359527,244048f6,pbks,2023,2023
1359527,9440ef41,kkr,2023,2023
1359527,d1c36f5c,kkr,2023,2023
1359527,0bacade8,kkr,2023,2023
1359527,fb2d1dda,kkr,2023,2023
1359527,a24be938,kkr,2023,2023
1359527,bbd41817,kkr,2023,2023
1359527,0a509d6b,kkr,2023,2023
1359527,1abb78f8,kkr,2023,2023
1359527,9d430b40,kkr,2023,2023
1359527,77b1aa15,kkr,2023,2023
1359527,7c3b3b78,kkr,2023,2023
1359527,5b7ab5a9,kkr,2023,2023
1359528,ba607b88,rcb,2023,2023
1359528,3355b542,rcb,2023,2023
1359528,c8f5f961,rcb,2023,2023
1359528,b681e71e,rcb,2023,2023
1359528,da934ee8,rcb,2023,2023
1359528,c03f1114,rcb,2023,2023
1359528,99d63244,rcb,2023,2023
1359528,a97c8ec2,rcb,2023,2023
1359528,03806cf8,rcb,2023,2023
1359528,2f49c897,rcb,2023,2023
1359528,54e52590,rcb,2023,2023
1359528,f986ca1a,rcb,2023,2023
1359528,752f7486,mi,2023,2023
1359528,740742ef,mi,2023,2023
1359528,271f83cd,mi,2023,2023
1359528,d1a60072,mi,2023,2023
1359528,f1f99156,mi,2023,2023
1359528,eaa76d3c,mi,2023,2023
1359528,ffe699c0,mi,2023,2023
1359528,98ae73b1,mi,2023,2023
1359528,4933f499,mi,2023,2023
1359528,f6d8a7ab,mi,2023,2023
1359528,4bd09374,mi,2023,2023
1359529,64839cb3,csk,2023,2023
1359529,45a43fe2,csk,2023,2023
1359529,df5a6881,csk,2023,2023
1359529,29e95537,csk,2023,2023
1359529,bb351c23,csk,2023,2023
1359529,a4e37e47,csk,2023,2023
1359529,70d205c9,csk,2023,2023
1359529,fe93fd9d,csk,2023,2023
1359529,4a8a2e3b,csk,2023,2023
1359529,23eeb873,csk,2023,2023
1359529,46a9bea1,csk,2023,2023
1359529,f24c6701,csk,2023,2023
1359529,a2f46292,dc,2023,2023
1359529,dcce6f09,dc,2023,2023
1359529,3d284ca3,dc,2023,2023
1359529,3d8feaf8,dc,2023,2023
1359529,93b4fc78,dc,2023,2023
1359529,cad00a4d,dc,2023,2023
1359529,60500956,dc,2023,2023
1359529,2e171977,dc,2023,2023
1359529,378daa89,dc,2023,2023
1359529,ad427b5c,dc,2023,2023
1359529,8d2c70ad,dc,2023,2023
1359529,5bb1a1c4,dc,2023,2023
1359530,9440ef41,kkr,2023,2023
1359530,d1c36f5c,kkr,2023,2023
1359530,0bacade8,kkr,2023,2023
1359530,a24be938,kkr,2023,2023
1359530,fb2d1dda,kkr,2023,2023
1359530,bbd41817,kkr,2023,2023
1359530,0a509d6b,kkr,2023,2023
1359530,1abb78f8,kkr,2023,2023
1359530,e4cdf230,kkr,2023,2023
1359530,9d430b40,kkr,2023,2023
1359530,77b1aa15,kkr,2023,2023
1359530,5b7ab5a9,kkr,2023,2023
1359530,6c19c6e5,rr,2023,2023
1359530,99b75528,rr,2023,2023
1359530,a4cc73aa,rr,2023,2023
1359530,a343262c,rr,2023,2023
1359530,bcf325d2,rr,2023,2023
1359530,48a1d7b7,rr,2023,2023
1359530,495d42a5,rr,2023,2023
1359530,ce820073,rr,2023,2023
1359530,798cc28e,rr,2023,2023
1359530,a818c1be,rr,2023,2023
1359530,57ee1fde,rr,2023,2023
1359531,4bd09374,mi,2023,2023
1359531,752f7486,mi,2023,2023
1359531,740742ef,mi,2023,2023
1359531,271f83cd,mi,2023,2023
1359531,d1a60072,mi,2023,2023
1359531,0494fa6e,mi,2023,2023
1359531,f1f99156,mi,2023,2023
1359531,eaa76d3c,mi,2023,2023
1359531,ffe699c0,mi,2023,2023
1359531,98ae73b1,mi,2023,2023
1359531,4933f499,mi,2023,2023
1359531,f6d8a7ab,mi,2023,2023
1359531,759ac88f,gt,2023,2023
1359531,fe11caa6,gt,2023,2023
1359531,b4b99816,gt,2023,2023
1359531,dbe50b21,gt,2023,2023
1359531,0994d0ae,gt,2023,2023
1359531,d67d5f00,gt,2023,2023
1359531,0890552f,gt,2023,2023
1359531,39a2dfa8,gt,2023,2023
1359531,5f547c8b,gt,2023,2023
1359531,efc04be7,gt,2023,2023
1359531,b0946605,gt,2023,2023
1359531,8cf9814c,gt,2023,2023
1359532,1b7b0fa7,srh,2023,2023
1359532,1399b39c,srh,2023,2023
1359532,f29185a1,srh,2023,2023
1359532,77255a9e,srh,2023,2023
1359532,6a26221c,srh,2023,2023
1359532,235c2bb6,srh,2023,2023
1359532,9a46c4e5,srh,2023,2023
1359532,8e514b4c,srh,2023,2023
1359532,2e81a32d,srh,2023,2023
1359532,ce794613,srh,2023,2023
1359532,a9fd84fb,srh,2023,2023
1359532,e9c7f0d0,srh,2023,2023
1359532,6b19d823,lsg,2023,2023
1359532,73c18486,lsg,2023,2023
1359532,372455c4,lsg,2023,2023
1359532,663b5e34,lsg,2023,2023
1359532,d9273ee7,lsg,2023,2023
1359532,3241e3fd,lsg,2023,2023
1359532,5b8c830e,lsg,2023,2023
1359532,4b31f3a3,lsg,2023,2023
1359532,df064e1a,lsg,2023,2023
1359532,4885bbe6,lsg,2023,2023
1359532,eef2536f,lsg,2023,2023
1359532,872b03f7,lsg,2023,2023
1359533,9eb1455b,pbks,2023,2023
1359533,9418198b,pbks,2023,2023
1359533,0a476045,pbks,2023,2023
1359533,50c6bc2b,pbks,2023,2023
1359533,800d2d97,pbks,2023,2023
1359533,e94915e6,pbks,2023,2023
1359533,c05edf8e,pbks,2023,2023
1359533,7dcb9bc9,pbks,2023,2023
1359533,26d041c4,pbks,2023,2023
1359533,26a85969,pbks,2023,2023
1359533,2ed569a0,pbks,2023,2023
1359533,244048f6,pbks,2023,2023
1359533,a2f46292,dc,2023,2023
1359533,dcce6f09,dc,2023,2023
1359533,3d284ca3,dc,2023,2023
1359533,3d8feaf8,dc,2023,2023
1359533,cad00a4d,dc,2023,2023
1359533,2e171977,dc,2023,2023
1359533,93b4fc78,dc,2023,2023
1359533,378daa89,dc,2023,2023
1359533,ed5a5510,dc,2023,2023
1359533,8d2c70ad,dc,2023,2023
1359533,2cffab74,dc,2023,2023
1359533,5bb1a1c4,dc,2023,2023
1359534,f9e6e7ef,rcb,2023,2023
1359534,ba607b88,rcb,2023,2023
1359534,3355b542,rcb,2023,2023
1359534,b681e71e,rcb,2023,2023
1359534,da934ee8,rcb,2023,2023
1359534,c03f1114,rcb,2023,2023
1359534,e38bce7a,rcb,2023,2023
1359534,c8f5f961,rcb,2023,2023
1359534,3a60e0b5,rcb,2023,2023
1359534,119678fd,rcb,2023,2023
1359534,f986ca1a,rcb,2023,2023
1359534,2f49c897,rcb,2023,2023
1359534,57ee1fde,rr,2023,2023
1359534,6c19c6e5,rr,2023,2023
1359534,99b75528,rr,2023,2023
1359534,a4cc73aa,rr,2023,2023
1359534,a343262c,rr,2023,2023
1359534,2c25d4f5,rr,2023,2023
1359534,48a1d7b7,rr,2023,2023
1359534,bcf325d2,rr,2023,2023
1359534,495d42a5,rr,2023,2023
1359534,14f96089,rr,2023,2023
1359534,ce820073,rr,2023,2023
1359534,798cc28e,rr,2023,2023
1359535,64839cb3,csk,2023,2023
1359535,45a43fe2,csk,2023,2023
1359535,df5a6881,csk,2023,2023
1359535,29e95537,csk,2023,2023
1359535,70d205c9,csk,2023,2023
1359535,a4e37e47,csk,2023,2023
1359535,bb351c23,csk,2023,2023
1359535,fe93fd9d,csk,2023,2023
1359535,4a8a2e3b,csk,2023,2023
1359535,23eeb873,csk,2023,2023
1359535,46a9bea1,csk,2023,2023
1359535,f24c6701,csk,2023,2023
1359535,9440ef41,kkr,2023,2023
1359535,d1c36f5c,kkr,2023,2023
1359535,0bacade8,kkr,2023,2023
1359535,a24be938,kkr,2023,2023
1359535,fb2d1dda,kkr,2023,2023
1359535,0a509d6b,kkr,2023,2023
1359535,bbd41817,kkr,2023,2023
1359535,1abb78f8,kkr,2023,2023
1359535,9d430b40,kkr,2023,2023
1359535,7c3b3b78,kkr,2023,2023
1359535,77b1aa15,kkr,2023,2023
1359535,5b7ab5a9,kkr,2023,2023
1359536,7210d461,gt,2023,2023
1359536,fe11caa6,gt,2023,2023
1359536,b4b99816,gt,2023,2023
1359536,d5130a30,gt,2023,2023
1359536,dbe50b21,gt,2023,2023
1359536,d67d5f00,gt,2023,2023
1359536,39a2dfa8,gt,2023,2023
1359536,3ff033bb,gt,2023,2023
1359536,5f547c8b,gt,2023,2023
1359536,efc04be7,gt,2023,2023
1359536,8cf9814c,gt,2023,2023
1359536,759ac88f,gt,2023,2023
1359536,ce794613,srh,2023,2023
1359536,1399b39c,srh,2023,2023
1359536,f29185a1,srh,2023,2023
1359536,6a26221c,srh,2023,2023
1359536,77255a9e,srh,2023,2023
1359536,235c2bb6,srh,2023,2023
1359536,b0f2baf4,srh,2023,2023
1359536,8e514b4c,srh,2023,2023
1359536,81c36ee9,srh,2023,2023
1359536,2e81a32d,srh,2023,2023
1359536,a9fd84fb,srh,2023,2023
1359536,e9c7f0d0,srh,2023,2023
1359537,4b31f3a3,lsg,2023,2023
1359537,73ad96ed,lsg,2023,2023
1359537,372455c4,lsg,2023,2023
1359537,663b5e34,lsg,2023,2023
1359537,5b8c830e,lsg,2023,2023
1359537,d9273ee7,lsg,2023,2023
1359537,3241e3fd,lsg,2023,2023
1359537,872b03f7,lsg,2023,2023
1359537,c0c411cb,lsg,2023,2023
1359537,df064e1a,lsg,2023,2023
1359537,983f2f61,lsg,2023,2023
1359537,c33d8116,lsg,2023,2023
1359537,4bd09374,mi,2023,2023
1359537,752f7486,mi,2023,2023
1359537,740742ef,mi,2023,2023
1359537,271f83cd,mi,2023,2023
1359537,d1a60072,mi,2023,2023
1359537,f1f99156,mi,2023,2023
1359537,0494fa6e,mi,2023,2023
1359537,eaa76d3c,mi,2023,2023
1359537,ffe699c0,mi,2023,2023
1359537,0c9652b0,mi,2023,2023
1359537,98ae73b1,mi,2023,2023
1359537,4933f499,mi,2023,2023
1359538,2cffab74,dc,2023,2023
1359538,dcce6f09,dc,2023,2023
1359538,8b3e9c7c,dc,2023,2023
1359538,cad00a4d,dc,2023,2023
1359538,3d284ca3,dc,2023,2023
1359538,2e171977,dc,2023,2023
1359538,378daa89,dc,2023,2023
1359538,dd7e9b3b,dc,2023,2023
1359538,8d2c70ad,dc,2023,2023
1359538,acdc62f5,dc,2023,2023
1359538,5bb1a1c4,dc,2023,2023
1359538,a2f46292,dc,2023,2023
1359538,9eb1455b,pbks,2023,2023
1359538,9418198b,pbks,2023,2023
1359538,0a476045,pbks,2023,2023
1359538,1ac746c8,pbks,2023,2023
1359538,50c6bc2b,pbks,2023,2023
1359538,800d2d97,pbks,2023,2023
1359538,7dcb9bc9,pbks,2023,2023
1359538,e94915e6,pbks,2023,2023
1359538,c05edf8e,pbks,2023,2023
1359538,2ed569a0,pbks,2023,2023
1359538,e62dd25d,pbks,2023,2023
1359538,244048f6,pbks,2023,2023
1359539,ce794613,srh,2023,2023
1359539,f29185a1,srh,2023,2023
1359539,77255a9e,srh,2023,2023
1359539,6a26221c,srh,2023,2023
1359539,235c2bb6,srh,2023,2023
1359539,4ae1755b,srh,2023,2023
1359539,9a46c4e5,srh,2023,2023
1359539,8e514b4c,srh,2023,2023
1359539,2e81a32d,srh,2023,2023
1359539,5d2eea49,srh,2023,2023
1359539,a457cfb5,srh,2023,2023
1359539,aad0c365,srh,2023,2023
1359539,ba607b88,rcb,2023,2023
1359539,3355b542,rcb,2023,2023
1359539,b681e71e,rcb,2023,2023
1359539,e38bce7a,rcb,2023,2023
1359539,da934ee8,rcb,2023,2023
1359539,c8f5f961,rcb,2023,2023
1359539,f9e6e7ef,rcb,2023,2023
1359539,f986ca1a,rcb,2023,2023
1359539,3a60e0b5,rcb,2023,2023
1359539,119678fd,rcb,2023,2023
1359539,2f49c897,rcb,2023,2023
1359540,9eb1455b,pbks,2023,2023
1359540,9418198b,pbks,2023,2023
1359540,0a476045,pbks,2023,2023
1359540,1ac746c8,pbks,2023,2023
1359540,50c6bc2b,pbks,2023,2023
1359540,e94915e6,pbks,2023,2023
1359540,800d2d97,pbks,2023,2023
1359540,7dcb9bc9,pbks,2023,2023
1359540,c05edf8e,pbks,2023,2023
1359540,2ed569a0,pbks,2023,2023
1359540,e62dd25d,pbks,2023,2023
1359540,244048f6,pbks,2023,2023
1359540,57ee1fde,rr,2023,2023
1359540,6c19c6e5,rr,2023,2023
1359540,99b75528,rr,2023,2023
1359540,2c25d4f5,rr,2023,2023
1359540,a4cc73aa,rr,2023,2023
1359540,48a1d7b7,rr,2023,2023
1359540,04a418e8,rr,2023,2023
1359540,bcf325d2,rr,2023,2023
1359540,a818c1be,rr,2023,2023
1359540,14f96089,rr,2023,2023
1359540,21d4e29b,rr,2023,2023
1359540,ce820073,rr,2023,2023
1359541,64839cb3,csk,2023,2023
1359541,45a43fe2,csk,2023,2023
1359541,df5a6881,csk,2023,2023
1359541,a4e37e47,csk,2023,2023
1359541,4a8a2e3b,csk,2023,2023
1359541,fe93fd9d,csk,2023,2023
1359541,29e95537,csk,2023,2023
1359541,bb351c23,csk,2023,2023
1359541,70d205c9,csk,2023,2023
1359541,23eeb873,csk,2023,2023
1359541,46a9bea1,csk,2023,2023
1359541,f24c6701,csk,2023,2023
1359541,a2f46292,dc,2023,2023
1359541,8b3e9c7c,dc,2023,2023
1359541,dcce6f09,dc,2023,2023
1359541,3d284ca3,dc,2023,2023
1359541,cad00a4d,dc,2023,2023
1359541,dd7e9b3b,dc,2023,2023
1359541,2e171977,dc,2023,2023
1359541,378daa89,dc,2023,2023
1359541,ad427b5c,dc,2023,2023
1359541,acdc62f5,dc,2023,2023
1359541,8d2c70ad,dc,2023,2023
1359541,2cdce1be,dc,2023,2023
1359542,4b31f3a3,lsg,2023,2023
1359542,39ed0d2f,lsg,2023,2023
1359542,372455c4,lsg,2023,2023
1359542,663b5e34,lsg,2023,2023
1359542,d9273ee7,lsg,2023,2023
1359542,5b8c830e,lsg,2023,2023
1359542,872b03f7,lsg,2023,2023
1359542,3241e3fd,lsg,2023,2023
1359542,90de905a,lsg,2023,2023
1359542,df064e1a,lsg,2023,2023
1359542,c0c411cb,lsg,2023,2023
1359542,c33d8116,lsg,2023,2023
1359542,77b1aa15,kkr,2023,2023
1359542,d1c36f5c,kkr,2023,2023
1359542,a24be938,kkr,2023,2023
1359542,fb2d1dda,kkr,2023,2023
1359542,0bacade8,kkr,2023,2023
1359542,0a509d6b,kkr,2023,2023
1359542,bbd41817,kkr,2023,2023
1359542,1abb78f8,kkr,2023,2023
1359542,9d430b40,kkr,2023,2023
1359542,7c3b3b78,kkr,2023,2023
1359542,5b7ab5a9,kkr,2023,2023
1359542,9440ef41,kkr,2023,2023
1359543,5d2eea49,srh,2023,2023
1359543,1b7b0fa7,srh,2023,2023
1359543,00ea847a,srh,2023,2023
1359543,235c2bb6,srh,2023,2023
1359543,9a46c4e5,srh,2023,2023
1359543,6a26221c,srh,2023,2023
1359543,4ae1755b,srh,2023,2023
1359543,b0f2baf4,srh,2023,2023
1359543,aad0c365,srh,2023,2023
1359543,a457cfb5,srh,2023,2023
1359543,2e81a32d,srh,2023,2023
1359543,81c08fa3,srh,2023,2023
1359543,752f7486,mi,2023,2023
1359543,740742ef,mi,2023,2023
1359543,eaa76d3c,mi,2023,2023
1359543,271f83cd,mi,2023,2023
1359543,f1f99156,mi,2023,2023
1359543,d1a60072,mi,2023,2023
1359543,ffe699c0,mi,2023,2023
1359543,98ae73b1,mi,2023,2023
1359543,4933f499,mi,2023,2023
1359543,f6d8a7ab,mi,2023,2023
1359543,4bd09374,mi,2023,2023
1359544,52294a79,rcb,2023,2023
1359544,ba607b88,rcb,2023,2023
1359544,3355b542,rcb,2023,2023
1359544,b681e71e,rcb,2023,2023
1359544,da934ee8,rcb,2023,2023
1359544,e38bce7a,rcb,2023,2023
1359544,c03f1114,rcb,2023,2023
1359544,c8f5f961,rcb,2023,2023
1359544,f986ca1a,rcb,2023,2023
1359544,3a60e0b5,rcb,2023,2023
1359544,54e52590,rcb,2023,2023
1359544,2f49c897,rcb,2023,2023
1359544,7210d461,gt,2023,2023
1359544,fe11caa6,gt,2023,2023
1359544,b4b99816,gt,2023,2023
1359544,0994d0ae,gt,2023,2023
1359544,3ff033bb,gt,2023,2023
1359544,d67d5f00,gt,2023,2023
1359544,39a2dfa8,gt,2023,2023
1359544,dbe50b21,gt,2023,2023
1359544,5f547c8b,gt,2023,2023
1359544,efc04be7,gt,2023,2023
1359544,8cf9814c,gt,2023,2023
1359544,759ac88f,gt,2023,2023
1370350,64839cb3,csk,2023,2023
1370350,45a43fe2,csk,2023,2023
1370350,df5a6881,csk,2023,2023
1370350,a4e37e47,csk,2023,2023
1370350,29e95537,csk,2023,2023
1370350,70d205c9,csk,2023,2023
1370350,fe93fd9d,csk,2023,2023
1370350,4a8a2e3b,csk,2023,2023
1370350,bb351c23,csk,2023,2023
1370350,23eeb873,csk,2023,2023
1370350,46a9bea1,csk,2023,2023
1370350,f24c6701,csk,2023,2023
1370350,759ac88f,gt,2023,2023
1370350,fe11caa6,gt,2023,2023
1370350,b4b99816,gt,2023,2023
1370350,dbe50b21,gt,2023,2023
1370350,3ff033bb,gt,2023,2023
1370350,d67d5f00,gt,2023,2023
1370350,0994d0ae,gt,2023,2023
1370350,39a2dfa8,gt,2023,2023
1370350,5f547c8b,gt,2023,2023
1370350,cd8d2859,gt,2023,2023
1370350,efc04be7,gt,2023,2023
1370350,8cf9814c,gt,2023,2023
1370351,752f7486,mi,2023,2023
1370351,740742ef,mi,2023,2023
1370351,eaa76d3c,mi,2023,2023
1370351,271f83cd,mi,2023,2023
1370351,b0482a1d,mi,2023,2023
1370351,f1f99156,mi,2023,2023
1370351,d1a60072,mi,2023,2023
1370351,ffe699c0,mi,2023,2023
1370351,0c9652b0,mi,2023,2023
1370351,98ae73b1,mi,2023,2023
1370351,4933f499,mi,2023,2023
1370351,4bd09374,mi,2023,2023
1370351,4b31f3a3,lsg,2023,2023
1370351,73c18486,lsg,2023,2023
1370351,663b5e34,lsg,2023,2023
1370351,5b8c830e,lsg,2023,2023
1370351,d9273ee7,lsg,2023,2023
1370351,872b03f7,lsg,2023,2023
1370351,3241e3fd,lsg,2023,2023
1370351,73ad96ed,lsg,2023,2023
1370351,90de905a,lsg,2023,2023
1370351,df064e1a,lsg,2023,2023
1370351,c0c411cb,lsg,2023,2023
1370351,c33d8116,lsg,2023,2023
1370352,9061a703,gt,2023,2023
1370352,fe11caa6,gt,2023,2023
1370352,b4b99816,gt,2023,2023
1370352,d5130a30,gt,2023,2023
1370352,dbe50b21,gt,2023,2023
1370352,5f547c8b,gt,2023,2023
1370352,d67d5f00,gt,2023,2023
1370352,39a2dfa8,gt,2023,2023
1370352,0994d0ae,gt,2023,2023
1370352,efc04be7,gt,2023,2023
1370352,8cf9814c,gt,2023,2023
1370352,759ac88f,gt,2023,2023
1370352,752f7486,mi,2023,2023
1370352,4bd09374,mi,2023,2023
1370352,740742ef,mi,2023,2023
1370352,d1a60072,mi,2023,2023
1370352,eaa76d3c,mi,2023,2023
1370352,271f83cd,mi,2023,2023
1370352,b0482a1d,mi,2023,2023
1370352,0494fa6e,mi,2023,2023
1370352,f1f99156,mi,2023,2023
1370352,ffe699c0,mi,2023,2023
1370352,98ae73b1,mi,2023,2023
1370352,f6d8a7ab,mi,2023,2023
1370352,4933f499,mi,2023,2023
1370353,fe11caa6,gt,2023,2023
1370353,b4b99816,gt,2023,2023
1370353,d5130a30,gt,2023,2023
1370353,dbe50b21,gt,2023,2023
1370353,5f547c8b,gt,2023,2023
1370353,0994d0ae,gt,2023,2023
1370353,d67d5f00,gt,2023,2023
1370353,39a2dfa8,gt,2023,2023
1370353,759ac88f,gt,2023,2023
1370353,efc04be7,gt,2023,2023
1370353,8cf9814c,gt,2023,2023
1370353,9061a703,gt,2023,2023
1370353,45a43fe2,csk,2023,2023
1370353,df5a6881,csk,2023,2023
1370353,a4e37e47,csk,2023,2023
1370353,29e95537,csk,2023,2023
1370353,70d205c9,csk,2023,2023
1370353,4a8a2e3b,csk,2023,2023
1370353,fe93fd9d,csk,2023,2023
1370353,bb351c23,csk,2023,2023
1370353,23eeb873,csk,2023,2023
1370353,64839cb3,csk,2023,2023
1370353,46a9bea1,csk,2023,2023
1370353,f24c6701,csk,2023,2023
1422119,ba607b88,rcb,2024,2024
1422119,3355b542,rcb,2024,2024
1422119,c740ea83,rcb,2024,2024
1422119,b681e71e,rcb,2024,2024
1422119,eaa76d3c,rcb,2024,2024
1422119,c8f5f961,rcb,2024,2024
1422119,c03f1114,rcb,2024,2024
1422119,119678fd,rcb,2024,2024
1422119,b0946605,rcb,2024,2024
1422119,a457cfb5,rcb,2024,2024
1422119,2f49c897,rcb,2024,2024
1422119,7210d461,rcb,2024,2024
1422119,45a43fe2,csk,2024,2024
1422119,ba5e1069,csk,2024,2024
1422119,29e95537,csk,2024,2024
1422119,eade4650,csk,2024,2024
1422119,a4e37e47,csk,2024,2024
1422119,fe93fd9d,csk,2024,2024
1422119,f89d3b11,csk,2024,2024
1422119,4a8a2e3b,csk,2024,2024
1422119,23eeb873,csk,2024,2024
1422119,f24c6701,csk,2024,2024
1422119,46a9bea1,csk,2024,2024
1422119,0a8fce53,csk,2024,2024
1422120,dcce6f09,dc,2024,2024
1422120,3d8feaf8,dc,2024,2024
1422120,1fc6ef83,dc,2024,2024
1422120,919a3be2,dc,2024,2024
1422120,b63e358a,dc,2024,2024
1422120,85b3fab2,dc,2024,2024
1422120,2e171977,dc,2024,2024
1422120,8998a68f,dc,2024,2024
1422120,ad3b6e95,dc,2024,2024
1422120,8d2c70ad,dc,2024,2024
1422120,a2f46292,dc,2024,2024
1422120,5bb1a1c4,dc,2024,2024
1422120,244048f6,pbks,2024,2024
1422120,0a476045,pbks,2024,2024
1422120,abb83e27,pbks,2024,2024
1422120,9418198b,pbks,2024,2024
1422120,e94915e6,pbks,2024,2024
1422120,800d2d97,pbks,2024,2024
1422120,50c6bc2b,pbks,2024,2024
1422120,26989d80,pbks,2024,2024
1422120,c05edf8e,pbks,2024,2024
1422120,f986ca1a,pbks,2024,2024
1422120,e62dd25d,pbks,2024,2024
1422120,2ed569a0,pbks,2024,2024
1422121,9440ef41,kkr,2024,2024
1422121,3d284ca3,kkr,2024,2024
1422121,9d430b40,kkr,2024,2024
1422121,a24be938,kkr,2024,2024
1422121,85ec8e33,kkr,2024,2024
1422121,fb2d1dda,kkr,2024,2024
1422121,be24ead0,kkr,2024,2024
1422121,0a509d6b,kkr,2024,2024
1422121,bbd41817,kkr,2024,2024
1422121,3fb19989,kkr,2024,2024
1422121,77b1aa15,kkr,2024,2024
1422121,5b7ab5a9,kkr,2024,2024
1422121,ce794613,srh,2024,2024
1422121,00ea847a,srh,2024,2024
1422121,f29185a1,srh,2024,2024
1422121,77255a9e,srh,2024,2024
1422121,6a26221c,srh,2024,2024
1422121,235c2bb6,srh,2024,2024
1422121,8e514b4c,srh,2024,2024
1422121,f9e6e7ef,srh,2024,2024
1422121,81c36ee9,srh,2024,2024
1422121,ded9240e,srh,2024,2024
1422121,2e81a32d,srh,2024,2024
1422121,a9fd84fb,srh,2024,2024
1422122,6c19c6e5,rr,2024,2024
1422122,99b75528,rr,2024,2024
1422122,a4cc73aa,rr,2024,2024
1422122,04a418e8,rr,2024,2024
1422122,48a1d7b7,rr,2024,2024
1422122,bcf325d2,rr,2024,2024
1422122,495d42a5,rr,2024,2024
1422122,ce820073,rr,2024,2024
1422122,57ee1fde,rr,2024,2024
1422122,eef2536f,rr,2024,2024
1422122,a818c1be,rr,2024,2024
1422122,465aa633,rr,2024,2024
1422122,372455c4,lsg,2024,2024
1422122,b17e2f24,lsg,2024,2024
1422122,2c25d4f5,lsg,2024,2024
1422122,872b03f7,lsg,2024,2024
1422122,73ad96ed,lsg,2024,2024
1422122,3241e3fd,lsg,2024,2024
1422122,d9273ee7,lsg,2024,2024
1422122,5b8c830e,lsg,2024,2024
1422122,df064e1a,lsg,2024,2024
1422122,c33d8116,lsg,2024,2024
1422122,c0c411cb,lsg,2024,2024
1422122,4b31f3a3,lsg,2024,2024
1422123,759ac88f,gt,2024,2024
1422123,fe11caa6,gt,2024,2024
1422123,b4b99816,gt,2024,2024
1422123,d5130a30,gt,2024,2024
1422123,8f6dd463,gt,2024,2024
1422123,d67d5f00,gt,2024,2024
1422123,0994d0ae,gt,2024,2024
1422123,39a2dfa8,gt,2024,2024
1422123,5f547c8b,gt,2024,2024
1422123,cc1e8c68,gt,2024,2024
1422123,c7a995d3,gt,2024,2024
1422123,83c3e8e3,gt,2024,2024
1422123,65b6943c,mi,2024,2024
1422123,752f7486,mi,2024,2024
1422123,740742ef,mi,2024,2024
1422123,fffa744b,mi,2024,2024
1422123,844e79d1,mi,2024,2024
1422123,b0482a1d,mi,2024,2024
1422123,f1f99156,mi,2024,2024
1422123,dbe50b21,mi,2024,2024
1422123,3204c99f,mi,2024,2024
1422123,9d704f6f,mi,2024,2024
1422123,98ae73b1,mi,2024,2024
1422123,462411b3,mi,2024,2024
1422124,244048f6,pbks,2024,2024
1422124,0a476045,pbks,2024,2024
1422124,abb83e27,pbks,2024,2024
1422124,9418198b,pbks,2024,2024
1422124,50c6bc2b,pbks,2024,2024
1422124,e94915e6,pbks,2024,2024
1422124,800d2d97,pbks,2024,2024
1422124,26989d80,pbks,2024,2024
1422124,c05edf8e,pbks,2024,2024
1422124,f986ca1a,pbks,2024,2024
1422124,e62dd25d,pbks,2024,2024
1422124,2ed569a0,pbks,2024,2024
1422124,7210d461,rcb,2024,2024
1422124,ba607b88,rcb,2024,2024
1422124,3355b542,rcb,2024,2024
1422124,eaa76d3c,rcb,2024,2024
1422124,c740ea83,rcb,2024,2024
1422124,b681e71e,rcb,2024,2024
1422124,c8f5f961,rcb,2024,2024
1422124,c03f1114,rcb,2024,2024
1422124,da934ee8,rcb,2024,2024
1422124,b0946605,rcb,2024,2024
1422124,a457cfb5,rcb,2024,2024
1422124,2f49c897,rcb,2024,2024
1422125,64839cb3,csk,2024,2024
1422125,45a43fe2,csk,2024,2024
1422125,ba5e1069,csk,2024,2024
1422125,29e95537,csk,2024,2024
1422125,a4e37e47,csk,2024,2024
1422125,eade4650,csk,2024,2024
1422125,f89d3b11,csk,2024,2024
1422125,fe93fd9d,csk,2024,2024
1422125,4a8a2e3b,csk,2024,2024
1422125,23eeb873,csk,2024,2024
1422125,46a9bea1,csk,2024,2024
1422125,0a8fce53,csk,2024,2024
1422125,759ac88f,gt,2024,2024
1422125,fe11caa6,gt,2024,2024
1422125,b4b99816,gt,2024,2024
1422125,d5130a30,gt,2024,2024
1422125,0994d0ae,gt,2024,2024
1422125,d67d5f00,gt,2024,2024
1422125,8f6dd463,gt,2024,2024
1422125,39a2dfa8,gt,2024,2024
1422125,5f547c8b,gt,2024,2024
1422125,cc1e8c68,gt,2024,2024
1422125,83c3e8e3,gt,2024,2024
1422125,c7a995d3,gt,2024,2024
1422126,81c08fa3,srh,2024,2024
1422126,00ea847a,srh,2024,2024
1422126,12b610c2,srh,2024,2024
1422126,f29185a1,srh,2024,2024
1422126,6a26221c,srh,2024,2024
1422126,235c2bb6,srh,2024,2024
1422126,8e514b4c,srh,2024,2024
1422126,f9e6e7ef,srh,2024,2024
1422126,ded9240e,srh,2024,2024
1422126,2e81a32d,srh,2024,2024
1422126,a9fd84fb,srh,2024,2024
1422126,1e66c162,srh,2024,2024
1422126,107c26fb,mi,2024,2024
1422126,740742ef,mi,2024,2024
1422126,752f7486,mi,2024,2024
1422126,fffa744b,mi,2024,2024
1422126,b0482a1d,mi,2024,2024
1422126,dbe50b21,mi,2024,2024
1422126,f1f99156,mi,2024,2024
1422126,c5aef772,mi,2024,2024
1422126,3204c99f,mi,2024,2024
1422126,462411b3,mi,2024,2024
1422126,98ae73b1,mi,2024,2024
1422126,9d704f6f,mi,2024,2024
1422127,465aa633,rr,2024,2024
1422127,6c19c6e5,rr,2024,2024
1422127,99b75528,rr,2024,2024
1422127,a4cc73aa,rr,2024,2024
1422127,04a418e8,rr,2024,2024
1422127,495d42a5,rr,2024,2024
1422127,bcf325d2,rr,2024,2024
1422127,48a1d7b7,rr,2024,2024
1422127,a818c1be,rr,2024,2024
1422127,eef2536f,rr,2024,2024
1422127,ce820073,rr,2024,2024
1422127,57ee1fde,rr,2024,2024
1422127,a2f46292,dc,2024,2024
1422127,dcce6f09,dc,2024,2024
1422127,3d8feaf8,dc,2024,2024
1422127,b63e358a,dc,2024,2024
1422127,919a3be2,dc,2024,2024
1422127,85b3fab2,dc,2024,2024
1422127,ad3b6e95,dc,2024,2024
1422127,2e171977,dc,2024,2024
1422127,8998a68f,dc,2024,2024
1422127,8d2c70ad,dc,2024,2024
1422127,acdc62f5,dc,2024,2024
1422127,2cffab74,dc,2024,2024
1422128,54e52590,rcb,2024,2024
1422128,ba607b88,rcb,2024,2024
1422128,3355b542,rcb,2024,2024
1422128,eaa76d3c,rcb,2024,2024
1422128,b681e71e,rcb,2024,2024
1422128,c740ea83,rcb,2024,2024
1422128,c8f5f961,rcb,2024,2024
1422128,c03f1114,rcb,2024,2024
1422128,b0946605,rcb,2024,2024
1422128,a457cfb5,rcb,2024,2024
1422128,2f49c897,rcb,2024,2024
1422128,7210d461,rcb,2024,2024
1422128,5b7ab5a9,kkr,2024,2024
1422128,3d284ca3,kkr,2024,2024
1422128,9d430b40,kkr,2024,2024
1422128,a24be938,kkr,2024,2024
1422128,85ec8e33,kkr,2024,2024
1422128,0a509d6b,kkr,2024,2024
1422128,bbd41817,kkr,2024,2024
1422128,be24ead0,kkr,2024,2024
1422128,3fb19989,kkr,2024,2024
1422128,e4cdf230,kkr,2024,2024
1422128,77b1aa15,kkr,2024,2024
1422128,d7017798,kkr,2024,2024
1422129,372455c4,lsg,2024,2024
1422129,b17e2f24,lsg,2024,2024
1422129,2c25d4f5,lsg,2024,2024
1422129,d9273ee7,lsg,2024,2024
1422129,3241e3fd,lsg,2024,2024
1422129,872b03f7,lsg,2024,2024
1422129,5b8c830e,lsg,2024,2024
1422129,df064e1a,lsg,2024,2024
1422129,c33d8116,lsg,2024,2024
1422129,c0c411cb,lsg,2024,2024
1422129,b1ad996b,lsg,2024,2024
1422129,cf0ccafa,lsg,2024,2024
1422129,244048f6,pbks,2024,2024
1422129,0a476045,pbks,2024,2024
1422129,abb83e27,pbks,2024,2024
1422129,9418198b,pbks,2024,2024
1422129,800d2d97,pbks,2024,2024
1422129,50c6bc2b,pbks,2024,2024
1422129,e94915e6,pbks,2024,2024
1422129,26989d80,pbks,2024,2024
1422129,c05edf8e,pbks,2024,2024
1422129,f986ca1a,pbks,2024,2024
1422129,e62dd25d,pbks,2024,2024
1422129,2ed569a0,pbks,2024,2024
1422130,12b610c2,srh,2024,2024
1422130,00ea847a,srh,2024,2024
1422130,f29185a1,srh,2024,2024
1422130,6a26221c,srh,2024,2024
1422130,235c2bb6,srh,2024,2024
1422130,f9e6e7ef,srh,2024,2024
1422130,8e514b4c,srh,2024,2024
1422130,f19ccfad,srh,2024,2024
1422130,ded9240e,srh,2024,2024
1422130,2e81a32d,srh,2024,2024
1422130,a9fd84fb,srh,2024,2024
1422130,1e66c162,srh,2024,2024
1422130,759ac88f,gt,2024,2024
1422130,fe11caa6,gt,2024,2024
1422130,b4b99816,gt,2024,2024
1422130,d5130a30,gt,2024,2024
1422130,d67d5f00,gt,2024,2024
1422130,0994d0ae,gt,2024,2024
1422130,8f6dd463,gt,2024,2024
1422130,39a2dfa8,gt,2024,2024
1422130,5f547c8b,gt,2024,2024
1422130,cc1e8c68,gt,2024,2024
1422130,efc04be7,gt,2024,2024
1422130,cd8d2859,gt,2024,2024
1422131,b8527c3d,dc,2024,2024
1422131,8b3e9c7c,dc,2024,2024
1422131,dcce6f09,dc,2024,2024
1422131,919a3be2,dc,2024,2024
1422131,3d8feaf8,dc,2024,2024
1422131,85b3fab2,dc,2024,2024
1422131,2e171977,dc,2024,2024
1422131,ad3b6e95,dc,2024,2024
1422131,acdc62f5,dc,2024,2024
1422131,2cffab74,dc,2024,2024
1422131,5bb1a1c4,dc,2024,2024
1422131,a2f46292,dc,2024,2024
1422131,64839cb3,csk,2024,2024
1422131,45a43fe2,csk,2024,2024
1422131,ba5e1069,csk,2024,2024
1422131,29e95537,csk,2024,2024
1422131,eade4650,csk,2024,2024
1422131,a4e37e47,csk,2024,2024
1422131,f89d3b11,csk,2024,2024
1422131,fe93fd9d,csk,2024,2024
1422131,4a8a2e3b,csk,2024,2024
1422131,23eeb873,csk,2024,2024
1422131,46a9bea1,csk,2024,2024
1422131,0a8fce53,csk,2024,2024
1422132,752f7486,mi,2024,2024
1422132,740742ef,mi,2024,2024
1422132,fffa744b,mi,2024,2024
1422132,844e79d1,mi,2024,2024
1422132,b0482a1d,mi,2024,2024
1422132,dbe50b21,mi,2024,2024
1422132,98ae73b1,mi,2024,2024
1422132,f1f99156,mi,2024,2024
1422132,3204c99f,mi,2024,2024
1422132,462411b3,mi,2024,2024
1422132,4bd09374,mi,2024,2024
1422132,107c26fb,mi,2024,2024
1422132,57ee1fde,rr,2024,2024
1422132,6c19c6e5,rr,2024,2024
1422132,99b75528,rr,2024,2024
1422132,a4cc73aa,rr,2024,2024
1422132,04a418e8,rr,2024,2024
1422132,495d42a5,rr,2024,2024
1422132,6b2ff18f,rr,2024,2024
1422132,bcf325d2,rr,2024,2024
1422132,48a1d7b7,rr,2024,2024
1422132,a818c1be,rr,2024,2024
1422132,eef2536f,rr,2024,2024
1422132,465aa633,rr,2024,2024
1422133,cf0ccafa,lsg,2024,2024
1422133,372455c4,lsg,2024,2024
1422133,b17e2f24,lsg,2024,2024
1422133,2c25d4f5,lsg,2024,2024
1422133,d9273ee7,lsg,2024,2024
1422133,3241e3fd,lsg,2024,2024
1422133,872b03f7,lsg,2024,2024
1422133,5b8c830e,lsg,2024,2024
1422133,df064e1a,lsg,2024,2024
1422133,4b31f3a3,lsg,2024,2024
1422133,c0c411cb,lsg,2024,2024
1422133,b1ad996b,lsg,2024,2024
1422133,7210d461,rcb,2024,2024
1422133,ba607b88,rcb,2024,2024
1422133,3355b542,rcb,2024,2024
1422133,c740ea83,rcb,2024,2024
1422133,b681e71e,rcb,2024,2024
1422133,eaa76d3c,rcb,2024,2024
1422133,c8f5f961,rcb,2024,2024
1422133,da934ee8,rcb,2024,2024
1422133,c03f1114,rcb,2024,2024
1422133,a457cfb5,rcb,2024,2024
1422133,8db7f47f,rcb,2024,2024
1422133,2f49c897,rcb,2024,2024
1422134,7c3b3b78,kkr,2024,2024
1422134,3d284ca3,kkr,2024,2024
1422134,9d430b40,kkr,2024,2024
1422134,d7017798,kkr,2024,2024
1422134,bbd41817,kkr,2024,2024
1422134,85ec8e33,kkr,2024,2024
1422134,0a509d6b,kkr,2024,2024
1422134,a24be938,kkr,2024,2024
1422134,be24ead0,kkr,2024,2024
1422134,3fb19989,kkr,2024,2024
1422134,77b1aa15,kkr,2024,2024
1422134,5b7ab5a9,kkr,2024,2024
1422134,a2f46292,dc,2024,2024
1422134,dcce6f09,dc,2024,2024
1422134,8b3e9c7c,dc,2024,2024
1422134,3d8feaf8,dc,2024,2024
1422134,ad3b6e95,dc,2024,2024
1422134,919a3be2,dc,2024,2024
1422134,85b3fab2,dc,2024,2024
1422134,2e171977,dc,2024,2024
1422134,8998a68f,dc,2024,2024
1422134,b8527c3d,dc,2024,2024
1422134,acdc62f5,dc,2024,2024
1422134,5bb1a1c4,dc,2024,2024
1422135,759ac88f,gt,2024,2024
1422135,fe11caa6,gt,2024,2024
1422135,b4b99816,gt,2024,2024
1422135,d027ba9f,gt,2024,2024
1422135,d5130a30,gt,2024,2024
1422135,0994d0ae,gt,2024,2024
1422135,39a2dfa8,gt,2024,2024
1422135,8f6dd463,gt,2024,2024
1422135,5f547c8b,gt,2024,2024
1422135,efc04be7,gt,2024,2024
1422135,cc1e8c68,gt,2024,2024
1422135,cd8d2859,gt,2024,2024
1422135,244048f6,pbks,2024,2024
1422135,0a476045,pbks,2024,2024
1422135,abb83e27,pbks,2024,2024
1422135,9418198b,pbks,2024,2024
1422135,e94915e6,pbks,2024,2024
1422135,26d041c4,pbks,2024,2024
1422135,26989d80,pbks,2024,2024
1422135,800d2d97,pbks,2024,2024
1422135,84d9c311,pbks,2024,2024
1422135,c05edf8e,pbks,2024,2024
1422135,f986ca1a,pbks,2024,2024
1422135,e62dd25d,pbks,2024,2024
1422136,765a4731,csk,2024,2024
1422136,ba5e1069,csk,2024,2024
1422136,45a43fe2,csk,2024,2024
1422136,29e95537,csk,2024,2024
1422136,a4e37e47,csk,2024,2024
1422136,fe93fd9d,csk,2024,2024
1422136,eade4650,csk,2024,2024
1422136,4a8a2e3b,csk,2024,2024
1422136,bb351c23,csk,2024,2024
1422136,23eeb873,csk,2024,2024
1422136,46a9bea1,csk,2024,2024
1422136,f24c6701,csk,2024,2024
1422136,ce794613,srh,2024,2024
1422136,12b610c2,srh,2024,2024
1422136,f29185a1,srh,2024,2024
1422136,6a26221c,srh,2024,2024
1422136,f9e6e7ef,srh,2024,2024
1422136,235c2bb6,srh,2024,2024
1422136,aad0c365,srh,2024,2024
1422136,8e514b4c,srh,2024,2024
1422136,ded9240e,srh,2024,2024
1422136,2e81a32d,srh,2024,2024
1422136,a9fd84fb,srh,2024,2024
1422136,1e66c162,srh,2024,2024
1422137,52294a79,rcb,2024,2024
1422137,ba607b88,rcb,2024,2024
1422137,3355b542,rcb,2024,2024
1422137,b681e71e,rcb,2024,2024
1422137,9e7225b0,rcb,2024,2024
1422137,eaa76d3c,rcb,2024,2024
1422137,c740ea83,rcb,2024,2024
1422137,c03f1114,rcb,2024,2024
1422137,8db7f47f,rcb,2024,2024
1422137,a457cfb5,rcb,2024,2024
1422137,2f49c897,rcb,2024,2024
1422137,7210d461,rcb,2024,2024
1422137,57ee1fde,rr,2024,2024
1422137,6c19c6e5,rr,2024,2024
1422137,99b75528,rr,2024,2024
1422137,a4cc73aa,rr,2024,2024
1422137,04a418e8,rr,2024,2024
1422137,bcf325d2,rr,2024,2024
1422137,48a1d7b7,rr,2024,2024
1422137,495d42a5,rr,2024,2024
1422137,a818c1be,rr,2024,2024
1422137,eef2536f,rr,2024,2024
1422137,465aa633,rr,2024,2024
1422137,6b2ff18f,rr,2024,2024
1422138,4bd09374,mi,2024,2024
1422138,740742ef,mi,2024,2024
1422138,752f7486,mi,2024,2024
1422138,271f83cd,mi,2024,2024
1422138,dbe50b21,mi,2024,2024
1422138,b0482a1d,mi,2024,2024
1422138,f1f99156,mi,2024,2024
1422138,c5aef772,mi,2024,2024
1422138,62af8546,mi,2024,2024
1422138,3204c99f,mi,2024,2024
1422138,98ae73b1,mi,2024,2024
1422138,462411b3,mi,2024,2024
1422138,a2f46292,dc,2024,2024
1422138,8b3e9c7c,dc,2024,2024
1422138,dcce6f09,dc,2024,2024
1422138,ad3b6e95,dc,2024,2024
1422138,85b3fab2,dc,2024,2024
1422138,919a3be2,dc,2024,2024
1422138,2e171977,dc,2024,2024
1422138,ad427b5c,dc,2024,2024
1422138,57ca01b3,dc,2024,2024
1422138,1ee08e9a,dc,2024,2024
1422138,acdc62f5,dc,2024,2024
1422138,5bb1a1c4,dc,2024,2024
1422139,cf0ccafa,lsg,2024,2024
1422139,372455c4,lsg,2024,2024
1422139,b17e2f24,lsg,2024,2024
1422139,2c25d4f5,lsg,2024,2024
1422139,d9273ee7,lsg,2024,2024
1422139,3241e3fd,lsg,2024,2024
1422139,872b03f7,lsg,2024,2024
1422139,5b8c830e,lsg,2024,2024
1422139,df064e1a,lsg,2024,2024
1422139,c0c411cb,lsg,2024,2024
1422139,4b31f3a3,lsg,2024,2024
1422139,b1ad996b,lsg,2024,2024
1422139,759ac88f,gt,2024,2024
1422139,d5130a30,gt,2024,2024
1422139,b4b99816,gt,2024,2024
1422139,d027ba9f,gt,2024,2024
1422139,c2dd89ea,gt,2024,2024
1422139,0994d0ae,gt,2024,2024
1422139,cd8d2859,gt,2024,2024
1422139,39a2dfa8,gt,2024,2024
1422139,5f547c8b,gt,2024,2024
1422139,cc1e8c68,gt,2024,2024
1422139,83c3e8e3,gt,2024,2024
1422139,efc04be7,gt,2024,2024
1426260,3d284ca3,kkr,2024,2024
1426260,9d430b40,kkr,2024,2024
1426260,d7017798,kkr,2024,2024
1426260,85ec8e33,kkr,2024,2024
1426260,a24be938,kkr,2024,2024
1426260,be24ead0,kkr,2024,2024
1426260,0a509d6b,kkr,2024,2024
1426260,bbd41817,kkr,2024,2024
1426260,e4cdf230,kkr,2024,2024
1426260,3fb19989,kkr,2024,2024
1426260,7c3b3b78,kkr,2024,2024
1426260,5b7ab5a9,kkr,2024,2024
1426260,0a8fce53,csk,2024,2024
1426260,ba5e1069,csk,2024,2024
1426260,45a43fe2,csk,2024,2024
1426260,eade4650,csk,2024,2024
1426260,a4e37e47,csk,2024,2024
1426260,4a8a2e3b,csk,2024,2024
1426260,29e95537,csk,2024,2024
1426260,f89d3b11,csk,2024,2024
1426260,fe93fd9d,csk,2024,2024
1426260,1abb78f8,csk,2024,2024
1426260,46a9bea1,csk,2024,2024
1426260,f24c6701,csk,2024,2024
1426261,12b610c2,srh,2024,2024
1426261,f29185a1,srh,2024,2024
1426261,6a26221c,srh,2024,2024
1426261,aad0c365,srh,2024,2024
1426261,77255a9e,srh,2024,2024
1426261,235c2bb6,srh,2024,2024
1426261,8e514b4c,srh,2024,2024
1426261,f9e6e7ef,srh,2024,2024
1426261,ded9240e,srh,2024,2024
1426261,2e81a32d,srh,2024,2024
1426261,1e66c162,srh,2024,2024
1426261,ce794613,srh,2024,2024
1426261,244048f6,pbks,2024,2024
1426261,0a476045,pbks,2024,2024
1426261,abb83e27,pbks,2024,2024
1426261,9418198b,pbks,2024,2024
1426261,e94915e6,pbks,2024,2024
1426261,26d041c4,pbks,2024,2024
1426261,26989d80,pbks,2024,2024
1426261,800d2d97,pbks,2024,2024
1426261,84d9c311,pbks,2024,2024
1426261,c05edf8e,pbks,2024,2024
1426261,f986ca1a,pbks,2024,2024
1426261,e62dd25d,pbks,2024,2024
1426262,0b60eb09,rr,2024,2024
1426262,6c19c6e5,rr,2024,2024
1426262,99b75528,rr,2024,2024
1426262,a4cc73aa,rr,2024,2024
1426262,04a418e8,rr,2024,2024
1426262,48a1d7b7,rr,2024,2024
1426262,bcf325d2,rr,2024,2024
1426262,495d42a5,rr,2024,2024
1426262,a818c1be,rr,2024,2024
1426262,eef2536f,rr,2024,2024
1426262,2e78f685,rr,2024,2024
1426262,57ee1fde,rr,2024,2024
1426262,759ac88f,gt,2024,2024
1426262,d5130a30,gt,2024,2024
1426262,b4b99816,gt,2024,2024
1426262,afa7e784,gt,2024,2024
1426262,0890552f,gt,2024,2024
1426262,0994d0ae,gt,2024,2024
1426262,39a2dfa8,gt,2024,2024
1426262,7dcb9bc9,gt,2024,2024
1426262,5f547c8b,gt,2024,2024
1426262,efc04be7,gt,2024,2024
1426262,cc1e8c68,gt,2024,2024
1426262,83c3e8e3,gt,2024,2024
1426263,ba607b88,rcb,2024,2024
1426263,3355b542,rcb,2024,2024
1426263,9caf69a1,rcb,2024,2024
1426263,c740ea83,rcb,2024,2024
1426263,b681e71e,rcb,2024,2024
1426263,c03f1114,rcb,2024,2024
1426263,da934ee8,rcb,2024,2024
1426263,9e7225b0,rcb,2024,2024
1426263,54e52590,rcb,2024,2024
1426263,0a67aec0,rcb,2024,2024
1426263,8db7f47f,rcb,2024,2024
1426263,2f49c897,rcb,2024,2024
1426263,4bd09374,mi,2024,2024
1426263,752f7486,mi,2024,2024
1426263,740742ef,mi,2024,2024
1426263,271f83cd,mi,2024,2024
1426263,dbe50b21,mi,2024,2024
1426263,b0482a1d,mi,2024,2024
1426263,f1f99156,mi,2024,2024
1426263,62af8546,mi,2024,2024
1426263,c5aef772,mi,2024,2024
1426263,7a8bd078,mi,2024,2024
1426263,462411b3,mi,2024,2024
1426263,3204c99f,mi,2024,2024
1426264,372455c4,lsg,2024,2024
1426264,b17e2f24,lsg,2024,2024
1426264,2c25d4f5,lsg,2024,2024
1426264,d9273ee7,lsg,2024,2024
1426264,3241e3fd,lsg,2024,2024
1426264,73ad96ed,lsg,2024,2024
1426264,872b03f7,lsg,2024,2024
1426264,5b8c830e,lsg,2024,2024
1426264,12314277,lsg,2024,2024
1426264,df064e1a,lsg,2024,2024
1426264,c0c411cb,lsg,2024,2024
1426264,4b31f3a3,lsg,2024,2024
1426264,a2f46292,dc,2024,2024
1426264,8b3e9c7c,dc,2024,2024
1426264,dcce6f09,dc,2024,2024
1426264,9b6e1b3f,dc,2024,2024
1426264,919a3be2,dc,2024,2024
1426264,85b3fab2,dc,2024,2024
1426264,1fc6ef83,dc,2024,2024
1426264,2e171977,dc,2024,2024
1426264,8d2c70ad,dc,2024,2024
1426264,2cffab74,dc,2024,2024
1426264,5bb1a1c4,dc,2024,2024
1426264,ad3b6e95,dc,2024,2024
1426265,1ac746c8,pbks,2024,2024
1426265,abb83e27,pbks,2024,2024
1426265,9418198b,pbks,2024,2024
1426265,e94915e6,pbks,2024,2024
1426265,800d2d97,pbks,2024,2024
1426265,26989d80,pbks,2024,2024
1426265,50c6bc2b,pbks,2024,2024
1426265,84d9c311,pbks,2024,2024
1426265,c05edf8e,pbks,2024,2024
1426265,f986ca1a,pbks,2024,2024
1426265,e62dd25d,pbks,2024,2024
1426265,244048f6,pbks,2024,2024
1426265,2e78f685,rr,2024,2024
1426265,6c19c6e5,rr,2024,2024
1426265,5724e517,rr,2024,2024
1426265,a4cc73aa,rr,2024,2024
1426265,04a418e8,rr,2024,2024
1426265,bcf325d2,rr,2024,2024
1426265,48a1d7b7,rr,2024,2024
1426265,650d5e49,rr,2024,2024
1426265,0b60eb09,rr,2024,2024
1426265,a818c1be,rr,2024,2024
1426265,eef2536f,rr,2024,2024
1426265,57ee1fde,rr,2024,2024
1426266,372455c4,lsg,2024,2024
1426266,b17e2f24,lsg,2024,2024
1426266,73ad96ed,lsg,2024,2024
1426266,872b03f7,lsg,2024,2024
1426266,d9273ee7,lsg,2024,2024
1426266,3241e3fd,lsg,2024,2024
1426266,5b8c830e,lsg,2024,2024
1426266,12314277,lsg,2024,2024
1426266,c33d8116,lsg,2024,2024
1426266,df064e1a,lsg,2024,2024
1426266,97290faf,lsg,2024,2024
1426266,4b31f3a3,lsg,2024,2024
1426266,5b7ab5a9,kkr,2024,2024
1426266,3d284ca3,kkr,2024,2024
1426266,9d430b40,kkr,2024,2024
1426266,d7017798,kkr,2024,2024
1426266,85ec8e33,kkr,2024,2024
1426266,a24be938,kkr,2024,2024
1426266,bbd41817,kkr,2024,2024
1426266,be24ead0,kkr,2024,2024
1426266,3fb19989,kkr,2024,2024
1426266,7c3b3b78,kkr,2024,2024
1426266,77b1aa15,kkr,2024,2024
1426266,0a509d6b,kkr,2024,2024
1426267,29e95537,csk,2024,2024
1426267,ba5e1069,csk,2024,2024
1426267,45a43fe2,csk,2024,2024
1426267,a4e37e47,csk,2024,2024
1426267,eade4650,csk,2024,2024
1426267,4a8a2e3b,csk,2024,2024
1426267,fe93fd9d,csk,2024,2024
1426267,f89d3b11,csk,2024,2024
1426267,1abb78f8,csk,2024,2024
1426267,46a9bea1,csk,2024,2024
1426267,0a8fce53,csk,2024,2024
1426267,64839cb3,csk,2024,2024
1426267,4bd09374,mi,2024,2024
1426267,740742ef,mi,2024,2024
1426267,752f7486,mi,2024,2024
1426267,271f83cd,mi,2024,2024
1426267,b0482a1d,mi,2024,2024
1426267,dbe50b21,mi,2024,2024
1426267,f1f99156,mi,2024,2024
1426267,c5aef772,mi,2024,2024
1426267,62af8546,mi,2024,2024
1426267,7a8bd078,mi,2024,2024
1426267,462411b3,mi,2024,2024
1426267,3204c99f,mi,2024,2024
1426268,a9fd84fb,srh,2024,2024
1426268,f29185a1,srh,2024,2024
1426268,12b610c2,srh,2024,2024
1426268,235c2bb6,srh,2024,2024
1426268,6a26221c,srh,2024,2024
1426268,8e514b4c,srh,2024,2024
1426268,f9e6e7ef,srh,2024,2024
1426268,ded9240e,srh,2024,2024
1426268,2e81a32d,srh,2024,2024
1426268,1e66c162,srh,2024,2024
1426268,ce794613,srh,2024,2024
1426268,aad0c365,srh,2024,2024
1426268,7210d461,rcb,2024,2024
1426268,ba607b88,rcb,2024,2024
1426268,3355b542,rcb,2024,2024
1426268,9caf69a1,rcb,2024,2024
1426268,c740ea83,rcb,2024,2024
1426268,9e7225b0,rcb,2024,2024
1426268,c03f1114,rcb,2024,2024
1426268,da934ee8,rcb,2024,2024
1426268,c8f5f961,rcb,2024,2024
1426268,54e52590,rcb,2024,2024
1426268,8db7f47f,rcb,2024,2024
1426268,2f9d0389,rcb,2024,2024
1426269,7c3b3b78,kkr,2024,2024
1426269,3d284ca3,kkr,2024,2024
1426269,9d430b40,kkr,2024,2024
1426269,d7017798,kkr,2024,2024
1426269,85ec8e33,kkr,2024,2024
1426269,bbd41817,kkr,2024,2024
1426269,0a509d6b,kkr,2024,2024
1426269,a24be938,kkr,2024,2024
1426269,be24ead0,kkr,2024,2024
1426269,3fb19989,kkr,2024,2024
1426269,5b7ab5a9,kkr,2024,2024
1426269,77b1aa15,kkr,2024,2024
1426269,2e78f685,rr,2024,2024
1426269,6c19c6e5,rr,2024,2024
1426269,99b75528,rr,2024,2024
1426269,a4cc73aa,rr,2024,2024
1426269,04a418e8,rr,2024,2024
1426269,bcf325d2,rr,2024,2024
1426269,495d42a5,rr,2024,2024
1426269,48a1d7b7,rr,2024,2024
1426269,650d5e49,rr,2024,2024
1426269,a818c1be,rr,2024,2024
1426269,eef2536f,rr,2024,2024
1426269,57ee1fde,rr,2024,2024
1426270,fe11caa6,gt,2024,2024
1426270,b4b99816,gt,2024,2024
1426270,d5130a30,gt,2024,2024
1426270,d67d5f00,gt,2024,2024
1426270,0890552f,gt,2024,2024
1426270,39a2dfa8,gt,2024,2024
1426270,7dcb9bc9,gt,2024,2024
1426270,5f547c8b,gt,2024,2024
1426270,759ac88f,gt,2024,2024
1426270,efc04be7,gt,2024,2024
1426270,83c3e8e3,gt,2024,2024
1426270,cdc6bdba,gt,2024,2024
1426270,a2f46292,dc,2024,2024
1426270,8b3e9c7c,dc,2024,2024
1426270,9b6e1b3f,dc,2024,2024
1426270,ad3b6e95,dc,2024,2024
1426270,1fc6ef83,dc,2024,2024
1426270,919a3be2,dc,2024,2024
1426270,8998a68f,dc,2024,2024
1426270,85b3fab2,dc,2024,2024
1426270,2e171977,dc,2024,2024
1426270,8d2c70ad,dc,2024,2024
1426270,5bb1a1c4,dc,2024,2024
1426270,2cffab74,dc,2024,2024
1426271,4bd09374,mi,2024,2024
1426271,752f7486,mi,2024,2024
1426271,740742ef,mi,2024,2024
1426271,271f83cd,mi,2024,2024
1426271,b0482a1d,mi,2024,2024
1426271,dbe50b21,mi,2024,2024
1426271,f1f99156,mi,2024,2024
1426271,c5aef772,mi,2024,2024
1426271,62af8546,mi,2024,2024
1426271,3204c99f,mi,2024,2024
1426271,7a8bd078,mi,2024,2024
1426271,462411b3,mi,2024,2024
1426271,244048f6,pbks,2024,2024
1426271,e94915e6,pbks,2024,2024
1426271,9418198b,pbks,2024,2024
1426271,cad00a4d,pbks,2024,2024
1426271,50c6bc2b,pbks,2024,2024
1426271,28c78fb3,pbks,2024,2024
1426271,26989d80,pbks,2024,2024
1426271,800d2d97,pbks,2024,2024
1426271,84d9c311,pbks,2024,2024
1426271,c05edf8e,pbks,2024,2024
1426271,f986ca1a,pbks,2024,2024
1426271,e62dd25d,pbks,2024,2024
1426272,29e95537,csk,2024,2024
1426272,ba5e1069,csk,2024,2024
1426272,45a43fe2,csk,2024,2024
1426272,fe93fd9d,csk,2024,2024
1426272,a4e37e47,csk,2024,2024
1426272,f89d3b11,csk,2024,2024
1426272,bb351c23,csk,2024,2024
1426272,4a8a2e3b,csk,2024,2024
1426272,23eeb873,csk,2024,2024
1426272,46a9bea1,csk,2024,2024
1426272,0a8fce53,csk,2024,2024
1426272,64839cb3,csk,2024,2024
1426272,372455c4,lsg,2024,2024
1426272,b17e2f24,lsg,2024,2024
1426272,3241e3fd,lsg,2024,2024
1426272,d9273ee7,lsg,2024,2024
1426272,73ad96ed,lsg,2024,2024
1426272,872b03f7,lsg,2024,2024
1426272,5b8c830e,lsg,2024,2024
1426272,e84ac20c,lsg,2024,2024
1426272,df064e1a,lsg,2024,2024
1426272,c33d8116,lsg,2024,2024
1426272,4b31f3a3,lsg,2024,2024
1426273,12b610c2,srh,2024,2024
1426273,f29185a1,srh,2024,2024
1426273,6a26221c,srh,2024,2024
1426273,235c2bb6,srh,2024,2024
1426273,aad0c365,srh,2024,2024
1426273,f9e6e7ef,srh,2024,2024
1426273,8e514b4c,srh,2024,2024
1426273,ded9240e,srh,2024,2024
1426273,f19ccfad,srh,2024,2024
1426273,2e81a32d,srh,2024,2024
1426273,ce794613,srh,2024,2024
1426273,a9fd84fb,srh,2024,2024
1426273,a2f46292,dc,2024,2024
1426273,8b3e9c7c,dc,2024,2024
1426273,dcce6f09,dc,2024,2024
1426273,9b6e1b3f,dc,2024,2024
1426273,ad3b6e95,dc,2024,2024
1426273,85b3fab2,dc,2024,2024
1426273,919a3be2,dc,2024,2024
1426273,ad427b5c,dc,2024,2024
1426273,2e171977,dc,2024,2024
1426273,acdc62f5,dc,2024,2024
1426273,8d2c70ad,dc,2024,2024
1426273,2cffab74,dc,2024,2024
1426274,9440ef41,kkr,2024,2024
1426274,3d284ca3,kkr,2024,2024
1426274,9d430b40,kkr,2024,2024
1426274,d7017798,kkr,2024,2024
1426274,a24be938,kkr,2024,2024
1426274,85ec8e33,kkr,2024,2024
1426274,0a509d6b,kkr,2024,2024
1426274,bbd41817,kkr,2024,2024
1426274,be24ead0,kkr,2024,2024
1426274,3fb19989,kkr,2024,2024
1426274,5b7ab5a9,kkr,2024,2024
1426274,77b1aa15,kkr,2024,2024
1426274,7210d461,rcb,2024,2024
1426274,ba607b88,rcb,2024,2024
1426274,3355b542,rcb,2024,2024
1426274,9caf69a1,rcb,2024,2024
1426274,c740ea83,rcb,2024,2024
1426274,eaa76d3c,rcb,2024,2024
1426274,9385de2e,rcb,2024,2024
1426274,da934ee8,rcb,2024,2024
1426274,c03f1114,rcb,2024,2024
1426274,119678fd,rcb,2024,2024
1426274,2f49c897,rcb,2024,2024
1426274,2f9d0389,rcb,2024,2024
1426275,e94915e6,pbks,2024,2024
1426275,9418198b,pbks,2024,2024
1426275,cad00a4d,pbks,2024,2024
1426275,800d2d97,pbks,2024,2024
1426275,50c6bc2b,pbks,2024,2024
1426275,26989d80,pbks,2024,2024
1426275,84d9c311,pbks,2024,2024
1426275,28c78fb3,pbks,2024,2024
1426275,c05edf8e,pbks,2024,2024
1426275,f986ca1a,pbks,2024,2024
1426275,e62dd25d,pbks,2024,2024
1426275,244048f6,pbks,2024,2024
1426275,cdc6bdba,gt,2024,2024
1426275,fe11caa6,gt,2024,2024
1426275,b4b99816,gt,2024,2024
1426275,d5130a30,gt,2024,2024
1426275,d67d5f00,gt,2024,2024
1426275,8f6dd463,gt,2024,2024
1426275,39a2dfa8,gt,2024,2024
1426275,7dcb9bc9,gt,2024,2024
1426275,5f547c8b,gt,2024,2024
1426275,c7a995d3,gt,2024,2024
1426275,efc04be7,gt,2024,2024
1426275,759ac88f,gt,2024,2024
1426276,ee1b6c27,mi,2024,2024
1426276,740742ef,mi,2024,2024
1426276,752f7486,mi,2024,2024
1426276,271f83cd,mi,2024,2024
1426276,b0482a1d,mi,2024,2024
1426276,62af8546,mi,2024,2024
1426276,d1a60072,mi,2024,2024
1426276,dbe50b21,mi,2024,2024
1426276,f1f99156,mi,2024,2024
1426276,3204c99f,mi,2024,2024
1426276,98ae73b1,mi,2024,2024
1426276,462411b3,mi,2024,2024
1426276,57ee1fde,rr,2024,2024
1426276,6c19c6e5,rr,2024,2024
1426276,99b75528,rr,2024,2024
1426276,a4cc73aa,rr,2024,2024
1426276,650d5e49,rr,2024,2024
1426276,04a418e8,rr,2024,2024
1426276,48a1d7b7,rr,2024,2024
1426276,bcf325d2,rr,2024,2024
1426276,495d42a5,rr,2024,2024
1426276,a818c1be,rr,2024,2024
1426276,eef2536f,rr,2024,2024
1426276,ce820073,rr,2024,2024
1426277,1abb78f8,csk,2024,2024
1426277,29e95537,csk,2024,2024
1426277,45a43fe2,csk,2024,2024
1426277,eade4650,csk,2024,2024
1426277,fe93fd9d,csk,2024,2024
1426277,a4e37e47,csk,2024,2024
1426277,4a8a2e3b,csk,2024,2024
1426277,bb351c23,csk,2024,2024
1426277,23eeb873,csk,2024,2024
1426277,46a9bea1,csk,2024,2024
1426277,0a8fce53,csk,2024,2024
1426277,64839cb3,csk,2024,2024
1426277,4b31f3a3,lsg,2024,2024
1426277,372455c4,lsg,2024,2024
1426277,b17e2f24,lsg,2024,2024
1426277,d9273ee7,lsg,2024,2024
1426277,2c25d4f5,lsg,2024,2024
1426277,3241e3fd,lsg,2024,2024
1426277,73ad96ed,lsg,2024,2024
1426277,872b03f7,lsg,2024,2024
1426277,5b8c830e,lsg,2024,2024
1426277,e84ac20c,lsg,2024,2024
1426277,df064e1a,lsg,2024,2024
1426277,c33d8116,lsg,2024,2024
1426278,b8527c3d,dc,2024,2024
1426278,8b3e9c7c,dc,2024,2024
1426278,9b6e1b3f,dc,2024,2024
1426278,2e171977,dc,2024,2024
1426278,1fc6ef83,dc,2024,2024
1426278,919a3be2,dc,2024,2024
1426278,85b3fab2,dc,2024,2024
1426278,ad3b6e95,dc,2024,2024
1426278,8d2c70ad,dc,2024,2024
1426278,acdc62f5,dc,2024,2024
1426278,a2f46292,dc,2024,2024
1426278,2cffab74,dc,2024,2024
1426278,cdc6bdba,gt,2024,2024
1426278,fe11caa6,gt,2024,2024
1426278,b4b99816,gt,2024,2024
1426278,d5130a30,gt,2024,2024
1426278,8f6dd463,gt,2024,2024
1426278,d67d5f00,gt,2024,2024
1426278,7dcb9bc9,gt,2024,2024
1426278,39a2dfa8,gt,2024,2024
1426278,5f547c8b,gt,2024,2024
1426278,c7a995d3,gt,2024,2024
1426278,759ac88f,gt,2024,2024
1426278,efc04be7,gt,2024,2024
1426279,ba607b88,rcb,2024,2024
1426279,3355b542,rcb,2024,2024
1426279,9caf69a1,rcb,2024,2024
1426279,c740ea83,rcb,2024,2024
1426279,eaa76d3c,rcb,2024,2024
1426279,da934ee8,rcb,2024,2024
1426279,c03f1114,rcb,2024,2024
1426279,983f2f61,rcb,2024,2024
1426279,119678fd,rcb,2024,2024
1426279,2f9d0389,rcb,2024,2024
1426279,7210d461,rcb,2024,2024
1426279,2f49c897,rcb,2024,2024
1426279,ce794613,srh,2024,2024
1426279,f29185a1,srh,2024,2024
1426279,12b610c2,srh,2024,2024
1426279,6a26221c,srh,2024,2024
1426279,aad0c365,srh,2024,2024
1426279,235c2bb6,srh,2024,2024
1426279,f9e6e7ef,srh,2024,2024
1426279,8e514b4c,srh,2024,2024
1426279,ded9240e,srh,2024,2024
1426279,2e81a32d,srh,2024,2024
1426279,1e66c162,srh,2024,2024
1426279,a9fd84fb,srh,2024,2024
1426280,e4cdf230,kkr,2024,2024
1426280,3d284ca3,kkr,2024,2024
1426280,9d430b40,kkr,2024,2024
1426280,a24be938,kkr,2024,2024
1426280,bbd41817,kkr,2024,2024
1426280,85ec8e33,kkr,2024,2024
1426280,0a509d6b,kkr,2024,2024
1426280,be24ead0,kkr,2024,2024
1426280,d7017798,kkr,2024,2024
1426280,5b7ab5a9,kkr,2024,2024
1426280,77b1aa15,kkr,2024,2024
1426280,327b58d3,kkr,2024,2024
1426280,244048f6,pbks,2024,2024
1426280,9418198b,pbks,2024,2024
1426280,abb83e27,pbks,2024,2024
1426280,cad00a4d,pbks,2024,2024
1426280,26989d80,pbks,2024,2024
1426280,e94915e6,pbks,2024,2024
1426280,800d2d97,pbks,2024,2024
1426280,84d9c311,pbks,2024,2024
1426280,c05edf8e,pbks,2024,2024
1426280,f986ca1a,pbks,2024,2024
1426280,e62dd25d,pbks,2024,2024
1426280,2ed569a0,pbks,2024,2024
1426281,b8527c3d,dc,2024,2024
1426281,9b6e1b3f,dc,2024,2024
1426281,ad3b6e95,dc,2024,2024
1426281,1fc6ef83,dc,2024,2024
1426281,919a3be2,dc,2024,2024
1426281,85b3fab2,dc,2024,2024
1426281,2e171977,dc,2024,2024
1426281,57ca01b3,dc,2024,2024
1426281,8d2c70ad,dc,2024,2024
1426281,a1d95bd8,dc,2024,2024
1426281,a2f46292,dc,2024,2024
1426281,2cffab74,dc,2024,2024
1426281,ee1b6c27,mi,2024,2024
1426281,752f7486,mi,2024,2024
1426281,740742ef,mi,2024,2024
1426281,271f83cd,mi,2024,2024
1426281,b0482a1d,mi,2024,2024
1426281,dbe50b21,mi,2024,2024
1426281,d1a60072,mi,2024,2024
1426281,f1f99156,mi,2024,2024
1426281,62af8546,mi,2024,2024
1426281,98ae73b1,mi,2024,2024
1426281,65b6943c,mi,2024,2024
1426281,462411b3,mi,2024,2024
1426282,6b19d823,lsg,2024,2024
1426282,372455c4,lsg,2024,2024
1426282,b17e2f24,lsg,2024,2024
1426282,d9273ee7,lsg,2024,2024
1426282,73ad96ed,lsg,2024,2024
1426282,3241e3fd,lsg,2024,2024
1426282,872b03f7,lsg,2024,2024
1426282,5b8c830e,lsg,2024,2024
1426282,e84ac20c,lsg,2024,2024
1426282,df064e1a,lsg,2024,2024
1426282,c33d8116,lsg,2024,2024
1426282,4b31f3a3,lsg,2024,2024
1426282,57ee1fde,rr,2024,2024
1426282,6c19c6e5,rr,2024,2024
1426282,99b75528,rr,2024,2024
1426282,a4cc73aa,rr,2024,2024
1426282,04a418e8,rr,2024,2024
1426282,bcf325d2,rr,2024,2024
1426282,650d5e49,rr,2024,2024
1426282,48a1d7b7,rr,2024,2024
1426282,495d42a5,rr,2024,2024
1426282,a818c1be,rr,2024,2024
1426282,eef2536f,rr,2024,2024
1426282,ce820073,rr,2024,2024
1426283,cdc6bdba,gt,2024,2024
1426283,fe11caa6,gt,2024,2024
1426283,b4b99816,gt,2024,2024
1426283,d5130a30,gt,2024,2024
1426283,7dcb9bc9,gt,2024,2024
1426283,d67d5f00,gt,2024,2024
1426283,8f6dd463,gt,2024,2024
1426283,39a2dfa8,gt,2024,2024
1426283,5f547c8b,gt,2024,2024
1426283,c7a995d3,gt,2024,2024
1426283,759ac88f,gt,2024,2024
1426283,efc04be7,gt,2024,2024
1426283,ba607b88,rcb,2024,2024
1426283,3355b542,rcb,2024,2024
1426283,9caf69a1,rcb,2024,2024
1426283,c740ea83,rcb,2024,2024
1426283,b681e71e,rcb,2024,2024
1426283,eaa76d3c,rcb,2024,2024
1426283,c03f1114,rcb,2024,2024
1426283,119678fd,rcb,2024,2024
1426283,2f49c897,rcb,2024,2024
1426283,7210d461,rcb,2024,2024
1426283,983f2f61,rcb,2024,2024
1426284,1abb78f8,csk,2024,2024
1426284,29e95537,csk,2024,2024
1426284,45a43fe2,csk,2024,2024
1426284,eade4650,csk,2024,2024
1426284,a4e37e47,csk,2024,2024
1426284,4a8a2e3b,csk,2024,2024
1426284,bb351c23,csk,2024,2024
1426284,fe93fd9d,csk,2024,2024
1426284,23eeb873,csk,2024,2024
1426284,46a9bea1,csk,2024,2024
1426284,0a8fce53,csk,2024,2024
1426284,64839cb3,csk,2024,2024
1426284,ce794613,srh,2024,2024
1426284,12b610c2,srh,2024,2024
1426284,f29185a1,srh,2024,2024
1426284,1399b39c,srh,2024,2024
1426284,6a26221c,srh,2024,2024
1426284,aad0c365,srh,2024,2024
1426284,235c2bb6,srh,2024,2024
1426284,8e514b4c,srh,2024,2024
1426284,f9e6e7ef,srh,2024,2024
1426284,ded9240e,srh,2024,2024
1426284,2e81a32d,srh,2024,2024
1426284,1e66c162,srh,2024,2024
1426285,8b3e9c7c,dc,2024,2024
1426285,9b6e1b3f,dc,2024,2024
1426285,ad3b6e95,dc,2024,2024
1426285,1fc6ef83,dc,2024,2024
1426285,919a3be2,dc,2024,2024
1426285,2e171977,dc,2024,2024
1426285,85b3fab2,dc,2024,2024
1426285,57ca01b3,dc,2024,2024
1426285,8d2c70ad,dc,2024,2024
1426285,b8527c3d,dc,2024,2024
1426285,a1d95bd8,dc,2024,2024
1426285,a2f46292,dc,2024,2024
1426285,5b7ab5a9,kkr,2024,2024
1426285,3d284ca3,kkr,2024,2024
1426285,9d430b40,kkr,2024,2024
1426285,0a509d6b,kkr,2024,2024
1426285,85ec8e33,kkr,2024,2024
1426285,a24be938,kkr,2024,2024
1426285,bbd41817,kkr,2024,2024
1426285,be24ead0,kkr,2024,2024
1426285,3fb19989,kkr,2024,2024
1426285,7c3b3b78,kkr,2024,2024
1426285,77b1aa15,kkr,2024,2024
1426285,d7017798,kkr,2024,2024
1426286,ee1b6c27,mi,2024,2024
1426286,752f7486,mi,2024,2024
1426286,740742ef,mi,2024,2024
1426286,271f83cd,mi,2024,2024
1426286,b0482a1d,mi,2024,2024
1426286,dbe50b21,mi,2024,2024
1426286,d1a60072,mi,2024,2024
1426286,f1f99156,mi,2024,2024
1426286,62af8546,mi,2024,2024
1426286,3204c99f,mi,2024,2024
1426286,98ae73b1,mi,2024,2024
1426286,462411b3,mi,2024,2024
1426286,b1ad996b,lsg,2024,2024
1426286,b17e2f24,lsg,2024,2024
1426286,2d140b79,lsg,2024,2024
1426286,d9273ee7,lsg,2024,2024
1426286,73ad96ed,lsg,2024,2024
1426286,3241e3fd,lsg,2024,2024
1426286,ff1e12a0,lsg,2024,2024
1426286,872b03f7,lsg,2024,2024
1426286,5b8c830e,lsg,2024,2024
1426286,df064e1a,lsg,2024,2024
1426286,c0c411cb,lsg,2024,2024
1426286,c33d8116,lsg,2024,2024
1426287,29e95537,csk,2024,2024
1426287,45a43fe2,csk,2024,2024
1426287,a4e37e47,csk,2024,2024
1426287,fe93fd9d,csk,2024,2024
1426287,f89d3b11,csk,2024,2024
1426287,bb351c23,csk,2024,2024
1426287,4a8a2e3b,csk,2024,2024
1426287,eade4650,csk,2024,2024
1426287,23eeb873,csk,2024,2024
1426287,1abb78f8,csk,2024,2024
1426287,402f8494,csk,2024,2024
1426287,0a8fce53,csk,2024,2024
1426287,244048f6,pbks,2024,2024
1426287,9418198b,pbks,2024,2024
1426287,abb83e27,pbks,2024,2024
1426287,cad00a4d,pbks,2024,2024
1426287,26989d80,pbks,2024,2024
1426287,e94915e6,pbks,2024,2024
1426287,800d2d97,pbks,2024,2024
1426287,84d9c311,pbks,2024,2024
1426287,c05edf8e,pbks,2024,2024
1426287,2ed569a0,pbks,2024,2024
1426287,f986ca1a,pbks,2024,2024
1426287,e62dd25d,pbks,2024,2024
1426288,1e66c162,srh,2024,2024
1426288,12b610c2,srh,2024,2024
1426288,f29185a1,srh,2024,2024
1426288,1399b39c,srh,2024,2024
1426288,aad0c365,srh,2024,2024
1426288,235c2bb6,srh,2024,2024
1426288,8e514b4c,srh,2024,2024
1426288,f9e6e7ef,srh,2024,2024
1426288,81c36ee9,srh,2024,2024
1426288,ded9240e,srh,2024,2024
1426288,2e81a32d,srh,2024,2024
1426288,ce794613,srh,2024,2024
1426288,57ee1fde,rr,2024,2024
1426288,6c19c6e5,rr,2024,2024
1426288,99b75528,rr,2024,2024
1426288,a4cc73aa,rr,2024,2024
1426288,04a418e8,rr,2024,2024
1426288,48a1d7b7,rr,2024,2024
1426288,650d5e49,rr,2024,2024
1426288,bcf325d2,rr,2024,2024
1426288,495d42a5,rr,2024,2024
1426288,a818c1be,rr,2024,2024
1426288,eef2536f,rr,2024,2024
1426288,ce820073,rr,2024,2024
1426289,3d284ca3,kkr,2024,2024
1426289,9d430b40,kkr,2024,2024
1426289,d7017798,kkr,2024,2024
1426289,85ec8e33,kkr,2024,2024
1426289,a24be938,kkr,2024,2024
1426289,0a509d6b,kkr,2024,2024
1426289,93b4fc78,kkr,2024,2024
1426289,bbd41817,kkr,2024,2024
1426289,be24ead0,kkr,2024,2024
1426289,3fb19989,kkr,2024,2024
1426289,7c3b3b78,kkr,2024,2024
1426289,5b7ab5a9,kkr,2024,2024
1426289,ee1b6c27,mi,2024,2024
1426289,752f7486,mi,2024,2024
1426289,740742ef,mi,2024,2024
1426289,fffa744b,mi,2024,2024
1426289,271f83cd,mi,2024,2024
1426289,b0482a1d,mi,2024,2024
1426289,d1a60072,mi,2024,2024
1426289,dbe50b21,mi,2024,2024
1426289,f1f99156,mi,2024,2024
1426289,3204c99f,mi,2024,2024
1426289,98ae73b1,mi,2024,2024
1426289,462411b3,mi,2024,2024
1426290,fe11caa6,gt,2024,2024
1426290,b4b99816,gt,2024,2024
1426290,d5130a30,gt,2024,2024
1426290,7dcb9bc9,gt,2024,2024
1426290,d67d5f00,gt,2024,2024
1426290,39a2dfa8,gt,2024,2024
1426290,5f547c8b,gt,2024,2024
1426290,0994d0ae,gt,2024,2024
1426290,025c4400,gt,2024,2024
1426290,759ac88f,gt,2024,2024
1426290,efc04be7,gt,2024,2024
1426290,9061a703,gt,2024,2024
1426290,7210d461,rcb,2024,2024
1426290,ba607b88,rcb,2024,2024
1426290,3355b542,rcb,2024,2024
1426290,9caf69a1,rcb,2024,2024
1426290,c740ea83,rcb,2024,2024
1426290,b681e71e,rcb,2024,2024
1426290,eaa76d3c,rcb,2024,2024
1426290,c03f1114,rcb,2024,2024
1426290,983f2f61,rcb,2024,2024
1426290,119678fd,rcb,2024,2024
1426290,2f49c897,rcb,2024,2024
1426290,54e52590,rcb,2024,2024
1426291,30df8c66,csk,2024,2024
1426291,29e95537,csk,2024,2024
1426291,45a43fe2,csk,2024,2024
1426291,eade4650,csk,2024,2024
1426291,a4e37e47,csk,2024,2024
1426291,bb351c23,csk,2024,2024
1426291,fe93fd9d,csk,2024,2024
1426291,e4a0deae,csk,2024,2024
1426291,1abb78f8,csk,2024,2024
1426291,4a8a2e3b,csk,2024,2024
1426291,46a9bea1,csk,2024,2024
1426291,402f8494,csk,2024,2024
1426291,244048f6,pbks,2024,2024
1426291,9418198b,pbks,2024,2024
1426291,abb83e27,pbks,2024,2024
1426291,cad00a4d,pbks,2024,2024
1426291,26989d80,pbks,2024,2024
1426291,e94915e6,pbks,2024,2024
1426291,800d2d97,pbks,2024,2024
1426291,84d9c311,pbks,2024,2024
1426291,c05edf8e,pbks,2024,2024
1426291,f986ca1a,pbks,2024,2024
1426291,2ed569a0,pbks,2024,2024
1426291,e62dd25d,pbks,2024,2024
1426292,7c3b3b78,kkr,2024,2024
1426292,3d284ca3,kkr,2024,2024
1426292,9d430b40,kkr,2024,2024
1426292,d7017798,kkr,2024,2024
1426292,bbd41817,kkr,2024,2024
1426292,0a509d6b,kkr,2024,2024
1426292,85ec8e33,kkr,2024,2024
1426292,be24ead0,kkr,2024,2024
1426292,a24be938,kkr,2024,2024
1426292,3fb19989,kkr,2024,2024
1426292,77b1aa15,kkr,2024,2024
1426292,5b7ab5a9,kkr,2024,2024
1426292,4b31f3a3,lsg,2024,2024
1426292,c33d8116,lsg,2024,2024
1426292,b17e2f24,lsg,2024,2024
1426292,2d140b79,lsg,2024,2024
1426292,d9273ee7,lsg,2024,2024
1426292,73ad96ed,lsg,2024,2024
1426292,3241e3fd,lsg,2024,2024
1426292,872b03f7,lsg,2024,2024
1426292,ff1e12a0,lsg,2024,2024
1426292,5b8c830e,lsg,2024,2024
1426292,4885bbe6,lsg,2024,2024
1426292,df064e1a,lsg,2024,2024
1426292,c0c411cb,lsg,2024,2024
1426293,12b610c2,srh,2024,2024
1426293,f29185a1,srh,2024,2024
1426293,00ea847a,srh,2024,2024
1426293,aad0c365,srh,2024,2024
1426293,235c2bb6,srh,2024,2024
1426293,81c36ee9,srh,2024,2024
1426293,f9e6e7ef,srh,2024,2024
1426293,8e514b4c,srh,2024,2024
1426293,ded9240e,srh,2024,2024
1426293,b0f2baf4,srh,2024,2024
1426293,2e81a32d,srh,2024,2024
1426293,ce794613,srh,2024,2024
1426293,752f7486,mi,2024,2024
1426293,740742ef,mi,2024,2024
1426293,fffa744b,mi,2024,2024
1426293,271f83cd,mi,2024,2024
1426293,b0482a1d,mi,2024,2024
1426293,dbe50b21,mi,2024,2024
1426293,f1f99156,mi,2024,2024
1426293,fcc21ace,mi,2024,2024
1426293,98ae73b1,mi,2024,2024
1426293,462411b3,mi,2024,2024
1426293,ee1b6c27,mi,2024,2024
1426294,9b6e1b3f,dc,2024,2024
1426294,ad3b6e95,dc,2024,2024
1426294,1fc6ef83,dc,2024,2024
1426294,2e171977,dc,2024,2024
1426294,919a3be2,dc,2024,2024
1426294,85b3fab2,dc,2024,2024
1426294,9f77963a,dc,2024,2024
1426294,b8527c3d,dc,2024,2024
1426294,8d2c70ad,dc,2024,2024
1426294,2cffab74,dc,2024,2024
1426294,5bb1a1c4,dc,2024,2024
1426294,a2f46292,dc,2024,2024
1426294,57ee1fde,rr,2024,2024
1426294,6c19c6e5,rr,2024,2024
1426294,99b75528,rr,2024,2024
1426294,a4cc73aa,rr,2024,2024
1426294,04a418e8,rr,2024,2024
1426294,6b2ff18f,rr,2024,2024
1426294,650d5e49,rr,2024,2024
1426294,f0af99a7,rr,2024,2024
1426294,495d42a5,rr,2024,2024
1426294,a818c1be,rr,2024,2024
1426294,eef2536f,rr,2024,2024
1426294,ce820073,rr,2024,2024
1426295,b17e2f24,lsg,2024,2024
1426295,372455c4,lsg,2024,2024
1426295,d9273ee7,lsg,2024,2024
1426295,5b8c830e,lsg,2024,2024
1426295,3241e3fd,lsg,2024,2024
1426295,872b03f7,lsg,2024,2024
1426295,73ad96ed,lsg,2024,2024
1426295,90de905a,lsg,2024,2024
1426295,4b31f3a3,lsg,2024,2024
1426295,df064e1a,lsg,2024,2024
1426295,c0c411cb,lsg,2024,2024
1426295,ce794613,srh,2024,2024
1426295,f29185a1,srh,2024,2024
1426295,12b610c2,srh,2024,2024
1426295,aad0c365,srh,2024,2024
1426295,235c2bb6,srh,2024,2024
1426295,8e514b4c,srh,2024,2024
1426295,f9e6e7ef,srh,2024,2024
1426295,b0f2baf4,srh,2024,2024
1426295,ded9240e,srh,2024,2024
1426295,2e81a32d,srh,2024,2024
1426295,1e66c162,srh,2024,2024
1426295,03a83c50,srh,2024,2024
1426296,7210d461,rcb,2024,2024
1426296,ba607b88,rcb,2024,2024
1426296,3355b542,rcb,2024,2024
1426296,9caf69a1,rcb,2024,2024
1426296,c740ea83,rcb,2024,2024
1426296,eaa76d3c,rcb,2024,2024
1426296,c03f1114,rcb,2024,2024
1426296,da934ee8,rcb,2024,2024
1426296,983f2f61,rcb,2024,2024
1426296,119678fd,rcb,2024,2024
1426296,2f49c897,rcb,2024,2024
1426296,2f9d0389,rcb,2024,2024
1426296,d4d929b0,pbks,2024,2024
1426296,9418198b,pbks,2024,2024
1426296,abb83e27,pbks,2024,2024
1426296,cad00a4d,pbks,2024,2024
1426296,26989d80,pbks,2024,2024
1426296,800d2d97,pbks,2024,2024
1426296,50c6bc2b,pbks,2024,2024
1426296,e94915e6,pbks,2024,2024
1426296,84d9c311,pbks,2024,2024
1426296,f986ca1a,pbks,2024,2024
1426296,2ed569a0,pbks,2024,2024
1426296,244048f6,pbks,2024,2024
1426297,cdc6bdba,gt,2024,2024
1426297,d5130a30,gt,2024,2024
1426297,b4b99816,gt,2024,2024
1426297,d67d5f00,gt,2024,2024
1426297,7dcb9bc9,gt,2024,2024
1426297,afa7e784,gt,2024,2024
1426297,39a2dfa8,gt,2024,2024
1426297,5f547c8b,gt,2024,2024
1426297,efc04be7,gt,2024,2024
1426297,cc1e8c68,gt,2024,2024
1426297,759ac88f,gt,2024,2024
1426297,5d2eea49,gt,2024,2024
1426297,46a9bea1,csk,2024,2024
1426297,29e95537,csk,2024,2024
1426297,ba5e1069,csk,2024,2024
1426297,45a43fe2,csk,2024,2024
1426297,eade4650,csk,2024,2024
1426297,bb351c23,csk,2024,2024
1426297,a4e37e47,csk,2024,2024
1426297,fe93fd9d,csk,2024,2024
1426297,4a8a2e3b,csk,2024,2024
1426297,e4a0deae,csk,2024,2024
1426297,1abb78f8,csk,2024,2024
1426297,30df8c66,csk,2024,2024
1426298,7c3b3b78,kkr,2024,2024
1426298,3d284ca3,kkr,2024,2024
1426298,9d430b40,kkr,2024,2024
1426298,a24be938,kkr,2024,2024
1426298,85ec8e33,kkr,2024,2024
1426298,fb2d1dda,kkr,2024,2024
1426298,bbd41817,kkr,2024,2024
1426298,0a509d6b,kkr,2024,2024
1426298,be24ead0,kkr,2024,2024
1426298,3fb19989,kkr,2024,2024
1426298,77b1aa15,kkr,2024,2024
1426298,5b7ab5a9,kkr,2024,2024
1426298,ee1b6c27,mi,2024,2024
1426298,752f7486,mi,2024,2024
1426298,740742ef,mi,2024,2024
1426298,271f83cd,mi,2024,2024
1426298,b0482a1d,mi,2024,2024
1426298,dbe50b21,mi,2024,2024
1426298,f1f99156,mi,2024,2024
1426298,d1a60072,mi,2024,2024
1426298,fffa744b,mi,2024,2024
1426298,fcc21ace,mi,2024,2024
1426298,98ae73b1,mi,2024,2024
1426298,462411b3,mi,2024,2024
1426299,465aa633,rr,2024,2024
1426299,6c19c6e5,rr,2024,2024
1426299,99b75528,rr,2024,2024
1426299,a4cc73aa,rr,2024,2024
1426299,04a418e8,rr,2024,2024
1426299,bcf325d2,rr,2024,2024
1426299,6b2ff18f,rr,2024,2024
1426299,495d42a5,rr,2024,2024
1426299,a818c1be,rr,2024,2024
1426299,eef2536f,rr,2024,2024
1426299,ce820073,rr,2024,2024
1426299,57ee1fde,rr,2024,2024
1426299,ba5e1069,csk,2024,2024
1426299,45a43fe2,csk,2024,2024
1426299,eade4650,csk,2024,2024
1426299,bb351c23,csk,2024,2024
1426299,a4e37e47,csk,2024,2024
1426299,fe93fd9d,csk,2024,2024
1426299,f89d3b11,csk,2024,2024
1426299,4a8a2e3b,csk,2024,2024
1426299,1abb78f8,csk,2024,2024
1426299,46a9bea1,csk,2024,2024
1426299,30df8c66,csk,2024,2024
1426299,f24c6701,csk,2024,2024
1426300,ba607b88,rcb,2024,2024
1426300,3355b542,rcb,2024,2024
1426300,9caf69a1,rcb,2024,2024
1426300,c740ea83,rcb,2024,2024
1426300,eaa76d3c,rcb,2024,2024
1426300,da934ee8,rcb,2024,2024
1426300,c03f1114,rcb,2024,2024
1426300,983f2f61,rcb,2024,2024
1426300,119678fd,rcb,2024,2024
1426300,2f49c897,rcb,2024,2024
1426300,7210d461,rcb,2024,2024
1426300,2f9d0389,rcb,2024,2024
1426300,a2f46292,dc,2024,2024
1426300,dcce6f09,dc,2024,2024
1426300,9b6e1b3f,dc,2024,2024
1426300,ad3b6e95,dc,2024,2024
1426300,1fc6ef83,dc,2024,2024
1426300,57ca01b3,dc,2024,2024
1426300,2e171977,dc,2024,2024
1426300,85b3fab2,dc,2024,2024
1426300,b8527c3d,dc,2024,2024
1426300,8d2c70ad,dc,2024,2024
1426300,2cffab74,dc,2024,2024
1426300,5bb1a1c4,dc,2024,2024
1426302,5bb1a1c4,dc,2024,2024
1426302,9b6e1b3f,dc,2024,2024
1426302,ad3b6e95,dc,2024,2024
1426302,1fc6ef83,dc,2024,2024
1426302,919a3be2,dc,2024,2024
1426302,85b3fab2,dc,2024,2024
1426302,2e171977,dc,2024,2024
1426302,9f77963a,dc,2024,2024
1426302,b8527c3d,dc,2024,2024
1426302,2cffab74,dc,2024,2024
1426302,8d2c70ad,dc,2024,2024
1426302,a2f46292,dc,2024,2024
1426302,c33d8116,lsg,2024,2024
1426302,372455c4,lsg,2024,2024
1426302,b17e2f24,lsg,2024,2024
1426302,d9273ee7,lsg,2024,2024
1426302,73ad96ed,lsg,2024,2024
1426302,3241e3fd,lsg,2024,2024
1426302,872b03f7,lsg,2024,2024
1426302,5b8c830e,lsg,2024,2024
1426302,12314277,lsg,2024,2024
1426302,4885bbe6,lsg,2024,2024
1426302,df064e1a,lsg,2024,2024
1426302,c0c411cb,lsg,2024,2024
1426303,6c19c6e5,rr,2024,2024
1426303,f836b33d,rr,2024,2024
1426303,a4cc73aa,rr,2024,2024
1426303,04a418e8,rr,2024,2024
1426303,495d42a5,rr,2024,2024
1426303,bcf325d2,rr,2024,2024
1426303,650d5e49,rr,2024,2024
1426303,f0af99a7,rr,2024,2024
1426303,a818c1be,rr,2024,2024
1426303,eef2536f,rr,2024,2024
1426303,ce820073,rr,2024,2024
1426303,57ee1fde,rr,2024,2024
1426303,244048f6,pbks,2024,2024
1426303,9418198b,pbks,2024,2024
1426303,abb83e27,pbks,2024,2024
1426303,cad00a4d,pbks,2024,2024
1426303,26989d80,pbks,2024,2024
1426303,e94915e6,pbks,2024,2024
1426303,800d2d97,pbks,2024,2024
1426303,84d9c311,pbks,2024,2024
1426303,c05edf8e,pbks,2024,2024
1426303,f986ca1a,pbks,2024,2024
1426303,9eb1455b,pbks,2024,2024
1426303,2ed569a0,pbks,2024,2024
1426305,c0c411cb,lsg,2024,2024
1426305,b17e2f24,lsg,2024,2024
1426305,2c25d4f5,lsg,2024,2024
1426305,d9273ee7,lsg,2024,2024
1426305,73ad96ed,lsg,2024,2024
1426305,3241e3fd,lsg,2024,2024
1426305,12314277,lsg,2024,2024
1426305,872b03f7,lsg,2024,2024
1426305,5b8c830e,lsg,2024,2024
1426305,e84ac20c,lsg,2024,2024
1426305,df064e1a,lsg,2024,2024
1426305,c33d8116,lsg,2024,2024
1426305,ee1b6c27,mi,2024,2024
1426305,740742ef,mi,2024,2024
1426305,844e79d1,mi,2024,2024
1426305,271f83cd,mi,2024,2024
1426305,752f7486,mi,2024,2024
1426305,dbe50b21,mi,2024,2024
1426305,d1a60072,mi,2024,2024
1426305,fffa744b,mi,2024,2024
1426305,c5aef772,mi,2024,2024
1426305,fcc21ace,mi,2024,2024
1426305,98ae73b1,mi,2024,2024
1426305,44aac2f0,mi,2024,2024
1426306,983f2f61,rcb,2024,2024
1426306,ba607b88,rcb,2024,2024
1426306,3355b542,rcb,2024,2024
1426306,c740ea83,rcb,2024,2024
1426306,eaa76d3c,rcb,2024,2024
1426306,c03f1114,rcb,2024,2024
1426306,b681e71e,rcb,2024,2024
1426306,da934ee8,rcb,2024,2024
1426306,7210d461,rcb,2024,2024
1426306,119678fd,rcb,2024,2024
1426306,2f49c897,rcb,2024,2024
1426306,2f9d0389,rcb,2024,2024
1426306,f24c6701,csk,2024,2024
1426306,45a43fe2,csk,2024,2024
1426306,ba5e1069,csk,2024,2024
1426306,eade4650,csk,2024,2024
1426306,29e95537,csk,2024,2024
1426306,a4e37e47,csk,2024,2024
1426306,fe93fd9d,csk,2024,2024
1426306,e4a0deae,csk,2024,2024
1426306,4a8a2e3b,csk,2024,2024
1426306,1abb78f8,csk,2024,2024
1426306,46a9bea1,csk,2024,2024
1426306,30df8c66,csk,2024,2024
1426307,244048f6,pbks,2024,2024
1426307,1ac746c8,pbks,2024,2024
1426307,9418198b,pbks,2024,2024
1426307,cad00a4d,pbks,2024,2024
1426307,26989d80,pbks,2024,2024
1426307,800d2d97,pbks,2024,2024
1426307,84d9c311,pbks,2024,2024
1426307,e1d9ae9c,pbks,2024,2024
1426307,26a85969,pbks,2024,2024
1426307,c05edf8e,pbks,2024,2024
1426307,f986ca1a,pbks,2024,2024
1426307,2ed569a0,pbks,2024,2024
1426307,ce794613,srh,2024,2024
1426307,12b610c2,srh,2024,2024
1426307,f29185a1,srh,2024,2024
1426307,77255a9e,srh,2024,2024
1426307,aad0c365,srh,2024,2024
1426307,235c2bb6,srh,2024,2024
1426307,f9e6e7ef,srh,2024,2024
1426307,8e514b4c,srh,2024,2024
1426307,b0f2baf4,srh,2024,2024
1426307,ded9240e,srh,2024,2024
1426307,2e81a32d,srh,2024,2024
1426307,03a83c50,srh,2024,2024
1426309,12b610c2,srh,2024,2024
1426309,f29185a1,srh,2024,2024
1426309,77255a9e,srh,2024,2024
1426309,aad0c365,srh,2024,2024
1426309,f9e6e7ef,srh,2024,2024
1426309,235c2bb6,srh,2024,2024
1426309,8e514b4c,srh,2024,2024
1426309,b0f2baf4,srh,2024,2024
1426309,ded9240e,srh,2024,2024
1426309,2e81a32d,srh,2024,2024
1426309,03a83c50,srh,2024,2024
1426309,ce794613,srh,2024,2024
1426309,0bacade8,kkr,2024,2024
1426309,9d430b40,kkr,2024,2024
1426309,a24be938,kkr,2024,2024
1426309,85ec8e33,kkr,2024,2024
1426309,0a509d6b,kkr,2024,2024
1426309,bbd41817,kkr,2024,2024
1426309,be24ead0,kkr,2024,2024
1426309,3fb19989,kkr,2024,2024
1426309,7c3b3b78,kkr,2024,2024
1426309,77b1aa15,kkr,2024,2024
1426309,5b7ab5a9,kkr,2024,2024
1426310,ba607b88,rcb,2024,2024
1426310,3355b542,rcb,2024,2024
1426310,eaa76d3c,rcb,2024,2024
1426310,c740ea83,rcb,2024,2024
1426310,b681e71e,rcb,2024,2024
1426310,da934ee8,rcb,2024,2024
1426310,c03f1114,rcb,2024,2024
1426310,983f2f61,rcb,2024,2024
1426310,119678fd,rcb,2024,2024
1426310,7210d461,rcb,2024,2024
1426310,2f49c897,rcb,2024,2024
1426310,2f9d0389,rcb,2024,2024
1426310,57ee1fde,rr,2024,2024
1426310,6c19c6e5,rr,2024,2024
1426310,f836b33d,rr,2024,2024
1426310,a4cc73aa,rr,2024,2024
1426310,04a418e8,rr,2024,2024
1426310,bcf325d2,rr,2024,2024
1426310,48a1d7b7,rr,2024,2024
1426310,650d5e49,rr,2024,2024
1426310,495d42a5,rr,2024,2024
1426310,a818c1be,rr,2024,2024
1426310,eef2536f,rr,2024,2024
1426310,ce820073,rr,2024,2024
1426311,12b610c2,srh,2024,2024
1426311,f29185a1,srh,2024,2024
1426311,77255a9e,srh,2024,2024
1426311,6a26221c,srh,2024,2024
1426311,235c2bb6,srh,2024,2024
1426311,aad0c365,srh,2024,2024
1426311,8e514b4c,srh,2024,2024
1426311,f9e6e7ef,srh,2024,2024
1426311,ded9240e,srh,2024,2024
1426311,1e66c162,srh,2024,2024
1426311,2e81a32d,srh,2024,2024
1426311,ce794613,srh,2024,2024
1426311,57ee1fde,rr,2024,2024
1426311,6c19c6e5,rr,2024,2024
1426311,f836b33d,rr,2024,2024
1426311,a4cc73aa,rr,2024,2024
1426311,04a418e8,rr,2024,2024
1426311,bcf325d2,rr,2024,2024
1426311,495d42a5,rr,2024,2024
1426311,48a1d7b7,rr,2024,2024
1426311,650d5e49,rr,2024,2024
1426311,a818c1be,rr,2024,2024
1426311,ce820073,rr,2024,2024
1426311,eef2536f,rr,2024,2024
1426312,f29185a1,srh,2024,2024
1426312,12b610c2,srh,2024,2024
1426312,77255a9e,srh,2024,2024
1426312,6a26221c,srh,2024,2024
1426312,aad0c365,srh,2024,2024
1426312,235c2bb6,srh,2024,2024
1426312,f9e6e7ef,srh,2024,2024
1426312,8e514b4c,srh,2024,2024
1426312,ded9240e,srh,2024,2024
1426312,1e66c162,srh,2024,2024
1426312,2e81a32d,srh,2024,2024
1426312,ce794613,srh,2024,2024
1426312,0bacade8,kkr,2024,2024
1426312,9d430b40,kkr,2024,2024
1426312,a24be938,kkr,2024,2024
1426312,85ec8e33,kkr,2024,2024
1426312,0a509d6b,kkr,2024,2024
1426312,bbd41817,kkr,2024,2024
1426312,be24ead0,kkr,2024,2024
1426312,3fb19989,kkr,2024,2024
1426312,7c3b3b78,kkr,2024,2024
1426312,77b1aa15,kkr,2024,2024
1426312,5b7ab5a9,kkr,2024,2024
1473438,7c3b3b78,kkr,2025,2025
1473438,372455c4,kkr,2025,2025
1473438,9d430b40,kkr,2025,2025
1473438,29e95537,kkr,2025,2025
1473438,a24be938,kkr,2025,2025
1473438,d7017798,kkr,2025,2025
1473438,0a509d6b,kkr,2025,2025
1473438,bbd41817,kkr,2025,2025
1473438,be24ead0,kkr,2025,2025
1473438,77b1aa15,kkr,2025,2025
1473438,83c3e8e3,kkr,2025,2025
1473438,5b7ab5a9,kkr,2025,2025
1473438,9440ef41,rcb,2025,2025
1473438,3d284ca3,rcb,2025,2025
1473438,ba607b88,rcb,2025,2025
1473438,2c25d4f5,rcb,2025,2025
1473438,c740ea83,rcb,2025,2025
1473438,50c6bc2b,rcb,2025,2025
1473438,800d2d97,rcb,2025,2025
1473438,f1f99156,rcb,2025,2025
1473438,5b8c830e,rcb,2025,2025
1473438,b8527c3d,rcb,2025,2025
1473438,03806cf8,rcb,2025,2025
1473438,7210d461,rcb,2025,2025
1473439,14f96089,srh,2025,2025
1473439,f29185a1,srh,2025,2025
1473439,12b610c2,srh,2025,2025
1473439,752f7486,srh,2025,2025
1473439,aad0c365,srh,2025,2025
1473439,235c2bb6,srh,2025,2025
1473439,a3b0600d,srh,2025,2025
1473439,0890552f,srh,2025,2025
1473439,ded9240e,srh,2025,2025
1473439,30df8c66,srh,2025,2025
1473439,f986ca1a,srh,2025,2025
1473439,8cf9814c,srh,2025,2025
1473439,e9c7f0d0,rr,2025,2025
1473439,6c19c6e5,rr,2025,2025
1473439,a4cc73aa,rr,2025,2025
1473439,04a418e8,rr,2025,2025
1473439,fb2d1dda,rr,2025,2025
1473439,bcf325d2,rr,2025,2025
1473439,48a1d7b7,rr,2025,2025
1473439,6b2ff18f,rr,2025,2025
1473439,5574750c,rr,2025,2025
1473439,f24c6701,rr,2025,2025
1473439,46a9bea1,rr,2025,2025
1473439,ce820073,rr,2025,2025
1473440,1e030637,mi,2025,2025
1473440,740742ef,mi,2025,2025
1473440,e66732f8,mi,2025,2025
1473440,9caf69a1,mi,2025,2025
1473440,271f83cd,mi,2025,2025
1473440,b0482a1d,mi,2025,2025
1473440,bafd0398,mi,2025,2025
1473440,fffa744b,mi,2025,2025
1473440,e4a0deae,mi,2025,2025
1473440,23eeb873,mi,2025,2025
1473440,a818c1be,mi,2025,2025
1473440,c27b5a0e,mi,2025,2025
1473440,a2f46292,csk,2025,2025
1473440,ba5e1069,csk,2025,2025
1473440,77255a9e,csk,2025,2025
1473440,45a43fe2,csk,2025,2025
1473440,a4e37e47,csk,2025,2025
1473440,73ad96ed,csk,2025,2025
1473440,e94915e6,csk,2025,2025
1473440,fe93fd9d,csk,2025,2025
1473440,4a8a2e3b,csk,2025,2025
1473440,495d42a5,csk,2025,2025
1473440,efc04be7,csk,2025,2025
1473440,9eb1455b,csk,2025,2025
1473441,cf0ccafa,lsg,2025,2025
1473441,6a26221c,lsg,2025,2025
1473441,3d8feaf8,lsg,2025,2025
1473441,3241e3fd,lsg,2025,2025
1473441,919a3be2,lsg,2025,2025
1473441,d67d5f00,lsg,2025,2025
1473441,872b03f7,lsg,2025,2025
1473441,1abb78f8,lsg,2025,2025
1473441,f9e6e7ef,lsg,2025,2025
1473441,df064e1a,lsg,2025,2025
1473441,13fc5c6d,lsg,2025,2025
1473441,80b2fb19,lsg,2025,2025
1473441,2cffab74,dc,2025,2025
1473441,9b6e1b3f,dc,2025,2025
1473441,3355b542,dc,2025,2025
1473441,ad3b6e95,dc,2025,2025
1473441,f89d3b11,dc,2025,2025
1473441,2e171977,dc,2025,2025
1473441,85b3fab2,dc,2025,2025
1473441,84d9c311,dc,2025,2025
1473441,5ffc0565,dc,2025,2025
1473441,3fb19989,dc,2025,2025
1473441,8d2c70ad,dc,2025,2025
1473441,759ac88f,dc,2025,2025
1473442,b5797845,pbks,2025,2025
1473442,9418198b,pbks,2025,2025
1473442,85ec8e33,pbks,2025,2025
1473442,8f6dd463,pbks,2025,2025
1473442,b681e71e,pbks,2025,2025
1473442,d9273ee7,pbks,2025,2025
1473442,26989d80,pbks,2025,2025
1473442,970ddd24,pbks,2025,2025
1473442,81c36ee9,pbks,2025,2025
1473442,244048f6,pbks,2025,2025
1473442,57ee1fde,pbks,2025,2025
1473442,54e52590,pbks,2025,2025
1473442,d5130a30,gt,2025,2025
1473442,b4b99816,gt,2025,2025
1473442,99b75528,gt,2025,2025
1473442,d014d5ac,gt,2025,2025
1473442,39a2dfa8,gt,2025,2025
1473442,7dcb9bc9,gt,2025,2025
1473442,12314277,gt,2025,2025
1473442,c7a995d3,gt,2025,2025
1473442,5f547c8b,gt,2025,2025
1473442,e62dd25d,gt,2025,2025
1473442,2f49c897,gt,2025,2025
1473442,85e0cf10,gt,2025,2025
1473443,6c19c6e5,rr,2025,2025
1473443,a4cc73aa,rr,2025,2025
1473443,04a418e8,rr,2025,2025
1473443,fb2d1dda,rr,2025,2025
1473443,a97c8ec2,rr,2025,2025
1473443,bcf325d2,rr,2025,2025
1473443,6b2ff18f,rr,2025,2025
1473443,48a1d7b7,rr,2025,2025
1473443,5574750c,rr,2025,2025
1473443,f24c6701,rr,2025,2025
1473443,46a9bea1,rr,2025,2025
1473443,ce820073,rr,2025,2025
1473443,5b7ab5a9,kkr,2025,2025
1473443,bb351c23,kkr,2025,2025
1473443,372455c4,kkr,2025,2025
1473443,29e95537,kkr,2025,2025
1473443,d7017798,kkr,2025,2025
1473443,a24be938,kkr,2025,2025
1473443,0a509d6b,kkr,2025,2025
1473443,bbd41817,kkr,2025,2025
1473443,be24ead0,kkr,2025,2025
1473443,83c3e8e3,kkr,2025,2025
1473443,7c3b3b78,kkr,2025,2025
1473443,77b1aa15,kkr,2025,2025
1473444,12b610c2,srh,2025,2025
1473444,f29185a1,srh,2025,2025
1473444,752f7486,srh,2025,2025
1473444,aad0c365,srh,2025,2025
1473444,235c2bb6,srh,2025,2025
1473444,a3b0600d,srh,2025,2025
1473444,0890552f,srh,2025,2025
1473444,ded9240e,srh,2025,2025
1473444,f986ca1a,srh,2025,2025
1473444,8cf9814c,srh,2025,2025
1473444,30df8c66,srh,2025,2025
1473444,14f96089,srh,2025,2025
1473444,13fc5c6d,lsg,2025,2025
1473444,3d8feaf8,lsg,2025,2025
1473444,6a26221c,lsg,2025,2025
1473444,3241e3fd,lsg,2025,2025
1473444,919a3be2,lsg,2025,2025
1473444,872b03f7,lsg,2025,2025
1473444,d67d5f00,lsg,2025,2025
1473444,8e514b4c,lsg,2025,2025
1473444,1abb78f8,lsg,2025,2025
1473444,df064e1a,lsg,2025,2025
1473444,80b2fb19,lsg,2025,2025
1473444,eef2536f,lsg,2025,2025
1473445,9440ef41,rcb,2025,2025
1473445,3d284ca3,rcb,2025,2025
1473445,ba607b88,rcb,2025,2025
1473445,2c25d4f5,rcb,2025,2025
1473445,c740ea83,rcb,2025,2025
1473445,50c6bc2b,rcb,2025,2025
1473445,800d2d97,rcb,2025,2025
1473445,f1f99156,rcb,2025,2025
1473445,5b8c830e,rcb,2025,2025
1473445,2e81a32d,rcb,2025,2025
1473445,03806cf8,rcb,2025,2025
1473445,7210d461,rcb,2025,2025
1473445,64839cb3,csk,2025,2025
1473445,ba5e1069,csk,2025,2025
1473445,77255a9e,csk,2025,2025
1473445,45a43fe2,csk,2025,2025
1473445,73ad96ed,csk,2025,2025
1473445,e94915e6,csk,2025,2025
1473445,a4e37e47,csk,2025,2025
1473445,fe93fd9d,csk,2025,2025
1473445,495d42a5,csk,2025,2025
1473445,4a8a2e3b,csk,2025,2025
1473445,efc04be7,csk,2025,2025
1473445,a2f46292,csk,2025,2025
1473446,5bb1a1c4,gt,2025,2025
1473446,d5130a30,gt,2025,2025
1473446,b4b99816,gt,2025,2025
1473446,99b75528,gt,2025,2025
1473446,7dcb9bc9,gt,2025,2025
1473446,d014d5ac,gt,2025,2025
1473446,39a2dfa8,gt,2025,2025
1473446,5f547c8b,gt,2025,2025
1473446,e62dd25d,gt,2025,2025
1473446,c7a995d3,gt,2025,2025
1473446,2f49c897,gt,2025,2025
1473446,85e0cf10,gt,2025,2025
1473446,c27b5a0e,mi,2025,2025
1473446,740742ef,mi,2025,2025
1473446,e66732f8,mi,2025,2025
1473446,b0482a1d,mi,2025,2025
1473446,271f83cd,mi,2025,2025
1473446,bafd0398,mi,2025,2025
1473446,dbe50b21,mi,2025,2025
1473446,fffa744b,mi,2025,2025
1473446,e4a0deae,mi,2025,2025
1473446,23eeb873,mi,2025,2025
1473446,a818c1be,mi,2025,2025
1473446,7d92277a,mi,2025,2025
1473447,f29185a1,srh,2025,2025
1473447,12b610c2,srh,2025,2025
1473447,752f7486,srh,2025,2025
1473447,aad0c365,srh,2025,2025
1473447,a3b0600d,srh,2025,2025
1473447,235c2bb6,srh,2025,2025
1473447,0890552f,srh,2025,2025
1473447,ded9240e,srh,2025,2025
1473447,c96f6ac5,srh,2025,2025
1473447,f986ca1a,srh,2025,2025
1473447,8cf9814c,srh,2025,2025
1473447,36619795,srh,2025,2025
1473447,9b6e1b3f,dc,2025,2025
1473447,3355b542,dc,2025,2025
1473447,ad3b6e95,dc,2025,2025
1473447,b17e2f24,dc,2025,2025
1473447,85b3fab2,dc,2025,2025
1473447,2e171977,dc,2025,2025
1473447,5ffc0565,dc,2025,2025
1473447,3fb19989,dc,2025,2025
1473447,8d2c70ad,dc,2025,2025
1473447,759ac88f,dc,2025,2025
1473447,2cffab74,dc,2025,2025
1473448,6c19c6e5,rr,2025,2025
1473448,a4cc73aa,rr,2025,2025
1473448,fb2d1dda,rr,2025,2025
1473448,04a418e8,rr,2025,2025
1473448,bcf325d2,rr,2025,2025
1473448,a97c8ec2,rr,2025,2025
1473448,48a1d7b7,rr,2025,2025
1473448,5574750c,rr,2025,2025
1473448,f6d8a7ab,rr,2025,2025
1473448,f24c6701,rr,2025,2025
1473448,46a9bea1,rr,2025,2025
1473448,ce820073,rr,2025,2025
1473448,64839cb3,csk,2025,2025
1473448,ba5e1069,csk,2025,2025
1473448,77255a9e,csk,2025,2025
1473448,45a43fe2,csk,2025,2025
1473448,a4e37e47,csk,2025,2025
1473448,0994d0ae,csk,2025,2025
1473448,fe93fd9d,csk,2025,2025
1473448,4a8a2e3b,csk,2025,2025
1473448,59559bc2,csk,2025,2025
1473448,495d42a5,csk,2025,2025
1473448,efc04be7,csk,2025,2025
1473448,a2f46292,csk,2025,2025
1473449,372455c4,kkr,2025,2025
1473449,9d430b40,kkr,2025,2025
1473449,29e95537,kkr,2025,2025
1473449,d7017798,kkr,2025,2025
1473449,a24be938,kkr,2025,2025
1473449,0a509d6b,kkr,2025,2025
1473449,93b4fc78,kkr,2025,2025
1473449,bbd41817,kkr,2025,2025
1473449,be24ead0,kkr,2025,2025
1473449,77b1aa15,kkr,2025,2025
1473449,83c3e8e3,kkr,2025,2025
1473449,5b7ab5a9,kkr,2025,2025
1473449,1e030637,mi,2025,2025
1473449,740742ef,mi,2025,2025
1473449,e66732f8,mi,2025,2025
1473449,9caf69a1,mi,2025,2025
1473449,271f83cd,mi,2025,2025
1473449,b0482a1d,mi,2025,2025
1473449,dbe50b21,mi,2025,2025
1473449,fffa744b,mi,2025,2025
1473449,e4a0deae,mi,2025,2025
1473449,23eeb873,mi,2025,2025
1473449,a818c1be,mi,2025,2025
1473449,d45c29b1,mi,2025,2025
1473450,cf0ccafa,lsg,2025,2025
1473450,6a26221c,lsg,2025,2025
1473450,3d8feaf8,lsg,2025,2025
1473450,3241e3fd,lsg,2025,2025
1473450,919a3be2,lsg,2025,2025
1473450,872b03f7,lsg,2025,2025
1473450,d67d5f00,lsg,2025,2025
1473450,8e514b4c,lsg,2025,2025
1473450,1abb78f8,lsg,2025,2025
1473450,eef2536f,lsg,2025,2025
1473450,df064e1a,lsg,2025,2025
1473450,13fc5c6d,lsg,2025,2025
1473450,57ee1fde,pbks,2025,2025
1473450,b5797845,pbks,2025,2025
1473450,9418198b,pbks,2025,2025
1473450,85ec8e33,pbks,2025,2025
1473450,d1a60072,pbks,2025,2025
1473450,b681e71e,pbks,2025,2025
1473450,d9273ee7,pbks,2025,2025
1473450,26989d80,pbks,2025,2025
1473450,970ddd24,pbks,2025,2025
1473450,81c36ee9,pbks,2025,2025
1473450,2f9d0389,pbks,2025,2025
1473450,244048f6,pbks,2025,2025
1473451,b8527c3d,rcb,2025,2025
1473451,3d284ca3,rcb,2025,2025
1473451,ba607b88,rcb,2025,2025
1473451,2c25d4f5,rcb,2025,2025
1473451,c740ea83,rcb,2025,2025
1473451,50c6bc2b,rcb,2025,2025
1473451,800d2d97,rcb,2025,2025
1473451,5b8c830e,rcb,2025,2025
1473451,f1f99156,rcb,2025,2025
1473451,2e81a32d,rcb,2025,2025
1473451,03806cf8,rcb,2025,2025
1473451,7210d461,rcb,2025,2025
1473451,5bb1a1c4,gt,2025,2025
1473451,d5130a30,gt,2025,2025
1473451,b4b99816,gt,2025,2025
1473451,99b75528,gt,2025,2025
1473451,d014d5ac,gt,2025,2025
1473451,7dcb9bc9,gt,2025,2025
1473451,39a2dfa8,gt,2025,2025
1473451,12314277,gt,2025,2025
1473451,5f547c8b,gt,2025,2025
1473451,c7a995d3,gt,2025,2025
1473451,2f49c897,gt,2025,2025
1473451,85e0cf10,gt,2025,2025
1473452,7c3b3b78,kkr,2025,2025
1473452,372455c4,kkr,2025,2025
1473452,9d430b40,kkr,2025,2025
1473452,29e95537,kkr,2025,2025
1473452,d7017798,kkr,2025,2025
1473452,a24be938,kkr,2025,2025
1473452,0a509d6b,kkr,2025,2025
1473452,bbd41817,kkr,2025,2025
1473452,bb351c23,kkr,2025,2025
1473452,be24ead0,kkr,2025,2025
1473452,77b1aa15,kkr,2025,2025
1473452,5b7ab5a9,kkr,2025,2025
1473452,36619795,srh,2025,2025
1473452,12b610c2,srh,2025,2025
1473452,f29185a1,srh,2025,2025
1473452,752f7486,srh,2025,2025
1473452,aad0c365,srh,2025,2025
1473452,08548b13,srh,2025,2025
1473452,235c2bb6,srh,2025,2025
1473452,a3b0600d,srh,2025,2025
1473452,ded9240e,srh,2025,2025
1473452,f986ca1a,srh,2025,2025
1473452,30df8c66,srh,2025,2025
1473452,8cf9814c,srh,2025,2025
1473453,df064e1a,lsg,2025,2025
1473453,3d8feaf8,lsg,2025,2025
1473453,6a26221c,lsg,2025,2025
1473453,3241e3fd,lsg,2025,2025
1473453,919a3be2,lsg,2025,2025
1473453,872b03f7,lsg,2025,2025
1473453,d67d5f00,lsg,2025,2025
1473453,8e514b4c,lsg,2025,2025
1473453,1abb78f8,lsg,2025,2025
1473453,0a67aec0,lsg,2025,2025
1473453,eef2536f,lsg,2025,2025
1473453,13fc5c6d,lsg,2025,2025
1473453,1e030637,mi,2025,2025
1473453,9caf69a1,mi,2025,2025
1473453,e66732f8,mi,2025,2025
1473453,fffa744b,mi,2025,2025
1473453,271f83cd,mi,2025,2025
1473453,b0482a1d,mi,2025,2025
1473453,dbe50b21,mi,2025,2025
1473453,e4a0deae,mi,2025,2025
1473453,ba6b2f91,mi,2025,2025
1473453,23eeb873,mi,2025,2025
1473453,a818c1be,mi,2025,2025
1473453,d45c29b1,mi,2025,2025
1473454,2cffab74,dc,2025,2025
1473454,9b6e1b3f,dc,2025,2025
1473454,b17e2f24,dc,2025,2025
1473454,ad3b6e95,dc,2025,2025
1473454,2e171977,dc,2025,2025
1473454,f89d3b11,dc,2025,2025
1473454,85b3fab2,dc,2025,2025
1473454,84d9c311,dc,2025,2025
1473454,5ffc0565,dc,2025,2025
1473454,3fb19989,dc,2025,2025
1473454,8d2c70ad,dc,2025,2025
1473454,759ac88f,dc,2025,2025
1473454,64839cb3,csk,2025,2025
1473454,ba5e1069,csk,2025,2025
1473454,df5a6881,csk,2025,2025
1473454,45a43fe2,csk,2025,2025
1473454,0994d0ae,csk,2025,2025
1473454,a4e37e47,csk,2025,2025
1473454,fe93fd9d,csk,2025,2025
1473454,4a8a2e3b,csk,2025,2025
1473454,495d42a5,csk,2025,2025
1473454,efc04be7,csk,2025,2025
1473454,765a4731,csk,2025,2025
1473454,a2f46292,csk,2025,2025
1473455,f6d8a7ab,rr,2025,2025
1473455,6c19c6e5,rr,2025,2025
1473455,a4cc73aa,rr,2025,2025
1473455,04a418e8,rr,2025,2025
1473455,fb2d1dda,rr,2025,2025
1473455,48a1d7b7,rr,2025,2025
1473455,bcf325d2,rr,2025,2025
1473455,a97c8ec2,rr,2025,2025
1473455,5574750c,rr,2025,2025
1473455,f24c6701,rr,2025,2025
1473455,4885bbe6,rr,2025,2025
1473455,ce820073,rr,2025,2025
1473455,57ee1fde,pbks,2025,2025
1473455,b5797845,pbks,2025,2025
1473455,9418198b,pbks,2025,2025
1473455,85ec8e33,pbks,2025,2025
1473455,d9273ee7,pbks,2025,2025
1473455,d1a60072,pbks,2025,2025
1473455,b681e71e,pbks,2025,2025
1473455,26989d80,pbks,2025,2025
1473455,970ddd24,pbks,2025,2025
1473455,81c36ee9,pbks,2025,2025
1473455,244048f6,pbks,2025,2025
1473455,2f9d0389,pbks,2025,2025
1473456,6a26221c,lsg,2025,2025
1473456,3d8feaf8,lsg,2025,2025
1473456,3241e3fd,lsg,2025,2025
1473456,8e514b4c,lsg,2025,2025
1473456,d67d5f00,lsg,2025,2025
1473456,919a3be2,lsg,2025,2025
1473456,872b03f7,lsg,2025,2025
1473456,1abb78f8,lsg,2025,2025
1473456,0a67aec0,lsg,2025,2025
1473456,eef2536f,lsg,2025,2025
1473456,13fc5c6d,lsg,2025,2025
1473456,df064e1a,lsg,2025,2025
1473456,5b7ab5a9,kkr,2025,2025
1473456,372455c4,kkr,2025,2025
1473456,9d430b40,kkr,2025,2025
1473456,29e95537,kkr,2025,2025
1473456,a24be938,kkr,2025,2025
1473456,be24ead0,kkr,2025,2025
1473456,d7017798,kkr,2025,2025
1473456,bbd41817,kkr,2025,2025
1473456,0a509d6b,kkr,2025,2025
1473456,77b1aa15,kkr,2025,2025
1473456,7c3b3b78,kkr,2025,2025
1473456,83c3e8e3,kkr,2025,2025
1473457,f29185a1,srh,2025,2025
1473457,12b610c2,srh,2025,2025
1473457,752f7486,srh,2025,2025
1473457,aad0c365,srh,2025,2025
1473457,235c2bb6,srh,2025,2025
1473457,a3b0600d,srh,2025,2025
1473457,08548b13,srh,2025,2025
1473457,ded9240e,srh,2025,2025
1473457,30df8c66,srh,2025,2025
1473457,8cf9814c,srh,2025,2025
1473457,36619795,srh,2025,2025
1473457,1e66c162,srh,2025,2025
1473457,5bb1a1c4,gt,2025,2025
1473457,d5130a30,gt,2025,2025
1473457,b4b99816,gt,2025,2025
1473457,99b75528,gt,2025,2025
1473457,f19ccfad,gt,2025,2025
1473457,d014d5ac,gt,2025,2025
1473457,39a2dfa8,gt,2025,2025
1473457,7dcb9bc9,gt,2025,2025
1473457,5f547c8b,gt,2025,2025
1473457,c7a995d3,gt,2025,2025
1473457,2f49c897,gt,2025,2025
1473457,85e0cf10,gt,2025,2025
1473458,3d284ca3,rcb,2025,2025
1473458,ba607b88,rcb,2025,2025
1473458,2c25d4f5,rcb,2025,2025
1473458,c740ea83,rcb,2025,2025
1473458,50c6bc2b,rcb,2025,2025
1473458,800d2d97,rcb,2025,2025
1473458,f1f99156,rcb,2025,2025
1473458,5b8c830e,rcb,2025,2025
1473458,2e81a32d,rcb,2025,2025
1473458,03806cf8,rcb,2025,2025
1473458,7210d461,rcb,2025,2025
1473458,9440ef41,rcb,2025,2025
1473458,1e030637,mi,2025,2025
1473458,740742ef,mi,2025,2025
1473458,e66732f8,mi,2025,2025
1473458,9caf69a1,mi,2025,2025
1473458,271f83cd,mi,2025,2025
1473458,b0482a1d,mi,2025,2025
1473458,dbe50b21,mi,2025,2025
1473458,fffa744b,mi,2025,2025
1473458,e4a0deae,mi,2025,2025
1473458,23eeb873,mi,2025,2025
1473458,a818c1be,mi,2025,2025
1473458,462411b3,mi,2025,2025
1473459,b5797845,pbks,2025,2025
1473459,9418198b,pbks,2025,2025
1473459,85ec8e33,pbks,2025,2025
1473459,d9273ee7,pbks,2025,2025
1473459,d1a60072,pbks,2025,2025
1473459,b681e71e,pbks,2025,2025
1473459,26989d80,pbks,2025,2025
1473459,81c36ee9,pbks,2025,2025
1473459,57ee1fde,pbks,2025,2025
1473459,244048f6,pbks,2025,2025
1473459,2f9d0389,pbks,2025,2025
1473459,4b31f3a3,pbks,2025,2025
1473459,64839cb3,csk,2025,2025
1473459,ba5e1069,csk,2025,2025
1473459,df5a6881,csk,2025,2025
1473459,45a43fe2,csk,2025,2025
1473459,a4e37e47,csk,2025,2025
1473459,4a8a2e3b,csk,2025,2025
1473459,fe93fd9d,csk,2025,2025
1473459,0994d0ae,csk,2025,2025
1473459,495d42a5,csk,2025,2025
1473459,efc04be7,csk,2025,2025
1473459,765a4731,csk,2025,2025
1473459,a2f46292,csk,2025,2025
1473460,fa2f1dde,gt,2025,2025
1473460,d5130a30,gt,2025,2025
1473460,b4b99816,gt,2025,2025
1473460,99b75528,gt,2025,2025
1473460,7dcb9bc9,gt,2025,2025
1473460,d014d5ac,gt,2025,2025
1473460,39a2dfa8,gt,2025,2025
1473460,5f547c8b,gt,2025,2025
1473460,12314277,gt,2025,2025
1473460,c7a995d3,gt,2025,2025
1473460,2f49c897,gt,2025,2025
1473460,85e0cf10,gt,2025,2025
1473460,e9c7f0d0,rr,2025,2025
1473460,6c19c6e5,rr,2025,2025
1473460,a4cc73aa,rr,2025,2025
1473460,fb2d1dda,rr,2025,2025
1473460,04a418e8,rr,2025,2025
1473460,bcf325d2,rr,2025,2025
1473460,48a1d7b7,rr,2025,2025
1473460,6b2ff18f,rr,2025,2025
1473460,5574750c,rr,2025,2025
1473460,f24c6701,rr,2025,2025
1473460,46a9bea1,rr,2025,2025
1473460,ce820073,rr,2025,2025
1473461,3d284ca3,rcb,2025,2025
1473461,ba607b88,rcb,2025,2025
1473461,2c25d4f5,rcb,2025,2025
1473461,c740ea83,rcb,2025,2025
1473461,50c6bc2b,rcb,2025,2025
1473461,800d2d97,rcb,2025,2025
1473461,5b8c830e,rcb,2025,2025
1473461,f1f99156,rcb,2025,2025
1473461,2e81a32d,rcb,2025,2025
1473461,03806cf8,rcb,2025,2025
1473461,7210d461,rcb,2025,2025
1473461,9440ef41,rcb,2025,2025
1473461,3355b542,dc,2025,2025
1473461,9b6e1b3f,dc,2025,2025
1473461,ad3b6e95,dc,2025,2025
1473461,b17e2f24,dc,2025,2025
1473461,2e171977,dc,2025,2025
1473461,85b3fab2,dc,2025,2025
1473461,84d9c311,dc,2025,2025
1473461,5ffc0565,dc,2025,2025
1473461,3fb19989,dc,2025,2025
1473461,8d2c70ad,dc,2025,2025
1473461,759ac88f,dc,2025,2025
1473461,2cffab74,dc,2025,2025
1473462,ba5e1069,csk,2025,2025
1473462,df5a6881,csk,2025,2025
1473462,77255a9e,csk,2025,2025
1473462,0994d0ae,csk,2025,2025
1473462,a4e37e47,csk,2025,2025
1473462,495d42a5,csk,2025,2025
1473462,fe93fd9d,csk,2025,2025
1473462,73ad96ed,csk,2025,2025
1473462,4a8a2e3b,csk,2025,2025
1473462,efc04be7,csk,2025,2025
1473462,fcc21ace,csk,2025,2025
1473462,a2f46292,csk,2025,2025
1473462,372455c4,kkr,2025,2025
1473462,9d430b40,kkr,2025,2025
1473462,29e95537,kkr,2025,2025
1473462,0a509d6b,kkr,2025,2025
1473462,a24be938,kkr,2025,2025
1473462,bbd41817,kkr,2025,2025
1473462,be24ead0,kkr,2025,2025
1473462,7c3b3b78,kkr,2025,2025
1473462,bb351c23,kkr,2025,2025
1473462,77b1aa15,kkr,2025,2025
1473462,5b7ab5a9,kkr,2025,2025
1473463,85e0cf10,gt,2025,2025
1473463,d5130a30,gt,2025,2025
1473463,b4b99816,gt,2025,2025
1473463,99b75528,gt,2025,2025
1473463,f19ccfad,gt,2025,2025
1473463,d014d5ac,gt,2025,2025
1473463,7dcb9bc9,gt,2025,2025
1473463,39a2dfa8,gt,2025,2025
1473463,5f547c8b,gt,2025,2025
1473463,12314277,gt,2025,2025
1473463,c7a995d3,gt,2025,2025
1473463,2f49c897,gt,2025,2025
1473463,13fc5c6d,lsg,2025,2025
1473463,6a26221c,lsg,2025,2025
1473463,919a3be2,lsg,2025,2025
1473463,3241e3fd,lsg,2025,2025
1473463,872b03f7,lsg,2025,2025
1473463,d67d5f00,lsg,2025,2025
1473463,8e514b4c,lsg,2025,2025
1473463,ebcfef83,lsg,2025,2025
1473463,1abb78f8,lsg,2025,2025
1473463,0a67aec0,lsg,2025,2025
1473463,eef2536f,lsg,2025,2025
1473463,df064e1a,lsg,2025,2025
1473464,4b31f3a3,pbks,2025,2025
1473464,b5797845,pbks,2025,2025
1473464,9418198b,pbks,2025,2025
1473464,85ec8e33,pbks,2025,2025
1473464,d1a60072,pbks,2025,2025
1473464,26989d80,pbks,2025,2025
1473464,b681e71e,pbks,2025,2025
1473464,d9273ee7,pbks,2025,2025
1473464,81c36ee9,pbks,2025,2025
1473464,57ee1fde,pbks,2025,2025
1473464,244048f6,pbks,2025,2025
1473464,2f9d0389,pbks,2025,2025
1473464,5750bcb4,srh,2025,2025
1473464,12b610c2,srh,2025,2025
1473464,f29185a1,srh,2025,2025
1473464,235c2bb6,srh,2025,2025
1473464,752f7486,srh,2025,2025
1473464,aad0c365,srh,2025,2025
1473464,a3b0600d,srh,2025,2025
1473464,ded9240e,srh,2025,2025
1473464,f986ca1a,srh,2025,2025
1473464,8cf9814c,srh,2025,2025
1473464,36619795,srh,2025,2025
1473464,0890552f,srh,2025,2025
1473465,f6d8a7ab,rr,2025,2025
1473465,6c19c6e5,rr,2025,2025
1473465,a4cc73aa,rr,2025,2025
1473465,04a418e8,rr,2025,2025
1473465,bcf325d2,rr,2025,2025
1473465,48a1d7b7,rr,2025,2025
1473465,fb2d1dda,rr,2025,2025
1473465,a97c8ec2,rr,2025,2025
1473465,5574750c,rr,2025,2025
1473465,f24c6701,rr,2025,2025
1473465,ce820073,rr,2025,2025
1473465,46a9bea1,rr,2025,2025
1473465,9440ef41,rcb,2025,2025
1473465,3d284ca3,rcb,2025,2025
1473465,ba607b88,rcb,2025,2025
1473465,2c25d4f5,rcb,2025,2025
1473465,c740ea83,rcb,2025,2025
1473465,50c6bc2b,rcb,2025,2025
1473465,800d2d97,rcb,2025,2025
1473465,f1f99156,rcb,2025,2025
1473465,5b8c830e,rcb,2025,2025
1473465,2e81a32d,rcb,2025,2025
1473465,03806cf8,rcb,2025,2025
1473465,7210d461,rcb,2025,2025
1473466,119678fd,mi,2025,2025
1473466,740742ef,mi,2025,2025
1473466,e66732f8,mi,2025,2025
1473466,271f83cd,mi,2025,2025
1473466,b0482a1d,mi,2025,2025
1473466,dbe50b21,mi,2025,2025
1473466,fffa744b,mi,2025,2025
1473466,9caf69a1,mi,2025,2025
1473466,e4a0deae,mi,2025,2025
1473466,23eeb873,mi,2025,2025
1473466,a818c1be,mi,2025,2025
1473466,462411b3,mi,2025,2025
1473466,2cffab74,dc,2025,2025
1473466,9b6e1b3f,dc,2025,2025
1473466,ad3b6e95,dc,2025,2025
1473466,944533a5,dc,2025,2025
1473466,b17e2f24,dc,2025,2025
1473466,2e171977,dc,2025,2025
1473466,85b3fab2,dc,2025,2025
1473466,84d9c311,dc,2025,2025
1473466,5ffc0565,dc,2025,2025
1473466,3fb19989,dc,2025,2025
1473466,8d2c70ad,dc,2025,2025
1473466,759ac88f,dc,2025,2025
1473467,df064e1a,lsg,2025,2025
1473467,6a26221c,lsg,2025,2025
1473467,3d8feaf8,lsg,2025,2025
1473467,3241e3fd,lsg,2025,2025
1473467,919a3be2,lsg,2025,2025
1473467,872b03f7,lsg,2025,2025
1473467,8e514b4c,lsg,2025,2025
1473467,d67d5f00,lsg,2025,2025
1473467,1abb78f8,lsg,2025,2025
1473467,13fc5c6d,lsg,2025,2025
1473467,0a67aec0,lsg,2025,2025
1473467,eef2536f,lsg,2025,2025
1473467,64839cb3,csk,2025,2025
1473467,cbf58a86,csk,2025,2025
1473467,ba5e1069,csk,2025,2025
1473467,77255a9e,csk,2025,2025
1473467,fe93fd9d,csk,2025,2025
1473467,a4e37e47,csk,2025,2025
1473467,0994d0ae,csk,2025,2025
1473467,4a8a2e3b,csk,2025,2025
1473467,59559bc2,csk,2025,2025
1473467,fcc21ace,csk,2025,2025
1473467,efc04be7,csk,2025,2025
1473467,a2f46292,csk,2025,2025
1473468,b5797845,pbks,2025,2025
1473468,9418198b,pbks,2025,2025
1473468,85ec8e33,pbks,2025,2025
1473468,989889ff,pbks,2025,2025
1473468,d1a60072,pbks,2025,2025
1473468,b681e71e,pbks,2025,2025
1473468,970ddd24,pbks,2025,2025
1473468,26989d80,pbks,2025,2025
1473468,81c36ee9,pbks,2025,2025
1473468,3b53243a,pbks,2025,2025
1473468,244048f6,pbks,2025,2025
1473468,57ee1fde,pbks,2025,2025
1473468,5b7ab5a9,kkr,2025,2025
1473468,372455c4,kkr,2025,2025
1473468,9d430b40,kkr,2025,2025
1473468,29e95537,kkr,2025,2025
1473468,d7017798,kkr,2025,2025
1473468,a24be938,kkr,2025,2025
1473468,0a509d6b,kkr,2025,2025
1473468,bbd41817,kkr,2025,2025
1473468,be24ead0,kkr,2025,2025
1473468,77b1aa15,kkr,2025,2025
1473468,7c3b3b78,kkr,2025,2025
1473468,acdc62f5,kkr,2025,2025
1473469,2cffab74,dc,2025,2025
1473469,9b6e1b3f,dc,2025,2025
1473469,ad3b6e95,dc,2025,2025
1473469,944533a5,dc,2025,2025
1473469,b17e2f24,dc,2025,2025
1473469,85b3fab2,dc,2025,2025
1473469,2e171977,dc,2025,2025
1473469,84d9c311,dc,2025,2025
1473469,5ffc0565,dc,2025,2025
1473469,3fb19989,dc,2025,2025
1473469,8d2c70ad,dc,2025,2025
1473469,759ac88f,dc,2025,2025
1473469,6c19c6e5,rr,2025,2025
1473469,a4cc73aa,rr,2025,2025
1473469,04a418e8,rr,2025,2025
1473469,fb2d1dda,rr,2025,2025
1473469,bcf325d2,rr,2025,2025
1473469,48a1d7b7,rr,2025,2025
1473469,a97c8ec2,rr,2025,2025
1473469,5574750c,rr,2025,2025
1473469,f24c6701,rr,2025,2025
1473469,ce820073,rr,2025,2025
1473469,46a9bea1,rr,2025,2025
1473469,6b2ff18f,rr,2025,2025
1473470,2ed569a0,srh,2025,2025
1473470,f29185a1,srh,2025,2025
1473470,12b610c2,srh,2025,2025
1473470,752f7486,srh,2025,2025
1473470,aad0c365,srh,2025,2025
1473470,235c2bb6,srh,2025,2025
1473470,a3b0600d,srh,2025,2025
1473470,ded9240e,srh,2025,2025
1473470,f986ca1a,srh,2025,2025
1473470,8cf9814c,srh,2025,2025
1473470,36619795,srh,2025,2025
1473470,5750bcb4,srh,2025,2025
1473470,119678fd,mi,2025,2025
1473470,e66732f8,mi,2025,2025
1473470,740742ef,mi,2025,2025
1473470,9caf69a1,mi,2025,2025
1473470,271f83cd,mi,2025,2025
1473470,b0482a1d,mi,2025,2025
1473470,dbe50b21,mi,2025,2025
1473470,fffa744b,mi,2025,2025
1473470,e4a0deae,mi,2025,2025
1473470,23eeb873,mi,2025,2025
1473470,a818c1be,mi,2025,2025
1473470,462411b3,mi,2025,2025
1473471,3d284ca3,rcb,2025,2025
1473471,ba607b88,rcb,2025,2025
1473471,c740ea83,rcb,2025,2025
1473471,50c6bc2b,rcb,2025,2025
1473471,800d2d97,rcb,2025,2025
1473471,5b8c830e,rcb,2025,2025
1473471,f1f99156,rcb,2025,2025
1473471,e96801ea,rcb,2025,2025
1473471,2e81a32d,rcb,2025,2025
1473471,7210d461,rcb,2025,2025
1473471,03806cf8,rcb,2025,2025
1473471,9440ef41,rcb,2025,2025
1473471,57ee1fde,pbks,2025,2025
1473471,b5797845,pbks,2025,2025
1473471,9418198b,pbks,2025,2025
1473471,85ec8e33,pbks,2025,2025
1473471,989889ff,pbks,2025,2025
1473471,d1a60072,pbks,2025,2025
1473471,26989d80,pbks,2025,2025
1473471,d9273ee7,pbks,2025,2025
1473471,c05edf8e,pbks,2025,2025
1473471,81c36ee9,pbks,2025,2025
1473471,3b53243a,pbks,2025,2025
1473471,244048f6,pbks,2025,2025
1473472,ad3b6e95,dc,2025,2025
1473472,944533a5,dc,2025,2025
1473472,b17e2f24,dc,2025,2025
1473472,2e171977,dc,2025,2025
1473472,85b3fab2,dc,2025,2025
1473472,84d9c311,dc,2025,2025
1473472,5ffc0565,dc,2025,2025
1473472,f0af99a7,dc,2025,2025
1473472,3fb19989,dc,2025,2025
1473472,8d2c70ad,dc,2025,2025
1473472,759ac88f,dc,2025,2025
1473472,2cffab74,dc,2025,2025
1473472,5bb1a1c4,gt,2025,2025
1473472,d5130a30,gt,2025,2025
1473472,b4b99816,gt,2025,2025
1473472,99b75528,gt,2025,2025
1473472,d014d5ac,gt,2025,2025
1473472,39a2dfa8,gt,2025,2025
1473472,5f547c8b,gt,2025,2025
1473472,7dcb9bc9,gt,2025,2025
1473472,12314277,gt,2025,2025
1473472,c7a995d3,gt,2025,2025
1473472,2f49c897,gt,2025,2025
1473472,85e0cf10,gt,2025,2025
1473473,3d8feaf8,lsg,2025,2025
1473473,6a26221c,lsg,2025,2025
1473473,3241e3fd,lsg,2025,2025
1473473,919a3be2,lsg,2025,2025
1473473,872b03f7,lsg,2025,2025
1473473,d67d5f00,lsg,2025,2025
1473473,8e514b4c,lsg,2025,2025
1473473,13fc5c6d,lsg,2025,2025
1473473,1abb78f8,lsg,2025,2025
1473473,df064e1a,lsg,2025,2025
1473473,80b2fb19,lsg,2025,2025
1473473,eef2536f,lsg,2025,2025
1473473,ce820073,rr,2025,2025
1473473,6c19c6e5,rr,2025,2025
1473473,470f446b,rr,2025,2025
1473473,fb2d1dda,rr,2025,2025
1473473,04a418e8,rr,2025,2025
1473473,bcf325d2,rr,2025,2025
1473473,48a1d7b7,rr,2025,2025
1473473,6b2ff18f,rr,2025,2025
1473473,a97c8ec2,rr,2025,2025
1473473,5574750c,rr,2025,2025
1473473,f24c6701,rr,2025,2025
1473473,46a9bea1,rr,2025,2025
1473474,c05edf8e,pbks,2025,2025
1473474,b5797845,pbks,2025,2025
1473474,9418198b,pbks,2025,2025
1473474,85ec8e33,pbks,2025,2025
1473474,989889ff,pbks,2025,2025
1473474,d1a60072,pbks,2025,2025
1473474,26989d80,pbks,2025,2025
1473474,d9273ee7,pbks,2025,2025
1473474,81c36ee9,pbks,2025,2025
1473474,3b53243a,pbks,2025,2025
1473474,244048f6,pbks,2025,2025
1473474,57ee1fde,pbks,2025,2025
1473474,9440ef41,rcb,2025,2025
1473474,3d284ca3,rcb,2025,2025
1473474,ba607b88,rcb,2025,2025
1473474,2c25d4f5,rcb,2025,2025
1473474,c740ea83,rcb,2025,2025
1473474,800d2d97,rcb,2025,2025
1473474,c5aef772,rcb,2025,2025
1473474,f1f99156,rcb,2025,2025
1473474,5b8c830e,rcb,2025,2025
1473474,2e81a32d,rcb,2025,2025
1473474,03806cf8,rcb,2025,2025
1473474,7210d461,rcb,2025,2025
1473475,495d42a5,csk,2025,2025
1473475,cbf58a86,csk,2025,2025
1473475,ba5e1069,csk,2025,2025
1473475,b2b4f545,csk,2025,2025
1473475,fe93fd9d,csk,2025,2025
1473475,a4e37e47,csk,2025,2025
1473475,4a8a2e3b,csk,2025,2025
1473475,59559bc2,csk,2025,2025
1473475,0994d0ae,csk,2025,2025
1473475,efc04be7,csk,2025,2025
1473475,a2f46292,csk,2025,2025
1473475,64839cb3,csk,2025,2025
1473475,d45c29b1,mi,2025,2025
1473475,e66732f8,mi,2025,2025
1473475,740742ef,mi,2025,2025
1473475,271f83cd,mi,2025,2025
1473475,9caf69a1,mi,2025,2025
1473475,b0482a1d,mi,2025,2025
1473475,dbe50b21,mi,2025,2025
1473475,fffa744b,mi,2025,2025
1473475,e4a0deae,mi,2025,2025
1473475,23eeb873,mi,2025,2025
1473475,a818c1be,mi,2025,2025
1473475,462411b3,mi,2025,2025
1473476,d014d5ac,gt,2025,2025
1473476,d5130a30,gt,2025,2025
1473476,b4b99816,gt,2025,2025
1473476,99b75528,gt,2025,2025
1473476,39a2dfa8,gt,2025,2025
1473476,7dcb9bc9,gt,2025,2025
1473476,5f547c8b,gt,2025,2025
1473476,f19ccfad,gt,2025,2025
1473476,c7a995d3,gt,2025,2025
1473476,2f49c897,gt,2025,2025
1473476,85e0cf10,gt,2025,2025
1473476,5bb1a1c4,gt,2025,2025
1473476,7c3b3b78,kkr,2025,2025
1473476,0bacade8,kkr,2025,2025
1473476,9d430b40,kkr,2025,2025
1473476,29e95537,kkr,2025,2025
1473476,a24be938,kkr,2025,2025
1473476,0a509d6b,kkr,2025,2025
1473476,bbd41817,kkr,2025,2025
1473476,be24ead0,kkr,2025,2025
1473476,bb351c23,kkr,2025,2025
1473476,d7017798,kkr,2025,2025
1473476,77b1aa15,kkr,2025,2025
1473476,5b7ab5a9,kkr,2025,2025
1473477,6a26221c,lsg,2025,2025
1473477,3d8feaf8,lsg,2025,2025
1473477,3241e3fd,lsg,2025,2025
1473477,8e514b4c,lsg,2025,2025
1473477,d67d5f00,lsg,2025,2025
1473477,872b03f7,lsg,2025,2025
1473477,919a3be2,lsg,2025,2025
1473477,1abb78f8,lsg,2025,2025
1473477,df064e1a,lsg,2025,2025
1473477,13fc5c6d,lsg,2025,2025
1473477,eef2536f,lsg,2025,2025
1473477,80b2fb19,lsg,2025,2025
1473477,ad3b6e95,dc,2025,2025
1473477,944533a5,dc,2025,2025
1473477,b17e2f24,dc,2025,2025
1473477,2e171977,dc,2025,2025
1473477,85b3fab2,dc,2025,2025
1473477,84d9c311,dc,2025,2025
1473477,5ffc0565,dc,2025,2025
1473477,3fb19989,dc,2025,2025
1473477,327b58d3,dc,2025,2025
1473477,8d2c70ad,dc,2025,2025
1473477,2cffab74,dc,2025,2025
1473478,12b610c2,srh,2025,2025
1473478,f29185a1,srh,2025,2025
1473478,752f7486,srh,2025,2025
1473478,aad0c365,srh,2025,2025
1473478,235c2bb6,srh,2025,2025
1473478,a3b0600d,srh,2025,2025
1473478,0890552f,srh,2025,2025
1473478,ded9240e,srh,2025,2025
1473478,f986ca1a,srh,2025,2025
1473478,1e66c162,srh,2025,2025
1473478,36619795,srh,2025,2025
1473478,5750bcb4,srh,2025,2025
1473478,1e030637,mi,2025,2025
1473478,e66732f8,mi,2025,2025
1473478,740742ef,mi,2025,2025
1473478,9caf69a1,mi,2025,2025
1473478,271f83cd,mi,2025,2025
1473478,b0482a1d,mi,2025,2025
1473478,dbe50b21,mi,2025,2025
1473478,fffa744b,mi,2025,2025
1473478,e4a0deae,mi,2025,2025
1473478,23eeb873,mi,2025,2025
1473478,a818c1be,mi,2025,2025
1473478,462411b3,mi,2025,2025
1473479,9440ef41,rcb,2025,2025
1473479,3d284ca3,rcb,2025,2025
1473479,ba607b88,rcb,2025,2025
1473479,2c25d4f5,rcb,2025,2025
1473479,f1f99156,rcb,2025,2025
1473479,c740ea83,rcb,2025,2025
1473479,800d2d97,rcb,2025,2025
1473479,c5aef772,rcb,2025,2025
1473479,5b8c830e,rcb,2025,2025
1473479,2e81a32d,rcb,2025,2025
1473479,03806cf8,rcb,2025,2025
1473479,7210d461,rcb,2025,2025
1473479,ce820073,rr,2025,2025
1473479,6c19c6e5,rr,2025,2025
1473479,470f446b,rr,2025,2025
1473479,fb2d1dda,rr,2025,2025
1473479,04a418e8,rr,2025,2025
1473479,bcf325d2,rr,2025,2025
1473479,48a1d7b7,rr,2025,2025
1473479,6b2ff18f,rr,2025,2025
1473479,5574750c,rr,2025,2025
1473479,a97c8ec2,rr,2025,2025
1473479,46a9bea1,rr,2025,2025
1473479,e9c7f0d0,rr,2025,2025
1473480,cbf58a86,csk,2025,2025
1473480,b2b4f545,csk,2025,2025
1473480,e94915e6,csk,2025,2025
1473480,fe93fd9d,csk,2025,2025
1473480,844e79d1,csk,2025,2025
1473480,a4e37e47,csk,2025,2025
1473480,73ad96ed,csk,2025,2025
1473480,4a8a2e3b,csk,2025,2025
1473480,fcc21ace,csk,2025,2025
1473480,efc04be7,csk,2025,2025
1473480,a2f46292,csk,2025,2025
1473480,64839cb3,csk,2025,2025
1473480,36619795,srh,2025,2025
1473480,f29185a1,srh,2025,2025
1473480,12b610c2,srh,2025,2025
1473480,752f7486,srh,2025,2025
1473480,235c2bb6,srh,2025,2025
1473480,a3b0600d,srh,2025,2025
1473480,08548b13,srh,2025,2025
1473480,aad0c365,srh,2025,2025
1473480,ded9240e,srh,2025,2025
1473480,f986ca1a,srh,2025,2025
1473480,1e66c162,srh,2025,2025
1473480,8cf9814c,srh,2025,2025
1473481,c05edf8e,pbks,2025,2025
1473481,b5797845,pbks,2025,2025
1473481,9418198b,pbks,2025,2025
1473481,85ec8e33,pbks,2025,2025
1473481,b681e71e,pbks,2025,2025
1473481,81c36ee9,pbks,2025,2025
1473481,989889ff,pbks,2025,2025
1473481,26989d80,pbks,2025,2025
1473481,d1a60072,pbks,2025,2025
1473481,8f6dd463,pbks,2025,2025
1473481,57ee1fde,pbks,2025,2025
1473481,244048f6,pbks,2025,2025
1473481,2cdce1be,kkr,2025,2025
1473481,0bacade8,kkr,2025,2025
1473481,9d430b40,kkr,2025,2025
1473481,a24be938,kkr,2025,2025
1473481,29e95537,kkr,2025,2025
1473481,0a509d6b,kkr,2025,2025
1473481,bbd41817,kkr,2025,2025
1473481,650d5e49,kkr,2025,2025
1473481,7c3b3b78,kkr,2025,2025
1473481,77b1aa15,kkr,2025,2025
1473481,5b7ab5a9,kkr,2025,2025
1473481,d7017798,kkr,2025,2025
1473482,462411b3,mi,2025,2025
1473482,e66732f8,mi,2025,2025
1473482,740742ef,mi,2025,2025
1473482,9caf69a1,mi,2025,2025
1473482,271f83cd,mi,2025,2025
1473482,b0482a1d,mi,2025,2025
1473482,dbe50b21,mi,2025,2025
1473482,fffa744b,mi,2025,2025
1473482,172dff15,mi,2025,2025
1473482,23eeb873,mi,2025,2025
1473482,a818c1be,mi,2025,2025
1473482,119678fd,mi,2025,2025
1473482,3d8feaf8,lsg,2025,2025
1473482,6a26221c,lsg,2025,2025
1473482,3241e3fd,lsg,2025,2025
1473482,919a3be2,lsg,2025,2025
1473482,872b03f7,lsg,2025,2025
1473482,d67d5f00,lsg,2025,2025
1473482,8e514b4c,lsg,2025,2025
1473482,df064e1a,lsg,2025,2025
1473482,eef2536f,lsg,2025,2025
1473482,80b2fb19,lsg,2025,2025
1473482,13fc5c6d,lsg,2025,2025
1473482,b1ad996b,lsg,2025,2025
1473483,ad3b6e95,dc,2025,2025
1473483,3355b542,dc,2025,2025
1473483,944533a5,dc,2025,2025
1473483,b17e2f24,dc,2025,2025
1473483,2e171977,dc,2025,2025
1473483,85b3fab2,dc,2025,2025
1473483,84d9c311,dc,2025,2025
1473483,5ffc0565,dc,2025,2025
1473483,3fb19989,dc,2025,2025
1473483,327b58d3,dc,2025,2025
1473483,8d2c70ad,dc,2025,2025
1473483,2cffab74,dc,2025,2025
1473483,9440ef41,rcb,2025,2025
1473483,3c55c703,rcb,2025,2025
1473483,ba607b88,rcb,2025,2025
1473483,2c25d4f5,rcb,2025,2025
1473483,c740ea83,rcb,2025,2025
1473483,5b8c830e,rcb,2025,2025
1473483,f1f99156,rcb,2025,2025
1473483,c5aef772,rcb,2025,2025
1473483,800d2d97,rcb,2025,2025
1473483,2e81a32d,rcb,2025,2025
1473483,03806cf8,rcb,2025,2025
1473483,7210d461,rcb,2025,2025
1473484,5bb1a1c4,gt,2025,2025
1473484,d5130a30,gt,2025,2025
1473484,b4b99816,gt,2025,2025
1473484,99b75528,gt,2025,2025
1473484,f19ccfad,gt,2025,2025
1473484,39a2dfa8,gt,2025,2025
1473484,7dcb9bc9,gt,2025,2025
1473484,62175638,gt,2025,2025
1473484,5f547c8b,gt,2025,2025
1473484,c7a995d3,gt,2025,2025
1473484,2f49c897,gt,2025,2025
1473484,85e0cf10,gt,2025,2025
1473484,6c19c6e5,rr,2025,2025
1473484,470f446b,rr,2025,2025
1473484,fb2d1dda,rr,2025,2025
1473484,04a418e8,rr,2025,2025
1473484,bcf325d2,rr,2025,2025
1473484,48a1d7b7,rr,2025,2025
1473484,a97c8ec2,rr,2025,2025
1473484,5574750c,rr,2025,2025
1473484,f24c6701,rr,2025,2025
1473484,ce820073,rr,2025,2025
1473484,4885bbe6,rr,2025,2025
1473485,7c3b3b78,kkr,2025,2025
1473485,0bacade8,kkr,2025,2025
1473485,9d430b40,kkr,2025,2025
1473485,29e95537,kkr,2025,2025
1473485,d7017798,kkr,2025,2025
1473485,a24be938,kkr,2025,2025
1473485,0a509d6b,kkr,2025,2025
1473485,bbd41817,kkr,2025,2025
1473485,650d5e49,kkr,2025,2025
1473485,e4cdf230,kkr,2025,2025
1473485,77b1aa15,kkr,2025,2025
1473485,5b7ab5a9,kkr,2025,2025
1473485,2cffab74,dc,2025,2025
1473485,ad3b6e95,dc,2025,2025
1473485,3355b542,dc,2025,2025
1473485,944533a5,dc,2025,2025
1473485,b17e2f24,dc,2025,2025
1473485,2e171977,dc,2025,2025
1473485,85b3fab2,dc,2025,2025
1473485,5ffc0565,dc,2025,2025
1473485,84d9c311,dc,2025,2025
1473485,3fb19989,dc,2025,2025
1473485,327b58d3,dc,2025,2025
1473485,8d2c70ad,dc,2025,2025
1473486,cbf58a86,csk,2025,2025
1473486,b2b4f545,csk,2025,2025
1473486,e94915e6,csk,2025,2025
1473486,fe93fd9d,csk,2025,2025
1473486,844e79d1,csk,2025,2025
1473486,a4e37e47,csk,2025,2025
1473486,4a8a2e3b,csk,2025,2025
1473486,73ad96ed,csk,2025,2025
1473486,fcc21ace,csk,2025,2025
1473486,efc04be7,csk,2025,2025
1473486,a2f46292,csk,2025,2025
1473486,64839cb3,csk,2025,2025
1473486,57ee1fde,pbks,2025,2025
1473486,b5797845,pbks,2025,2025
1473486,9418198b,pbks,2025,2025
1473486,85ec8e33,pbks,2025,2025
1473486,d1a60072,pbks,2025,2025
1473486,26989d80,pbks,2025,2025
1473486,989889ff,pbks,2025,2025
1473486,970ddd24,pbks,2025,2025
1473486,81c36ee9,pbks,2025,2025
1473486,8f6dd463,pbks,2025,2025
1473486,c05edf8e,pbks,2025,2025
1473486,244048f6,pbks,2025,2025
1473487,119678fd,mi,2025,2025
1473487,e66732f8,mi,2025,2025
1473487,740742ef,mi,2025,2025
1473487,271f83cd,mi,2025,2025
1473487,dbe50b21,mi,2025,2025
1473487,9caf69a1,mi,2025,2025
1473487,b0482a1d,mi,2025,2025
1473487,fffa744b,mi,2025,2025
1473487,172dff15,mi,2025,2025
1473487,23eeb873,mi,2025,2025
1473487,a818c1be,mi,2025,2025
1473487,462411b3,mi,2025,2025
1473487,e9c7f0d0,rr,2025,2025
1473487,6c19c6e5,rr,2025,2025
1473487,470f446b,rr,2025,2025
1473487,fb2d1dda,rr,2025,2025
1473487,04a418e8,rr,2025,2025
1473487,bcf325d2,rr,2025,2025
1473487,48a1d7b7,rr,2025,2025
1473487,6b2ff18f,rr,2025,2025
1473487,5574750c,rr,2025,2025
1473487,f24c6701,rr,2025,2025
1473487,f6d8a7ab,rr,2025,2025
1473487,4bd09374,rr,2025,2025
1473488,5bb1a1c4,gt,2025,2025
1473488,d5130a30,gt,2025,2025
1473488,b4b99816,gt,2025,2025
1473488,99b75528,gt,2025,2025
1473488,f19ccfad,gt,2025,2025
1473488,7dcb9bc9,gt,2025,2025
1473488,39a2dfa8,gt,2025,2025
1473488,5f547c8b,gt,2025,2025
1473488,2f49c897,gt,2025,2025
1473488,3204c99f,gt,2025,2025
1473488,c7a995d3,gt,2025,2025
1473488,85e0cf10,gt,2025,2025
1473488,8cf9814c,srh,2025,2025
1473488,12b610c2,srh,2025,2025
1473488,f29185a1,srh,2025,2025
1473488,752f7486,srh,2025,2025
1473488,235c2bb6,srh,2025,2025
1473488,a3b0600d,srh,2025,2025
1473488,aad0c365,srh,2025,2025
1473488,08548b13,srh,2025,2025
1473488,ded9240e,srh,2025,2025
1473488,f986ca1a,srh,2025,2025
1473488,1e66c162,srh,2025,2025
1473488,36619795,srh,2025,2025
1473489,9440ef41,rcb,2025,2025
1473489,3c55c703,rcb,2025,2025
1473489,ba607b88,rcb,2025,2025
1473489,2c25d4f5,rcb,2025,2025
1473489,c740ea83,rcb,2025,2025
1473489,800d2d97,rcb,2025,2025
1473489,f1f99156,rcb,2025,2025
1473489,c5aef772,rcb,2025,2025
1473489,5b8c830e,rcb,2025,2025
1473489,2e81a32d,rcb,2025,2025
1473489,f834dcfc,rcb,2025,2025
1473489,7210d461,rcb,2025,2025
1473489,64839cb3,csk,2025,2025
1473489,b2b4f545,csk,2025,2025
1473489,cbf58a86,csk,2025,2025
1473489,e94915e6,csk,2025,2025
1473489,fe93fd9d,csk,2025,2025
1473489,844e79d1,csk,2025,2025
1473489,4a8a2e3b,csk,2025,2025
1473489,a4e37e47,csk,2025,2025
1473489,73ad96ed,csk,2025,2025
1473489,efc04be7,csk,2025,2025
1473489,a2f46292,csk,2025,2025
1473489,fcc21ace,csk,2025,2025
1473490,77b1aa15,kkr,2025,2025
1473490,0bacade8,kkr,2025,2025
1473490,9d430b40,kkr,2025,2025
1473490,29e95537,kkr,2025,2025
1473490,d7017798,kkr,2025,2025
1473490,bbd41817,kkr,2025,2025
1473490,0a509d6b,kkr,2025,2025
1473490,a24be938,kkr,2025,2025
1473490,be24ead0,kkr,2025,2025
1473490,bb351c23,kkr,2025,2025
1473490,7c3b3b78,kkr,2025,2025
1473490,5b7ab5a9,kkr,2025,2025
1473490,4bd09374,rr,2025,2025
1473490,6c19c6e5,rr,2025,2025
1473490,470f446b,rr,2025,2025
1473490,e3851766,rr,2025,2025
1473490,04a418e8,rr,2025,2025
1473490,bcf325d2,rr,2025,2025
1473490,a97c8ec2,rr,2025,2025
1473490,48a1d7b7,rr,2025,2025
1473490,6b2ff18f,rr,2025,2025
1473490,5574750c,rr,2025,2025
1473490,f24c6701,rr,2025,2025
1473490,4885bbe6,rr,2025,2025
1473491,54e52590,pbks,2025,2025
1473491,b5797845,pbks,2025,2025
1473491,9418198b,pbks,2025,2025
1473491,989889ff,pbks,2025,2025
1473491,85ec8e33,pbks,2025,2025
1473491,d1a60072,pbks,2025,2025
1473491,26989d80,pbks,2025,2025
1473491,d9273ee7,pbks,2025,2025
1473491,8f6dd463,pbks,2025,2025
1473491,81c36ee9,pbks,2025,2025
1473491,57ee1fde,pbks,2025,2025
1473491,244048f6,pbks,2025,2025
1473491,b483905d,lsg,2025,2025
1473491,6a26221c,lsg,2025,2025
1473491,3d8feaf8,lsg,2025,2025
1473491,3241e3fd,lsg,2025,2025
1473491,919a3be2,lsg,2025,2025
1473491,872b03f7,lsg,2025,2025
1473491,d67d5f00,lsg,2025,2025
1473491,8e514b4c,lsg,2025,2025
1473491,eef2536f,lsg,2025,2025
1473491,80b2fb19,lsg,2025,2025
1473491,b1ad996b,lsg,2025,2025
1473491,13fc5c6d,lsg,2025,2025
1473492,944533a5,dc,2025,2025
1473492,3355b542,dc,2025,2025
1473492,ad3b6e95,dc,2025,2025
1473492,b17e2f24,dc,2025,2025
1473492,2e171977,dc,2025,2025
1473492,85b3fab2,dc,2025,2025
1473492,5ffc0565,dc,2025,2025
1473492,84d9c311,dc,2025,2025
1473492,3fb19989,dc,2025,2025
1473492,327b58d3,dc,2025,2025
1473492,8d2c70ad,dc,2025,2025
1473492,ce794613,dc,2025,2025
1473492,1e66c162,srh,2025,2025
1473492,f29185a1,srh,2025,2025
1473492,752f7486,srh,2025,2025
1473492,dc9dd038,srh,2025,2025
1473492,235c2bb6,srh,2025,2025
1473492,a3b0600d,srh,2025,2025
1473492,0890552f,srh,2025,2025
1473492,ded9240e,srh,2025,2025
1473492,f986ca1a,srh,2025,2025
1473492,36619795,srh,2025,2025
1473492,5750bcb4,srh,2025,2025
1473492,12b610c2,srh,2025,2025
1473493,e66732f8,mi,2025,2025
1473493,740742ef,mi,2025,2025
1473493,9caf69a1,mi,2025,2025
1473493,271f83cd,mi,2025,2025
1473493,b0482a1d,mi,2025,2025
1473493,dbe50b21,mi,2025,2025
1473493,fffa744b,mi,2025,2025
1473493,172dff15,mi,2025,2025
1473493,23eeb873,mi,2025,2025
1473493,119678fd,mi,2025,2025
1473493,a818c1be,mi,2025,2025
1473493,462411b3,mi,2025,2025
1473493,d45c29b1,mi,2025,2025
1473493,d5130a30,gt,2025,2025
1473493,b4b99816,gt,2025,2025
1473493,99b75528,gt,2025,2025
1473493,d014d5ac,gt,2025,2025
1473493,7dcb9bc9,gt,2025,2025
1473493,39a2dfa8,gt,2025,2025
1473493,5f547c8b,gt,2025,2025
1473493,3204c99f,gt,2025,2025
1473493,12314277,gt,2025,2025
1473493,c7a995d3,gt,2025,2025
1473493,2f49c897,gt,2025,2025
1473493,85e0cf10,gt,2025,2025
1473494,77b1aa15,kkr,2025,2025
1473494,0bacade8,kkr,2025,2025
1473494,9d430b40,kkr,2025,2025
1473494,29e95537,kkr,2025,2025
1473494,d7017798,kkr,2025,2025
1473494,93b4fc78,kkr,2025,2025
1473494,bbd41817,kkr,2025,2025
1473494,0a509d6b,kkr,2025,2025
1473494,be24ead0,kkr,2025,2025
1473494,bb351c23,kkr,2025,2025
1473494,7c3b3b78,kkr,2025,2025
1473494,5b7ab5a9,kkr,2025,2025
1473494,64839cb3,csk,2025,2025
1473494,b2b4f545,csk,2025,2025
1473494,df5a6881,csk,2025,2025
1473494,cf59b3f0,csk,2025,2025
1473494,495d42a5,csk,2025,2025
1473494,fe93fd9d,csk,2025,2025
1473494,844e79d1,csk,2025,2025
1473494,a4e37e47,csk,2025,2025
1473494,4a8a2e3b,csk,2025,2025
1473494,efc04be7,csk,2025,2025
1473494,fcc21ace,csk,2025,2025
1473494,a2f46292,csk,2025,2025
1473495,b5797845,pbks,2025,2025
1473495,9418198b,pbks,2025,2025
1473495,989889ff,pbks,2025,2025
1473495,85ec8e33,pbks,2025,2025
1473495,d1a60072,pbks,2025,2025
1473495,26989d80,pbks,2025,2025
1473495,d9273ee7,pbks,2025,2025
1473495,8f6dd463,pbks,2025,2025
1473495,81c36ee9,pbks,2025,2025
1473495,57ee1fde,pbks,2025,2025
1473495,244048f6,pbks,2025,2025
1473495,3355b542,dc,2025,2025
1473495,f89d3b11,dc,2025,2025
1473495,ad3b6e95,dc,2025,2025
1473495,b17e2f24,dc,2025,2025
1473495,2e171977,dc,2025,2025
1473495,85b3fab2,dc,2025,2025
1473495,fb5f69e4,dc,2025,2025
1473495,3fb19989,dc,2025,2025
1473495,327b58d3,dc,2025,2025
1473495,8d2c70ad,dc,2025,2025
1473495,ce794613,dc,2025,2025
1473497,c05edf8e,pbks,2025,2025
1473497,b5797845,pbks,2025,2025
1473497,9418198b,pbks,2025,2025
1473497,f2c936d7,pbks,2025,2025
1473497,d1a60072,pbks,2025,2025
1473497,85ec8e33,pbks,2025,2025
1473497,26989d80,pbks,2025,2025
1473497,8f6dd463,pbks,2025,2025
1473497,81c36ee9,pbks,2025,2025
1473497,3b53243a,pbks,2025,2025
1473497,244048f6,pbks,2025,2025
1473497,57ee1fde,pbks,2025,2025
1473497,e9c7f0d0,rr,2025,2025
1473497,6c19c6e5,rr,2025,2025
1473497,470f446b,rr,2025,2025
1473497,a4cc73aa,rr,2025,2025
1473497,04a418e8,rr,2025,2025
1473497,bcf325d2,rr,2025,2025
1473497,48a1d7b7,rr,2025,2025
1473497,6b2ff18f,rr,2025,2025
1473497,a97c8ec2,rr,2025,2025
1473497,107c26fb,rr,2025,2025
1473497,46a9bea1,rr,2025,2025
1473497,4bd09374,rr,2025,2025
1473498,327b58d3,dc,2025,2025
1473498,b17e2f24,dc,2025,2025
1473498,3355b542,dc,2025,2025
1473498,ad3b6e95,dc,2025,2025
1473498,2e171977,dc,2025,2025
1473498,85b3fab2,dc,2025,2025
1473498,f89d3b11,dc,2025,2025
1473498,84d9c311,dc,2025,2025
1473498,5ffc0565,dc,2025,2025
1473498,ce794613,dc,2025,2025
1473498,8d2c70ad,dc,2025,2025
1473498,0a8fce53,dc,2025,2025
1473498,85e0cf10,gt,2025,2025
1473498,d5130a30,gt,2025,2025
1473498,b4b99816,gt,2025,2025
1473498,d014d5ac,gt,2025,2025
1473498,99b75528,gt,2025,2025
1473498,7dcb9bc9,gt,2025,2025
1473498,39a2dfa8,gt,2025,2025
1473498,5f547c8b,gt,2025,2025
1473498,e62dd25d,gt,2025,2025
1473498,12314277,gt,2025,2025
1473498,c7a995d3,gt,2025,2025
1473498,2f49c897,gt,2025,2025
1473499,3d8feaf8,lsg,2025,2025
1473499,6a26221c,lsg,2025,2025
1473499,919a3be2,lsg,2025,2025
1473499,3241e3fd,lsg,2025,2025
1473499,872b03f7,lsg,2025,2025
1473499,8e514b4c,lsg,2025,2025
1473499,1abb78f8,lsg,2025,2025
1473499,df064e1a,lsg,2025,2025
1473499,0a67aec0,lsg,2025,2025
1473499,eef2536f,lsg,2025,2025
1473499,13fc5c6d,lsg,2025,2025
1473499,cb9b8664,lsg,2025,2025
1473499,36619795,srh,2025,2025
1473499,1ac746c8,srh,2025,2025
1473499,f29185a1,srh,2025,2025
1473499,752f7486,srh,2025,2025
1473499,235c2bb6,srh,2025,2025
1473499,08548b13,srh,2025,2025
1473499,a3b0600d,srh,2025,2025
1473499,aad0c365,srh,2025,2025
1473499,ded9240e,srh,2025,2025
1473499,f986ca1a,srh,2025,2025
1473499,25228673,srh,2025,2025
1473499,5750bcb4,srh,2025,2025
1473500,64839cb3,csk,2025,2025
1473500,b2b4f545,csk,2025,2025
1473500,df5a6881,csk,2025,2025
1473500,cf59b3f0,csk,2025,2025
1473500,495d42a5,csk,2025,2025
1473500,fe93fd9d,csk,2025,2025
1473500,844e79d1,csk,2025,2025
1473500,a4e37e47,csk,2025,2025
1473500,4a8a2e3b,csk,2025,2025
1473500,fcc21ace,csk,2025,2025
1473500,efc04be7,csk,2025,2025
1473500,a2f46292,csk,2025,2025
1473500,6c19c6e5,rr,2025,2025
1473500,470f446b,rr,2025,2025
1473500,a4cc73aa,rr,2025,2025
1473500,04a418e8,rr,2025,2025
1473500,bcf325d2,rr,2025,2025
1473500,48a1d7b7,rr,2025,2025
1473500,a97c8ec2,rr,2025,2025
1473500,107c26fb,rr,2025,2025
1473500,4885bbe6,rr,2025,2025
1473500,46a9bea1,rr,2025,2025
1473500,4bd09374,rr,2025,2025
1473501,e66732f8,mi,2025,2025
1473501,740742ef,mi,2025,2025
1473501,9caf69a1,mi,2025,2025
1473501,271f83cd,mi,2025,2025
1473501,b0482a1d,mi,2025,2025
1473501,dbe50b21,mi,2025,2025
1473501,fffa744b,mi,2025,2025
1473501,e4a0deae,mi,2025,2025
1473501,23eeb873,mi,2025,2025
1473501,a818c1be,mi,2025,2025
1473501,462411b3,mi,2025,2025
1473501,119678fd,mi,2025,2025
1473501,b17e2f24,dc,2025,2025
1473501,3355b542,dc,2025,2025
1473501,ad3b6e95,dc,2025,2025
1473501,f89d3b11,dc,2025,2025
1473501,5ffc0565,dc,2025,2025
1473501,85b3fab2,dc,2025,2025
1473501,84d9c311,dc,2025,2025
1473501,fb5f69e4,dc,2025,2025
1473501,327b58d3,dc,2025,2025
1473501,8d2c70ad,dc,2025,2025
1473501,0a8fce53,dc,2025,2025
1473501,2cffab74,dc,2025,2025
1473502,6a26221c,lsg,2025,2025
1473502,3d8feaf8,lsg,2025,2025
1473502,3241e3fd,lsg,2025,2025
1473502,919a3be2,lsg,2025,2025
1473502,872b03f7,lsg,2025,2025
1473502,8e514b4c,lsg,2025,2025
1473502,ebcfef83,lsg,2025,2025
1473502,f9e6e7ef,lsg,2025,2025
1473502,eef2536f,lsg,2025,2025
1473502,0a67aec0,lsg,2025,2025
1473502,cb9b8664,lsg,2025,2025
1473502,b483905d,lsg,2025,2025
1473502,d5130a30,gt,2025,2025
1473502,b4b99816,gt,2025,2025
1473502,99b75528,gt,2025,2025
1473502,d014d5ac,gt,2025,2025
1473502,7dcb9bc9,gt,2025,2025
1473502,39a2dfa8,gt,2025,2025
1473502,12314277,gt,2025,2025
1473502,5f547c8b,gt,2025,2025
1473502,e62dd25d,gt,2025,2025
1473502,c7a995d3,gt,2025,2025
1473502,2f49c897,gt,2025,2025
1473502,85e0cf10,gt,2025,2025
1473503,f29185a1,srh,2025,2025
1473503,12b610c2,srh,2025,2025
1473503,752f7486,srh,2025,2025
1473503,235c2bb6,srh,2025,2025
1473503,a3b0600d,srh,2025,2025
1473503,aad0c365,srh,2025,2025
1473503,0890552f,srh,2025,2025
1473503,ded9240e,srh,2025,2025
1473503,f986ca1a,srh,2025,2025
1473503,1e66c162,srh,2025,2025
1473503,5750bcb4,srh,2025,2025
1473503,25228673,srh,2025,2025
1473503,3d284ca3,rcb,2025,2025
1473503,ba607b88,rcb,2025,2025
1473503,00ea847a,rcb,2025,2025
1473503,c740ea83,rcb,2025,2025
1473503,800d2d97,rcb,2025,2025
1473503,c5aef772,rcb,2025,2025
1473503,5b8c830e,rcb,2025,2025
1473503,f1f99156,rcb,2025,2025
1473503,2e81a32d,rcb,2025,2025
1473503,7210d461,rcb,2025,2025
1473503,f834dcfc,rcb,2025,2025
1473503,9440ef41,rcb,2025,2025
1473504,64839cb3,csk,2025,2025
1473504,b2b4f545,csk,2025,2025
1473504,df5a6881,csk,2025,2025
1473504,cf59b3f0,csk,2025,2025
1473504,a4e37e47,csk,2025,2025
1473504,844e79d1,csk,2025,2025
1473504,fe93fd9d,csk,2025,2025
1473504,4a8a2e3b,csk,2025,2025
1473504,73ad96ed,csk,2025,2025
1473504,efc04be7,csk,2025,2025
1473504,fcc21ace,csk,2025,2025
1473504,a2f46292,csk,2025,2025
1473504,85e0cf10,gt,2025,2025
1473504,d5130a30,gt,2025,2025
1473504,b4b99816,gt,2025,2025
1473504,99b75528,gt,2025,2025
1473504,d014d5ac,gt,2025,2025
1473504,7dcb9bc9,gt,2025,2025
1473504,39a2dfa8,gt,2025,2025
1473504,5f547c8b,gt,2025,2025
1473504,3204c99f,gt,2025,2025
1473504,12314277,gt,2025,2025
1473504,c7a995d3,gt,2025,2025
1473504,2f49c897,gt,2025,2025
1473505,25228673,srh,2025,2025
1473505,f29185a1,srh,2025,2025
1473505,12b610c2,srh,2025,2025
1473505,235c2bb6,srh,2025,2025
1473505,752f7486,srh,2025,2025
1473505,a3b0600d,srh,2025,2025
1473505,aad0c365,srh,2025,2025
1473505,0890552f,srh,2025,2025
1473505,ded9240e,srh,2025,2025
1473505,f986ca1a,srh,2025,2025
1473505,1e66c162,srh,2025,2025
1473505,5750bcb4,srh,2025,2025
1473505,5b7ab5a9,kkr,2025,2025
1473505,372455c4,kkr,2025,2025
1473505,9d430b40,kkr,2025,2025
1473505,29e95537,kkr,2025,2025
1473505,d7017798,kkr,2025,2025
1473505,0a509d6b,kkr,2025,2025
1473505,bbd41817,kkr,2025,2025
1473505,93b4fc78,kkr,2025,2025
1473505,be24ead0,kkr,2025,2025
1473505,77b1aa15,kkr,2025,2025
1473505,7c3b3b78,kkr,2025,2025
1473505,acdc62f5,kkr,2025,2025
1473506,d45c29b1,mi,2025,2025
1473506,e66732f8,mi,2025,2025
1473506,740742ef,mi,2025,2025
1473506,271f83cd,mi,2025,2025
1473506,b0482a1d,mi,2025,2025
1473506,9caf69a1,mi,2025,2025
1473506,dbe50b21,mi,2025,2025
1473506,fffa744b,mi,2025,2025
1473506,e4a0deae,mi,2025,2025
1473506,23eeb873,mi,2025,2025
1473506,a818c1be,mi,2025,2025
1473506,462411b3,mi,2025,2025
1473506,54e52590,pbks,2025,2025
1473506,b5797845,pbks,2025,2025
1473506,9418198b,pbks,2025,2025
1473506,989889ff,pbks,2025,2025
1473506,85ec8e33,pbks,2025,2025
1473506,d1a60072,pbks,2025,2025
1473506,26989d80,pbks,2025,2025
1473506,d9273ee7,pbks,2025,2025
1473506,81c36ee9,pbks,2025,2025
1473506,c05edf8e,pbks,2025,2025
1473506,68c56d09,pbks,2025,2025
1473506,244048f6,pbks,2025,2025
1473507,b483905d,lsg,2025,2025
1473507,3d8feaf8,lsg,2025,2025
1473507,35f173a0,lsg,2025,2025
1473507,919a3be2,lsg,2025,2025
1473507,3241e3fd,lsg,2025,2025
1473507,8e514b4c,lsg,2025,2025
1473507,872b03f7,lsg,2025,2025
1473507,ebcfef83,lsg,2025,2025
1473507,f9e6e7ef,lsg,2025,2025
1473507,13fc5c6d,lsg,2025,2025
1473507,eef2536f,lsg,2025,2025
1473507,cb9b8664,lsg,2025,2025
1473507,9440ef41,rcb,2025,2025
1473507,3d284ca3,rcb,2025,2025
1473507,ba607b88,rcb,2025,2025
1473507,c740ea83,rcb,2025,2025
1473507,50c6bc2b,rcb,2025,2025
1473507,00ea847a,rcb,2025,2025
1473507,800d2d97,rcb,2025,2025
1473507,c5aef772,rcb,2025,2025
1473507,5b8c830e,rcb,2025,2025
1473507,2e81a32d,rcb,2025,2025
1473507,7210d461,rcb,2025,2025
1473507,ee1b6c27,rcb,2025,2025
1473508,b5797845,pbks,2025,2025
1473508,9418198b,pbks,2025,2025
1473508,989889ff,pbks,2025,2025
1473508,85ec8e33,pbks,2025,2025
1473508,d1a60072,pbks,2025,2025
1473508,d9273ee7,pbks,2025,2025
1473508,26989d80,pbks,2025,2025
1473508,d621b427,pbks,2025,2025
1473508,8f6dd463,pbks,2025,2025
1473508,c05edf8e,pbks,2025,2025
1473508,68c56d09,pbks,2025,2025
1473508,244048f6,pbks,2025,2025
1473508,9440ef41,rcb,2025,2025
1473508,3d284ca3,rcb,2025,2025
1473508,ba607b88,rcb,2025,2025
1473508,00ea847a,rcb,2025,2025
1473508,c740ea83,rcb,2025,2025
1473508,50c6bc2b,rcb,2025,2025
1473508,800d2d97,rcb,2025,2025
1473508,c5aef772,rcb,2025,2025
1473508,5b8c830e,rcb,2025,2025
1473508,2e81a32d,rcb,2025,2025
1473508,7210d461,rcb,2025,2025
1473508,03806cf8,rcb,2025,2025
1473509,d45c29b1,mi,2025,2025
1473509,740742ef,mi,2025,2025
1473509,abb83e27,mi,2025,2025
1473509,271f83cd,mi,2025,2025
1473509,b0482a1d,mi,2025,2025
1473509,dbe50b21,mi,2025,2025
1473509,fffa744b,mi,2025,2025
1473509,e4a0deae,mi,2025,2025
1473509,ba6b2f91,mi,2025,2025
1473509,a818c1be,mi,2025,2025
1473509,462411b3,mi,2025,2025
1473509,402f8494,mi,2025,2025
1473509,2f49c897,gt,2025,2025
1473509,d5130a30,gt,2025,2025
1473509,b4b99816,gt,2025,2025
1473509,5d1e7582,gt,2025,2025
1473509,f19ccfad,gt,2025,2025
1473509,d014d5ac,gt,2025,2025
1473509,39a2dfa8,gt,2025,2025
1473509,7dcb9bc9,gt,2025,2025
1473509,5f547c8b,gt,2025,2025
1473509,c7a995d3,gt,2025,2025
1473509,3204c99f,gt,2025,2025
1473509,85e0cf10,gt,2025,2025
1473510,d45c29b1,mi,2025,2025
1473510,740742ef,mi,2025,2025
1473510,abb83e27,mi,2025,2025
1473510,b0482a1d,mi,2025,2025
1473510,271f83cd,mi,2025,2025
1473510,dbe50b21,mi,2025,2025
1473510,fffa744b,mi,2025,2025
1473510,ba6b2f91,mi,2025,2025
1473510,e4a0deae,mi,2025,2025
1473510,a818c1be,mi,2025,2025
1473510,462411b3,mi,2025,2025
1473510,8db7f47f,mi,2025,2025
1473510,57ee1fde,pbks,2025,2025
1473510,b5797845,pbks,2025,2025
1473510,9418198b,pbks,2025,2025
1473510,989889ff,pbks,2025,2025
1473510,85ec8e33,pbks,2025,2025
1473510,d1a60072,pbks,2025,2025
1473510,26989d80,pbks,2025,2025
1473510,d9273ee7,pbks,2025,2025
1473510,8f6dd463,pbks,2025,2025
1473510,54e52590,pbks,2025,2025
1473510,68c56d09,pbks,2025,2025
1473510,244048f6,pbks,2025,2025
1473511,9440ef41,rcb,2025,2025
1473511,3d284ca3,rcb,2025,2025
1473511,ba607b88,rcb,2025,2025
1473511,00ea847a,rcb,2025,2025
1473511,c740ea83,rcb,2025,2025
1473511,50c6bc2b,rcb,2025,2025
1473511,800d2d97,rcb,2025,2025
1473511,c5aef772,rcb,2025,2025
1473511,5b8c830e,rcb,2025,2025
1473511,2e81a32d,rcb,2025,2025
1473511,7210d461,rcb,2025,2025
1473511,03806cf8,rcb,2025,2025
1473511,57ee1fde,pbks,2025,2025
1473511,b5797845,pbks,2025,2025
1473511,9418198b,pbks,2025,2025
1473511,989889ff,pbks,2025,2025
1473511,85ec8e33,pbks,2025,2025
1473511,d1a60072,pbks,2025,2025
1473511,26989d80,pbks,2025,2025
1473511,d9273ee7,pbks,2025,2025
1473511,8f6dd463,pbks,2025,2025
1473511,68c56d09,pbks,2025,2025
1473511,54e52590,pbks,2025,2025
1473511,244048f6,pbks,2025,2025
1485779,ed5a5510,pbks,2025,2025
1485779,b5797845,pbks,2025,2025
1485779,9418198b,pbks,2025,2025
1485779,989889ff,pbks,2025,2025
1485779,85ec8e33,pbks,2025,2025
1485779,d1a60072,pbks,2025,2025
1485779,26989d80,pbks,2025,2025
1485779,d9273ee7,pbks,2025,2025
1485779,8f6dd463,pbks,2025,2025
1485779,81c36ee9,pbks,2025,2025
1485779,c05edf8e,pbks,2025,2025
1485779,244048f6,pbks,2025,2025
1485779,2cffab74,dc,2025,2025
1485779,b17e2f24,dc,2025,2025
1485779,3355b542,dc,2025,2025
1485779,944533a5,dc,2025,2025
1485779,3c28853f,dc,2025,2025
1485779,f89d3b11,dc,2025,2025
1485779,85b3fab2,dc,2025,2025
1485779,84d9c311,dc,2025,2025
1485779,5ffc0565,dc,2025,2025
1485779,8d2c70ad,dc,2025,2025
1485779,759ac88f,dc,2025,2025
1485779,0a8fce53,dc,2025,2025
1527674,12b610c2,srh,2026,2026
1527674,f29185a1,srh,2026,2026
1527674,752f7486,srh,2026,2026
1527674,aad0c365,srh,2026,2026
1527674,235c2bb6,srh,2026,2026
1527674,d7423da1,srh,2026,2026
1527674,a3b0600d,srh,2026,2026
1527674,25228673,srh,2026,2026
1527674,f986ca1a,srh,2026,2026
1527674,6c79c098,srh,2026,2026
1527674,1e66c162,srh,2026,2026
1527674,5750bcb4,srh,2026,2026
1527674,dadbdb68,rcb,2026,2026
1527674,3d284ca3,rcb,2026,2026
1527674,ba607b88,rcb,2026,2026
1527674,2c25d4f5,rcb,2026,2026
1527674,c740ea83,rcb,2026,2026
1527674,800d2d97,rcb,2026,2026
1527674,f1f99156,rcb,2026,2026
1527674,c5aef772,rcb,2026,2026
1527674,5b8c830e,rcb,2026,2026
1527674,2e81a32d,rcb,2026,2026
1527674,82c10dac,rcb,2026,2026
1527674,9440ef41,rcb,2026,2026
1527675,5d2eea49,kkr,2026,2026
1527675,29e95537,kkr,2026,2026
1527675,bf74b130,kkr,2026,2026
1527675,eaa76d3c,kkr,2026,2026
1527675,d7017798,kkr,2026,2026
1527675,0a509d6b,kkr,2026,2026
1527675,be24ead0,kkr,2026,2026
1527675,e4cdf230,kkr,2026,2026
1527675,9d430b40,kkr,2026,2026
1527675,5b7ab5a9,kkr,2026,2026
1527675,7c3b3b78,kkr,2026,2026
1527675,449f4e3c,kkr,2026,2026
1527675,462411b3,mi,2026,2026
1527675,e66732f8,mi,2026,2026
1527675,740742ef,mi,2026,2026
1527675,271f83cd,mi,2026,2026
1527675,b0482a1d,mi,2026,2026
1527675,dbe50b21,mi,2026,2026
1527675,fffa744b,mi,2026,2026
1527675,d014d5ac,mi,2026,2026
1527675,1abb78f8,mi,2026,2026
1527675,a9fd84fb,mi,2026,2026
1527675,9ca68676,mi,2026,2026
1527675,a818c1be,mi,2026,2026
1527676,a4cc73aa,csk,2026,2026
1527676,45a43fe2,csk,2026,2026
1527676,b2b4f545,csk,2026,2026
1527676,a90e53ec,csk,2026,2026
1527676,f088b960,csk,2026,2026
1527676,7b679de5,csk,2026,2026
1527676,a4e37e47,csk,2026,2026
1527676,59559bc2,csk,2026,2026
1527676,efc04be7,csk,2026,2026
1527676,e84ac20c,csk,2026,2026
1527676,fcc21ace,csk,2026,2026
1527676,a2f46292,csk,2026,2026
1527676,6c19c6e5,rr,2026,2026
1527676,470f446b,rr,2026,2026
1527676,bcf325d2,rr,2026,2026
1527676,04a418e8,rr,2026,2026
1527676,48a1d7b7,rr,2026,2026
1527676,fe93fd9d,rr,2026,2026
1527676,5574750c,rr,2026,2026
1527676,465aa633,rr,2026,2026
1527676,ce820073,rr,2026,2026
1527676,df064e1a,rr,2026,2026
1527676,133bbd61,rr,2026,2026
1527677,85e0cf10,gt,2026,2026
1527677,d5130a30,gt,2026,2026
1527677,b4b99816,gt,2026,2026
1527677,99b75528,gt,2026,2026
1527677,9a46c4e5,gt,2026,2026
1527677,f19ccfad,gt,2026,2026
1527677,7dcb9bc9,gt,2026,2026
1527677,39a2dfa8,gt,2026,2026
1527677,5f547c8b,gt,2026,2026
1527677,e62dd25d,gt,2026,2026
1527677,50c09020,gt,2026,2026
1527677,2f49c897,gt,2026,2026
1527677,57ee1fde,pbks,2026,2026
1527677,b5797845,pbks,2026,2026
1527677,9418198b,pbks,2026,2026
1527677,fe366f34,pbks,2026,2026
1527677,85ec8e33,pbks,2026,2026
1527677,d1a60072,pbks,2026,2026
1527677,26989d80,pbks,2026,2026
1527677,d9273ee7,pbks,2026,2026
1527677,81c36ee9,pbks,2026,2026
1527677,3b53243a,pbks,2026,2026
1527677,54e52590,pbks,2026,2026
1527677,244048f6,pbks,2026,2026
1527678,3d8feaf8,lsg,2026,2026
1527678,919a3be2,lsg,2026,2026
1527678,6a26221c,lsg,2026,2026
1527678,872b03f7,lsg,2026,2026
1527678,3241e3fd,lsg,2026,2026
1527678,8e514b4c,lsg,2026,2026
1527678,1c84109e,lsg,2026,2026
1527678,f9e6e7ef,lsg,2026,2026
1527678,8cf9814c,lsg,2026,2026
1527678,acdc62f5,lsg,2026,2026
1527678,c33d8116,lsg,2026,2026
1527678,80b2fb19,lsg,2026,2026
1527678,ce794613,dc,2026,2026
1527678,b17e2f24,dc,2026,2026
1527678,8ee36b18,dc,2026,2026
1527678,fb2d1dda,dc,2026,2026
1527678,f89d3b11,dc,2026,2026
1527678,2e171977,dc,2026,2026
1527678,85b3fab2,dc,2026,2026
1527678,5ffc0565,dc,2026,2026
1527678,d67d5f00,dc,2026,2026
1527678,f834dcfc,dc,2026,2026
1527678,8d2c70ad,dc,2026,2026
1527678,2cffab74,dc,2026,2026
1527679,12b610c2,srh,2026,2026
1527679,f29185a1,srh,2026,2026
1527679,752f7486,srh,2026,2026
1527679,235c2bb6,srh,2026,2026
1527679,a3b0600d,srh,2026,2026
1527679,aad0c365,srh,2026,2026
1527679,d7423da1,srh,2026,2026
1527679,25228673,srh,2026,2026
1527679,7b44eb3e,srh,2026,2026
1527679,1e66c162,srh,2026,2026
1527679,6c79c098,srh,2026,2026
1527679,5750bcb4,srh,2026,2026
1527679,bf74b130,kkr,2026,2026
1527679,29e95537,kkr,2026,2026
1527679,d7017798,kkr,2026,2026
1527679,eaa76d3c,kkr,2026,2026
1527679,0a509d6b,kkr,2026,2026
1527679,e4cdf230,kkr,2026,2026
1527679,be24ead0,kkr,2026,2026
1527679,9d430b40,kkr,2026,2026
1527679,5d2eea49,kkr,2026,2026
1527679,7c3b3b78,kkr,2026,2026
1527679,5b7ab5a9,kkr,2026,2026
1527679,449f4e3c,kkr,2026,2026
1527680,2ed569a0,csk,2026,2026
1527680,a4cc73aa,csk,2026,2026
1527680,45a43fe2,csk,2026,2026
1527680,b2b4f545,csk,2026,2026
1527680,a4e37e47,csk,2026,2026
1527680,7b679de5,csk,2026,2026
1527680,f088b960,csk,2026,2026
1527680,e148e6bd,csk,2026,2026
1527680,efc04be7,csk,2026,2026
1527680,fcc21ace,csk,2026,2026
1527680,e84ac20c,csk,2026,2026
1527680,a2f46292,csk,2026,2026
1527680,57ee1fde,pbks,2026,2026
1527680,b5797845,pbks,2026,2026
1527680,9418198b,pbks,2026,2026
1527680,fe366f34,pbks,2026,2026
1527680,85ec8e33,pbks,2026,2026
1527680,d1a60072,pbks,2026,2026
1527680,26989d80,pbks,2026,2026
1527680,d9273ee7,pbks,2026,2026
1527680,81c36ee9,pbks,2026,2026
1527680,3b53243a,pbks,2026,2026
1527680,54e52590,pbks,2026,2026
1527680,244048f6,pbks,2026,2026
1527681,a9fd84fb,mi,2026,2026
1527681,e66732f8,mi,2026,2026
1527681,740742ef,mi,2026,2026
1527681,b0482a1d,mi,2026,2026
1527681,271f83cd,mi,2026,2026
1527681,d014d5ac,mi,2026,2026
1527681,fffa744b,mi,2026,2026
1527681,e4a0deae,mi,2026,2026
1527681,172dff15,mi,2026,2026
1527681,1abb78f8,mi,2026,2026
1527681,23eeb873,mi,2026,2026
1527681,462411b3,mi,2026,2026
1527681,2cffab74,dc,2026,2026
1527681,b17e2f24,dc,2026,2026
1527681,8ee36b18,dc,2026,2026
1527681,fb2d1dda,dc,2026,2026
1527681,f89d3b11,dc,2026,2026
1527681,d67d5f00,dc,2026,2026
1527681,85b3fab2,dc,2026,2026
1527681,5ffc0565,dc,2026,2026
1527681,2e171977,dc,2026,2026
1527681,8d2c70ad,dc,2026,2026
1527681,f834dcfc,dc,2026,2026
1527681,ce794613,dc,2026,2026
1527682,df064e1a,rr,2026,2026
1527682,6c19c6e5,rr,2026,2026
1527682,470f446b,rr,2026,2026
1527682,bcf325d2,rr,2026,2026
1527682,04a418e8,rr,2026,2026
1527682,48a1d7b7,rr,2026,2026
1527682,f0af99a7,rr,2026,2026
1527682,fe93fd9d,rr,2026,2026
1527682,5574750c,rr,2026,2026
1527682,465aa633,rr,2026,2026
1527682,46a9bea1,rr,2026,2026
1527682,ce820073,rr,2026,2026
1527682,85e0cf10,gt,2026,2026
1527682,d5130a30,gt,2026,2026
1527682,57ca01b3,gt,2026,2026
1527682,99b75528,gt,2026,2026
1527682,9a46c4e5,gt,2026,2026
1527682,f19ccfad,gt,2026,2026
1527682,39a2dfa8,gt,2026,2026
1527682,7dcb9bc9,gt,2026,2026
1527682,5f547c8b,gt,2026,2026
1527682,e62dd25d,gt,2026,2026
1527682,50c09020,gt,2026,2026
1527682,2f49c897,gt,2026,2026
1527683,5750bcb4,srh,2026,2026
1527683,12b610c2,srh,2026,2026
1527683,f29185a1,srh,2026,2026
1527683,752f7486,srh,2026,2026
1527683,50c6bc2b,srh,2026,2026
1527683,235c2bb6,srh,2026,2026
1527683,aad0c365,srh,2026,2026
1527683,a3b0600d,srh,2026,2026
1527683,25228673,srh,2026,2026
1527683,7b44eb3e,srh,2026,2026
1527683,f986ca1a,srh,2026,2026
1527683,1e66c162,srh,2026,2026
1527683,8cf9814c,lsg,2026,2026
1527683,6a26221c,lsg,2026,2026
1527683,3d8feaf8,lsg,2026,2026
1527683,919a3be2,lsg,2026,2026
1527683,872b03f7,lsg,2026,2026
1527683,3241e3fd,lsg,2026,2026
1527683,8e514b4c,lsg,2026,2026
1527683,1c84109e,lsg,2026,2026
1527683,cf0ccafa,lsg,2026,2026
1527683,eef2536f,lsg,2026,2026
1527683,13fc5c6d,lsg,2026,2026
1527683,80b2fb19,lsg,2026,2026
1527684,9440ef41,rcb,2026,2026
1527684,3d284ca3,rcb,2026,2026
1527684,ba607b88,rcb,2026,2026
1527684,2c25d4f5,rcb,2026,2026
1527684,c740ea83,rcb,2026,2026
1527684,f1f99156,rcb,2026,2026
1527684,800d2d97,rcb,2026,2026
1527684,c5aef772,rcb,2026,2026
1527684,5b8c830e,rcb,2026,2026
1527684,2e81a32d,rcb,2026,2026
1527684,82c10dac,rcb,2026,2026
1527684,dadbdb68,rcb,2026,2026
1527684,a2f46292,csk,2026,2026
1527684,a4cc73aa,csk,2026,2026
1527684,45a43fe2,csk,2026,2026
1527684,b2b4f545,csk,2026,2026
1527684,f088b960,csk,2026,2026
1527684,7b679de5,csk,2026,2026
1527684,a4e37e47,csk,2026,2026
1527684,e148e6bd,csk,2026,2026
1527684,59559bc2,csk,2026,2026
1527684,fcc21ace,csk,2026,2026
1527684,efc04be7,csk,2026,2026
1527684,e84ac20c,csk,2026,2026
1527685,29e95537,kkr,2026,2026
1527685,bf74b130,kkr,2026,2026
1527685,eaa76d3c,kkr,2026,2026
1527685,d7017798,kkr,2026,2026
1527685,650d5e49,kkr,2026,2026
1527685,0a509d6b,kkr,2026,2026
1527685,be24ead0,kkr,2026,2026
1527685,e4cdf230,kkr,2026,2026
1527685,21d4e29b,kkr,2026,2026
1527685,7c3b3b78,kkr,2026,2026
1527685,5d2eea49,kkr,2026,2026
1527685,85ec8e33,pbks,2026,2026
1527685,9418198b,pbks,2026,2026
1527685,d1a60072,pbks,2026,2026
1527685,fe366f34,pbks,2026,2026
1527685,26989d80,pbks,2026,2026
1527685,d9273ee7,pbks,2026,2026
1527685,81c36ee9,pbks,2026,2026
1527685,54e52590,pbks,2026,2026
1527685,3b53243a,pbks,2026,2026
1527685,244048f6,pbks,2026,2026
1527685,57ee1fde,pbks,2026,2026
1527686,df064e1a,rr,2026,2026
1527686,6c19c6e5,rr,2026,2026
1527686,470f446b,rr,2026,2026
1527686,bcf325d2,rr,2026,2026
1527686,04a418e8,rr,2026,2026
1527686,48a1d7b7,rr,2026,2026
1527686,fe93fd9d,rr,2026,2026
1527686,f0af99a7,rr,2026,2026
1527686,5574750c,rr,2026,2026
1527686,465aa633,rr,2026,2026
1527686,46a9bea1,rr,2026,2026
1527686,ce820073,rr,2026,2026
1527686,9ca68676,mi,2026,2026
1527686,e66732f8,mi,2026,2026
1527686,740742ef,mi,2026,2026
1527686,271f83cd,mi,2026,2026
1527686,b0482a1d,mi,2026,2026
1527686,dbe50b21,mi,2026,2026
1527686,fffa744b,mi,2026,2026
1527686,d014d5ac,mi,2026,2026
1527686,1abb78f8,mi,2026,2026
1527686,23eeb873,mi,2026,2026
1527686,a818c1be,mi,2026,2026
1527686,462411b3,mi,2026,2026
1527687,7dcb9bc9,gt,2026,2026
1527687,d5130a30,gt,2026,2026
1527687,b4b99816,gt,2026,2026
1527687,99b75528,gt,2026,2026
1527687,f19ccfad,gt,2026,2026
1527687,9a46c4e5,gt,2026,2026
1527687,39a2dfa8,gt,2026,2026
1527687,5f547c8b,gt,2026,2026
1527687,e62dd25d,gt,2026,2026
1527687,2f49c897,gt,2026,2026
1527687,50c09020,gt,2026,2026
1527687,85e0cf10,gt,2026,2026
1527687,2cffab74,dc,2026,2026
1527687,8ee36b18,dc,2026,2026
1527687,b17e2f24,dc,2026,2026
1527687,fb2d1dda,dc,2026,2026
1527687,f89d3b11,dc,2026,2026
1527687,d67d5f00,dc,2026,2026
1527687,2e171977,dc,2026,2026
1527687,85b3fab2,dc,2026,2026
1527687,5ffc0565,dc,2026,2026
1527687,8d2c70ad,dc,2026,2026
1527687,f834dcfc,dc,2026,2026
1527687,ce794613,dc,2026,2026
1527688,7c3b3b78,kkr,2026,2026
1527688,29e95537,kkr,2026,2026
1527688,bf74b130,kkr,2026,2026
1527688,d7017798,kkr,2026,2026
1527688,eaa76d3c,kkr,2026,2026
1527688,0a509d6b,kkr,2026,2026
1527688,650d5e49,kkr,2026,2026
1527688,be24ead0,kkr,2026,2026
1527688,e4cdf230,kkr,2026,2026
1527688,9d430b40,kkr,2026,2026
1527688,21d4e29b,kkr,2026,2026
1527688,5d2eea49,kkr,2026,2026
1527688,cf0ccafa,lsg,2026,2026
1527688,3d8feaf8,lsg,2026,2026
1527688,6a26221c,lsg,2026,2026
1527688,919a3be2,lsg,2026,2026
1527688,872b03f7,lsg,2026,2026
1527688,3241e3fd,lsg,2026,2026
1527688,8e514b4c,lsg,2026,2026
1527688,1c84109e,lsg,2026,2026
1527688,8cf9814c,lsg,2026,2026
1527688,eef2536f,lsg,2026,2026
1527688,13fc5c6d,lsg,2026,2026
1527688,80b2fb19,lsg,2026,2026
1527689,3d284ca3,rcb,2026,2026
1527689,ba607b88,rcb,2026,2026
1527689,2c25d4f5,rcb,2026,2026
1527689,c740ea83,rcb,2026,2026
1527689,5b8c830e,rcb,2026,2026
1527689,800d2d97,rcb,2026,2026
1527689,f1f99156,rcb,2026,2026
1527689,c5aef772,rcb,2026,2026
1527689,a24be938,rcb,2026,2026
1527689,2e81a32d,rcb,2026,2026
1527689,82c10dac,rcb,2026,2026
1527689,03806cf8,rcb,2026,2026
1527689,ce820073,rr,2026,2026
1527689,6c19c6e5,rr,2026,2026
1527689,470f446b,rr,2026,2026
1527689,bcf325d2,rr,2026,2026
1527689,48a1d7b7,rr,2026,2026
1527689,04a418e8,rr,2026,2026
1527689,fe93fd9d,rr,2026,2026
1527689,f0af99a7,rr,2026,2026
1527689,df064e1a,rr,2026,2026
1527689,5574750c,rr,2026,2026
1527689,465aa633,rr,2026,2026
1527689,133bbd61,rr,2026,2026
1527690,1e66c162,srh,2026,2026
1527690,f29185a1,srh,2026,2026
1527690,12b610c2,srh,2026,2026
1527690,752f7486,srh,2026,2026
1527690,235c2bb6,srh,2026,2026
1527690,a3b0600d,srh,2026,2026
1527690,d7423da1,srh,2026,2026
1527690,aad0c365,srh,2026,2026
1527690,25228673,srh,2026,2026
1527690,7b44eb3e,srh,2026,2026
1527690,f986ca1a,srh,2026,2026
1527690,5750bcb4,srh,2026,2026
1527690,57ee1fde,pbks,2026,2026
1527690,b5797845,pbks,2026,2026
1527690,9418198b,pbks,2026,2026
1527690,fe366f34,pbks,2026,2026
1527690,85ec8e33,pbks,2026,2026
1527690,d1a60072,pbks,2026,2026
1527690,26989d80,pbks,2026,2026
1527690,d9273ee7,pbks,2026,2026
1527690,81c36ee9,pbks,2026,2026
1527690,3b53243a,pbks,2026,2026
1527690,54e52590,pbks,2026,2026
1527690,244048f6,pbks,2026,2026
1527691,4d7f517e,csk,2026,2026
1527691,a4cc73aa,csk,2026,2026
1527691,45a43fe2,csk,2026,2026
1527691,b2b4f545,csk,2026,2026
1527691,a4e37e47,csk,2026,2026
1527691,f088b960,csk,2026,2026
1527691,844e79d1,csk,2026,2026
1527691,59559bc2,csk,2026,2026
1527691,efc04be7,csk,2026,2026
1527691,fcc21ace,csk,2026,2026
1527691,cc61ee8f,csk,2026,2026
1527691,a2f46292,csk,2026,2026
1527691,2cffab74,dc,2026,2026
1527691,8ee36b18,dc,2026,2026
1527691,b17e2f24,dc,2026,2026
1527691,f89d3b11,dc,2026,2026
1527691,2e171977,dc,2026,2026
1527691,d67d5f00,dc,2026,2026
1527691,85b3fab2,dc,2026,2026
1527691,84d9c311,dc,2026,2026
1527691,7c3c0337,dc,2026,2026
1527691,8d2c70ad,dc,2026,2026
1527691,f834dcfc,dc,2026,2026
1527691,ce794613,dc,2026,2026
1527692,6a26221c,lsg,2026,2026
1527692,3d8feaf8,lsg,2026,2026
1527692,919a3be2,lsg,2026,2026
1527692,872b03f7,lsg,2026,2026
1527692,3241e3fd,lsg,2026,2026
1527692,8e514b4c,lsg,2026,2026
1527692,1c84109e,lsg,2026,2026
1527692,e5437608,lsg,2026,2026
1527692,8cf9814c,lsg,2026,2026
1527692,eef2536f,lsg,2026,2026
1527692,13fc5c6d,lsg,2026,2026
1527692,80b2fb19,lsg,2026,2026
1527692,2f49c897,gt,2026,2026
1527692,d5130a30,gt,2026,2026
1527692,b4b99816,gt,2026,2026
1527692,99b75528,gt,2026,2026
1527692,f19ccfad,gt,2026,2026
1527692,39a2dfa8,gt,2026,2026
1527692,9a46c4e5,gt,2026,2026
1527692,5f547c8b,gt,2026,2026
1527692,e62dd25d,gt,2026,2026
1527692,50c09020,gt,2026,2026
1527692,85e0cf10,gt,2026,2026
1527692,7dcb9bc9,gt,2026,2026
1527693,b8527c3d,rcb,2026,2026
1527693,3d284ca3,rcb,2026,2026
1527693,ba607b88,rcb,2026,2026
1527693,c740ea83,rcb,2026,2026
1527693,f1f99156,rcb,2026,2026
1527693,800d2d97,rcb,2026,2026
1527693,c5aef772,rcb,2026,2026
1527693,2c25d4f5,rcb,2026,2026
1527693,5b8c830e,rcb,2026,2026
1527693,2e81a32d,rcb,2026,2026
1527693,dadbdb68,rcb,2026,2026
1527693,9440ef41,rcb,2026,2026
1527693,a9fd84fb,mi,2026,2026
1527693,e66732f8,mi,2026,2026
1527693,740742ef,mi,2026,2026
1527693,271f83cd,mi,2026,2026
1527693,b0482a1d,mi,2026,2026
1527693,dbe50b21,mi,2026,2026
1527693,d014d5ac,mi,2026,2026
1527693,fffa744b,mi,2026,2026
1527693,e4a0deae,mi,2026,2026
1527693,1abb78f8,mi,2026,2026
1527693,462411b3,mi,2026,2026
1527693,a818c1be,mi,2026,2026
1529264,280fff14,srh,2026,2026
1529264,f29185a1,srh,2026,2026
1529264,12b610c2,srh,2026,2026
1529264,752f7486,srh,2026,2026
1529264,235c2bb6,srh,2026,2026
1529264,aad0c365,srh,2026,2026
1529264,d7423da1,srh,2026,2026
1529264,a3b0600d,srh,2026,2026
1529264,25228673,srh,2026,2026
1529264,7b44eb3e,srh,2026,2026
1529264,ece7b6b3,srh,2026,2026
1529264,5750bcb4,srh,2026,2026
1529264,ce820073,rr,2026,2026
1529264,6c19c6e5,rr,2026,2026
1529264,470f446b,rr,2026,2026
1529264,bcf325d2,rr,2026,2026
1529264,60aa2db3,rr,2026,2026
1529264,04a418e8,rr,2026,2026
1529264,fe93fd9d,rr,2026,2026
1529264,f0af99a7,rr,2026,2026
1529264,5574750c,rr,2026,2026
1529264,46a9bea1,rr,2026,2026
1529264,df064e1a,rr,2026,2026
1529264,465aa633,rr,2026,2026
1529265,4d7f517e,csk,2026,2026
1529265,a4cc73aa,csk,2026,2026
1529265,45a43fe2,csk,2026,2026
1529265,b2b4f545,csk,2026,2026
1529265,844e79d1,csk,2026,2026
1529265,f088b960,csk,2026,2026
1529265,a4e37e47,csk,2026,2026
1529265,59559bc2,csk,2026,2026
1529265,efc04be7,csk,2026,2026
1529265,fcc21ace,csk,2026,2026
1529265,cc61ee8f,csk,2026,2026
1529265,a2f46292,csk,2026,2026
1529265,5b7ab5a9,kkr,2026,2026
1529265,bf74b130,kkr,2026,2026
1529265,9d430b40,kkr,2026,2026
1529265,29e95537,kkr,2026,2026
1529265,d7017798,kkr,2026,2026
1529265,0a509d6b,kkr,2026,2026
1529265,eaa76d3c,kkr,2026,2026
1529265,650d5e49,kkr,2026,2026
1529265,be24ead0,kkr,2026,2026
1529265,e4cdf230,kkr,2026,2026
1529265,7c3b3b78,kkr,2026,2026
1529265,5d2eea49,kkr,2026,2026
1529266,3d8feaf8,lsg,2026,2026
1529266,6a26221c,lsg,2026,2026
1529266,919a3be2,lsg,2026,2026
1529266,3241e3fd,lsg,2026,2026
1529266,872b03f7,lsg,2026,2026
1529266,8e514b4c,lsg,2026,2026
1529266,1c84109e,lsg,2026,2026
1529266,e5437608,lsg,2026,2026
1529266,8cf9814c,lsg,2026,2026
1529266,eef2536f,lsg,2026,2026
1529266,13fc5c6d,lsg,2026,2026
1529266,80b2fb19,lsg,2026,2026
1529266,9440ef41,rcb,2026,2026
1529266,3d284ca3,rcb,2026,2026
1529266,ba607b88,rcb,2026,2026
1529266,2c25d4f5,rcb,2026,2026
1529266,c740ea83,rcb,2026,2026
1529266,800d2d97,rcb,2026,2026
1529266,f1f99156,rcb,2026,2026
1529266,c5aef772,rcb,2026,2026
1529266,5b8c830e,rcb,2026,2026
1529266,2e81a32d,rcb,2026,2026
1529266,b8527c3d,rcb,2026,2026
1529266,03806cf8,rcb,2026,2026
1529267,9ca68676,mi,2026,2026
1529267,e66732f8,mi,2026,2026
1529267,372455c4,mi,2026,2026
1529267,271f83cd,mi,2026,2026
1529267,fffa744b,mi,2026,2026
1529267,dbe50b21,mi,2026,2026
1529267,d014d5ac,mi,2026,2026
1529267,b0482a1d,mi,2026,2026
1529267,2b801189,mi,2026,2026
1529267,1abb78f8,mi,2026,2026
1529267,23eeb873,mi,2026,2026
1529267,462411b3,mi,2026,2026
1529267,b5797845,pbks,2026,2026
1529267,9418198b,pbks,2026,2026
1529267,fe366f34,pbks,2026,2026
1529267,85ec8e33,pbks,2026,2026
1529267,d9273ee7,pbks,2026,2026
1529267,26989d80,pbks,2026,2026
1529267,81c36ee9,pbks,2026,2026
1529267,3b53243a,pbks,2026,2026
1529267,54e52590,pbks,2026,2026
1529267,244048f6,pbks,2026,2026
1529267,57ee1fde,pbks,2026,2026
1529268,5b7ab5a9,kkr,2026,2026
1529268,4663bd23,kkr,2026,2026
1529268,29e95537,kkr,2026,2026
1529268,d7017798,kkr,2026,2026
1529268,eaa76d3c,kkr,2026,2026
1529268,650d5e49,kkr,2026,2026
1529268,e4cdf230,kkr,2026,2026
1529268,0a509d6b,kkr,2026,2026
1529268,be24ead0,kkr,2026,2026
1529268,9d430b40,kkr,2026,2026
1529268,5d2eea49,kkr,2026,2026
1529268,7c3b3b78,kkr,2026,2026
1529268,85e0cf10,gt,2026,2026
1529268,d5130a30,gt,2026,2026
1529268,b4b99816,gt,2026,2026
1529268,99b75528,gt,2026,2026
1529268,f19ccfad,gt,2026,2026
1529268,9a46c4e5,gt,2026,2026
1529268,39a2dfa8,gt,2026,2026
1529268,7dcb9bc9,gt,2026,2026
1529268,5f547c8b,gt,2026,2026
1529268,50c09020,gt,2026,2026
1529268,e62dd25d,gt,2026,2026
1529268,2f49c897,gt,2026,2026
1529269,3d284ca3,rcb,2026,2026
1529269,ba607b88,rcb,2026,2026
1529269,2c25d4f5,rcb,2026,2026
1529269,c740ea83,rcb,2026,2026
1529269,f1f99156,rcb,2026,2026
1529269,800d2d97,rcb,2026,2026
1529269,c5aef772,rcb,2026,2026
1529269,5b8c830e,rcb,2026,2026
1529269,b8527c3d,rcb,2026,2026
1529269,2e81a32d,rcb,2026,2026
1529269,9440ef41,rcb,2026,2026
1529269,03806cf8,rcb,2026,2026
1529269,2cffab74,dc,2026,2026
1529269,8ee36b18,dc,2026,2026
1529269,b17e2f24,dc,2026,2026
1529269,944533a5,dc,2026,2026
1529269,f89d3b11,dc,2026,2026
1529269,85b3fab2,dc,2026,2026
1529269,2e171977,dc,2026,2026
1529269,d67d5f00,dc,2026,2026
1529269,7c3c0337,dc,2026,2026
1529269,f834dcfc,dc,2026,2026
1529269,8d2c70ad,dc,2026,2026
1529269,ce794613,dc,2026,2026
1529270,f29185a1,srh,2026,2026
1529270,12b610c2,srh,2026,2026
1529270,752f7486,srh,2026,2026
1529270,235c2bb6,srh,2026,2026
1529270,a3b0600d,srh,2026,2026
1529270,aad0c365,srh,2026,2026
1529270,d7423da1,srh,2026,2026
1529270,50c6bc2b,srh,2026,2026
1529270,7b44eb3e,srh,2026,2026
1529270,ece7b6b3,srh,2026,2026
1529270,280fff14,srh,2026,2026
1529270,5750bcb4,srh,2026,2026
1529270,cc61ee8f,csk,2026,2026
1529270,a4cc73aa,csk,2026,2026
1529270,45a43fe2,csk,2026,2026
1529270,b2b4f545,csk,2026,2026
1529270,a90e53ec,csk,2026,2026
1529270,f088b960,csk,2026,2026
1529270,844e79d1,csk,2026,2026
1529270,a4e37e47,csk,2026,2026
1529270,59559bc2,csk,2026,2026
1529270,fcc21ace,csk,2026,2026
1529270,efc04be7,csk,2026,2026
1529270,765a4731,csk,2026,2026
1529271,02dfebbe,rr,2026,2026
1529271,6c19c6e5,rr,2026,2026
1529271,470f446b,rr,2026,2026
1529271,bcf325d2,rr,2026,2026
1529271,04a418e8,rr,2026,2026
1529271,48a1d7b7,rr,2026,2026
1529271,f0af99a7,rr,2026,2026
1529271,fe93fd9d,rr,2026,2026
1529271,5574750c,rr,2026,2026
1529271,df064e1a,rr,2026,2026
1529271,133bbd61,rr,2026,2026
1529271,465aa633,rr,2026,2026
1529271,5b7ab5a9,kkr,2026,2026
1529271,4663bd23,kkr,2026,2026
1529271,29e95537,kkr,2026,2026
1529271,d7017798,kkr,2026,2026
1529271,eaa76d3c,kkr,2026,2026
1529271,650d5e49,kkr,2026,2026
1529271,0a509d6b,kkr,2026,2026
1529271,be24ead0,kkr,2026,2026
1529271,e4cdf230,kkr,2026,2026
1529271,9d430b40,kkr,2026,2026
1529271,7c3b3b78,kkr,2026,2026
1529271,5d2eea49,kkr,2026,2026
1529272,54e52590,pbks,2026,2026
1529272,b5797845,pbks,2026,2026
1529272,9418198b,pbks,2026,2026
1529272,fe366f34,pbks,2026,2026
1529272,85ec8e33,pbks,2026,2026
1529272,d9273ee7,pbks,2026,2026
1529272,d1a60072,pbks,2026,2026
1529272,26989d80,pbks,2026,2026
1529272,81c36ee9,pbks,2026,2026
1529272,3b53243a,pbks,2026,2026
1529272,244048f6,pbks,2026,2026
1529272,57ee1fde,pbks,2026,2026
1529272,c33d8116,lsg,2026,2026
1529272,3d8feaf8,lsg,2026,2026
1529272,872b03f7,lsg,2026,2026
1529272,919a3be2,lsg,2026,2026
1529272,3241e3fd,lsg,2026,2026
1529272,6a26221c,lsg,2026,2026
1529272,1c84109e,lsg,2026,2026
1529272,ebcfef83,lsg,2026,2026
1529272,8cf9814c,lsg,2026,2026
1529272,eef2536f,lsg,2026,2026
1529272,80b2fb19,lsg,2026,2026
1529272,cf0ccafa,lsg,2026,2026
1529273,372455c4,mi,2026,2026
1529273,9e6032fa,mi,2026,2026
1529273,fffa744b,mi,2026,2026
1529273,271f83cd,mi,2026,2026
1529273,b0482a1d,mi,2026,2026
1529273,dbe50b21,mi,2026,2026
1529273,d014d5ac,mi,2026,2026
1529273,e4a0deae,mi,2026,2026
1529273,e48a4814,mi,2026,2026
1529273,462411b3,mi,2026,2026
1529273,9ca68676,mi,2026,2026
1529273,d45c29b1,mi,2026,2026
1529273,85e0cf10,gt,2026,2026
1529273,d5130a30,gt,2026,2026
1529273,b4b99816,gt,2026,2026
1529273,99b75528,gt,2026,2026
1529273,f19ccfad,gt,2026,2026
1529273,9a46c4e5,gt,2026,2026
1529273,39a2dfa8,gt,2026,2026
1529273,7dcb9bc9,gt,2026,2026
1529273,5f547c8b,gt,2026,2026
1529273,e62dd25d,gt,2026,2026
1529273,50c09020,gt,2026,2026
1529273,2f49c897,gt,2026,2026
1529274,de7d833e,srh,2026,2026
1529274,f29185a1,srh,2026,2026
1529274,12b610c2,srh,2026,2026
1529274,752f7486,srh,2026,2026
1529274,235c2bb6,srh,2026,2026
1529274,d7423da1,srh,2026,2026
1529274,a3b0600d,srh,2026,2026
1529274,aad0c365,srh,2026,2026
1529274,7b44eb3e,srh,2026,2026
1529274,25228673,srh,2026,2026
1529274,280fff14,srh,2026,2026
1529274,5750bcb4,srh,2026,2026
1529274,2cffab74,dc,2026,2026
1529274,8ee36b18,dc,2026,2026
1529274,b17e2f24,dc,2026,2026
1529274,fb2d1dda,dc,2026,2026
1529274,f89d3b11,dc,2026,2026
1529274,d67d5f00,dc,2026,2026
1529274,85b3fab2,dc,2026,2026
1529274,84d9c311,dc,2026,2026
1529274,2e171977,dc,2026,2026
1529274,8d2c70ad,dc,2026,2026
1529274,f834dcfc,dc,2026,2026
1529274,ce794613,dc,2026,2026
1529275,6c19c6e5,rr,2026,2026
1529275,470f446b,rr,2026,2026
1529275,bcf325d2,rr,2026,2026
1529275,04a418e8,rr,2026,2026
1529275,48a1d7b7,rr,2026,2026
1529275,fe93fd9d,rr,2026,2026
1529275,f0af99a7,rr,2026,2026
1529275,6b2ff18f,rr,2026,2026
1529275,5574750c,rr,2026,2026
1529275,465aa633,rr,2026,2026
1529275,133bbd61,rr,2026,2026
1529275,df064e1a,rr,2026,2026
1529275,80b2fb19,lsg,2026,2026
1529275,3d8feaf8,lsg,2026,2026
1529275,872b03f7,lsg,2026,2026
1529275,919a3be2,lsg,2026,2026
1529275,6a26221c,lsg,2026,2026
1529275,3241e3fd,lsg,2026,2026
1529275,ebcfef83,lsg,2026,2026
1529275,1c84109e,lsg,2026,2026
1529275,8cf9814c,lsg,2026,2026
1529275,b1ad996b,lsg,2026,2026
1529275,13fc5c6d,lsg,2026,2026
1529275,c33d8116,lsg,2026,2026
1529276,a4cc73aa,csk,2026,2026
1529276,45a43fe2,csk,2026,2026
1529276,f088b960,csk,2026,2026
1529276,a4e37e47,csk,2026,2026
1529276,844e79d1,csk,2026,2026
1529276,7b679de5,csk,2026,2026
1529276,59559bc2,csk,2026,2026
1529276,4d7f517e,csk,2026,2026
1529276,efc04be7,csk,2026,2026
1529276,fcc21ace,csk,2026,2026
1529276,765a4731,csk,2026,2026
1529276,cc61ee8f,csk,2026,2026
1529276,e4a0deae,mi,2026,2026
1529276,9ca68676,mi,2026,2026
1529276,372455c4,mi,2026,2026
1529276,9e6032fa,mi,2026,2026
1529276,fffa744b,mi,2026,2026
1529276,271f83cd,mi,2026,2026
1529276,b0482a1d,mi,2026,2026
1529276,dbe50b21,mi,2026,2026
1529276,d014d5ac,mi,2026,2026
1529276,1abb78f8,mi,2026,2026
1529276,e48a4814,mi,2026,2026
1529276,d45c29b1,mi,2026,2026
1529276,462411b3,mi,2026,2026
1529277,39a2dfa8,gt,2026,2026
1529277,d5130a30,gt,2026,2026
1529277,b4b99816,gt,2026,2026
1529277,99b75528,gt,2026,2026
1529277,f19ccfad,gt,2026,2026
1529277,0f721006,gt,2026,2026
1529277,7dcb9bc9,gt,2026,2026
1529277,5f547c8b,gt,2026,2026
1529277,025c4400,gt,2026,2026
1529277,e62dd25d,gt,2026,2026
1529277,2f49c897,gt,2026,2026
1529277,85e0cf10,gt,2026,2026
1529277,9440ef41,rcb,2026,2026
1529277,3c55c703,rcb,2026,2026
1529277,ba607b88,rcb,2026,2026
1529277,2c25d4f5,rcb,2026,2026
1529277,c740ea83,rcb,2026,2026
1529277,800d2d97,rcb,2026,2026
1529277,f1f99156,rcb,2026,2026
1529277,5b8c830e,rcb,2026,2026
1529277,c5aef772,rcb,2026,2026
1529277,2e81a32d,rcb,2026,2026
1529277,03806cf8,rcb,2026,2026
1529277,b8527c3d,rcb,2026,2026
1529278,7c3c0337,dc,2026,2026
1529278,5ffc0565,dc,2026,2026
1529278,8ee36b18,dc,2026,2026
1529278,b17e2f24,dc,2026,2026
1529278,fb2d1dda,dc,2026,2026
1529278,d67d5f00,dc,2026,2026
1529278,f89d3b11,dc,2026,2026
1529278,2e171977,dc,2026,2026
1529278,85b3fab2,dc,2026,2026
1529278,f834dcfc,dc,2026,2026
1529278,8d2c70ad,dc,2026,2026
1529278,ce794613,dc,2026,2026
1529278,2cffab74,dc,2026,2026
1529278,57ee1fde,pbks,2026,2026
1529278,b5797845,pbks,2026,2026
1529278,9418198b,pbks,2026,2026
1529278,fe366f34,pbks,2026,2026
1529278,85ec8e33,pbks,2026,2026
1529278,d1a60072,pbks,2026,2026
1529278,26989d80,pbks,2026,2026
1529278,d9273ee7,pbks,2026,2026
1529278,81c36ee9,pbks,2026,2026
1529278,3b53243a,pbks,2026,2026
1529278,54e52590,pbks,2026,2026
1529278,244048f6,pbks,2026,2026
1529279,df064e1a,rr,2026,2026
1529279,6c19c6e5,rr,2026,2026
1529279,470f446b,rr,2026,2026
1529279,bcf325d2,rr,2026,2026
1529279,04a418e8,rr,2026,2026
1529279,f0af99a7,rr,2026,2026
1529279,48a1d7b7,rr,2026,2026
1529279,fe93fd9d,rr,2026,2026
1529279,5574750c,rr,2026,2026
1529279,46a9bea1,rr,2026,2026
1529279,465aa633,rr,2026,2026
1529279,133bbd61,rr,2026,2026
1529279,280fff14,srh,2026,2026
1529279,12b610c2,srh,2026,2026
1529279,f29185a1,srh,2026,2026
1529279,752f7486,srh,2026,2026
1529279,235c2bb6,srh,2026,2026
1529279,aad0c365,srh,2026,2026
1529279,d7423da1,srh,2026,2026
1529279,a3b0600d,srh,2026,2026
1529279,ded9240e,srh,2026,2026
1529279,7b44eb3e,srh,2026,2026
1529279,5750bcb4,srh,2026,2026
1529279,ece7b6b3,srh,2026,2026
1529280,a4cc73aa,csk,2026,2026
1529280,45a43fe2,csk,2026,2026
1529280,cf59b3f0,csk,2026,2026
1529280,f088b960,csk,2026,2026
1529280,844e79d1,csk,2026,2026
1529280,a4e37e47,csk,2026,2026
1529280,7b679de5,csk,2026,2026
1529280,59559bc2,csk,2026,2026
1529280,4d7f517e,csk,2026,2026
1529280,efc04be7,csk,2026,2026
1529280,fcc21ace,csk,2026,2026
1529280,cc61ee8f,csk,2026,2026
1529280,d5130a30,gt,2026,2026
1529280,b4b99816,gt,2026,2026
1529280,99b75528,gt,2026,2026
1529280,f19ccfad,gt,2026,2026
1529280,7dcb9bc9,gt,2026,2026
1529280,0f721006,gt,2026,2026
1529280,5f547c8b,gt,2026,2026
1529280,12314277,gt,2026,2026
1529280,e62dd25d,gt,2026,2026
1529280,2f49c897,gt,2026,2026
1529280,025c4400,gt,2026,2026
1529281,5b7ab5a9,kkr,2026,2026
1529281,29e95537,kkr,2026,2026
1529281,4663bd23,kkr,2026,2026
1529281,d7017798,kkr,2026,2026
1529281,eaa76d3c,kkr,2026,2026
1529281,650d5e49,kkr,2026,2026
1529281,0a509d6b,kkr,2026,2026
1529281,e4cdf230,kkr,2026,2026
1529281,be24ead0,kkr,2026,2026
1529281,9d430b40,kkr,2026,2026
1529281,7c3b3b78,kkr,2026,2026
1529281,5d2eea49,kkr,2026,2026
1529281,c33d8116,lsg,2026,2026
1529281,6a26221c,lsg,2026,2026
1529281,3d8feaf8,lsg,2026,2026
1529281,919a3be2,lsg,2026,2026
1529281,3241e3fd,lsg,2026,2026
1529281,872b03f7,lsg,2026,2026
1529281,1c84109e,lsg,2026,2026
1529281,ebcfef83,lsg,2026,2026
1529281,e5437608,lsg,2026,2026
1529281,8cf9814c,lsg,2026,2026
1529281,80b2fb19,lsg,2026,2026
1529281,13fc5c6d,lsg,2026,2026
1529282,926c7443,dc,2026,2026
1529282,b17e2f24,dc,2026,2026
1529282,fb2d1dda,dc,2026,2026
1529282,f89d3b11,dc,2026,2026
1529282,85b3fab2,dc,2026,2026
1529282,2e171977,dc,2026,2026
1529282,ad3b6e95,dc,2026,2026
1529282,d67d5f00,dc,2026,2026
1529282,68c56d09,dc,2026,2026
1529282,8d2c70ad,dc,2026,2026
1529282,327b58d3,dc,2026,2026
1529282,ce794613,dc,2026,2026
1529282,9440ef41,rcb,2026,2026
1529282,3c55c703,rcb,2026,2026
1529282,ba607b88,rcb,2026,2026
1529282,2c25d4f5,rcb,2026,2026
1529282,c740ea83,rcb,2026,2026
1529282,800d2d97,rcb,2026,2026
1529282,f1f99156,rcb,2026,2026
1529282,c5aef772,rcb,2026,2026
1529282,5b8c830e,rcb,2026,2026
1529282,2e81a32d,rcb,2026,2026
1529282,03806cf8,rcb,2026,2026
1529282,b8527c3d,rcb,2026,2026
1529283,c05edf8e,pbks,2026,2026
1529283,9418198b,pbks,2026,2026
1529283,b5797845,pbks,2026,2026
1529283,fe366f34,pbks,2026,2026
1529283,85ec8e33,pbks,2026,2026
1529283,d9273ee7,pbks,2026,2026
1529283,970ddd24,pbks,2026,2026
1529283,d1a60072,pbks,2026,2026
1529283,81c36ee9,pbks,2026,2026
1529283,2f9d0389,pbks,2026,2026
1529283,244048f6,pbks,2026,2026
1529283,57ee1fde,pbks,2026,2026
1529283,02dfebbe,rr,2026,2026
1529283,6c19c6e5,rr,2026,2026
1529283,470f446b,rr,2026,2026
1529283,bcf325d2,rr,2026,2026
1529283,04a418e8,rr,2026,2026
1529283,f0af99a7,rr,2026,2026
1529283,6b2ff18f,rr,2026,2026
1529283,fe93fd9d,rr,2026,2026
1529283,3ff033bb,rr,2026,2026
1529283,5574750c,rr,2026,2026
1529283,465aa633,rr,2026,2026
1529283,133bbd61,rr,2026,2026
1529284,1abb78f8,mi,2026,2026
1529284,9caf69a1,mi,2026,2026
1529284,e66732f8,mi,2026,2026
1529284,271f83cd,mi,2026,2026
1529284,fffa744b,mi,2026,2026
1529284,dbe50b21,mi,2026,2026
1529284,b0482a1d,mi,2026,2026
1529284,bafd0398,mi,2026,2026
1529284,a818c1be,mi,2026,2026
1529284,462411b3,mi,2026,2026
1529284,9ca68676,mi,2026,2026
1529284,d45c29b1,mi,2026,2026
1529284,280fff14,srh,2026,2026
1529284,a3b0600d,srh,2026,2026
1529284,f29185a1,srh,2026,2026
1529284,12b610c2,srh,2026,2026
1529284,752f7486,srh,2026,2026
1529284,235c2bb6,srh,2026,2026
1529284,aad0c365,srh,2026,2026
1529284,d7423da1,srh,2026,2026
1529284,ded9240e,srh,2026,2026
1529284,25228673,srh,2026,2026
1529284,ece7b6b3,srh,2026,2026
1529284,5750bcb4,srh,2026,2026
1529285,3c55c703,rcb,2026,2026
1529285,ba607b88,rcb,2026,2026
1529285,2c25d4f5,rcb,2026,2026
1529285,c740ea83,rcb,2026,2026
1529285,800d2d97,rcb,2026,2026
1529285,f1f99156,rcb,2026,2026
1529285,5b8c830e,rcb,2026,2026
1529285,c5aef772,rcb,2026,2026
1529285,a24be938,rcb,2026,2026
1529285,2e81a32d,rcb,2026,2026
1529285,03806cf8,rcb,2026,2026
1529285,9440ef41,rcb,2026,2026
1529285,2f49c897,gt,2026,2026
1529285,d5130a30,gt,2026,2026
1529285,b4b99816,gt,2026,2026
1529285,99b75528,gt,2026,2026
1529285,f19ccfad,gt,2026,2026
1529285,7dcb9bc9,gt,2026,2026
1529285,39a2dfa8,gt,2026,2026
1529285,0f721006,gt,2026,2026
1529285,5f547c8b,gt,2026,2026
1529285,12314277,gt,2026,2026
1529285,e62dd25d,gt,2026,2026
1529285,025c4400,gt,2026,2026
1529286,46a9bea1,rr,2026,2026
1529286,6c19c6e5,rr,2026,2026
1529286,470f446b,rr,2026,2026
1529286,bcf325d2,rr,2026,2026
1529286,04a418e8,rr,2026,2026
1529286,fe93fd9d,rr,2026,2026
1529286,f0af99a7,rr,2026,2026
1529286,6b2ff18f,rr,2026,2026
1529286,5574750c,rr,2026,2026
1529286,df064e1a,rr,2026,2026
1529286,465aa633,rr,2026,2026
1529286,133bbd61,rr,2026,2026
1529286,8ee36b18,dc,2026,2026
1529286,b17e2f24,dc,2026,2026
1529286,fb2d1dda,dc,2026,2026
1529286,85b3fab2,dc,2026,2026
1529286,84d9c311,dc,2026,2026
1529286,f89d3b11,dc,2026,2026
1529286,2e171977,dc,2026,2026
1529286,68c56d09,dc,2026,2026
1529286,3fb19989,dc,2026,2026
1529286,8d2c70ad,dc,2026,2026
1529286,ce794613,dc,2026,2026
1529287,5b615e7c,mi,2026,2026
1529287,9caf69a1,mi,2026,2026
1529287,e66732f8,mi,2026,2026
1529287,fffa744b,mi,2026,2026
1529287,271f83cd,mi,2026,2026
1529287,b0482a1d,mi,2026,2026
1529287,dbe50b21,mi,2026,2026
1529287,bafd0398,mi,2026,2026
1529287,e48a4814,mi,2026,2026
1529287,a818c1be,mi,2026,2026
1529287,462411b3,mi,2026,2026
1529287,9ca68676,mi,2026,2026
1529287,765a4731,csk,2026,2026
1529287,a4cc73aa,csk,2026,2026
1529287,45a43fe2,csk,2026,2026
1529287,cf59b3f0,csk,2026,2026
1529287,7b679de5,csk,2026,2026
1529287,844e79d1,csk,2026,2026
1529287,a4e37e47,csk,2026,2026
1529287,59559bc2,csk,2026,2026
1529287,dee07622,csk,2026,2026
1529287,e148e6bd,csk,2026,2026
1529287,efc04be7,csk,2026,2026
1529287,fcc21ace,csk,2026,2026
1529288,280fff14,srh,2026,2026
1529288,f29185a1,srh,2026,2026
1529288,12b610c2,srh,2026,2026
1529288,752f7486,srh,2026,2026
1529288,235c2bb6,srh,2026,2026
1529288,c1e53c3f,srh,2026,2026
1529288,a3b0600d,srh,2026,2026
1529288,d7423da1,srh,2026,2026
1529288,ded9240e,srh,2026,2026
1529288,7b44eb3e,srh,2026,2026
1529288,f986ca1a,srh,2026,2026
1529288,5750bcb4,srh,2026,2026
1529288,7c3b3b78,kkr,2026,2026
1529288,29e95537,kkr,2026,2026
1529288,bf74b130,kkr,2026,2026
1529288,d7017798,kkr,2026,2026
1529288,0a509d6b,kkr,2026,2026
1529288,eaa76d3c,kkr,2026,2026
1529288,650d5e49,kkr,2026,2026
1529288,93b4fc78,kkr,2026,2026
1529288,9d430b40,kkr,2026,2026
1529288,e4cdf230,kkr,2026,2026
1529288,5d2eea49,kkr,2026,2026
1529288,5b7ab5a9,kkr,2026,2026
1529289,b5797845,pbks,2026,2026
1529289,9418198b,pbks,2026,2026
1529289,fe366f34,pbks,2026,2026
1529289,85ec8e33,pbks,2026,2026
1529289,d1a60072,pbks,2026,2026
1529289,970ddd24,pbks,2026,2026
1529289,d9273ee7,pbks,2026,2026
1529289,81c36ee9,pbks,2026,2026
1529289,3b53243a,pbks,2026,2026
1529289,54e52590,pbks,2026,2026
1529289,244048f6,pbks,2026,2026
1529289,57ee1fde,pbks,2026,2026
1529289,2f49c897,gt,2026,2026
1529289,d5130a30,gt,2026,2026
1529289,b4b99816,gt,2026,2026
1529289,99b75528,gt,2026,2026
1529289,3cea23da,gt,2026,2026
1529289,f19ccfad,gt,2026,2026
1529289,39a2dfa8,gt,2026,2026
1529289,0f721006,gt,2026,2026
1529289,12314277,gt,2026,2026
1529289,5f547c8b,gt,2026,2026
1529289,e62dd25d,gt,2026,2026
1529289,025c4400,gt,2026,2026
1529290,cf0ccafa,lsg,2026,2026
1529290,3d8feaf8,lsg,2026,2026
1529290,989889ff,lsg,2026,2026
1529290,3241e3fd,lsg,2026,2026
1529290,919a3be2,lsg,2026,2026
1529290,6a26221c,lsg,2026,2026
1529290,d8d67045,lsg,2026,2026
1529290,ebcfef83,lsg,2026,2026
1529290,8cf9814c,lsg,2026,2026
1529290,c33d8116,lsg,2026,2026
1529290,eef2536f,lsg,2026,2026
1529290,80b2fb19,lsg,2026,2026
1529290,5b615e7c,mi,2026,2026
1529290,e66732f8,mi,2026,2026
1529290,740742ef,mi,2026,2026
1529290,b0482a1d,mi,2026,2026
1529290,271f83cd,mi,2026,2026
1529290,fffa744b,mi,2026,2026
1529290,9caf69a1,mi,2026,2026
1529290,ba6b2f91,mi,2026,2026
1529290,172dff15,mi,2026,2026
1529290,23eeb873,mi,2026,2026
1529290,462411b3,mi,2026,2026
1529290,9ca68676,mi,2026,2026
1529291,8ee36b18,dc,2026,2026
1529291,b17e2f24,dc,2026,2026
1529291,fb2d1dda,dc,2026,2026
1529291,944533a5,dc,2026,2026
1529291,2e171977,dc,2026,2026
1529291,85b3fab2,dc,2026,2026
1529291,f89d3b11,dc,2026,2026
1529291,84d9c311,dc,2026,2026
1529291,3fb19989,dc,2026,2026
1529291,f834dcfc,dc,2026,2026
1529291,8d2c70ad,dc,2026,2026
1529291,ce794613,dc,2026,2026
1529291,a4cc73aa,csk,2026,2026
1529291,45a43fe2,csk,2026,2026
1529291,cf59b3f0,csk,2026,2026
1529291,7b679de5,csk,2026,2026
1529291,844e79d1,csk,2026,2026
1529291,59559bc2,csk,2026,2026
1529291,4d7f517e,csk,2026,2026
1529291,efc04be7,csk,2026,2026
1529291,fcc21ace,csk,2026,2026
1529291,765a4731,csk,2026,2026
1529291,cc61ee8f,csk,2026,2026
1529292,25228673,srh,2026,2026
1529292,f29185a1,srh,2026,2026
1529292,12b610c2,srh,2026,2026
1529292,752f7486,srh,2026,2026
1529292,235c2bb6,srh,2026,2026
1529292,aad0c365,srh,2026,2026
1529292,d7423da1,srh,2026,2026
1529292,c1e53c3f,srh,2026,2026
1529292,ded9240e,srh,2026,2026
1529292,7b44eb3e,srh,2026,2026
1529292,5750bcb4,srh,2026,2026
1529292,280fff14,srh,2026,2026
1529292,57ee1fde,pbks,2026,2026
1529292,b5797845,pbks,2026,2026
1529292,9418198b,pbks,2026,2026
1529292,fe366f34,pbks,2026,2026
1529292,85ec8e33,pbks,2026,2026
1529292,d9273ee7,pbks,2026,2026
1529292,970ddd24,pbks,2026,2026
1529292,26989d80,pbks,2026,2026
1529292,81c36ee9,pbks,2026,2026
1529292,54e52590,pbks,2026,2026
1529292,2f9d0389,pbks,2026,2026
1529292,244048f6,pbks,2026,2026
1529293,b1ad996b,lsg,2026,2026
1529293,3d8feaf8,lsg,2026,2026
1529293,2d140b79,lsg,2026,2026
1529293,3241e3fd,lsg,2026,2026
1529293,919a3be2,lsg,2026,2026
1529293,6a26221c,lsg,2026,2026
1529293,d8d67045,lsg,2026,2026
1529293,ebcfef83,lsg,2026,2026
1529293,f9e6e7ef,lsg,2026,2026
1529293,13fc5c6d,lsg,2026,2026
1529293,8cf9814c,lsg,2026,2026
1529293,80b2fb19,lsg,2026,2026
1529293,9440ef41,rcb,2026,2026
1529293,3c55c703,rcb,2026,2026
1529293,ba607b88,rcb,2026,2026
1529293,2c25d4f5,rcb,2026,2026
1529293,c740ea83,rcb,2026,2026
1529293,800d2d97,rcb,2026,2026
1529293,f1f99156,rcb,2026,2026
1529293,5b8c830e,rcb,2026,2026
1529293,c5aef772,rcb,2026,2026
1529293,2e81a32d,rcb,2026,2026
1529293,03806cf8,rcb,2026,2026
1529293,b8527c3d,rcb,2026,2026
1529294,8d2c70ad,dc,2026,2026
1529294,8ee36b18,dc,2026,2026
1529294,b17e2f24,dc,2026,2026
1529294,fb2d1dda,dc,2026,2026
1529294,f89d3b11,dc,2026,2026
1529294,85b3fab2,dc,2026,2026
1529294,2e171977,dc,2026,2026
1529294,84d9c311,dc,2026,2026
1529294,5ffc0565,dc,2026,2026
1529294,3fb19989,dc,2026,2026
1529294,f834dcfc,dc,2026,2026
1529294,2cffab74,dc,2026,2026
1529294,5b7ab5a9,kkr,2026,2026
1529294,29e95537,kkr,2026,2026
1529294,bf74b130,kkr,2026,2026
1529294,d7017798,kkr,2026,2026
1529294,eaa76d3c,kkr,2026,2026
1529294,650d5e49,kkr,2026,2026
1529294,93b4fc78,kkr,2026,2026
1529294,0a509d6b,kkr,2026,2026
1529294,9d430b40,kkr,2026,2026
1529294,e4cdf230,kkr,2026,2026
1529294,5d2eea49,kkr,2026,2026
1529294,7c3b3b78,kkr,2026,2026
1529295,c7a995d3,gt,2026,2026
1529295,d5130a30,gt,2026,2026
1529295,b4b99816,gt,2026,2026
1529295,99b75528,gt,2026,2026
1529295,f19ccfad,gt,2026,2026
1529295,0f721006,gt,2026,2026
1529295,39a2dfa8,gt,2026,2026
1529295,3cea23da,gt,2026,2026
1529295,5f547c8b,gt,2026,2026
1529295,12314277,gt,2026,2026
1529295,e62dd25d,gt,2026,2026
1529295,2f49c897,gt,2026,2026
1529295,02dfebbe,rr,2026,2026
1529295,6c19c6e5,rr,2026,2026
1529295,470f446b,rr,2026,2026
1529295,bcf325d2,rr,2026,2026
1529295,48a1d7b7,rr,2026,2026
1529295,fe93fd9d,rr,2026,2026
1529295,f0af99a7,rr,2026,2026
1529295,6b2ff18f,rr,2026,2026
1529295,3ff033bb,rr,2026,2026
1529295,5574750c,rr,2026,2026
1529295,46a9bea1,rr,2026,2026
1529295,133bbd61,rr,2026,2026
1529296,989889ff,lsg,2026,2026
1529296,3d8feaf8,lsg,2026,2026
1529296,3241e3fd,lsg,2026,2026
1529296,919a3be2,lsg,2026,2026
1529296,6a26221c,lsg,2026,2026
1529296,d8d67045,lsg,2026,2026
1529296,f9e6e7ef,lsg,2026,2026
1529296,ebcfef83,lsg,2026,2026
1529296,8cf9814c,lsg,2026,2026
1529296,eef2536f,lsg,2026,2026
1529296,80b2fb19,lsg,2026,2026
1529296,13fc5c6d,lsg,2026,2026
1529296,765a4731,csk,2026,2026
1529296,a4cc73aa,csk,2026,2026
1529296,45a43fe2,csk,2026,2026
1529296,cf59b3f0,csk,2026,2026
1529296,7b679de5,csk,2026,2026
1529296,844e79d1,csk,2026,2026
1529296,a4e37e47,csk,2026,2026
1529296,e148e6bd,csk,2026,2026
1529296,59559bc2,csk,2026,2026
1529296,4d7f517e,csk,2026,2026
1529296,efc04be7,csk,2026,2026
1529296,fcc21ace,csk,2026,2026
1529297,5b615e7c,mi,2026,2026
1529297,e66732f8,mi,2026,2026
1529297,740742ef,mi,2026,2026
1529297,fffa744b,mi,2026,2026
1529297,271f83cd,mi,2026,2026
1529297,b0482a1d,mi,2026,2026
1529297,9caf69a1,mi,2026,2026
1529297,ba6b2f91,mi,2026,2026
1529297,172dff15,mi,2026,2026
1529297,23eeb873,mi,2026,2026
1529297,462411b3,mi,2026,2026
1529297,9ca68676,mi,2026,2026
1529297,9440ef41,rcb,2026,2026
1529297,3c55c703,rcb,2026,2026
1529297,ba607b88,rcb,2026,2026
1529297,2c25d4f5,rcb,2026,2026
1529297,c740ea83,rcb,2026,2026
1529297,5b8c830e,rcb,2026,2026
1529297,800d2d97,rcb,2026,2026
1529297,f1f99156,rcb,2026,2026
1529297,c5aef772,rcb,2026,2026
1529297,b8527c3d,rcb,2026,2026
1529297,2e81a32d,rcb,2026,2026
1529297,03806cf8,rcb,2026,2026
1529298,4b31f3a3,pbks,2026,2026
1529298,b5797845,pbks,2026,2026
1529298,9418198b,pbks,2026,2026
1529298,85ec8e33,pbks,2026,2026
1529298,fe366f34,pbks,2026,2026
1529298,d9273ee7,pbks,2026,2026
1529298,26989d80,pbks,2026,2026
1529298,970ddd24,pbks,2026,2026
1529298,81c36ee9,pbks,2026,2026
1529298,e1b9f3a9,pbks,2026,2026
1529298,244048f6,pbks,2026,2026
1529298,57ee1fde,pbks,2026,2026
1529298,2cffab74,dc,2026,2026
1529298,b17e2f24,dc,2026,2026
1529298,ad3b6e95,dc,2026,2026
1529298,926c7443,dc,2026,2026
1529298,85b3fab2,dc,2026,2026
1529298,2e171977,dc,2026,2026
1529298,d67d5f00,dc,2026,2026
1529298,84d9c311,dc,2026,2026
1529298,fb5f69e4,dc,2026,2026
1529298,7c3c0337,dc,2026,2026
1529298,3fb19989,dc,2026,2026
1529298,f834dcfc,dc,2026,2026
1529299,85e0cf10,gt,2026,2026
1529299,d5130a30,gt,2026,2026
1529299,b4b99816,gt,2026,2026
1529299,99b75528,gt,2026,2026
1529299,3cea23da,gt,2026,2026
1529299,f19ccfad,gt,2026,2026
1529299,0f721006,gt,2026,2026
1529299,39a2dfa8,gt,2026,2026
1529299,5f547c8b,gt,2026,2026
1529299,12314277,gt,2026,2026
1529299,e62dd25d,gt,2026,2026
1529299,2f49c897,gt,2026,2026
1529299,280fff14,srh,2026,2026
1529299,12b610c2,srh,2026,2026
1529299,f29185a1,srh,2026,2026
1529299,752f7486,srh,2026,2026
1529299,c1e53c3f,srh,2026,2026
1529299,235c2bb6,srh,2026,2026
1529299,d7423da1,srh,2026,2026
1529299,aad0c365,srh,2026,2026
1529299,ded9240e,srh,2026,2026
1529299,7b44eb3e,srh,2026,2026
1529299,ece7b6b3,srh,2026,2026
1529299,5750bcb4,srh,2026,2026
1529300,11061889,kkr,2026,2026
1529300,29e95537,kkr,2026,2026
1529300,bf74b130,kkr,2026,2026
1529300,d7017798,kkr,2026,2026
1529300,eaa76d3c,kkr,2026,2026
1529300,0a509d6b,kkr,2026,2026
1529300,650d5e49,kkr,2026,2026
1529300,93b4fc78,kkr,2026,2026
1529300,9d430b40,kkr,2026,2026
1529300,e4cdf230,kkr,2026,2026
1529300,5d2eea49,kkr,2026,2026
1529300,7c3b3b78,kkr,2026,2026
1529300,dadbdb68,rcb,2026,2026
1529300,3c55c703,rcb,2026,2026
1529300,ba607b88,rcb,2026,2026
1529300,2c25d4f5,rcb,2026,2026
1529300,c740ea83,rcb,2026,2026
1529300,f1f99156,rcb,2026,2026
1529300,800d2d97,rcb,2026,2026
1529300,a24be938,rcb,2026,2026
1529300,5b8c830e,rcb,2026,2026
1529300,2e81a32d,rcb,2026,2026
1529300,b8527c3d,rcb,2026,2026
1529300,03806cf8,rcb,2026,2026
1529301,b5797845,pbks,2026,2026
1529301,9418198b,pbks,2026,2026
1529301,fe366f34,pbks,2026,2026
1529301,85ec8e33,pbks,2026,2026
1529301,970ddd24,pbks,2026,2026
1529301,26989d80,pbks,2026,2026
1529301,8f6dd463,pbks,2026,2026
1529301,81c36ee9,pbks,2026,2026
1529301,0494fa6e,pbks,2026,2026
1529301,3b53243a,pbks,2026,2026
1529301,244048f6,pbks,2026,2026
1529301,57ee1fde,pbks,2026,2026
1529301,5b615e7c,mi,2026,2026
1529301,740742ef,mi,2026,2026
1529301,e66732f8,mi,2026,2026
1529301,fffa744b,mi,2026,2026
1529301,b0482a1d,mi,2026,2026
1529301,d014d5ac,mi,2026,2026
1529301,9caf69a1,mi,2026,2026
1529301,ba6b2f91,mi,2026,2026
1529301,172dff15,mi,2026,2026
1529301,23eeb873,mi,2026,2026
1529301,1abb78f8,mi,2026,2026
1529301,462411b3,mi,2026,2026
1529302,cc61ee8f,csk,2026,2026
1529302,a4cc73aa,csk,2026,2026
1529302,45a43fe2,csk,2026,2026
1529302,cf59b3f0,csk,2026,2026
1529302,7b679de5,csk,2026,2026
1529302,844e79d1,csk,2026,2026
1529302,a4e37e47,csk,2026,2026
1529302,e148e6bd,csk,2026,2026
1529302,fcc21ace,csk,2026,2026
1529302,efc04be7,csk,2026,2026
1529302,83c3e8e3,csk,2026,2026
1529302,765a4731,csk,2026,2026
1529302,80b2fb19,lsg,2026,2026
1529302,3d8feaf8,lsg,2026,2026
1529302,989889ff,lsg,2026,2026
1529302,3241e3fd,lsg,2026,2026
1529302,8e514b4c,lsg,2026,2026
1529302,1c84109e,lsg,2026,2026
1529302,6a26221c,lsg,2026,2026
1529302,919a3be2,lsg,2026,2026
1529302,f9e6e7ef,lsg,2026,2026
1529302,8cf9814c,lsg,2026,2026
1529302,b1ad996b,lsg,2026,2026
1529302,b483905d,lsg,2026,2026
1529303,64839cb3,kkr,2026,2026
1529303,29e95537,kkr,2026,2026
1529303,bf74b130,kkr,2026,2026
1529303,d7017798,kkr,2026,2026
1529303,eaa76d3c,kkr,2026,2026
1529303,93b4fc78,kkr,2026,2026
1529303,0a509d6b,kkr,2026,2026
1529303,9d430b40,kkr,2026,2026
1529303,e4cdf230,kkr,2026,2026
1529303,5b7ab5a9,kkr,2026,2026
1529303,11061889,kkr,2026,2026
1529303,5d2eea49,kkr,2026,2026
1529303,2f49c897,gt,2026,2026
1529303,d5130a30,gt,2026,2026
1529303,b4b99816,gt,2026,2026
1529303,3cea23da,gt,2026,2026
1529303,99b75528,gt,2026,2026
1529303,39a2dfa8,gt,2026,2026
1529303,0f721006,gt,2026,2026
1529303,f19ccfad,gt,2026,2026
1529303,5f547c8b,gt,2026,2026
1529303,e62dd25d,gt,2026,2026
1529303,12314277,gt,2026,2026
1529303,c7a995d3,gt,2026,2026
1529304,b8527c3d,rcb,2026,2026
1529304,3c55c703,rcb,2026,2026
1529304,ba607b88,rcb,2026,2026
1529304,2c25d4f5,rcb,2026,2026
1529304,a24be938,rcb,2026,2026
1529304,f1f99156,rcb,2026,2026
1529304,800d2d97,rcb,2026,2026
1529304,c5aef772,rcb,2026,2026
1529304,5b8c830e,rcb,2026,2026
1529304,2e81a32d,rcb,2026,2026
1529304,9440ef41,rcb,2026,2026
1529304,03806cf8,rcb,2026,2026
1529304,57ee1fde,pbks,2026,2026
1529304,b5797845,pbks,2026,2026
1529304,9418198b,pbks,2026,2026
1529304,fe366f34,pbks,2026,2026
1529304,85ec8e33,pbks,2026,2026
1529304,970ddd24,pbks,2026,2026
1529304,d9273ee7,pbks,2026,2026
1529304,26989d80,pbks,2026,2026
1529304,8f6dd463,pbks,2026,2026
1529304,c05edf8e,pbks,2026,2026
1529304,2f9d0389,pbks,2026,2026
1529304,244048f6,pbks,2026,2026
1529305,6c19c6e5,rr,2026,2026
1529305,470f446b,rr,2026,2026
1529305,bcf325d2,rr,2026,2026
1529305,04a418e8,rr,2026,2026
1529305,f0af99a7,rr,2026,2026
1529305,548516a6,rr,2026,2026
1529305,6b2ff18f,rr,2026,2026
1529305,3ff033bb,rr,2026,2026
1529305,5574750c,rr,2026,2026
1529305,350bb1b1,rr,2026,2026
1529305,133bbd61,rr,2026,2026
1529305,02dfebbe,rr,2026,2026
1529305,2cffab74,dc,2026,2026
1529305,ad3b6e95,dc,2026,2026
1529305,b17e2f24,dc,2026,2026
1529305,926c7443,dc,2026,2026
1529305,2e171977,dc,2026,2026
1529305,85b3fab2,dc,2026,2026
1529305,d67d5f00,dc,2026,2026
1529305,84d9c311,dc,2026,2026
1529305,fb5f69e4,dc,2026,2026
1529305,3fb19989,dc,2026,2026
1529305,f834dcfc,dc,2026,2026
1529305,51ec3919,dc,2026,2026
1529306,765a4731,csk,2026,2026
1529306,a4cc73aa,csk,2026,2026
1529306,45a43fe2,csk,2026,2026
1529306,cf59b3f0,csk,2026,2026
1529306,7b679de5,csk,2026,2026
1529306,844e79d1,csk,2026,2026
1529306,a4e37e47,csk,2026,2026
1529306,e148e6bd,csk,2026,2026
1529306,4d7f517e,csk,2026,2026
1529306,efc04be7,csk,2026,2026
1529306,fcc21ace,csk,2026,2026
1529306,83c3e8e3,csk,2026,2026
1529306,280fff14,srh,2026,2026
1529306,f29185a1,srh,2026,2026
1529306,12b610c2,srh,2026,2026
1529306,752f7486,srh,2026,2026
1529306,235c2bb6,srh,2026,2026
1529306,aad0c365,srh,2026,2026
1529306,d7423da1,srh,2026,2026
1529306,c1e53c3f,srh,2026,2026
1529306,ded9240e,srh,2026,2026
1529306,7b44eb3e,srh,2026,2026
1529306,5750bcb4,srh,2026,2026
1529306,ece7b6b3,srh,2026,2026
1529307,13fc5c6d,lsg,2026,2026
1529307,3d8feaf8,lsg,2026,2026
1529307,989889ff,lsg,2026,2026
1529307,3241e3fd,lsg,2026,2026
1529307,919a3be2,lsg,2026,2026
1529307,8e514b4c,lsg,2026,2026
1529307,872b03f7,lsg,2026,2026
1529307,f9e6e7ef,lsg,2026,2026
1529307,c33d8116,lsg,2026,2026
1529307,b1ad996b,lsg,2026,2026
1529307,b483905d,lsg,2026,2026
1529307,80b2fb19,lsg,2026,2026
1529307,02dfebbe,rr,2026,2026
1529307,6c19c6e5,rr,2026,2026
1529307,470f446b,rr,2026,2026
1529307,bcf325d2,rr,2026,2026
1529307,60aa2db3,rr,2026,2026
1529307,f0af99a7,rr,2026,2026
1529307,6b2ff18f,rr,2026,2026
1529307,3ff033bb,rr,2026,2026
1529307,5574750c,rr,2026,2026
1529307,ce820073,rr,2026,2026
1529307,92500ad5,rr,2026,2026
1529307,133bbd61,rr,2026,2026
1529308,9ca68676,mi,2026,2026
1529308,e66732f8,mi,2026,2026
1529308,740742ef,mi,2026,2026
1529308,fffa744b,mi,2026,2026
1529308,271f83cd,mi,2026,2026
1529308,b0482a1d,mi,2026,2026
1529308,dbe50b21,mi,2026,2026
1529308,9caf69a1,mi,2026,2026
1529308,172dff15,mi,2026,2026
1529308,23eeb873,mi,2026,2026
1529308,462411b3,mi,2026,2026
1529308,5b615e7c,mi,2026,2026
1529308,5b7ab5a9,kkr,2026,2026
1529308,d7017798,kkr,2026,2026
1529308,29e95537,kkr,2026,2026
1529308,bf74b130,kkr,2026,2026
1529308,93b4fc78,kkr,2026,2026
1529308,eaa76d3c,kkr,2026,2026
1529308,650d5e49,kkr,2026,2026
1529308,0a509d6b,kkr,2026,2026
1529308,f12fe2a1,kkr,2026,2026
1529308,e4cdf230,kkr,2026,2026
1529308,9d430b40,kkr,2026,2026
1529308,5d2eea49,kkr,2026,2026
1529308,11061889,kkr,2026,2026
1529309,85e0cf10,gt,2026,2026
1529309,d5130a30,gt,2026,2026
1529309,b4b99816,gt,2026,2026
1529309,99b75528,gt,2026,2026
1529309,39a2dfa8,gt,2026,2026
1529309,f19ccfad,gt,2026,2026
1529309,3cea23da,gt,2026,2026
1529309,0f721006,gt,2026,2026
1529309,5f547c8b,gt,2026,2026
1529309,e62dd25d,gt,2026,2026
1529309,12314277,gt,2026,2026
1529309,2f49c897,gt,2026,2026
1529309,cc61ee8f,csk,2026,2026
1529309,a4cc73aa,csk,2026,2026
1529309,a90e53ec,csk,2026,2026
1529309,45a43fe2,csk,2026,2026
1529309,cf59b3f0,csk,2026,2026
1529309,7b679de5,csk,2026,2026
1529309,844e79d1,csk,2026,2026
1529309,a4e37e47,csk,2026,2026
1529309,fcc21ace,csk,2026,2026
1529309,efc04be7,csk,2026,2026
1529309,765a4731,csk,2026,2026
1529309,83c3e8e3,csk,2026,2026
1529310,f986ca1a,srh,2026,2026
1529310,f29185a1,srh,2026,2026
1529310,12b610c2,srh,2026,2026
1529310,752f7486,srh,2026,2026
1529310,235c2bb6,srh,2026,2026
1529310,aad0c365,srh,2026,2026
1529310,d7423da1,srh,2026,2026
1529310,c1e53c3f,srh,2026,2026
1529310,ded9240e,srh,2026,2026
1529310,7b44eb3e,srh,2026,2026
1529310,5750bcb4,srh,2026,2026
1529310,280fff14,srh,2026,2026
1529310,9440ef41,rcb,2026,2026
1529310,a24be938,rcb,2026,2026
1529310,ba607b88,rcb,2026,2026
1529310,2c25d4f5,rcb,2026,2026
1529310,c740ea83,rcb,2026,2026
1529310,5b8c830e,rcb,2026,2026
1529310,f1f99156,rcb,2026,2026
1529310,800d2d97,rcb,2026,2026
1529310,c5aef772,rcb,2026,2026
1529310,2e81a32d,rcb,2026,2026
1529310,03806cf8,rcb,2026,2026
1529310,b8527c3d,rcb,2026,2026
1529311,13fc5c6d,lsg,2026,2026
1529311,989889ff,lsg,2026,2026
1529311,2d140b79,lsg,2026,2026
1529311,3241e3fd,lsg,2026,2026
1529311,872b03f7,lsg,2026,2026
1529311,919a3be2,lsg,2026,2026
1529311,8e514b4c,lsg,2026,2026
1529311,1c84109e,lsg,2026,2026
1529311,44aac2f0,lsg,2026,2026
1529311,8cf9814c,lsg,2026,2026
1529311,80b2fb19,lsg,2026,2026
1529311,c33d8116,lsg,2026,2026
1529311,57ee1fde,pbks,2026,2026
1529311,b5797845,pbks,2026,2026
1529311,9418198b,pbks,2026,2026
1529311,fe366f34,pbks,2026,2026
1529311,85ec8e33,pbks,2026,2026
1529311,970ddd24,pbks,2026,2026
1529311,26989d80,pbks,2026,2026
1529311,8f6dd463,pbks,2026,2026
1529311,81c36ee9,pbks,2026,2026
1529311,54e52590,pbks,2026,2026
1529311,244048f6,pbks,2026,2026
1529311,d9273ee7,pbks,2026,2026
1529312,6c19c6e5,rr,2026,2026
1529312,470f446b,rr,2026,2026
1529312,bcf325d2,rr,2026,2026
1529312,04a418e8,rr,2026,2026
1529312,3ff033bb,rr,2026,2026
1529312,f0af99a7,rr,2026,2026
1529312,5574750c,rr,2026,2026
1529312,6b2ff18f,rr,2026,2026
1529312,fe93fd9d,rr,2026,2026
1529312,465aa633,rr,2026,2026
1529312,02dfebbe,rr,2026,2026
1529312,133bbd61,rr,2026,2026
1529312,5b615e7c,mi,2026,2026
1529312,740742ef,mi,2026,2026
1529312,e66732f8,mi,2026,2026
1529312,fffa744b,mi,2026,2026
1529312,271f83cd,mi,2026,2026
1529312,b0482a1d,mi,2026,2026
1529312,9caf69a1,mi,2026,2026
1529312,dbe50b21,mi,2026,2026
1529312,172dff15,mi,2026,2026
1529312,1abb78f8,mi,2026,2026
1529312,23eeb873,mi,2026,2026
1529312,9ca68676,mi,2026,2026
1529313,8d2c70ad,dc,2026,2026
1529313,ad3b6e95,dc,2026,2026
1529313,b17e2f24,dc,2026,2026
1529313,926c7443,dc,2026,2026
1529313,2e171977,dc,2026,2026
1529313,d67d5f00,dc,2026,2026
1529313,84d9c311,dc,2026,2026
1529313,85b3fab2,dc,2026,2026
1529313,fb5f69e4,dc,2026,2026
1529313,7c3c0337,dc,2026,2026
1529313,f834dcfc,dc,2026,2026
1529313,3fb19989,dc,2026,2026
1529313,9d430b40,kkr,2026,2026
1529313,29e95537,kkr,2026,2026
1529313,bf74b130,kkr,2026,2026
1529313,93b4fc78,kkr,2026,2026
1529313,eaa76d3c,kkr,2026,2026
1529313,650d5e49,kkr,2026,2026
1529313,0a509d6b,kkr,2026,2026
1529313,f12fe2a1,kkr,2026,2026
1529313,e4cdf230,kkr,2026,2026
1529313,5d2eea49,kkr,2026,2026
1529313,5b7ab5a9,kkr,2026,2026
1529313,11061889,kkr,2026,2026
1535462,c5aef772,rcb,2026,2026
1535462,a24be938,rcb,2026,2026
1535462,ba607b88,rcb,2026,2026
1535462,2c25d4f5,rcb,2026,2026
1535462,c740ea83,rcb,2026,2026
1535462,5b8c830e,rcb,2026,2026
1535462,f1f99156,rcb,2026,2026
1535462,800d2d97,rcb,2026,2026
1535462,2e81a32d,rcb,2026,2026
1535462,03806cf8,rcb,2026,2026
1535462,dadbdb68,rcb,2026,2026
1535462,b8527c3d,rcb,2026,2026
1535462,fa2f1dde,gt,2026,2026
1535462,d5130a30,gt,2026,2026
1535462,b4b99816,gt,2026,2026
1535462,99b75528,gt,2026,2026
1535462,3cea23da,gt,2026,2026
1535462,f19ccfad,gt,2026,2026
1535462,0f721006,gt,2026,2026
1535462,39a2dfa8,gt,2026,2026
1535462,5f547c8b,gt,2026,2026
1535462,e62dd25d,gt,2026,2026
1535462,2f49c897,gt,2026,2026
1535462,85e0cf10,gt,2026,2026
1535463,6c19c6e5,rr,2026,2026
1535463,470f446b,rr,2026,2026
1535463,bcf325d2,rr,2026,2026
1535463,04a418e8,rr,2026,2026
1535463,f0af99a7,rr,2026,2026
1535463,3ff033bb,rr,2026,2026
1535463,fe93fd9d,rr,2026,2026
1535463,5574750c,rr,2026,2026
1535463,465aa633,rr,2026,2026
1535463,92500ad5,rr,2026,2026
1535463,133bbd61,rr,2026,2026
1535463,02dfebbe,rr,2026,2026
1535463,ece7b6b3,srh,2026,2026
1535463,f29185a1,srh,2026,2026
1535463,12b610c2,srh,2026,2026
1535463,752f7486,srh,2026,2026
1535463,c1e53c3f,srh,2026,2026
1535463,235c2bb6,srh,2026,2026
1535463,aad0c365,srh,2026,2026
1535463,d7423da1,srh,2026,2026
1535463,ded9240e,srh,2026,2026
1535463,7b44eb3e,srh,2026,2026
1535463,5750bcb4,srh,2026,2026
1535463,280fff14,srh,2026,2026
1535464,46a9bea1,rr,2026,2026
1535464,6c19c6e5,rr,2026,2026
1535464,470f446b,rr,2026,2026
1535464,bcf325d2,rr,2026,2026
1535464,fe93fd9d,rr,2026,2026
1535464,04a418e8,rr,2026,2026
1535464,3ff033bb,rr,2026,2026
1535464,5574750c,rr,2026,2026
1535464,f0af99a7,rr,2026,2026
1535464,465aa633,rr,2026,2026
1535464,133bbd61,rr,2026,2026
1535464,02dfebbe,rr,2026,2026
1535464,2f49c897,gt,2026,2026
1535464,d5130a30,gt,2026,2026
1535464,b4b99816,gt,2026,2026
1535464,99b75528,gt,2026,2026
1535464,f19ccfad,gt,2026,2026
1535464,39a2dfa8,gt,2026,2026
1535464,0f721006,gt,2026,2026
1535464,3cea23da,gt,2026,2026
1535464,5f547c8b,gt,2026,2026
1535464,c7a995d3,gt,2026,2026
1535464,e62dd25d,gt,2026,2026
1535464,85e0cf10,gt,2026,2026
1535465,85e0cf10,gt,2026,2026
1535465,d5130a30,gt,2026,2026
1535465,b4b99816,gt,2026,2026
1535465,3cea23da,gt,2026,2026
1535465,99b75528,gt,2026,2026
1535465,f19ccfad,gt,2026,2026
1535465,12314277,gt,2026,2026
1535465,39a2dfa8,gt,2026,2026
1535465,0f721006,gt,2026,2026
1535465,5f547c8b,gt,2026,2026
1535465,e62dd25d,gt,2026,2026
1535465,2f49c897,gt,2026,2026
1535465,dadbdb68,rcb,2026,2026
1535465,a24be938,rcb,2026,2026
1535465,ba607b88,rcb,2026,2026
1535465,2c25d4f5,rcb,2026,2026
1535465,c740ea83,rcb,2026,2026
1535465,5b8c830e,rcb,2026,2026
1535465,f1f99156,rcb,2026,2026
1535465,800d2d97,rcb,2026,2026
1535465,c5aef772,rcb,2026,2026
1535465,2e81a32d,rcb,2026,2026
1535465,03806cf8,rcb,2026,2026
1535465,b8527c3d,rcb,2026,2026
335982,725529bc,kkr,2007/08,2008
335982,b8a55852,kkr,2007/08,2008
335982,7d415ea5,kkr,2007/08,2008
335982,fd835ab3,kkr,2007/08,2008
335982,9ab63e7b,kkr,2007/08,2008
335982,b1451597,kkr,2007/08,2008
335982,fe11caa6,kkr,2007/08,2008
335982,fa463154,kkr,2007/08,2008
335982,66b30f71,kkr,2007/08,2008
335982,abfeb126,kkr,2007/08,2008
335982,5bb1a1c4,kkr,2007/08,2008
335982,0184dc35,rcb,2007/08,2008
335982,619aa81f,rcb,2007/08,2008
335982,ba607b88,rcb,2007/08,2008
335982,86dc8f2e,rcb,2007/08,2008
335982,d0513f63,rcb,2007/08,2008
335982,f3cb53a1,rcb,2007/08,2008
335982,af7dadf7,rcb,2007/08,2008
335982,b69e69ed,rcb,2007/08,2008
335982,e938e1bc,rcb,2007/08,2008
335982,91a4a398,rcb,2007/08,2008
335982,670709ec,rcb,2007/08,2008
335983,b5da6c24,csk,2007/08,2008
335983,d8699ab7,csk,2007/08,2008
335983,48fd7349,csk,2007/08,2008
335983,4a8a2e3b,csk,2007/08,2008
335983,1dc12ab9,csk,2007/08,2008
335983,3eac9d95,csk,2007/08,2008
335983,3576e47e,csk,2007/08,2008
335983,9f961c14,csk,2007/08,2008
335983,6ad3a659,csk,2007/08,2008
335983,ae78bc32,csk,2007/08,2008
335983,4ba44e19,csk,2007/08,2008
335983,a1f1829d,pbks,2007/08,2008
335983,2498e163,pbks,2007/08,2008
335983,6b71e6cf,pbks,2007/08,2008
335983,1c914163,pbks,2007/08,2008
335983,fdedb37c,pbks,2007/08,2008
335983,5fa06777,pbks,2007/08,2008
335983,eaa90ab4,pbks,2007/08,2008
335983,dd09ff8e,pbks,2007/08,2008
335983,98ae73b1,pbks,2007/08,2008
335983,3dba85c2,pbks,2007/08,2008
335983,6b8eb6e5,pbks,2007/08,2008
335984,40caa465,rr,2007/08,2008
335984,3c6ffae8,rr,2007/08,2008
335984,4329fbb5,rr,2007/08,2008
335984,d84378a4,rr,2007/08,2008
335984,53fe6ee4,rr,2007/08,2008
335984,fe93fd9d,rr,2007/08,2008
335984,de8d3876,rr,2007/08,2008
335984,0264c10e,rr,2007/08,2008
335984,bb18be76,rr,2007/08,2008
335984,3d7e087f,rr,2007/08,2008
335984,f0f628c7,rr,2007/08,2008
335984,bb345e0b,dc,2007/08,2008
335984,8ba8195d,dc,2007/08,2008
335984,0a476045,dc,2007/08,2008
335984,26e5cabf,dc,2007/08,2008
335984,c03f1114,dc,2007/08,2008
335984,33a364a6,dc,2007/08,2008
335984,c42aaf71,dc,2007/08,2008
335984,d7c6af50,dc,2007/08,2008
335984,ab89348d,dc,2007/08,2008
335984,50758325,dc,2007/08,2008
335984,ee7d0c82,dc,2007/08,2008
335985,0fa5042b,mi,2007/08,2008
335985,f233bbb4,mi,2007/08,2008
335985,7d3937ed,mi,2007/08,2008
335985,1c17e270,mi,2007/08,2008
335985,0aadc906,mi,2007/08,2008
335985,a45a5e8d,mi,2007/08,2008
335985,88fccd6c,mi,2007/08,2008
335985,8b5b6769,mi,2007/08,2008
335985,0d232ffd,mi,2007/08,2008
335985,96fd40ae,mi,2007/08,2008
335985,d2a989fc,mi,2007/08,2008
335985,881a9bdd,rcb,2007/08,2008
335985,0184dc35,rcb,2007/08,2008
335985,b61a3e1a,rcb,2007/08,2008
335985,86dc8f2e,rcb,2007/08,2008
335985,ba607b88,rcb,2007/08,2008
335985,f3cb53a1,rcb,2007/08,2008
335985,af7dadf7,rcb,2007/08,2008
335985,e938e1bc,rcb,2007/08,2008
335985,91a4a398,rcb,2007/08,2008
335985,670709ec,rcb,2007/08,2008
335985,41eb4a4f,rcb,2007/08,2008
335986,2b6e6dec,deccan,2007/08,2008
335986,fe763256,deccan,2007/08,2008
335986,de8cce37,deccan,2007/08,2008
335986,bd77eb62,deccan,2007/08,2008
335986,740742ef,deccan,2007/08,2008
335986,57efa3be,deccan,2007/08,2008
335986,b9be6507,deccan,2007/08,2008
335986,0604ef16,deccan,2007/08,2008
335986,bcce309e,deccan,2007/08,2008
335986,c3d1402f,deccan,2007/08,2008
335986,6c6591ab,deccan,2007/08,2008
335986,fe11caa6,kkr,2007/08,2008
335986,b8a55852,kkr,2007/08,2008
335986,7d415ea5,kkr,2007/08,2008
335986,725529bc,kkr,2007/08,2008
335986,fd835ab3,kkr,2007/08,2008
335986,9ab63e7b,kkr,2007/08,2008
335986,b1451597,kkr,2007/08,2008
335986,fa463154,kkr,2007/08,2008
335986,66b30f71,kkr,2007/08,2008
335986,abfeb126,kkr,2007/08,2008
335986,5bb1a1c4,kkr,2007/08,2008
335987,a1f1829d,pbks,2007/08,2008
335987,2498e163,pbks,2007/08,2008
335987,6b71e6cf,pbks,2007/08,2008
335987,d18f9182,pbks,2007/08,2008
335987,1c914163,pbks,2007/08,2008
335987,5fa06777,pbks,2007/08,2008
335987,3fca55af,pbks,2007/08,2008
335987,dd09ff8e,pbks,2007/08,2008
335987,98ae73b1,pbks,2007/08,2008
335987,3dba85c2,pbks,2007/08,2008
335987,6b8eb6e5,pbks,2007/08,2008
335987,d84378a4,rr,2007/08,2008
335987,ff077124,rr,2007/08,2008
335987,3c6ffae8,rr,2007/08,2008
335987,4329fbb5,rr,2007/08,2008
335987,53fe6ee4,rr,2007/08,2008
335987,fe93fd9d,rr,2007/08,2008
335987,e32d22f6,rr,2007/08,2008
335987,0264c10e,rr,2007/08,2008
335987,bb18be76,rr,2007/08,2008
335987,3d7e087f,rr,2007/08,2008
335987,f0f628c7,rr,2007/08,2008
335988,2b6e6dec,deccan,2007/08,2008
335988,fe763256,deccan,2007/08,2008
335988,de8cce37,deccan,2007/08,2008
335988,bd77eb62,deccan,2007/08,2008
335988,740742ef,deccan,2007/08,2008
335988,0dc00542,deccan,2007/08,2008
335988,0604ef16,deccan,2007/08,2008
335988,b9be6507,deccan,2007/08,2008
335988,bcce309e,deccan,2007/08,2008
335988,c3d1402f,deccan,2007/08,2008
335988,6c6591ab,deccan,2007/08,2008
335988,bb345e0b,dc,2007/08,2008
335988,8ba8195d,dc,2007/08,2008
335988,0a476045,dc,2007/08,2008
335988,64c34cd0,dc,2007/08,2008
335988,c03f1114,dc,2007/08,2008
335988,26e5cabf,dc,2007/08,2008
335988,33a364a6,dc,2007/08,2008
335988,ab89348d,dc,2007/08,2008
335988,e03b66ec,dc,2007/08,2008
335988,93a17209,dc,2007/08,2008
335988,ee7d0c82,dc,2007/08,2008
335989,b5da6c24,csk,2007/08,2008
335989,d8699ab7,csk,2007/08,2008
335989,48fd7349,csk,2007/08,2008
335989,1dc12ab9,csk,2007/08,2008
335989,4a8a2e3b,csk,2007/08,2008
335989,3eac9d95,csk,2007/08,2008
335989,3576e47e,csk,2007/08,2008
335989,9f961c14,csk,2007/08,2008
335989,6ad3a659,csk,2007/08,2008
335989,ae78bc32,csk,2007/08,2008
335989,4ba44e19,csk,2007/08,2008
335989,0fa5042b,mi,2007/08,2008
335989,f233bbb4,mi,2007/08,2008
335989,1c17e270,mi,2007/08,2008
335989,88fccd6c,mi,2007/08,2008
335989,87e562a9,mi,2007/08,2008
335989,a45a5e8d,mi,2007/08,2008
335989,0d232ffd,mi,2007/08,2008
335989,8b5b6769,mi,2007/08,2008
335989,96fd40ae,mi,2007/08,2008
335989,38f2c66c,mi,2007/08,2008
335989,d2a989fc,mi,2007/08,2008
335990,2b6e6dec,deccan,2007/08,2008
335990,de8cce37,deccan,2007/08,2008
335990,0dc00542,deccan,2007/08,2008
335990,bd77eb62,deccan,2007/08,2008
335990,740742ef,deccan,2007/08,2008
335990,b9be6507,deccan,2007/08,2008
335990,0604ef16,deccan,2007/08,2008
335990,bcce309e,deccan,2007/08,2008
335990,c3d1402f,deccan,2007/08,2008
335990,6c6591ab,deccan,2007/08,2008
335990,94bc776b,deccan,2007/08,2008
335990,ff077124,rr,2007/08,2008
335990,72861603,rr,2007/08,2008
335990,3c6ffae8,rr,2007/08,2008
335990,4329fbb5,rr,2007/08,2008
335990,d84378a4,rr,2007/08,2008
335990,fe93fd9d,rr,2007/08,2008
335990,bb18be76,rr,2007/08,2008
335990,0264c10e,rr,2007/08,2008
335990,e32d22f6,rr,2007/08,2008
335990,3d7e087f,rr,2007/08,2008
335990,f0f628c7,rr,2007/08,2008
335991,a1f1829d,pbks,2007/08,2008
335991,5fa06777,pbks,2007/08,2008
335991,6b71e6cf,pbks,2007/08,2008
335991,1c914163,pbks,2007/08,2008
335991,36d33dd0,pbks,2007/08,2008
335991,d18f9182,pbks,2007/08,2008
335991,3fca55af,pbks,2007/08,2008
335991,dd09ff8e,pbks,2007/08,2008
335991,98ae73b1,pbks,2007/08,2008
335991,6b8eb6e5,pbks,2007/08,2008
335991,034b4b7d,pbks,2007/08,2008
335991,0fa5042b,mi,2007/08,2008
335991,f233bbb4,mi,2007/08,2008
335991,1c17e270,mi,2007/08,2008
335991,87e562a9,mi,2007/08,2008
335991,709b0bac,mi,2007/08,2008
335991,88fccd6c,mi,2007/08,2008
335991,a45a5e8d,mi,2007/08,2008
335991,8b5b6769,mi,2007/08,2008
335991,0d232ffd,mi,2007/08,2008
335991,d2a989fc,mi,2007/08,2008
335991,96fd40ae,mi,2007/08,2008
335992,72861603,rr,2007/08,2008
335992,de8d3876,rr,2007/08,2008
335992,3c6ffae8,rr,2007/08,2008
335992,4329fbb5,rr,2007/08,2008
335992,d84378a4,rr,2007/08,2008
335992,fe93fd9d,rr,2007/08,2008
335992,0264c10e,rr,2007/08,2008
335992,bb18be76,rr,2007/08,2008
335992,64d43928,rr,2007/08,2008
335992,3d7e087f,rr,2007/08,2008
335992,f0f628c7,rr,2007/08,2008
335992,881a9bdd,rcb,2007/08,2008
335992,0184dc35,rcb,2007/08,2008
335992,b61a3e1a,rcb,2007/08,2008
335992,86dc8f2e,rcb,2007/08,2008
335992,ba607b88,rcb,2007/08,2008
335992,f3cb53a1,rcb,2007/08,2008
335992,e938e1bc,rcb,2007/08,2008
335992,670709ec,rcb,2007/08,2008
335992,91a4a398,rcb,2007/08,2008
335992,41eb4a4f,rcb,2007/08,2008
335992,0c2730df,rcb,2007/08,2008
335993,b5da6c24,csk,2007/08,2008
335993,d8699ab7,csk,2007/08,2008
335993,4a8a2e3b,csk,2007/08,2008
335993,48fd7349,csk,2007/08,2008
335993,3576e47e,csk,2007/08,2008
335993,1dc12ab9,csk,2007/08,2008
335993,3eac9d95,csk,2007/08,2008
335993,9f961c14,csk,2007/08,2008
335993,6ad3a659,csk,2007/08,2008
335993,ae78bc32,csk,2007/08,2008
335993,4ba44e19,csk,2007/08,2008
335993,725529bc,kkr,2007/08,2008
335993,b8a55852,kkr,2007/08,2008
335993,7d415ea5,kkr,2007/08,2008
335993,fe11caa6,kkr,2007/08,2008
335993,fd835ab3,kkr,2007/08,2008
335993,9ab63e7b,kkr,2007/08,2008
335993,b1451597,kkr,2007/08,2008
335993,fa463154,kkr,2007/08,2008
335993,abfeb126,kkr,2007/08,2008
335993,5bb1a1c4,kkr,2007/08,2008
335993,66b30f71,kkr,2007/08,2008
335994,2b6e6dec,deccan,2007/08,2008
335994,de8cce37,deccan,2007/08,2008
335994,bd77eb62,deccan,2007/08,2008
335994,740742ef,deccan,2007/08,2008
335994,0dc00542,deccan,2007/08,2008
335994,0604ef16,deccan,2007/08,2008
335994,b9be6507,deccan,2007/08,2008
335994,c3d1402f,deccan,2007/08,2008
335994,6c6591ab,deccan,2007/08,2008
335994,94bc776b,deccan,2007/08,2008
335994,e0351c86,deccan,2007/08,2008
335994,0fa5042b,mi,2007/08,2008
335994,f233bbb4,mi,2007/08,2008
335994,29e95537,mi,2007/08,2008
335994,1c17e270,mi,2007/08,2008
335994,88fccd6c,mi,2007/08,2008
335994,a45a5e8d,mi,2007/08,2008
335994,87e562a9,mi,2007/08,2008
335994,0d232ffd,mi,2007/08,2008
335994,96fd40ae,mi,2007/08,2008
335994,d2a989fc,mi,2007/08,2008
335994,facb9086,mi,2007/08,2008
335995,bb345e0b,dc,2007/08,2008
335995,8ba8195d,dc,2007/08,2008
335995,0a476045,dc,2007/08,2008
335995,64c34cd0,dc,2007/08,2008
335995,26e5cabf,dc,2007/08,2008
335995,c03f1114,dc,2007/08,2008
335995,33a364a6,dc,2007/08,2008
335995,ab89348d,dc,2007/08,2008
335995,93a17209,dc,2007/08,2008
335995,e03b66ec,dc,2007/08,2008
335995,ee7d0c82,dc,2007/08,2008
335995,a1f1829d,pbks,2007/08,2008
335995,fdedb37c,pbks,2007/08,2008
335995,6b71e6cf,pbks,2007/08,2008
335995,d18f9182,pbks,2007/08,2008
335995,1c914163,pbks,2007/08,2008
335995,a76d10ba,pbks,2007/08,2008
335995,5fa06777,pbks,2007/08,2008
335995,dd09ff8e,pbks,2007/08,2008
335995,98ae73b1,pbks,2007/08,2008
335995,6b8eb6e5,pbks,2007/08,2008
335995,034b4b7d,pbks,2007/08,2008
335996,b5da6c24,csk,2007/08,2008
335996,d8699ab7,csk,2007/08,2008
335996,48fd7349,csk,2007/08,2008
335996,1dc12ab9,csk,2007/08,2008
335996,4a8a2e3b,csk,2007/08,2008
335996,3eac9d95,csk,2007/08,2008
335996,3576e47e,csk,2007/08,2008
335996,c3d35165,csk,2007/08,2008
335996,9f961c14,csk,2007/08,2008
335996,6ad3a659,csk,2007/08,2008
335996,ae78bc32,csk,2007/08,2008
335996,5451a2c1,rcb,2007/08,2008
335996,619aa81f,rcb,2007/08,2008
335996,b61a3e1a,rcb,2007/08,2008
335996,86dc8f2e,rcb,2007/08,2008
335996,f3cb53a1,rcb,2007/08,2008
335996,ba607b88,rcb,2007/08,2008
335996,0184dc35,rcb,2007/08,2008
335996,e938e1bc,rcb,2007/08,2008
335996,91a4a398,rcb,2007/08,2008
335996,af7dadf7,rcb,2007/08,2008
335996,8fd1a8f5,rcb,2007/08,2008
335997,b8a55852,kkr,2007/08,2008
335997,725529bc,kkr,2007/08,2008
335997,7d415ea5,kkr,2007/08,2008
335997,7050a1e7,kkr,2007/08,2008
335997,fd835ab3,kkr,2007/08,2008
335997,9ab63e7b,kkr,2007/08,2008
335997,b1451597,kkr,2007/08,2008
335997,fa463154,kkr,2007/08,2008
335997,abfeb126,kkr,2007/08,2008
335997,5bb1a1c4,kkr,2007/08,2008
335997,66b30f71,kkr,2007/08,2008
335997,29e95537,mi,2007/08,2008
335997,f233bbb4,mi,2007/08,2008
335997,93b4fc78,mi,2007/08,2008
335997,1c17e270,mi,2007/08,2008
335997,87e562a9,mi,2007/08,2008
335997,88fccd6c,mi,2007/08,2008
335997,a45a5e8d,mi,2007/08,2008
335997,96fd40ae,mi,2007/08,2008
335997,d2a989fc,mi,2007/08,2008
335997,342d8ade,mi,2007/08,2008
335997,0aadc906,mi,2007/08,2008
335998,bb345e0b,dc,2007/08,2008
335998,8ba8195d,dc,2007/08,2008
335998,0a476045,dc,2007/08,2008
335998,64c34cd0,dc,2007/08,2008
335998,c03f1114,dc,2007/08,2008
335998,26e5cabf,dc,2007/08,2008
335998,33a364a6,dc,2007/08,2008
335998,d7c6af50,dc,2007/08,2008
335998,e03b66ec,dc,2007/08,2008
335998,93a17209,dc,2007/08,2008
335998,ee7d0c82,dc,2007/08,2008
335998,e938e1bc,rcb,2007/08,2008
335998,619aa81f,rcb,2007/08,2008
335998,b61a3e1a,rcb,2007/08,2008
335998,86dc8f2e,rcb,2007/08,2008
335998,0184dc35,rcb,2007/08,2008
335998,f3cb53a1,rcb,2007/08,2008
335998,ba607b88,rcb,2007/08,2008
335998,91a4a398,rcb,2007/08,2008
335998,8fd1a8f5,rcb,2007/08,2008
335998,41eb4a4f,rcb,2007/08,2008
335998,670709ec,rcb,2007/08,2008
335999,2b6e6dec,deccan,2007/08,2008
335999,de8cce37,deccan,2007/08,2008
335999,e1d1b294,deccan,2007/08,2008
335999,740742ef,deccan,2007/08,2008
335999,0dc00542,deccan,2007/08,2008
335999,fe763256,deccan,2007/08,2008
335999,0604ef16,deccan,2007/08,2008
335999,e0351c86,deccan,2007/08,2008
335999,94bc776b,deccan,2007/08,2008
335999,c3d1402f,deccan,2007/08,2008
335999,6c6591ab,deccan,2007/08,2008
335999,508a1ea7,pbks,2007/08,2008
335999,36d33dd0,pbks,2007/08,2008
335999,6b71e6cf,pbks,2007/08,2008
335999,1c914163,pbks,2007/08,2008
335999,d18f9182,pbks,2007/08,2008
335999,a1f1829d,pbks,2007/08,2008
335999,5fa06777,pbks,2007/08,2008
335999,98ae73b1,pbks,2007/08,2008
335999,6b8eb6e5,pbks,2007/08,2008
335999,034b4b7d,pbks,2007/08,2008
335999,890de8cb,pbks,2007/08,2008
336000,4d6d6280,kkr,2007/08,2008
336000,725529bc,kkr,2007/08,2008
336000,fa463154,kkr,2007/08,2008
336000,b57f8a9a,kkr,2007/08,2008
336000,fd835ab3,kkr,2007/08,2008
336000,b1451597,kkr,2007/08,2008
336000,7050a1e7,kkr,2007/08,2008
336000,fe11caa6,kkr,2007/08,2008
336000,16dfcc19,kkr,2007/08,2008
336000,5bb1a1c4,kkr,2007/08,2008
336000,66b30f71,kkr,2007/08,2008
336000,72861603,rr,2007/08,2008
336000,ae091d39,rr,2007/08,2008
336000,d84378a4,rr,2007/08,2008
336000,3c6ffae8,rr,2007/08,2008
336000,4329fbb5,rr,2007/08,2008
336000,fe93fd9d,rr,2007/08,2008
336000,bb18be76,rr,2007/08,2008
336000,64d43928,rr,2007/08,2008
336000,de8d3876,rr,2007/08,2008
336000,3d7e087f,rr,2007/08,2008
336000,f0f628c7,rr,2007/08,2008
336001,b5da6c24,csk,2007/08,2008
336001,eea6b7f1,csk,2007/08,2008
336001,756389bd,csk,2007/08,2008
336001,4a8a2e3b,csk,2007/08,2008
336001,c3d35165,csk,2007/08,2008
336001,1dc12ab9,csk,2007/08,2008
336001,3576e47e,csk,2007/08,2008
336001,9f961c14,csk,2007/08,2008
336001,20a941bb,csk,2007/08,2008
336001,ae78bc32,csk,2007/08,2008
336001,4ba44e19,csk,2007/08,2008
336001,bb345e0b,dc,2007/08,2008
336001,8ba8195d,dc,2007/08,2008
336001,c4487b84,dc,2007/08,2008
336001,0a476045,dc,2007/08,2008
336001,64c34cd0,dc,2007/08,2008
336001,c03f1114,dc,2007/08,2008
336001,33a364a6,dc,2007/08,2008
336001,93a17209,dc,2007/08,2008
336001,ee7d0c82,dc,2007/08,2008
336001,9fc0ef64,dc,2007/08,2008
336001,e03b66ec,dc,2007/08,2008
336002,2b6e6dec,deccan,2007/08,2008
336002,e1d1b294,deccan,2007/08,2008
336002,740742ef,deccan,2007/08,2008
336002,1be70c88,deccan,2007/08,2008
336002,fe763256,deccan,2007/08,2008
336002,b720a5d6,deccan,2007/08,2008
336002,b9be6507,deccan,2007/08,2008
336002,0604ef16,deccan,2007/08,2008
336002,bcce309e,deccan,2007/08,2008
336002,c3d1402f,deccan,2007/08,2008
336002,acd4f5dc,deccan,2007/08,2008
336002,86dc8f2e,rcb,2007/08,2008
336002,619aa81f,rcb,2007/08,2008
336002,7eae4418,rcb,2007/08,2008
336002,0184dc35,rcb,2007/08,2008
336002,d0513f63,rcb,2007/08,2008
336002,ba607b88,rcb,2007/08,2008
336002,af7dadf7,rcb,2007/08,2008
336002,541f85c9,rcb,2007/08,2008
336002,41eb4a4f,rcb,2007/08,2008
336002,0c2730df,rcb,2007/08,2008
336002,8fd1a8f5,rcb,2007/08,2008
336003,508a1ea7,pbks,2007/08,2008
336003,2498e163,pbks,2007/08,2008
336003,6b71e6cf,pbks,2007/08,2008
336003,1c914163,pbks,2007/08,2008
336003,d18f9182,pbks,2007/08,2008
336003,a1f1829d,pbks,2007/08,2008
336003,5fa06777,pbks,2007/08,2008
336003,98ae73b1,pbks,2007/08,2008
336003,6b8eb6e5,pbks,2007/08,2008
336003,034b4b7d,pbks,2007/08,2008
336003,890de8cb,pbks,2007/08,2008
336003,9ab63e7b,kkr,2007/08,2008
336003,725529bc,kkr,2007/08,2008
336003,7050a1e7,kkr,2007/08,2008
336003,b57f8a9a,kkr,2007/08,2008
336003,fd835ab3,kkr,2007/08,2008
336003,b1451597,kkr,2007/08,2008
336003,fe11caa6,kkr,2007/08,2008
336003,fa463154,kkr,2007/08,2008
336003,16dfcc19,kkr,2007/08,2008
336003,5bb1a1c4,kkr,2007/08,2008
336003,66b30f71,kkr,2007/08,2008
336004,bb345e0b,dc,2007/08,2008
336004,8ba8195d,dc,2007/08,2008
336004,0a476045,dc,2007/08,2008
336004,c4487b84,dc,2007/08,2008
336004,64c34cd0,dc,2007/08,2008
336004,c03f1114,dc,2007/08,2008
336004,33a364a6,dc,2007/08,2008
336004,9fc0ef64,dc,2007/08,2008
336004,93a17209,dc,2007/08,2008
336004,e03b66ec,dc,2007/08,2008
336004,ee7d0c82,dc,2007/08,2008
336004,4e04666c,mi,2007/08,2008
336004,f233bbb4,mi,2007/08,2008
336004,7d3937ed,mi,2007/08,2008
336004,1c17e270,mi,2007/08,2008
336004,87e562a9,mi,2007/08,2008
336004,a45a5e8d,mi,2007/08,2008
336004,88fccd6c,mi,2007/08,2008
336004,709b0bac,mi,2007/08,2008
336004,5f4e9e8f,mi,2007/08,2008
336004,96fd40ae,mi,2007/08,2008
336004,d2a989fc,mi,2007/08,2008
336005,b5da6c24,csk,2007/08,2008
336005,eea6b7f1,csk,2007/08,2008
336005,756389bd,csk,2007/08,2008
336005,1dc12ab9,csk,2007/08,2008
336005,3576e47e,csk,2007/08,2008
336005,4a8a2e3b,csk,2007/08,2008
336005,c3d35165,csk,2007/08,2008
336005,9f961c14,csk,2007/08,2008
336005,ae78bc32,csk,2007/08,2008
336005,4ba44e19,csk,2007/08,2008
336005,20a941bb,csk,2007/08,2008
336005,72861603,rr,2007/08,2008
336005,ae091d39,rr,2007/08,2008
336005,3c6ffae8,rr,2007/08,2008
336005,4329fbb5,rr,2007/08,2008
336005,de8d3876,rr,2007/08,2008
336005,d84378a4,rr,2007/08,2008
336005,fe93fd9d,rr,2007/08,2008
336005,bb18be76,rr,2007/08,2008
336005,64d43928,rr,2007/08,2008
336005,3d7e087f,rr,2007/08,2008
336005,f0f628c7,rr,2007/08,2008
336006,508a1ea7,pbks,2007/08,2008
336006,2498e163,pbks,2007/08,2008
336006,36d33dd0,pbks,2007/08,2008
336006,1c914163,pbks,2007/08,2008
336006,d18f9182,pbks,2007/08,2008
336006,5fa06777,pbks,2007/08,2008
336006,98ae73b1,pbks,2007/08,2008
336006,622cc511,pbks,2007/08,2008
336006,890de8cb,pbks,2007/08,2008
336006,6b8eb6e5,pbks,2007/08,2008
336006,034b4b7d,pbks,2007/08,2008
336006,619aa81f,rcb,2007/08,2008
336006,ba607b88,rcb,2007/08,2008
336006,d0513f63,rcb,2007/08,2008
336006,86dc8f2e,rcb,2007/08,2008
336006,0184dc35,rcb,2007/08,2008
336006,7eae4418,rcb,2007/08,2008
336006,e938e1bc,rcb,2007/08,2008
336006,f48cf4da,rcb,2007/08,2008
336006,91a4a398,rcb,2007/08,2008
336006,0c2730df,rcb,2007/08,2008
336006,8fd1a8f5,rcb,2007/08,2008
336007,b5da6c24,csk,2007/08,2008
336007,eea6b7f1,csk,2007/08,2008
336007,95a2ea61,csk,2007/08,2008
336007,1dc12ab9,csk,2007/08,2008
336007,3576e47e,csk,2007/08,2008
336007,4a8a2e3b,csk,2007/08,2008
336007,c3d35165,csk,2007/08,2008
336007,9f961c14,csk,2007/08,2008
336007,ae78bc32,csk,2007/08,2008
336007,20a941bb,csk,2007/08,2008
336007,4ba44e19,csk,2007/08,2008
336007,2b6e6dec,deccan,2007/08,2008
336007,e1d1b294,deccan,2007/08,2008
336007,57efa3be,deccan,2007/08,2008
336007,740742ef,deccan,2007/08,2008
336007,0dc00542,deccan,2007/08,2008
336007,fe763256,deccan,2007/08,2008
336007,0604ef16,deccan,2007/08,2008
336007,b9be6507,deccan,2007/08,2008
336007,c3d1402f,deccan,2007/08,2008
336007,acd4f5dc,deccan,2007/08,2008
336007,6c6591ab,deccan,2007/08,2008
336008,4e04666c,mi,2007/08,2008
336008,f233bbb4,mi,2007/08,2008
336008,1c17e270,mi,2007/08,2008
336008,87e562a9,mi,2007/08,2008
336008,a45a5e8d,mi,2007/08,2008
336008,7d3937ed,mi,2007/08,2008
336008,88fccd6c,mi,2007/08,2008
336008,709b0bac,mi,2007/08,2008
336008,5f4e9e8f,mi,2007/08,2008
336008,96fd40ae,mi,2007/08,2008
336008,d2a989fc,mi,2007/08,2008
336008,72861603,rr,2007/08,2008
336008,ae091d39,rr,2007/08,2008
336008,3c6ffae8,rr,2007/08,2008
336008,4329fbb5,rr,2007/08,2008
336008,d84378a4,rr,2007/08,2008
336008,fe93fd9d,rr,2007/08,2008
336008,bb18be76,rr,2007/08,2008
336008,64d43928,rr,2007/08,2008
336008,de8d3876,rr,2007/08,2008
336008,3d7e087f,rr,2007/08,2008
336008,f0f628c7,rr,2007/08,2008
336009,756389bd,csk,2007/08,2008
336009,eea6b7f1,csk,2007/08,2008
336009,4a8a2e3b,csk,2007/08,2008
336009,1dc12ab9,csk,2007/08,2008
336009,c3d35165,csk,2007/08,2008
336009,cfad138c,csk,2007/08,2008
336009,3576e47e,csk,2007/08,2008
336009,ae78bc32,csk,2007/08,2008
336009,6ad3a659,csk,2007/08,2008
336009,4ba44e19,csk,2007/08,2008
336009,b2b50355,csk,2007/08,2008
336009,bb345e0b,dc,2007/08,2008
336009,8ba8195d,dc,2007/08,2008
336009,c4487b84,dc,2007/08,2008
336009,0a476045,dc,2007/08,2008
336009,64c34cd0,dc,2007/08,2008
336009,c03f1114,dc,2007/08,2008
336009,26e5cabf,dc,2007/08,2008
336009,93a17209,dc,2007/08,2008
336009,ee7d0c82,dc,2007/08,2008
336009,e03b66ec,dc,2007/08,2008
336009,9fc0ef64,dc,2007/08,2008
336010,e249fdaa,kkr,2007/08,2008
336010,b57f8a9a,kkr,2007/08,2008
336010,725529bc,kkr,2007/08,2008
336010,fd835ab3,kkr,2007/08,2008
336010,75de770f,kkr,2007/08,2008
336010,b1451597,kkr,2007/08,2008
336010,fe11caa6,kkr,2007/08,2008
336010,abfeb126,kkr,2007/08,2008
336010,16dfcc19,kkr,2007/08,2008
336010,5bb1a1c4,kkr,2007/08,2008
336010,66b30f71,kkr,2007/08,2008
336010,f663ef00,rcb,2007/08,2008
336010,881a9bdd,rcb,2007/08,2008
336010,f3cb53a1,rcb,2007/08,2008
336010,0184dc35,rcb,2007/08,2008
336010,d0513f63,rcb,2007/08,2008
336010,e938e1bc,rcb,2007/08,2008
336010,41eb4a4f,rcb,2007/08,2008
336010,ba607b88,rcb,2007/08,2008
336010,91a4a398,rcb,2007/08,2008
336010,0c2730df,rcb,2007/08,2008
336010,8fd1a8f5,rcb,2007/08,2008
336011,2b6e6dec,deccan,2007/08,2008
336011,e1d1b294,deccan,2007/08,2008
336011,57efa3be,deccan,2007/08,2008
336011,740742ef,deccan,2007/08,2008
336011,0dc00542,deccan,2007/08,2008
336011,0604ef16,deccan,2007/08,2008
336011,b720a5d6,deccan,2007/08,2008
336011,fe763256,deccan,2007/08,2008
336011,c3d1402f,deccan,2007/08,2008
336011,6c6591ab,deccan,2007/08,2008
336011,acd4f5dc,deccan,2007/08,2008
336011,72861603,rr,2007/08,2008
336011,3c6ffae8,rr,2007/08,2008
336011,d84378a4,rr,2007/08,2008
336011,4329fbb5,rr,2007/08,2008
336011,a2870fb7,rr,2007/08,2008
336011,fe93fd9d,rr,2007/08,2008
336011,bb18be76,rr,2007/08,2008
336011,de8d3876,rr,2007/08,2008
336011,64d43928,rr,2007/08,2008
336011,3d7e087f,rr,2007/08,2008
336011,f0f628c7,rr,2007/08,2008
336012,f233bbb4,mi,2007/08,2008
336012,d2c2b2d5,mi,2007/08,2008
336012,1c17e270,mi,2007/08,2008
336012,35205dfc,mi,2007/08,2008
336012,a45a5e8d,mi,2007/08,2008
336012,88fccd6c,mi,2007/08,2008
336012,93b4fc78,mi,2007/08,2008
336012,4e04666c,mi,2007/08,2008
336012,d2a989fc,mi,2007/08,2008
336012,342d8ade,mi,2007/08,2008
336012,96fd40ae,mi,2007/08,2008
336012,f3cb53a1,rcb,2007/08,2008
336012,541f85c9,rcb,2007/08,2008
336012,7eae4418,rcb,2007/08,2008
336012,0184dc35,rcb,2007/08,2008
336012,d0513f63,rcb,2007/08,2008
336012,ba607b88,rcb,2007/08,2008
336012,af7dadf7,rcb,2007/08,2008
336012,e938e1bc,rcb,2007/08,2008
336012,41eb4a4f,rcb,2007/08,2008
336012,0c2730df,rcb,2007/08,2008
336012,8fd1a8f5,rcb,2007/08,2008
336013,756389bd,csk,2007/08,2008
336013,eea6b7f1,csk,2007/08,2008
336013,1dc12ab9,csk,2007/08,2008
336013,3576e47e,csk,2007/08,2008
336013,4a8a2e3b,csk,2007/08,2008
336013,c3d35165,csk,2007/08,2008
336013,cfad138c,csk,2007/08,2008
336013,6ad3a659,csk,2007/08,2008
336013,ae78bc32,csk,2007/08,2008
336013,4ba44e19,csk,2007/08,2008
336013,b2b50355,csk,2007/08,2008
336013,508a1ea7,pbks,2007/08,2008
336013,2498e163,pbks,2007/08,2008
336013,a1f1829d,pbks,2007/08,2008
336013,36d33dd0,pbks,2007/08,2008
336013,1c914163,pbks,2007/08,2008
336013,d18f9182,pbks,2007/08,2008
336013,5fa06777,pbks,2007/08,2008
336013,98ae73b1,pbks,2007/08,2008
336013,6b8eb6e5,pbks,2007/08,2008
336013,034b4b7d,pbks,2007/08,2008
336013,622cc511,pbks,2007/08,2008
336014,2b6e6dec,deccan,2007/08,2008
336014,e1d1b294,deccan,2007/08,2008
336014,b720a5d6,deccan,2007/08,2008
336014,740742ef,deccan,2007/08,2008
336014,57efa3be,deccan,2007/08,2008
336014,fe763256,deccan,2007/08,2008
336014,0604ef16,deccan,2007/08,2008
336014,bcce309e,deccan,2007/08,2008
336014,c3d1402f,deccan,2007/08,2008
336014,acd4f5dc,deccan,2007/08,2008
336014,6c6591ab,deccan,2007/08,2008
336014,4d6d6280,kkr,2007/08,2008
336014,e249fdaa,kkr,2007/08,2008
336014,725529bc,kkr,2007/08,2008
336014,fd835ab3,kkr,2007/08,2008
336014,75de770f,kkr,2007/08,2008
336014,b1451597,kkr,2007/08,2008
336014,fe11caa6,kkr,2007/08,2008
336014,16dfcc19,kkr,2007/08,2008
336014,5bb1a1c4,kkr,2007/08,2008
336014,66b30f71,kkr,2007/08,2008
336014,abfeb126,kkr,2007/08,2008
336015,bb345e0b,dc,2007/08,2008
336015,8ba8195d,dc,2007/08,2008
336015,0a476045,dc,2007/08,2008
336015,c4487b84,dc,2007/08,2008
336015,c03f1114,dc,2007/08,2008
336015,5bdcdb72,dc,2007/08,2008
336015,6b19d823,dc,2007/08,2008
336015,ab89348d,dc,2007/08,2008
336015,93a17209,dc,2007/08,2008
336015,ee7d0c82,dc,2007/08,2008
336015,9fc0ef64,dc,2007/08,2008
336015,3c6ffae8,rr,2007/08,2008
336015,72861603,rr,2007/08,2008
336015,d84378a4,rr,2007/08,2008
336015,4329fbb5,rr,2007/08,2008
336015,fe93fd9d,rr,2007/08,2008
336015,3edb58fc,rr,2007/08,2008
336015,bb18be76,rr,2007/08,2008
336015,a2870fb7,rr,2007/08,2008
336015,de8d3876,rr,2007/08,2008
336015,3d7e087f,rr,2007/08,2008
336015,f0f628c7,rr,2007/08,2008
336016,508a1ea7,pbks,2007/08,2008
336016,2498e163,pbks,2007/08,2008
336016,b63ab531,pbks,2007/08,2008
336016,1c914163,pbks,2007/08,2008
336016,d18f9182,pbks,2007/08,2008
336016,5fa06777,pbks,2007/08,2008
336016,a76d10ba,pbks,2007/08,2008
336016,98ae73b1,pbks,2007/08,2008
336016,622cc511,pbks,2007/08,2008
336016,6b8eb6e5,pbks,2007/08,2008
336016,034b4b7d,pbks,2007/08,2008
336016,f663ef00,rcb,2007/08,2008
336016,ba607b88,rcb,2007/08,2008
336016,7eae4418,rcb,2007/08,2008
336016,d0513f63,rcb,2007/08,2008
336016,0184dc35,rcb,2007/08,2008
336016,f3cb53a1,rcb,2007/08,2008
336016,e938e1bc,rcb,2007/08,2008
336016,41eb4a4f,rcb,2007/08,2008
336016,91a4a398,rcb,2007/08,2008
336016,0c2730df,rcb,2007/08,2008
336016,8fd1a8f5,rcb,2007/08,2008
336017,bb345e0b,dc,2007/08,2008
336017,8ba8195d,dc,2007/08,2008
336017,c4487b84,dc,2007/08,2008
336017,26e5cabf,dc,2007/08,2008
336017,0a476045,dc,2007/08,2008
336017,5bdcdb72,dc,2007/08,2008
336017,6b19d823,dc,2007/08,2008
336017,ab89348d,dc,2007/08,2008
336017,93a17209,dc,2007/08,2008
336017,9fc0ef64,dc,2007/08,2008
336017,ee7d0c82,dc,2007/08,2008
336017,4d6d6280,kkr,2007/08,2008
336017,e249fdaa,kkr,2007/08,2008
336017,725529bc,kkr,2007/08,2008
336017,fd835ab3,kkr,2007/08,2008
336017,75de770f,kkr,2007/08,2008
336017,b1451597,kkr,2007/08,2008
336017,fe11caa6,kkr,2007/08,2008
336017,85aae393,kkr,2007/08,2008
336017,5bb1a1c4,kkr,2007/08,2008
336017,66b30f71,kkr,2007/08,2008
336017,10a91f35,kkr,2007/08,2008
336018,756389bd,csk,2007/08,2008
336018,eea6b7f1,csk,2007/08,2008
336018,1dc12ab9,csk,2007/08,2008
336018,3576e47e,csk,2007/08,2008
336018,cfad138c,csk,2007/08,2008
336018,4a8a2e3b,csk,2007/08,2008
336018,c3d35165,csk,2007/08,2008
336018,9f961c14,csk,2007/08,2008
336018,ae78bc32,csk,2007/08,2008
336018,b2b50355,csk,2007/08,2008
336018,4ba44e19,csk,2007/08,2008
336018,f233bbb4,mi,2007/08,2008
336018,d2c2b2d5,mi,2007/08,2008
336018,1c17e270,mi,2007/08,2008
336018,7d3937ed,mi,2007/08,2008
336018,87e562a9,mi,2007/08,2008
336018,a45a5e8d,mi,2007/08,2008
336018,88fccd6c,mi,2007/08,2008
336018,4e04666c,mi,2007/08,2008
336018,5f4e9e8f,mi,2007/08,2008
336018,96fd40ae,mi,2007/08,2008
336018,d2a989fc,mi,2007/08,2008
336019,508a1ea7,pbks,2007/08,2008
336019,2498e163,pbks,2007/08,2008
336019,1c914163,pbks,2007/08,2008
336019,b63ab531,pbks,2007/08,2008
336019,6b71e6cf,pbks,2007/08,2008
336019,5d096f3d,pbks,2007/08,2008
336019,98ae73b1,pbks,2007/08,2008
336019,5fa06777,pbks,2007/08,2008
336019,034b4b7d,pbks,2007/08,2008
336019,6b8eb6e5,pbks,2007/08,2008
336019,3dba85c2,pbks,2007/08,2008
336019,d84378a4,rr,2007/08,2008
336019,a2870fb7,rr,2007/08,2008
336019,33cb3411,rr,2007/08,2008
336019,4329fbb5,rr,2007/08,2008
336019,3c6ffae8,rr,2007/08,2008
336019,ff077124,rr,2007/08,2008
336019,de8d3876,rr,2007/08,2008
336019,0264c10e,rr,2007/08,2008
336019,e32d22f6,rr,2007/08,2008
336019,3d7e087f,rr,2007/08,2008
336019,f0f628c7,rr,2007/08,2008
336020,2b6e6dec,deccan,2007/08,2008
336020,0dc00542,deccan,2007/08,2008
336020,e1d1b294,deccan,2007/08,2008
336020,740742ef,deccan,2007/08,2008
336020,57efa3be,deccan,2007/08,2008
336020,fe763256,deccan,2007/08,2008
336020,b720a5d6,deccan,2007/08,2008
336020,c3d1402f,deccan,2007/08,2008
336020,6c6591ab,deccan,2007/08,2008
336020,acd4f5dc,deccan,2007/08,2008
336020,4b4d1957,deccan,2007/08,2008
336020,bb345e0b,dc,2007/08,2008
336020,8ba8195d,dc,2007/08,2008
336020,0a476045,dc,2007/08,2008
336020,ab89348d,dc,2007/08,2008
336020,5bdcdb72,dc,2007/08,2008
336020,26e5cabf,dc,2007/08,2008
336020,c03f1114,dc,2007/08,2008
336020,6b19d823,dc,2007/08,2008
336020,33a364a6,dc,2007/08,2008
336020,ee7d0c82,dc,2007/08,2008
336020,e03b66ec,dc,2007/08,2008
336021,4d6d6280,kkr,2007/08,2008
336021,e249fdaa,kkr,2007/08,2008
336021,725529bc,kkr,2007/08,2008
336021,fd835ab3,kkr,2007/08,2008
336021,9ab63e7b,kkr,2007/08,2008
336021,fe11caa6,kkr,2007/08,2008
336021,b1451597,kkr,2007/08,2008
336021,fa463154,kkr,2007/08,2008
336021,10a91f35,kkr,2007/08,2008
336021,5bb1a1c4,kkr,2007/08,2008
336021,66b30f71,kkr,2007/08,2008
336021,f233bbb4,mi,2007/08,2008
336021,d2c2b2d5,mi,2007/08,2008
336021,1c17e270,mi,2007/08,2008
336021,7d3937ed,mi,2007/08,2008
336021,87e562a9,mi,2007/08,2008
336021,a45a5e8d,mi,2007/08,2008
336021,88fccd6c,mi,2007/08,2008
336021,c9d33ef5,mi,2007/08,2008
336021,4e04666c,mi,2007/08,2008
336021,5f4e9e8f,mi,2007/08,2008
336021,96fd40ae,mi,2007/08,2008
336022,bb345e0b,dc,2007/08,2008
336022,8ba8195d,dc,2007/08,2008
336022,0a476045,dc,2007/08,2008
336022,5bdcdb72,dc,2007/08,2008
336022,ab89348d,dc,2007/08,2008
336022,64c34cd0,dc,2007/08,2008
336022,9fc0ef64,dc,2007/08,2008
336022,c03f1114,dc,2007/08,2008
336022,6b19d823,dc,2007/08,2008
336022,33a364a6,dc,2007/08,2008
336022,ee7d0c82,dc,2007/08,2008
336022,508a1ea7,pbks,2007/08,2008
336022,2498e163,pbks,2007/08,2008
336022,1c914163,pbks,2007/08,2008
336022,b63ab531,pbks,2007/08,2008
336022,d18f9182,pbks,2007/08,2008
336022,5fa06777,pbks,2007/08,2008
336022,5d096f3d,pbks,2007/08,2008
336022,98ae73b1,pbks,2007/08,2008
336022,622cc511,pbks,2007/08,2008
336022,6b8eb6e5,pbks,2007/08,2008
336022,034b4b7d,pbks,2007/08,2008
336023,72861603,rr,2007/08,2008
336023,ae091d39,rr,2007/08,2008
336023,4329fbb5,rr,2007/08,2008
336023,3c6ffae8,rr,2007/08,2008
336023,d84378a4,rr,2007/08,2008
336023,fe93fd9d,rr,2007/08,2008
336023,bb18be76,rr,2007/08,2008
336023,64d43928,rr,2007/08,2008
336023,de8d3876,rr,2007/08,2008
336023,3d7e087f,rr,2007/08,2008
336023,f0f628c7,rr,2007/08,2008
336023,f663ef00,rcb,2007/08,2008
336023,ba607b88,rcb,2007/08,2008
336023,7eae4418,rcb,2007/08,2008
336023,86dc8f2e,rcb,2007/08,2008
336023,d0513f63,rcb,2007/08,2008
336023,0184dc35,rcb,2007/08,2008
336023,f48cf4da,rcb,2007/08,2008
336023,e938e1bc,rcb,2007/08,2008
336023,91a4a398,rcb,2007/08,2008
336023,0c2730df,rcb,2007/08,2008
336023,888e32bf,rcb,2007/08,2008
336024,2b6e6dec,deccan,2007/08,2008
336024,0dc00542,deccan,2007/08,2008
336024,740742ef,deccan,2007/08,2008
336024,1be70c88,deccan,2007/08,2008
336024,fe763256,deccan,2007/08,2008
336024,b720a5d6,deccan,2007/08,2008
336024,e0351c86,deccan,2007/08,2008
336024,0ed0cdbf,deccan,2007/08,2008
336024,c3d1402f,deccan,2007/08,2008
336024,6c6591ab,deccan,2007/08,2008
336024,acd4f5dc,deccan,2007/08,2008
336024,f233bbb4,mi,2007/08,2008
336024,d2c2b2d5,mi,2007/08,2008
336024,7d3937ed,mi,2007/08,2008
336024,a45a5e8d,mi,2007/08,2008
336024,1c17e270,mi,2007/08,2008
336024,87e562a9,mi,2007/08,2008
336024,0aadc906,mi,2007/08,2008
336024,4e04666c,mi,2007/08,2008
336024,5f4e9e8f,mi,2007/08,2008
336024,96fd40ae,mi,2007/08,2008
336024,342d8ade,mi,2007/08,2008
336025,b5da6c24,csk,2007/08,2008
336025,eea6b7f1,csk,2007/08,2008
336025,756389bd,csk,2007/08,2008
336025,1dc12ab9,csk,2007/08,2008
336025,3576e47e,csk,2007/08,2008
336025,4a8a2e3b,csk,2007/08,2008
336025,c3d35165,csk,2007/08,2008
336025,ae78bc32,csk,2007/08,2008
336025,b2b50355,csk,2007/08,2008
336025,4ba44e19,csk,2007/08,2008
336025,20a941bb,csk,2007/08,2008
336025,4d6d6280,kkr,2007/08,2008
336025,9ab63e7b,kkr,2007/08,2008
336025,725529bc,kkr,2007/08,2008
336025,7050a1e7,kkr,2007/08,2008
336025,fd835ab3,kkr,2007/08,2008
336025,b1451597,kkr,2007/08,2008
336025,fe11caa6,kkr,2007/08,2008
336025,fa463154,kkr,2007/08,2008
336025,5bb1a1c4,kkr,2007/08,2008
336025,66b30f71,kkr,2007/08,2008
336025,10a91f35,kkr,2007/08,2008
336026,bb345e0b,dc,2007/08,2008
336026,8ba8195d,dc,2007/08,2008
336026,c4487b84,dc,2007/08,2008
336026,5bdcdb72,dc,2007/08,2008
336026,0a476045,dc,2007/08,2008
336026,c03f1114,dc,2007/08,2008
336026,ab89348d,dc,2007/08,2008
336026,33a364a6,dc,2007/08,2008
336026,93a17209,dc,2007/08,2008
336026,9fc0ef64,dc,2007/08,2008
336026,ee7d0c82,dc,2007/08,2008
336026,86dc8f2e,rcb,2007/08,2008
336026,5451a2c1,rcb,2007/08,2008
336026,541f85c9,rcb,2007/08,2008
336026,0184dc35,rcb,2007/08,2008
336026,7eae4418,rcb,2007/08,2008
336026,d0513f63,rcb,2007/08,2008
336026,af7dadf7,rcb,2007/08,2008
336026,e938e1bc,rcb,2007/08,2008
336026,91a4a398,rcb,2007/08,2008
336026,0c2730df,rcb,2007/08,2008
336026,8fd1a8f5,rcb,2007/08,2008
336027,4d6d6280,kkr,2007/08,2008
336027,9ab63e7b,kkr,2007/08,2008
336027,725529bc,kkr,2007/08,2008
336027,fd835ab3,kkr,2007/08,2008
336027,7050a1e7,kkr,2007/08,2008
336027,b1451597,kkr,2007/08,2008
336027,fe11caa6,kkr,2007/08,2008
336027,fa463154,kkr,2007/08,2008
336027,16dfcc19,kkr,2007/08,2008
336027,5bb1a1c4,kkr,2007/08,2008
336027,66b30f71,kkr,2007/08,2008
336027,72861603,rr,2007/08,2008
336027,ae091d39,rr,2007/08,2008
336027,64d43928,rr,2007/08,2008
336027,d84378a4,rr,2007/08,2008
336027,4329fbb5,rr,2007/08,2008
336027,3c6ffae8,rr,2007/08,2008
336027,fe93fd9d,rr,2007/08,2008
336027,bb18be76,rr,2007/08,2008
336027,de8d3876,rr,2007/08,2008
336027,3d7e087f,rr,2007/08,2008
336027,f0f628c7,rr,2007/08,2008
336028,508a1ea7,pbks,2007/08,2008
336028,2498e163,pbks,2007/08,2008
336028,b63ab531,pbks,2007/08,2008
336028,1c914163,pbks,2007/08,2008
336028,d18f9182,pbks,2007/08,2008
336028,5fa06777,pbks,2007/08,2008
336028,a76d10ba,pbks,2007/08,2008
336028,98ae73b1,pbks,2007/08,2008
336028,622cc511,pbks,2007/08,2008
336028,6b8eb6e5,pbks,2007/08,2008
336028,034b4b7d,pbks,2007/08,2008
336028,f233bbb4,mi,2007/08,2008
336028,d2c2b2d5,mi,2007/08,2008
336028,35205dfc,mi,2007/08,2008
336028,a45a5e8d,mi,2007/08,2008
336028,1c17e270,mi,2007/08,2008
336028,88fccd6c,mi,2007/08,2008
336028,0aadc906,mi,2007/08,2008
336028,facb9086,mi,2007/08,2008
336028,342d8ade,mi,2007/08,2008
336028,96fd40ae,mi,2007/08,2008
336028,38f2c66c,mi,2007/08,2008
336029,b5da6c24,csk,2007/08,2008
336029,eea6b7f1,csk,2007/08,2008
336029,4a8a2e3b,csk,2007/08,2008
336029,1dc12ab9,csk,2007/08,2008
336029,3576e47e,csk,2007/08,2008
336029,c3d35165,csk,2007/08,2008
336029,756389bd,csk,2007/08,2008
336029,ae78bc32,csk,2007/08,2008
336029,b2b50355,csk,2007/08,2008
336029,20a941bb,csk,2007/08,2008
336029,4ba44e19,csk,2007/08,2008
336029,86dc8f2e,rcb,2007/08,2008
336029,541f85c9,rcb,2007/08,2008
336029,ba607b88,rcb,2007/08,2008
336029,0184dc35,rcb,2007/08,2008
336029,7eae4418,rcb,2007/08,2008
336029,f3cb53a1,rcb,2007/08,2008
336029,af7dadf7,rcb,2007/08,2008
336029,e938e1bc,rcb,2007/08,2008
336029,41eb4a4f,rcb,2007/08,2008
336029,0c2730df,rcb,2007/08,2008
336029,8fd1a8f5,rcb,2007/08,2008
336031,2b6e6dec,deccan,2007/08,2008
336031,e1d1b294,deccan,2007/08,2008
336031,740742ef,deccan,2007/08,2008
336031,fe763256,deccan,2007/08,2008
336031,1be70c88,deccan,2007/08,2008
336031,57efa3be,deccan,2007/08,2008
336031,b720a5d6,deccan,2007/08,2008
336031,0604ef16,deccan,2007/08,2008
336031,c3d1402f,deccan,2007/08,2008
336031,6c6591ab,deccan,2007/08,2008
336031,acd4f5dc,deccan,2007/08,2008
336031,508a1ea7,pbks,2007/08,2008
336031,6b71e6cf,pbks,2007/08,2008
336031,1c914163,pbks,2007/08,2008
336031,b63ab531,pbks,2007/08,2008
336031,d18f9182,pbks,2007/08,2008
336031,98ae73b1,pbks,2007/08,2008
336031,a76d10ba,pbks,2007/08,2008
336031,5d096f3d,pbks,2007/08,2008
336031,890de8cb,pbks,2007/08,2008
336031,034b4b7d,pbks,2007/08,2008
336031,6b8eb6e5,pbks,2007/08,2008
336032,bb345e0b,dc,2007/08,2008
336032,8ba8195d,dc,2007/08,2008
336032,0a476045,dc,2007/08,2008
336032,26e5cabf,dc,2007/08,2008
336032,5bdcdb72,dc,2007/08,2008
336032,c03f1114,dc,2007/08,2008
336032,ab89348d,dc,2007/08,2008
336032,50758325,dc,2007/08,2008
336032,93a17209,dc,2007/08,2008
336032,6b19d823,dc,2007/08,2008
336032,ee7d0c82,dc,2007/08,2008
336032,f233bbb4,mi,2007/08,2008
336032,d2c2b2d5,mi,2007/08,2008
336032,35205dfc,mi,2007/08,2008
336032,1c17e270,mi,2007/08,2008
336032,a45a5e8d,mi,2007/08,2008
336032,88fccd6c,mi,2007/08,2008
336032,facb9086,mi,2007/08,2008
336032,0aadc906,mi,2007/08,2008
336032,2503e881,mi,2007/08,2008
336032,d2a989fc,mi,2007/08,2008
336032,96fd40ae,mi,2007/08,2008
336033,b5da6c24,csk,2007/08,2008
336033,eea6b7f1,csk,2007/08,2008
336033,1dc12ab9,csk,2007/08,2008
336033,c3d35165,csk,2007/08,2008
336033,4a8a2e3b,csk,2007/08,2008
336033,3576e47e,csk,2007/08,2008
336033,ae78bc32,csk,2007/08,2008
336033,6165bca6,csk,2007/08,2008
336033,b2b50355,csk,2007/08,2008
336033,4ba44e19,csk,2007/08,2008
336033,20a941bb,csk,2007/08,2008
336033,72861603,rr,2007/08,2008
336033,ae091d39,rr,2007/08,2008
336033,ff077124,rr,2007/08,2008
336033,3c6ffae8,rr,2007/08,2008
336033,d84378a4,rr,2007/08,2008
336033,40caa465,rr,2007/08,2008
336033,0264c10e,rr,2007/08,2008
336033,bb18be76,rr,2007/08,2008
336033,64d43928,rr,2007/08,2008
336033,e32d22f6,rr,2007/08,2008
336033,f0f628c7,rr,2007/08,2008
336034,2b6e6dec,deccan,2007/08,2008
336034,de8cce37,deccan,2007/08,2008
336034,e1d1b294,deccan,2007/08,2008
336034,740742ef,deccan,2007/08,2008
336034,0dc00542,deccan,2007/08,2008
336034,57efa3be,deccan,2007/08,2008
336034,b9be6507,deccan,2007/08,2008
336034,0604ef16,deccan,2007/08,2008
336034,c3d1402f,deccan,2007/08,2008
336034,acd4f5dc,deccan,2007/08,2008
336034,6c6591ab,deccan,2007/08,2008
336034,5451a2c1,rcb,2007/08,2008
336034,619aa81f,rcb,2007/08,2008
336034,ba607b88,rcb,2007/08,2008
336034,86dc8f2e,rcb,2007/08,2008
336034,7eae4418,rcb,2007/08,2008
336034,0184dc35,rcb,2007/08,2008
336034,f3cb53a1,rcb,2007/08,2008
336034,e938e1bc,rcb,2007/08,2008
336034,91a4a398,rcb,2007/08,2008
336034,8fd1a8f5,rcb,2007/08,2008
336034,0c2730df,rcb,2007/08,2008
336035,508a1ea7,pbks,2007/08,2008
336035,2498e163,pbks,2007/08,2008
336035,6b71e6cf,pbks,2007/08,2008
336035,1c914163,pbks,2007/08,2008
336035,d18f9182,pbks,2007/08,2008
336035,5fa06777,pbks,2007/08,2008
336035,98ae73b1,pbks,2007/08,2008
336035,a76d10ba,pbks,2007/08,2008
336035,5d096f3d,pbks,2007/08,2008
336035,034b4b7d,pbks,2007/08,2008
336035,6b8eb6e5,pbks,2007/08,2008
336035,4d6d6280,kkr,2007/08,2008
336035,725529bc,kkr,2007/08,2008
336035,7050a1e7,kkr,2007/08,2008
336035,fd835ab3,kkr,2007/08,2008
336035,b1451597,kkr,2007/08,2008
336035,fe11caa6,kkr,2007/08,2008
336035,e249fdaa,kkr,2007/08,2008
336035,16dfcc19,kkr,2007/08,2008
336035,5bb1a1c4,kkr,2007/08,2008
336035,ea0cdc12,kkr,2007/08,2008
336035,66b30f71,kkr,2007/08,2008
336036,f233bbb4,mi,2007/08,2008
336036,d2c2b2d5,mi,2007/08,2008
336036,a45a5e8d,mi,2007/08,2008
336036,1c17e270,mi,2007/08,2008
336036,35205dfc,mi,2007/08,2008
336036,88fccd6c,mi,2007/08,2008
336036,93b4fc78,mi,2007/08,2008
336036,4e04666c,mi,2007/08,2008
336036,5f4e9e8f,mi,2007/08,2008
336036,342d8ade,mi,2007/08,2008
336036,96fd40ae,mi,2007/08,2008
336036,ff077124,rr,2007/08,2008
336036,ae091d39,rr,2007/08,2008
336036,3c6ffae8,rr,2007/08,2008
336036,4329fbb5,rr,2007/08,2008
336036,d84378a4,rr,2007/08,2008
336036,fe93fd9d,rr,2007/08,2008
336036,a2870fb7,rr,2007/08,2008
336036,bb18be76,rr,2007/08,2008
336036,64d43928,rr,2007/08,2008
336036,3d7e087f,rr,2007/08,2008
336036,e32d22f6,rr,2007/08,2008
336037,b5da6c24,csk,2007/08,2008
336037,eea6b7f1,csk,2007/08,2008
336037,1dc12ab9,csk,2007/08,2008
336037,4a8a2e3b,csk,2007/08,2008
336037,c3d35165,csk,2007/08,2008
336037,3576e47e,csk,2007/08,2008
336037,6165bca6,csk,2007/08,2008
336037,20a941bb,csk,2007/08,2008
336037,4ba44e19,csk,2007/08,2008
336037,ae78bc32,csk,2007/08,2008
336037,b2b50355,csk,2007/08,2008
336037,2b6e6dec,deccan,2007/08,2008
336037,e1d1b294,deccan,2007/08,2008
336037,57efa3be,deccan,2007/08,2008
336037,fe763256,deccan,2007/08,2008
336037,b720a5d6,deccan,2007/08,2008
336037,0dc00542,deccan,2007/08,2008
336037,b9be6507,deccan,2007/08,2008
336037,c3d1402f,deccan,2007/08,2008
336037,6c6591ab,deccan,2007/08,2008
336037,4b4d1957,deccan,2007/08,2008
336037,acd4f5dc,deccan,2007/08,2008
336038,bb345e0b,dc,2007/08,2008
336038,8ba8195d,dc,2007/08,2008
336038,0a476045,dc,2007/08,2008
336038,26e5cabf,dc,2007/08,2008
336038,5bdcdb72,dc,2007/08,2008
336038,c03f1114,dc,2007/08,2008
336038,ab89348d,dc,2007/08,2008
336038,6b19d823,dc,2007/08,2008
336038,93a17209,dc,2007/08,2008
336038,e03b66ec,dc,2007/08,2008
336038,ee7d0c82,dc,2007/08,2008
336038,72861603,rr,2007/08,2008
336038,ae091d39,rr,2007/08,2008
336038,64d43928,rr,2007/08,2008
336038,4329fbb5,rr,2007/08,2008
336038,d84378a4,rr,2007/08,2008
336038,3c6ffae8,rr,2007/08,2008
336038,fe93fd9d,rr,2007/08,2008
336038,bb18be76,rr,2007/08,2008
336038,de8d3876,rr,2007/08,2008
336038,f0f628c7,rr,2007/08,2008
336038,3d7e087f,rr,2007/08,2008
336039,b5da6c24,csk,2007/08,2008
336039,756389bd,csk,2007/08,2008
336039,1dc12ab9,csk,2007/08,2008
336039,4a8a2e3b,csk,2007/08,2008
336039,cfad138c,csk,2007/08,2008
336039,3576e47e,csk,2007/08,2008
336039,c3d35165,csk,2007/08,2008
336039,ae78bc32,csk,2007/08,2008
336039,b2b50355,csk,2007/08,2008
336039,4ba44e19,csk,2007/08,2008
336039,20a941bb,csk,2007/08,2008
336039,508a1ea7,pbks,2007/08,2008
336039,2498e163,pbks,2007/08,2008
336039,6b71e6cf,pbks,2007/08,2008
336039,1c914163,pbks,2007/08,2008
336039,d18f9182,pbks,2007/08,2008
336039,5fa06777,pbks,2007/08,2008
336039,3dba85c2,pbks,2007/08,2008
336039,98ae73b1,pbks,2007/08,2008
336039,5d096f3d,pbks,2007/08,2008
336039,6b8eb6e5,pbks,2007/08,2008
336039,034b4b7d,pbks,2007/08,2008
336040,b5da6c24,csk,2007/08,2008
336040,756389bd,csk,2007/08,2008
336040,1dc12ab9,csk,2007/08,2008
336040,c3d35165,csk,2007/08,2008
336040,4a8a2e3b,csk,2007/08,2008
336040,cfad138c,csk,2007/08,2008
336040,3576e47e,csk,2007/08,2008
336040,ae78bc32,csk,2007/08,2008
336040,b2b50355,csk,2007/08,2008
336040,4ba44e19,csk,2007/08,2008
336040,20a941bb,csk,2007/08,2008
336040,a2870fb7,rr,2007/08,2008
336040,ae091d39,rr,2007/08,2008
336040,ff077124,rr,2007/08,2008
336040,4329fbb5,rr,2007/08,2008
336040,3c6ffae8,rr,2007/08,2008
336040,d84378a4,rr,2007/08,2008
336040,fe93fd9d,rr,2007/08,2008
336040,bb18be76,rr,2007/08,2008
336040,64d43928,rr,2007/08,2008
336040,3d7e087f,rr,2007/08,2008
336040,f0f628c7,rr,2007/08,2008
392181,b5da6c24,csk,2009,2009
392181,d8699ab7,csk,2009,2009
392181,1dc12ab9,csk,2009,2009
392181,ddc0828d,csk,2009,2009
392181,4a8a2e3b,csk,2009,2009
392181,3eac9d95,csk,2009,2009
392181,3576e47e,csk,2009,2009
392181,9f961c14,csk,2009,2009
392181,b2ae53f5,csk,2009,2009
392181,ae78bc32,csk,2009,2009
392181,495d42a5,csk,2009,2009
392181,f233bbb4,mi,2009,2009
392181,d2c2b2d5,mi,2009,2009
392181,0a476045,mi,2009,2009
392181,2e8994e7,mi,2009,2009
392181,87e562a9,mi,2009,2009
392181,a45a5e8d,mi,2009,2009
392181,8b5b6769,mi,2009,2009
392181,91a4a398,mi,2009,2009
392181,0aadc906,mi,2009,2009
392181,a12e1d51,mi,2009,2009
392181,5f4e9e8f,mi,2009,2009
392182,72861603,rr,2009,2009
392182,ae091d39,rr,2009,2009
392182,a2870fb7,rr,2009,2009
392182,0a4ebc61,rr,2009,2009
392182,3c6ffae8,rr,2009,2009
392182,3edb58fc,rr,2009,2009
392182,fe93fd9d,rr,2009,2009
392182,bb18be76,rr,2009,2009
392182,de8d3876,rr,2009,2009
392182,f0f628c7,rr,2009,2009
392182,6ef60d3a,rr,2009,2009
392182,91ffa6c6,rcb,2009,2009
392182,1c17e270,rcb,2009,2009
392182,b61a3e1a,rcb,2009,2009
392182,39f01cdb,rcb,2009,2009
392182,0184dc35,rcb,2009,2009
392182,ba607b88,rcb,2009,2009
392182,af7dadf7,rcb,2009,2009
392182,e938e1bc,rcb,2009,2009
392182,41eb4a4f,rcb,2009,2009
392182,8fd1a8f5,rcb,2009,2009
392182,0c2730df,rcb,2009,2009
392183,bb345e0b,dc,2009,2009
392183,8ba8195d,dc,2009,2009
392183,5bdcdb72,dc,2009,2009
392183,c4487b84,dc,2009,2009
392183,26e5cabf,dc,2009,2009
392183,c03f1114,dc,2009,2009
392183,c404f58a,dc,2009,2009
392183,d7c6af50,dc,2009,2009
392183,93a17209,dc,2009,2009
392183,260fd380,dc,2009,2009
392183,9fc0ef64,dc,2009,2009
392183,7ca5e05d,pbks,2009,2009
392183,a1f1829d,pbks,2009,2009
392183,1c914163,pbks,2009,2009
392183,6b71e6cf,pbks,2009,2009
392183,d18f9182,pbks,2009,2009
392183,5fa06777,pbks,2009,2009
392183,98ae73b1,pbks,2009,2009
392183,40caa465,pbks,2009,2009
392183,5f26df4f,pbks,2009,2009
392183,034b4b7d,pbks,2009,2009
392183,4353bba5,pbks,2009,2009
392184,2b6e6dec,deccan,2009,2009
392184,e1d1b294,deccan,2009,2009
392184,de8cce37,deccan,2009,2009
392184,740742ef,deccan,2009,2009
392184,57efa3be,deccan,2009,2009
392184,fe763256,deccan,2009,2009
392184,2a72fd4f,deccan,2009,2009
392184,6c6591ab,deccan,2009,2009
392184,c3d1402f,deccan,2009,2009
392184,b720a5d6,deccan,2009,2009
392184,a7c226e1,deccan,2009,2009
392184,b8a55852,kkr,2009,2009
392184,db584dad,kkr,2009,2009
392184,725529bc,kkr,2009,2009
392184,b57f8a9a,kkr,2009,2009
392184,e249fdaa,kkr,2009,2009
392184,b1451597,kkr,2009,2009
392184,32198ae0,kkr,2009,2009
392184,fa463154,kkr,2009,2009
392184,abfeb126,kkr,2009,2009
392184,5bb1a1c4,kkr,2009,2009
392184,66b30f71,kkr,2009,2009
392185,b5da6c24,csk,2009,2009
392185,d8699ab7,csk,2009,2009
392185,1dc12ab9,csk,2009,2009
392185,4a8a2e3b,csk,2009,2009
392185,ddc0828d,csk,2009,2009
392185,c3d35165,csk,2009,2009
392185,3576e47e,csk,2009,2009
392185,9f961c14,csk,2009,2009
392185,b2b50355,csk,2009,2009
392185,ae78bc32,csk,2009,2009
392185,4ba44e19,csk,2009,2009
392185,e938e1bc,rcb,2009,2009
392185,1c17e270,rcb,2009,2009
392185,86dc8f2e,rcb,2009,2009
392185,b61a3e1a,rcb,2009,2009
392185,39f01cdb,rcb,2009,2009
392185,0184dc35,rcb,2009,2009
392185,ba607b88,rcb,2009,2009
392185,4d5a1617,rcb,2009,2009
392185,41eb4a4f,rcb,2009,2009
392185,8fd1a8f5,rcb,2009,2009
392185,0c2730df,rcb,2009,2009
392186,7ca5e05d,pbks,2009,2009
392186,a1f1829d,pbks,2009,2009
392186,5fa06777,pbks,2009,2009
392186,6b71e6cf,pbks,2009,2009
392186,1c914163,pbks,2009,2009
392186,d18f9182,pbks,2009,2009
392186,40caa465,pbks,2009,2009
392186,98ae73b1,pbks,2009,2009
392186,5f26df4f,pbks,2009,2009
392186,034b4b7d,pbks,2009,2009
392186,4353bba5,pbks,2009,2009
392186,b8a55852,kkr,2009,2009
392186,db584dad,kkr,2009,2009
392186,b57f8a9a,kkr,2009,2009
392186,725529bc,kkr,2009,2009
392186,297b26da,kkr,2009,2009
392186,e249fdaa,kkr,2009,2009
392186,32198ae0,kkr,2009,2009
392186,b1451597,kkr,2009,2009
392186,5bb1a1c4,kkr,2009,2009
392186,abfeb126,kkr,2009,2009
392186,66b30f71,kkr,2009,2009
392188,2b6e6dec,deccan,2009,2009
392188,e1d1b294,deccan,2009,2009
392188,de8cce37,deccan,2009,2009
392188,740742ef,deccan,2009,2009
392188,57efa3be,deccan,2009,2009
392188,fe763256,deccan,2009,2009
392188,b720a5d6,deccan,2009,2009
392188,a7c226e1,deccan,2009,2009
392188,2a72fd4f,deccan,2009,2009
392188,6c6591ab,deccan,2009,2009
392188,c3d1402f,deccan,2009,2009
392188,91ffa6c6,rcb,2009,2009
392188,1c17e270,rcb,2009,2009
392188,86dc8f2e,rcb,2009,2009
392188,39f01cdb,rcb,2009,2009
392188,0184dc35,rcb,2009,2009
392188,ba607b88,rcb,2009,2009
392188,4d5a1617,rcb,2009,2009
392188,119678fd,rcb,2009,2009
392188,e938e1bc,rcb,2009,2009
392188,0c2730df,rcb,2009,2009
392188,8fd1a8f5,rcb,2009,2009
392189,b5da6c24,csk,2009,2009
392189,d8699ab7,csk,2009,2009
392189,1dc12ab9,csk,2009,2009
392189,4a8a2e3b,csk,2009,2009
392189,ddc0828d,csk,2009,2009
392189,c3d35165,csk,2009,2009
392189,3576e47e,csk,2009,2009
392189,ae78bc32,csk,2009,2009
392189,9f961c14,csk,2009,2009
392189,b2b50355,csk,2009,2009
392189,4ba44e19,csk,2009,2009
392189,bb345e0b,dc,2009,2009
392189,8ba8195d,dc,2009,2009
392189,c4487b84,dc,2009,2009
392189,5bdcdb72,dc,2009,2009
392189,c03f1114,dc,2009,2009
392189,26e5cabf,dc,2009,2009
392189,d7c6af50,dc,2009,2009
392189,c404f58a,dc,2009,2009
392189,260fd380,dc,2009,2009
392189,9fc0ef64,dc,2009,2009
392189,96fd40ae,dc,2009,2009
392190,db584dad,kkr,2009,2009
392190,b8a55852,kkr,2009,2009
392190,b1451597,kkr,2009,2009
392190,b57f8a9a,kkr,2009,2009
392190,725529bc,kkr,2009,2009
392190,0604ef16,kkr,2009,2009
392190,297b26da,kkr,2009,2009
392190,fa463154,kkr,2009,2009
392190,5bb1a1c4,kkr,2009,2009
392190,ea0cdc12,kkr,2009,2009
392190,69be866a,kkr,2009,2009
392190,72861603,rr,2009,2009
392190,25eeb281,rr,2009,2009
392190,23ac69e6,rr,2009,2009
392190,3c6ffae8,rr,2009,2009
392190,fe93fd9d,rr,2009,2009
392190,3edb58fc,rr,2009,2009
392190,c69a7b5c,rr,2009,2009
392190,bb18be76,rr,2009,2009
392190,de8d3876,rr,2009,2009
392190,f0f628c7,rr,2009,2009
392190,6ef60d3a,rr,2009,2009
392191,7ca5e05d,pbks,2009,2009
392191,a1f1829d,pbks,2009,2009
392191,6b71e6cf,pbks,2009,2009
392191,1c914163,pbks,2009,2009
392191,d18f9182,pbks,2009,2009
392191,5fa06777,pbks,2009,2009
392191,3dba85c2,pbks,2009,2009
392191,98ae73b1,pbks,2009,2009
392191,034b4b7d,pbks,2009,2009
392191,21ac077a,pbks,2009,2009
392191,4353bba5,pbks,2009,2009
392191,91ffa6c6,rcb,2009,2009
392191,1c17e270,rcb,2009,2009
392191,86dc8f2e,rcb,2009,2009
392191,39f01cdb,rcb,2009,2009
392191,0184dc35,rcb,2009,2009
392191,b61a3e1a,rcb,2009,2009
392191,ba607b88,rcb,2009,2009
392191,e938e1bc,rcb,2009,2009
392191,41eb4a4f,rcb,2009,2009
392191,e32d22f6,rcb,2009,2009
392191,0c2730df,rcb,2009,2009
392192,2b6e6dec,deccan,2009,2009
392192,e1d1b294,deccan,2009,2009
392192,35205dfc,deccan,2009,2009
392192,740742ef,deccan,2009,2009
392192,de8cce37,deccan,2009,2009
392192,fe763256,deccan,2009,2009
392192,b720a5d6,deccan,2009,2009
392192,c3d1402f,deccan,2009,2009
392192,a7c226e1,deccan,2009,2009
392192,6c6591ab,deccan,2009,2009
392192,2a72fd4f,deccan,2009,2009
392192,f233bbb4,mi,2009,2009
392192,d2c2b2d5,mi,2009,2009
392192,2e8994e7,mi,2009,2009
392192,0a476045,mi,2009,2009
392192,87e562a9,mi,2009,2009
392192,a45a5e8d,mi,2009,2009
392192,8b5b6769,mi,2009,2009
392192,91a4a398,mi,2009,2009
392192,0aadc906,mi,2009,2009
392192,a12e1d51,mi,2009,2009
392192,d2a989fc,mi,2009,2009
392194,bb345e0b,dc,2009,2009
392194,8ba8195d,dc,2009,2009
392194,5bdcdb72,dc,2009,2009
392194,c4487b84,dc,2009,2009
392194,c03f1114,dc,2009,2009
392194,c42aaf71,dc,2009,2009
392194,6b19d823,dc,2009,2009
392194,d7c6af50,dc,2009,2009
392194,c404f58a,dc,2009,2009
392194,9fc0ef64,dc,2009,2009
392194,96fd40ae,dc,2009,2009
392194,86dc8f2e,rcb,2009,2009
392194,1c17e270,rcb,2009,2009
392194,39f01cdb,rcb,2009,2009
392194,b61a3e1a,rcb,2009,2009
392194,ba607b88,rcb,2009,2009
392194,f3cb53a1,rcb,2009,2009
392194,af7dadf7,rcb,2009,2009
392194,41eb4a4f,rcb,2009,2009
392194,e32d22f6,rcb,2009,2009
392194,0c2730df,rcb,2009,2009
392194,d92e42f5,rcb,2009,2009
392195,7ca5e05d,pbks,2009,2009
392195,a1f1829d,pbks,2009,2009
392195,6b71e6cf,pbks,2009,2009
392195,1c914163,pbks,2009,2009
392195,d18f9182,pbks,2009,2009
392195,5fa06777,pbks,2009,2009
392195,98ae73b1,pbks,2009,2009
392195,3dba85c2,pbks,2009,2009
392195,5d096f3d,pbks,2009,2009
392195,034b4b7d,pbks,2009,2009
392195,4353bba5,pbks,2009,2009
392195,ae091d39,rr,2009,2009
392195,72861603,rr,2009,2009
392195,23ac69e6,rr,2009,2009
392195,3c6ffae8,rr,2009,2009
392195,3edb58fc,rr,2009,2009
392195,fe93fd9d,rr,2009,2009
392195,c69a7b5c,rr,2009,2009
392195,bb18be76,rr,2009,2009
392195,de8d3876,rr,2009,2009
392195,f0f628c7,rr,2009,2009
392195,6ef60d3a,rr,2009,2009
392196,b5da6c24,csk,2009,2009
392196,d8699ab7,csk,2009,2009
392196,1dc12ab9,csk,2009,2009
392196,4a8a2e3b,csk,2009,2009
392196,3eac9d95,csk,2009,2009
392196,c3d35165,csk,2009,2009
392196,3576e47e,csk,2009,2009
392196,ae78bc32,csk,2009,2009
392196,9f961c14,csk,2009,2009
392196,b2b50355,csk,2009,2009
392196,4ba44e19,csk,2009,2009
392196,2b6e6dec,deccan,2009,2009
392196,e1d1b294,deccan,2009,2009
392196,de8cce37,deccan,2009,2009
392196,740742ef,deccan,2009,2009
392196,35205dfc,deccan,2009,2009
392196,bff458c6,deccan,2009,2009
392196,fe763256,deccan,2009,2009
392196,6c6591ab,deccan,2009,2009
392196,c3d1402f,deccan,2009,2009
392196,a7c226e1,deccan,2009,2009
392196,8a668774,deccan,2009,2009
392197,b8a55852,kkr,2009,2009
392197,db584dad,kkr,2009,2009
392197,b57f8a9a,kkr,2009,2009
392197,725529bc,kkr,2009,2009
392197,297b26da,kkr,2009,2009
392197,7023d182,kkr,2009,2009
392197,b1451597,kkr,2009,2009
392197,5bb1a1c4,kkr,2009,2009
392197,ea0cdc12,kkr,2009,2009
392197,66b30f71,kkr,2009,2009
392197,69be866a,kkr,2009,2009
392197,f233bbb4,mi,2009,2009
392197,d2c2b2d5,mi,2009,2009
392197,8b5b6769,mi,2009,2009
392197,2e8994e7,mi,2009,2009
392197,a45a5e8d,mi,2009,2009
392197,87e562a9,mi,2009,2009
392197,0a476045,mi,2009,2009
392197,709b0bac,mi,2009,2009
392197,0aadc906,mi,2009,2009
392197,91a4a398,mi,2009,2009
392197,a12e1d51,mi,2009,2009
392198,bb345e0b,dc,2009,2009
392198,8ba8195d,dc,2009,2009
392198,c4487b84,dc,2009,2009
392198,5bdcdb72,dc,2009,2009
392198,c03f1114,dc,2009,2009
392198,d7c6af50,dc,2009,2009
392198,c42aaf71,dc,2009,2009
392198,6b19d823,dc,2009,2009
392198,9fc0ef64,dc,2009,2009
392198,96fd40ae,dc,2009,2009
392198,c404f58a,dc,2009,2009
392198,23ac69e6,rr,2009,2009
392198,72861603,rr,2009,2009
392198,ae091d39,rr,2009,2009
392198,25eeb281,rr,2009,2009
392198,fe93fd9d,rr,2009,2009
392198,bb18be76,rr,2009,2009
392198,3c6ffae8,rr,2009,2009
392198,3edb58fc,rr,2009,2009
392198,de8d3876,rr,2009,2009
392198,f0f628c7,rr,2009,2009
392198,6ef60d3a,rr,2009,2009
392199,b8a55852,kkr,2009,2009
392199,db584dad,kkr,2009,2009
392199,b57f8a9a,kkr,2009,2009
392199,725529bc,kkr,2009,2009
392199,710dd98c,kkr,2009,2009
392199,fe11caa6,kkr,2009,2009
392199,b1451597,kkr,2009,2009
392199,fa463154,kkr,2009,2009
392199,abfeb126,kkr,2009,2009
392199,5bb1a1c4,kkr,2009,2009
392199,66b30f71,kkr,2009,2009
392199,86dc8f2e,rcb,2009,2009
392199,541f85c9,rcb,2009,2009
392199,39f01cdb,rcb,2009,2009
392199,ba607b88,rcb,2009,2009
392199,f3cb53a1,rcb,2009,2009
392199,05c2ca46,rcb,2009,2009
392199,93b4fc78,rcb,2009,2009
392199,e938e1bc,rcb,2009,2009
392199,e32d22f6,rcb,2009,2009
392199,0c2730df,rcb,2009,2009
392199,d92e42f5,rcb,2009,2009
392200,7ca5e05d,pbks,2009,2009
392200,a1f1829d,pbks,2009,2009
392200,6b71e6cf,pbks,2009,2009
392200,1c914163,pbks,2009,2009
392200,d18f9182,pbks,2009,2009
392200,5fa06777,pbks,2009,2009
392200,3dba85c2,pbks,2009,2009
392200,98ae73b1,pbks,2009,2009
392200,5d096f3d,pbks,2009,2009
392200,5f26df4f,pbks,2009,2009
392200,4353bba5,pbks,2009,2009
392200,f233bbb4,mi,2009,2009
392200,d2c2b2d5,mi,2009,2009
392200,0a476045,mi,2009,2009
392200,2e8994e7,mi,2009,2009
392200,87e562a9,mi,2009,2009
392200,a45a5e8d,mi,2009,2009
392200,8b5b6769,mi,2009,2009
392200,709b0bac,mi,2009,2009
392200,91a4a398,mi,2009,2009
392200,0aadc906,mi,2009,2009
392200,a12e1d51,mi,2009,2009
392201,2b6e6dec,deccan,2009,2009
392201,e1d1b294,deccan,2009,2009
392201,bff458c6,deccan,2009,2009
392201,740742ef,deccan,2009,2009
392201,aaa1b522,deccan,2009,2009
392201,35205dfc,deccan,2009,2009
392201,fe763256,deccan,2009,2009
392201,8a668774,deccan,2009,2009
392201,c3d1402f,deccan,2009,2009
392201,6c6591ab,deccan,2009,2009
392201,a7c226e1,deccan,2009,2009
392201,bb345e0b,dc,2009,2009
392201,8ba8195d,dc,2009,2009
392201,c4487b84,dc,2009,2009
392201,5bdcdb72,dc,2009,2009
392201,c03f1114,dc,2009,2009
392201,c42aaf71,dc,2009,2009
392201,d7c6af50,dc,2009,2009
392201,6b19d823,dc,2009,2009
392201,9fc0ef64,dc,2009,2009
392201,96fd40ae,dc,2009,2009
392201,c404f58a,dc,2009,2009
392202,b5da6c24,csk,2009,2009
392202,d8699ab7,csk,2009,2009
392202,1dc12ab9,csk,2009,2009
392202,3576e47e,csk,2009,2009
392202,3eac9d95,csk,2009,2009
392202,4a8a2e3b,csk,2009,2009
392202,c3d35165,csk,2009,2009
392202,c24a2c5d,csk,2009,2009
392202,c8179c68,csk,2009,2009
392202,b2b50355,csk,2009,2009
392202,4ba44e19,csk,2009,2009
392202,23ac69e6,rr,2009,2009
392202,72861603,rr,2009,2009
392202,ae091d39,rr,2009,2009
392202,fe93fd9d,rr,2009,2009
392202,3c6ffae8,rr,2009,2009
392202,3edb58fc,rr,2009,2009
392202,bb18be76,rr,2009,2009
392202,de8d3876,rr,2009,2009
392202,f0f628c7,rr,2009,2009
392202,3d7e087f,rr,2009,2009
392202,6ef60d3a,rr,2009,2009
392203,db584dad,kkr,2009,2009
392203,725529bc,kkr,2009,2009
392203,b57f8a9a,kkr,2009,2009
392203,710dd98c,kkr,2009,2009
392203,b1451597,kkr,2009,2009
392203,b8a55852,kkr,2009,2009
392203,fe11caa6,kkr,2009,2009
392203,fa463154,kkr,2009,2009
392203,abfeb126,kkr,2009,2009
392203,5bb1a1c4,kkr,2009,2009
392203,66b30f71,kkr,2009,2009
392203,f233bbb4,mi,2009,2009
392203,d2c2b2d5,mi,2009,2009
392203,8b5b6769,mi,2009,2009
392203,a45a5e8d,mi,2009,2009
392203,2e8994e7,mi,2009,2009
392203,611926bc,mi,2009,2009
392203,29e95537,mi,2009,2009
392203,91a4a398,mi,2009,2009
392203,709b0bac,mi,2009,2009
392203,0aadc906,mi,2009,2009
392203,a12e1d51,mi,2009,2009
392204,1c914163,pbks,2009,2009
392204,a1f1829d,pbks,2009,2009
392204,fdedb37c,pbks,2009,2009
392204,6b71e6cf,pbks,2009,2009
392204,d18f9182,pbks,2009,2009
392204,5fa06777,pbks,2009,2009
392204,98ae73b1,pbks,2009,2009
392204,5d096f3d,pbks,2009,2009
392204,a76d10ba,pbks,2009,2009
392204,5f26df4f,pbks,2009,2009
392204,4353bba5,pbks,2009,2009
392204,91ffa6c6,rcb,2009,2009
392204,541f85c9,rcb,2009,2009
392204,4d5a1617,rcb,2009,2009
392204,86dc8f2e,rcb,2009,2009
392204,1c17e270,rcb,2009,2009
392204,ba607b88,rcb,2009,2009
392204,f3cb53a1,rcb,2009,2009
392204,05c2ca46,rcb,2009,2009
392204,e938e1bc,rcb,2009,2009
392204,0c2730df,rcb,2009,2009
392204,d92e42f5,rcb,2009,2009
392205,e1d1b294,deccan,2009,2009
392205,2b6e6dec,deccan,2009,2009
392205,bff458c6,deccan,2009,2009
392205,740742ef,deccan,2009,2009
392205,aaa1b522,deccan,2009,2009
392205,35205dfc,deccan,2009,2009
392205,fe763256,deccan,2009,2009
392205,8a668774,deccan,2009,2009
392205,6c6591ab,deccan,2009,2009
392205,c3d1402f,deccan,2009,2009
392205,a7c226e1,deccan,2009,2009
392205,72861603,rr,2009,2009
392205,ae091d39,rr,2009,2009
392205,d872f52a,rr,2009,2009
392205,890946a0,rr,2009,2009
392205,fe93fd9d,rr,2009,2009
392205,bb18be76,rr,2009,2009
392205,c69a7b5c,rr,2009,2009
392205,3c6ffae8,rr,2009,2009
392205,63bff7f9,rr,2009,2009
392205,3d7e087f,rr,2009,2009
392205,f0f628c7,rr,2009,2009
392206,4b57e452,csk,2009,2009
392206,d8699ab7,csk,2009,2009
392206,1dc12ab9,csk,2009,2009
392206,3576e47e,csk,2009,2009
392206,c3d35165,csk,2009,2009
392206,4a8a2e3b,csk,2009,2009
392206,3eac9d95,csk,2009,2009
392206,c8179c68,csk,2009,2009
392206,b2b50355,csk,2009,2009
392206,4ba44e19,csk,2009,2009
392206,c24a2c5d,csk,2009,2009
392206,bb345e0b,dc,2009,2009
392206,dcce6f09,dc,2009,2009
392206,c4487b84,dc,2009,2009
392206,5bdcdb72,dc,2009,2009
392206,c03f1114,dc,2009,2009
392206,c42aaf71,dc,2009,2009
392206,33a364a6,dc,2009,2009
392206,9fc0ef64,dc,2009,2009
392206,6b19d823,dc,2009,2009
392206,96fd40ae,dc,2009,2009
392206,c404f58a,dc,2009,2009
392207,3fca55af,pbks,2009,2009
392207,6b71e6cf,pbks,2009,2009
392207,fdedb37c,pbks,2009,2009
392207,d18f9182,pbks,2009,2009
392207,1c914163,pbks,2009,2009
392207,5fa06777,pbks,2009,2009
392207,5d096f3d,pbks,2009,2009
392207,a76d10ba,pbks,2009,2009
392207,5f26df4f,pbks,2009,2009
392207,98ae73b1,pbks,2009,2009
392207,4353bba5,pbks,2009,2009
392207,b8a55852,kkr,2009,2009
392207,db584dad,kkr,2009,2009
392207,b57f8a9a,kkr,2009,2009
392207,725529bc,kkr,2009,2009
392207,710dd98c,kkr,2009,2009
392207,fe11caa6,kkr,2009,2009
392207,b1451597,kkr,2009,2009
392207,fa463154,kkr,2009,2009
392207,abfeb126,kkr,2009,2009
392207,5bb1a1c4,kkr,2009,2009
392207,66b30f71,kkr,2009,2009
392208,f233bbb4,mi,2009,2009
392208,d2c2b2d5,mi,2009,2009
392208,29e95537,mi,2009,2009
392208,2e8994e7,mi,2009,2009
392208,87e562a9,mi,2009,2009
392208,a45a5e8d,mi,2009,2009
392208,0a476045,mi,2009,2009
392208,0aadc906,mi,2009,2009
392208,8b5b6769,mi,2009,2009
392208,91a4a398,mi,2009,2009
392208,a12e1d51,mi,2009,2009
392208,86dc8f2e,rcb,2009,2009
392208,619aa81f,rcb,2009,2009
392208,1c17e270,rcb,2009,2009
392208,0184dc35,rcb,2009,2009
392208,ba607b88,rcb,2009,2009
392208,f3cb53a1,rcb,2009,2009
392208,05c2ca46,rcb,2009,2009
392208,d7a57f75,rcb,2009,2009
392208,e938e1bc,rcb,2009,2009
392208,41eb4a4f,rcb,2009,2009
392208,0c2730df,rcb,2009,2009
392209,4b57e452,csk,2009,2009
392209,d8699ab7,csk,2009,2009
392209,4a8a2e3b,csk,2009,2009
392209,1dc12ab9,csk,2009,2009
392209,c3d35165,csk,2009,2009
392209,3eac9d95,csk,2009,2009
392209,3576e47e,csk,2009,2009
392209,c24a2c5d,csk,2009,2009
392209,c8179c68,csk,2009,2009
392209,b2b50355,csk,2009,2009
392209,4ba44e19,csk,2009,2009
392209,2b6e6dec,deccan,2009,2009
392209,e1d1b294,deccan,2009,2009
392209,de8cce37,deccan,2009,2009
392209,740742ef,deccan,2009,2009
392209,35205dfc,deccan,2009,2009
392209,aaa1b522,deccan,2009,2009
392209,fe763256,deccan,2009,2009
392209,12eddf28,deccan,2009,2009
392209,c3d1402f,deccan,2009,2009
392209,8a668774,deccan,2009,2009
392209,6c6591ab,deccan,2009,2009
392210,3fca55af,pbks,2009,2009
392210,6b71e6cf,pbks,2009,2009
392210,a1f1829d,pbks,2009,2009
392210,fdedb37c,pbks,2009,2009
392210,d18f9182,pbks,2009,2009
392210,1c914163,pbks,2009,2009
392210,5fa06777,pbks,2009,2009
392210,98ae73b1,pbks,2009,2009
392210,5d096f3d,pbks,2009,2009
392210,6b8eb6e5,pbks,2009,2009
392210,4353bba5,pbks,2009,2009
392210,890946a0,rr,2009,2009
392210,72861603,rr,2009,2009
392210,3c6ffae8,rr,2009,2009
392210,fe93fd9d,rr,2009,2009
392210,d872f52a,rr,2009,2009
392210,c69a7b5c,rr,2009,2009
392210,a2870fb7,rr,2009,2009
392210,bb18be76,rr,2009,2009
392210,63bff7f9,rr,2009,2009
392210,3d7e087f,rr,2009,2009
392210,5b040b81,rr,2009,2009
392211,bb345e0b,dc,2009,2009
392211,dcce6f09,dc,2009,2009
392211,5bdcdb72,dc,2009,2009
392211,c4487b84,dc,2009,2009
392211,c03f1114,dc,2009,2009
392211,c42aaf71,dc,2009,2009
392211,33a364a6,dc,2009,2009
392211,6b19d823,dc,2009,2009
392211,9fc0ef64,dc,2009,2009
392211,96fd40ae,dc,2009,2009
392211,c404f58a,dc,2009,2009
392211,710dd98c,kkr,2009,2009
392211,b8a55852,kkr,2009,2009
392211,b57f8a9a,kkr,2009,2009
392211,32198ae0,kkr,2009,2009
392211,fe11caa6,kkr,2009,2009
392211,725529bc,kkr,2009,2009
392211,297b26da,kkr,2009,2009
392211,fa463154,kkr,2009,2009
392211,abfeb126,kkr,2009,2009
392211,5bb1a1c4,kkr,2009,2009
392211,66b30f71,kkr,2009,2009
392212,2b6e6dec,deccan,2009,2009
392212,e1d1b294,deccan,2009,2009
392212,aaa1b522,deccan,2009,2009
392212,740742ef,deccan,2009,2009
392212,35205dfc,deccan,2009,2009
392212,fe763256,deccan,2009,2009
392212,b720a5d6,deccan,2009,2009
392212,12eddf28,deccan,2009,2009
392212,8a668774,deccan,2009,2009
392212,c3d1402f,deccan,2009,2009
392212,2a72fd4f,deccan,2009,2009
392212,f233bbb4,mi,2009,2009
392212,d2c2b2d5,mi,2009,2009
392212,0aadc906,mi,2009,2009
392212,2e8994e7,mi,2009,2009
392212,87e562a9,mi,2009,2009
392212,a45a5e8d,mi,2009,2009
392212,8b5b6769,mi,2009,2009
392212,709b0bac,mi,2009,2009
392212,5f4e9e8f,mi,2009,2009
392212,d2a989fc,mi,2009,2009
392212,a12e1d51,mi,2009,2009
392213,72861603,rr,2009,2009
392213,890946a0,rr,2009,2009
392213,d872f52a,rr,2009,2009
392213,3c6ffae8,rr,2009,2009
392213,fe93fd9d,rr,2009,2009
392213,c69a7b5c,rr,2009,2009
392213,a2870fb7,rr,2009,2009
392213,bb18be76,rr,2009,2009
392213,5bb5a915,rr,2009,2009
392213,f0f628c7,rr,2009,2009
392213,5b040b81,rr,2009,2009
392213,86dc8f2e,rcb,2009,2009
392213,619aa81f,rcb,2009,2009
392213,1c17e270,rcb,2009,2009
392213,0184dc35,rcb,2009,2009
392213,ba607b88,rcb,2009,2009
392213,f3cb53a1,rcb,2009,2009
392213,05c2ca46,rcb,2009,2009
392213,d7a57f75,rcb,2009,2009
392213,e938e1bc,rcb,2009,2009
392213,41eb4a4f,rcb,2009,2009
392213,0c2730df,rcb,2009,2009
392214,3576e47e,csk,2009,2009
392214,d8699ab7,csk,2009,2009
392214,1dc12ab9,csk,2009,2009
392214,4a8a2e3b,csk,2009,2009
392214,c3d35165,csk,2009,2009
392214,5056011d,csk,2009,2009
392214,c24a2c5d,csk,2009,2009
392214,c8179c68,csk,2009,2009
392214,b2b50355,csk,2009,2009
392214,4ba44e19,csk,2009,2009
392214,ae78bc32,csk,2009,2009
392214,3fca55af,pbks,2009,2009
392214,fdedb37c,pbks,2009,2009
392214,a1f1829d,pbks,2009,2009
392214,1c914163,pbks,2009,2009
392214,d18f9182,pbks,2009,2009
392214,6b71e6cf,pbks,2009,2009
392214,5fa06777,pbks,2009,2009
392214,6b8eb6e5,pbks,2009,2009
392214,98ae73b1,pbks,2009,2009
392214,4353bba5,pbks,2009,2009
392214,034b4b7d,pbks,2009,2009
392215,bb345e0b,dc,2009,2009
392215,dcce6f09,dc,2009,2009
392215,5bdcdb72,dc,2009,2009
392215,c4487b84,dc,2009,2009
392215,c03f1114,dc,2009,2009
392215,c42aaf71,dc,2009,2009
392215,33a364a6,dc,2009,2009
392215,6b19d823,dc,2009,2009
392215,9fc0ef64,dc,2009,2009
392215,96fd40ae,dc,2009,2009
392215,c404f58a,dc,2009,2009
392215,0fa5042b,mi,2009,2009
392215,2e8994e7,mi,2009,2009
392215,0aadc906,mi,2009,2009
392215,d2c2b2d5,mi,2009,2009
392215,a45a5e8d,mi,2009,2009
392215,87e562a9,mi,2009,2009
392215,8b5b6769,mi,2009,2009
392215,29e95537,mi,2009,2009
392215,5f4e9e8f,mi,2009,2009
392215,d2a989fc,mi,2009,2009
392215,a12e1d51,mi,2009,2009
392216,2b6e6dec,deccan,2009,2009
392216,e1d1b294,deccan,2009,2009
392216,aaa1b522,deccan,2009,2009
392216,740742ef,deccan,2009,2009
392216,bd77eb62,deccan,2009,2009
392216,fe763256,deccan,2009,2009
392216,b720a5d6,deccan,2009,2009
392216,6c6591ab,deccan,2009,2009
392216,8a668774,deccan,2009,2009
392216,c3d1402f,deccan,2009,2009
392216,12eddf28,deccan,2009,2009
392216,3fca55af,pbks,2009,2009
392216,fdedb37c,pbks,2009,2009
392216,6b71e6cf,pbks,2009,2009
392216,1c914163,pbks,2009,2009
392216,d18f9182,pbks,2009,2009
392216,5fa06777,pbks,2009,2009
392216,3dba85c2,pbks,2009,2009
392216,dd09ff8e,pbks,2009,2009
392216,98ae73b1,pbks,2009,2009
392216,5d096f3d,pbks,2009,2009
392216,6b8eb6e5,pbks,2009,2009
392217,4b57e452,csk,2009,2009
392217,d8699ab7,csk,2009,2009
392217,1dc12ab9,csk,2009,2009
392217,3576e47e,csk,2009,2009
392217,3eac9d95,csk,2009,2009
392217,4a8a2e3b,csk,2009,2009
392217,c3d35165,csk,2009,2009
392217,c24a2c5d,csk,2009,2009
392217,c8179c68,csk,2009,2009
392217,b2b50355,csk,2009,2009
392217,4ba44e19,csk,2009,2009
392217,72861603,rr,2009,2009
392217,890946a0,rr,2009,2009
392217,ae091d39,rr,2009,2009
392217,fe93fd9d,rr,2009,2009
392217,3c6ffae8,rr,2009,2009
392217,d872f52a,rr,2009,2009
392217,c69a7b5c,rr,2009,2009
392217,bb18be76,rr,2009,2009
392217,63bff7f9,rr,2009,2009
392217,5b040b81,rr,2009,2009
392217,3d7e087f,rr,2009,2009
392218,f233bbb4,mi,2009,2009
392218,d2c2b2d5,mi,2009,2009
392218,29e95537,mi,2009,2009
392218,2e8994e7,mi,2009,2009
392218,a45a5e8d,mi,2009,2009
392218,87e562a9,mi,2009,2009
392218,8b5b6769,mi,2009,2009
392218,4e04666c,mi,2009,2009
392218,f24ca2ba,mi,2009,2009
392218,d2a989fc,mi,2009,2009
392218,a12e1d51,mi,2009,2009
392218,86dc8f2e,rcb,2009,2009
392218,ba607b88,rcb,2009,2009
392218,1c17e270,rcb,2009,2009
392218,b61a3e1a,rcb,2009,2009
392218,0184dc35,rcb,2009,2009
392218,f3cb53a1,rcb,2009,2009
392218,05c2ca46,rcb,2009,2009
392218,41eb4a4f,rcb,2009,2009
392218,0c2730df,rcb,2009,2009
392218,d92e42f5,rcb,2009,2009
392218,66cf56a5,rcb,2009,2009
392219,bb345e0b,dc,2009,2009
392219,dcce6f09,dc,2009,2009
392219,c4487b84,dc,2009,2009
392219,5bdcdb72,dc,2009,2009
392219,c03f1114,dc,2009,2009
392219,c42aaf71,dc,2009,2009
392219,33a364a6,dc,2009,2009
392219,6b19d823,dc,2009,2009
392219,9fc0ef64,dc,2009,2009
392219,96fd40ae,dc,2009,2009
392219,c404f58a,dc,2009,2009
392219,b8a55852,kkr,2009,2009
392219,725529bc,kkr,2009,2009
392219,b57f8a9a,kkr,2009,2009
392219,710dd98c,kkr,2009,2009
392219,297b26da,kkr,2009,2009
392219,fe11caa6,kkr,2009,2009
392219,32198ae0,kkr,2009,2009
392219,fa463154,kkr,2009,2009
392219,abfeb126,kkr,2009,2009
392219,5bb1a1c4,kkr,2009,2009
392219,caa89a48,kkr,2009,2009
392220,aaa1b522,deccan,2009,2009
392220,2b6e6dec,deccan,2009,2009
392220,740742ef,deccan,2009,2009
392220,bd77eb62,deccan,2009,2009
392220,35205dfc,deccan,2009,2009
392220,bcce309e,deccan,2009,2009
392220,fe763256,deccan,2009,2009
392220,b720a5d6,deccan,2009,2009
392220,c3d1402f,deccan,2009,2009
392220,6c6591ab,deccan,2009,2009
392220,8a668774,deccan,2009,2009
392220,72861603,rr,2009,2009
392220,ae091d39,rr,2009,2009
392220,d872f52a,rr,2009,2009
392220,890946a0,rr,2009,2009
392220,3c6ffae8,rr,2009,2009
392220,fe93fd9d,rr,2009,2009
392220,c69a7b5c,rr,2009,2009
392220,5bb5a915,rr,2009,2009
392220,bb18be76,rr,2009,2009
392220,3d7e087f,rr,2009,2009
392220,f0f628c7,rr,2009,2009
392221,b8a55852,kkr,2009,2009
392221,725529bc,kkr,2009,2009
392221,7023d182,kkr,2009,2009
392221,fd835ab3,kkr,2009,2009
392221,896d78ad,kkr,2009,2009
392221,fe11caa6,kkr,2009,2009
392221,297b26da,kkr,2009,2009
392221,fa463154,kkr,2009,2009
392221,abfeb126,kkr,2009,2009
392221,5bb1a1c4,kkr,2009,2009
392221,ea0cdc12,kkr,2009,2009
392221,91ffa6c6,rcb,2009,2009
392221,86dc8f2e,rcb,2009,2009
392221,1c17e270,rcb,2009,2009
392221,b61a3e1a,rcb,2009,2009
392221,0184dc35,rcb,2009,2009
392221,f3cb53a1,rcb,2009,2009
392221,ba607b88,rcb,2009,2009
392221,af7dadf7,rcb,2009,2009
392221,d92e42f5,rcb,2009,2009
392221,41eb4a4f,rcb,2009,2009
392221,0c2730df,rcb,2009,2009
392222,3fca55af,pbks,2009,2009
392222,fdedb37c,pbks,2009,2009
392222,5fa06777,pbks,2009,2009
392222,6b71e6cf,pbks,2009,2009
392222,1c914163,pbks,2009,2009
392222,3dba85c2,pbks,2009,2009
392222,b63ab531,pbks,2009,2009
392222,a1f1829d,pbks,2009,2009
392222,dd09ff8e,pbks,2009,2009
392222,98ae73b1,pbks,2009,2009
392222,6b8eb6e5,pbks,2009,2009
392222,f233bbb4,mi,2009,2009
392222,87e562a9,mi,2009,2009
392222,29e95537,mi,2009,2009
392222,d2c2b2d5,mi,2009,2009
392222,2e8994e7,mi,2009,2009
392222,a45a5e8d,mi,2009,2009
392222,8b5b6769,mi,2009,2009
392222,5f4e9e8f,mi,2009,2009
392222,4e04666c,mi,2009,2009
392222,d2a989fc,mi,2009,2009
392222,a12e1d51,mi,2009,2009
392223,aaa1b522,deccan,2009,2009
392223,2b6e6dec,deccan,2009,2009
392223,740742ef,deccan,2009,2009
392223,b720a5d6,deccan,2009,2009
392223,bd77eb62,deccan,2009,2009
392223,35205dfc,deccan,2009,2009
392223,fe763256,deccan,2009,2009
392223,bcce309e,deccan,2009,2009
392223,c3d1402f,deccan,2009,2009
392223,6c6591ab,deccan,2009,2009
392223,8a668774,deccan,2009,2009
392223,bb345e0b,dc,2009,2009
392223,dcce6f09,dc,2009,2009
392223,5bdcdb72,dc,2009,2009
392223,c4487b84,dc,2009,2009
392223,8ba8195d,dc,2009,2009
392223,c03f1114,dc,2009,2009
392223,33a364a6,dc,2009,2009
392223,6b19d823,dc,2009,2009
392223,9fc0ef64,dc,2009,2009
392223,96fd40ae,dc,2009,2009
392223,c404f58a,dc,2009,2009
392224,4b57e452,csk,2009,2009
392224,d8699ab7,csk,2009,2009
392224,1dc12ab9,csk,2009,2009
392224,4a8a2e3b,csk,2009,2009
392224,3eac9d95,csk,2009,2009
392224,3576e47e,csk,2009,2009
392224,c3d35165,csk,2009,2009
392224,c8179c68,csk,2009,2009
392224,b2b50355,csk,2009,2009
392224,4ba44e19,csk,2009,2009
392224,c24a2c5d,csk,2009,2009
392224,1c17e270,rcb,2009,2009
392224,86dc8f2e,rcb,2009,2009
392224,0184dc35,rcb,2009,2009
392224,b61a3e1a,rcb,2009,2009
392224,ba607b88,rcb,2009,2009
392224,f3cb53a1,rcb,2009,2009
392224,05c2ca46,rcb,2009,2009
392224,af7dadf7,rcb,2009,2009
392224,e938e1bc,rcb,2009,2009
392224,41eb4a4f,rcb,2009,2009
392224,0c2730df,rcb,2009,2009
392225,87e562a9,mi,2009,2009
392225,4e04666c,mi,2009,2009
392225,29e95537,mi,2009,2009
392225,f233bbb4,mi,2009,2009
392225,d2c2b2d5,mi,2009,2009
392225,2e8994e7,mi,2009,2009
392225,a45a5e8d,mi,2009,2009
392225,8b5b6769,mi,2009,2009
392225,d2a989fc,mi,2009,2009
392225,f24ca2ba,mi,2009,2009
392225,a12e1d51,mi,2009,2009
392225,23ac69e6,rr,2009,2009
392225,72861603,rr,2009,2009
392225,3c6ffae8,rr,2009,2009
392225,fe93fd9d,rr,2009,2009
392225,facb9086,rr,2009,2009
392225,890946a0,rr,2009,2009
392225,7c503806,rr,2009,2009
392225,bb18be76,rr,2009,2009
392225,c69a7b5c,rr,2009,2009
392225,f0f628c7,rr,2009,2009
392225,3d7e087f,rr,2009,2009
392226,bb345e0b,dc,2009,2009
392226,8ba8195d,dc,2009,2009
392226,5bdcdb72,dc,2009,2009
392226,c4487b84,dc,2009,2009
392226,c42aaf71,dc,2009,2009
392226,c03f1114,dc,2009,2009
392226,ab89348d,dc,2009,2009
392226,d7c6af50,dc,2009,2009
392226,33a364a6,dc,2009,2009
392226,9fc0ef64,dc,2009,2009
392226,96fd40ae,dc,2009,2009
392226,3fca55af,pbks,2009,2009
392226,fdedb37c,pbks,2009,2009
392226,b63ab531,pbks,2009,2009
392226,1c914163,pbks,2009,2009
392226,6b71e6cf,pbks,2009,2009
392226,5fa06777,pbks,2009,2009
392226,dd09ff8e,pbks,2009,2009
392226,98ae73b1,pbks,2009,2009
392226,5d096f3d,pbks,2009,2009
392226,3dba85c2,pbks,2009,2009
392226,6b8eb6e5,pbks,2009,2009
392227,b5da6c24,csk,2009,2009
392227,d8699ab7,csk,2009,2009
392227,1dc12ab9,csk,2009,2009
392227,3576e47e,csk,2009,2009
392227,4a8a2e3b,csk,2009,2009
392227,3eac9d95,csk,2009,2009
392227,c3d35165,csk,2009,2009
392227,c8179c68,csk,2009,2009
392227,b2b50355,csk,2009,2009
392227,4ba44e19,csk,2009,2009
392227,c24a2c5d,csk,2009,2009
392227,f233bbb4,mi,2009,2009
392227,87e562a9,mi,2009,2009
392227,2e8994e7,mi,2009,2009
392227,d2c2b2d5,mi,2009,2009
392227,a45a5e8d,mi,2009,2009
392227,8b5b6769,mi,2009,2009
392227,4e04666c,mi,2009,2009
392227,29e95537,mi,2009,2009
392227,d2a989fc,mi,2009,2009
392227,a12e1d51,mi,2009,2009
392227,f24ca2ba,mi,2009,2009
392228,2b6e6dec,deccan,2009,2009
392228,e1d1b294,deccan,2009,2009
392228,aaa1b522,deccan,2009,2009
392228,bd77eb62,deccan,2009,2009
392228,740742ef,deccan,2009,2009
392228,fe763256,deccan,2009,2009
392228,b720a5d6,deccan,2009,2009
392228,12eddf28,deccan,2009,2009
392228,2a72fd4f,deccan,2009,2009
392228,c3d1402f,deccan,2009,2009
392228,6c6591ab,deccan,2009,2009
392228,b8a55852,kkr,2009,2009
392228,725529bc,kkr,2009,2009
392228,b57f8a9a,kkr,2009,2009
392228,fd835ab3,kkr,2009,2009
392228,fe11caa6,kkr,2009,2009
392228,e186f49c,kkr,2009,2009
392228,fa463154,kkr,2009,2009
392228,297b26da,kkr,2009,2009
392228,abfeb126,kkr,2009,2009
392228,5bb1a1c4,kkr,2009,2009
392228,5f5d3ad4,kkr,2009,2009
392229,2b6e6dec,deccan,2009,2009
392229,e1d1b294,deccan,2009,2009
392229,aaa1b522,deccan,2009,2009
392229,bd77eb62,deccan,2009,2009
392229,740742ef,deccan,2009,2009
392229,fe763256,deccan,2009,2009
392229,b720a5d6,deccan,2009,2009
392229,12eddf28,deccan,2009,2009
392229,c3d1402f,deccan,2009,2009
392229,d7b3a420,deccan,2009,2009
392229,6c6591ab,deccan,2009,2009
392229,3fca55af,pbks,2009,2009
392229,fdedb37c,pbks,2009,2009
392229,b63ab531,pbks,2009,2009
392229,1c914163,pbks,2009,2009
392229,6b71e6cf,pbks,2009,2009
392229,3dba85c2,pbks,2009,2009
392229,5fa06777,pbks,2009,2009
392229,dd09ff8e,pbks,2009,2009
392229,98ae73b1,pbks,2009,2009
392229,5d096f3d,pbks,2009,2009
392229,6b8eb6e5,pbks,2009,2009
392230,bb345e0b,dc,2009,2009
392230,8ba8195d,dc,2009,2009
392230,c4487b84,dc,2009,2009
392230,5bdcdb72,dc,2009,2009
392230,c03f1114,dc,2009,2009
392230,6b19d823,dc,2009,2009
392230,c42aaf71,dc,2009,2009
392230,ab89348d,dc,2009,2009
392230,260fd380,dc,2009,2009
392230,96fd40ae,dc,2009,2009
392230,c404f58a,dc,2009,2009
392230,23ac69e6,rr,2009,2009
392230,72861603,rr,2009,2009
392230,890946a0,rr,2009,2009
392230,7c503806,rr,2009,2009
392230,fe93fd9d,rr,2009,2009
392230,3c6ffae8,rr,2009,2009
392230,c69a7b5c,rr,2009,2009
392230,bb18be76,rr,2009,2009
392230,5b040b81,rr,2009,2009
392230,3d7e087f,rr,2009,2009
392230,f0f628c7,rr,2009,2009
392231,b5da6c24,csk,2009,2009
392231,5056011d,csk,2009,2009
392231,1dc12ab9,csk,2009,2009
392231,4a8a2e3b,csk,2009,2009
392231,c3d35165,csk,2009,2009
392231,3576e47e,csk,2009,2009
392231,3eac9d95,csk,2009,2009
392231,c8179c68,csk,2009,2009
392231,b2b50355,csk,2009,2009
392231,4ba44e19,csk,2009,2009
392231,c24a2c5d,csk,2009,2009
392231,b8a55852,kkr,2009,2009
392231,725529bc,kkr,2009,2009
392231,b57f8a9a,kkr,2009,2009
392231,fd835ab3,kkr,2009,2009
392231,fe11caa6,kkr,2009,2009
392231,b1451597,kkr,2009,2009
392231,fa463154,kkr,2009,2009
392231,69be866a,kkr,2009,2009
392231,abfeb126,kkr,2009,2009
392231,66b30f71,kkr,2009,2009
392231,ea0cdc12,kkr,2009,2009
392232,bb345e0b,dc,2009,2009
392232,8ba8195d,dc,2009,2009
392232,c42aaf71,dc,2009,2009
392232,c4487b84,dc,2009,2009
392232,c03f1114,dc,2009,2009
392232,16043342,dc,2009,2009
392232,662c47a6,dc,2009,2009
392232,ab89348d,dc,2009,2009
392232,d7c6af50,dc,2009,2009
392232,260fd380,dc,2009,2009
392232,96fd40ae,dc,2009,2009
392232,1c17e270,rcb,2009,2009
392232,86dc8f2e,rcb,2009,2009
392232,0184dc35,rcb,2009,2009
392232,b61a3e1a,rcb,2009,2009
392232,f3cb53a1,rcb,2009,2009
392232,ba607b88,rcb,2009,2009
392232,05c2ca46,rcb,2009,2009
392232,e938e1bc,rcb,2009,2009
392232,af7dadf7,rcb,2009,2009
392232,0c2730df,rcb,2009,2009
392232,93b4fc78,rcb,2009,2009
392233,b8a55852,kkr,2009,2009
392233,725529bc,kkr,2009,2009
392233,b57f8a9a,kkr,2009,2009
392233,297b26da,kkr,2009,2009
392233,fd835ab3,kkr,2009,2009
392233,b1451597,kkr,2009,2009
392233,5f5d3ad4,kkr,2009,2009
392233,fa463154,kkr,2009,2009
392233,d1c94b25,kkr,2009,2009
392233,66b30f71,kkr,2009,2009
392233,caa89a48,kkr,2009,2009
392233,890946a0,rr,2009,2009
392233,23ac69e6,rr,2009,2009
392233,ae091d39,rr,2009,2009
392233,a2870fb7,rr,2009,2009
392233,7c503806,rr,2009,2009
392233,3c6ffae8,rr,2009,2009
392233,fe93fd9d,rr,2009,2009
392233,0a4ebc61,rr,2009,2009
392233,bb18be76,rr,2009,2009
392233,f0f628c7,rr,2009,2009
392233,5b040b81,rr,2009,2009
392234,5056011d,csk,2009,2009
392234,b5da6c24,csk,2009,2009
392234,1dc12ab9,csk,2009,2009
392234,3576e47e,csk,2009,2009
392234,4a8a2e3b,csk,2009,2009
392234,3eac9d95,csk,2009,2009
392234,ae78bc32,csk,2009,2009
392234,495d42a5,csk,2009,2009
392234,b2ae53f5,csk,2009,2009
392234,b2b50355,csk,2009,2009
392234,4ba44e19,csk,2009,2009
392234,3fca55af,pbks,2009,2009
392234,fdedb37c,pbks,2009,2009
392234,b63ab531,pbks,2009,2009
392234,1c914163,pbks,2009,2009
392234,6b71e6cf,pbks,2009,2009
392234,3dba85c2,pbks,2009,2009
392234,5fa06777,pbks,2009,2009
392234,dd09ff8e,pbks,2009,2009
392234,98ae73b1,pbks,2009,2009
392234,5d096f3d,pbks,2009,2009
392234,6b8eb6e5,pbks,2009,2009
392235,bb345e0b,dc,2009,2009
392235,dcce6f09,dc,2009,2009
392235,8ba8195d,dc,2009,2009
392235,5bdcdb72,dc,2009,2009
392235,33a364a6,dc,2009,2009
392235,c4487b84,dc,2009,2009
392235,c03f1114,dc,2009,2009
392235,6b19d823,dc,2009,2009
392235,260fd380,dc,2009,2009
392235,c404f58a,dc,2009,2009
392235,9fc0ef64,dc,2009,2009
392235,f233bbb4,mi,2009,2009
392235,d2c2b2d5,mi,2009,2009
392235,2e8994e7,mi,2009,2009
392235,2bb09eb2,mi,2009,2009
392235,29e95537,mi,2009,2009
392235,a45a5e8d,mi,2009,2009
392235,0aadc906,mi,2009,2009
392235,8b5b6769,mi,2009,2009
392235,a12e1d51,mi,2009,2009
392235,d2a989fc,mi,2009,2009
392235,7c390b03,mi,2009,2009
392236,2b6e6dec,deccan,2009,2009
392236,e1d1b294,deccan,2009,2009
392236,aaa1b522,deccan,2009,2009
392236,bd77eb62,deccan,2009,2009
392236,740742ef,deccan,2009,2009
392236,fe763256,deccan,2009,2009
392236,bff458c6,deccan,2009,2009
392236,12eddf28,deccan,2009,2009
392236,d7b3a420,deccan,2009,2009
392236,c3d1402f,deccan,2009,2009
392236,6c6591ab,deccan,2009,2009
392236,86dc8f2e,rcb,2009,2009
392236,93b4fc78,rcb,2009,2009
392236,05c2ca46,rcb,2009,2009
392236,0184dc35,rcb,2009,2009
392236,b61a3e1a,rcb,2009,2009
392236,ba607b88,rcb,2009,2009
392236,1c17e270,rcb,2009,2009
392236,f3cb53a1,rcb,2009,2009
392236,e938e1bc,rcb,2009,2009
392236,af7dadf7,rcb,2009,2009
392236,0c2730df,rcb,2009,2009
392237,2b6e6dec,deccan,2009,2009
392237,e1d1b294,deccan,2009,2009
392237,bff458c6,deccan,2009,2009
392237,aaa1b522,deccan,2009,2009
392237,bd77eb62,deccan,2009,2009
392237,740742ef,deccan,2009,2009
392237,fe763256,deccan,2009,2009
392237,12eddf28,deccan,2009,2009
392237,6c6591ab,deccan,2009,2009
392237,2a72fd4f,deccan,2009,2009
392237,c3d1402f,deccan,2009,2009
392237,bb345e0b,dc,2009,2009
392237,dcce6f09,dc,2009,2009
392237,8ba8195d,dc,2009,2009
392237,5bdcdb72,dc,2009,2009
392237,c4487b84,dc,2009,2009
392237,c03f1114,dc,2009,2009
392237,33a364a6,dc,2009,2009
392237,6b19d823,dc,2009,2009
392237,9fc0ef64,dc,2009,2009
392237,c404f58a,dc,2009,2009
392237,96fd40ae,dc,2009,2009
392238,b5da6c24,csk,2009,2009
392238,d8699ab7,csk,2009,2009
392238,4a8a2e3b,csk,2009,2009
392238,1dc12ab9,csk,2009,2009
392238,c3d35165,csk,2009,2009
392238,3eac9d95,csk,2009,2009
392238,3576e47e,csk,2009,2009
392238,c8179c68,csk,2009,2009
392238,b2b50355,csk,2009,2009
392238,4ba44e19,csk,2009,2009
392238,ae78bc32,csk,2009,2009
392238,86dc8f2e,rcb,2009,2009
392238,93b4fc78,rcb,2009,2009
392238,05c2ca46,rcb,2009,2009
392238,0184dc35,rcb,2009,2009
392238,ba607b88,rcb,2009,2009
392238,b61a3e1a,rcb,2009,2009
392238,1c17e270,rcb,2009,2009
392238,f3cb53a1,rcb,2009,2009
392238,e938e1bc,rcb,2009,2009
392238,41eb4a4f,rcb,2009,2009
392238,0c2730df,rcb,2009,2009
392239,2b6e6dec,deccan,2009,2009
392239,e1d1b294,deccan,2009,2009
392239,aaa1b522,deccan,2009,2009
392239,bd77eb62,deccan,2009,2009
392239,740742ef,deccan,2009,2009
392239,fe763256,deccan,2009,2009
392239,bff458c6,deccan,2009,2009
392239,12eddf28,deccan,2009,2009
392239,6c6591ab,deccan,2009,2009
392239,2a72fd4f,deccan,2009,2009
392239,c3d1402f,deccan,2009,2009
392239,86dc8f2e,rcb,2009,2009
392239,93b4fc78,rcb,2009,2009
392239,05c2ca46,rcb,2009,2009
392239,0184dc35,rcb,2009,2009
392239,b61a3e1a,rcb,2009,2009
392239,ba607b88,rcb,2009,2009
392239,f3cb53a1,rcb,2009,2009
392239,1c17e270,rcb,2009,2009
392239,e938e1bc,rcb,2009,2009
392239,41eb4a4f,rcb,2009,2009
392239,0c2730df,rcb,2009,2009
419106,2b6e6dec,deccan,2009/10,2010
419106,de8cce37,deccan,2009/10,2010
419106,e1d1b294,deccan,2009/10,2010
419106,bd77eb62,deccan,2009/10,2010
419106,740742ef,deccan,2009/10,2010
419106,7bb62642,deccan,2009/10,2010
419106,aaa1b522,deccan,2009/10,2010
419106,bcce309e,deccan,2009/10,2010
419106,d7b3a420,deccan,2009/10,2010
419106,c3d1402f,deccan,2009/10,2010
419106,6c6591ab,deccan,2009/10,2010
419106,26e5cabf,kkr,2009/10,2010
419106,b57f8a9a,kkr,2009/10,2010
419106,725529bc,kkr,2009/10,2010
419106,d4f9dbd4,kkr,2009/10,2010
419106,7bf96684,kkr,2009/10,2010
419106,896d78ad,kkr,2009/10,2010
419106,fe11caa6,kkr,2009/10,2010
419106,b1451597,kkr,2009/10,2010
419106,abfeb126,kkr,2009/10,2010
419106,d1c94b25,kkr,2009/10,2010
419106,5bb1a1c4,kkr,2009/10,2010
419107,f233bbb4,mi,2009/10,2010
419107,d2c2b2d5,mi,2009/10,2010
419107,855a210c,mi,2009/10,2010
419107,709b0bac,mi,2009/10,2010
419107,70d205c9,mi,2009/10,2010
419107,626c5379,mi,2009/10,2010
419107,8b5b6769,mi,2009/10,2010
419107,c654af19,mi,2009/10,2010
419107,91a4a398,mi,2009/10,2010
419107,a12e1d51,mi,2009/10,2010
419107,ef5da05c,mi,2009/10,2010
419107,72861603,rr,2009/10,2010
419107,ae091d39,rr,2009/10,2010
419107,890946a0,rr,2009/10,2010
419107,2815fe50,rr,2009/10,2010
419107,3c6ffae8,rr,2009/10,2010
419107,2728e7e9,rr,2009/10,2010
419107,3edb58fc,rr,2009/10,2010
419107,fdcb08c2,rr,2009/10,2010
419107,bb18be76,rr,2009/10,2010
419107,6ef60d3a,rr,2009/10,2010
419107,addfb70e,rr,2009/10,2010
419108,bb345e0b,dc,2009/10,2010
419108,8ba8195d,dc,2009/10,2010
419108,5bdcdb72,dc,2009/10,2010
419108,c4487b84,dc,2009/10,2010
419108,c03f1114,dc,2009/10,2010
419108,c42aaf71,dc,2009/10,2010
419108,ab89348d,dc,2009/10,2010
419108,6b19d823,dc,2009/10,2010
419108,9fc0ef64,dc,2009/10,2010
419108,93a17209,dc,2009/10,2010
419108,c404f58a,dc,2009/10,2010
419108,7ca5e05d,pbks,2009/10,2010
419108,5afd4539,pbks,2009/10,2010
419108,6b71e6cf,pbks,2009/10,2010
419108,1c914163,pbks,2009/10,2010
419108,d18f9182,pbks,2009/10,2010
419108,5fa06777,pbks,2009/10,2010
419108,d84378a4,pbks,2009/10,2010
419108,98ae73b1,pbks,2009/10,2010
419108,5d096f3d,pbks,2009/10,2010
419108,6b8eb6e5,pbks,2009/10,2010
419108,4353bba5,pbks,2009/10,2010
419109,b57f8a9a,kkr,2009/10,2010
419109,26e5cabf,kkr,2009/10,2010
419109,725529bc,kkr,2009/10,2010
419109,d4f9dbd4,kkr,2009/10,2010
419109,7bf96684,kkr,2009/10,2010
419109,9ff100a6,kkr,2009/10,2010
419109,896d78ad,kkr,2009/10,2010
419109,fe11caa6,kkr,2009/10,2010
419109,abfeb126,kkr,2009/10,2010
419109,d1c94b25,kkr,2009/10,2010
419109,5bb1a1c4,kkr,2009/10,2010
419109,86dc8f2e,rcb,2009/10,2010
419109,541f85c9,rcb,2009/10,2010
419109,93b4fc78,rcb,2009/10,2010
419109,ba607b88,rcb,2009/10,2010
419109,d2a6c0e6,rcb,2009/10,2010
419109,0184dc35,rcb,2009/10,2010
419109,1c17e270,rcb,2009/10,2010
419109,05c2ca46,rcb,2009/10,2010
419109,e938e1bc,rcb,2009/10,2010
419109,0c2730df,rcb,2009/10,2010
419109,8fd1a8f5,rcb,2009/10,2010
419110,4b57e452,csk,2009/10,2010
419110,d8699ab7,csk,2009/10,2010
419110,1dc12ab9,csk,2009/10,2010
419110,3576e47e,csk,2009/10,2010
419110,6581d753,csk,2009/10,2010
419110,4a8a2e3b,csk,2009/10,2010
419110,c3d35165,csk,2009/10,2010
419110,495d42a5,csk,2009/10,2010
419110,b2b50355,csk,2009/10,2010
419110,4ba44e19,csk,2009/10,2010
419110,c24a2c5d,csk,2009/10,2010
419110,2b6e6dec,deccan,2009/10,2010
419110,de8cce37,deccan,2009/10,2010
419110,e1d1b294,deccan,2009/10,2010
419110,bd77eb62,deccan,2009/10,2010
419110,740742ef,deccan,2009/10,2010
419110,aaa1b522,deccan,2009/10,2010
419110,7bb62642,deccan,2009/10,2010
419110,bcce309e,deccan,2009/10,2010
419110,d7b3a420,deccan,2009/10,2010
419110,c3d1402f,deccan,2009/10,2010
419110,6c6591ab,deccan,2009/10,2010
419111,bb345e0b,dc,2009/10,2010
419111,8ba8195d,dc,2009/10,2010
419111,5bdcdb72,dc,2009/10,2010
419111,c4487b84,dc,2009/10,2010
419111,c03f1114,dc,2009/10,2010
419111,c42aaf71,dc,2009/10,2010
419111,ab89348d,dc,2009/10,2010
419111,6b19d823,dc,2009/10,2010
419111,fb693839,dc,2009/10,2010
419111,9fc0ef64,dc,2009/10,2010
419111,c404f58a,dc,2009/10,2010
419111,ae091d39,rr,2009/10,2010
419111,72861603,rr,2009/10,2010
419111,890946a0,rr,2009/10,2010
419111,3c6ffae8,rr,2009/10,2010
419111,2815fe50,rr,2009/10,2010
419111,2728e7e9,rr,2009/10,2010
419111,3edb58fc,rr,2009/10,2010
419111,fdcb08c2,rr,2009/10,2010
419111,bb18be76,rr,2009/10,2010
419111,addfb70e,rr,2009/10,2010
419111,f0f628c7,rr,2009/10,2010
419112,7ca5e05d,pbks,2009/10,2010
419112,5afd4539,pbks,2009/10,2010
419112,1c914163,pbks,2009/10,2010
419112,d18f9182,pbks,2009/10,2010
419112,5fa06777,pbks,2009/10,2010
419112,6b71e6cf,pbks,2009/10,2010
419112,d84378a4,pbks,2009/10,2010
419112,98ae73b1,pbks,2009/10,2010
419112,c18496e1,pbks,2009/10,2010
419112,4353bba5,pbks,2009/10,2010
419112,6b8eb6e5,pbks,2009/10,2010
419112,93b4fc78,rcb,2009/10,2010
419112,86dc8f2e,rcb,2009/10,2010
419112,1c17e270,rcb,2009/10,2010
419112,ba607b88,rcb,2009/10,2010
419112,0184dc35,rcb,2009/10,2010
419112,d2a6c0e6,rcb,2009/10,2010
419112,f3cb53a1,rcb,2009/10,2010
419112,e938e1bc,rcb,2009/10,2010
419112,0c2730df,rcb,2009/10,2010
419112,8fd1a8f5,rcb,2009/10,2010
419112,41eb4a4f,rcb,2009/10,2010
419113,4b57e452,csk,2009/10,2010
419113,d8699ab7,csk,2009/10,2010
419113,1dc12ab9,csk,2009/10,2010
419113,3576e47e,csk,2009/10,2010
419113,4a8a2e3b,csk,2009/10,2010
419113,6581d753,csk,2009/10,2010
419113,c3d35165,csk,2009/10,2010
419113,495d42a5,csk,2009/10,2010
419113,b2b50355,csk,2009/10,2010
419113,4ba44e19,csk,2009/10,2010
419113,ae78bc32,csk,2009/10,2010
419113,b57f8a9a,kkr,2009/10,2010
419113,26e5cabf,kkr,2009/10,2010
419113,725529bc,kkr,2009/10,2010
419113,fe11caa6,kkr,2009/10,2010
419113,7bf96684,kkr,2009/10,2010
419113,896d78ad,kkr,2009/10,2010
419113,b1451597,kkr,2009/10,2010
419113,9ff100a6,kkr,2009/10,2010
419113,4f629497,kkr,2009/10,2010
419113,abfeb126,kkr,2009/10,2010
419113,5bb1a1c4,kkr,2009/10,2010
419114,5bdcdb72,dc,2009/10,2010
419114,8ba8195d,dc,2009/10,2010
419114,c4487b84,dc,2009/10,2010
419114,ab89348d,dc,2009/10,2010
419114,c03f1114,dc,2009/10,2010
419114,c42aaf71,dc,2009/10,2010
419114,6b19d823,dc,2009/10,2010
419114,9fc0ef64,dc,2009/10,2010
419114,fb693839,dc,2009/10,2010
419114,c404f58a,dc,2009/10,2010
419114,bb345e0b,dc,2009/10,2010
419114,f233bbb4,mi,2009/10,2010
419114,d2c2b2d5,mi,2009/10,2010
419114,855a210c,mi,2009/10,2010
419114,709b0bac,mi,2009/10,2010
419114,70d205c9,mi,2009/10,2010
419114,a757b0d8,mi,2009/10,2010
419114,87e562a9,mi,2009/10,2010
419114,626c5379,mi,2009/10,2010
419114,8b5b6769,mi,2009/10,2010
419114,91a4a398,mi,2009/10,2010
419114,a12e1d51,mi,2009/10,2010
419115,890946a0,rr,2009/10,2010
419115,11df3dc8,rr,2009/10,2010
419115,69762509,rr,2009/10,2010
419115,2815fe50,rr,2009/10,2010
419115,3c6ffae8,rr,2009/10,2010
419115,2728e7e9,rr,2009/10,2010
419115,287686fd,rr,2009/10,2010
419115,bb18be76,rr,2009/10,2010
419115,5bb5a915,rr,2009/10,2010
419115,f0f628c7,rr,2009/10,2010
419115,3d7e087f,rr,2009/10,2010
419115,93b4fc78,rcb,2009/10,2010
419115,86dc8f2e,rcb,2009/10,2010
419115,1c17e270,rcb,2009/10,2010
419115,ba607b88,rcb,2009/10,2010
419115,0184dc35,rcb,2009/10,2010
419115,d2a6c0e6,rcb,2009/10,2010
419115,f3cb53a1,rcb,2009/10,2010
419115,e938e1bc,rcb,2009/10,2010
419115,0c2730df,rcb,2009/10,2010
419115,8fd1a8f5,rcb,2009/10,2010
419115,41eb4a4f,rcb,2009/10,2010
419116,b5da6c24,csk,2009/10,2010
419116,d8699ab7,csk,2009/10,2010
419116,3576e47e,csk,2009/10,2010
419116,1dc12ab9,csk,2009/10,2010
419116,c3d35165,csk,2009/10,2010
419116,6581d753,csk,2009/10,2010
419116,4b57e452,csk,2009/10,2010
419116,495d42a5,csk,2009/10,2010
419116,b2b50355,csk,2009/10,2010
419116,4ba44e19,csk,2009/10,2010
419116,9f961c14,csk,2009/10,2010
419116,dcce6f09,dc,2009/10,2010
419116,8ba8195d,dc,2009/10,2010
419116,5bdcdb72,dc,2009/10,2010
419116,c03f1114,dc,2009/10,2010
419116,c4487b84,dc,2009/10,2010
419116,c42aaf71,dc,2009/10,2010
419116,33a364a6,dc,2009/10,2010
419116,6b19d823,dc,2009/10,2010
419116,9fc0ef64,dc,2009/10,2010
419116,c404f58a,dc,2009/10,2010
419116,cc1e8c68,dc,2009/10,2010
419117,2b6e6dec,deccan,2009/10,2010
419117,de8cce37,deccan,2009/10,2010
419117,e1d1b294,deccan,2009/10,2010
419117,bd77eb62,deccan,2009/10,2010
419117,740742ef,deccan,2009/10,2010
419117,7bb62642,deccan,2009/10,2010
419117,aaa1b522,deccan,2009/10,2010
419117,bcce309e,deccan,2009/10,2010
419117,d7b3a420,deccan,2009/10,2010
419117,c3d1402f,deccan,2009/10,2010
419117,6c6591ab,deccan,2009/10,2010
419117,7ca5e05d,pbks,2009/10,2010
419117,5afd4539,pbks,2009/10,2010
419117,6b71e6cf,pbks,2009/10,2010
419117,1c914163,pbks,2009/10,2010
419117,d18f9182,pbks,2009/10,2010
419117,d3a3e82d,pbks,2009/10,2010
419117,5fa06777,pbks,2009/10,2010
419117,98ae73b1,pbks,2009/10,2010
419117,c18496e1,pbks,2009/10,2010
419117,6b8eb6e5,pbks,2009/10,2010
419117,2049f3a0,pbks,2009/10,2010
419118,26e5cabf,kkr,2009/10,2010
419118,b57f8a9a,kkr,2009/10,2010
419118,d4f9dbd4,kkr,2009/10,2010
419118,725529bc,kkr,2009/10,2010
419118,7bf96684,kkr,2009/10,2010
419118,896d78ad,kkr,2009/10,2010
419118,fe11caa6,kkr,2009/10,2010
419118,abfeb126,kkr,2009/10,2010
419118,66b30f71,kkr,2009/10,2010
419118,4f629497,kkr,2009/10,2010
419118,5bb1a1c4,kkr,2009/10,2010
419118,11df3dc8,rr,2009/10,2010
419118,890946a0,rr,2009/10,2010
419118,c15e2193,rr,2009/10,2010
419118,2815fe50,rr,2009/10,2010
419118,3c6ffae8,rr,2009/10,2010
419118,864c199e,rr,2009/10,2010
419118,2728e7e9,rr,2009/10,2010
419118,bb18be76,rr,2009/10,2010
419118,f0f628c7,rr,2009/10,2010
419118,3d7e087f,rr,2009/10,2010
419118,addfb70e,rr,2009/10,2010
419119,f233bbb4,mi,2009/10,2010
419119,d2c2b2d5,mi,2009/10,2010
419119,855a210c,mi,2009/10,2010
419119,709b0bac,mi,2009/10,2010
419119,70d205c9,mi,2009/10,2010
419119,87e562a9,mi,2009/10,2010
419119,626c5379,mi,2009/10,2010
419119,a757b0d8,mi,2009/10,2010
419119,8b5b6769,mi,2009/10,2010
419119,91a4a398,mi,2009/10,2010
419119,a12e1d51,mi,2009/10,2010
419119,93b4fc78,rcb,2009/10,2010
419119,86dc8f2e,rcb,2009/10,2010
419119,1c17e270,rcb,2009/10,2010
419119,ba607b88,rcb,2009/10,2010
419119,d2a6c0e6,rcb,2009/10,2010
419119,0184dc35,rcb,2009/10,2010
419119,f3cb53a1,rcb,2009/10,2010
419119,e938e1bc,rcb,2009/10,2010
419119,0c2730df,rcb,2009/10,2010
419119,8fd1a8f5,rcb,2009/10,2010
419119,41eb4a4f,rcb,2009/10,2010
419120,6afb26d6,deccan,2009/10,2010
419120,2b6e6dec,deccan,2009/10,2010
419120,e1d1b294,deccan,2009/10,2010
419120,bd77eb62,deccan,2009/10,2010
419120,740742ef,deccan,2009/10,2010
419120,aaa1b522,deccan,2009/10,2010
419120,fe763256,deccan,2009/10,2010
419120,bcce309e,deccan,2009/10,2010
419120,5d9a1a73,deccan,2009/10,2010
419120,6c6591ab,deccan,2009/10,2010
419120,c3d1402f,deccan,2009/10,2010
419120,dcce6f09,dc,2009/10,2010
419120,8ba8195d,dc,2009/10,2010
419120,c4487b84,dc,2009/10,2010
419120,c03f1114,dc,2009/10,2010
419120,c42aaf71,dc,2009/10,2010
419120,32198ae0,dc,2009/10,2010
419120,662c47a6,dc,2009/10,2010
419120,6b19d823,dc,2009/10,2010
419120,cc1e8c68,dc,2009/10,2010
419120,fb693839,dc,2009/10,2010
419120,c404f58a,dc,2009/10,2010
419121,b5da6c24,csk,2009/10,2010
419121,d8699ab7,csk,2009/10,2010
419121,1dc12ab9,csk,2009/10,2010
419121,4b57e452,csk,2009/10,2010
419121,3576e47e,csk,2009/10,2010
419121,c3d35165,csk,2009/10,2010
419121,ae78bc32,csk,2009/10,2010
419121,495d42a5,csk,2009/10,2010
419121,6581d753,csk,2009/10,2010
419121,b2b50355,csk,2009/10,2010
419121,4ba44e19,csk,2009/10,2010
419121,7ca5e05d,pbks,2009/10,2010
419121,5fa06777,pbks,2009/10,2010
419121,6b71e6cf,pbks,2009/10,2010
419121,d18f9182,pbks,2009/10,2010
419121,1c914163,pbks,2009/10,2010
419121,d84378a4,pbks,2009/10,2010
419121,5afd4539,pbks,2009/10,2010
419121,98ae73b1,pbks,2009/10,2010
419121,dec8e038,pbks,2009/10,2010
419121,5d096f3d,pbks,2009/10,2010
419121,2049f3a0,pbks,2009/10,2010
419122,db584dad,kkr,2009/10,2010
419122,725529bc,kkr,2009/10,2010
419122,7bf96684,kkr,2009/10,2010
419122,896d78ad,kkr,2009/10,2010
419122,d4f9dbd4,kkr,2009/10,2010
419122,c3a96caf,kkr,2009/10,2010
419122,fe11caa6,kkr,2009/10,2010
419122,abfeb126,kkr,2009/10,2010
419122,28c78fb3,kkr,2009/10,2010
419122,4f629497,kkr,2009/10,2010
419122,5bb1a1c4,kkr,2009/10,2010
419122,0a476045,mi,2009/10,2010
419122,d2c2b2d5,mi,2009/10,2010
419122,709b0bac,mi,2009/10,2010
419122,a757b0d8,mi,2009/10,2010
419122,626c5379,mi,2009/10,2010
419122,855a210c,mi,2009/10,2010
419122,87e562a9,mi,2009/10,2010
419122,c654af19,mi,2009/10,2010
419122,8b5b6769,mi,2009/10,2010
419122,91a4a398,mi,2009/10,2010
419122,a12e1d51,mi,2009/10,2010
419123,b5da6c24,csk,2009/10,2010
419123,d8699ab7,csk,2009/10,2010
419123,5056011d,csk,2009/10,2010
419123,1dc12ab9,csk,2009/10,2010
419123,4b57e452,csk,2009/10,2010
419123,3576e47e,csk,2009/10,2010
419123,c3d35165,csk,2009/10,2010
419123,495d42a5,csk,2009/10,2010
419123,b2b50355,csk,2009/10,2010
419123,4ba44e19,csk,2009/10,2010
419123,c24a2c5d,csk,2009/10,2010
419123,93b4fc78,rcb,2009/10,2010
419123,86dc8f2e,rcb,2009/10,2010
419123,0184dc35,rcb,2009/10,2010
419123,1c17e270,rcb,2009/10,2010
419123,ba607b88,rcb,2009/10,2010
419123,d2a6c0e6,rcb,2009/10,2010
419123,f3cb53a1,rcb,2009/10,2010
419123,e938e1bc,rcb,2009/10,2010
419123,0c2730df,rcb,2009/10,2010
419123,8fd1a8f5,rcb,2009/10,2010
419123,41eb4a4f,rcb,2009/10,2010
419124,7ca5e05d,pbks,2009/10,2010
419124,6b71e6cf,pbks,2009/10,2010
419124,5afd4539,pbks,2009/10,2010
419124,1c914163,pbks,2009/10,2010
419124,d18f9182,pbks,2009/10,2010
419124,5fa06777,pbks,2009/10,2010
419124,d84378a4,pbks,2009/10,2010
419124,98ae73b1,pbks,2009/10,2010
419124,dec8e038,pbks,2009/10,2010
419124,6b8eb6e5,pbks,2009/10,2010
419124,2049f3a0,pbks,2009/10,2010
419124,11df3dc8,rr,2009/10,2010
419124,890946a0,rr,2009/10,2010
419124,c15e2193,rr,2009/10,2010
419124,3c6ffae8,rr,2009/10,2010
419124,864c199e,rr,2009/10,2010
419124,2728e7e9,rr,2009/10,2010
419124,2815fe50,rr,2009/10,2010
419124,bb18be76,rr,2009/10,2010
419124,f0f628c7,rr,2009/10,2010
419124,3d7e087f,rr,2009/10,2010
419124,addfb70e,rr,2009/10,2010
419125,b5da6c24,csk,2009/10,2010
419125,d8699ab7,csk,2009/10,2010
419125,1dc12ab9,csk,2009/10,2010
419125,3576e47e,csk,2009/10,2010
419125,4a8a2e3b,csk,2009/10,2010
419125,c3d35165,csk,2009/10,2010
419125,0f12f9df,csk,2009/10,2010
419125,9f961c14,csk,2009/10,2010
419125,b2b50355,csk,2009/10,2010
419125,4ba44e19,csk,2009/10,2010
419125,c8179c68,csk,2009/10,2010
419125,0a476045,mi,2009/10,2010
419125,d2c2b2d5,mi,2009/10,2010
419125,709b0bac,mi,2009/10,2010
419125,626c5379,mi,2009/10,2010
419125,a757b0d8,mi,2009/10,2010
419125,87e562a9,mi,2009/10,2010
419125,c654af19,mi,2009/10,2010
419125,855a210c,mi,2009/10,2010
419125,8b5b6769,mi,2009/10,2010
419125,91a4a398,mi,2009/10,2010
419125,a12e1d51,mi,2009/10,2010
419126,2b6e6dec,deccan,2009/10,2010
419126,de8cce37,deccan,2009/10,2010
419126,e1d1b294,deccan,2009/10,2010
419126,bd77eb62,deccan,2009/10,2010
419126,740742ef,deccan,2009/10,2010
419126,aaa1b522,deccan,2009/10,2010
419126,fe763256,deccan,2009/10,2010
419126,bcce309e,deccan,2009/10,2010
419126,5d9a1a73,deccan,2009/10,2010
419126,c3d1402f,deccan,2009/10,2010
419126,6c6591ab,deccan,2009/10,2010
419126,11df3dc8,rr,2009/10,2010
419126,890946a0,rr,2009/10,2010
419126,3c6ffae8,rr,2009/10,2010
419126,c15e2193,rr,2009/10,2010
419126,864c199e,rr,2009/10,2010
419126,2815fe50,rr,2009/10,2010
419126,2728e7e9,rr,2009/10,2010
419126,bb18be76,rr,2009/10,2010
419126,287686fd,rr,2009/10,2010
419126,3d7e087f,rr,2009/10,2010
419126,addfb70e,rr,2009/10,2010
419127,7ca5e05d,pbks,2009/10,2010
419127,1c914163,pbks,2009/10,2010
419127,5afd4539,pbks,2009/10,2010
419127,6b71e6cf,pbks,2009/10,2010
419127,d18f9182,pbks,2009/10,2010
419127,5fa06777,pbks,2009/10,2010
419127,a1f1829d,pbks,2009/10,2010
419127,dd09ff8e,pbks,2009/10,2010
419127,98ae73b1,pbks,2009/10,2010
419127,2049f3a0,pbks,2009/10,2010
419127,5f26df4f,pbks,2009/10,2010
419127,db584dad,kkr,2009/10,2010
419127,725529bc,kkr,2009/10,2010
419127,c3a96caf,kkr,2009/10,2010
419127,26e5cabf,kkr,2009/10,2010
419127,fd835ab3,kkr,2009/10,2010
419127,896d78ad,kkr,2009/10,2010
419127,fe11caa6,kkr,2009/10,2010
419127,4f629497,kkr,2009/10,2010
419127,fa463154,kkr,2009/10,2010
419127,66b30f71,kkr,2009/10,2010
419127,85aae393,kkr,2009/10,2010
419128,dcce6f09,dc,2009/10,2010
419128,8ba8195d,dc,2009/10,2010
419128,c4487b84,dc,2009/10,2010
419128,c03f1114,dc,2009/10,2010
419128,99d63244,dc,2009/10,2010
419128,16043342,dc,2009/10,2010
419128,c42aaf71,dc,2009/10,2010
419128,6b19d823,dc,2009/10,2010
419128,c404f58a,dc,2009/10,2010
419128,cc1e8c68,dc,2009/10,2010
419128,9fc0ef64,dc,2009/10,2010
419128,93b4fc78,rcb,2009/10,2010
419128,86dc8f2e,rcb,2009/10,2010
419128,1c17e270,rcb,2009/10,2010
419128,0184dc35,rcb,2009/10,2010
419128,d2a6c0e6,rcb,2009/10,2010
419128,ba607b88,rcb,2009/10,2010
419128,f3cb53a1,rcb,2009/10,2010
419128,41eb4a4f,rcb,2009/10,2010
419128,e938e1bc,rcb,2009/10,2010
419128,8fd1a8f5,rcb,2009/10,2010
419128,0c2730df,rcb,2009/10,2010
419129,4b57e452,csk,2009/10,2010
419129,d8699ab7,csk,2009/10,2010
419129,1dc12ab9,csk,2009/10,2010
419129,4a8a2e3b,csk,2009/10,2010
419129,3576e47e,csk,2009/10,2010
419129,c3d35165,csk,2009/10,2010
419129,7daedf2f,csk,2009/10,2010
419129,b2ae53f5,csk,2009/10,2010
419129,9f961c14,csk,2009/10,2010
419129,4ba44e19,csk,2009/10,2010
419129,c8179c68,csk,2009/10,2010
419129,11df3dc8,rr,2009/10,2010
419129,890946a0,rr,2009/10,2010
419129,c15e2193,rr,2009/10,2010
419129,3c6ffae8,rr,2009/10,2010
419129,864c199e,rr,2009/10,2010
419129,2815fe50,rr,2009/10,2010
419129,2728e7e9,rr,2009/10,2010
419129,287686fd,rr,2009/10,2010
419129,bb18be76,rr,2009/10,2010
419129,addfb70e,rr,2009/10,2010
419129,3d7e087f,rr,2009/10,2010
419130,2b6e6dec,deccan,2009/10,2010
419130,6afb26d6,deccan,2009/10,2010
419130,e1d1b294,deccan,2009/10,2010
419130,bd77eb62,deccan,2009/10,2010
419130,740742ef,deccan,2009/10,2010
419130,aaa1b522,deccan,2009/10,2010
419130,fe763256,deccan,2009/10,2010
419130,d7b3a420,deccan,2009/10,2010
419130,78eb4223,deccan,2009/10,2010
419130,c3d1402f,deccan,2009/10,2010
419130,6c6591ab,deccan,2009/10,2010
419130,0a476045,mi,2009/10,2010
419130,d2c2b2d5,mi,2009/10,2010
419130,87e562a9,mi,2009/10,2010
419130,709b0bac,mi,2009/10,2010
419130,70d205c9,mi,2009/10,2010
419130,626c5379,mi,2009/10,2010
419130,a757b0d8,mi,2009/10,2010
419130,c654af19,mi,2009/10,2010
419130,8b5b6769,mi,2009/10,2010
419130,91a4a398,mi,2009/10,2010
419130,a12e1d51,mi,2009/10,2010
419131,dcce6f09,dc,2009/10,2010
419131,8ba8195d,dc,2009/10,2010
419131,bb345e0b,dc,2009/10,2010
419131,c03f1114,dc,2009/10,2010
419131,a386e91b,dc,2009/10,2010
419131,99d63244,dc,2009/10,2010
419131,16043342,dc,2009/10,2010
419131,6b19d823,dc,2009/10,2010
419131,c404f58a,dc,2009/10,2010
419131,cc1e8c68,dc,2009/10,2010
419131,33a364a6,dc,2009/10,2010
419131,db584dad,kkr,2009/10,2010
419131,725529bc,kkr,2009/10,2010
419131,c3a96caf,kkr,2009/10,2010
419131,26e5cabf,kkr,2009/10,2010
419131,fd835ab3,kkr,2009/10,2010
419131,896d78ad,kkr,2009/10,2010
419131,fe11caa6,kkr,2009/10,2010
419131,fa463154,kkr,2009/10,2010
419131,abfeb126,kkr,2009/10,2010
419131,d1c94b25,kkr,2009/10,2010
419131,5bb1a1c4,kkr,2009/10,2010
419132,7ca5e05d,pbks,2009/10,2010
419132,508a1ea7,pbks,2009/10,2010
419132,5afd4539,pbks,2009/10,2010
419132,d18f9182,pbks,2009/10,2010
419132,1c914163,pbks,2009/10,2010
419132,5fa06777,pbks,2009/10,2010
419132,dd09ff8e,pbks,2009/10,2010
419132,a1f1829d,pbks,2009/10,2010
419132,98ae73b1,pbks,2009/10,2010
419132,5f26df4f,pbks,2009/10,2010
419132,2049f3a0,pbks,2009/10,2010
419132,0a476045,mi,2009/10,2010
419132,d2c2b2d5,mi,2009/10,2010
419132,a757b0d8,mi,2009/10,2010
419132,709b0bac,mi,2009/10,2010
419132,70d205c9,mi,2009/10,2010
419132,87e562a9,mi,2009/10,2010
419132,626c5379,mi,2009/10,2010
419132,8b5b6769,mi,2009/10,2010
419132,c654af19,mi,2009/10,2010
419132,91a4a398,mi,2009/10,2010
419132,a12e1d51,mi,2009/10,2010
419133,4b57e452,csk,2009/10,2010
419133,d8699ab7,csk,2009/10,2010
419133,1dc12ab9,csk,2009/10,2010
419133,4a8a2e3b,csk,2009/10,2010
419133,c3d35165,csk,2009/10,2010
419133,3576e47e,csk,2009/10,2010
419133,798934ea,csk,2009/10,2010
419133,ae78bc32,csk,2009/10,2010
419133,4ba44e19,csk,2009/10,2010
419133,b2ae53f5,csk,2009/10,2010
419133,c8179c68,csk,2009/10,2010
419133,93b4fc78,rcb,2009/10,2010
419133,86dc8f2e,rcb,2009/10,2010
419133,1c17e270,rcb,2009/10,2010
419133,ba607b88,rcb,2009/10,2010
419133,39f01cdb,rcb,2009/10,2010
419133,d0513f63,rcb,2009/10,2010
419133,0184dc35,rcb,2009/10,2010
419133,e938e1bc,rcb,2009/10,2010
419133,0c2730df,rcb,2009/10,2010
419133,8fd1a8f5,rcb,2009/10,2010
419133,41eb4a4f,rcb,2009/10,2010
419134,dcce6f09,dc,2009/10,2010
419134,8ba8195d,dc,2009/10,2010
419134,bb345e0b,dc,2009/10,2010
419134,a386e91b,dc,2009/10,2010
419134,99d63244,dc,2009/10,2010
419134,c03f1114,dc,2009/10,2010
419134,16043342,dc,2009/10,2010
419134,6b19d823,dc,2009/10,2010
419134,ab89348d,dc,2009/10,2010
419134,fb693839,dc,2009/10,2010
419134,cc1e8c68,dc,2009/10,2010
419134,11df3dc8,rr,2009/10,2010
419134,890946a0,rr,2009/10,2010
419134,c15e2193,rr,2009/10,2010
419134,2815fe50,rr,2009/10,2010
419134,864c199e,rr,2009/10,2010
419134,3c6ffae8,rr,2009/10,2010
419134,2728e7e9,rr,2009/10,2010
419134,bb18be76,rr,2009/10,2010
419134,287686fd,rr,2009/10,2010
419134,addfb70e,rr,2009/10,2010
419134,3d7e087f,rr,2009/10,2010
419135,e1d1b294,deccan,2009/10,2010
419135,2b6e6dec,deccan,2009/10,2010
419135,6afb26d6,deccan,2009/10,2010
419135,bd77eb62,deccan,2009/10,2010
419135,740742ef,deccan,2009/10,2010
419135,aaa1b522,deccan,2009/10,2010
419135,fe763256,deccan,2009/10,2010
419135,d7b3a420,deccan,2009/10,2010
419135,78eb4223,deccan,2009/10,2010
419135,2a72fd4f,deccan,2009/10,2010
419135,6c6591ab,deccan,2009/10,2010
419135,725529bc,kkr,2009/10,2010
419135,db584dad,kkr,2009/10,2010
419135,d4f9dbd4,kkr,2009/10,2010
419135,26e5cabf,kkr,2009/10,2010
419135,fd835ab3,kkr,2009/10,2010
419135,896d78ad,kkr,2009/10,2010
419135,fe11caa6,kkr,2009/10,2010
419135,fa463154,kkr,2009/10,2010
419135,abfeb126,kkr,2009/10,2010
419135,4f629497,kkr,2009/10,2010
419135,86ae8ef2,kkr,2009/10,2010
419136,508a1ea7,pbks,2009/10,2010
419136,5afd4539,pbks,2009/10,2010
419136,6b71e6cf,pbks,2009/10,2010
419136,7ca5e05d,pbks,2009/10,2010
419136,1c914163,pbks,2009/10,2010
419136,5fa06777,pbks,2009/10,2010
419136,dd09ff8e,pbks,2009/10,2010
419136,98ae73b1,pbks,2009/10,2010
419136,2049f3a0,pbks,2009/10,2010
419136,c18496e1,pbks,2009/10,2010
419136,6b8eb6e5,pbks,2009/10,2010
419136,93b4fc78,rcb,2009/10,2010
419136,86dc8f2e,rcb,2009/10,2010
419136,39f01cdb,rcb,2009/10,2010
419136,ba607b88,rcb,2009/10,2010
419136,1c17e270,rcb,2009/10,2010
419136,d0513f63,rcb,2009/10,2010
419136,0184dc35,rcb,2009/10,2010
419136,e938e1bc,rcb,2009/10,2010
419136,0c2730df,rcb,2009/10,2010
419136,41eb4a4f,rcb,2009/10,2010
419136,8fd1a8f5,rcb,2009/10,2010
419137,4b57e452,csk,2009/10,2010
419137,d8699ab7,csk,2009/10,2010
419137,1dc12ab9,csk,2009/10,2010
419137,c3d35165,csk,2009/10,2010
419137,4a8a2e3b,csk,2009/10,2010
419137,3576e47e,csk,2009/10,2010
419137,95a2ea61,csk,2009/10,2010
419137,4ba44e19,csk,2009/10,2010
419137,c8179c68,csk,2009/10,2010
419137,45c2196c,csk,2009/10,2010
419137,c24a2c5d,csk,2009/10,2010
419137,11df3dc8,rr,2009/10,2010
419137,890946a0,rr,2009/10,2010
419137,3c6ffae8,rr,2009/10,2010
419137,4329fbb5,rr,2009/10,2010
419137,c15e2193,rr,2009/10,2010
419137,2815fe50,rr,2009/10,2010
419137,c69a7b5c,rr,2009/10,2010
419137,287686fd,rr,2009/10,2010
419137,dddca1d6,rr,2009/10,2010
419137,bb18be76,rr,2009/10,2010
419137,addfb70e,rr,2009/10,2010
419138,e1d1b294,deccan,2009/10,2010
419138,2b6e6dec,deccan,2009/10,2010
419138,de8cce37,deccan,2009/10,2010
419138,bd77eb62,deccan,2009/10,2010
419138,740742ef,deccan,2009/10,2010
419138,6afb26d6,deccan,2009/10,2010
419138,aaa1b522,deccan,2009/10,2010
419138,12eddf28,deccan,2009/10,2010
419138,5d9a1a73,deccan,2009/10,2010
419138,d7b3a420,deccan,2009/10,2010
419138,6c6591ab,deccan,2009/10,2010
419138,0a476045,mi,2009/10,2010
419138,d2c2b2d5,mi,2009/10,2010
419138,709b0bac,mi,2009/10,2010
419138,87e562a9,mi,2009/10,2010
419138,70d205c9,mi,2009/10,2010
419138,a757b0d8,mi,2009/10,2010
419138,626c5379,mi,2009/10,2010
419138,c654af19,mi,2009/10,2010
419138,8b5b6769,mi,2009/10,2010
419138,91a4a398,mi,2009/10,2010
419138,a12e1d51,mi,2009/10,2010
419139,5afd4539,pbks,2009/10,2010
419139,d18f9182,pbks,2009/10,2010
419139,6b71e6cf,pbks,2009/10,2010
419139,1c914163,pbks,2009/10,2010
419139,7ca5e05d,pbks,2009/10,2010
419139,5fa06777,pbks,2009/10,2010
419139,dec8e038,pbks,2009/10,2010
419139,98ae73b1,pbks,2009/10,2010
419139,2049f3a0,pbks,2009/10,2010
419139,c18496e1,pbks,2009/10,2010
419139,5d096f3d,pbks,2009/10,2010
419139,725529bc,kkr,2009/10,2010
419139,db584dad,kkr,2009/10,2010
419139,26e5cabf,kkr,2009/10,2010
419139,896d78ad,kkr,2009/10,2010
419139,fd835ab3,kkr,2009/10,2010
419139,d4f9dbd4,kkr,2009/10,2010
419139,fe11caa6,kkr,2009/10,2010
419139,fa463154,kkr,2009/10,2010
419139,abfeb126,kkr,2009/10,2010
419139,4f629497,kkr,2009/10,2010
419139,1e66c162,kkr,2009/10,2010
419140,dcce6f09,dc,2009/10,2010
419140,8ba8195d,dc,2009/10,2010
419140,bb345e0b,dc,2009/10,2010
419140,a386e91b,dc,2009/10,2010
419140,c03f1114,dc,2009/10,2010
419140,99d63244,dc,2009/10,2010
419140,d7c6af50,dc,2009/10,2010
419140,33a364a6,dc,2009/10,2010
419140,6b19d823,dc,2009/10,2010
419140,ab89348d,dc,2009/10,2010
419140,9fc0ef64,dc,2009/10,2010
419140,86dc8f2e,rcb,2009/10,2010
419140,d0513f63,rcb,2009/10,2010
419140,39f01cdb,rcb,2009/10,2010
419140,1c17e270,rcb,2009/10,2010
419140,b61a3e1a,rcb,2009/10,2010
419140,ba607b88,rcb,2009/10,2010
419140,0184dc35,rcb,2009/10,2010
419140,41eb4a4f,rcb,2009/10,2010
419140,66cf56a5,rcb,2009/10,2010
419140,0c2730df,rcb,2009/10,2010
419140,d92e42f5,rcb,2009/10,2010
419141,de8cce37,deccan,2009/10,2010
419141,2b6e6dec,deccan,2009/10,2010
419141,740742ef,deccan,2009/10,2010
419141,bd77eb62,deccan,2009/10,2010
419141,7bb62642,deccan,2009/10,2010
419141,35205dfc,deccan,2009/10,2010
419141,bff458c6,deccan,2009/10,2010
419141,12eddf28,deccan,2009/10,2010
419141,c3d1402f,deccan,2009/10,2010
419141,2a72fd4f,deccan,2009/10,2010
419141,6c6591ab,deccan,2009/10,2010
419141,11df3dc8,rr,2009/10,2010
419141,890946a0,rr,2009/10,2010
419141,c15e2193,rr,2009/10,2010
419141,4329fbb5,rr,2009/10,2010
419141,3c6ffae8,rr,2009/10,2010
419141,2815fe50,rr,2009/10,2010
419141,c69a7b5c,rr,2009/10,2010
419141,bb18be76,rr,2009/10,2010
419141,5bb5a915,rr,2009/10,2010
419141,dbc50253,rr,2009/10,2010
419141,3d7e087f,rr,2009/10,2010
419142,4b57e452,csk,2009/10,2010
419142,d8699ab7,csk,2009/10,2010
419142,1dc12ab9,csk,2009/10,2010
419142,4a8a2e3b,csk,2009/10,2010
419142,48fd7349,csk,2009/10,2010
419142,3576e47e,csk,2009/10,2010
419142,495d42a5,csk,2009/10,2010
419142,c8179c68,csk,2009/10,2010
419142,45c2196c,csk,2009/10,2010
419142,c24a2c5d,csk,2009/10,2010
419142,b2ae53f5,csk,2009/10,2010
419142,0a476045,mi,2009/10,2010
419142,d2c2b2d5,mi,2009/10,2010
419142,709b0bac,mi,2009/10,2010
419142,70d205c9,mi,2009/10,2010
419142,87e562a9,mi,2009/10,2010
419142,a757b0d8,mi,2009/10,2010
419142,626c5379,mi,2009/10,2010
419142,c654af19,mi,2009/10,2010
419142,8b5b6769,mi,2009/10,2010
419142,2af1b6d2,mi,2009/10,2010
419142,a12e1d51,mi,2009/10,2010
419143,5afd4539,pbks,2009/10,2010
419143,d18f9182,pbks,2009/10,2010
419143,6b71e6cf,pbks,2009/10,2010
419143,1c914163,pbks,2009/10,2010
419143,5fa06777,pbks,2009/10,2010
419143,7ca5e05d,pbks,2009/10,2010
419143,98ae73b1,pbks,2009/10,2010
419143,c18496e1,pbks,2009/10,2010
419143,dec8e038,pbks,2009/10,2010
419143,6b8eb6e5,pbks,2009/10,2010
419143,5d096f3d,pbks,2009/10,2010
419143,11df3dc8,rr,2009/10,2010
419143,890946a0,rr,2009/10,2010
419143,3c6ffae8,rr,2009/10,2010
419143,4329fbb5,rr,2009/10,2010
419143,c15e2193,rr,2009/10,2010
419143,2815fe50,rr,2009/10,2010
419143,864c199e,rr,2009/10,2010
419143,c69a7b5c,rr,2009/10,2010
419143,bb18be76,rr,2009/10,2010
419143,3d7e087f,rr,2009/10,2010
419143,dbc50253,rr,2009/10,2010
419144,dcce6f09,dc,2009/10,2010
419144,8ba8195d,dc,2009/10,2010
419144,bb345e0b,dc,2009/10,2010
419144,a386e91b,dc,2009/10,2010
419144,c03f1114,dc,2009/10,2010
419144,99d63244,dc,2009/10,2010
419144,ab89348d,dc,2009/10,2010
419144,33a364a6,dc,2009/10,2010
419144,d7c6af50,dc,2009/10,2010
419144,6b19d823,dc,2009/10,2010
419144,9fc0ef64,dc,2009/10,2010
419144,725529bc,kkr,2009/10,2010
419144,db584dad,kkr,2009/10,2010
419144,b8a55852,kkr,2009/10,2010
419144,26e5cabf,kkr,2009/10,2010
419144,896d78ad,kkr,2009/10,2010
419144,d4f9dbd4,kkr,2009/10,2010
419144,fe11caa6,kkr,2009/10,2010
419144,fa463154,kkr,2009/10,2010
419144,85aae393,kkr,2009/10,2010
419144,66b30f71,kkr,2009/10,2010
419144,ea0cdc12,kkr,2009/10,2010
419145,2b6e6dec,deccan,2009/10,2010
419145,6afb26d6,deccan,2009/10,2010
419145,aaa1b522,deccan,2009/10,2010
419145,740742ef,deccan,2009/10,2010
419145,bd77eb62,deccan,2009/10,2010
419145,fe763256,deccan,2009/10,2010
419145,3d8feaf8,deccan,2009/10,2010
419145,c3d1402f,deccan,2009/10,2010
419145,6c6591ab,deccan,2009/10,2010
419145,12eddf28,deccan,2009/10,2010
419145,2a72fd4f,deccan,2009/10,2010
419145,93b4fc78,rcb,2009/10,2010
419145,86dc8f2e,rcb,2009/10,2010
419145,0184dc35,rcb,2009/10,2010
419145,1c17e270,rcb,2009/10,2010
419145,b61a3e1a,rcb,2009/10,2010
419145,ba607b88,rcb,2009/10,2010
419145,d0513f63,rcb,2009/10,2010
419145,e938e1bc,rcb,2009/10,2010
419145,41eb4a4f,rcb,2009/10,2010
419145,0c2730df,rcb,2009/10,2010
419145,8fd1a8f5,rcb,2009/10,2010
419146,d3a3e82d,pbks,2009/10,2010
419146,d18f9182,pbks,2009/10,2010
419146,6b71e6cf,pbks,2009/10,2010
419146,1c914163,pbks,2009/10,2010
419146,5fa06777,pbks,2009/10,2010
419146,a3ecf01f,pbks,2009/10,2010
419146,a1f1829d,pbks,2009/10,2010
419146,98ae73b1,pbks,2009/10,2010
419146,5d096f3d,pbks,2009/10,2010
419146,dd09ff8e,pbks,2009/10,2010
419146,8b9704ae,pbks,2009/10,2010
419146,0a476045,mi,2009/10,2010
419146,d2c2b2d5,mi,2009/10,2010
419146,70d205c9,mi,2009/10,2010
419146,709b0bac,mi,2009/10,2010
419146,2e8994e7,mi,2009/10,2010
419146,626c5379,mi,2009/10,2010
419146,a757b0d8,mi,2009/10,2010
419146,8b5b6769,mi,2009/10,2010
419146,c654af19,mi,2009/10,2010
419146,91a4a398,mi,2009/10,2010
419146,a12e1d51,mi,2009/10,2010
419147,4b57e452,csk,2009/10,2010
419147,d8699ab7,csk,2009/10,2010
419147,1dc12ab9,csk,2009/10,2010
419147,4a8a2e3b,csk,2009/10,2010
419147,48fd7349,csk,2009/10,2010
419147,3576e47e,csk,2009/10,2010
419147,495d42a5,csk,2009/10,2010
419147,b2ae53f5,csk,2009/10,2010
419147,c8179c68,csk,2009/10,2010
419147,45c2196c,csk,2009/10,2010
419147,c24a2c5d,csk,2009/10,2010
419147,6afb26d6,deccan,2009/10,2010
419147,2b6e6dec,deccan,2009/10,2010
419147,aaa1b522,deccan,2009/10,2010
419147,740742ef,deccan,2009/10,2010
419147,bd77eb62,deccan,2009/10,2010
419147,35205dfc,deccan,2009/10,2010
419147,f4f0fafd,deccan,2009/10,2010
419147,c3d1402f,deccan,2009/10,2010
419147,6c6591ab,deccan,2009/10,2010
419147,12eddf28,deccan,2009/10,2010
419147,2a72fd4f,deccan,2009/10,2010
419148,725529bc,kkr,2009/10,2010
419148,db584dad,kkr,2009/10,2010
419148,b8a55852,kkr,2009/10,2010
419148,26e5cabf,kkr,2009/10,2010
419148,896d78ad,kkr,2009/10,2010
419148,fe11caa6,kkr,2009/10,2010
419148,d4f9dbd4,kkr,2009/10,2010
419148,fa463154,kkr,2009/10,2010
419148,66b30f71,kkr,2009/10,2010
419148,5bb1a1c4,kkr,2009/10,2010
419148,ea0cdc12,kkr,2009/10,2010
419148,64a4c383,rcb,2009/10,2010
419148,86dc8f2e,rcb,2009/10,2010
419148,0184dc35,rcb,2009/10,2010
419148,1c17e270,rcb,2009/10,2010
419148,b61a3e1a,rcb,2009/10,2010
419148,d0513f63,rcb,2009/10,2010
419148,ba607b88,rcb,2009/10,2010
419148,41eb4a4f,rcb,2009/10,2010
419148,e938e1bc,rcb,2009/10,2010
419148,0c2730df,rcb,2009/10,2010
419148,8fd1a8f5,rcb,2009/10,2010
419149,dcce6f09,dc,2009/10,2010
419149,8ba8195d,dc,2009/10,2010
419149,bb345e0b,dc,2009/10,2010
419149,a386e91b,dc,2009/10,2010
419149,c03f1114,dc,2009/10,2010
419149,d7c6af50,dc,2009/10,2010
419149,c42aaf71,dc,2009/10,2010
419149,33a364a6,dc,2009/10,2010
419149,ab89348d,dc,2009/10,2010
419149,6b19d823,dc,2009/10,2010
419149,96fd40ae,dc,2009/10,2010
419149,d18f9182,pbks,2009/10,2010
419149,5fa06777,pbks,2009/10,2010
419149,6b71e6cf,pbks,2009/10,2010
419149,1c914163,pbks,2009/10,2010
419149,d3a3e82d,pbks,2009/10,2010
419149,dec8e038,pbks,2009/10,2010
419149,a1f1829d,pbks,2009/10,2010
419149,a3ecf01f,pbks,2009/10,2010
419149,98ae73b1,pbks,2009/10,2010
419149,5d096f3d,pbks,2009/10,2010
419149,8b9704ae,pbks,2009/10,2010
419150,f233bbb4,mi,2009/10,2010
419150,d2c2b2d5,mi,2009/10,2010
419150,70d205c9,mi,2009/10,2010
419150,709b0bac,mi,2009/10,2010
419150,2e8994e7,mi,2009/10,2010
419150,a757b0d8,mi,2009/10,2010
419150,626c5379,mi,2009/10,2010
419150,d2a989fc,mi,2009/10,2010
419150,8b5b6769,mi,2009/10,2010
419150,a12e1d51,mi,2009/10,2010
419150,91a4a398,mi,2009/10,2010
419150,11df3dc8,rr,2009/10,2010
419150,890946a0,rr,2009/10,2010
419150,c15e2193,rr,2009/10,2010
419150,4329fbb5,rr,2009/10,2010
419150,2815fe50,rr,2009/10,2010
419150,864c199e,rr,2009/10,2010
419150,3c6ffae8,rr,2009/10,2010
419150,c69a7b5c,rr,2009/10,2010
419150,dbc50253,rr,2009/10,2010
419150,bb18be76,rr,2009/10,2010
419150,3d7e087f,rr,2009/10,2010
419151,e1d1b294,deccan,2009/10,2010
419151,2b6e6dec,deccan,2009/10,2010
419151,aaa1b522,deccan,2009/10,2010
419151,740742ef,deccan,2009/10,2010
419151,6afb26d6,deccan,2009/10,2010
419151,bd77eb62,deccan,2009/10,2010
419151,12eddf28,deccan,2009/10,2010
419151,f4f0fafd,deccan,2009/10,2010
419151,c3d1402f,deccan,2009/10,2010
419151,6c6591ab,deccan,2009/10,2010
419151,2a72fd4f,deccan,2009/10,2010
419151,93b4fc78,rcb,2009/10,2010
419151,86dc8f2e,rcb,2009/10,2010
419151,0184dc35,rcb,2009/10,2010
419151,1c17e270,rcb,2009/10,2010
419151,b61a3e1a,rcb,2009/10,2010
419151,ba607b88,rcb,2009/10,2010
419151,d0513f63,rcb,2009/10,2010
419151,41eb4a4f,rcb,2009/10,2010
419151,8fd1a8f5,rcb,2009/10,2010
419151,0c2730df,rcb,2009/10,2010
419151,d92e42f5,rcb,2009/10,2010
419152,dcce6f09,dc,2009/10,2010
419152,8ba8195d,dc,2009/10,2010
419152,bb345e0b,dc,2009/10,2010
419152,c03f1114,dc,2009/10,2010
419152,c4487b84,dc,2009/10,2010
419152,a386e91b,dc,2009/10,2010
419152,16043342,dc,2009/10,2010
419152,6b19d823,dc,2009/10,2010
419152,9fc0ef64,dc,2009/10,2010
419152,96fd40ae,dc,2009/10,2010
419152,fb693839,dc,2009/10,2010
419152,2eeb4370,mi,2009/10,2010
419152,d2c2b2d5,mi,2009/10,2010
419152,709b0bac,mi,2009/10,2010
419152,70d205c9,mi,2009/10,2010
419152,2e8994e7,mi,2009/10,2010
419152,a757b0d8,mi,2009/10,2010
419152,87e562a9,mi,2009/10,2010
419152,8b5b6769,mi,2009/10,2010
419152,ef5da05c,mi,2009/10,2010
419152,91a4a398,mi,2009/10,2010
419152,342d8ade,mi,2009/10,2010
419153,4b57e452,csk,2009/10,2010
419153,d8699ab7,csk,2009/10,2010
419153,1dc12ab9,csk,2009/10,2010
419153,95a2ea61,csk,2009/10,2010
419153,4a8a2e3b,csk,2009/10,2010
419153,3576e47e,csk,2009/10,2010
419153,c3d35165,csk,2009/10,2010
419153,495d42a5,csk,2009/10,2010
419153,c8179c68,csk,2009/10,2010
419153,4ba44e19,csk,2009/10,2010
419153,45c2196c,csk,2009/10,2010
419153,725529bc,kkr,2009/10,2010
419153,db584dad,kkr,2009/10,2010
419153,b8a55852,kkr,2009/10,2010
419153,26e5cabf,kkr,2009/10,2010
419153,fd835ab3,kkr,2009/10,2010
419153,896d78ad,kkr,2009/10,2010
419153,fe11caa6,kkr,2009/10,2010
419153,b1451597,kkr,2009/10,2010
419153,fa463154,kkr,2009/10,2010
419153,85aae393,kkr,2009/10,2010
419153,66b30f71,kkr,2009/10,2010
419154,11df3dc8,rr,2009/10,2010
419154,890946a0,rr,2009/10,2010
419154,3a02626a,rr,2009/10,2010
419154,4329fbb5,rr,2009/10,2010
419154,2815fe50,rr,2009/10,2010
419154,3c6ffae8,rr,2009/10,2010
419154,864c199e,rr,2009/10,2010
419154,c69a7b5c,rr,2009/10,2010
419154,6ef60d3a,rr,2009/10,2010
419154,bb18be76,rr,2009/10,2010
419154,3d7e087f,rr,2009/10,2010
419154,93b4fc78,rcb,2009/10,2010
419154,86dc8f2e,rcb,2009/10,2010
419154,39f01cdb,rcb,2009/10,2010
419154,1c17e270,rcb,2009/10,2010
419154,ba607b88,rcb,2009/10,2010
419154,b61a3e1a,rcb,2009/10,2010
419154,0184dc35,rcb,2009/10,2010
419154,41eb4a4f,rcb,2009/10,2010
419154,e32d22f6,rcb,2009/10,2010
419154,0c2730df,rcb,2009/10,2010
419154,8fd1a8f5,rcb,2009/10,2010
419155,4b57e452,csk,2009/10,2010
419155,d8699ab7,csk,2009/10,2010
419155,4a8a2e3b,csk,2009/10,2010
419155,1dc12ab9,csk,2009/10,2010
419155,48fd7349,csk,2009/10,2010
419155,3576e47e,csk,2009/10,2010
419155,c3d35165,csk,2009/10,2010
419155,495d42a5,csk,2009/10,2010
419155,b2b50355,csk,2009/10,2010
419155,45c2196c,csk,2009/10,2010
419155,c8179c68,csk,2009/10,2010
419155,8ba8195d,dc,2009/10,2010
419155,dcce6f09,dc,2009/10,2010
419155,5bdcdb72,dc,2009/10,2010
419155,bb345e0b,dc,2009/10,2010
419155,c03f1114,dc,2009/10,2010
419155,c42aaf71,dc,2009/10,2010
419155,a386e91b,dc,2009/10,2010
419155,6b19d823,dc,2009/10,2010
419155,96fd40ae,dc,2009/10,2010
419155,c404f58a,dc,2009/10,2010
419155,cc1e8c68,dc,2009/10,2010
419156,2b6e6dec,deccan,2009/10,2010
419156,6afb26d6,deccan,2009/10,2010
419156,aaa1b522,deccan,2009/10,2010
419156,740742ef,deccan,2009/10,2010
419156,bd77eb62,deccan,2009/10,2010
419156,3d8feaf8,deccan,2009/10,2010
419156,f4f0fafd,deccan,2009/10,2010
419156,c3d1402f,deccan,2009/10,2010
419156,6c6591ab,deccan,2009/10,2010
419156,12eddf28,deccan,2009/10,2010
419156,5d9a1a73,deccan,2009/10,2010
419156,d18f9182,pbks,2009/10,2010
419156,508a1ea7,pbks,2009/10,2010
419156,6b71e6cf,pbks,2009/10,2010
419156,1c914163,pbks,2009/10,2010
419156,5fa06777,pbks,2009/10,2010
419156,a1f1829d,pbks,2009/10,2010
419156,dec8e038,pbks,2009/10,2010
419156,a3ecf01f,pbks,2009/10,2010
419156,98ae73b1,pbks,2009/10,2010
419156,2049f3a0,pbks,2009/10,2010
419156,5f26df4f,pbks,2009/10,2010
419157,c654af19,mi,2009/10,2010
419157,d2c2b2d5,mi,2009/10,2010
419157,70d205c9,mi,2009/10,2010
419157,a757b0d8,mi,2009/10,2010
419157,2e8994e7,mi,2009/10,2010
419157,a45a5e8d,mi,2009/10,2010
419157,709b0bac,mi,2009/10,2010
419157,855a210c,mi,2009/10,2010
419157,8b5b6769,mi,2009/10,2010
419157,91a4a398,mi,2009/10,2010
419157,342d8ade,mi,2009/10,2010
419157,93b4fc78,rcb,2009/10,2010
419157,86dc8f2e,rcb,2009/10,2010
419157,39f01cdb,rcb,2009/10,2010
419157,0184dc35,rcb,2009/10,2010
419157,1c17e270,rcb,2009/10,2010
419157,b61a3e1a,rcb,2009/10,2010
419157,ba607b88,rcb,2009/10,2010
419157,8fd1a8f5,rcb,2009/10,2010
419157,41eb4a4f,rcb,2009/10,2010
419157,e32d22f6,rcb,2009/10,2010
419157,0c2730df,rcb,2009/10,2010
419158,725529bc,kkr,2009/10,2010
419158,b8a55852,kkr,2009/10,2010
419158,db584dad,kkr,2009/10,2010
419158,d4f9dbd4,kkr,2009/10,2010
419158,26e5cabf,kkr,2009/10,2010
419158,896d78ad,kkr,2009/10,2010
419158,b1451597,kkr,2009/10,2010
419158,1e66c162,kkr,2009/10,2010
419158,abfeb126,kkr,2009/10,2010
419158,66b30f71,kkr,2009/10,2010
419158,4f629497,kkr,2009/10,2010
419158,4329fbb5,rr,2009/10,2010
419158,890946a0,rr,2009/10,2010
419158,3c6ffae8,rr,2009/10,2010
419158,b8d490fd,rr,2009/10,2010
419158,864c199e,rr,2009/10,2010
419158,c69a7b5c,rr,2009/10,2010
419158,2728e7e9,rr,2009/10,2010
419158,c15e2193,rr,2009/10,2010
419158,bb18be76,rr,2009/10,2010
419158,3d7e087f,rr,2009/10,2010
419158,6ef60d3a,rr,2009/10,2010
419159,4b57e452,csk,2009/10,2010
419159,d8699ab7,csk,2009/10,2010
419159,1dc12ab9,csk,2009/10,2010
419159,3576e47e,csk,2009/10,2010
419159,4a8a2e3b,csk,2009/10,2010
419159,c3d35165,csk,2009/10,2010
419159,6581d753,csk,2009/10,2010
419159,495d42a5,csk,2009/10,2010
419159,c8179c68,csk,2009/10,2010
419159,45c2196c,csk,2009/10,2010
419159,c24a2c5d,csk,2009/10,2010
419159,d18f9182,pbks,2009/10,2010
419159,508a1ea7,pbks,2009/10,2010
419159,6b71e6cf,pbks,2009/10,2010
419159,1c914163,pbks,2009/10,2010
419159,5fa06777,pbks,2009/10,2010
419159,a1f1829d,pbks,2009/10,2010
419159,dec8e038,pbks,2009/10,2010
419159,5d096f3d,pbks,2009/10,2010
419159,98ae73b1,pbks,2009/10,2010
419159,3fca55af,pbks,2009/10,2010
419159,034b4b7d,pbks,2009/10,2010
419160,2b6e6dec,deccan,2009/10,2010
419160,6afb26d6,deccan,2009/10,2010
419160,aaa1b522,deccan,2009/10,2010
419160,740742ef,deccan,2009/10,2010
419160,bd77eb62,deccan,2009/10,2010
419160,3d8feaf8,deccan,2009/10,2010
419160,f4f0fafd,deccan,2009/10,2010
419160,bcce309e,deccan,2009/10,2010
419160,5d9a1a73,deccan,2009/10,2010
419160,6c6591ab,deccan,2009/10,2010
419160,2a72fd4f,deccan,2009/10,2010
419160,dcce6f09,dc,2009/10,2010
419160,8ba8195d,dc,2009/10,2010
419160,5bdcdb72,dc,2009/10,2010
419160,bb345e0b,dc,2009/10,2010
419160,c42aaf71,dc,2009/10,2010
419160,a386e91b,dc,2009/10,2010
419160,c03f1114,dc,2009/10,2010
419160,6b19d823,dc,2009/10,2010
419160,96fd40ae,dc,2009/10,2010
419160,c404f58a,dc,2009/10,2010
419160,cc1e8c68,dc,2009/10,2010
419161,725529bc,kkr,2009/10,2010
419161,b8a55852,kkr,2009/10,2010
419161,fd835ab3,kkr,2009/10,2010
419161,26e5cabf,kkr,2009/10,2010
419161,896d78ad,kkr,2009/10,2010
419161,d4f9dbd4,kkr,2009/10,2010
419161,fe11caa6,kkr,2009/10,2010
419161,1e66c162,kkr,2009/10,2010
419161,abfeb126,kkr,2009/10,2010
419161,66b30f71,kkr,2009/10,2010
419161,4f629497,kkr,2009/10,2010
419161,855a210c,mi,2009/10,2010
419161,0a476045,mi,2009/10,2010
419161,709b0bac,mi,2009/10,2010
419161,2e8994e7,mi,2009/10,2010
419161,626c5379,mi,2009/10,2010
419161,87e562a9,mi,2009/10,2010
419161,70d205c9,mi,2009/10,2010
419161,bd17b45f,mi,2009/10,2010
419161,c654af19,mi,2009/10,2010
419161,ef5da05c,mi,2009/10,2010
419161,342d8ade,mi,2009/10,2010
419162,0a476045,mi,2009/10,2010
419162,d2c2b2d5,mi,2009/10,2010
419162,a45a5e8d,mi,2009/10,2010
419162,70d205c9,mi,2009/10,2010
419162,2e8994e7,mi,2009/10,2010
419162,709b0bac,mi,2009/10,2010
419162,a757b0d8,mi,2009/10,2010
419162,8b5b6769,mi,2009/10,2010
419162,91a4a398,mi,2009/10,2010
419162,342d8ade,mi,2009/10,2010
419162,a12e1d51,mi,2009/10,2010
419162,86dc8f2e,rcb,2009/10,2010
419162,0184dc35,rcb,2009/10,2010
419162,39f01cdb,rcb,2009/10,2010
419162,1c17e270,rcb,2009/10,2010
419162,b61a3e1a,rcb,2009/10,2010
419162,ba607b88,rcb,2009/10,2010
419162,93b4fc78,rcb,2009/10,2010
419162,e938e1bc,rcb,2009/10,2010
419162,41eb4a4f,rcb,2009/10,2010
419162,8fd1a8f5,rcb,2009/10,2010
419162,0c2730df,rcb,2009/10,2010
419163,4b57e452,csk,2009/10,2010
419163,d8699ab7,csk,2009/10,2010
419163,1dc12ab9,csk,2009/10,2010
419163,3576e47e,csk,2009/10,2010
419163,4a8a2e3b,csk,2009/10,2010
419163,c3d35165,csk,2009/10,2010
419163,95a2ea61,csk,2009/10,2010
419163,495d42a5,csk,2009/10,2010
419163,c8179c68,csk,2009/10,2010
419163,45c2196c,csk,2009/10,2010
419163,4ba44e19,csk,2009/10,2010
419163,2b6e6dec,deccan,2009/10,2010
419163,e1d1b294,deccan,2009/10,2010
419163,aaa1b522,deccan,2009/10,2010
419163,740742ef,deccan,2009/10,2010
419163,bd77eb62,deccan,2009/10,2010
419163,6afb26d6,deccan,2009/10,2010
419163,f4f0fafd,deccan,2009/10,2010
419163,12eddf28,deccan,2009/10,2010
419163,2a72fd4f,deccan,2009/10,2010
419163,c3d1402f,deccan,2009/10,2010
419163,6c6591ab,deccan,2009/10,2010
419164,2b6e6dec,deccan,2009/10,2010
419164,6afb26d6,deccan,2009/10,2010
419164,7bb62642,deccan,2009/10,2010
419164,740742ef,deccan,2009/10,2010
419164,bd77eb62,deccan,2009/10,2010
419164,35205dfc,deccan,2009/10,2010
419164,fe763256,deccan,2009/10,2010
419164,12eddf28,deccan,2009/10,2010
419164,5d9a1a73,deccan,2009/10,2010
419164,2a72fd4f,deccan,2009/10,2010
419164,6c6591ab,deccan,2009/10,2010
419164,86dc8f2e,rcb,2009/10,2010
419164,0184dc35,rcb,2009/10,2010
419164,39f01cdb,rcb,2009/10,2010
419164,1c17e270,rcb,2009/10,2010
419164,ba607b88,rcb,2009/10,2010
419164,d0513f63,rcb,2009/10,2010
419164,af7dadf7,rcb,2009/10,2010
419164,e938e1bc,rcb,2009/10,2010
419164,0c2730df,rcb,2009/10,2010
419164,6ec424a9,rcb,2009/10,2010
419164,8fd1a8f5,rcb,2009/10,2010
419165,4b57e452,csk,2009/10,2010
419165,d8699ab7,csk,2009/10,2010
419165,1dc12ab9,csk,2009/10,2010
419165,3576e47e,csk,2009/10,2010
419165,4a8a2e3b,csk,2009/10,2010
419165,c3d35165,csk,2009/10,2010
419165,95a2ea61,csk,2009/10,2010
419165,495d42a5,csk,2009/10,2010
419165,c8179c68,csk,2009/10,2010
419165,45c2196c,csk,2009/10,2010
419165,4ba44e19,csk,2009/10,2010
419165,0a476045,mi,2009/10,2010
419165,d2c2b2d5,mi,2009/10,2010
419165,a45a5e8d,mi,2009/10,2010
419165,8b5b6769,mi,2009/10,2010
419165,70d205c9,mi,2009/10,2010
419165,709b0bac,mi,2009/10,2010
419165,2e8994e7,mi,2009/10,2010
419165,a757b0d8,mi,2009/10,2010
419165,91a4a398,mi,2009/10,2010
419165,a12e1d51,mi,2009/10,2010
419165,342d8ade,mi,2009/10,2010
501198,95a2ea61,csk,2011,2011
501198,4b57e452,csk,2011,2011
501198,1dc12ab9,csk,2011,2011
501198,4a8a2e3b,csk,2011,2011
501198,c3d35165,csk,2011,2011
501198,57efa3be,csk,2011,2011
501198,3576e47e,csk,2011,2011
501198,495d42a5,csk,2011,2011
501198,c8179c68,csk,2011,2011
501198,13c35c9e,csk,2011,2011
501198,f5f18a18,csk,2011,2011
501198,5afd4539,kkr,2011,2011
501198,86dc8f2e,kkr,2011,2011
501198,3c6ffae8,kkr,2011,2011
501198,26e5cabf,kkr,2011,2011
501198,d2a6c0e6,kkr,2011,2011
501198,bb345e0b,kkr,2011,2011
501198,b1451597,kkr,2011,2011
501198,33a364a6,kkr,2011,2011
501198,85aae393,kkr,2011,2011
501198,b2b50355,kkr,2011,2011
501198,fb693839,kkr,2011,2011
501199,0a476045,deccan,2011,2011
501199,dded65e7,deccan,2011,2011
501199,6b71e6cf,deccan,2011,2011
501199,5451a2c1,deccan,2011,2011
501199,2e8994e7,deccan,2011,2011
501199,2a2e6343,deccan,2011,2011
501199,b720a5d6,deccan,2011,2011
501199,8fd1a8f5,deccan,2011,2011
501199,6b19d823,deccan,2011,2011
501199,5bb1a1c4,deccan,2011,2011
501199,6c6591ab,deccan,2011,2011
501199,3a02626a,rr,2011,2011
501199,0184dc35,rr,2011,2011
501199,7c503806,rr,2011,2011
501199,b61a3e1a,rr,2011,2011
501199,c69a7b5c,rr,2011,2011
501199,8291f939,rr,2011,2011
501199,5b040b81,rr,2011,2011
501199,3eac9d95,rr,2011,2011
501199,bb18be76,rr,2011,2011
501199,3d7e087f,rr,2011,2011
501199,bd17b45f,rr,2011,2011
501200,b8a55852,ktk,2011,2011
501200,de8cce37,ktk,2011,2011
501200,d18f9182,ktk,2011,2011
501200,b57f8a9a,ktk,2011,2011
501200,fe93fd9d,ktk,2011,2011
501200,b2570b38,ktk,2011,2011
501200,b5da6c24,ktk,2011,2011
501200,4ba44e19,ktk,2011,2011
501200,41eb4a4f,ktk,2011,2011
501200,c3d1402f,ktk,2011,2011
501200,6b8eb6e5,ktk,2011,2011
501200,00ea847a,rcb,2011,2011
501200,5bdcdb72,rcb,2011,2011
501200,ba607b88,rcb,2011,2011
501200,c4487b84,rcb,2011,2011
501200,709b0bac,rcb,2011,2011
501200,3ae3f034,rcb,2011,2011
501200,d4f9dbd4,rcb,2011,2011
501200,91a4a398,rcb,2011,2011
501200,d7c6af50,rcb,2011,2011
501200,c404f58a,rcb,2011,2011
501200,66cf56a5,rcb,2011,2011
501201,dcce6f09,dc,2011,2011
501201,8ba8195d,dc,2011,2011
501201,0c94f480,dc,2011,2011
501201,b8d490fd,dc,2011,2011
501201,890946a0,dc,2011,2011
501201,fe763256,dc,2011,2011
501201,5fa06777,dc,2011,2011
501201,05c2ca46,dc,2011,2011
501201,5bb5a915,dc,2011,2011
501201,cc1e8c68,dc,2011,2011
501201,66b30f71,dc,2011,2011
501201,a84468fe,mi,2011,2011
501201,d2c2b2d5,mi,2011,2011
501201,70d205c9,mi,2011,2011
501201,740742ef,mi,2011,2011
501201,a757b0d8,mi,2011,2011
501201,cf73ad76,mi,2011,2011
501201,626c5379,mi,2011,2011
501201,8b5b6769,mi,2011,2011
501201,ef5da05c,mi,2011,2011
501201,f0f628c7,mi,2011,2011
501201,a12e1d51,mi,2011,2011
501202,2b6e6dec,pbks,2011,2011
501202,508a1ea7,pbks,2011,2011
501202,25eeb281,pbks,2011,2011
501202,c03f1114,pbks,2011,2011
501202,a45a5e8d,pbks,2011,2011
501202,30e37810,pbks,2011,2011
501202,c654af19,pbks,2011,2011
501202,98ae73b1,pbks,2011,2011
501202,e938e1bc,pbks,2011,2011
501202,6042bf26,pbks,2011,2011
501202,dc4686e6,pbks,2011,2011
501202,72861603,pwi,2011,2011
501202,91ffa6c6,pwi,2011,2011
501202,c42aaf71,pwi,2011,2011
501202,1c17e270,pwi,2011,2011
501202,1c914163,pwi,2011,2011
501202,6afb26d6,pwi,2011,2011
501202,5d9a1a73,pwi,2011,2011
501202,abfeb126,pwi,2011,2011
501202,dddca1d6,pwi,2011,2011
501202,3a60e0b5,pwi,2011,2011
501202,b552a935,pwi,2011,2011
501203,0a476045,deccan,2011,2011
501203,dded65e7,deccan,2011,2011
501203,5451a2c1,deccan,2011,2011
501203,6b71e6cf,deccan,2011,2011
501203,2e8994e7,deccan,2011,2011
501203,2a2e6343,deccan,2011,2011
501203,b720a5d6,deccan,2011,2011
501203,8fd1a8f5,deccan,2011,2011
501203,6b19d823,deccan,2011,2011
501203,5bb1a1c4,deccan,2011,2011
501203,6c6591ab,deccan,2011,2011
501203,86dc8f2e,kkr,2011,2011
501203,5afd4539,kkr,2011,2011
501203,bb345e0b,kkr,2011,2011
501203,26e5cabf,kkr,2011,2011
501203,3c6ffae8,kkr,2011,2011
501203,d2a6c0e6,kkr,2011,2011
501203,4ec07775,kkr,2011,2011
501203,85aae393,kkr,2011,2011
501203,33a364a6,kkr,2011,2011
501203,b2b50355,kkr,2011,2011
501203,1e66c162,kkr,2011,2011
501204,dcce6f09,dc,2011,2011
501204,8ba8195d,dc,2011,2011
501204,b8d490fd,dc,2011,2011
501204,0c94f480,dc,2011,2011
501204,890946a0,dc,2011,2011
501204,fe763256,dc,2011,2011
501204,5fa06777,dc,2011,2011
501204,05c2ca46,dc,2011,2011
501204,5bb5a915,dc,2011,2011
501204,9d80c5e1,dc,2011,2011
501204,66b30f71,dc,2011,2011
501204,3a02626a,rr,2011,2011
501204,0184dc35,rr,2011,2011
501204,7c503806,rr,2011,2011
501204,8291f939,rr,2011,2011
501204,29e95537,rr,2011,2011
501204,b61a3e1a,rr,2011,2011
501204,c69a7b5c,rr,2011,2011
501204,bb18be76,rr,2011,2011
501204,5b040b81,rr,2011,2011
501204,3d7e087f,rr,2011,2011
501204,addfb70e,rr,2011,2011
501205,a84468fe,mi,2011,2011
501205,d2c2b2d5,mi,2011,2011
501205,70d205c9,mi,2011,2011
501205,740742ef,mi,2011,2011
501205,a757b0d8,mi,2011,2011
501205,cf73ad76,mi,2011,2011
501205,626c5379,mi,2011,2011
501205,8b5b6769,mi,2011,2011
501205,ef5da05c,mi,2011,2011
501205,f0f628c7,mi,2011,2011
501205,a12e1d51,mi,2011,2011
501205,00ea847a,rcb,2011,2011
501205,5bdcdb72,rcb,2011,2011
501205,ba607b88,rcb,2011,2011
501205,c4487b84,rcb,2011,2011
501205,3ae3f034,rcb,2011,2011
501205,709b0bac,rcb,2011,2011
501205,d4f9dbd4,rcb,2011,2011
501205,91a4a398,rcb,2011,2011
501205,d7c6af50,rcb,2011,2011
501205,c404f58a,rcb,2011,2011
501205,66cf56a5,rcb,2011,2011
501206,95a2ea61,csk,2011,2011
501206,4b57e452,csk,2011,2011
501206,1dc12ab9,csk,2011,2011
501206,3576e47e,csk,2011,2011
501206,4a8a2e3b,csk,2011,2011
501206,57efa3be,csk,2011,2011
501206,c3d35165,csk,2011,2011
501206,495d42a5,csk,2011,2011
501206,c8179c68,csk,2011,2011
501206,13c35c9e,csk,2011,2011
501206,f5f18a18,csk,2011,2011
501206,25eeb281,pbks,2011,2011
501206,2b6e6dec,pbks,2011,2011
501206,508a1ea7,pbks,2011,2011
501206,30e37810,pbks,2011,2011
501206,a45a5e8d,pbks,2011,2011
501206,c03f1114,pbks,2011,2011
501206,c654af19,pbks,2011,2011
501206,e938e1bc,pbks,2011,2011
501206,12eddf28,pbks,2011,2011
501206,98ae73b1,pbks,2011,2011
501206,dc4686e6,pbks,2011,2011
501207,b8a55852,ktk,2011,2011
501207,de8cce37,ktk,2011,2011
501207,b5da6c24,ktk,2011,2011
501207,d18f9182,ktk,2011,2011
501207,b57f8a9a,ktk,2011,2011
501207,fe93fd9d,ktk,2011,2011
501207,b2570b38,ktk,2011,2011
501207,41eb4a4f,ktk,2011,2011
501207,6b8eb6e5,ktk,2011,2011
501207,c3d1402f,ktk,2011,2011
501207,4ba44e19,ktk,2011,2011
501207,91ffa6c6,pwi,2011,2011
501207,72861603,pwi,2011,2011
501207,c42aaf71,pwi,2011,2011
501207,1c914163,pwi,2011,2011
501207,1c17e270,pwi,2011,2011
501207,6afb26d6,pwi,2011,2011
501207,3a60e0b5,pwi,2011,2011
501207,5d9a1a73,pwi,2011,2011
501207,abfeb126,pwi,2011,2011
501207,dddca1d6,pwi,2011,2011
501207,b552a935,pwi,2011,2011
501208,3fca55af,deccan,2011,2011
501208,0a476045,deccan,2011,2011
501208,6b71e6cf,deccan,2011,2011
501208,5451a2c1,deccan,2011,2011
501208,2e8994e7,deccan,2011,2011
501208,2a2e6343,deccan,2011,2011
501208,b720a5d6,deccan,2011,2011
501208,6b19d823,deccan,2011,2011
501208,8fd1a8f5,deccan,2011,2011
501208,5bb1a1c4,deccan,2011,2011
501208,ae78bc32,deccan,2011,2011
501208,00ea847a,rcb,2011,2011
501208,5bdcdb72,rcb,2011,2011
501208,91a4a398,rcb,2011,2011
501208,ba607b88,rcb,2011,2011
501208,c4487b84,rcb,2011,2011
501208,709b0bac,rcb,2011,2011
501208,d4f9dbd4,rcb,2011,2011
501208,6821ac10,rcb,2011,2011
501208,d7c6af50,rcb,2011,2011
501208,ce4cc4d5,rcb,2011,2011
501208,957532de,rcb,2011,2011
501209,5afd4539,kkr,2011,2011
501209,86dc8f2e,kkr,2011,2011
501209,bb345e0b,kkr,2011,2011
501209,26e5cabf,kkr,2011,2011
501209,3c6ffae8,kkr,2011,2011
501209,d2a6c0e6,kkr,2011,2011
501209,7dc35884,kkr,2011,2011
501209,85aae393,kkr,2011,2011
501209,33a364a6,kkr,2011,2011
501209,dd09ff8e,kkr,2011,2011
501209,b2b50355,kkr,2011,2011
501209,3a02626a,rr,2011,2011
501209,0184dc35,rr,2011,2011
501209,8291f939,rr,2011,2011
501209,4329fbb5,rr,2011,2011
501209,b61a3e1a,rr,2011,2011
501209,7c503806,rr,2011,2011
501209,c69a7b5c,rr,2011,2011
501209,bb18be76,rr,2011,2011
501209,5b040b81,rr,2011,2011
501209,3d7e087f,rr,2011,2011
501209,6ec424a9,rr,2011,2011
501210,b8a55852,ktk,2011,2011
501210,d18f9182,ktk,2011,2011
501210,fe93fd9d,ktk,2011,2011
501210,b57f8a9a,ktk,2011,2011
501210,99d63244,ktk,2011,2011
501210,b5da6c24,ktk,2011,2011
501210,0f12f9df,ktk,2011,2011
501210,b2570b38,ktk,2011,2011
501210,41eb4a4f,ktk,2011,2011
501210,c3d1402f,ktk,2011,2011
501210,5d096f3d,ktk,2011,2011
501210,a84468fe,mi,2011,2011
501210,d2c2b2d5,mi,2011,2011
501210,70d205c9,mi,2011,2011
501210,a757b0d8,mi,2011,2011
501210,740742ef,mi,2011,2011
501210,bd77eb62,mi,2011,2011
501210,626c5379,mi,2011,2011
501210,8b5b6769,mi,2011,2011
501210,ef5da05c,mi,2011,2011
501210,f0f628c7,mi,2011,2011
501210,a12e1d51,mi,2011,2011
501211,48fd7349,csk,2011,2011
501211,4b57e452,csk,2011,2011
501211,1dc12ab9,csk,2011,2011
501211,4a8a2e3b,csk,2011,2011
501211,c3d35165,csk,2011,2011
501211,3576e47e,csk,2011,2011
501211,95a2ea61,csk,2011,2011
501211,495d42a5,csk,2011,2011
501211,c8179c68,csk,2011,2011
501211,13c35c9e,csk,2011,2011
501211,f5f18a18,csk,2011,2011
501211,00ea847a,rcb,2011,2011
501211,5bdcdb72,rcb,2011,2011
501211,3ae3f034,rcb,2011,2011
501211,ba607b88,rcb,2011,2011
501211,c4487b84,rcb,2011,2011
501211,709b0bac,rcb,2011,2011
501211,d4f9dbd4,rcb,2011,2011
501211,6821ac10,rcb,2011,2011
501211,d7c6af50,rcb,2011,2011
501211,ce4cc4d5,rcb,2011,2011
501211,91a4a398,rcb,2011,2011
501212,3fca55af,deccan,2011,2011
501212,0a476045,deccan,2011,2011
501212,6b71e6cf,deccan,2011,2011
501212,2e8994e7,deccan,2011,2011
501212,5451a2c1,deccan,2011,2011
501212,2a2e6343,deccan,2011,2011
501212,ae78bc32,deccan,2011,2011
501212,b720a5d6,deccan,2011,2011
501212,6b19d823,deccan,2011,2011
501212,8fd1a8f5,deccan,2011,2011
501212,5bb1a1c4,deccan,2011,2011
501212,2b6e6dec,pbks,2011,2011
501212,25eeb281,pbks,2011,2011
501212,a45a5e8d,pbks,2011,2011
501212,c03f1114,pbks,2011,2011
501212,508a1ea7,pbks,2011,2011
501212,30e37810,pbks,2011,2011
501212,c654af19,pbks,2011,2011
501212,e938e1bc,pbks,2011,2011
501212,12eddf28,pbks,2011,2011
501212,98ae73b1,pbks,2011,2011
501212,5f26df4f,pbks,2011,2011
501213,dcce6f09,dc,2011,2011
501213,8ba8195d,dc,2011,2011
501213,5fa06777,dc,2011,2011
501213,890946a0,dc,2011,2011
501213,afa7e784,dc,2011,2011
501213,fe763256,dc,2011,2011
501213,b8d490fd,dc,2011,2011
501213,2498e163,dc,2011,2011
501213,9d80c5e1,dc,2011,2011
501213,66b30f71,dc,2011,2011
501213,cc1e8c68,dc,2011,2011
501213,91ffa6c6,pwi,2011,2011
501213,72861603,pwi,2011,2011
501213,c42aaf71,pwi,2011,2011
501213,1c914163,pwi,2011,2011
501213,1c17e270,pwi,2011,2011
501213,6afb26d6,pwi,2011,2011
501213,3a60e0b5,pwi,2011,2011
501213,2815fe50,pwi,2011,2011
501213,5d9a1a73,pwi,2011,2011
501213,dddca1d6,pwi,2011,2011
501213,b552a935,pwi,2011,2011
501214,86dc8f2e,kkr,2011,2011
501214,5afd4539,kkr,2011,2011
501214,bb345e0b,kkr,2011,2011
501214,26e5cabf,kkr,2011,2011
501214,3c6ffae8,kkr,2011,2011
501214,d2a6c0e6,kkr,2011,2011
501214,7dc35884,kkr,2011,2011
501214,85aae393,kkr,2011,2011
501214,33a364a6,kkr,2011,2011
501214,dd09ff8e,kkr,2011,2011
501214,b2b50355,kkr,2011,2011
501214,4329fbb5,rr,2011,2011
501214,3a02626a,rr,2011,2011
501214,c15e2193,rr,2011,2011
501214,c69a7b5c,rr,2011,2011
501214,8291f939,rr,2011,2011
501214,b61a3e1a,rr,2011,2011
501214,29e95537,rr,2011,2011
501214,bb18be76,rr,2011,2011
501214,5b040b81,rr,2011,2011
501214,addfb70e,rr,2011,2011
501214,3d7e087f,rr,2011,2011
501215,48fd7349,csk,2011,2011
501215,4b57e452,csk,2011,2011
501215,1dc12ab9,csk,2011,2011
501215,3576e47e,csk,2011,2011
501215,4a8a2e3b,csk,2011,2011
501215,c3d35165,csk,2011,2011
501215,95a2ea61,csk,2011,2011
501215,495d42a5,csk,2011,2011
501215,c8179c68,csk,2011,2011
501215,13c35c9e,csk,2011,2011
501215,45c2196c,csk,2011,2011
501215,b8a55852,ktk,2011,2011
501215,d18f9182,ktk,2011,2011
501215,b5da6c24,ktk,2011,2011
501215,b57f8a9a,ktk,2011,2011
501215,fe93fd9d,ktk,2011,2011
501215,99d63244,ktk,2011,2011
501215,0f12f9df,ktk,2011,2011
501215,b2570b38,ktk,2011,2011
501215,41eb4a4f,ktk,2011,2011
501215,c3d1402f,ktk,2011,2011
501215,5d096f3d,ktk,2011,2011
501216,3fca55af,deccan,2011,2011
501216,0a476045,deccan,2011,2011
501216,6b71e6cf,deccan,2011,2011
501216,d0513f63,deccan,2011,2011
501216,2a2e6343,deccan,2011,2011
501216,5451a2c1,deccan,2011,2011
501216,b720a5d6,deccan,2011,2011
501216,6b19d823,deccan,2011,2011
501216,8fd1a8f5,deccan,2011,2011
501216,6c6591ab,deccan,2011,2011
501216,2a72fd4f,deccan,2011,2011
501216,dcce6f09,dc,2011,2011
501216,8ba8195d,dc,2011,2011
501216,890946a0,dc,2011,2011
501216,b8d490fd,dc,2011,2011
501216,fe763256,dc,2011,2011
501216,5fa06777,dc,2011,2011
501216,2498e163,dc,2011,2011
501216,662c47a6,dc,2011,2011
501216,5bb5a915,dc,2011,2011
501216,9d80c5e1,dc,2011,2011
501216,66b30f71,dc,2011,2011
501218,cf73ad76,mi,2011,2011
501218,d2c2b2d5,mi,2011,2011
501218,70d205c9,mi,2011,2011
501218,740742ef,mi,2011,2011
501218,bd77eb62,mi,2011,2011
501218,a757b0d8,mi,2011,2011
501218,626c5379,mi,2011,2011
501218,2af1b6d2,mi,2011,2011
501218,ef5da05c,mi,2011,2011
501218,f0f628c7,mi,2011,2011
501218,a12e1d51,mi,2011,2011
501218,91ffa6c6,pwi,2011,2011
501218,5748e866,pwi,2011,2011
501218,c42aaf71,pwi,2011,2011
501218,1c17e270,pwi,2011,2011
501218,1c914163,pwi,2011,2011
501218,6afb26d6,pwi,2011,2011
501218,abfeb126,pwi,2011,2011
501218,3a60e0b5,pwi,2011,2011
501218,5d9a1a73,pwi,2011,2011
501218,dddca1d6,pwi,2011,2011
501218,b552a935,pwi,2011,2011
501219,b8a55852,ktk,2011,2011
501219,d18f9182,ktk,2011,2011
501219,b5da6c24,ktk,2011,2011
501219,b57f8a9a,ktk,2011,2011
501219,fe93fd9d,ktk,2011,2011
501219,99d63244,ktk,2011,2011
501219,b2570b38,ktk,2011,2011
501219,41eb4a4f,ktk,2011,2011
501219,5d096f3d,ktk,2011,2011
501219,c3d1402f,ktk,2011,2011
501219,4ba44e19,ktk,2011,2011
501219,5afd4539,kkr,2011,2011
501219,86dc8f2e,kkr,2011,2011
501219,bb345e0b,kkr,2011,2011
501219,26e5cabf,kkr,2011,2011
501219,d2a6c0e6,kkr,2011,2011
501219,7dc35884,kkr,2011,2011
501219,3c6ffae8,kkr,2011,2011
501219,33a364a6,kkr,2011,2011
501219,dd09ff8e,kkr,2011,2011
501219,85aae393,kkr,2011,2011
501219,b2b50355,kkr,2011,2011
501220,2b6e6dec,pbks,2011,2011
501220,25eeb281,pbks,2011,2011
501220,508a1ea7,pbks,2011,2011
501220,c03f1114,pbks,2011,2011
501220,a45a5e8d,pbks,2011,2011
501220,c654af19,pbks,2011,2011
501220,30e37810,pbks,2011,2011
501220,98ae73b1,pbks,2011,2011
501220,12eddf28,pbks,2011,2011
501220,e938e1bc,pbks,2011,2011
501220,dc4686e6,pbks,2011,2011
501220,ae091d39,rr,2011,2011
501220,0184dc35,rr,2011,2011
501220,4329fbb5,rr,2011,2011
501220,bd17b45f,rr,2011,2011
501220,b61a3e1a,rr,2011,2011
501220,8291f939,rr,2011,2011
501220,c69a7b5c,rr,2011,2011
501220,063b3673,rr,2011,2011
501220,bb18be76,rr,2011,2011
501220,addfb70e,rr,2011,2011
501220,3d7e087f,rr,2011,2011
501221,48fd7349,csk,2011,2011
501221,4b57e452,csk,2011,2011
501221,1dc12ab9,csk,2011,2011
501221,3576e47e,csk,2011,2011
501221,4a8a2e3b,csk,2011,2011
501221,95a2ea61,csk,2011,2011
501221,c3d35165,csk,2011,2011
501221,495d42a5,csk,2011,2011
501221,9f961c14,csk,2011,2011
501221,f5f18a18,csk,2011,2011
501221,45c2196c,csk,2011,2011
501221,626c5379,mi,2011,2011
501221,d2c2b2d5,mi,2011,2011
501221,70d205c9,mi,2011,2011
501221,740742ef,mi,2011,2011
501221,bd77eb62,mi,2011,2011
501221,a757b0d8,mi,2011,2011
501221,cf73ad76,mi,2011,2011
501221,8b5b6769,mi,2011,2011
501221,2af1b6d2,mi,2011,2011
501221,f0f628c7,mi,2011,2011
501221,a12e1d51,mi,2011,2011
501222,86dc8f2e,kkr,2011,2011
501222,b0c772ee,kkr,2011,2011
501222,bb345e0b,kkr,2011,2011
501222,3c6ffae8,kkr,2011,2011
501222,d2a6c0e6,kkr,2011,2011
501222,26e5cabf,kkr,2011,2011
501222,7dc35884,kkr,2011,2011
501222,33a364a6,kkr,2011,2011
501222,85aae393,kkr,2011,2011
501222,1e66c162,kkr,2011,2011
501222,b2b50355,kkr,2011,2011
501222,5bdcdb72,rcb,2011,2011
501222,db584dad,rcb,2011,2011
501222,ba607b88,rcb,2011,2011
501222,c4487b84,rcb,2011,2011
501222,709b0bac,rcb,2011,2011
501222,d4f9dbd4,rcb,2011,2011
501222,91a4a398,rcb,2011,2011
501222,3ae3f034,rcb,2011,2011
501222,d7c6af50,rcb,2011,2011
501222,957532de,rcb,2011,2011
501222,c64c2443,rcb,2011,2011
501223,dcce6f09,dc,2011,2011
501223,8ba8195d,dc,2011,2011
501223,662c47a6,dc,2011,2011
501223,fe763256,dc,2011,2011
501223,b8d490fd,dc,2011,2011
501223,890946a0,dc,2011,2011
501223,5fa06777,dc,2011,2011
501223,2498e163,dc,2011,2011
501223,fa463154,dc,2011,2011
501223,5bb5a915,dc,2011,2011
501223,0a3d54b9,dc,2011,2011
501223,2b6e6dec,pbks,2011,2011
501223,25eeb281,pbks,2011,2011
501223,508a1ea7,pbks,2011,2011
501223,c03f1114,pbks,2011,2011
501223,fd835ab3,pbks,2011,2011
501223,a45a5e8d,pbks,2011,2011
501223,30e37810,pbks,2011,2011
501223,12eddf28,pbks,2011,2011
501223,98ae73b1,pbks,2011,2011
501223,e938e1bc,pbks,2011,2011
501223,2049f3a0,pbks,2011,2011
501224,3fca55af,deccan,2011,2011
501224,0a476045,deccan,2011,2011
501224,6b71e6cf,deccan,2011,2011
501224,d0513f63,deccan,2011,2011
501224,5451a2c1,deccan,2011,2011
501224,2a2e6343,deccan,2011,2011
501224,b720a5d6,deccan,2011,2011
501224,6b19d823,deccan,2011,2011
501224,8fd1a8f5,deccan,2011,2011
501224,5bb1a1c4,deccan,2011,2011
501224,6c6591ab,deccan,2011,2011
501224,a84468fe,mi,2011,2011
501224,d2c2b2d5,mi,2011,2011
501224,70d205c9,mi,2011,2011
501224,a757b0d8,mi,2011,2011
501224,740742ef,mi,2011,2011
501224,bd77eb62,mi,2011,2011
501224,626c5379,mi,2011,2011
501224,8b5b6769,mi,2011,2011
501224,2af1b6d2,mi,2011,2011
501224,f0f628c7,mi,2011,2011
501224,a12e1d51,mi,2011,2011
501225,d18f9182,ktk,2011,2011
501225,de8cce37,ktk,2011,2011
501225,b5da6c24,ktk,2011,2011
501225,b57f8a9a,ktk,2011,2011
501225,fe93fd9d,ktk,2011,2011
501225,b2570b38,ktk,2011,2011
501225,0f12f9df,ktk,2011,2011
501225,99d63244,ktk,2011,2011
501225,41eb4a4f,ktk,2011,2011
501225,4ba44e19,ktk,2011,2011
501225,c3d1402f,ktk,2011,2011
501225,4329fbb5,rr,2011,2011
501225,0184dc35,rr,2011,2011
501225,7c503806,rr,2011,2011
501225,b61a3e1a,rr,2011,2011
501225,8291f939,rr,2011,2011
501225,29e95537,rr,2011,2011
501225,5b040b81,rr,2011,2011
501225,063b3673,rr,2011,2011
501225,bb18be76,rr,2011,2011
501225,bd17b45f,rr,2011,2011
501225,3d7e087f,rr,2011,2011
501226,4b57e452,csk,2011,2011
501226,48fd7349,csk,2011,2011
501226,1dc12ab9,csk,2011,2011
501226,4a8a2e3b,csk,2011,2011
501226,c3d35165,csk,2011,2011
501226,3576e47e,csk,2011,2011
501226,95a2ea61,csk,2011,2011
501226,495d42a5,csk,2011,2011
501226,45c2196c,csk,2011,2011
501226,c8179c68,csk,2011,2011
501226,f5f18a18,csk,2011,2011
501226,91ffa6c6,pwi,2011,2011
501226,6afb26d6,pwi,2011,2011
501226,93b4fc78,pwi,2011,2011
501226,1c17e270,pwi,2011,2011
501226,1c914163,pwi,2011,2011
501226,c42aaf71,pwi,2011,2011
501226,5673a3fc,pwi,2011,2011
501226,5d9a1a73,pwi,2011,2011
501226,4180d897,pwi,2011,2011
501226,abfeb126,pwi,2011,2011
501226,b552a935,pwi,2011,2011
501227,dcce6f09,dc,2011,2011
501227,8ba8195d,dc,2011,2011
501227,2498e163,dc,2011,2011
501227,afa7e784,dc,2011,2011
501227,fe763256,dc,2011,2011
501227,890946a0,dc,2011,2011
501227,5fa06777,dc,2011,2011
501227,662c47a6,dc,2011,2011
501227,5bb5a915,dc,2011,2011
501227,66b30f71,dc,2011,2011
501227,cc1e8c68,dc,2011,2011
501227,db584dad,rcb,2011,2011
501227,5bdcdb72,rcb,2011,2011
501227,ba607b88,rcb,2011,2011
501227,c4487b84,rcb,2011,2011
501227,709b0bac,rcb,2011,2011
501227,d4f9dbd4,rcb,2011,2011
501227,d7c6af50,rcb,2011,2011
501227,66cf56a5,rcb,2011,2011
501227,c64c2443,rcb,2011,2011
501227,91a4a398,rcb,2011,2011
501227,957532de,rcb,2011,2011
501228,48fd7349,csk,2011,2011
501228,4b57e452,csk,2011,2011
501228,3576e47e,csk,2011,2011
501228,1dc12ab9,csk,2011,2011
501228,4a8a2e3b,csk,2011,2011
501228,95a2ea61,csk,2011,2011
501228,495d42a5,csk,2011,2011
501228,469ea22b,csk,2011,2011
501228,45c2196c,csk,2011,2011
501228,c8179c68,csk,2011,2011
501228,13c35c9e,csk,2011,2011
501228,91ffa6c6,pwi,2011,2011
501228,6afb26d6,pwi,2011,2011
501228,93b4fc78,pwi,2011,2011
501228,c42aaf71,pwi,2011,2011
501228,1c914163,pwi,2011,2011
501228,1c17e270,pwi,2011,2011
501228,3d8feaf8,pwi,2011,2011
501228,4180d897,pwi,2011,2011
501228,abfeb126,pwi,2011,2011
501228,5d9a1a73,pwi,2011,2011
501228,b552a935,pwi,2011,2011
501229,3fca55af,deccan,2011,2011
501229,0a476045,deccan,2011,2011
501229,5451a2c1,deccan,2011,2011
501229,6b71e6cf,deccan,2011,2011
501229,d0513f63,deccan,2011,2011
501229,2a2e6343,deccan,2011,2011
501229,b720a5d6,deccan,2011,2011
501229,6b19d823,deccan,2011,2011
501229,ae78bc32,deccan,2011,2011
501229,8fd1a8f5,deccan,2011,2011
501229,5bb1a1c4,deccan,2011,2011
501229,b8a55852,ktk,2011,2011
501229,d18f9182,ktk,2011,2011
501229,b5da6c24,ktk,2011,2011
501229,b2570b38,ktk,2011,2011
501229,b57f8a9a,ktk,2011,2011
501229,99d63244,ktk,2011,2011
501229,fe93fd9d,ktk,2011,2011
501229,0f12f9df,ktk,2011,2011
501229,41eb4a4f,ktk,2011,2011
501229,6b8eb6e5,ktk,2011,2011
501229,c3d1402f,ktk,2011,2011
501230,dcce6f09,dc,2011,2011
501230,8ba8195d,dc,2011,2011
501230,2498e163,dc,2011,2011
501230,5fa06777,dc,2011,2011
501230,d2d4bb0a,dc,2011,2011
501230,fe763256,dc,2011,2011
501230,890946a0,dc,2011,2011
501230,662c47a6,dc,2011,2011
501230,fa463154,dc,2011,2011
501230,5bb5a915,dc,2011,2011
501230,cc1e8c68,dc,2011,2011
501230,86dc8f2e,kkr,2011,2011
501230,541f85c9,kkr,2011,2011
501230,bb345e0b,kkr,2011,2011
501230,26e5cabf,kkr,2011,2011
501230,3c6ffae8,kkr,2011,2011
501230,d2a6c0e6,kkr,2011,2011
501230,4ec07775,kkr,2011,2011
501230,dd09ff8e,kkr,2011,2011
501230,b2b50355,kkr,2011,2011
501230,85aae393,kkr,2011,2011
501230,1e66c162,kkr,2011,2011
501231,a84468fe,mi,2011,2011
501231,d2c2b2d5,mi,2011,2011
501231,70d205c9,mi,2011,2011
501231,740742ef,mi,2011,2011
501231,bd77eb62,mi,2011,2011
501231,a757b0d8,mi,2011,2011
501231,626c5379,mi,2011,2011
501231,8b5b6769,mi,2011,2011
501231,a12e1d51,mi,2011,2011
501231,ef5da05c,mi,2011,2011
501231,f0f628c7,mi,2011,2011
501231,4329fbb5,rr,2011,2011
501231,0184dc35,rr,2011,2011
501231,7c503806,rr,2011,2011
501231,b61a3e1a,rr,2011,2011
501231,8291f939,rr,2011,2011
501231,29e95537,rr,2011,2011
501231,5b040b81,rr,2011,2011
501231,063b3673,rr,2011,2011
501231,bb18be76,rr,2011,2011
501231,bd17b45f,rr,2011,2011
501231,3d7e087f,rr,2011,2011
501232,91ffa6c6,pwi,2011,2011
501232,5748e866,pwi,2011,2011
501232,93b4fc78,pwi,2011,2011
501232,1c914163,pwi,2011,2011
501232,1c17e270,pwi,2011,2011
501232,c42aaf71,pwi,2011,2011
501232,28c78fb3,pwi,2011,2011
501232,5d9a1a73,pwi,2011,2011
501232,4180d897,pwi,2011,2011
501232,b552a935,pwi,2011,2011
501232,6ef60d3a,pwi,2011,2011
501232,db584dad,rcb,2011,2011
501232,5bdcdb72,rcb,2011,2011
501232,ba607b88,rcb,2011,2011
501232,c4487b84,rcb,2011,2011
501232,709b0bac,rcb,2011,2011
501232,d84378a4,rcb,2011,2011
501232,66cf56a5,rcb,2011,2011
501232,91a4a398,rcb,2011,2011
501232,d7c6af50,rcb,2011,2011
501232,957532de,rcb,2011,2011
501232,c64c2443,rcb,2011,2011
501233,dcce6f09,dc,2011,2011
501233,8ba8195d,dc,2011,2011
501233,890946a0,dc,2011,2011
501233,fe763256,dc,2011,2011
501233,662c47a6,dc,2011,2011
501233,d2d4bb0a,dc,2011,2011
501233,5fa06777,dc,2011,2011
501233,05c2ca46,dc,2011,2011
501233,5bb5a915,dc,2011,2011
501233,fa463154,dc,2011,2011
501233,cc1e8c68,dc,2011,2011
501233,b8a55852,ktk,2011,2011
501233,b970a03f,ktk,2011,2011
501233,b5da6c24,ktk,2011,2011
501233,d18f9182,ktk,2011,2011
501233,b57f8a9a,ktk,2011,2011
501233,fe93fd9d,ktk,2011,2011
501233,af7dadf7,ktk,2011,2011
501233,41eb4a4f,ktk,2011,2011
501233,5d096f3d,ktk,2011,2011
501233,6b8eb6e5,ktk,2011,2011
501233,c3d1402f,ktk,2011,2011
501234,2b6e6dec,pbks,2011,2011
501234,25eeb281,pbks,2011,2011
501234,508a1ea7,pbks,2011,2011
501234,c03f1114,pbks,2011,2011
501234,a45a5e8d,pbks,2011,2011
501234,fd835ab3,pbks,2011,2011
501234,c18496e1,pbks,2011,2011
501234,e938e1bc,pbks,2011,2011
501234,98ae73b1,pbks,2011,2011
501234,dc4686e6,pbks,2011,2011
501234,12eddf28,pbks,2011,2011
501234,86dc8f2e,kkr,2011,2011
501234,d2a6c0e6,kkr,2011,2011
501234,bb345e0b,kkr,2011,2011
501234,26e5cabf,kkr,2011,2011
501234,541f85c9,kkr,2011,2011
501234,3c6ffae8,kkr,2011,2011
501234,33a364a6,kkr,2011,2011
501234,4ec07775,kkr,2011,2011
501234,85aae393,kkr,2011,2011
501234,b2b50355,kkr,2011,2011
501234,dd09ff8e,kkr,2011,2011
501235,91ffa6c6,pwi,2011,2011
501235,93b4fc78,pwi,2011,2011
501235,1c17e270,pwi,2011,2011
501235,1c914163,pwi,2011,2011
501235,28c78fb3,pwi,2011,2011
501235,c42aaf71,pwi,2011,2011
501235,5673a3fc,pwi,2011,2011
501235,5d9a1a73,pwi,2011,2011
501235,abfeb126,pwi,2011,2011
501235,4180d897,pwi,2011,2011
501235,b552a935,pwi,2011,2011
501235,4329fbb5,rr,2011,2011
501235,0184dc35,rr,2011,2011
501235,7c503806,rr,2011,2011
501235,8291f939,rr,2011,2011
501235,b61a3e1a,rr,2011,2011
501235,29e95537,rr,2011,2011
501235,5b040b81,rr,2011,2011
501235,bb18be76,rr,2011,2011
501235,bd17b45f,rr,2011,2011
501235,063b3673,rr,2011,2011
501235,3d7e087f,rr,2011,2011
501236,4b57e452,csk,2011,2011
501236,48fd7349,csk,2011,2011
501236,1dc12ab9,csk,2011,2011
501236,4a8a2e3b,csk,2011,2011
501236,c3d35165,csk,2011,2011
501236,3576e47e,csk,2011,2011
501236,95a2ea61,csk,2011,2011
501236,495d42a5,csk,2011,2011
501236,45c2196c,csk,2011,2011
501236,c8179c68,csk,2011,2011
501236,f5f18a18,csk,2011,2011
501236,3fca55af,deccan,2011,2011
501236,0a476045,deccan,2011,2011
501236,5451a2c1,deccan,2011,2011
501236,6b71e6cf,deccan,2011,2011
501236,d0513f63,deccan,2011,2011
501236,2e8994e7,deccan,2011,2011
501236,2a2e6343,deccan,2011,2011
501236,6b19d823,deccan,2011,2011
501236,5bb1a1c4,deccan,2011,2011
501236,6c6591ab,deccan,2011,2011
501236,2a72fd4f,deccan,2011,2011
501237,25eeb281,pbks,2011,2011
501237,2b6e6dec,pbks,2011,2011
501237,508a1ea7,pbks,2011,2011
501237,fd835ab3,pbks,2011,2011
501237,c03f1114,pbks,2011,2011
501237,a45a5e8d,pbks,2011,2011
501237,c18496e1,pbks,2011,2011
501237,98ae73b1,pbks,2011,2011
501237,12eddf28,pbks,2011,2011
501237,e938e1bc,pbks,2011,2011
501237,dc4686e6,pbks,2011,2011
501237,a84468fe,mi,2011,2011
501237,d2c2b2d5,mi,2011,2011
501237,70d205c9,mi,2011,2011
501237,a757b0d8,mi,2011,2011
501237,740742ef,mi,2011,2011
501237,bd77eb62,mi,2011,2011
501237,aaa1b522,mi,2011,2011
501237,8b5b6769,mi,2011,2011
501237,f0f628c7,mi,2011,2011
501237,a12e1d51,mi,2011,2011
501237,2af1b6d2,mi,2011,2011
501238,dcce6f09,dc,2011,2011
501238,8ba8195d,dc,2011,2011
501238,890946a0,dc,2011,2011
501238,662c47a6,dc,2011,2011
501238,fe763256,dc,2011,2011
501238,d2d4bb0a,dc,2011,2011
501238,5fa06777,dc,2011,2011
501238,05c2ca46,dc,2011,2011
501238,5bb5a915,dc,2011,2011
501238,fa463154,dc,2011,2011
501238,cc1e8c68,dc,2011,2011
501238,b970a03f,ktk,2011,2011
501238,b8a55852,ktk,2011,2011
501238,b5da6c24,ktk,2011,2011
501238,d18f9182,ktk,2011,2011
501238,b57f8a9a,ktk,2011,2011
501238,fe93fd9d,ktk,2011,2011
501238,b2570b38,ktk,2011,2011
501238,41eb4a4f,ktk,2011,2011
501238,c3d1402f,ktk,2011,2011
501238,6b8eb6e5,ktk,2011,2011
501238,0c432afb,ktk,2011,2011
501239,3fca55af,deccan,2011,2011
501239,0a476045,deccan,2011,2011
501239,6b71e6cf,deccan,2011,2011
501239,d0513f63,deccan,2011,2011
501239,2a2e6343,deccan,2011,2011
501239,b720a5d6,deccan,2011,2011
501239,5451a2c1,deccan,2011,2011
501239,6b19d823,deccan,2011,2011
501239,6c6591ab,deccan,2011,2011
501239,5bb1a1c4,deccan,2011,2011
501239,8fd1a8f5,deccan,2011,2011
501239,d2a6c0e6,kkr,2011,2011
501239,86dc8f2e,kkr,2011,2011
501239,bb345e0b,kkr,2011,2011
501239,3c6ffae8,kkr,2011,2011
501239,26e5cabf,kkr,2011,2011
501239,f3cb53a1,kkr,2011,2011
501239,33a364a6,kkr,2011,2011
501239,85aae393,kkr,2011,2011
501239,b2b50355,kkr,2011,2011
501239,dd09ff8e,kkr,2011,2011
501239,1e66c162,kkr,2011,2011
501240,48fd7349,csk,2011,2011
501240,4b57e452,csk,2011,2011
501240,1dc12ab9,csk,2011,2011
501240,c3d35165,csk,2011,2011
501240,4a8a2e3b,csk,2011,2011
501240,3576e47e,csk,2011,2011
501240,95a2ea61,csk,2011,2011
501240,495d42a5,csk,2011,2011
501240,45c2196c,csk,2011,2011
501240,c8179c68,csk,2011,2011
501240,f5f18a18,csk,2011,2011
501240,4329fbb5,rr,2011,2011
501240,0184dc35,rr,2011,2011
501240,8291f939,rr,2011,2011
501240,7c503806,rr,2011,2011
501240,b61a3e1a,rr,2011,2011
501240,29e95537,rr,2011,2011
501240,bd17b45f,rr,2011,2011
501240,063b3673,rr,2011,2011
501240,bb18be76,rr,2011,2011
501240,6ec424a9,rr,2011,2011
501240,3d7e087f,rr,2011,2011
501241,1efb8a28,mi,2011,2011
501241,d2c2b2d5,mi,2011,2011
501241,70d205c9,mi,2011,2011
501241,740742ef,mi,2011,2011
501241,aaa1b522,mi,2011,2011
501241,a757b0d8,mi,2011,2011
501241,bd77eb62,mi,2011,2011
501241,8b5b6769,mi,2011,2011
501241,d2a989fc,mi,2011,2011
501241,f0f628c7,mi,2011,2011
501241,a12e1d51,mi,2011,2011
501241,91ffa6c6,pwi,2011,2011
501241,93b4fc78,pwi,2011,2011
501241,72861603,pwi,2011,2011
501241,2815fe50,pwi,2011,2011
501241,1c914163,pwi,2011,2011
501241,1c17e270,pwi,2011,2011
501241,c42aaf71,pwi,2011,2011
501241,dddca1d6,pwi,2011,2011
501241,5d9a1a73,pwi,2011,2011
501241,4180d897,pwi,2011,2011
501241,b552a935,pwi,2011,2011
501242,b8a55852,ktk,2011,2011
501242,b970a03f,ktk,2011,2011
501242,b5da6c24,ktk,2011,2011
501242,d18f9182,ktk,2011,2011
501242,fe93fd9d,ktk,2011,2011
501242,b57f8a9a,ktk,2011,2011
501242,b2570b38,ktk,2011,2011
501242,41eb4a4f,ktk,2011,2011
501242,c3d1402f,ktk,2011,2011
501242,6b8eb6e5,ktk,2011,2011
501242,0c432afb,ktk,2011,2011
501242,86dc8f2e,kkr,2011,2011
501242,d2a6c0e6,kkr,2011,2011
501242,bb345e0b,kkr,2011,2011
501242,26e5cabf,kkr,2011,2011
501242,3c6ffae8,kkr,2011,2011
501242,f3cb53a1,kkr,2011,2011
501242,dd09ff8e,kkr,2011,2011
501242,33a364a6,kkr,2011,2011
501242,85aae393,kkr,2011,2011
501242,fb693839,kkr,2011,2011
501242,1e66c162,kkr,2011,2011
501243,0a476045,deccan,2011,2011
501243,b720a5d6,deccan,2011,2011
501243,6b71e6cf,deccan,2011,2011
501243,2e8994e7,deccan,2011,2011
501243,2a2e6343,deccan,2011,2011
501243,5451a2c1,deccan,2011,2011
501243,943fd425,deccan,2011,2011
501243,3fca55af,deccan,2011,2011
501243,6b19d823,deccan,2011,2011
501243,8fd1a8f5,deccan,2011,2011
501243,5bb1a1c4,deccan,2011,2011
501243,b8d490fd,dc,2011,2011
501243,8ba8195d,dc,2011,2011
501243,890946a0,dc,2011,2011
501243,fe763256,dc,2011,2011
501243,d2d4bb0a,dc,2011,2011
501243,5fa06777,dc,2011,2011
501243,2498e163,dc,2011,2011
501243,662c47a6,dc,2011,2011
501243,5bb5a915,dc,2011,2011
501243,fa463154,dc,2011,2011
501243,260fd380,dc,2011,2011
501244,2b6e6dec,pbks,2011,2011
501244,25eeb281,pbks,2011,2011
501244,a45a5e8d,pbks,2011,2011
501244,508a1ea7,pbks,2011,2011
501244,c03f1114,pbks,2011,2011
501244,30e37810,pbks,2011,2011
501244,c654af19,pbks,2011,2011
501244,98ae73b1,pbks,2011,2011
501244,12eddf28,pbks,2011,2011
501244,e938e1bc,pbks,2011,2011
501244,8b9704ae,pbks,2011,2011
501244,db584dad,rcb,2011,2011
501244,5bdcdb72,rcb,2011,2011
501244,ba607b88,rcb,2011,2011
501244,c4487b84,rcb,2011,2011
501244,709b0bac,rcb,2011,2011
501244,3ae3f034,rcb,2011,2011
501244,d84378a4,rcb,2011,2011
501244,66cf56a5,rcb,2011,2011
501244,d7c6af50,rcb,2011,2011
501244,91a4a398,rcb,2011,2011
501244,957532de,rcb,2011,2011
501245,48fd7349,csk,2011,2011
501245,4b57e452,csk,2011,2011
501245,1dc12ab9,csk,2011,2011
501245,3576e47e,csk,2011,2011
501245,c3d35165,csk,2011,2011
501245,4a8a2e3b,csk,2011,2011
501245,fe11caa6,csk,2011,2011
501245,495d42a5,csk,2011,2011
501245,45c2196c,csk,2011,2011
501245,c8179c68,csk,2011,2011
501245,f5f18a18,csk,2011,2011
501245,d2a6c0e6,kkr,2011,2011
501245,86dc8f2e,kkr,2011,2011
501245,bb345e0b,kkr,2011,2011
501245,26e5cabf,kkr,2011,2011
501245,3c6ffae8,kkr,2011,2011
501245,f3cb53a1,kkr,2011,2011
501245,33a364a6,kkr,2011,2011
501245,85aae393,kkr,2011,2011
501245,dd09ff8e,kkr,2011,2011
501245,b2b50355,kkr,2011,2011
501245,1e66c162,kkr,2011,2011
501246,8ba8195d,dc,2011,2011
501246,dcce6f09,dc,2011,2011
501246,c995d726,dc,2011,2011
501246,890946a0,dc,2011,2011
501246,fe763256,dc,2011,2011
501246,2498e163,dc,2011,2011
501246,5fa06777,dc,2011,2011
501246,662c47a6,dc,2011,2011
501246,fa463154,dc,2011,2011
501246,5bb5a915,dc,2011,2011
501246,9d80c5e1,dc,2011,2011
501246,1efb8a28,mi,2011,2011
501246,d2c2b2d5,mi,2011,2011
501246,70d205c9,mi,2011,2011
501246,740742ef,mi,2011,2011
501246,a757b0d8,mi,2011,2011
501246,bd77eb62,mi,2011,2011
501246,aaa1b522,mi,2011,2011
501246,d2a989fc,mi,2011,2011
501246,8b5b6769,mi,2011,2011
501246,f0f628c7,mi,2011,2011
501246,a12e1d51,mi,2011,2011
501247,b970a03f,ktk,2011,2011
501247,b8a55852,ktk,2011,2011
501247,b5da6c24,ktk,2011,2011
501247,d18f9182,ktk,2011,2011
501247,b57f8a9a,ktk,2011,2011
501247,fe93fd9d,ktk,2011,2011
501247,b2570b38,ktk,2011,2011
501247,41eb4a4f,ktk,2011,2011
501247,5d096f3d,ktk,2011,2011
501247,c3d1402f,ktk,2011,2011
501247,0c432afb,ktk,2011,2011
501247,db584dad,rcb,2011,2011
501247,5bdcdb72,rcb,2011,2011
501247,ba607b88,rcb,2011,2011
501247,c4487b84,rcb,2011,2011
501247,d4f9dbd4,rcb,2011,2011
501247,d84378a4,rcb,2011,2011
501247,709b0bac,rcb,2011,2011
501247,d7c6af50,rcb,2011,2011
501247,91a4a398,rcb,2011,2011
501247,957532de,rcb,2011,2011
501247,66cf56a5,rcb,2011,2011
501248,2b6e6dec,pbks,2011,2011
501248,25eeb281,pbks,2011,2011
501248,508a1ea7,pbks,2011,2011
501248,c03f1114,pbks,2011,2011
501248,fd835ab3,pbks,2011,2011
501248,c3a96caf,pbks,2011,2011
501248,facb9086,pbks,2011,2011
501248,12eddf28,pbks,2011,2011
501248,e938e1bc,pbks,2011,2011
501248,2049f3a0,pbks,2011,2011
501248,dc4686e6,pbks,2011,2011
501248,91ffa6c6,pwi,2011,2011
501248,93b4fc78,pwi,2011,2011
501248,1c17e270,pwi,2011,2011
501248,1c914163,pwi,2011,2011
501248,9b4935c8,pwi,2011,2011
501248,2815fe50,pwi,2011,2011
501248,3d8feaf8,pwi,2011,2011
501248,dddca1d6,pwi,2011,2011
501248,5d9a1a73,pwi,2011,2011
501248,3a60e0b5,pwi,2011,2011
501248,2e81a32d,pwi,2011,2011
501249,48fd7349,csk,2011,2011
501249,4b57e452,csk,2011,2011
501249,1dc12ab9,csk,2011,2011
501249,4a8a2e3b,csk,2011,2011
501249,c3d35165,csk,2011,2011
501249,3576e47e,csk,2011,2011
501249,87e562a9,csk,2011,2011
501249,fe11caa6,csk,2011,2011
501249,495d42a5,csk,2011,2011
501249,45c2196c,csk,2011,2011
501249,c8179c68,csk,2011,2011
501249,4329fbb5,rr,2011,2011
501249,0184dc35,rr,2011,2011
501249,29e95537,rr,2011,2011
501249,b61a3e1a,rr,2011,2011
501249,8291f939,rr,2011,2011
501249,7c503806,rr,2011,2011
501249,c69a7b5c,rr,2011,2011
501249,063b3673,rr,2011,2011
501249,5b040b81,rr,2011,2011
501249,3d7e087f,rr,2011,2011
501249,bb18be76,rr,2011,2011
501250,0a476045,deccan,2011,2011
501250,b720a5d6,deccan,2011,2011
501250,6b71e6cf,deccan,2011,2011
501250,2e8994e7,deccan,2011,2011
501250,2a2e6343,deccan,2011,2011
501250,5451a2c1,deccan,2011,2011
501250,3fca55af,deccan,2011,2011
501250,6b19d823,deccan,2011,2011
501250,8fd1a8f5,deccan,2011,2011
501250,5bb1a1c4,deccan,2011,2011
501250,6c6591ab,deccan,2011,2011
501250,91ffa6c6,pwi,2011,2011
501250,93b4fc78,pwi,2011,2011
501250,725529bc,pwi,2011,2011
501250,1c17e270,pwi,2011,2011
501250,1c914163,pwi,2011,2011
501250,9b4935c8,pwi,2011,2011
501250,3d8feaf8,pwi,2011,2011
501250,3a60e0b5,pwi,2011,2011
501250,dddca1d6,pwi,2011,2011
501250,5d9a1a73,pwi,2011,2011
501250,2e81a32d,pwi,2011,2011
501251,25eeb281,pbks,2011,2011
501251,2b6e6dec,pbks,2011,2011
501251,508a1ea7,pbks,2011,2011
501251,c03f1114,pbks,2011,2011
501251,fd835ab3,pbks,2011,2011
501251,c3a96caf,pbks,2011,2011
501251,c18496e1,pbks,2011,2011
501251,12eddf28,pbks,2011,2011
501251,e938e1bc,pbks,2011,2011
501251,2049f3a0,pbks,2011,2011
501251,dc4686e6,pbks,2011,2011
501251,1efb8a28,mi,2011,2011
501251,d2c2b2d5,mi,2011,2011
501251,740742ef,mi,2011,2011
501251,bd77eb62,mi,2011,2011
501251,70d205c9,mi,2011,2011
501251,aaa1b522,mi,2011,2011
501251,a757b0d8,mi,2011,2011
501251,8b5b6769,mi,2011,2011
501251,d2a989fc,mi,2011,2011
501251,a12e1d51,mi,2011,2011
501251,f0f628c7,mi,2011,2011
501252,4329fbb5,rr,2011,2011
501252,0184dc35,rr,2011,2011
501252,29e95537,rr,2011,2011
501252,7c503806,rr,2011,2011
501252,b61a3e1a,rr,2011,2011
501252,8291f939,rr,2011,2011
501252,c69a7b5c,rr,2011,2011
501252,063b3673,rr,2011,2011
501252,bb18be76,rr,2011,2011
501252,3d7e087f,rr,2011,2011
501252,e32d22f6,rr,2011,2011
501252,db584dad,rcb,2011,2011
501252,5bdcdb72,rcb,2011,2011
501252,ba607b88,rcb,2011,2011
501252,c4487b84,rcb,2011,2011
501252,7daedf2f,rcb,2011,2011
501252,d84378a4,rcb,2011,2011
501252,709b0bac,rcb,2011,2011
501252,16605a1b,rcb,2011,2011
501252,91a4a398,rcb,2011,2011
501252,957532de,rcb,2011,2011
501252,d1c94b25,rcb,2011,2011
501253,48fd7349,csk,2011,2011
501253,4b57e452,csk,2011,2011
501253,1dc12ab9,csk,2011,2011
501253,3576e47e,csk,2011,2011
501253,4a8a2e3b,csk,2011,2011
501253,fe11caa6,csk,2011,2011
501253,c3d35165,csk,2011,2011
501253,87e562a9,csk,2011,2011
501253,495d42a5,csk,2011,2011
501253,45c2196c,csk,2011,2011
501253,c8179c68,csk,2011,2011
501253,890946a0,dc,2011,2011
501253,dcce6f09,dc,2011,2011
501253,c995d726,dc,2011,2011
501253,5fa06777,dc,2011,2011
501253,fe763256,dc,2011,2011
501253,2498e163,dc,2011,2011
501253,16043342,dc,2011,2011
501253,662c47a6,dc,2011,2011
501253,fa463154,dc,2011,2011
501253,9d80c5e1,dc,2011,2011
501253,0a3d54b9,dc,2011,2011
501254,2b6e6dec,pbks,2011,2011
501254,25eeb281,pbks,2011,2011
501254,508a1ea7,pbks,2011,2011
501254,c03f1114,pbks,2011,2011
501254,fd835ab3,pbks,2011,2011
501254,c3a96caf,pbks,2011,2011
501254,c18496e1,pbks,2011,2011
501254,2049f3a0,pbks,2011,2011
501254,98ae73b1,pbks,2011,2011
501254,12eddf28,pbks,2011,2011
501254,dc4686e6,pbks,2011,2011
501254,b8a55852,ktk,2011,2011
501254,d18f9182,ktk,2011,2011
501254,fe93fd9d,ktk,2011,2011
501254,b57f8a9a,ktk,2011,2011
501254,7bf96684,ktk,2011,2011
501254,b5da6c24,ktk,2011,2011
501254,b2570b38,ktk,2011,2011
501254,41eb4a4f,ktk,2011,2011
501254,c3d1402f,ktk,2011,2011
501254,0c432afb,ktk,2011,2011
501254,6b8eb6e5,ktk,2011,2011
501255,86dc8f2e,kkr,2011,2011
501255,d2a6c0e6,kkr,2011,2011
501255,bb345e0b,kkr,2011,2011
501255,26e5cabf,kkr,2011,2011
501255,3c6ffae8,kkr,2011,2011
501255,f3cb53a1,kkr,2011,2011
501255,33a364a6,kkr,2011,2011
501255,85aae393,kkr,2011,2011
501255,dd09ff8e,kkr,2011,2011
501255,b2b50355,kkr,2011,2011
501255,1e66c162,kkr,2011,2011
501255,db584dad,rcb,2011,2011
501255,b63ab531,rcb,2011,2011
501255,ba607b88,rcb,2011,2011
501255,c4487b84,rcb,2011,2011
501255,d84378a4,rcb,2011,2011
501255,7daedf2f,rcb,2011,2011
501255,709b0bac,rcb,2011,2011
501255,66cf56a5,rcb,2011,2011
501255,91a4a398,rcb,2011,2011
501255,957532de,rcb,2011,2011
501255,d1c94b25,rcb,2011,2011
501256,11df3dc8,deccan,2011,2011
501256,3fca55af,deccan,2011,2011
501256,6b71e6cf,deccan,2011,2011
501256,2e8994e7,deccan,2011,2011
501256,5451a2c1,deccan,2011,2011
501256,2a2e6343,deccan,2011,2011
501256,0a476045,deccan,2011,2011
501256,6b19d823,deccan,2011,2011
501256,6c6591ab,deccan,2011,2011
501256,5bb1a1c4,deccan,2011,2011
501256,d2340a43,deccan,2011,2011
501256,d2c2b2d5,mi,2011,2011
501256,1efb8a28,mi,2011,2011
501256,70d205c9,mi,2011,2011
501256,740742ef,mi,2011,2011
501256,bd77eb62,mi,2011,2011
501256,aaa1b522,mi,2011,2011
501256,a757b0d8,mi,2011,2011
501256,8b5b6769,mi,2011,2011
501256,a12e1d51,mi,2011,2011
501256,d2a989fc,mi,2011,2011
501256,f0f628c7,mi,2011,2011
501257,890946a0,dc,2011,2011
501257,dcce6f09,dc,2011,2011
501257,fe763256,dc,2011,2011
501257,64a4c383,dc,2011,2011
501257,5fa06777,dc,2011,2011
501257,2498e163,dc,2011,2011
501257,d2d4bb0a,dc,2011,2011
501257,662c47a6,dc,2011,2011
501257,5bb5a915,dc,2011,2011
501257,0a3d54b9,dc,2011,2011
501257,260fd380,dc,2011,2011
501257,25eeb281,pbks,2011,2011
501257,2b6e6dec,pbks,2011,2011
501257,508a1ea7,pbks,2011,2011
501257,c03f1114,pbks,2011,2011
501257,fd835ab3,pbks,2011,2011
501257,c3a96caf,pbks,2011,2011
501257,12eddf28,pbks,2011,2011
501257,98ae73b1,pbks,2011,2011
501257,2049f3a0,pbks,2011,2011
501257,e938e1bc,pbks,2011,2011
501257,dc4686e6,pbks,2011,2011
501258,b8a55852,ktk,2011,2011
501258,d18f9182,ktk,2011,2011
501258,b5da6c24,ktk,2011,2011
501258,b57f8a9a,ktk,2011,2011
501258,7bf96684,ktk,2011,2011
501258,fe93fd9d,ktk,2011,2011
501258,c3d1402f,ktk,2011,2011
501258,0c432afb,ktk,2011,2011
501258,ddb00822,ktk,2011,2011
501258,6b8eb6e5,ktk,2011,2011
501258,bae11797,ktk,2011,2011
501258,c15e2193,rr,2011,2011
501258,0184dc35,rr,2011,2011
501258,4329fbb5,rr,2011,2011
501258,29e95537,rr,2011,2011
501258,8291f939,rr,2011,2011
501258,0aadc906,rr,2011,2011
501258,3eac9d95,rr,2011,2011
501258,bb18be76,rr,2011,2011
501258,29d72eb2,rr,2011,2011
501258,addfb70e,rr,2011,2011
501258,6ec424a9,rr,2011,2011
501259,3fca55af,deccan,2011,2011
501259,0a476045,deccan,2011,2011
501259,6b71e6cf,deccan,2011,2011
501259,2e8994e7,deccan,2011,2011
501259,2a2e6343,deccan,2011,2011
501259,5451a2c1,deccan,2011,2011
501259,b720a5d6,deccan,2011,2011
501259,6c6591ab,deccan,2011,2011
501259,6b19d823,deccan,2011,2011
501259,5bb1a1c4,deccan,2011,2011
501259,8fd1a8f5,deccan,2011,2011
501259,91ffa6c6,pwi,2011,2011
501259,93b4fc78,pwi,2011,2011
501259,725529bc,pwi,2011,2011
501259,1c17e270,pwi,2011,2011
501259,1c914163,pwi,2011,2011
501259,c42aaf71,pwi,2011,2011
501259,9b4935c8,pwi,2011,2011
501259,3d8feaf8,pwi,2011,2011
501259,3a60e0b5,pwi,2011,2011
501259,2e81a32d,pwi,2011,2011
501259,5d9a1a73,pwi,2011,2011
501260,25eeb281,pbks,2011,2011
501260,2b6e6dec,pbks,2011,2011
501260,508a1ea7,pbks,2011,2011
501260,fd835ab3,pbks,2011,2011
501260,c03f1114,pbks,2011,2011
501260,c3a96caf,pbks,2011,2011
501260,a45a5e8d,pbks,2011,2011
501260,2049f3a0,pbks,2011,2011
501260,98ae73b1,pbks,2011,2011
501260,e938e1bc,pbks,2011,2011
501260,12eddf28,pbks,2011,2011
501260,db584dad,rcb,2011,2011
501260,709b0bac,rcb,2011,2011
501260,ba607b88,rcb,2011,2011
501260,c4487b84,rcb,2011,2011
501260,3ae3f034,rcb,2011,2011
501260,d84378a4,rcb,2011,2011
501260,7daedf2f,rcb,2011,2011
501260,6821ac10,rcb,2011,2011
501260,66cf56a5,rcb,2011,2011
501260,d1c94b25,rcb,2011,2011
501260,957532de,rcb,2011,2011
501261,48fd7349,csk,2011,2011
501261,4b57e452,csk,2011,2011
501261,1dc12ab9,csk,2011,2011
501261,3576e47e,csk,2011,2011
501261,fe11caa6,csk,2011,2011
501261,4a8a2e3b,csk,2011,2011
501261,c3d35165,csk,2011,2011
501261,87e562a9,csk,2011,2011
501261,495d42a5,csk,2011,2011
501261,45c2196c,csk,2011,2011
501261,c8179c68,csk,2011,2011
501261,b5da6c24,ktk,2011,2011
501261,b8a55852,ktk,2011,2011
501261,bae11797,ktk,2011,2011
501261,b57f8a9a,ktk,2011,2011
501261,fe93fd9d,ktk,2011,2011
501261,7bf96684,ktk,2011,2011
501261,99d63244,ktk,2011,2011
501261,41eb4a4f,ktk,2011,2011
501261,4ba44e19,ktk,2011,2011
501261,c3d1402f,ktk,2011,2011
501261,6b8eb6e5,ktk,2011,2011
501262,bb345e0b,kkr,2011,2011
501262,541f85c9,kkr,2011,2011
501262,26e5cabf,kkr,2011,2011
501262,3c6ffae8,kkr,2011,2011
501262,33a364a6,kkr,2011,2011
501262,86dc8f2e,kkr,2011,2011
501262,4ec07775,kkr,2011,2011
501262,7dc35884,kkr,2011,2011
501262,dd09ff8e,kkr,2011,2011
501262,b2b50355,kkr,2011,2011
501262,85aae393,kkr,2011,2011
501262,91ffa6c6,pwi,2011,2011
501262,93b4fc78,pwi,2011,2011
501262,9b4935c8,pwi,2011,2011
501262,725529bc,pwi,2011,2011
501262,1c17e270,pwi,2011,2011
501262,1c914163,pwi,2011,2011
501262,90edaaa9,pwi,2011,2011
501262,3a60e0b5,pwi,2011,2011
501262,b552a935,pwi,2011,2011
501262,5d9a1a73,pwi,2011,2011
501262,2e81a32d,pwi,2011,2011
501263,aaa1b522,mi,2011,2011
501263,d2c2b2d5,mi,2011,2011
501263,70d205c9,mi,2011,2011
501263,740742ef,mi,2011,2011
501263,a757b0d8,mi,2011,2011
501263,cf73ad76,mi,2011,2011
501263,8b5b6769,mi,2011,2011
501263,bd77eb62,mi,2011,2011
501263,d2a989fc,mi,2011,2011
501263,f0f628c7,mi,2011,2011
501263,a12e1d51,mi,2011,2011
501263,4329fbb5,rr,2011,2011
501263,0184dc35,rr,2011,2011
501263,7c503806,rr,2011,2011
501263,8291f939,rr,2011,2011
501263,29e95537,rr,2011,2011
501263,b61a3e1a,rr,2011,2011
501263,0aadc906,rr,2011,2011
501263,29d72eb2,rr,2011,2011
501263,bb18be76,rr,2011,2011
501263,5b040b81,rr,2011,2011
501263,3d7e087f,rr,2011,2011
501264,0a476045,deccan,2011,2011
501264,b720a5d6,deccan,2011,2011
501264,2e8994e7,deccan,2011,2011
501264,d0513f63,deccan,2011,2011
501264,62e07f92,deccan,2011,2011
501264,5451a2c1,deccan,2011,2011
501264,2a2e6343,deccan,2011,2011
501264,6c6591ab,deccan,2011,2011
501264,6b19d823,deccan,2011,2011
501264,8fd1a8f5,deccan,2011,2011
501264,d2340a43,deccan,2011,2011
501264,25eeb281,pbks,2011,2011
501264,2b6e6dec,pbks,2011,2011
501264,508a1ea7,pbks,2011,2011
501264,c03f1114,pbks,2011,2011
501264,c654af19,pbks,2011,2011
501264,a45a5e8d,pbks,2011,2011
501264,c3a96caf,pbks,2011,2011
501264,98ae73b1,pbks,2011,2011
501264,12eddf28,pbks,2011,2011
501264,e938e1bc,pbks,2011,2011
501264,dc4686e6,pbks,2011,2011
501265,890946a0,dc,2011,2011
501265,dcce6f09,dc,2011,2011
501265,afa7e784,dc,2011,2011
501265,c995d726,dc,2011,2011
501265,fe763256,dc,2011,2011
501265,2498e163,dc,2011,2011
501265,5fa06777,dc,2011,2011
501265,662c47a6,dc,2011,2011
501265,0a3d54b9,dc,2011,2011
501265,cc1e8c68,dc,2011,2011
501265,66b30f71,dc,2011,2011
501265,93b4fc78,pwi,2011,2011
501265,808f425a,pwi,2011,2011
501265,725529bc,pwi,2011,2011
501265,1c17e270,pwi,2011,2011
501265,1c914163,pwi,2011,2011
501265,9b4935c8,pwi,2011,2011
501265,90edaaa9,pwi,2011,2011
501265,3d8feaf8,pwi,2011,2011
501265,0af3426f,pwi,2011,2011
501265,5d9a1a73,pwi,2011,2011
501265,b552a935,pwi,2011,2011
501266,48fd7349,csk,2011,2011
501266,4b57e452,csk,2011,2011
501266,1dc12ab9,csk,2011,2011
501266,3576e47e,csk,2011,2011
501266,fe11caa6,csk,2011,2011
501266,4a8a2e3b,csk,2011,2011
501266,87e562a9,csk,2011,2011
501266,c3d35165,csk,2011,2011
501266,495d42a5,csk,2011,2011
501266,c8179c68,csk,2011,2011
501266,45c2196c,csk,2011,2011
501266,c4487b84,rcb,2011,2011
501266,db584dad,rcb,2011,2011
501266,ba607b88,rcb,2011,2011
501266,709b0bac,rcb,2011,2011
501266,00ea847a,rcb,2011,2011
501266,d84378a4,rcb,2011,2011
501266,b63ab531,rcb,2011,2011
501266,d7c6af50,rcb,2011,2011
501266,957532de,rcb,2011,2011
501266,66cf56a5,rcb,2011,2011
501266,91a4a398,rcb,2011,2011
501267,86dc8f2e,kkr,2011,2011
501267,541f85c9,kkr,2011,2011
501267,bb345e0b,kkr,2011,2011
501267,26e5cabf,kkr,2011,2011
501267,3c6ffae8,kkr,2011,2011
501267,4ec07775,kkr,2011,2011
501267,33a364a6,kkr,2011,2011
501267,7dc35884,kkr,2011,2011
501267,dd09ff8e,kkr,2011,2011
501267,b2b50355,kkr,2011,2011
501267,85aae393,kkr,2011,2011
501267,aaa1b522,mi,2011,2011
501267,d2c2b2d5,mi,2011,2011
501267,8b5b6769,mi,2011,2011
501267,740742ef,mi,2011,2011
501267,a757b0d8,mi,2011,2011
501267,cf73ad76,mi,2011,2011
501267,70d205c9,mi,2011,2011
501267,626c5379,mi,2011,2011
501267,2af1b6d2,mi,2011,2011
501267,67af6f81,mi,2011,2011
501267,a12e1d51,mi,2011,2011
501268,48fd7349,csk,2011,2011
501268,4b57e452,csk,2011,2011
501268,1dc12ab9,csk,2011,2011
501268,3576e47e,csk,2011,2011
501268,4a8a2e3b,csk,2011,2011
501268,c3d35165,csk,2011,2011
501268,87e562a9,csk,2011,2011
501268,fe11caa6,csk,2011,2011
501268,495d42a5,csk,2011,2011
501268,45c2196c,csk,2011,2011
501268,c8179c68,csk,2011,2011
501268,00ea847a,rcb,2011,2011
501268,db584dad,rcb,2011,2011
501268,ba607b88,rcb,2011,2011
501268,c4487b84,rcb,2011,2011
501268,b63ab531,rcb,2011,2011
501268,709b0bac,rcb,2011,2011
501268,d84378a4,rcb,2011,2011
501268,d7c6af50,rcb,2011,2011
501268,957532de,rcb,2011,2011
501268,66cf56a5,rcb,2011,2011
501268,91a4a398,rcb,2011,2011
501269,bb345e0b,kkr,2011,2011
501269,86dc8f2e,kkr,2011,2011
501269,541f85c9,kkr,2011,2011
501269,26e5cabf,kkr,2011,2011
501269,3c6ffae8,kkr,2011,2011
501269,4ec07775,kkr,2011,2011
501269,7dc35884,kkr,2011,2011
501269,33a364a6,kkr,2011,2011
501269,dd09ff8e,kkr,2011,2011
501269,b2b50355,kkr,2011,2011
501269,85aae393,kkr,2011,2011
501269,1efb8a28,mi,2011,2011
501269,d2c2b2d5,mi,2011,2011
501269,740742ef,mi,2011,2011
501269,70d205c9,mi,2011,2011
501269,cf73ad76,mi,2011,2011
501269,a757b0d8,mi,2011,2011
501269,aaa1b522,mi,2011,2011
501269,8b5b6769,mi,2011,2011
501269,d2a989fc,mi,2011,2011
501269,f0f628c7,mi,2011,2011
501269,a12e1d51,mi,2011,2011
501270,1efb8a28,mi,2011,2011
501270,d2c2b2d5,mi,2011,2011
501270,8b5b6769,mi,2011,2011
501270,740742ef,mi,2011,2011
501270,cf73ad76,mi,2011,2011
501270,70d205c9,mi,2011,2011
501270,a757b0d8,mi,2011,2011
501270,626c5379,mi,2011,2011
501270,a12e1d51,mi,2011,2011
501270,2af1b6d2,mi,2011,2011
501270,f0f628c7,mi,2011,2011
501270,00ea847a,rcb,2011,2011
501270,db584dad,rcb,2011,2011
501270,ba607b88,rcb,2011,2011
501270,c4487b84,rcb,2011,2011
501270,b63ab531,rcb,2011,2011
501270,709b0bac,rcb,2011,2011
501270,d7c6af50,rcb,2011,2011
501270,957532de,rcb,2011,2011
501270,66cf56a5,rcb,2011,2011
501270,91a4a398,rcb,2011,2011
501270,c64c2443,rcb,2011,2011
501271,48fd7349,csk,2011,2011
501271,4b57e452,csk,2011,2011
501271,4a8a2e3b,csk,2011,2011
501271,1dc12ab9,csk,2011,2011
501271,c3d35165,csk,2011,2011
501271,3576e47e,csk,2011,2011
501271,87e562a9,csk,2011,2011
501271,fe11caa6,csk,2011,2011
501271,495d42a5,csk,2011,2011
501271,45c2196c,csk,2011,2011
501271,c8179c68,csk,2011,2011
501271,00ea847a,rcb,2011,2011
501271,db584dad,rcb,2011,2011
501271,ba607b88,rcb,2011,2011
501271,c4487b84,rcb,2011,2011
501271,b63ab531,rcb,2011,2011
501271,709b0bac,rcb,2011,2011
501271,d7c6af50,rcb,2011,2011
501271,66cf56a5,rcb,2011,2011
501271,91a4a398,rcb,2011,2011
501271,c64c2443,rcb,2011,2011
501271,957532de,rcb,2011,2011
548306,3355b542,csk,2012,2012
548306,4b57e452,csk,2012,2012
548306,1dc12ab9,csk,2012,2012
548306,87e562a9,csk,2012,2012
548306,c3d35165,csk,2012,2012
548306,3576e47e,csk,2012,2012
548306,4a8a2e3b,csk,2012,2012
548306,fe93fd9d,csk,2012,2012
548306,495d42a5,csk,2012,2012
548306,c8179c68,csk,2012,2012
548306,45c2196c,csk,2012,2012
548306,18c78b11,mi,2012,2012
548306,d2c2b2d5,mi,2012,2012
548306,740742ef,mi,2012,2012
548306,70d205c9,mi,2012,2012
548306,cf73ad76,mi,2012,2012
548306,c03f1114,mi,2012,2012
548306,a757b0d8,mi,2012,2012
548306,8b5b6769,mi,2012,2012
548306,a12e1d51,mi,2012,2012
548306,2af1b6d2,mi,2012,2012
548306,6c6591ab,mi,2012,2012
548307,b8d490fd,dc,2012,2012
548307,8ba8195d,dc,2012,2012
548307,5fa06777,dc,2012,2012
548307,b681e71e,dc,2012,2012
548307,890946a0,dc,2012,2012
548307,fe763256,dc,2012,2012
548307,5bb5a915,dc,2012,2012
548307,662c47a6,dc,2012,2012
548307,05c2ca46,dc,2012,2012
548307,cc1e8c68,dc,2012,2012
548307,9d80c5e1,dc,2012,2012
548307,b8a55852,kkr,2012,2012
548307,86dc8f2e,kkr,2012,2012
548307,bb345e0b,kkr,2012,2012
548307,26e5cabf,kkr,2012,2012
548307,3c6ffae8,kkr,2012,2012
548307,7050a1e7,kkr,2012,2012
548307,b1451597,kkr,2012,2012
548307,33a364a6,kkr,2012,2012
548307,dd09ff8e,kkr,2012,2012
548307,85aae393,kkr,2012,2012
548307,d4eef961,kkr,2012,2012
548308,18c78b11,mi,2012,2012
548308,70d205c9,mi,2012,2012
548308,740742ef,mi,2012,2012
548308,cf73ad76,mi,2012,2012
548308,c03f1114,mi,2012,2012
548308,271f83cd,mi,2012,2012
548308,a757b0d8,mi,2012,2012
548308,8b5b6769,mi,2012,2012
548308,a12e1d51,mi,2012,2012
548308,6c6591ab,mi,2012,2012
548308,f0f628c7,mi,2012,2012
548308,93b4fc78,pwi,2012,2012
548308,725529bc,pwi,2012,2012
548308,3a60e0b5,pwi,2012,2012
548308,1c17e270,pwi,2012,2012
548308,9b4935c8,pwi,2012,2012
548308,30a45b23,pwi,2012,2012
548308,f846de6a,pwi,2012,2012
548308,2e81a32d,pwi,2012,2012
548308,abfeb126,pwi,2012,2012
548308,5d9a1a73,pwi,2012,2012
548308,66b30f71,pwi,2012,2012
548309,2b6e6dec,pbks,2012,2012
548309,25eeb281,pbks,2012,2012
548309,508a1ea7,pbks,2012,2012
548309,a45a5e8d,pbks,2012,2012
548309,fd835ab3,pbks,2012,2012
548309,c3a96caf,pbks,2012,2012
548309,c18496e1,pbks,2012,2012
548309,98ae73b1,pbks,2012,2012
548309,808f425a,pbks,2012,2012
548309,e938e1bc,pbks,2012,2012
548309,2a72fd4f,pbks,2012,2012
548309,0184dc35,rr,2012,2012
548309,29e95537,rr,2012,2012
548309,8291f939,rr,2012,2012
548309,b57f8a9a,rr,2012,2012
548309,7bf96684,rr,2012,2012
548309,557153ca,rr,2012,2012
548309,7c503806,rr,2012,2012
548309,29d72eb2,rr,2012,2012
548309,541f85c9,rr,2012,2012
548309,5b040b81,rr,2012,2012
548309,3d7e087f,rr,2012,2012
548310,b8d490fd,dc,2012,2012
548310,8ba8195d,dc,2012,2012
548310,890946a0,dc,2012,2012
548310,fe763256,dc,2012,2012
548310,b681e71e,dc,2012,2012
548310,662c47a6,dc,2012,2012
548310,5fa06777,dc,2012,2012
548310,2e9fdf9b,dc,2012,2012
548310,5bb5a915,dc,2012,2012
548310,cc1e8c68,dc,2012,2012
548310,9d80c5e1,dc,2012,2012
548310,16043342,rcb,2012,2012
548310,d4f9dbd4,rcb,2012,2012
548310,ba607b88,rcb,2012,2012
548310,c4487b84,rcb,2012,2012
548310,709b0bac,rcb,2012,2012
548310,00ea847a,rcb,2012,2012
548310,d7c6af50,rcb,2012,2012
548310,41eb4a4f,rcb,2012,2012
548310,f986ca1a,rcb,2012,2012
548310,91a4a398,rcb,2012,2012
548310,4ba44e19,rcb,2012,2012
548311,4b57e452,csk,2012,2012
548311,3355b542,csk,2012,2012
548311,1dc12ab9,csk,2012,2012
548311,3576e47e,csk,2012,2012
548311,fe93fd9d,csk,2012,2012
548311,4a8a2e3b,csk,2012,2012
548311,87e562a9,csk,2012,2012
548311,c3d35165,csk,2012,2012
548311,495d42a5,csk,2012,2012
548311,c8179c68,csk,2012,2012
548311,45c2196c,csk,2012,2012
548311,39f82db3,deccan,2012,2012
548311,0a476045,deccan,2012,2012
548311,b5da6c24,deccan,2012,2012
548311,d0513f63,deccan,2012,2012
548311,5451a2c1,deccan,2012,2012
548311,2a2e6343,deccan,2012,2012
548311,ae78bc32,deccan,2012,2012
548311,b720a5d6,deccan,2012,2012
548311,24d94623,deccan,2012,2012
548311,8fd1a8f5,deccan,2012,2012
548311,2f3817ce,deccan,2012,2012
548312,86dc8f2e,kkr,2012,2012
548312,b8a55852,kkr,2012,2012
548312,bb345e0b,kkr,2012,2012
548312,26e5cabf,kkr,2012,2012
548312,7050a1e7,kkr,2012,2012
548312,3c6ffae8,kkr,2012,2012
548312,33a364a6,kkr,2012,2012
548312,b1451597,kkr,2012,2012
548312,dd09ff8e,kkr,2012,2012
548312,9d430b40,kkr,2012,2012
548312,85aae393,kkr,2012,2012
548312,0184dc35,rr,2012,2012
548312,29e95537,rr,2012,2012
548312,541f85c9,rr,2012,2012
548312,8291f939,rr,2012,2012
548312,b57f8a9a,rr,2012,2012
548312,7bf96684,rr,2012,2012
548312,557153ca,rr,2012,2012
548312,7c503806,rr,2012,2012
548312,29d72eb2,rr,2012,2012
548312,5b040b81,rr,2012,2012
548312,3d7e087f,rr,2012,2012
548313,2b6e6dec,pbks,2012,2012
548313,25eeb281,pbks,2012,2012
548313,c3a96caf,pbks,2012,2012
548313,a45a5e8d,pbks,2012,2012
548313,fd835ab3,pbks,2012,2012
548313,98ae73b1,pbks,2012,2012
548313,3edb58fc,pbks,2012,2012
548313,c18496e1,pbks,2012,2012
548313,808f425a,pbks,2012,2012
548313,e938e1bc,pbks,2012,2012
548313,2a72fd4f,pbks,2012,2012
548313,91ffa6c6,pwi,2012,2012
548313,725529bc,pwi,2012,2012
548313,f846de6a,pwi,2012,2012
548313,1c17e270,pwi,2012,2012
548313,9b4935c8,pwi,2012,2012
548313,30a45b23,pwi,2012,2012
548313,93b4fc78,pwi,2012,2012
548313,5d9a1a73,pwi,2012,2012
548313,abfeb126,pwi,2012,2012
548313,66b30f71,pwi,2012,2012
548313,96fd40ae,pwi,2012,2012
548314,b5da6c24,deccan,2012,2012
548314,0a476045,deccan,2012,2012
548314,5451a2c1,deccan,2012,2012
548314,2a2e6343,deccan,2012,2012
548314,6b71e6cf,deccan,2012,2012
548314,d0513f63,deccan,2012,2012
548314,b720a5d6,deccan,2012,2012
548314,6b19d823,deccan,2012,2012
548314,8fd1a8f5,deccan,2012,2012
548314,24d94623,deccan,2012,2012
548314,d2340a43,deccan,2012,2012
548314,aaa1b522,mi,2012,2012
548314,18c78b11,mi,2012,2012
548314,740742ef,mi,2012,2012
548314,70d205c9,mi,2012,2012
548314,a757b0d8,mi,2012,2012
548314,c03f1114,mi,2012,2012
548314,cf73ad76,mi,2012,2012
548314,8b5b6769,mi,2012,2012
548314,a12e1d51,mi,2012,2012
548314,6c6591ab,mi,2012,2012
548314,f0f628c7,mi,2012,2012
548315,86dc8f2e,kkr,2012,2012
548315,bb345e0b,kkr,2012,2012
548315,5afd4539,kkr,2012,2012
548315,3c6ffae8,kkr,2012,2012
548315,26e5cabf,kkr,2012,2012
548315,4ec07775,kkr,2012,2012
548315,7dc35884,kkr,2012,2012
548315,b1451597,kkr,2012,2012
548315,dd09ff8e,kkr,2012,2012
548315,33a364a6,kkr,2012,2012
548315,b2b50355,kkr,2012,2012
548315,d4f9dbd4,rcb,2012,2012
548315,db584dad,rcb,2012,2012
548315,ba607b88,rcb,2012,2012
548315,c4487b84,rcb,2012,2012
548315,709b0bac,rcb,2012,2012
548315,00ea847a,rcb,2012,2012
548315,d7c6af50,rcb,2012,2012
548315,41eb4a4f,rcb,2012,2012
548315,f986ca1a,rcb,2012,2012
548315,91a4a398,rcb,2012,2012
548315,4ba44e19,rcb,2012,2012
548316,3355b542,csk,2012,2012
548316,4b57e452,csk,2012,2012
548316,1dc12ab9,csk,2012,2012
548316,3576e47e,csk,2012,2012
548316,fe93fd9d,csk,2012,2012
548316,87e562a9,csk,2012,2012
548316,4a8a2e3b,csk,2012,2012
548316,c3d35165,csk,2012,2012
548316,495d42a5,csk,2012,2012
548316,c8179c68,csk,2012,2012
548316,45c2196c,csk,2012,2012
548316,890946a0,dc,2012,2012
548316,8ba8195d,dc,2012,2012
548316,39f01cdb,dc,2012,2012
548316,d18f9182,dc,2012,2012
548316,05c2ca46,dc,2012,2012
548316,fe763256,dc,2012,2012
548316,662c47a6,dc,2012,2012
548316,5fa06777,dc,2012,2012
548316,5bb5a915,dc,2012,2012
548316,cc1e8c68,dc,2012,2012
548316,9d80c5e1,dc,2012,2012
548317,18c78b11,mi,2012,2012
548317,aaa1b522,mi,2012,2012
548317,740742ef,mi,2012,2012
548317,70d205c9,mi,2012,2012
548317,a757b0d8,mi,2012,2012
548317,c03f1114,mi,2012,2012
548317,cf73ad76,mi,2012,2012
548317,8b5b6769,mi,2012,2012
548317,a12e1d51,mi,2012,2012
548317,6c6591ab,mi,2012,2012
548317,f0f628c7,mi,2012,2012
548317,0184dc35,rr,2012,2012
548317,29e95537,rr,2012,2012
548317,541f85c9,rr,2012,2012
548317,7bf96684,rr,2012,2012
548317,8291f939,rr,2012,2012
548317,7c503806,rr,2012,2012
548317,557153ca,rr,2012,2012
548317,29d72eb2,rr,2012,2012
548317,f708a0bc,rr,2012,2012
548317,5b040b81,rr,2012,2012
548317,3d7e087f,rr,2012,2012
548318,00ea847a,rcb,2012,2012
548318,db584dad,rcb,2012,2012
548318,ba607b88,rcb,2012,2012
548318,c4487b84,rcb,2012,2012
548318,709b0bac,rcb,2012,2012
548318,7d3720ba,rcb,2012,2012
548318,d4f9dbd4,rcb,2012,2012
548318,d7c6af50,rcb,2012,2012
548318,41eb4a4f,rcb,2012,2012
548318,91a4a398,rcb,2012,2012
548318,4ba44e19,rcb,2012,2012
548318,4b57e452,csk,2012,2012
548318,3355b542,csk,2012,2012
548318,1dc12ab9,csk,2012,2012
548318,4a8a2e3b,csk,2012,2012
548318,87e562a9,csk,2012,2012
548318,c3d35165,csk,2012,2012
548318,fe93fd9d,csk,2012,2012
548318,3576e47e,csk,2012,2012
548318,495d42a5,csk,2012,2012
548318,c8179c68,csk,2012,2012
548318,45c2196c,csk,2012,2012
548319,25eeb281,pbks,2012,2012
548319,2b6e6dec,pbks,2012,2012
548319,508a1ea7,pbks,2012,2012
548319,c3a96caf,pbks,2012,2012
548319,98ae73b1,pbks,2012,2012
548319,fd835ab3,pbks,2012,2012
548319,3edb58fc,pbks,2012,2012
548319,1a0c3177,pbks,2012,2012
548319,c18496e1,pbks,2012,2012
548319,2a72fd4f,pbks,2012,2012
548319,e938e1bc,pbks,2012,2012
548319,91ffa6c6,pwi,2012,2012
548319,725529bc,pwi,2012,2012
548319,f846de6a,pwi,2012,2012
548319,1c17e270,pwi,2012,2012
548319,896d78ad,pwi,2012,2012
548319,c42aaf71,pwi,2012,2012
548319,30a45b23,pwi,2012,2012
548319,93b4fc78,pwi,2012,2012
548319,5d9a1a73,pwi,2012,2012
548319,96fd40ae,pwi,2012,2012
548319,66b30f71,pwi,2012,2012
548320,86dc8f2e,kkr,2012,2012
548320,bb345e0b,kkr,2012,2012
548320,5afd4539,kkr,2012,2012
548320,26e5cabf,kkr,2012,2012
548320,7dc35884,kkr,2012,2012
548320,3c6ffae8,kkr,2012,2012
548320,4ec07775,kkr,2012,2012
548320,7050a1e7,kkr,2012,2012
548320,33a364a6,kkr,2012,2012
548320,b2b50355,kkr,2012,2012
548320,9d430b40,kkr,2012,2012
548320,0184dc35,rr,2012,2012
548320,29e95537,rr,2012,2012
548320,8291f939,rr,2012,2012
548320,541f85c9,rr,2012,2012
548320,7bf96684,rr,2012,2012
548320,b57f8a9a,rr,2012,2012
548320,7c503806,rr,2012,2012
548320,f708a0bc,rr,2012,2012
548320,29d72eb2,rr,2012,2012
548320,5b040b81,rr,2012,2012
548320,3d7e087f,rr,2012,2012
548321,6b71e6cf,deccan,2012,2012
548321,0a476045,deccan,2012,2012
548321,b5da6c24,deccan,2012,2012
548321,2a2e6343,deccan,2012,2012
548321,2e8994e7,deccan,2012,2012
548321,5451a2c1,deccan,2012,2012
548321,2815fe50,deccan,2012,2012
548321,8fd1a8f5,deccan,2012,2012
548321,6b19d823,deccan,2012,2012
548321,24d94623,deccan,2012,2012
548321,d718440b,deccan,2012,2012
548321,890946a0,dc,2012,2012
548321,8ba8195d,dc,2012,2012
548321,39f01cdb,dc,2012,2012
548321,d18f9182,dc,2012,2012
548321,b61a3e1a,dc,2012,2012
548321,5fa06777,dc,2012,2012
548321,662c47a6,dc,2012,2012
548321,fa463154,dc,2012,2012
548321,5bb5a915,dc,2012,2012
548321,cc1e8c68,dc,2012,2012
548321,9d80c5e1,dc,2012,2012
548322,3355b542,csk,2012,2012
548322,4b57e452,csk,2012,2012
548322,1dc12ab9,csk,2012,2012
548322,4a8a2e3b,csk,2012,2012
548322,fe93fd9d,csk,2012,2012
548322,c3d35165,csk,2012,2012
548322,87e562a9,csk,2012,2012
548322,3576e47e,csk,2012,2012
548322,469ea22b,csk,2012,2012
548322,495d42a5,csk,2012,2012
548322,93a17209,csk,2012,2012
548322,1c17e270,pwi,2012,2012
548322,91ffa6c6,pwi,2012,2012
548322,725529bc,pwi,2012,2012
548322,f846de6a,pwi,2012,2012
548322,30a45b23,pwi,2012,2012
548322,896d78ad,pwi,2012,2012
548322,c42aaf71,pwi,2012,2012
548322,5d9a1a73,pwi,2012,2012
548322,abfeb126,pwi,2012,2012
548322,66b30f71,pwi,2012,2012
548322,96fd40ae,pwi,2012,2012
548323,2b6e6dec,pbks,2012,2012
548323,c3a96caf,pbks,2012,2012
548323,508a1ea7,pbks,2012,2012
548323,fd835ab3,pbks,2012,2012
548323,2728e7e9,pbks,2012,2012
548323,c18496e1,pbks,2012,2012
548323,3edb58fc,pbks,2012,2012
548323,98ae73b1,pbks,2012,2012
548323,e938e1bc,pbks,2012,2012
548323,2a72fd4f,pbks,2012,2012
548323,dc4686e6,pbks,2012,2012
548323,86dc8f2e,kkr,2012,2012
548323,bb345e0b,kkr,2012,2012
548323,5afd4539,kkr,2012,2012
548323,26e5cabf,kkr,2012,2012
548323,7dc35884,kkr,2012,2012
548323,3c6ffae8,kkr,2012,2012
548323,7050a1e7,kkr,2012,2012
548323,4ec07775,kkr,2012,2012
548323,33a364a6,kkr,2012,2012
548323,9d430b40,kkr,2012,2012
548323,1e66c162,kkr,2012,2012
548324,0184dc35,rr,2012,2012
548324,29e95537,rr,2012,2012
548324,7bf96684,rr,2012,2012
548324,b57f8a9a,rr,2012,2012
548324,8291f939,rr,2012,2012
548324,7c503806,rr,2012,2012
548324,f708a0bc,rr,2012,2012
548324,541f85c9,rr,2012,2012
548324,5b040b81,rr,2012,2012
548324,3d7e087f,rr,2012,2012
548324,e32d22f6,rr,2012,2012
548324,00ea847a,rcb,2012,2012
548324,db584dad,rcb,2012,2012
548324,ba607b88,rcb,2012,2012
548324,c4487b84,rcb,2012,2012
548324,709b0bac,rcb,2012,2012
548324,d84378a4,rcb,2012,2012
548324,d7c6af50,rcb,2012,2012
548324,41eb4a4f,rcb,2012,2012
548324,91a4a398,rcb,2012,2012
548324,957532de,rcb,2012,2012
548324,4ba44e19,rcb,2012,2012
548325,890946a0,dc,2012,2012
548325,8ba8195d,dc,2012,2012
548325,39f01cdb,dc,2012,2012
548325,d18f9182,dc,2012,2012
548325,b61a3e1a,dc,2012,2012
548325,5fa06777,dc,2012,2012
548325,662c47a6,dc,2012,2012
548325,fa463154,dc,2012,2012
548325,5bb5a915,dc,2012,2012
548325,cc1e8c68,dc,2012,2012
548325,9d80c5e1,dc,2012,2012
548325,18c78b11,mi,2012,2012
548325,a84468fe,mi,2012,2012
548325,740742ef,mi,2012,2012
548325,70d205c9,mi,2012,2012
548325,a757b0d8,mi,2012,2012
548325,c03f1114,mi,2012,2012
548325,8b5b6769,mi,2012,2012
548325,94eac556,mi,2012,2012
548325,c3d1402f,mi,2012,2012
548325,6c6591ab,mi,2012,2012
548325,f0f628c7,mi,2012,2012
548326,6b71e6cf,deccan,2012,2012
548326,0a476045,deccan,2012,2012
548326,2a2e6343,deccan,2012,2012
548326,2e8994e7,deccan,2012,2012
548326,5451a2c1,deccan,2012,2012
548326,c9cac448,deccan,2012,2012
548326,2815fe50,deccan,2012,2012
548326,24d94623,deccan,2012,2012
548326,6b19d823,deccan,2012,2012
548326,8fd1a8f5,deccan,2012,2012
548326,d2340a43,deccan,2012,2012
548326,0184dc35,rr,2012,2012
548326,29e95537,rr,2012,2012
548326,8291f939,rr,2012,2012
548326,7bf96684,rr,2012,2012
548326,b57f8a9a,rr,2012,2012
548326,7c503806,rr,2012,2012
548326,063b3673,rr,2012,2012
548326,f708a0bc,rr,2012,2012
548326,5b040b81,rr,2012,2012
548326,3d7e087f,rr,2012,2012
548326,e32d22f6,rr,2012,2012
548327,1c17e270,pwi,2012,2012
548327,91ffa6c6,pwi,2012,2012
548327,725529bc,pwi,2012,2012
548327,f846de6a,pwi,2012,2012
548327,30a45b23,pwi,2012,2012
548327,896d78ad,pwi,2012,2012
548327,c42aaf71,pwi,2012,2012
548327,2e81a32d,pwi,2012,2012
548327,5d9a1a73,pwi,2012,2012
548327,66b30f71,pwi,2012,2012
548327,96fd40ae,pwi,2012,2012
548327,5bdcdb72,rcb,2012,2012
548327,db584dad,rcb,2012,2012
548327,00ea847a,rcb,2012,2012
548327,ba607b88,rcb,2012,2012
548327,709b0bac,rcb,2012,2012
548327,c4487b84,rcb,2012,2012
548327,d7c6af50,rcb,2012,2012
548327,41eb4a4f,rcb,2012,2012
548327,91a4a398,rcb,2012,2012
548327,f986ca1a,rcb,2012,2012
548327,d92e42f5,rcb,2012,2012
548328,2b6e6dec,pbks,2012,2012
548328,25eeb281,pbks,2012,2012
548328,508a1ea7,pbks,2012,2012
548328,c3a96caf,pbks,2012,2012
548328,fd835ab3,pbks,2012,2012
548328,2728e7e9,pbks,2012,2012
548328,3edb58fc,pbks,2012,2012
548328,98ae73b1,pbks,2012,2012
548328,2a72fd4f,pbks,2012,2012
548328,e938e1bc,pbks,2012,2012
548328,dc4686e6,pbks,2012,2012
548328,b8a55852,kkr,2012,2012
548328,bb345e0b,kkr,2012,2012
548328,5afd4539,kkr,2012,2012
548328,86dc8f2e,kkr,2012,2012
548328,26e5cabf,kkr,2012,2012
548328,3c6ffae8,kkr,2012,2012
548328,33a364a6,kkr,2012,2012
548328,7050a1e7,kkr,2012,2012
548328,9d430b40,kkr,2012,2012
548328,b2b50355,kkr,2012,2012
548328,dd09ff8e,kkr,2012,2012
548329,39f82db3,deccan,2012,2012
548329,0a476045,deccan,2012,2012
548329,6b71e6cf,deccan,2012,2012
548329,d0513f63,deccan,2012,2012
548329,2e8994e7,deccan,2012,2012
548329,b5da6c24,deccan,2012,2012
548329,24d94623,deccan,2012,2012
548329,1c2a64cd,deccan,2012,2012
548329,6b19d823,deccan,2012,2012
548329,ae78bc32,deccan,2012,2012
548329,2f3817ce,deccan,2012,2012
548329,8ba8195d,dc,2012,2012
548329,dcce6f09,dc,2012,2012
548329,890946a0,dc,2012,2012
548329,d18f9182,dc,2012,2012
548329,662c47a6,dc,2012,2012
548329,bbd41817,dc,2012,2012
548329,fe763256,dc,2012,2012
548329,5fa06777,dc,2012,2012
548329,5bb5a915,dc,2012,2012
548329,9d80c5e1,dc,2012,2012
548329,0a3d54b9,dc,2012,2012
548330,3355b542,csk,2012,2012
548330,3576e47e,csk,2012,2012
548330,1dc12ab9,csk,2012,2012
548330,4a8a2e3b,csk,2012,2012
548330,87e562a9,csk,2012,2012
548330,fe93fd9d,csk,2012,2012
548330,fe11caa6,csk,2012,2012
548330,469ea22b,csk,2012,2012
548330,495d42a5,csk,2012,2012
548330,c8179c68,csk,2012,2012
548330,45c2196c,csk,2012,2012
548330,1c17e270,pwi,2012,2012
548330,91ffa6c6,pwi,2012,2012
548330,725529bc,pwi,2012,2012
548330,93b4fc78,pwi,2012,2012
548330,f846de6a,pwi,2012,2012
548330,30a45b23,pwi,2012,2012
548330,896d78ad,pwi,2012,2012
548330,2e81a32d,pwi,2012,2012
548330,abfeb126,pwi,2012,2012
548330,5d9a1a73,pwi,2012,2012
548330,96fd40ae,pwi,2012,2012
548331,addbde6c,pbks,2012,2012
548331,25eeb281,pbks,2012,2012
548331,508a1ea7,pbks,2012,2012
548331,fd835ab3,pbks,2012,2012
548331,d67d5f00,pbks,2012,2012
548331,c3a96caf,pbks,2012,2012
548331,9a158001,pbks,2012,2012
548331,98ae73b1,pbks,2012,2012
548331,1a0c3177,pbks,2012,2012
548331,e938e1bc,pbks,2012,2012
548331,2a72fd4f,pbks,2012,2012
548331,00ea847a,rcb,2012,2012
548331,db584dad,rcb,2012,2012
548331,ba607b88,rcb,2012,2012
548331,709b0bac,rcb,2012,2012
548331,c4487b84,rcb,2012,2012
548331,16043342,rcb,2012,2012
548331,d7c6af50,rcb,2012,2012
548331,7daedf2f,rcb,2012,2012
548331,41eb4a4f,rcb,2012,2012
548331,f986ca1a,rcb,2012,2012
548331,91a4a398,rcb,2012,2012
548332,3576e47e,csk,2012,2012
548332,3355b542,csk,2012,2012
548332,1dc12ab9,csk,2012,2012
548332,4a8a2e3b,csk,2012,2012
548332,87e562a9,csk,2012,2012
548332,fe93fd9d,csk,2012,2012
548332,fe11caa6,csk,2012,2012
548332,495d42a5,csk,2012,2012
548332,469ea22b,csk,2012,2012
548332,c8179c68,csk,2012,2012
548332,45c2196c,csk,2012,2012
548332,0184dc35,rr,2012,2012
548332,29e95537,rr,2012,2012
548332,7bf96684,rr,2012,2012
548332,8291f939,rr,2012,2012
548332,b57f8a9a,rr,2012,2012
548332,541f85c9,rr,2012,2012
548332,bd17b45f,rr,2012,2012
548332,557153ca,rr,2012,2012
548332,f708a0bc,rr,2012,2012
548332,5b040b81,rr,2012,2012
548332,3d7e087f,rr,2012,2012
548333,d18f9182,dc,2012,2012
548333,8ba8195d,dc,2012,2012
548333,39f01cdb,dc,2012,2012
548333,5fa06777,dc,2012,2012
548333,f62772e5,dc,2012,2012
548333,b61a3e1a,dc,2012,2012
548333,662c47a6,dc,2012,2012
548333,890946a0,dc,2012,2012
548333,5bb5a915,dc,2012,2012
548333,9d80c5e1,dc,2012,2012
548333,cc1e8c68,dc,2012,2012
548333,1c17e270,pwi,2012,2012
548333,91ffa6c6,pwi,2012,2012
548333,725529bc,pwi,2012,2012
548333,30a45b23,pwi,2012,2012
548333,896d78ad,pwi,2012,2012
548333,93b4fc78,pwi,2012,2012
548333,b552a935,pwi,2012,2012
548333,c42aaf71,pwi,2012,2012
548333,abfeb126,pwi,2012,2012
548333,5d9a1a73,pwi,2012,2012
548333,96fd40ae,pwi,2012,2012
548334,addbde6c,pbks,2012,2012
548334,c3a96caf,pbks,2012,2012
548334,508a1ea7,pbks,2012,2012
548334,fd835ab3,pbks,2012,2012
548334,9a158001,pbks,2012,2012
548334,d67d5f00,pbks,2012,2012
548334,facb9086,pbks,2012,2012
548334,98ae73b1,pbks,2012,2012
548334,dc4686e6,pbks,2012,2012
548334,e938e1bc,pbks,2012,2012
548334,1a0c3177,pbks,2012,2012
548334,cf73ad76,mi,2012,2012
548334,d2c2b2d5,mi,2012,2012
548334,740742ef,mi,2012,2012
548334,c03f1114,mi,2012,2012
548334,a757b0d8,mi,2012,2012
548334,8b5b6769,mi,2012,2012
548334,0f12f9df,mi,2012,2012
548334,70d205c9,mi,2012,2012
548334,6c6591ab,mi,2012,2012
548334,c3d1402f,mi,2012,2012
548334,f0f628c7,mi,2012,2012
548335,6b71e6cf,deccan,2012,2012
548335,0a476045,deccan,2012,2012
548335,b5da6c24,deccan,2012,2012
548335,d0513f63,deccan,2012,2012
548335,2e8994e7,deccan,2012,2012
548335,dded65e7,deccan,2012,2012
548335,24d94623,deccan,2012,2012
548335,8fd1a8f5,deccan,2012,2012
548335,6b19d823,deccan,2012,2012
548335,d2340a43,deccan,2012,2012
548335,d718440b,deccan,2012,2012
548335,b8a55852,kkr,2012,2012
548335,bb345e0b,kkr,2012,2012
548335,5afd4539,kkr,2012,2012
548335,86dc8f2e,kkr,2012,2012
548335,3c6ffae8,kkr,2012,2012
548335,26e5cabf,kkr,2012,2012
548335,7050a1e7,kkr,2012,2012
548335,33a364a6,kkr,2012,2012
548335,9d430b40,kkr,2012,2012
548335,b2b50355,kkr,2012,2012
548335,dd09ff8e,kkr,2012,2012
548336,0184dc35,rr,2012,2012
548336,29e95537,rr,2012,2012
548336,7bf96684,rr,2012,2012
548336,541f85c9,rr,2012,2012
548336,b57f8a9a,rr,2012,2012
548336,bd17b45f,rr,2012,2012
548336,557153ca,rr,2012,2012
548336,f708a0bc,rr,2012,2012
548336,e32d22f6,rr,2012,2012
548336,3d7e087f,rr,2012,2012
548336,99b202b3,rr,2012,2012
548336,ba607b88,rcb,2012,2012
548336,5bdcdb72,rcb,2012,2012
548336,00ea847a,rcb,2012,2012
548336,db584dad,rcb,2012,2012
548336,c4487b84,rcb,2012,2012
548336,709b0bac,rcb,2012,2012
548336,d7c6af50,rcb,2012,2012
548336,41eb4a4f,rcb,2012,2012
548336,91a4a398,rcb,2012,2012
548336,f986ca1a,rcb,2012,2012
548336,d92e42f5,rcb,2012,2012
548337,d18f9182,dc,2012,2012
548337,8ba8195d,dc,2012,2012
548337,39f01cdb,dc,2012,2012
548337,b61a3e1a,dc,2012,2012
548337,890946a0,dc,2012,2012
548337,5fa06777,dc,2012,2012
548337,662c47a6,dc,2012,2012
548337,5bb5a915,dc,2012,2012
548337,f62772e5,dc,2012,2012
548337,9d80c5e1,dc,2012,2012
548337,cc1e8c68,dc,2012,2012
548337,91ffa6c6,pwi,2012,2012
548337,93b4fc78,pwi,2012,2012
548337,725529bc,pwi,2012,2012
548337,1c17e270,pwi,2012,2012
548337,30a45b23,pwi,2012,2012
548337,cca50cd6,pwi,2012,2012
548337,b552a935,pwi,2012,2012
548337,c42aaf71,pwi,2012,2012
548337,abfeb126,pwi,2012,2012
548337,5d9a1a73,pwi,2012,2012
548337,96fd40ae,pwi,2012,2012
548339,addbde6c,pbks,2012,2012
548339,c3a96caf,pbks,2012,2012
548339,508a1ea7,pbks,2012,2012
548339,fd835ab3,pbks,2012,2012
548339,d67d5f00,pbks,2012,2012
548339,facb9086,pbks,2012,2012
548339,9a158001,pbks,2012,2012
548339,98ae73b1,pbks,2012,2012
548339,dc4686e6,pbks,2012,2012
548339,e938e1bc,pbks,2012,2012
548339,1a0c3177,pbks,2012,2012
548339,cf73ad76,mi,2012,2012
548339,d2c2b2d5,mi,2012,2012
548339,740742ef,mi,2012,2012
548339,c03f1114,mi,2012,2012
548339,a757b0d8,mi,2012,2012
548339,70d205c9,mi,2012,2012
548339,8b5b6769,mi,2012,2012
548339,26ff4c29,mi,2012,2012
548339,c3d1402f,mi,2012,2012
548339,f0f628c7,mi,2012,2012
548339,94eac556,mi,2012,2012
548341,b5da6c24,deccan,2012,2012
548341,0a476045,deccan,2012,2012
548341,d0513f63,deccan,2012,2012
548341,6b71e6cf,deccan,2012,2012
548341,2e8994e7,deccan,2012,2012
548341,dded65e7,deccan,2012,2012
548341,24d94623,deccan,2012,2012
548341,1c2a64cd,deccan,2012,2012
548341,6b19d823,deccan,2012,2012
548341,dec8e038,deccan,2012,2012
548341,ae78bc32,deccan,2012,2012
548341,93b4fc78,pwi,2012,2012
548341,91ffa6c6,pwi,2012,2012
548341,725529bc,pwi,2012,2012
548341,1c17e270,pwi,2012,2012
548341,f846de6a,pwi,2012,2012
548341,30a45b23,pwi,2012,2012
548341,c42aaf71,pwi,2012,2012
548341,b552a935,pwi,2012,2012
548341,2e81a32d,pwi,2012,2012
548341,5d9a1a73,pwi,2012,2012
548341,96fd40ae,pwi,2012,2012
548342,d18f9182,dc,2012,2012
548342,8ba8195d,dc,2012,2012
548342,39f01cdb,dc,2012,2012
548342,5fa06777,dc,2012,2012
548342,b61a3e1a,dc,2012,2012
548342,662c47a6,dc,2012,2012
548342,890946a0,dc,2012,2012
548342,5bb5a915,dc,2012,2012
548342,9d80c5e1,dc,2012,2012
548342,cc1e8c68,dc,2012,2012
548342,fa463154,dc,2012,2012
548342,1efb8a28,mi,2012,2012
548342,d2c2b2d5,mi,2012,2012
548342,740742ef,mi,2012,2012
548342,c03f1114,mi,2012,2012
548342,70d205c9,mi,2012,2012
548342,a757b0d8,mi,2012,2012
548342,26ff4c29,mi,2012,2012
548342,8b5b6769,mi,2012,2012
548342,a12e1d51,mi,2012,2012
548342,c3d1402f,mi,2012,2012
548342,de4b0555,mi,2012,2012
548343,3355b542,csk,2012,2012
548343,3576e47e,csk,2012,2012
548343,1dc12ab9,csk,2012,2012
548343,fe11caa6,csk,2012,2012
548343,fe93fd9d,csk,2012,2012
548343,4a8a2e3b,csk,2012,2012
548343,87e562a9,csk,2012,2012
548343,c3d35165,csk,2012,2012
548343,469ea22b,csk,2012,2012
548343,495d42a5,csk,2012,2012
548343,c8179c68,csk,2012,2012
548343,c3a96caf,pbks,2012,2012
548343,508a1ea7,pbks,2012,2012
548343,9a158001,pbks,2012,2012
548343,d67d5f00,pbks,2012,2012
548343,fd835ab3,pbks,2012,2012
548343,c18496e1,pbks,2012,2012
548343,98ae73b1,pbks,2012,2012
548343,addbde6c,pbks,2012,2012
548343,e938e1bc,pbks,2012,2012
548343,1a0c3177,pbks,2012,2012
548343,dc4686e6,pbks,2012,2012
548344,b8a55852,kkr,2012,2012
548344,bb345e0b,kkr,2012,2012
548344,86dc8f2e,kkr,2012,2012
548344,3c6ffae8,kkr,2012,2012
548344,26e5cabf,kkr,2012,2012
548344,b1451597,kkr,2012,2012
548344,33a364a6,kkr,2012,2012
548344,7050a1e7,kkr,2012,2012
548344,9d430b40,kkr,2012,2012
548344,dd09ff8e,kkr,2012,2012
548344,85aae393,kkr,2012,2012
548344,5bdcdb72,rcb,2012,2012
548344,db584dad,rcb,2012,2012
548344,ba607b88,rcb,2012,2012
548344,c4487b84,rcb,2012,2012
548344,709b0bac,rcb,2012,2012
548344,00ea847a,rcb,2012,2012
548344,d7c6af50,rcb,2012,2012
548344,41eb4a4f,rcb,2012,2012
548344,91a4a398,rcb,2012,2012
548344,f986ca1a,rcb,2012,2012
548344,d92e42f5,rcb,2012,2012
548345,d18f9182,dc,2012,2012
548345,8ba8195d,dc,2012,2012
548345,39f01cdb,dc,2012,2012
548345,b61a3e1a,dc,2012,2012
548345,662c47a6,dc,2012,2012
548345,890946a0,dc,2012,2012
548345,5fa06777,dc,2012,2012
548345,fa463154,dc,2012,2012
548345,5bb5a915,dc,2012,2012
548345,9d80c5e1,dc,2012,2012
548345,cc1e8c68,dc,2012,2012
548345,0184dc35,rr,2012,2012
548345,29e95537,rr,2012,2012
548345,b57f8a9a,rr,2012,2012
548345,7bf96684,rr,2012,2012
548345,541f85c9,rr,2012,2012
548345,8291f939,rr,2012,2012
548345,557153ca,rr,2012,2012
548345,f708a0bc,rr,2012,2012
548345,29d72eb2,rr,2012,2012
548345,5b040b81,rr,2012,2012
548345,e32d22f6,rr,2012,2012
548346,b5da6c24,deccan,2012,2012
548346,0a476045,deccan,2012,2012
548346,dded65e7,deccan,2012,2012
548346,d0513f63,deccan,2012,2012
548346,2e8994e7,deccan,2012,2012
548346,2a2e6343,deccan,2012,2012
548346,5451a2c1,deccan,2012,2012
548346,1c2a64cd,deccan,2012,2012
548346,6b19d823,deccan,2012,2012
548346,8fd1a8f5,deccan,2012,2012
548346,d718440b,deccan,2012,2012
548346,18c78b11,mi,2012,2012
548346,d2c2b2d5,mi,2012,2012
548346,740742ef,mi,2012,2012
548346,c03f1114,mi,2012,2012
548346,cf73ad76,mi,2012,2012
548346,70d205c9,mi,2012,2012
548346,26ff4c29,mi,2012,2012
548346,8b5b6769,mi,2012,2012
548346,a12e1d51,mi,2012,2012
548346,c3d1402f,mi,2012,2012
548346,f0f628c7,mi,2012,2012
548347,3355b542,csk,2012,2012
548347,48fd7349,csk,2012,2012
548347,1dc12ab9,csk,2012,2012
548347,87e562a9,csk,2012,2012
548347,4a8a2e3b,csk,2012,2012
548347,fe93fd9d,csk,2012,2012
548347,c3d35165,csk,2012,2012
548347,3576e47e,csk,2012,2012
548347,495d42a5,csk,2012,2012
548347,c8179c68,csk,2012,2012
548347,93a17209,csk,2012,2012
548347,bb345e0b,kkr,2012,2012
548347,b8a55852,kkr,2012,2012
548347,86dc8f2e,kkr,2012,2012
548347,26e5cabf,kkr,2012,2012
548347,3c6ffae8,kkr,2012,2012
548347,7050a1e7,kkr,2012,2012
548347,b1451597,kkr,2012,2012
548347,33a364a6,kkr,2012,2012
548347,9d430b40,kkr,2012,2012
548347,dd09ff8e,kkr,2012,2012
548347,85aae393,kkr,2012,2012
548348,b5da6c24,deccan,2012,2012
548348,0a476045,deccan,2012,2012
548348,d0513f63,deccan,2012,2012
548348,6b71e6cf,deccan,2012,2012
548348,2e8994e7,deccan,2012,2012
548348,53f27a35,deccan,2012,2012
548348,24d94623,deccan,2012,2012
548348,1c2a64cd,deccan,2012,2012
548348,6b19d823,deccan,2012,2012
548348,8fd1a8f5,deccan,2012,2012
548348,d718440b,deccan,2012,2012
548348,93b4fc78,pwi,2012,2012
548348,f842c2cf,pwi,2012,2012
548348,725529bc,pwi,2012,2012
548348,30a45b23,pwi,2012,2012
548348,1c17e270,pwi,2012,2012
548348,c42aaf71,pwi,2012,2012
548348,f846de6a,pwi,2012,2012
548348,3a60e0b5,pwi,2012,2012
548348,abfeb126,pwi,2012,2012
548348,2e81a32d,pwi,2012,2012
548348,96fd40ae,pwi,2012,2012
548349,d18f9182,dc,2012,2012
548349,8ba8195d,dc,2012,2012
548349,39f01cdb,dc,2012,2012
548349,b61a3e1a,dc,2012,2012
548349,662c47a6,dc,2012,2012
548349,890946a0,dc,2012,2012
548349,5fa06777,dc,2012,2012
548349,f62772e5,dc,2012,2012
548349,5bb5a915,dc,2012,2012
548349,9d80c5e1,dc,2012,2012
548349,cc1e8c68,dc,2012,2012
548349,0184dc35,rr,2012,2012
548349,29e95537,rr,2012,2012
548349,4329fbb5,rr,2012,2012
548349,7bf96684,rr,2012,2012
548349,b57f8a9a,rr,2012,2012
548349,8291f939,rr,2012,2012
548349,541f85c9,rr,2012,2012
548349,29d72eb2,rr,2012,2012
548349,f708a0bc,rr,2012,2012
548349,5b040b81,rr,2012,2012
548349,e32d22f6,rr,2012,2012
548350,c3a96caf,pbks,2012,2012
548350,508a1ea7,pbks,2012,2012
548350,addbde6c,pbks,2012,2012
548350,fd835ab3,pbks,2012,2012
548350,9a158001,pbks,2012,2012
548350,a45a5e8d,pbks,2012,2012
548350,2728e7e9,pbks,2012,2012
548350,98ae73b1,pbks,2012,2012
548350,12eddf28,pbks,2012,2012
548350,e938e1bc,pbks,2012,2012
548350,1a0c3177,pbks,2012,2012
548350,00ea847a,rcb,2012,2012
548350,db584dad,rcb,2012,2012
548350,ba607b88,rcb,2012,2012
548350,c4487b84,rcb,2012,2012
548350,16043342,rcb,2012,2012
548350,3ae3f034,rcb,2012,2012
548350,709b0bac,rcb,2012,2012
548350,d7c6af50,rcb,2012,2012
548350,41eb4a4f,rcb,2012,2012
548350,91a4a398,rcb,2012,2012
548350,d92e42f5,rcb,2012,2012
548351,cf73ad76,mi,2012,2012
548351,d2c2b2d5,mi,2012,2012
548351,740742ef,mi,2012,2012
548351,26ff4c29,mi,2012,2012
548351,c03f1114,mi,2012,2012
548351,70d205c9,mi,2012,2012
548351,0f12f9df,mi,2012,2012
548351,8b5b6769,mi,2012,2012
548351,a12e1d51,mi,2012,2012
548351,6c6591ab,mi,2012,2012
548351,f0f628c7,mi,2012,2012
548351,1c17e270,pwi,2012,2012
548351,91ffa6c6,pwi,2012,2012
548351,f842c2cf,pwi,2012,2012
548351,725529bc,pwi,2012,2012
548351,30a45b23,pwi,2012,2012
548351,c42aaf71,pwi,2012,2012
548351,3a60e0b5,pwi,2012,2012
548351,2e81a32d,pwi,2012,2012
548351,abfeb126,pwi,2012,2012
548351,96fd40ae,pwi,2012,2012
548351,66b30f71,pwi,2012,2012
548352,3355b542,csk,2012,2012
548352,4b57e452,csk,2012,2012
548352,1dc12ab9,csk,2012,2012
548352,4a8a2e3b,csk,2012,2012
548352,c3d35165,csk,2012,2012
548352,fe93fd9d,csk,2012,2012
548352,87e562a9,csk,2012,2012
548352,3576e47e,csk,2012,2012
548352,495d42a5,csk,2012,2012
548352,c8179c68,csk,2012,2012
548352,f3171936,csk,2012,2012
548352,b5da6c24,deccan,2012,2012
548352,0a476045,deccan,2012,2012
548352,d0513f63,deccan,2012,2012
548352,6b71e6cf,deccan,2012,2012
548352,2a2e6343,deccan,2012,2012
548352,1c2a64cd,deccan,2012,2012
548352,2815fe50,deccan,2012,2012
548352,24d94623,deccan,2012,2012
548352,6b19d823,deccan,2012,2012
548352,8fd1a8f5,deccan,2012,2012
548352,d718440b,deccan,2012,2012
548353,bb345e0b,kkr,2012,2012
548353,b8a55852,kkr,2012,2012
548353,3c6ffae8,kkr,2012,2012
548353,86dc8f2e,kkr,2012,2012
548353,7050a1e7,kkr,2012,2012
548353,b1451597,kkr,2012,2012
548353,26e5cabf,kkr,2012,2012
548353,33a364a6,kkr,2012,2012
548353,9d430b40,kkr,2012,2012
548353,d4eef961,kkr,2012,2012
548353,85aae393,kkr,2012,2012
548353,1c17e270,pwi,2012,2012
548353,f842c2cf,pwi,2012,2012
548353,93b4fc78,pwi,2012,2012
548353,30a45b23,pwi,2012,2012
548353,c42aaf71,pwi,2012,2012
548353,896d78ad,pwi,2012,2012
548353,725529bc,pwi,2012,2012
548353,3a60e0b5,pwi,2012,2012
548353,2e81a32d,pwi,2012,2012
548353,abfeb126,pwi,2012,2012
548353,66b30f71,pwi,2012,2012
548354,508a1ea7,pbks,2012,2012
548354,c3a96caf,pbks,2012,2012
548354,addbde6c,pbks,2012,2012
548354,fd835ab3,pbks,2012,2012
548354,9a158001,pbks,2012,2012
548354,6eb146d2,pbks,2012,2012
548354,a45a5e8d,pbks,2012,2012
548354,98ae73b1,pbks,2012,2012
548354,12eddf28,pbks,2012,2012
548354,e938e1bc,pbks,2012,2012
548354,1a0c3177,pbks,2012,2012
548354,0184dc35,rr,2012,2012
548354,29e95537,rr,2012,2012
548354,4329fbb5,rr,2012,2012
548354,8291f939,rr,2012,2012
548354,b57f8a9a,rr,2012,2012
548354,7c503806,rr,2012,2012
548354,bd17b45f,rr,2012,2012
548354,29d72eb2,rr,2012,2012
548354,063b3673,rr,2012,2012
548354,addfb70e,rr,2012,2012
548354,3d7e087f,rr,2012,2012
548355,4b57e452,csk,2012,2012
548355,3355b542,csk,2012,2012
548355,1dc12ab9,csk,2012,2012
548355,87e562a9,csk,2012,2012
548355,4a8a2e3b,csk,2012,2012
548355,c3d35165,csk,2012,2012
548355,fe93fd9d,csk,2012,2012
548355,3576e47e,csk,2012,2012
548355,495d42a5,csk,2012,2012
548355,c8179c68,csk,2012,2012
548355,f3171936,csk,2012,2012
548355,cf73ad76,mi,2012,2012
548355,d2c2b2d5,mi,2012,2012
548355,740742ef,mi,2012,2012
548355,c03f1114,mi,2012,2012
548355,70d205c9,mi,2012,2012
548355,35205dfc,mi,2012,2012
548355,26ff4c29,mi,2012,2012
548355,8b5b6769,mi,2012,2012
548355,a12e1d51,mi,2012,2012
548355,c3d1402f,mi,2012,2012
548355,f0f628c7,mi,2012,2012
548356,39f82db3,deccan,2012,2012
548356,0a476045,deccan,2012,2012
548356,d0513f63,deccan,2012,2012
548356,6b71e6cf,deccan,2012,2012
548356,b5da6c24,deccan,2012,2012
548356,2461eef2,deccan,2012,2012
548356,1c2a64cd,deccan,2012,2012
548356,6b19d823,deccan,2012,2012
548356,8fd1a8f5,deccan,2012,2012
548356,d2340a43,deccan,2012,2012
548356,d718440b,deccan,2012,2012
548356,5bdcdb72,rcb,2012,2012
548356,db584dad,rcb,2012,2012
548356,ba607b88,rcb,2012,2012
548356,3ae3f034,rcb,2012,2012
548356,c4487b84,rcb,2012,2012
548356,00ea847a,rcb,2012,2012
548356,c64c2443,rcb,2012,2012
548356,91a4a398,rcb,2012,2012
548356,66cf56a5,rcb,2012,2012
548356,0c432afb,rcb,2012,2012
548356,4ba44e19,rcb,2012,2012
548357,dcce6f09,dc,2012,2012
548357,8ba8195d,dc,2012,2012
548357,d18f9182,dc,2012,2012
548357,b61a3e1a,dc,2012,2012
548357,5fa06777,dc,2012,2012
548357,662c47a6,dc,2012,2012
548357,890946a0,dc,2012,2012
548357,5bb5a915,dc,2012,2012
548357,9d80c5e1,dc,2012,2012
548357,0a3d54b9,dc,2012,2012
548357,cc1e8c68,dc,2012,2012
548357,b8a55852,kkr,2012,2012
548357,bb345e0b,kkr,2012,2012
548357,86dc8f2e,kkr,2012,2012
548357,26e5cabf,kkr,2012,2012
548357,3c6ffae8,kkr,2012,2012
548357,7050a1e7,kkr,2012,2012
548357,b1451597,kkr,2012,2012
548357,33a364a6,kkr,2012,2012
548357,dd09ff8e,kkr,2012,2012
548357,9fc0ef64,kkr,2012,2012
548357,9d430b40,kkr,2012,2012
548358,725529bc,pwi,2012,2012
548358,f842c2cf,pwi,2012,2012
548358,1c17e270,pwi,2012,2012
548358,f4cb4f53,pwi,2012,2012
548358,30a45b23,pwi,2012,2012
548358,896d78ad,pwi,2012,2012
548358,c42aaf71,pwi,2012,2012
548358,3a60e0b5,pwi,2012,2012
548358,2e81a32d,pwi,2012,2012
548358,abfeb126,pwi,2012,2012
548358,96fd40ae,pwi,2012,2012
548358,0184dc35,rr,2012,2012
548358,29e95537,rr,2012,2012
548358,4329fbb5,rr,2012,2012
548358,8291f939,rr,2012,2012
548358,7bf96684,rr,2012,2012
548358,29d72eb2,rr,2012,2012
548358,7c503806,rr,2012,2012
548358,bd17b45f,rr,2012,2012
548358,063b3673,rr,2012,2012
548358,addfb70e,rr,2012,2012
548358,3d7e087f,rr,2012,2012
548359,39f82db3,deccan,2012,2012
548359,0a476045,deccan,2012,2012
548359,b5da6c24,deccan,2012,2012
548359,d0513f63,deccan,2012,2012
548359,6b71e6cf,deccan,2012,2012
548359,2461eef2,deccan,2012,2012
548359,2815fe50,deccan,2012,2012
548359,1c2a64cd,deccan,2012,2012
548359,dec8e038,deccan,2012,2012
548359,6b19d823,deccan,2012,2012
548359,d718440b,deccan,2012,2012
548359,c3a96caf,pbks,2012,2012
548359,508a1ea7,pbks,2012,2012
548359,addbde6c,pbks,2012,2012
548359,fd835ab3,pbks,2012,2012
548359,9a158001,pbks,2012,2012
548359,d67d5f00,pbks,2012,2012
548359,facb9086,pbks,2012,2012
548359,98ae73b1,pbks,2012,2012
548359,5d096f3d,pbks,2012,2012
548359,e938e1bc,pbks,2012,2012
548359,1a0c3177,pbks,2012,2012
548360,cf73ad76,mi,2012,2012
548360,d2c2b2d5,mi,2012,2012
548360,740742ef,mi,2012,2012
548360,c03f1114,mi,2012,2012
548360,70d205c9,mi,2012,2012
548360,35205dfc,mi,2012,2012
548360,a757b0d8,mi,2012,2012
548360,8b5b6769,mi,2012,2012
548360,a12e1d51,mi,2012,2012
548360,6c6591ab,mi,2012,2012
548360,c3d1402f,mi,2012,2012
548360,5bdcdb72,rcb,2012,2012
548360,db584dad,rcb,2012,2012
548360,ba607b88,rcb,2012,2012
548360,c4487b84,rcb,2012,2012
548360,00ea847a,rcb,2012,2012
548360,709b0bac,rcb,2012,2012
548360,c64c2443,rcb,2012,2012
548360,41eb4a4f,rcb,2012,2012
548360,91a4a398,rcb,2012,2012
548360,f986ca1a,rcb,2012,2012
548360,4ba44e19,rcb,2012,2012
548361,48fd7349,csk,2012,2012
548361,4b57e452,csk,2012,2012
548361,1dc12ab9,csk,2012,2012
548361,87e562a9,csk,2012,2012
548361,4a8a2e3b,csk,2012,2012
548361,fe93fd9d,csk,2012,2012
548361,c3d35165,csk,2012,2012
548361,95a2ea61,csk,2012,2012
548361,495d42a5,csk,2012,2012
548361,f3171936,csk,2012,2012
548361,93a17209,csk,2012,2012
548361,0184dc35,rr,2012,2012
548361,29e95537,rr,2012,2012
548361,4329fbb5,rr,2012,2012
548361,bd17b45f,rr,2012,2012
548361,b57f8a9a,rr,2012,2012
548361,7c503806,rr,2012,2012
548361,8291f939,rr,2012,2012
548361,063b3673,rr,2012,2012
548361,addfb70e,rr,2012,2012
548361,3d7e087f,rr,2012,2012
548361,e32d22f6,rr,2012,2012
548362,6afb26d6,pwi,2012,2012
548362,f842c2cf,pwi,2012,2012
548362,93b4fc78,pwi,2012,2012
548362,1c17e270,pwi,2012,2012
548362,f4cb4f53,pwi,2012,2012
548362,896d78ad,pwi,2012,2012
548362,30a45b23,pwi,2012,2012
548362,2e81a32d,pwi,2012,2012
548362,b552a935,pwi,2012,2012
548362,5d9a1a73,pwi,2012,2012
548362,27e71d47,pwi,2012,2012
548362,db584dad,rcb,2012,2012
548362,5bdcdb72,rcb,2012,2012
548362,ba607b88,rcb,2012,2012
548362,709b0bac,rcb,2012,2012
548362,c4487b84,rcb,2012,2012
548362,00ea847a,rcb,2012,2012
548362,41eb4a4f,rcb,2012,2012
548362,91a4a398,rcb,2012,2012
548362,f986ca1a,rcb,2012,2012
548362,4ba44e19,rcb,2012,2012
548362,d92e42f5,rcb,2012,2012
548363,5afd4539,kkr,2012,2012
548363,bb345e0b,kkr,2012,2012
548363,86dc8f2e,kkr,2012,2012
548363,26e5cabf,kkr,2012,2012
548363,3c6ffae8,kkr,2012,2012
548363,7050a1e7,kkr,2012,2012
548363,7dc35884,kkr,2012,2012
548363,b1451597,kkr,2012,2012
548363,33a364a6,kkr,2012,2012
548363,dd09ff8e,kkr,2012,2012
548363,9d430b40,kkr,2012,2012
548363,e1d1b294,mi,2012,2012
548363,d2c2b2d5,mi,2012,2012
548363,740742ef,mi,2012,2012
548363,c03f1114,mi,2012,2012
548363,70d205c9,mi,2012,2012
548363,35205dfc,mi,2012,2012
548363,a757b0d8,mi,2012,2012
548363,8b5b6769,mi,2012,2012
548363,a12e1d51,mi,2012,2012
548363,6c6591ab,mi,2012,2012
548363,f0f628c7,mi,2012,2012
548364,48fd7349,csk,2012,2012
548364,4b57e452,csk,2012,2012
548364,1dc12ab9,csk,2012,2012
548364,4a8a2e3b,csk,2012,2012
548364,fe93fd9d,csk,2012,2012
548364,95a2ea61,csk,2012,2012
548364,87e562a9,csk,2012,2012
548364,c3d35165,csk,2012,2012
548364,495d42a5,csk,2012,2012
548364,f3171936,csk,2012,2012
548364,c8179c68,csk,2012,2012
548364,dcce6f09,dc,2012,2012
548364,8ba8195d,dc,2012,2012
548364,890946a0,dc,2012,2012
548364,d18f9182,dc,2012,2012
548364,fe763256,dc,2012,2012
548364,662c47a6,dc,2012,2012
548364,5fa06777,dc,2012,2012
548364,05c2ca46,dc,2012,2012
548364,5bb5a915,dc,2012,2012
548364,0a3d54b9,dc,2012,2012
548364,cc1e8c68,dc,2012,2012
548365,725529bc,pwi,2012,2012
548365,91ffa6c6,pwi,2012,2012
548365,1c17e270,pwi,2012,2012
548365,f4cb4f53,pwi,2012,2012
548365,9b4935c8,pwi,2012,2012
548365,30a45b23,pwi,2012,2012
548365,896d78ad,pwi,2012,2012
548365,2e81a32d,pwi,2012,2012
548365,abfeb126,pwi,2012,2012
548365,5d9a1a73,pwi,2012,2012
548365,96fd40ae,pwi,2012,2012
548365,0184dc35,rr,2012,2012
548365,29e95537,rr,2012,2012
548365,4329fbb5,rr,2012,2012
548365,b57f8a9a,rr,2012,2012
548365,bd17b45f,rr,2012,2012
548365,7c503806,rr,2012,2012
548365,541f85c9,rr,2012,2012
548365,8291f939,rr,2012,2012
548365,addfb70e,rr,2012,2012
548365,3d7e087f,rr,2012,2012
548365,99b202b3,rr,2012,2012
548366,0a476045,deccan,2012,2012
548366,b5da6c24,deccan,2012,2012
548366,6b71e6cf,deccan,2012,2012
548366,d0513f63,deccan,2012,2012
548366,2a2e6343,deccan,2012,2012
548366,2461eef2,deccan,2012,2012
548366,2815fe50,deccan,2012,2012
548366,6b19d823,deccan,2012,2012
548366,8fd1a8f5,deccan,2012,2012
548366,ae78bc32,deccan,2012,2012
548366,2f3817ce,deccan,2012,2012
548366,addbde6c,pbks,2012,2012
548366,c3a96caf,pbks,2012,2012
548366,508a1ea7,pbks,2012,2012
548366,9a158001,pbks,2012,2012
548366,fd835ab3,pbks,2012,2012
548366,facb9086,pbks,2012,2012
548366,98ae73b1,pbks,2012,2012
548366,6eb146d2,pbks,2012,2012
548366,e938e1bc,pbks,2012,2012
548366,1a0c3177,pbks,2012,2012
548366,12eddf28,pbks,2012,2012
548367,e1d1b294,mi,2012,2012
548367,d2c2b2d5,mi,2012,2012
548367,740742ef,mi,2012,2012
548367,c03f1114,mi,2012,2012
548367,70d205c9,mi,2012,2012
548367,35205dfc,mi,2012,2012
548367,a757b0d8,mi,2012,2012
548367,8b5b6769,mi,2012,2012
548367,a12e1d51,mi,2012,2012
548367,c3d1402f,mi,2012,2012
548367,f0f628c7,mi,2012,2012
548367,db584dad,rcb,2012,2012
548367,5bdcdb72,rcb,2012,2012
548367,ba607b88,rcb,2012,2012
548367,709b0bac,rcb,2012,2012
548367,c4487b84,rcb,2012,2012
548367,00ea847a,rcb,2012,2012
548367,41eb4a4f,rcb,2012,2012
548367,91a4a398,rcb,2012,2012
548367,f986ca1a,rcb,2012,2012
548367,4ba44e19,rcb,2012,2012
548367,d92e42f5,rcb,2012,2012
548368,48fd7349,csk,2012,2012
548368,4b57e452,csk,2012,2012
548368,1dc12ab9,csk,2012,2012
548368,3355b542,csk,2012,2012
548368,4a8a2e3b,csk,2012,2012
548368,87e562a9,csk,2012,2012
548368,fe93fd9d,csk,2012,2012
548368,95a2ea61,csk,2012,2012
548368,495d42a5,csk,2012,2012
548368,f3171936,csk,2012,2012
548368,c8179c68,csk,2012,2012
548368,bb345e0b,kkr,2012,2012
548368,b8a55852,kkr,2012,2012
548368,86dc8f2e,kkr,2012,2012
548368,26e5cabf,kkr,2012,2012
548368,3c6ffae8,kkr,2012,2012
548368,7050a1e7,kkr,2012,2012
548368,b1451597,kkr,2012,2012
548368,33a364a6,kkr,2012,2012
548368,9d430b40,kkr,2012,2012
548368,b2b50355,kkr,2012,2012
548368,d4eef961,kkr,2012,2012
548369,dcce6f09,dc,2012,2012
548369,8ba8195d,dc,2012,2012
548369,fe763256,dc,2012,2012
548369,d18f9182,dc,2012,2012
548369,b61a3e1a,dc,2012,2012
548369,890946a0,dc,2012,2012
548369,5fa06777,dc,2012,2012
548369,f62772e5,dc,2012,2012
548369,5bb5a915,dc,2012,2012
548369,0a3d54b9,dc,2012,2012
548369,cc1e8c68,dc,2012,2012
548369,c3a96caf,pbks,2012,2012
548369,508a1ea7,pbks,2012,2012
548369,addbde6c,pbks,2012,2012
548369,fd835ab3,pbks,2012,2012
548369,d67d5f00,pbks,2012,2012
548369,9a158001,pbks,2012,2012
548369,6eb146d2,pbks,2012,2012
548369,98ae73b1,pbks,2012,2012
548369,e938e1bc,pbks,2012,2012
548369,1a0c3177,pbks,2012,2012
548369,2a72fd4f,pbks,2012,2012
548370,bb345e0b,kkr,2012,2012
548370,b8a55852,kkr,2012,2012
548370,86dc8f2e,kkr,2012,2012
548370,26e5cabf,kkr,2012,2012
548370,7dc35884,kkr,2012,2012
548370,3c6ffae8,kkr,2012,2012
548370,7050a1e7,kkr,2012,2012
548370,33a364a6,kkr,2012,2012
548370,9d430b40,kkr,2012,2012
548370,b2b50355,kkr,2012,2012
548370,85aae393,kkr,2012,2012
548370,e1d1b294,mi,2012,2012
548370,d2c2b2d5,mi,2012,2012
548370,c03f1114,mi,2012,2012
548370,740742ef,mi,2012,2012
548370,70d205c9,mi,2012,2012
548370,a757b0d8,mi,2012,2012
548370,35205dfc,mi,2012,2012
548370,8b5b6769,mi,2012,2012
548370,a12e1d51,mi,2012,2012
548370,c3d1402f,mi,2012,2012
548370,f0f628c7,mi,2012,2012
548371,4b57e452,csk,2012,2012
548371,48fd7349,csk,2012,2012
548371,1dc12ab9,csk,2012,2012
548371,4a8a2e3b,csk,2012,2012
548371,87e562a9,csk,2012,2012
548371,fe93fd9d,csk,2012,2012
548371,c3d35165,csk,2012,2012
548371,95a2ea61,csk,2012,2012
548371,495d42a5,csk,2012,2012
548371,f3171936,csk,2012,2012
548371,93a17209,csk,2012,2012
548371,2b6e6dec,pbks,2012,2012
548371,c3a96caf,pbks,2012,2012
548371,addbde6c,pbks,2012,2012
548371,fd835ab3,pbks,2012,2012
548371,facb9086,pbks,2012,2012
548371,9a158001,pbks,2012,2012
548371,6eb146d2,pbks,2012,2012
548371,98ae73b1,pbks,2012,2012
548371,12eddf28,pbks,2012,2012
548371,e938e1bc,pbks,2012,2012
548371,1a0c3177,pbks,2012,2012
548372,0c94f480,dc,2012,2012
548372,dcce6f09,dc,2012,2012
548372,fe763256,dc,2012,2012
548372,d18f9182,dc,2012,2012
548372,b61a3e1a,dc,2012,2012
548372,890946a0,dc,2012,2012
548372,bbd41817,dc,2012,2012
548372,5fa06777,dc,2012,2012
548372,f62772e5,dc,2012,2012
548372,cc1e8c68,dc,2012,2012
548372,0a3d54b9,dc,2012,2012
548372,db584dad,rcb,2012,2012
548372,5bdcdb72,rcb,2012,2012
548372,ba607b88,rcb,2012,2012
548372,c4487b84,rcb,2012,2012
548372,709b0bac,rcb,2012,2012
548372,00ea847a,rcb,2012,2012
548372,41eb4a4f,rcb,2012,2012
548372,91a4a398,rcb,2012,2012
548372,f986ca1a,rcb,2012,2012
548372,0c432afb,rcb,2012,2012
548372,4ba44e19,rcb,2012,2012
548373,2461eef2,deccan,2012,2012
548373,0a476045,deccan,2012,2012
548373,2e8994e7,deccan,2012,2012
548373,d0513f63,deccan,2012,2012
548373,45eda7c8,deccan,2012,2012
548373,b5da6c24,deccan,2012,2012
548373,1c2a64cd,deccan,2012,2012
548373,6b19d823,deccan,2012,2012
548373,8fd1a8f5,deccan,2012,2012
548373,ae78bc32,deccan,2012,2012
548373,d718440b,deccan,2012,2012
548373,0184dc35,rr,2012,2012
548373,29e95537,rr,2012,2012
548373,4329fbb5,rr,2012,2012
548373,bd17b45f,rr,2012,2012
548373,7bf96684,rr,2012,2012
548373,8291f939,rr,2012,2012
548373,7c503806,rr,2012,2012
548373,541f85c9,rr,2012,2012
548373,99b202b3,rr,2012,2012
548373,addfb70e,rr,2012,2012
548373,3d7e087f,rr,2012,2012
548374,0c94f480,dc,2012,2012
548374,dcce6f09,dc,2012,2012
548374,fe763256,dc,2012,2012
548374,5fa06777,dc,2012,2012
548374,d18f9182,dc,2012,2012
548374,890946a0,dc,2012,2012
548374,bbd41817,dc,2012,2012
548374,f62772e5,dc,2012,2012
548374,0a3d54b9,dc,2012,2012
548374,5bb5a915,dc,2012,2012
548374,cc1e8c68,dc,2012,2012
548374,2b6e6dec,pbks,2012,2012
548374,c3a96caf,pbks,2012,2012
548374,25eeb281,pbks,2012,2012
548374,fd835ab3,pbks,2012,2012
548374,facb9086,pbks,2012,2012
548374,9a158001,pbks,2012,2012
548374,6eb146d2,pbks,2012,2012
548374,98ae73b1,pbks,2012,2012
548374,12eddf28,pbks,2012,2012
548374,e938e1bc,pbks,2012,2012
548374,1a0c3177,pbks,2012,2012
548375,b8a55852,kkr,2012,2012
548375,bb345e0b,kkr,2012,2012
548375,86dc8f2e,kkr,2012,2012
548375,7dc35884,kkr,2012,2012
548375,26e5cabf,kkr,2012,2012
548375,3c6ffae8,kkr,2012,2012
548375,7050a1e7,kkr,2012,2012
548375,33a364a6,kkr,2012,2012
548375,85aae393,kkr,2012,2012
548375,9d430b40,kkr,2012,2012
548375,b2b50355,kkr,2012,2012
548375,1c17e270,pwi,2012,2012
548375,91ffa6c6,pwi,2012,2012
548375,f842c2cf,pwi,2012,2012
548375,725529bc,pwi,2012,2012
548375,f4cb4f53,pwi,2012,2012
548375,9b4935c8,pwi,2012,2012
548375,28c78fb3,pwi,2012,2012
548375,3a60e0b5,pwi,2012,2012
548375,2e81a32d,pwi,2012,2012
548375,ef5da05c,pwi,2012,2012
548375,96fd40ae,pwi,2012,2012
548376,0a476045,deccan,2012,2012
548376,2461eef2,deccan,2012,2012
548376,6b71e6cf,deccan,2012,2012
548376,d0513f63,deccan,2012,2012
548376,2e8994e7,deccan,2012,2012
548376,b5da6c24,deccan,2012,2012
548376,1c2a64cd,deccan,2012,2012
548376,8fd1a8f5,deccan,2012,2012
548376,6b19d823,deccan,2012,2012
548376,ae78bc32,deccan,2012,2012
548376,d718440b,deccan,2012,2012
548376,db584dad,rcb,2012,2012
548376,5bdcdb72,rcb,2012,2012
548376,ba607b88,rcb,2012,2012
548376,709b0bac,rcb,2012,2012
548376,c4487b84,rcb,2012,2012
548376,00ea847a,rcb,2012,2012
548376,91a4a398,rcb,2012,2012
548376,41eb4a4f,rcb,2012,2012
548376,f986ca1a,rcb,2012,2012
548376,4ba44e19,rcb,2012,2012
548376,0c432afb,rcb,2012,2012
548377,d2c2b2d5,mi,2012,2012
548377,35205dfc,mi,2012,2012
548377,740742ef,mi,2012,2012
548377,c03f1114,mi,2012,2012
548377,cf73ad76,mi,2012,2012
548377,70d205c9,mi,2012,2012
548377,a757b0d8,mi,2012,2012
548377,8b5b6769,mi,2012,2012
548377,a12e1d51,mi,2012,2012
548377,c3d1402f,mi,2012,2012
548377,d2a989fc,mi,2012,2012
548377,0184dc35,rr,2012,2012
548377,29e95537,rr,2012,2012
548377,4329fbb5,rr,2012,2012
548377,bd17b45f,rr,2012,2012
548377,7bf96684,rr,2012,2012
548377,8291f939,rr,2012,2012
548377,063b3673,rr,2012,2012
548377,f708a0bc,rr,2012,2012
548377,addfb70e,rr,2012,2012
548377,3d7e087f,rr,2012,2012
548377,99b202b3,rr,2012,2012
548378,dcce6f09,dc,2012,2012
548378,8ba8195d,dc,2012,2012
548378,890946a0,dc,2012,2012
548378,d18f9182,dc,2012,2012
548378,fe763256,dc,2012,2012
548378,f62772e5,dc,2012,2012
548378,b61a3e1a,dc,2012,2012
548378,5fa06777,dc,2012,2012
548378,5bb5a915,dc,2012,2012
548378,cc1e8c68,dc,2012,2012
548378,0a3d54b9,dc,2012,2012
548378,b8a55852,kkr,2012,2012
548378,bb345e0b,kkr,2012,2012
548378,86dc8f2e,kkr,2012,2012
548378,7dc35884,kkr,2012,2012
548378,3c6ffae8,kkr,2012,2012
548378,b1451597,kkr,2012,2012
548378,7050a1e7,kkr,2012,2012
548378,33a364a6,kkr,2012,2012
548378,85aae393,kkr,2012,2012
548378,9d430b40,kkr,2012,2012
548378,b2b50355,kkr,2012,2012
548379,4b57e452,csk,2012,2012
548379,48fd7349,csk,2012,2012
548379,1dc12ab9,csk,2012,2012
548379,3576e47e,csk,2012,2012
548379,4a8a2e3b,csk,2012,2012
548379,fe93fd9d,csk,2012,2012
548379,87e562a9,csk,2012,2012
548379,c3d35165,csk,2012,2012
548379,495d42a5,csk,2012,2012
548379,f3171936,csk,2012,2012
548379,c8179c68,csk,2012,2012
548379,d2c2b2d5,mi,2012,2012
548379,35205dfc,mi,2012,2012
548379,740742ef,mi,2012,2012
548379,c03f1114,mi,2012,2012
548379,cf73ad76,mi,2012,2012
548379,70d205c9,mi,2012,2012
548379,a757b0d8,mi,2012,2012
548379,8b5b6769,mi,2012,2012
548379,a12e1d51,mi,2012,2012
548379,d2a989fc,mi,2012,2012
548379,c3d1402f,mi,2012,2012
548380,4b57e452,csk,2012,2012
548380,48fd7349,csk,2012,2012
548380,1dc12ab9,csk,2012,2012
548380,4a8a2e3b,csk,2012,2012
548380,c3d35165,csk,2012,2012
548380,87e562a9,csk,2012,2012
548380,fe93fd9d,csk,2012,2012
548380,495d42a5,csk,2012,2012
548380,f3171936,csk,2012,2012
548380,c8179c68,csk,2012,2012
548380,3576e47e,csk,2012,2012
548380,d18f9182,dc,2012,2012
548380,dcce6f09,dc,2012,2012
548380,8ba8195d,dc,2012,2012
548380,b61a3e1a,dc,2012,2012
548380,bbd41817,dc,2012,2012
548380,890946a0,dc,2012,2012
548380,fe763256,dc,2012,2012
548380,f62772e5,dc,2012,2012
548380,ee3dfa89,dc,2012,2012
548380,cc1e8c68,dc,2012,2012
548380,0a3d54b9,dc,2012,2012
548381,48fd7349,csk,2012,2012
548381,4b57e452,csk,2012,2012
548381,1dc12ab9,csk,2012,2012
548381,4a8a2e3b,csk,2012,2012
548381,87e562a9,csk,2012,2012
548381,fe93fd9d,csk,2012,2012
548381,c3d35165,csk,2012,2012
548381,495d42a5,csk,2012,2012
548381,f3171936,csk,2012,2012
548381,c8179c68,csk,2012,2012
548381,3576e47e,csk,2012,2012
548381,5afd4539,kkr,2012,2012
548381,bb345e0b,kkr,2012,2012
548381,86dc8f2e,kkr,2012,2012
548381,b1451597,kkr,2012,2012
548381,3c6ffae8,kkr,2012,2012
548381,7dc35884,kkr,2012,2012
548381,26e5cabf,kkr,2012,2012
548381,33a364a6,kkr,2012,2012
548381,85aae393,kkr,2012,2012
548381,9d430b40,kkr,2012,2012
548381,dd09ff8e,kkr,2012,2012
597998,0c94f480,dc,2013,2013
597998,dcce6f09,dc,2013,2013
597998,d18f9182,dc,2013,2013
597998,605b7efa,dc,2013,2013
597998,890946a0,dc,2013,2013
597998,7c503806,dc,2013,2013
597998,5fa06777,dc,2013,2013
597998,bbd41817,dc,2013,2013
597998,9d80c5e1,dc,2013,2013
597998,96fd40ae,dc,2013,2013
597998,cc1e8c68,dc,2013,2013
597998,5afd4539,kkr,2013,2013
597998,bb345e0b,kkr,2013,2013
597998,86dc8f2e,kkr,2013,2013
597998,26e5cabf,kkr,2013,2013
597998,d2a6c0e6,kkr,2013,2013
597998,3c6ffae8,kkr,2013,2013
597998,b1451597,kkr,2013,2013
597998,33a364a6,kkr,2013,2013
597998,dd09ff8e,kkr,2013,2013
597998,9d430b40,kkr,2013,2013
597998,b2b50355,kkr,2013,2013
597999,7d415ea5,mi,2013,2013
597999,d2c2b2d5,mi,2013,2013
597999,c03f1114,mi,2013,2013
597999,740742ef,mi,2013,2013
597999,70d205c9,mi,2013,2013
597999,a757b0d8,mi,2013,2013
597999,8b5b6769,mi,2013,2013
597999,462411b3,mi,2013,2013
597999,f5180fe6,mi,2013,2013
597999,3eac9d95,mi,2013,2013
597999,f0f628c7,mi,2013,2013
597999,db584dad,rcb,2013,2013
597999,5bdcdb72,rcb,2013,2013
597999,ba607b88,rcb,2013,2013
597999,00ea847a,rcb,2013,2013
597999,2a2e6343,rcb,2013,2013
597999,944533a5,rcb,2013,2013
597999,7daedf2f,rcb,2013,2013
597999,41eb4a4f,rcb,2013,2013
597999,abfeb126,rcb,2013,2013
597999,1e66c162,rcb,2013,2013
597999,4ba44e19,rcb,2013,2013
598000,1c17e270,pwi,2013,2013
598000,93b4fc78,pwi,2013,2013
598000,f846de6a,pwi,2013,2013
598000,1c914163,pwi,2013,2013
598000,b61a3e1a,pwi,2013,2013
598000,a45a5e8d,pwi,2013,2013
598000,896d78ad,pwi,2013,2013
598000,3d8feaf8,pwi,2013,2013
598000,2e81a32d,pwi,2013,2013
598000,5d9a1a73,pwi,2013,2013
598000,66b30f71,pwi,2013,2013
598000,2461eef2,srh,2013,2013
598000,b5da6c24,srh,2013,2013
598000,6b71e6cf,srh,2013,2013
598000,d0513f63,srh,2013,2013
598000,0f12f9df,srh,2013,2013
598000,94253925,srh,2013,2013
598000,1c2a64cd,srh,2013,2013
598000,b720a5d6,srh,2013,2013
598000,6b19d823,srh,2013,2013
598000,8fd1a8f5,srh,2013,2013
598000,5bb1a1c4,srh,2013,2013
598001,dcce6f09,dc,2013,2013
598001,0c94f480,dc,2013,2013
598001,d18f9182,dc,2013,2013
598001,605b7efa,dc,2013,2013
598001,bbd41817,dc,2013,2013
598001,7c503806,dc,2013,2013
598001,5fa06777,dc,2013,2013
598001,890946a0,dc,2013,2013
598001,96fd40ae,dc,2013,2013
598001,9d80c5e1,dc,2013,2013
598001,cc1e8c68,dc,2013,2013
598001,f21043a5,rr,2013,2013
598001,29e95537,rr,2013,2013
598001,0184dc35,rr,2013,2013
598001,bd17b45f,rr,2013,2013
598001,b57f8a9a,rr,2013,2013
598001,557153ca,rr,2013,2013
598001,8291f939,rr,2013,2013
598001,6b8eb6e5,rr,2013,2013
598001,de4b0555,rr,2013,2013
598001,3d7e087f,rr,2013,2013
598001,76388dc8,rr,2013,2013
598002,48fd7349,csk,2013,2013
598002,4b57e452,csk,2013,2013
598002,1dc12ab9,csk,2013,2013
598002,87e562a9,csk,2013,2013
598002,3576e47e,csk,2013,2013
598002,4a8a2e3b,csk,2013,2013
598002,fe93fd9d,csk,2013,2013
598002,495d42a5,csk,2013,2013
598002,b2a79f17,csk,2013,2013
598002,db31895a,csk,2013,2013
598002,c404f58a,csk,2013,2013
598002,7d415ea5,mi,2013,2013
598002,d2c2b2d5,mi,2013,2013
598002,c03f1114,mi,2013,2013
598002,740742ef,mi,2013,2013
598002,70d205c9,mi,2013,2013
598002,a757b0d8,mi,2013,2013
598002,35205dfc,mi,2013,2013
598002,8b5b6769,mi,2013,2013
598002,f5180fe6,mi,2013,2013
598002,f0f628c7,mi,2013,2013
598002,6c6591ab,mi,2013,2013
598003,2b6e6dec,pbks,2013,2013
598003,c3a96caf,pbks,2013,2013
598003,c03e2850,pbks,2013,2013
598003,fd835ab3,pbks,2013,2013
598003,9a158001,pbks,2013,2013
598003,6eb146d2,pbks,2013,2013
598003,626c5379,pbks,2013,2013
598003,98ae73b1,pbks,2013,2013
598003,1a0c3177,pbks,2013,2013
598003,e938e1bc,pbks,2013,2013
598003,12eddf28,pbks,2013,2013
598003,1c17e270,pwi,2013,2013
598003,93b4fc78,pwi,2013,2013
598003,aaa1b522,pwi,2013,2013
598003,f846de6a,pwi,2013,2013
598003,b61a3e1a,pwi,2013,2013
598003,896d78ad,pwi,2013,2013
598003,a45a5e8d,pwi,2013,2013
598003,3d8feaf8,pwi,2013,2013
598003,2e81a32d,pwi,2013,2013
598003,5d9a1a73,pwi,2013,2013
598003,66b30f71,pwi,2013,2013
598004,db584dad,rcb,2013,2013
598004,5bdcdb72,rcb,2013,2013
598004,ba607b88,rcb,2013,2013
598004,944533a5,rcb,2013,2013
598004,32198ae0,rcb,2013,2013
598004,00ea847a,rcb,2013,2013
598004,7daedf2f,rcb,2013,2013
598004,41eb4a4f,rcb,2013,2013
598004,abfeb126,rcb,2013,2013
598004,1e66c162,rcb,2013,2013
598004,4ba44e19,rcb,2013,2013
598004,2461eef2,srh,2013,2013
598004,b5da6c24,srh,2013,2013
598004,d0513f63,srh,2013,2013
598004,94253925,srh,2013,2013
598004,6b71e6cf,srh,2013,2013
598004,0f12f9df,srh,2013,2013
598004,6b19d823,srh,2013,2013
598004,1c2a64cd,srh,2013,2013
598004,8fd1a8f5,srh,2013,2013
598004,24d94623,srh,2013,2013
598004,5bb1a1c4,srh,2013,2013
598005,5afd4539,kkr,2013,2013
598005,bb345e0b,kkr,2013,2013
598005,86dc8f2e,kkr,2013,2013
598005,26e5cabf,kkr,2013,2013
598005,d2a6c0e6,kkr,2013,2013
598005,3c6ffae8,kkr,2013,2013
598005,b1451597,kkr,2013,2013
598005,33a364a6,kkr,2013,2013
598005,dd09ff8e,kkr,2013,2013
598005,8cf9814c,kkr,2013,2013
598005,9d430b40,kkr,2013,2013
598005,4329fbb5,rr,2013,2013
598005,29e95537,rr,2013,2013
598005,0184dc35,rr,2013,2013
598005,bd17b45f,rr,2013,2013
598005,b57f8a9a,rr,2013,2013
598005,557153ca,rr,2013,2013
598005,063b3673,rr,2013,2013
598005,6b8eb6e5,rr,2013,2013
598005,3d7e087f,rr,2013,2013
598005,addfb70e,rr,2013,2013
598005,de4b0555,rr,2013,2013
598006,0c94f480,dc,2013,2013
598006,dcce6f09,dc,2013,2013
598006,d18f9182,dc,2013,2013
598006,605b7efa,dc,2013,2013
598006,9868bc75,dc,2013,2013
598006,5fa06777,dc,2013,2013
598006,99d63244,dc,2013,2013
598006,9d80c5e1,dc,2013,2013
598006,5bb5a915,dc,2013,2013
598006,96fd40ae,dc,2013,2013
598006,cc1e8c68,dc,2013,2013
598006,7d415ea5,mi,2013,2013
598006,d2c2b2d5,mi,2013,2013
598006,c03f1114,mi,2013,2013
598006,740742ef,mi,2013,2013
598006,a757b0d8,mi,2013,2013
598006,70d205c9,mi,2013,2013
598006,8b5b6769,mi,2013,2013
598006,26a85969,mi,2013,2013
598006,f5180fe6,mi,2013,2013
598006,6c6591ab,mi,2013,2013
598006,a12e1d51,mi,2013,2013
598007,4b57e452,csk,2013,2013
598007,48fd7349,csk,2013,2013
598007,1dc12ab9,csk,2013,2013
598007,3576e47e,csk,2013,2013
598007,4a8a2e3b,csk,2013,2013
598007,fe93fd9d,csk,2013,2013
598007,87e562a9,csk,2013,2013
598007,495d42a5,csk,2013,2013
598007,c404f58a,csk,2013,2013
598007,fb66ce1f,csk,2013,2013
598007,db31895a,csk,2013,2013
598007,c3a96caf,pbks,2013,2013
598007,2b6e6dec,pbks,2013,2013
598007,c03e2850,pbks,2013,2013
598007,fd835ab3,pbks,2013,2013
598007,6eb146d2,pbks,2013,2013
598007,9a158001,pbks,2013,2013
598007,626c5379,pbks,2013,2013
598007,98ae73b1,pbks,2013,2013
598007,12eddf28,pbks,2013,2013
598007,e938e1bc,pbks,2013,2013
598007,1a0c3177,pbks,2013,2013
598008,5afd4539,kkr,2013,2013
598008,bb345e0b,kkr,2013,2013
598008,86dc8f2e,kkr,2013,2013
598008,3c6ffae8,kkr,2013,2013
598008,26e5cabf,kkr,2013,2013
598008,d2a6c0e6,kkr,2013,2013
598008,33a364a6,kkr,2013,2013
598008,c654af19,kkr,2013,2013
598008,9fc0ef64,kkr,2013,2013
598008,9d430b40,kkr,2013,2013
598008,b2b50355,kkr,2013,2013
598008,db584dad,rcb,2013,2013
598008,00ea847a,rcb,2013,2013
598008,ba607b88,rcb,2013,2013
598008,c4487b84,rcb,2013,2013
598008,32198ae0,rcb,2013,2013
598008,7daedf2f,rcb,2013,2013
598008,b17e2f24,rcb,2013,2013
598008,41eb4a4f,rcb,2013,2013
598008,c3d1402f,rcb,2013,2013
598008,1e66c162,rcb,2013,2013
598008,4ba44e19,rcb,2013,2013
598009,1c17e270,pwi,2013,2013
598009,b8d490fd,pwi,2013,2013
598009,b61a3e1a,pwi,2013,2013
598009,1c914163,pwi,2013,2013
598009,896d78ad,pwi,2013,2013
598009,aaa1b522,pwi,2013,2013
598009,a45a5e8d,pwi,2013,2013
598009,3d8feaf8,pwi,2013,2013
598009,2e81a32d,pwi,2013,2013
598009,5d9a1a73,pwi,2013,2013
598009,66b30f71,pwi,2013,2013
598009,f21043a5,rr,2013,2013
598009,29e95537,rr,2013,2013
598009,0184dc35,rr,2013,2013
598009,bd17b45f,rr,2013,2013
598009,b57f8a9a,rr,2013,2013
598009,063b3673,rr,2013,2013
598009,808f425a,rr,2013,2013
598009,557153ca,rr,2013,2013
598009,6b8eb6e5,rr,2013,2013
598009,0bf15e52,rr,2013,2013
598009,3d7e087f,rr,2013,2013
598010,dcce6f09,dc,2013,2013
598010,8ba8195d,dc,2013,2013
598010,d18f9182,dc,2013,2013
598010,605b7efa,dc,2013,2013
598010,7c503806,dc,2013,2013
598010,5fa06777,dc,2013,2013
598010,99d63244,dc,2013,2013
598010,5bb5a915,dc,2013,2013
598010,9d80c5e1,dc,2013,2013
598010,cc1e8c68,dc,2013,2013
598010,dcf81436,dc,2013,2013
598010,2461eef2,srh,2013,2013
598010,b5da6c24,srh,2013,2013
598010,6b71e6cf,srh,2013,2013
598010,94253925,srh,2013,2013
598010,d0513f63,srh,2013,2013
598010,0f12f9df,srh,2013,2013
598010,1c2a64cd,srh,2013,2013
598010,6b19d823,srh,2013,2013
598010,8fd1a8f5,srh,2013,2013
598010,5bb1a1c4,srh,2013,2013
598010,d2340a43,srh,2013,2013
598011,7d415ea5,mi,2013,2013
598011,d2c2b2d5,mi,2013,2013
598011,c03f1114,mi,2013,2013
598011,740742ef,mi,2013,2013
598011,a757b0d8,mi,2013,2013
598011,70d205c9,mi,2013,2013
598011,8b5b6769,mi,2013,2013
598011,26a85969,mi,2013,2013
598011,f5180fe6,mi,2013,2013
598011,6c6591ab,mi,2013,2013
598011,a12e1d51,mi,2013,2013
598011,b8d490fd,pwi,2013,2013
598011,1c17e270,pwi,2013,2013
598011,b61a3e1a,pwi,2013,2013
598011,1c914163,pwi,2013,2013
598011,aaa1b522,pwi,2013,2013
598011,896d78ad,pwi,2013,2013
598011,3d8feaf8,pwi,2013,2013
598011,a45a5e8d,pwi,2013,2013
598011,2e81a32d,pwi,2013,2013
598011,5d9a1a73,pwi,2013,2013
598011,66b30f71,pwi,2013,2013
598012,48fd7349,csk,2013,2013
598012,4b57e452,csk,2013,2013
598012,1dc12ab9,csk,2013,2013
598012,3576e47e,csk,2013,2013
598012,4a8a2e3b,csk,2013,2013
598012,fe93fd9d,csk,2013,2013
598012,87e562a9,csk,2013,2013
598012,fb66ce1f,csk,2013,2013
598012,495d42a5,csk,2013,2013
598012,c404f58a,csk,2013,2013
598012,759ac88f,csk,2013,2013
598012,db584dad,rcb,2013,2013
598012,00ea847a,rcb,2013,2013
598012,ba607b88,rcb,2013,2013
598012,c4487b84,rcb,2013,2013
598012,2a2e6343,rcb,2013,2013
598012,d68e7f48,rcb,2013,2013
598012,7daedf2f,rcb,2013,2013
598012,c64c2443,rcb,2013,2013
598012,41eb4a4f,rcb,2013,2013
598012,abfeb126,rcb,2013,2013
598012,c3d1402f,rcb,2013,2013
598013,5afd4539,kkr,2013,2013
598013,bb345e0b,kkr,2013,2013
598013,86dc8f2e,kkr,2013,2013
598013,d2a6c0e6,kkr,2013,2013
598013,3c6ffae8,kkr,2013,2013
598013,26e5cabf,kkr,2013,2013
598013,33a364a6,kkr,2013,2013
598013,b1451597,kkr,2013,2013
598013,4c4fa80b,kkr,2013,2013
598013,9d430b40,kkr,2013,2013
598013,b2b50355,kkr,2013,2013
598013,b5da6c24,srh,2013,2013
598013,d0513f63,srh,2013,2013
598013,6b71e6cf,srh,2013,2013
598013,b720a5d6,srh,2013,2013
598013,0f12f9df,srh,2013,2013
598013,1c2a64cd,srh,2013,2013
598013,119678fd,srh,2013,2013
598013,94253925,srh,2013,2013
598013,6b19d823,srh,2013,2013
598013,8fd1a8f5,srh,2013,2013
598013,5bb1a1c4,srh,2013,2013
598014,c3a96caf,pbks,2013,2013
598014,2b6e6dec,pbks,2013,2013
598014,c03e2850,pbks,2013,2013
598014,fd835ab3,pbks,2013,2013
598014,6eb146d2,pbks,2013,2013
598014,626c5379,pbks,2013,2013
598014,9a158001,pbks,2013,2013
598014,98ae73b1,pbks,2013,2013
598014,12eddf28,pbks,2013,2013
598014,e938e1bc,pbks,2013,2013
598014,1a0c3177,pbks,2013,2013
598014,4329fbb5,rr,2013,2013
598014,29e95537,rr,2013,2013
598014,0184dc35,rr,2013,2013
598014,bd17b45f,rr,2013,2013
598014,b57f8a9a,rr,2013,2013
598014,a4cc73aa,rr,2013,2013
598014,808f425a,rr,2013,2013
598014,557153ca,rr,2013,2013
598014,3d7e087f,rr,2013,2013
598014,99b202b3,rr,2013,2013
598014,6b8eb6e5,rr,2013,2013
598015,95a2ea61,csk,2013,2013
598015,4b57e452,csk,2013,2013
598015,1dc12ab9,csk,2013,2013
598015,3576e47e,csk,2013,2013
598015,fe93fd9d,csk,2013,2013
598015,4a8a2e3b,csk,2013,2013
598015,87e562a9,csk,2013,2013
598015,c3d35165,csk,2013,2013
598015,fb66ce1f,csk,2013,2013
598015,495d42a5,csk,2013,2013
598015,c404f58a,csk,2013,2013
598015,1c17e270,pwi,2013,2013
598015,b8d490fd,pwi,2013,2013
598015,b61a3e1a,pwi,2013,2013
598015,30a45b23,pwi,2013,2013
598015,3d8feaf8,pwi,2013,2013
598015,93b4fc78,pwi,2013,2013
598015,a45a5e8d,pwi,2013,2013
598015,aaa1b522,pwi,2013,2013
598015,2e81a32d,pwi,2013,2013
598015,5d9a1a73,pwi,2013,2013
598015,66b30f71,pwi,2013,2013
598016,2b6e6dec,pbks,2013,2013
598016,c3a96caf,pbks,2013,2013
598016,c03e2850,pbks,2013,2013
598016,fd835ab3,pbks,2013,2013
598016,d67d5f00,pbks,2013,2013
598016,9a158001,pbks,2013,2013
598016,6eb146d2,pbks,2013,2013
598016,ae78bc32,pbks,2013,2013
598016,98ae73b1,pbks,2013,2013
598016,e938e1bc,pbks,2013,2013
598016,1a0c3177,pbks,2013,2013
598016,5afd4539,kkr,2013,2013
598016,bb345e0b,kkr,2013,2013
598016,86dc8f2e,kkr,2013,2013
598016,d2a6c0e6,kkr,2013,2013
598016,26e5cabf,kkr,2013,2013
598016,3c6ffae8,kkr,2013,2013
598016,7050a1e7,kkr,2013,2013
598016,33a364a6,kkr,2013,2013
598016,4c4fa80b,kkr,2013,2013
598016,9d430b40,kkr,2013,2013
598016,b2b50355,kkr,2013,2013
598017,dcce6f09,dc,2013,2013
598017,8ba8195d,dc,2013,2013
598017,605b7efa,dc,2013,2013
598017,d18f9182,dc,2013,2013
598017,27af6414,dc,2013,2013
598017,99d63244,dc,2013,2013
598017,5fa06777,dc,2013,2013
598017,5bb5a915,dc,2013,2013
598017,9d80c5e1,dc,2013,2013
598017,96fd40ae,dc,2013,2013
598017,cc1e8c68,dc,2013,2013
598017,db584dad,rcb,2013,2013
598017,b17e2f24,rcb,2013,2013
598017,ba607b88,rcb,2013,2013
598017,c4487b84,rcb,2013,2013
598017,16043342,rcb,2013,2013
598017,7daedf2f,rcb,2013,2013
598017,c64c2443,rcb,2013,2013
598017,41eb4a4f,rcb,2013,2013
598017,d68e7f48,rcb,2013,2013
598017,c3d1402f,rcb,2013,2013
598017,1e66c162,rcb,2013,2013
598018,b5da6c24,srh,2013,2013
598018,372455c4,srh,2013,2013
598018,94253925,srh,2013,2013
598018,d0513f63,srh,2013,2013
598018,53f27a35,srh,2013,2013
598018,119678fd,srh,2013,2013
598018,0f12f9df,srh,2013,2013
598018,6b19d823,srh,2013,2013
598018,1c2a64cd,srh,2013,2013
598018,8fd1a8f5,srh,2013,2013
598018,5bb1a1c4,srh,2013,2013
598018,1c17e270,pwi,2013,2013
598018,b8d490fd,pwi,2013,2013
598018,aaa1b522,pwi,2013,2013
598018,30a45b23,pwi,2013,2013
598018,896d78ad,pwi,2013,2013
598018,3d8feaf8,pwi,2013,2013
598018,a45a5e8d,pwi,2013,2013
598018,93b4fc78,pwi,2013,2013
598018,2e81a32d,pwi,2013,2013
598018,5d9a1a73,pwi,2013,2013
598018,66b30f71,pwi,2013,2013
598019,d2c2b2d5,mi,2013,2013
598019,7d415ea5,mi,2013,2013
598019,c03f1114,mi,2013,2013
598019,740742ef,mi,2013,2013
598019,a757b0d8,mi,2013,2013
598019,70d205c9,mi,2013,2013
598019,26a85969,mi,2013,2013
598019,8b5b6769,mi,2013,2013
598019,f5180fe6,mi,2013,2013
598019,a12e1d51,mi,2013,2013
598019,6c6591ab,mi,2013,2013
598019,4329fbb5,rr,2013,2013
598019,29e95537,rr,2013,2013
598019,063b3673,rr,2013,2013
598019,bd17b45f,rr,2013,2013
598019,b57f8a9a,rr,2013,2013
598019,0184dc35,rr,2013,2013
598019,808f425a,rr,2013,2013
598019,557153ca,rr,2013,2013
598019,29d72eb2,rr,2013,2013
598019,99b202b3,rr,2013,2013
598019,3d7e087f,rr,2013,2013
598020,48fd7349,csk,2013,2013
598020,4b57e452,csk,2013,2013
598020,1dc12ab9,csk,2013,2013
598020,4a8a2e3b,csk,2013,2013
598020,87e562a9,csk,2013,2013
598020,3576e47e,csk,2013,2013
598020,fe93fd9d,csk,2013,2013
598020,c3d35165,csk,2013,2013
598020,fb66ce1f,csk,2013,2013
598020,495d42a5,csk,2013,2013
598020,759ac88f,csk,2013,2013
598020,dcce6f09,dc,2013,2013
598020,8ba8195d,dc,2013,2013
598020,605b7efa,dc,2013,2013
598020,d18f9182,dc,2013,2013
598020,9868bc75,dc,2013,2013
598020,99d63244,dc,2013,2013
598020,5fa06777,dc,2013,2013
598020,fa463154,dc,2013,2013
598020,5bb5a915,dc,2013,2013
598020,9d80c5e1,dc,2013,2013
598020,cc1e8c68,dc,2013,2013
598021,c3a96caf,pbks,2013,2013
598021,2b6e6dec,pbks,2013,2013
598021,25eeb281,pbks,2013,2013
598021,fd835ab3,pbks,2013,2013
598021,98ae73b1,pbks,2013,2013
598021,6eb146d2,pbks,2013,2013
598021,9a158001,pbks,2013,2013
598021,ae78bc32,pbks,2013,2013
598021,c03e2850,pbks,2013,2013
598021,3edb58fc,pbks,2013,2013
598021,e938e1bc,pbks,2013,2013
598021,372455c4,srh,2013,2013
598021,2461eef2,srh,2013,2013
598021,94253925,srh,2013,2013
598021,d0513f63,srh,2013,2013
598021,53f27a35,srh,2013,2013
598021,0f12f9df,srh,2013,2013
598021,1c2a64cd,srh,2013,2013
598021,119678fd,srh,2013,2013
598021,6b19d823,srh,2013,2013
598021,8fd1a8f5,srh,2013,2013
598021,5bb1a1c4,srh,2013,2013
598022,48fd7349,csk,2013,2013
598022,495d42a5,csk,2013,2013
598022,4b57e452,csk,2013,2013
598022,1dc12ab9,csk,2013,2013
598022,4a8a2e3b,csk,2013,2013
598022,3576e47e,csk,2013,2013
598022,fe93fd9d,csk,2013,2013
598022,87e562a9,csk,2013,2013
598022,c3d35165,csk,2013,2013
598022,fb66ce1f,csk,2013,2013
598022,759ac88f,csk,2013,2013
598022,bb345e0b,kkr,2013,2013
598022,3c6ffae8,kkr,2013,2013
598022,86dc8f2e,kkr,2013,2013
598022,d2a6c0e6,kkr,2013,2013
598022,26e5cabf,kkr,2013,2013
598022,7050a1e7,kkr,2013,2013
598022,33a364a6,kkr,2013,2013
598022,b1451597,kkr,2013,2013
598022,4c4fa80b,kkr,2013,2013
598022,9d430b40,kkr,2013,2013
598022,b2b50355,kkr,2013,2013
598023,4329fbb5,rr,2013,2013
598023,29e95537,rr,2013,2013
598023,0184dc35,rr,2013,2013
598023,bd17b45f,rr,2013,2013
598023,b57f8a9a,rr,2013,2013
598023,063b3673,rr,2013,2013
598023,808f425a,rr,2013,2013
598023,99b202b3,rr,2013,2013
598023,6b8eb6e5,rr,2013,2013
598023,addfb70e,rr,2013,2013
598023,3d7e087f,rr,2013,2013
598023,5bdcdb72,rcb,2013,2013
598023,db584dad,rcb,2013,2013
598023,ba607b88,rcb,2013,2013
598023,c4487b84,rcb,2013,2013
598023,709b0bac,rcb,2013,2013
598023,7daedf2f,rcb,2013,2013
598023,d68e7f48,rcb,2013,2013
598023,41eb4a4f,rcb,2013,2013
598023,abfeb126,rcb,2013,2013
598023,c3d1402f,rcb,2013,2013
598023,1e66c162,rcb,2013,2013
598024,d18f9182,dc,2013,2013
598024,8ba8195d,dc,2013,2013
598024,dcce6f09,dc,2013,2013
598024,fe763256,dc,2013,2013
598024,99d63244,dc,2013,2013
598024,05c2ca46,dc,2013,2013
598024,5fa06777,dc,2013,2013
598024,bbd41817,dc,2013,2013
598024,fa463154,dc,2013,2013
598024,9d80c5e1,dc,2013,2013
598024,cc1e8c68,dc,2013,2013
598024,35205dfc,mi,2013,2013
598024,d2c2b2d5,mi,2013,2013
598024,c03f1114,mi,2013,2013
598024,740742ef,mi,2013,2013
598024,a757b0d8,mi,2013,2013
598024,70d205c9,mi,2013,2013
598024,7d415ea5,mi,2013,2013
598024,8b5b6769,mi,2013,2013
598024,462411b3,mi,2013,2013
598024,f0f628c7,mi,2013,2013
598024,a12e1d51,mi,2013,2013
598025,2b6e6dec,pbks,2013,2013
598025,c3a96caf,pbks,2013,2013
598025,9a158001,pbks,2013,2013
598025,c03e2850,pbks,2013,2013
598025,d67d5f00,pbks,2013,2013
598025,fd835ab3,pbks,2013,2013
598025,6eb146d2,pbks,2013,2013
598025,98ae73b1,pbks,2013,2013
598025,ae78bc32,pbks,2013,2013
598025,e938e1bc,pbks,2013,2013
598025,1a0c3177,pbks,2013,2013
598025,1c17e270,pwi,2013,2013
598025,b8d490fd,pwi,2013,2013
598025,1c914163,pwi,2013,2013
598025,30a45b23,pwi,2013,2013
598025,cca50cd6,pwi,2013,2013
598025,a45a5e8d,pwi,2013,2013
598025,c42aaf71,pwi,2013,2013
598025,2e81a32d,pwi,2013,2013
598025,5d9a1a73,pwi,2013,2013
598025,66b30f71,pwi,2013,2013
598025,ea0cdc12,pwi,2013,2013
598026,4b57e452,csk,2013,2013
598026,48fd7349,csk,2013,2013
598026,1dc12ab9,csk,2013,2013
598026,4a8a2e3b,csk,2013,2013
598026,fe93fd9d,csk,2013,2013
598026,87e562a9,csk,2013,2013
598026,fb66ce1f,csk,2013,2013
598026,3576e47e,csk,2013,2013
598026,495d42a5,csk,2013,2013
598026,0f721006,csk,2013,2013
598026,759ac88f,csk,2013,2013
598026,4329fbb5,rr,2013,2013
598026,29e95537,rr,2013,2013
598026,063b3673,rr,2013,2013
598026,0184dc35,rr,2013,2013
598026,bd17b45f,rr,2013,2013
598026,b57f8a9a,rr,2013,2013
598026,808f425a,rr,2013,2013
598026,557153ca,rr,2013,2013
598026,de4b0555,rr,2013,2013
598026,99b202b3,rr,2013,2013
598026,3d7e087f,rr,2013,2013
598027,1c17e270,pwi,2013,2013
598027,b8d490fd,pwi,2013,2013
598027,1c914163,pwi,2013,2013
598027,cca50cd6,pwi,2013,2013
598027,30a45b23,pwi,2013,2013
598027,3d8feaf8,pwi,2013,2013
598027,c42aaf71,pwi,2013,2013
598027,2e81a32d,pwi,2013,2013
598027,ef5da05c,pwi,2013,2013
598027,e0407c01,pwi,2013,2013
598027,66b30f71,pwi,2013,2013
598027,db584dad,rcb,2013,2013
598027,5bdcdb72,rcb,2013,2013
598027,ba607b88,rcb,2013,2013
598027,c4487b84,rcb,2013,2013
598027,709b0bac,rcb,2013,2013
598027,d68e7f48,rcb,2013,2013
598027,7daedf2f,rcb,2013,2013
598027,41eb4a4f,rcb,2013,2013
598027,abfeb126,rcb,2013,2013
598027,c3d1402f,rcb,2013,2013
598027,1e66c162,rcb,2013,2013
598028,d18f9182,dc,2013,2013
598028,0c94f480,dc,2013,2013
598028,5fa06777,dc,2013,2013
598028,dcce6f09,dc,2013,2013
598028,8ba8195d,dc,2013,2013
598028,27af6414,dc,2013,2013
598028,30a2649b,dc,2013,2013
598028,5bb5a915,dc,2013,2013
598028,dcf81436,dc,2013,2013
598028,cc1e8c68,dc,2013,2013
598028,96fd40ae,dc,2013,2013
598028,2b6e6dec,pbks,2013,2013
598028,508a1ea7,pbks,2013,2013
598028,9a158001,pbks,2013,2013
598028,d67d5f00,pbks,2013,2013
598028,626c5379,pbks,2013,2013
598028,98ae73b1,pbks,2013,2013
598028,c3a96caf,pbks,2013,2013
598028,c03e2850,pbks,2013,2013
598028,e938e1bc,pbks,2013,2013
598028,1a0c3177,pbks,2013,2013
598028,ce820073,pbks,2013,2013
598029,3c6ffae8,kkr,2013,2013
598029,bb345e0b,kkr,2013,2013
598029,86dc8f2e,kkr,2013,2013
598029,26e5cabf,kkr,2013,2013
598029,d2a6c0e6,kkr,2013,2013
598029,7050a1e7,kkr,2013,2013
598029,33a364a6,kkr,2013,2013
598029,85aae393,kkr,2013,2013
598029,4c4fa80b,kkr,2013,2013
598029,9d430b40,kkr,2013,2013
598029,b2b50355,kkr,2013,2013
598029,35205dfc,mi,2013,2013
598029,d2c2b2d5,mi,2013,2013
598029,c03f1114,mi,2013,2013
598029,740742ef,mi,2013,2013
598029,a757b0d8,mi,2013,2013
598029,70d205c9,mi,2013,2013
598029,8b5b6769,mi,2013,2013
598029,f5180fe6,mi,2013,2013
598029,57ee1fde,mi,2013,2013
598029,6c6591ab,mi,2013,2013
598029,a12e1d51,mi,2013,2013
598030,48fd7349,csk,2013,2013
598030,4b57e452,csk,2013,2013
598030,1dc12ab9,csk,2013,2013
598030,4a8a2e3b,csk,2013,2013
598030,87e562a9,csk,2013,2013
598030,fe93fd9d,csk,2013,2013
598030,fb66ce1f,csk,2013,2013
598030,3576e47e,csk,2013,2013
598030,495d42a5,csk,2013,2013
598030,0f721006,csk,2013,2013
598030,759ac88f,csk,2013,2013
598030,372455c4,srh,2013,2013
598030,0a476045,srh,2013,2013
598030,94253925,srh,2013,2013
598030,d0513f63,srh,2013,2013
598030,6b19d823,srh,2013,2013
598030,1763bc6c,srh,2013,2013
598030,c03c6200,srh,2013,2013
598030,1c2a64cd,srh,2013,2013
598030,119678fd,srh,2013,2013
598030,8fd1a8f5,srh,2013,2013
598030,5bb1a1c4,srh,2013,2013
598031,2b6e6dec,pbks,2013,2013
598031,c3a96caf,pbks,2013,2013
598031,c03e2850,pbks,2013,2013
598031,fd835ab3,pbks,2013,2013
598031,d67d5f00,pbks,2013,2013
598031,6eb146d2,pbks,2013,2013
598031,9a158001,pbks,2013,2013
598031,98ae73b1,pbks,2013,2013
598031,e938e1bc,pbks,2013,2013
598031,2a72fd4f,pbks,2013,2013
598031,dc4686e6,pbks,2013,2013
598031,5afd4539,kkr,2013,2013
598031,bb345e0b,kkr,2013,2013
598031,3c6ffae8,kkr,2013,2013
598031,86dc8f2e,kkr,2013,2013
598031,d2a6c0e6,kkr,2013,2013
598031,4c4fa80b,kkr,2013,2013
598031,7050a1e7,kkr,2013,2013
598031,33a364a6,kkr,2013,2013
598031,9d430b40,kkr,2013,2013
598031,fb693839,kkr,2013,2013
598031,b2b50355,kkr,2013,2013
598032,0184dc35,rr,2013,2013
598032,29e95537,rr,2013,2013
598032,4329fbb5,rr,2013,2013
598032,bd17b45f,rr,2013,2013
598032,b57f8a9a,rr,2013,2013
598032,063b3673,rr,2013,2013
598032,dc9dd038,rr,2013,2013
598032,808f425a,rr,2013,2013
598032,557153ca,rr,2013,2013
598032,99b202b3,rr,2013,2013
598032,3d7e087f,rr,2013,2013
598032,2461eef2,srh,2013,2013
598032,0a476045,srh,2013,2013
598032,6b71e6cf,srh,2013,2013
598032,94253925,srh,2013,2013
598032,119678fd,srh,2013,2013
598032,0f12f9df,srh,2013,2013
598032,c03c6200,srh,2013,2013
598032,6b19d823,srh,2013,2013
598032,1c2a64cd,srh,2013,2013
598032,8fd1a8f5,srh,2013,2013
598032,5bb1a1c4,srh,2013,2013
598033,35205dfc,mi,2013,2013
598033,d2c2b2d5,mi,2013,2013
598033,c03f1114,mi,2013,2013
598033,740742ef,mi,2013,2013
598033,a757b0d8,mi,2013,2013
598033,70d205c9,mi,2013,2013
598033,8b5b6769,mi,2013,2013
598033,f5180fe6,mi,2013,2013
598033,a12e1d51,mi,2013,2013
598033,d2a989fc,mi,2013,2013
598033,6c6591ab,mi,2013,2013
598033,db584dad,rcb,2013,2013
598033,5bdcdb72,rcb,2013,2013
598033,ba607b88,rcb,2013,2013
598033,c4487b84,rcb,2013,2013
598033,709b0bac,rcb,2013,2013
598033,7daedf2f,rcb,2013,2013
598033,c64c2443,rcb,2013,2013
598033,d68e7f48,rcb,2013,2013
598033,41eb4a4f,rcb,2013,2013
598033,c3d1402f,rcb,2013,2013
598033,1e66c162,rcb,2013,2013
598034,fe11caa6,csk,2013,2013
598034,48fd7349,csk,2013,2013
598034,1dc12ab9,csk,2013,2013
598034,4a8a2e3b,csk,2013,2013
598034,fe93fd9d,csk,2013,2013
598034,3576e47e,csk,2013,2013
598034,87e562a9,csk,2013,2013
598034,fb66ce1f,csk,2013,2013
598034,495d42a5,csk,2013,2013
598034,c404f58a,csk,2013,2013
598034,759ac88f,csk,2013,2013
598034,5afd4539,kkr,2013,2013
598034,bb345e0b,kkr,2013,2013
598034,b8a55852,kkr,2013,2013
598034,86dc8f2e,kkr,2013,2013
598034,d2a6c0e6,kkr,2013,2013
598034,3c6ffae8,kkr,2013,2013
598034,7050a1e7,kkr,2013,2013
598034,33a364a6,kkr,2013,2013
598034,9d430b40,kkr,2013,2013
598034,8cf9814c,kkr,2013,2013
598034,b2b50355,kkr,2013,2013
598035,d18f9182,dc,2013,2013
598035,8ba8195d,dc,2013,2013
598035,0c94f480,dc,2013,2013
598035,dcce6f09,dc,2013,2013
598035,27af6414,dc,2013,2013
598035,99d63244,dc,2013,2013
598035,5fa06777,dc,2013,2013
598035,9d80c5e1,dc,2013,2013
598035,5bb5a915,dc,2013,2013
598035,96fd40ae,dc,2013,2013
598035,cc1e8c68,dc,2013,2013
598035,1c17e270,pwi,2013,2013
598035,b8d490fd,pwi,2013,2013
598035,1c914163,pwi,2013,2013
598035,cca50cd6,pwi,2013,2013
598035,30a45b23,pwi,2013,2013
598035,c42aaf71,pwi,2013,2013
598035,a45a5e8d,pwi,2013,2013
598035,2e81a32d,pwi,2013,2013
598035,66b30f71,pwi,2013,2013
598035,5d9a1a73,pwi,2013,2013
598035,dfc4d8b5,pwi,2013,2013
598036,0184dc35,rr,2013,2013
598036,29e95537,rr,2013,2013
598036,a4cc73aa,rr,2013,2013
598036,4329fbb5,rr,2013,2013
598036,b57f8a9a,rr,2013,2013
598036,bd17b45f,rr,2013,2013
598036,7bf96684,rr,2013,2013
598036,808f425a,rr,2013,2013
598036,99b202b3,rr,2013,2013
598036,3d7e087f,rr,2013,2013
598036,6b8eb6e5,rr,2013,2013
598036,6165bca6,rcb,2013,2013
598036,db584dad,rcb,2013,2013
598036,ba607b88,rcb,2013,2013
598036,c4487b84,rcb,2013,2013
598036,32198ae0,rcb,2013,2013
598036,709b0bac,rcb,2013,2013
598036,d68e7f48,rcb,2013,2013
598036,41eb4a4f,rcb,2013,2013
598036,abfeb126,rcb,2013,2013
598036,c3d1402f,rcb,2013,2013
598036,1e66c162,rcb,2013,2013
598037,c3a96caf,pbks,2013,2013
598037,508a1ea7,pbks,2013,2013
598037,c03e2850,pbks,2013,2013
598037,fd835ab3,pbks,2013,2013
598037,d67d5f00,pbks,2013,2013
598037,6eb146d2,pbks,2013,2013
598037,9a158001,pbks,2013,2013
598037,ae78bc32,pbks,2013,2013
598037,98ae73b1,pbks,2013,2013
598037,e938e1bc,pbks,2013,2013
598037,1a0c3177,pbks,2013,2013
598037,35205dfc,mi,2013,2013
598037,d2c2b2d5,mi,2013,2013
598037,c03f1114,mi,2013,2013
598037,740742ef,mi,2013,2013
598037,a757b0d8,mi,2013,2013
598037,70d205c9,mi,2013,2013
598037,8b5b6769,mi,2013,2013
598037,f5180fe6,mi,2013,2013
598037,a12e1d51,mi,2013,2013
598037,d2a989fc,mi,2013,2013
598037,6c6591ab,mi,2013,2013
598038,48fd7349,csk,2013,2013
598038,fe11caa6,csk,2013,2013
598038,1dc12ab9,csk,2013,2013
598038,3576e47e,csk,2013,2013
598038,4a8a2e3b,csk,2013,2013
598038,fe93fd9d,csk,2013,2013
598038,87e562a9,csk,2013,2013
598038,c3d35165,csk,2013,2013
598038,fb66ce1f,csk,2013,2013
598038,495d42a5,csk,2013,2013
598038,759ac88f,csk,2013,2013
598038,1c17e270,pwi,2013,2013
598038,b8d490fd,pwi,2013,2013
598038,aaa1b522,pwi,2013,2013
598038,1c914163,pwi,2013,2013
598038,30a45b23,pwi,2013,2013
598038,cca50cd6,pwi,2013,2013
598038,a45a5e8d,pwi,2013,2013
598038,dfc4d8b5,pwi,2013,2013
598038,2e81a32d,pwi,2013,2013
598038,5d9a1a73,pwi,2013,2013
598038,66b30f71,pwi,2013,2013
598039,35205dfc,mi,2013,2013
598039,d2c2b2d5,mi,2013,2013
598039,c03f1114,mi,2013,2013
598039,740742ef,mi,2013,2013
598039,a757b0d8,mi,2013,2013
598039,70d205c9,mi,2013,2013
598039,8b5b6769,mi,2013,2013
598039,f5180fe6,mi,2013,2013
598039,a12e1d51,mi,2013,2013
598039,d2a989fc,mi,2013,2013
598039,6c6591ab,mi,2013,2013
598039,2461eef2,srh,2013,2013
598039,0a476045,srh,2013,2013
598039,6b71e6cf,srh,2013,2013
598039,94253925,srh,2013,2013
598039,c03c6200,srh,2013,2013
598039,0f12f9df,srh,2013,2013
598039,1c2a64cd,srh,2013,2013
598039,119678fd,srh,2013,2013
598039,6b19d823,srh,2013,2013
598039,8fd1a8f5,srh,2013,2013
598039,5bb1a1c4,srh,2013,2013
598040,d18f9182,dc,2013,2013
598040,8ba8195d,dc,2013,2013
598040,0c94f480,dc,2013,2013
598040,dcce6f09,dc,2013,2013
598040,27af6414,dc,2013,2013
598040,99d63244,dc,2013,2013
598040,5fa06777,dc,2013,2013
598040,9d80c5e1,dc,2013,2013
598040,5bb5a915,dc,2013,2013
598040,cc1e8c68,dc,2013,2013
598040,96fd40ae,dc,2013,2013
598040,5afd4539,kkr,2013,2013
598040,bb345e0b,kkr,2013,2013
598040,3c6ffae8,kkr,2013,2013
598040,86dc8f2e,kkr,2013,2013
598040,d2a6c0e6,kkr,2013,2013
598040,7050a1e7,kkr,2013,2013
598040,33a364a6,kkr,2013,2013
598040,287686fd,kkr,2013,2013
598040,dd09ff8e,kkr,2013,2013
598040,9d430b40,kkr,2013,2013
598040,b2b50355,kkr,2013,2013
598041,fe11caa6,csk,2013,2013
598041,48fd7349,csk,2013,2013
598041,1dc12ab9,csk,2013,2013
598041,4a8a2e3b,csk,2013,2013
598041,c3d35165,csk,2013,2013
598041,fe93fd9d,csk,2013,2013
598041,3576e47e,csk,2013,2013
598041,87e562a9,csk,2013,2013
598041,fb66ce1f,csk,2013,2013
598041,495d42a5,csk,2013,2013
598041,759ac88f,csk,2013,2013
598041,b63ab531,pbks,2013,2013
598041,c3a96caf,pbks,2013,2013
598041,508a1ea7,pbks,2013,2013
598041,fd835ab3,pbks,2013,2013
598041,d67d5f00,pbks,2013,2013
598041,6eb146d2,pbks,2013,2013
598041,626c5379,pbks,2013,2013
598041,ae78bc32,pbks,2013,2013
598041,98ae73b1,pbks,2013,2013
598041,e938e1bc,pbks,2013,2013
598041,1a0c3177,pbks,2013,2013
598042,1c17e270,pwi,2013,2013
598042,b8d490fd,pwi,2013,2013
598042,aaa1b522,pwi,2013,2013
598042,1c914163,pwi,2013,2013
598042,30a45b23,pwi,2013,2013
598042,896d78ad,pwi,2013,2013
598042,a45a5e8d,pwi,2013,2013
598042,2e81a32d,pwi,2013,2013
598042,ea0cdc12,pwi,2013,2013
598042,66b30f71,pwi,2013,2013
598042,5d9a1a73,pwi,2013,2013
598042,709b0bac,rcb,2013,2013
598042,db584dad,rcb,2013,2013
598042,ba607b88,rcb,2013,2013
598042,c4487b84,rcb,2013,2013
598042,32198ae0,rcb,2013,2013
598042,b17e2f24,rcb,2013,2013
598042,7daedf2f,rcb,2013,2013
598042,41eb4a4f,rcb,2013,2013
598042,abfeb126,rcb,2013,2013
598042,4ba44e19,rcb,2013,2013
598042,c3d1402f,rcb,2013,2013
598043,bb345e0b,kkr,2013,2013
598043,5afd4539,kkr,2013,2013
598043,86dc8f2e,kkr,2013,2013
598043,3c6ffae8,kkr,2013,2013
598043,d2a6c0e6,kkr,2013,2013
598043,7050a1e7,kkr,2013,2013
598043,33a364a6,kkr,2013,2013
598043,287686fd,kkr,2013,2013
598043,4c4fa80b,kkr,2013,2013
598043,85aae393,kkr,2013,2013
598043,9d430b40,kkr,2013,2013
598043,4329fbb5,rr,2013,2013
598043,29e95537,rr,2013,2013
598043,808f425a,rr,2013,2013
598043,a4cc73aa,rr,2013,2013
598043,063b3673,rr,2013,2013
598043,7bf96684,rr,2013,2013
598043,bd17b45f,rr,2013,2013
598043,0184dc35,rr,2013,2013
598043,29d72eb2,rr,2013,2013
598043,f708a0bc,rr,2013,2013
598043,3d7e087f,rr,2013,2013
598044,d18f9182,dc,2013,2013
598044,8ba8195d,dc,2013,2013
598044,0c94f480,dc,2013,2013
598044,dcce6f09,dc,2013,2013
598044,9868bc75,dc,2013,2013
598044,99d63244,dc,2013,2013
598044,5fa06777,dc,2013,2013
598044,7c503806,dc,2013,2013
598044,9d80c5e1,dc,2013,2013
598044,96fd40ae,dc,2013,2013
598044,cc1e8c68,dc,2013,2013
598044,b5da6c24,srh,2013,2013
598044,0a476045,srh,2013,2013
598044,1c2a64cd,srh,2013,2013
598044,c03c6200,srh,2013,2013
598044,6b71e6cf,srh,2013,2013
598044,94253925,srh,2013,2013
598044,0f12f9df,srh,2013,2013
598044,119678fd,srh,2013,2013
598044,6b19d823,srh,2013,2013
598044,8fd1a8f5,srh,2013,2013
598044,5bb1a1c4,srh,2013,2013
598045,2b6e6dec,pbks,2013,2013
598045,508a1ea7,pbks,2013,2013
598045,9a158001,pbks,2013,2013
598045,d67d5f00,pbks,2013,2013
598045,626c5379,pbks,2013,2013
598045,c3a96caf,pbks,2013,2013
598045,c03e2850,pbks,2013,2013
598045,98ae73b1,pbks,2013,2013
598045,ae78bc32,pbks,2013,2013
598045,1a0c3177,pbks,2013,2013
598045,ce820073,pbks,2013,2013
598045,d4f9dbd4,rcb,2013,2013
598045,db584dad,rcb,2013,2013
598045,ba607b88,rcb,2013,2013
598045,c4487b84,rcb,2013,2013
598045,32198ae0,rcb,2013,2013
598045,b17e2f24,rcb,2013,2013
598045,7daedf2f,rcb,2013,2013
598045,41eb4a4f,rcb,2013,2013
598045,91a4a398,rcb,2013,2013
598045,4ba44e19,rcb,2013,2013
598045,1e66c162,rcb,2013,2013
598046,48fd7349,csk,2013,2013
598046,4b57e452,csk,2013,2013
598046,1dc12ab9,csk,2013,2013
598046,3576e47e,csk,2013,2013
598046,87e562a9,csk,2013,2013
598046,495d42a5,csk,2013,2013
598046,4a8a2e3b,csk,2013,2013
598046,fe93fd9d,csk,2013,2013
598046,fb66ce1f,csk,2013,2013
598046,759ac88f,csk,2013,2013
598046,b2a79f17,csk,2013,2013
598046,35205dfc,mi,2013,2013
598046,d2c2b2d5,mi,2013,2013
598046,c03f1114,mi,2013,2013
598046,a757b0d8,mi,2013,2013
598046,740742ef,mi,2013,2013
598046,70d205c9,mi,2013,2013
598046,8b5b6769,mi,2013,2013
598046,f5180fe6,mi,2013,2013
598046,a12e1d51,mi,2013,2013
598046,6c6591ab,mi,2013,2013
598046,cedc1d9a,mi,2013,2013
598047,1c17e270,pwi,2013,2013
598047,b8d490fd,pwi,2013,2013
598047,1c914163,pwi,2013,2013
598047,3d8feaf8,pwi,2013,2013
598047,896d78ad,pwi,2013,2013
598047,de8d3876,pwi,2013,2013
598047,91b9300b,pwi,2013,2013
598047,2e81a32d,pwi,2013,2013
598047,3a60e0b5,pwi,2013,2013
598047,27e71d47,pwi,2013,2013
598047,5d9a1a73,pwi,2013,2013
598047,0184dc35,rr,2013,2013
598047,29e95537,rr,2013,2013
598047,4329fbb5,rr,2013,2013
598047,b57f8a9a,rr,2013,2013
598047,bd17b45f,rr,2013,2013
598047,a4cc73aa,rr,2013,2013
598047,808f425a,rr,2013,2013
598047,dc9dd038,rr,2013,2013
598047,557153ca,rr,2013,2013
598047,99b202b3,rr,2013,2013
598047,3d7e087f,rr,2013,2013
598048,00ea847a,rcb,2013,2013
598048,db584dad,rcb,2013,2013
598048,ba607b88,rcb,2013,2013
598048,c4487b84,rcb,2013,2013
598048,32198ae0,rcb,2013,2013
598048,7daedf2f,rcb,2013,2013
598048,41eb4a4f,rcb,2013,2013
598048,abfeb126,rcb,2013,2013
598048,1e66c162,rcb,2013,2013
598048,c3d1402f,rcb,2013,2013
598048,4ba44e19,rcb,2013,2013
598048,2461eef2,srh,2013,2013
598048,b5da6c24,srh,2013,2013
598048,6b71e6cf,srh,2013,2013
598048,d0513f63,srh,2013,2013
598048,0f12f9df,srh,2013,2013
598048,1c2a64cd,srh,2013,2013
598048,94253925,srh,2013,2013
598048,53f27a35,srh,2013,2013
598048,6b19d823,srh,2013,2013
598048,8fd1a8f5,srh,2013,2013
598048,5bb1a1c4,srh,2013,2013
598049,d18f9182,dc,2013,2013
598049,8ba8195d,dc,2013,2013
598049,30a2649b,dc,2013,2013
598049,dcce6f09,dc,2013,2013
598049,27af6414,dc,2013,2013
598049,99d63244,dc,2013,2013
598049,fa463154,dc,2013,2013
598049,5bb5a915,dc,2013,2013
598049,cc1e8c68,dc,2013,2013
598049,f62772e5,dc,2013,2013
598049,dcf81436,dc,2013,2013
598049,0184dc35,rr,2013,2013
598049,29e95537,rr,2013,2013
598049,4329fbb5,rr,2013,2013
598049,a4cc73aa,rr,2013,2013
598049,bd17b45f,rr,2013,2013
598049,b57f8a9a,rr,2013,2013
598049,dc9dd038,rr,2013,2013
598049,808f425a,rr,2013,2013
598049,3d7e087f,rr,2013,2013
598049,6aed7e79,rr,2013,2013
598049,addfb70e,rr,2013,2013
598050,5afd4539,kkr,2013,2013
598050,bb345e0b,kkr,2013,2013
598050,86dc8f2e,kkr,2013,2013
598050,3c6ffae8,kkr,2013,2013
598050,d2a6c0e6,kkr,2013,2013
598050,7050a1e7,kkr,2013,2013
598050,c654af19,kkr,2013,2013
598050,33a364a6,kkr,2013,2013
598050,85aae393,kkr,2013,2013
598050,9d430b40,kkr,2013,2013
598050,b2b50355,kkr,2013,2013
598050,35205dfc,mi,2013,2013
598050,d2c2b2d5,mi,2013,2013
598050,c03f1114,mi,2013,2013
598050,740742ef,mi,2013,2013
598050,a757b0d8,mi,2013,2013
598050,70d205c9,mi,2013,2013
598050,8b5b6769,mi,2013,2013
598050,f5180fe6,mi,2013,2013
598050,a12e1d51,mi,2013,2013
598050,6c6591ab,mi,2013,2013
598050,2af1b6d2,mi,2013,2013
598051,48fd7349,csk,2013,2013
598051,4b57e452,csk,2013,2013
598051,1dc12ab9,csk,2013,2013
598051,4a8a2e3b,csk,2013,2013
598051,fe93fd9d,csk,2013,2013
598051,3576e47e,csk,2013,2013
598051,87e562a9,csk,2013,2013
598051,fb66ce1f,csk,2013,2013
598051,495d42a5,csk,2013,2013
598051,0f721006,csk,2013,2013
598051,759ac88f,csk,2013,2013
598051,b5da6c24,srh,2013,2013
598051,0a476045,srh,2013,2013
598051,6b71e6cf,srh,2013,2013
598051,94253925,srh,2013,2013
598051,c03c6200,srh,2013,2013
598051,0f12f9df,srh,2013,2013
598051,119678fd,srh,2013,2013
598051,6b19d823,srh,2013,2013
598051,8fd1a8f5,srh,2013,2013
598051,5bb1a1c4,srh,2013,2013
598051,1c2a64cd,srh,2013,2013
598052,c3a96caf,pbks,2013,2013
598052,2b6e6dec,pbks,2013,2013
598052,508a1ea7,pbks,2013,2013
598052,fd835ab3,pbks,2013,2013
598052,d67d5f00,pbks,2013,2013
598052,ae78bc32,pbks,2013,2013
598052,626c5379,pbks,2013,2013
598052,98ae73b1,pbks,2013,2013
598052,c18496e1,pbks,2013,2013
598052,e938e1bc,pbks,2013,2013
598052,1a0c3177,pbks,2013,2013
598052,0184dc35,rr,2013,2013
598052,29e95537,rr,2013,2013
598052,4329fbb5,rr,2013,2013
598052,a4cc73aa,rr,2013,2013
598052,b57f8a9a,rr,2013,2013
598052,063b3673,rr,2013,2013
598052,557153ca,rr,2013,2013
598052,808f425a,rr,2013,2013
598052,99b202b3,rr,2013,2013
598052,6b8eb6e5,rr,2013,2013
598052,3d7e087f,rr,2013,2013
598053,5afd4539,kkr,2013,2013
598053,bb345e0b,kkr,2013,2013
598053,86dc8f2e,kkr,2013,2013
598053,d2a6c0e6,kkr,2013,2013
598053,4ec07775,kkr,2013,2013
598053,3c6ffae8,kkr,2013,2013
598053,26e5cabf,kkr,2013,2013
598053,33a364a6,kkr,2013,2013
598053,85aae393,kkr,2013,2013
598053,9d430b40,kkr,2013,2013
598053,b2b50355,kkr,2013,2013
598053,1c17e270,pwi,2013,2013
598053,b8d490fd,pwi,2013,2013
598053,1c914163,pwi,2013,2013
598053,91b9300b,pwi,2013,2013
598053,896d78ad,pwi,2013,2013
598053,3d8feaf8,pwi,2013,2013
598053,de8d3876,pwi,2013,2013
598053,3a60e0b5,pwi,2013,2013
598053,2e81a32d,pwi,2013,2013
598053,9170ff49,pwi,2013,2013
598053,27e71d47,pwi,2013,2013
598054,d18f9182,dc,2013,2013
598054,8ba8195d,dc,2013,2013
598054,0c94f480,dc,2013,2013
598054,dcce6f09,dc,2013,2013
598054,27af6414,dc,2013,2013
598054,99d63244,dc,2013,2013
598054,5fa06777,dc,2013,2013
598054,5bb5a915,dc,2013,2013
598054,cc1e8c68,dc,2013,2013
598054,9d80c5e1,dc,2013,2013
598054,dcf81436,dc,2013,2013
598054,d4f9dbd4,rcb,2013,2013
598054,db584dad,rcb,2013,2013
598054,ba607b88,rcb,2013,2013
598054,32198ae0,rcb,2013,2013
598054,c4487b84,rcb,2013,2013
598054,709b0bac,rcb,2013,2013
598054,c64c2443,rcb,2013,2013
598054,41eb4a4f,rcb,2013,2013
598054,d68e7f48,rcb,2013,2013
598054,abfeb126,rcb,2013,2013
598054,1e66c162,rcb,2013,2013
598055,35205dfc,mi,2013,2013
598055,d2c2b2d5,mi,2013,2013
598055,c03f1114,mi,2013,2013
598055,740742ef,mi,2013,2013
598055,70d205c9,mi,2013,2013
598055,b681e71e,mi,2013,2013
598055,8b5b6769,mi,2013,2013
598055,f5180fe6,mi,2013,2013
598055,a12e1d51,mi,2013,2013
598055,6c6591ab,mi,2013,2013
598055,2af1b6d2,mi,2013,2013
598055,1c17e270,pwi,2013,2013
598055,b8d490fd,pwi,2013,2013
598055,93b4fc78,pwi,2013,2013
598055,1c914163,pwi,2013,2013
598055,896d78ad,pwi,2013,2013
598055,a45a5e8d,pwi,2013,2013
598055,dfc4d8b5,pwi,2013,2013
598055,9170ff49,pwi,2013,2013
598055,2e81a32d,pwi,2013,2013
598055,66b30f71,pwi,2013,2013
598055,ea0cdc12,pwi,2013,2013
598056,2b6e6dec,pbks,2013,2013
598056,c3a96caf,pbks,2013,2013
598056,508a1ea7,pbks,2013,2013
598056,b63ab531,pbks,2013,2013
598056,d67d5f00,pbks,2013,2013
598056,626c5379,pbks,2013,2013
598056,98ae73b1,pbks,2013,2013
598056,e938e1bc,pbks,2013,2013
598056,2a72fd4f,pbks,2013,2013
598056,1a0c3177,pbks,2013,2013
598056,ce820073,pbks,2013,2013
598056,b5da6c24,srh,2013,2013
598056,0a476045,srh,2013,2013
598056,94253925,srh,2013,2013
598056,d0513f63,srh,2013,2013
598056,53f27a35,srh,2013,2013
598056,c03c6200,srh,2013,2013
598056,119678fd,srh,2013,2013
598056,0f12f9df,srh,2013,2013
598056,8fd1a8f5,srh,2013,2013
598056,6b19d823,srh,2013,2013
598056,5bb1a1c4,srh,2013,2013
598057,5afd4539,kkr,2013,2013
598057,bb345e0b,kkr,2013,2013
598057,86dc8f2e,kkr,2013,2013
598057,3c6ffae8,kkr,2013,2013
598057,26e5cabf,kkr,2013,2013
598057,4ec07775,kkr,2013,2013
598057,33a364a6,kkr,2013,2013
598057,7050a1e7,kkr,2013,2013
598057,4c4fa80b,kkr,2013,2013
598057,9d430b40,kkr,2013,2013
598057,b2b50355,kkr,2013,2013
598057,d4f9dbd4,rcb,2013,2013
598057,db584dad,rcb,2013,2013
598057,ba607b88,rcb,2013,2013
598057,c4487b84,rcb,2013,2013
598057,32198ae0,rcb,2013,2013
598057,709b0bac,rcb,2013,2013
598057,41eb4a4f,rcb,2013,2013
598057,d68e7f48,rcb,2013,2013
598057,66cf56a5,rcb,2013,2013
598057,abfeb126,rcb,2013,2013
598057,1e66c162,rcb,2013,2013
598058,48fd7349,csk,2013,2013
598058,4b57e452,csk,2013,2013
598058,1dc12ab9,csk,2013,2013
598058,4a8a2e3b,csk,2013,2013
598058,fe93fd9d,csk,2013,2013
598058,87e562a9,csk,2013,2013
598058,3576e47e,csk,2013,2013
598058,fb66ce1f,csk,2013,2013
598058,495d42a5,csk,2013,2013
598058,0f721006,csk,2013,2013
598058,759ac88f,csk,2013,2013
598058,0184dc35,rr,2013,2013
598058,29e95537,rr,2013,2013
598058,808f425a,rr,2013,2013
598058,a4cc73aa,rr,2013,2013
598058,4329fbb5,rr,2013,2013
598058,bd17b45f,rr,2013,2013
598058,b57f8a9a,rr,2013,2013
598058,063b3673,rr,2013,2013
598058,3d7e087f,rr,2013,2013
598058,557153ca,rr,2013,2013
598058,5f26df4f,rr,2013,2013
598059,d18f9182,dc,2013,2013
598059,8ba8195d,dc,2013,2013
598059,05c2ca46,dc,2013,2013
598059,dcce6f09,dc,2013,2013
598059,605b7efa,dc,2013,2013
598059,99d63244,dc,2013,2013
598059,7c503806,dc,2013,2013
598059,5fa06777,dc,2013,2013
598059,fa463154,dc,2013,2013
598059,96fd40ae,dc,2013,2013
598059,cc1e8c68,dc,2013,2013
598059,2b6e6dec,pbks,2013,2013
598059,c3a96caf,pbks,2013,2013
598059,b63ab531,pbks,2013,2013
598059,d67d5f00,pbks,2013,2013
598059,c03e2850,pbks,2013,2013
598059,fd835ab3,pbks,2013,2013
598059,98ae73b1,pbks,2013,2013
598059,e938e1bc,pbks,2013,2013
598059,2a72fd4f,pbks,2013,2013
598059,dc4686e6,pbks,2013,2013
598059,1a0c3177,pbks,2013,2013
598060,35205dfc,mi,2013,2013
598060,d2c2b2d5,mi,2013,2013
598060,c03f1114,mi,2013,2013
598060,740742ef,mi,2013,2013
598060,70d205c9,mi,2013,2013
598060,a757b0d8,mi,2013,2013
598060,8b5b6769,mi,2013,2013
598060,f5180fe6,mi,2013,2013
598060,d2a989fc,mi,2013,2013
598060,a12e1d51,mi,2013,2013
598060,6c6591ab,mi,2013,2013
598060,b5da6c24,srh,2013,2013
598060,0a476045,srh,2013,2013
598060,94253925,srh,2013,2013
598060,d0513f63,srh,2013,2013
598060,0f12f9df,srh,2013,2013
598060,c03c6200,srh,2013,2013
598060,53f27a35,srh,2013,2013
598060,119678fd,srh,2013,2013
598060,6b19d823,srh,2013,2013
598060,8fd1a8f5,srh,2013,2013
598060,5bb1a1c4,srh,2013,2013
598061,bb345e0b,kkr,2013,2013
598061,5afd4539,kkr,2013,2013
598061,86dc8f2e,kkr,2013,2013
598061,3c6ffae8,kkr,2013,2013
598061,4ec07775,kkr,2013,2013
598061,26e5cabf,kkr,2013,2013
598061,7050a1e7,kkr,2013,2013
598061,33a364a6,kkr,2013,2013
598061,4c4fa80b,kkr,2013,2013
598061,9d430b40,kkr,2013,2013
598061,b2b50355,kkr,2013,2013
598061,1c17e270,pwi,2013,2013
598061,b8d490fd,pwi,2013,2013
598061,93b4fc78,pwi,2013,2013
598061,1c914163,pwi,2013,2013
598061,cca50cd6,pwi,2013,2013
598061,896d78ad,pwi,2013,2013
598061,b2570b38,pwi,2013,2013
598061,3a60e0b5,pwi,2013,2013
598061,2e81a32d,pwi,2013,2013
598061,ef5da05c,pwi,2013,2013
598061,e0407c01,pwi,2013,2013
598062,48fd7349,csk,2013,2013
598062,4b57e452,csk,2013,2013
598062,1dc12ab9,csk,2013,2013
598062,4a8a2e3b,csk,2013,2013
598062,fe93fd9d,csk,2013,2013
598062,87e562a9,csk,2013,2013
598062,3576e47e,csk,2013,2013
598062,c3d35165,csk,2013,2013
598062,495d42a5,csk,2013,2013
598062,0f721006,csk,2013,2013
598062,759ac88f,csk,2013,2013
598062,8ba8195d,dc,2013,2013
598062,0c94f480,dc,2013,2013
598062,7c503806,dc,2013,2013
598062,dcce6f09,dc,2013,2013
598062,99d63244,dc,2013,2013
598062,27af6414,dc,2013,2013
598062,05c2ca46,dc,2013,2013
598062,5fa06777,dc,2013,2013
598062,cc1e8c68,dc,2013,2013
598062,96fd40ae,dc,2013,2013
598062,dcf81436,dc,2013,2013
598063,b681e71e,mi,2013,2013
598063,855a210c,mi,2013,2013
598063,c03f1114,mi,2013,2013
598063,740742ef,mi,2013,2013
598063,a757b0d8,mi,2013,2013
598063,70d205c9,mi,2013,2013
598063,8b5b6769,mi,2013,2013
598063,f5180fe6,mi,2013,2013
598063,a12e1d51,mi,2013,2013
598063,d2a989fc,mi,2013,2013
598063,6c6591ab,mi,2013,2013
598063,0184dc35,rr,2013,2013
598063,29e95537,rr,2013,2013
598063,808f425a,rr,2013,2013
598063,a4cc73aa,rr,2013,2013
598063,4329fbb5,rr,2013,2013
598063,bd17b45f,rr,2013,2013
598063,063b3673,rr,2013,2013
598063,b57f8a9a,rr,2013,2013
598063,557153ca,rr,2013,2013
598063,29d72eb2,rr,2013,2013
598063,6aed7e79,rr,2013,2013
598064,c3a96caf,pbks,2013,2013
598064,508a1ea7,pbks,2013,2013
598064,6eb146d2,pbks,2013,2013
598064,fd835ab3,pbks,2013,2013
598064,d67d5f00,pbks,2013,2013
598064,626c5379,pbks,2013,2013
598064,0164b064,pbks,2013,2013
598064,98ae73b1,pbks,2013,2013
598064,e938e1bc,pbks,2013,2013
598064,ae78bc32,pbks,2013,2013
598064,1a0c3177,pbks,2013,2013
598064,d4f9dbd4,rcb,2013,2013
598064,db584dad,rcb,2013,2013
598064,ba607b88,rcb,2013,2013
598064,c4487b84,rcb,2013,2013
598064,32198ae0,rcb,2013,2013
598064,709b0bac,rcb,2013,2013
598064,7daedf2f,rcb,2013,2013
598064,41eb4a4f,rcb,2013,2013
598064,d68e7f48,rcb,2013,2013
598064,abfeb126,rcb,2013,2013
598064,c3d1402f,rcb,2013,2013
598065,0184dc35,rr,2013,2013
598065,29e95537,rr,2013,2013
598065,4329fbb5,rr,2013,2013
598065,a4cc73aa,rr,2013,2013
598065,bd17b45f,rr,2013,2013
598065,b57f8a9a,rr,2013,2013
598065,dc9dd038,rr,2013,2013
598065,808f425a,rr,2013,2013
598065,557153ca,rr,2013,2013
598065,6aed7e79,rr,2013,2013
598065,3d7e087f,rr,2013,2013
598065,b5da6c24,srh,2013,2013
598065,0a476045,srh,2013,2013
598065,94253925,srh,2013,2013
598065,d0513f63,srh,2013,2013
598065,53f27a35,srh,2013,2013
598065,c03c6200,srh,2013,2013
598065,0f12f9df,srh,2013,2013
598065,8fd1a8f5,srh,2013,2013
598065,119678fd,srh,2013,2013
598065,6b19d823,srh,2013,2013
598065,5bb1a1c4,srh,2013,2013
598066,2b6e6dec,pbks,2013,2013
598066,c3a96caf,pbks,2013,2013
598066,9a158001,pbks,2013,2013
598066,508a1ea7,pbks,2013,2013
598066,d67d5f00,pbks,2013,2013
598066,c03e2850,pbks,2013,2013
598066,6eb146d2,pbks,2013,2013
598066,98ae73b1,pbks,2013,2013
598066,e938e1bc,pbks,2013,2013
598066,1a0c3177,pbks,2013,2013
598066,ce820073,pbks,2013,2013
598066,b681e71e,mi,2013,2013
598066,855a210c,mi,2013,2013
598066,70d205c9,mi,2013,2013
598066,740742ef,mi,2013,2013
598066,c03f1114,mi,2013,2013
598066,a757b0d8,mi,2013,2013
598066,26a85969,mi,2013,2013
598066,8b5b6769,mi,2013,2013
598066,56ab442f,mi,2013,2013
598066,a12e1d51,mi,2013,2013
598066,d2a989fc,mi,2013,2013
598067,d18f9182,dc,2013,2013
598067,dcce6f09,dc,2013,2013
598067,5451a2c1,dc,2013,2013
598067,8ba8195d,dc,2013,2013
598067,27af6414,dc,2013,2013
598067,5fa06777,dc,2013,2013
598067,30a2649b,dc,2013,2013
598067,5bb5a915,dc,2013,2013
598067,cc1e8c68,dc,2013,2013
598067,9d80c5e1,dc,2013,2013
598067,dcf81436,dc,2013,2013
598067,1c17e270,pwi,2013,2013
598067,b8d490fd,pwi,2013,2013
598067,93b4fc78,pwi,2013,2013
598067,1c914163,pwi,2013,2013
598067,896d78ad,pwi,2013,2013
598067,cca50cd6,pwi,2013,2013
598067,b2570b38,pwi,2013,2013
598067,3a60e0b5,pwi,2013,2013
598067,2e81a32d,pwi,2013,2013
598067,ef5da05c,pwi,2013,2013
598067,66b30f71,pwi,2013,2013
598068,48fd7349,csk,2013,2013
598068,4b57e452,csk,2013,2013
598068,1dc12ab9,csk,2013,2013
598068,87e562a9,csk,2013,2013
598068,4a8a2e3b,csk,2013,2013
598068,fe93fd9d,csk,2013,2013
598068,3576e47e,csk,2013,2013
598068,fb66ce1f,csk,2013,2013
598068,495d42a5,csk,2013,2013
598068,0f721006,csk,2013,2013
598068,759ac88f,csk,2013,2013
598068,ba607b88,rcb,2013,2013
598068,db584dad,rcb,2013,2013
598068,c4487b84,rcb,2013,2013
598068,32198ae0,rcb,2013,2013
598068,c3d1402f,rcb,2013,2013
598068,b17e2f24,rcb,2013,2013
598068,709b0bac,rcb,2013,2013
598068,41eb4a4f,rcb,2013,2013
598068,91a4a398,rcb,2013,2013
598068,d68e7f48,rcb,2013,2013
598068,1e66c162,rcb,2013,2013
598069,5afd4539,kkr,2013,2013
598069,bb345e0b,kkr,2013,2013
598069,86dc8f2e,kkr,2013,2013
598069,d2a6c0e6,kkr,2013,2013
598069,3c6ffae8,kkr,2013,2013
598069,4ec07775,kkr,2013,2013
598069,2728e7e9,kkr,2013,2013
598069,9d430b40,kkr,2013,2013
598069,85aae393,kkr,2013,2013
598069,9fc0ef64,kkr,2013,2013
598069,8cf9814c,kkr,2013,2013
598069,b5da6c24,srh,2013,2013
598069,0a476045,srh,2013,2013
598069,94253925,srh,2013,2013
598069,d0513f63,srh,2013,2013
598069,0f12f9df,srh,2013,2013
598069,c03c6200,srh,2013,2013
598069,53f27a35,srh,2013,2013
598069,119678fd,srh,2013,2013
598069,6b19d823,srh,2013,2013
598069,8fd1a8f5,srh,2013,2013
598069,d2340a43,srh,2013,2013
598070,48fd7349,csk,2013,2013
598070,4b57e452,csk,2013,2013
598070,1dc12ab9,csk,2013,2013
598070,4a8a2e3b,csk,2013,2013
598070,fe93fd9d,csk,2013,2013
598070,3576e47e,csk,2013,2013
598070,87e562a9,csk,2013,2013
598070,c3d35165,csk,2013,2013
598070,fb66ce1f,csk,2013,2013
598070,495d42a5,csk,2013,2013
598070,759ac88f,csk,2013,2013
598070,35205dfc,mi,2013,2013
598070,855a210c,mi,2013,2013
598070,c03f1114,mi,2013,2013
598070,740742ef,mi,2013,2013
598070,a757b0d8,mi,2013,2013
598070,70d205c9,mi,2013,2013
598070,8b5b6769,mi,2013,2013
598070,f5180fe6,mi,2013,2013
598070,a12e1d51,mi,2013,2013
598070,6c6591ab,mi,2013,2013
598070,f0f628c7,mi,2013,2013
598071,0184dc35,rr,2013,2013
598071,29e95537,rr,2013,2013
598071,4329fbb5,rr,2013,2013
598071,063b3673,rr,2013,2013
598071,bd17b45f,rr,2013,2013
598071,a4cc73aa,rr,2013,2013
598071,b57f8a9a,rr,2013,2013
598071,808f425a,rr,2013,2013
598071,557153ca,rr,2013,2013
598071,5f26df4f,rr,2013,2013
598071,3d7e087f,rr,2013,2013
598071,b5da6c24,srh,2013,2013
598071,0a476045,srh,2013,2013
598071,94253925,srh,2013,2013
598071,d0513f63,srh,2013,2013
598071,c03c6200,srh,2013,2013
598071,0f12f9df,srh,2013,2013
598071,53f27a35,srh,2013,2013
598071,119678fd,srh,2013,2013
598071,8fd1a8f5,srh,2013,2013
598071,6b19d823,srh,2013,2013
598071,5bb1a1c4,srh,2013,2013
598072,35205dfc,mi,2013,2013
598072,855a210c,mi,2013,2013
598072,c03f1114,mi,2013,2013
598072,740742ef,mi,2013,2013
598072,a757b0d8,mi,2013,2013
598072,70d205c9,mi,2013,2013
598072,8b5b6769,mi,2013,2013
598072,26a85969,mi,2013,2013
598072,f5180fe6,mi,2013,2013
598072,a12e1d51,mi,2013,2013
598072,6c6591ab,mi,2013,2013
598072,0184dc35,rr,2013,2013
598072,29e95537,rr,2013,2013
598072,4329fbb5,rr,2013,2013
598072,a4cc73aa,rr,2013,2013
598072,bd17b45f,rr,2013,2013
598072,b57f8a9a,rr,2013,2013
598072,557153ca,rr,2013,2013
598072,063b3673,rr,2013,2013
598072,808f425a,rr,2013,2013
598072,5f26df4f,rr,2013,2013
598072,3d7e087f,rr,2013,2013
598073,48fd7349,csk,2013,2013
598073,4b57e452,csk,2013,2013
598073,1dc12ab9,csk,2013,2013
598073,3576e47e,csk,2013,2013
598073,87e562a9,csk,2013,2013
598073,fe93fd9d,csk,2013,2013
598073,4a8a2e3b,csk,2013,2013
598073,c3d35165,csk,2013,2013
598073,fb66ce1f,csk,2013,2013
598073,495d42a5,csk,2013,2013
598073,759ac88f,csk,2013,2013
598073,35205dfc,mi,2013,2013
598073,855a210c,mi,2013,2013
598073,c03f1114,mi,2013,2013
598073,740742ef,mi,2013,2013
598073,70d205c9,mi,2013,2013
598073,a757b0d8,mi,2013,2013
598073,8b5b6769,mi,2013,2013
598073,26a85969,mi,2013,2013
598073,f5180fe6,mi,2013,2013
598073,a12e1d51,mi,2013,2013
598073,6c6591ab,mi,2013,2013
729279,bb345e0b,kkr,2014,2014
729279,86dc8f2e,kkr,2014,2014
729279,93b4fc78,kkr,2014,2014
729279,1c17e270,kkr,2014,2014
729279,3c6ffae8,kkr,2014,2014
729279,7dc35884,kkr,2014,2014
729279,271f83cd,kkr,2014,2014
729279,98ae73b1,kkr,2014,2014
729279,41eb4a4f,kkr,2014,2014
729279,9d430b40,kkr,2014,2014
729279,5bb5a915,kkr,2014,2014
729279,48fd7349,mi,2014,2014
729279,855a210c,mi,2014,2014
729279,70d205c9,mi,2014,2014
729279,740742ef,mi,2014,2014
729279,a757b0d8,mi,2014,2014
729279,8abdf100,mi,2014,2014
729279,8b5b6769,mi,2014,2014
729279,30a2649b,mi,2014,2014
729279,a12e1d51,mi,2014,2014
729279,91a4a398,mi,2014,2014
729279,6c6591ab,mi,2014,2014
729281,00ea847a,dc,2014,2014
729281,4b57e452,dc,2014,2014
729281,c03f1114,dc,2014,2014
729281,26e5cabf,dc,2014,2014
729281,2e8994e7,dc,2014,2014
729281,b61a3e1a,dc,2014,2014
729281,9219eff0,dc,2014,2014
729281,3a60e0b5,dc,2014,2014
729281,9d80c5e1,dc,2014,2014
729281,5d9a1a73,dc,2014,2014
729281,8cf9814c,dc,2014,2014
729281,b5da6c24,rcb,2014,2014
729281,44afbf2d,rcb,2014,2014
729281,ba607b88,rcb,2014,2014
729281,1c914163,rcb,2014,2014
729281,c4487b84,rcb,2014,2014
729281,c3d35165,rcb,2014,2014
729281,90edaaa9,rcb,2014,2014
729281,66b30f71,rcb,2014,2014
729281,3fb19989,rcb,2014,2014
729281,57ee1fde,rcb,2014,2014
729281,0a3d54b9,rcb,2014,2014
729283,35205dfc,csk,2014,2014
729283,b8a55852,csk,2014,2014
729283,1dc12ab9,csk,2014,2014
729283,4a8a2e3b,csk,2014,2014
729283,87e562a9,csk,2014,2014
729283,3355b542,csk,2014,2014
729283,fe93fd9d,csk,2014,2014
729283,495d42a5,csk,2014,2014
729283,f62772e5,csk,2014,2014
729283,96fd40ae,csk,2014,2014
729283,759ac88f,csk,2014,2014
729283,d4f9dbd4,pbks,2014,2014
729283,8ba8195d,pbks,2014,2014
729283,b681e71e,pbks,2014,2014
729283,2e171977,pbks,2014,2014
729283,d67d5f00,pbks,2014,2014
729283,5056011d,pbks,2014,2014
729283,fe11caa6,pbks,2014,2014
729283,f5180fe6,pbks,2014,2014
729283,26a85969,pbks,2014,2014
729283,1a0c3177,pbks,2014,2014
729283,b2b50355,pbks,2014,2014
729285,a45a5e8d,rr,2014,2014
729285,29e95537,rr,2014,2014
729285,a4cc73aa,rr,2014,2014
729285,4329fbb5,rr,2014,2014
729285,bd17b45f,rr,2014,2014
729285,b57f8a9a,rr,2014,2014
729285,33a364a6,rr,2014,2014
729285,808f425a,rr,2014,2014
729285,dfc4d8b5,rr,2014,2014
729285,d2a989fc,rr,2014,2014
729285,6aed7e79,rr,2014,2014
729285,b8d490fd,srh,2014,2014
729285,0a476045,srh,2014,2014
729285,dcce6f09,srh,2014,2014
729285,b17e2f24,srh,2014,2014
729285,c03c6200,srh,2014,2014
729285,fe763256,srh,2014,2014
729285,119678fd,srh,2014,2014
729285,8fd1a8f5,srh,2014,2014
729285,6b19d823,srh,2014,2014
729285,2e81a32d,srh,2014,2014
729285,5bb1a1c4,srh,2014,2014
729287,48fd7349,mi,2014,2014
729287,855a210c,mi,2014,2014
729287,70d205c9,mi,2014,2014
729287,740742ef,mi,2014,2014
729287,a757b0d8,mi,2014,2014
729287,8abdf100,mi,2014,2014
729287,8b5b6769,mi,2014,2014
729287,91a4a398,mi,2014,2014
729287,a12e1d51,mi,2014,2014
729287,6c6591ab,mi,2014,2014
729287,462411b3,mi,2014,2014
729287,44afbf2d,rcb,2014,2014
729287,b5da6c24,rcb,2014,2014
729287,ba607b88,rcb,2014,2014
729287,1c914163,rcb,2014,2014
729287,c4487b84,rcb,2014,2014
729287,c3d35165,rcb,2014,2014
729287,90edaaa9,rcb,2014,2014
729287,66b30f71,rcb,2014,2014
729287,3fb19989,rcb,2014,2014
729287,57ee1fde,rcb,2014,2014
729287,0a3d54b9,rcb,2014,2014
729289,4b57e452,dc,2014,2014
729289,00ea847a,dc,2014,2014
729289,c03f1114,dc,2014,2014
729289,b61a3e1a,dc,2014,2014
729289,2e8994e7,dc,2014,2014
729289,26e5cabf,dc,2014,2014
729289,9219eff0,dc,2014,2014
729289,56ab442f,dc,2014,2014
729289,9d80c5e1,dc,2014,2014
729289,8cf9814c,dc,2014,2014
729289,1e66c162,dc,2014,2014
729289,86dc8f2e,kkr,2014,2014
729289,bb345e0b,kkr,2014,2014
729289,93b4fc78,kkr,2014,2014
729289,1c17e270,kkr,2014,2014
729289,7dc35884,kkr,2014,2014
729289,3c6ffae8,kkr,2014,2014
729289,271f83cd,kkr,2014,2014
729289,98ae73b1,kkr,2014,2014
729289,41eb4a4f,kkr,2014,2014
729289,9d430b40,kkr,2014,2014
729289,5bb5a915,kkr,2014,2014
729291,d4f9dbd4,pbks,2014,2014
729291,8ba8195d,pbks,2014,2014
729291,fe11caa6,pbks,2014,2014
729291,b681e71e,pbks,2014,2014
729291,d67d5f00,pbks,2014,2014
729291,5056011d,pbks,2014,2014
729291,f5180fe6,pbks,2014,2014
729291,abfeb126,pbks,2014,2014
729291,2e171977,pbks,2014,2014
729291,1a0c3177,pbks,2014,2014
729291,b2b50355,pbks,2014,2014
729291,a45a5e8d,rr,2014,2014
729291,29e95537,rr,2014,2014
729291,a4cc73aa,rr,2014,2014
729291,4329fbb5,rr,2014,2014
729291,bd17b45f,rr,2014,2014
729291,30a45b23,rr,2014,2014
729291,808f425a,rr,2014,2014
729291,33a364a6,rr,2014,2014
729291,dfc4d8b5,rr,2014,2014
729291,d2a989fc,rr,2014,2014
729291,6aed7e79,rr,2014,2014
729293,35205dfc,csk,2014,2014
729293,b8a55852,csk,2014,2014
729293,1dc12ab9,csk,2014,2014
729293,3355b542,csk,2014,2014
729293,4a8a2e3b,csk,2014,2014
729293,fe93fd9d,csk,2014,2014
729293,c42aaf71,csk,2014,2014
729293,495d42a5,csk,2014,2014
729293,f3171936,csk,2014,2014
729293,759ac88f,csk,2014,2014
729293,e0407c01,csk,2014,2014
729293,00ea847a,dc,2014,2014
729293,4b57e452,dc,2014,2014
729293,c03f1114,dc,2014,2014
729293,26e5cabf,dc,2014,2014
729293,2e8994e7,dc,2014,2014
729293,b61a3e1a,dc,2014,2014
729293,9219eff0,dc,2014,2014
729293,9d80c5e1,dc,2014,2014
729293,8cf9814c,dc,2014,2014
729293,1e66c162,dc,2014,2014
729293,56ab442f,dc,2014,2014
729295,d4f9dbd4,pbks,2014,2014
729295,8ba8195d,pbks,2014,2014
729295,b681e71e,pbks,2014,2014
729295,d67d5f00,pbks,2014,2014
729295,5056011d,pbks,2014,2014
729295,f5180fe6,pbks,2014,2014
729295,2e171977,pbks,2014,2014
729295,fe11caa6,pbks,2014,2014
729295,b2b50355,pbks,2014,2014
729295,26a85969,pbks,2014,2014
729295,ce820073,pbks,2014,2014
729295,b8d490fd,srh,2014,2014
729295,0a476045,srh,2014,2014
729295,dcce6f09,srh,2014,2014
729295,b17e2f24,srh,2014,2014
729295,fe763256,srh,2014,2014
729295,5fa06777,srh,2014,2014
729295,c03c6200,srh,2014,2014
729295,119678fd,srh,2014,2014
729295,8fd1a8f5,srh,2014,2014
729295,6b19d823,srh,2014,2014
729295,2e81a32d,srh,2014,2014
729297,35205dfc,csk,2014,2014
729297,b8a55852,csk,2014,2014
729297,1dc12ab9,csk,2014,2014
729297,3355b542,csk,2014,2014
729297,4a8a2e3b,csk,2014,2014
729297,fe93fd9d,csk,2014,2014
729297,c42aaf71,csk,2014,2014
729297,495d42a5,csk,2014,2014
729297,f3171936,csk,2014,2014
729297,e0407c01,csk,2014,2014
729297,759ac88f,csk,2014,2014
729297,a45a5e8d,rr,2014,2014
729297,29e95537,rr,2014,2014
729297,a4cc73aa,rr,2014,2014
729297,4329fbb5,rr,2014,2014
729297,bd17b45f,rr,2014,2014
729297,30a45b23,rr,2014,2014
729297,33a364a6,rr,2014,2014
729297,808f425a,rr,2014,2014
729297,13c35c9e,rr,2014,2014
729297,d2a989fc,rr,2014,2014
729297,6aed7e79,rr,2014,2014
729299,86dc8f2e,kkr,2014,2014
729299,bb345e0b,kkr,2014,2014
729299,93b4fc78,kkr,2014,2014
729299,45eda7c8,kkr,2014,2014
729299,3c6ffae8,kkr,2014,2014
729299,1c17e270,kkr,2014,2014
729299,271f83cd,kkr,2014,2014
729299,41eb4a4f,kkr,2014,2014
729299,9d430b40,kkr,2014,2014
729299,5bb5a915,kkr,2014,2014
729299,cc1e8c68,kkr,2014,2014
729299,b5da6c24,rcb,2014,2014
729299,4e04666c,rcb,2014,2014
729299,ba607b88,rcb,2014,2014
729299,1c914163,rcb,2014,2014
729299,c4487b84,rcb,2014,2014
729299,c3d35165,rcb,2014,2014
729299,3fb19989,rcb,2014,2014
729299,66b30f71,rcb,2014,2014
729299,57ee1fde,rcb,2014,2014
729299,0a3d54b9,rcb,2014,2014
729299,4ba44e19,rcb,2014,2014
729301,372455c4,dc,2014,2014
729301,4b57e452,dc,2014,2014
729301,39f01cdb,dc,2014,2014
729301,c03f1114,dc,2014,2014
729301,2e8994e7,dc,2014,2014
729301,26e5cabf,dc,2014,2014
729301,b1451597,dc,2014,2014
729301,3a60e0b5,dc,2014,2014
729301,9d80c5e1,dc,2014,2014
729301,8cf9814c,dc,2014,2014
729301,1e66c162,dc,2014,2014
729301,0a476045,srh,2014,2014
729301,b8d490fd,srh,2014,2014
729301,dcce6f09,srh,2014,2014
729301,b17e2f24,srh,2014,2014
729301,c03c6200,srh,2014,2014
729301,fe763256,srh,2014,2014
729301,119678fd,srh,2014,2014
729301,890946a0,srh,2014,2014
729301,8fd1a8f5,srh,2014,2014
729301,6b19d823,srh,2014,2014
729301,2e81a32d,srh,2014,2014
729303,35205dfc,csk,2014,2014
729303,b8a55852,csk,2014,2014
729303,1dc12ab9,csk,2014,2014
729303,3355b542,csk,2014,2014
729303,4a8a2e3b,csk,2014,2014
729303,c42aaf71,csk,2014,2014
729303,fe93fd9d,csk,2014,2014
729303,495d42a5,csk,2014,2014
729303,f3171936,csk,2014,2014
729303,e0407c01,csk,2014,2014
729303,759ac88f,csk,2014,2014
729303,48fd7349,mi,2014,2014
729303,855a210c,mi,2014,2014
729303,8abdf100,mi,2014,2014
729303,740742ef,mi,2014,2014
729303,a757b0d8,mi,2014,2014
729303,70d205c9,mi,2014,2014
729303,30a2649b,mi,2014,2014
729303,8b5b6769,mi,2014,2014
729303,91a4a398,mi,2014,2014
729303,6c6591ab,mi,2014,2014
729303,a12e1d51,mi,2014,2014
729305,29e95537,rr,2014,2014
729305,944533a5,rr,2014,2014
729305,a4cc73aa,rr,2014,2014
729305,a45a5e8d,rr,2014,2014
729305,4329fbb5,rr,2014,2014
729305,bd17b45f,rr,2014,2014
729305,30a45b23,rr,2014,2014
729305,33a364a6,rr,2014,2014
729305,dfc4d8b5,rr,2014,2014
729305,6aed7e79,rr,2014,2014
729305,13c35c9e,rr,2014,2014
729305,b5da6c24,rcb,2014,2014
729305,4e04666c,rcb,2014,2014
729305,ba607b88,rcb,2014,2014
729305,1c914163,rcb,2014,2014
729305,c4487b84,rcb,2014,2014
729305,90edaaa9,rcb,2014,2014
729305,c3d35165,rcb,2014,2014
729305,3fb19989,rcb,2014,2014
729305,d68e7f48,rcb,2014,2014
729305,66b30f71,rcb,2014,2014
729305,57ee1fde,rcb,2014,2014
729307,d4f9dbd4,pbks,2014,2014
729307,8ba8195d,pbks,2014,2014
729307,fe11caa6,pbks,2014,2014
729307,b681e71e,pbks,2014,2014
729307,d67d5f00,pbks,2014,2014
729307,5056011d,pbks,2014,2014
729307,26a85969,pbks,2014,2014
729307,2e171977,pbks,2014,2014
729307,f5180fe6,pbks,2014,2014
729307,b2b50355,pbks,2014,2014
729307,ce820073,pbks,2014,2014
729307,93b4fc78,kkr,2014,2014
729307,86dc8f2e,kkr,2014,2014
729307,bb345e0b,kkr,2014,2014
729307,45eda7c8,kkr,2014,2014
729307,1c17e270,kkr,2014,2014
729307,3c6ffae8,kkr,2014,2014
729307,271f83cd,kkr,2014,2014
729307,98ae73b1,kkr,2014,2014
729307,9d430b40,kkr,2014,2014
729307,cc1e8c68,kkr,2014,2014
729307,5bb5a915,kkr,2014,2014
729309,372455c4,dc,2014,2014
729309,4b57e452,dc,2014,2014
729309,2e8994e7,dc,2014,2014
729309,39f01cdb,dc,2014,2014
729309,c03f1114,dc,2014,2014
729309,99d63244,dc,2014,2014
729309,b1451597,dc,2014,2014
729309,3a60e0b5,dc,2014,2014
729309,9d80c5e1,dc,2014,2014
729309,8cf9814c,dc,2014,2014
729309,1e66c162,dc,2014,2014
729309,740742ef,mi,2014,2014
729309,855a210c,mi,2014,2014
729309,8abdf100,mi,2014,2014
729309,70d205c9,mi,2014,2014
729309,48fd7349,mi,2014,2014
729309,a757b0d8,mi,2014,2014
729309,30a2649b,mi,2014,2014
729309,8b5b6769,mi,2014,2014
729309,91a4a398,mi,2014,2014
729309,6c6591ab,mi,2014,2014
729309,a12e1d51,mi,2014,2014
729311,35205dfc,csk,2014,2014
729311,b8a55852,csk,2014,2014
729311,1dc12ab9,csk,2014,2014
729311,4a8a2e3b,csk,2014,2014
729311,3355b542,csk,2014,2014
729311,fe93fd9d,csk,2014,2014
729311,c42aaf71,csk,2014,2014
729311,495d42a5,csk,2014,2014
729311,f3171936,csk,2014,2014
729311,e0407c01,csk,2014,2014
729311,759ac88f,csk,2014,2014
729311,b8d490fd,srh,2014,2014
729311,0a476045,srh,2014,2014
729311,dcce6f09,srh,2014,2014
729311,b17e2f24,srh,2014,2014
729311,fe763256,srh,2014,2014
729311,c03c6200,srh,2014,2014
729311,119678fd,srh,2014,2014
729311,8fd1a8f5,srh,2014,2014
729311,6b19d823,srh,2014,2014
729311,2e81a32d,srh,2014,2014
729311,5bb1a1c4,srh,2014,2014
729313,d4f9dbd4,pbks,2014,2014
729313,8ba8195d,pbks,2014,2014
729313,fe11caa6,pbks,2014,2014
729313,b681e71e,pbks,2014,2014
729313,d67d5f00,pbks,2014,2014
729313,5056011d,pbks,2014,2014
729313,26a85969,pbks,2014,2014
729313,f5180fe6,pbks,2014,2014
729313,2e171977,pbks,2014,2014
729313,b2b50355,pbks,2014,2014
729313,ce820073,pbks,2014,2014
729313,db584dad,rcb,2014,2014
729313,b5da6c24,rcb,2014,2014
729313,ba607b88,rcb,2014,2014
729313,4e04666c,rcb,2014,2014
729313,c4487b84,rcb,2014,2014
729313,1c914163,rcb,2014,2014
729313,c3d35165,rcb,2014,2014
729313,3fb19989,rcb,2014,2014
729313,0a3d54b9,rcb,2014,2014
729313,66b30f71,rcb,2014,2014
729313,57ee1fde,rcb,2014,2014
729315,bb345e0b,kkr,2014,2014
729315,5afd4539,kkr,2014,2014
729315,86dc8f2e,kkr,2014,2014
729315,93b4fc78,kkr,2014,2014
729315,271f83cd,kkr,2014,2014
729315,7dc35884,kkr,2014,2014
729315,1c17e270,kkr,2014,2014
729315,41eb4a4f,kkr,2014,2014
729315,98ae73b1,kkr,2014,2014
729315,9d430b40,kkr,2014,2014
729315,5bb5a915,kkr,2014,2014
729315,29e95537,rr,2014,2014
729315,944533a5,rr,2014,2014
729315,a4cc73aa,rr,2014,2014
729315,4329fbb5,rr,2014,2014
729315,bd17b45f,rr,2014,2014
729315,30a45b23,rr,2014,2014
729315,808f425a,rr,2014,2014
729315,33a364a6,rr,2014,2014
729315,dfc4d8b5,rr,2014,2014
729315,6aed7e79,rr,2014,2014
729315,85aae393,rr,2014,2014
729317,272d796e,mi,2014,2014
729317,740742ef,mi,2014,2014
729317,8abdf100,mi,2014,2014
729317,70d205c9,mi,2014,2014
729317,a757b0d8,mi,2014,2014
729317,855a210c,mi,2014,2014
729317,8b5b6769,mi,2014,2014
729317,30a2649b,mi,2014,2014
729317,91a4a398,mi,2014,2014
729317,6c6591ab,mi,2014,2014
729317,a12e1d51,mi,2014,2014
729317,b8d490fd,srh,2014,2014
729317,0a476045,srh,2014,2014
729317,b17e2f24,srh,2014,2014
729317,dcce6f09,srh,2014,2014
729317,c03c6200,srh,2014,2014
729317,890946a0,srh,2014,2014
729317,5fa06777,srh,2014,2014
729317,119678fd,srh,2014,2014
729317,8fd1a8f5,srh,2014,2014
729317,6b19d823,srh,2014,2014
729317,2e81a32d,srh,2014,2014
733971,35205dfc,csk,2014,2014
733971,b8a55852,csk,2014,2014
733971,1dc12ab9,csk,2014,2014
733971,4a8a2e3b,csk,2014,2014
733971,fe93fd9d,csk,2014,2014
733971,3355b542,csk,2014,2014
733971,c42aaf71,csk,2014,2014
733971,495d42a5,csk,2014,2014
733971,f3171936,csk,2014,2014
733971,e0407c01,csk,2014,2014
733971,759ac88f,csk,2014,2014
733971,1c17e270,kkr,2014,2014
733971,bb345e0b,kkr,2014,2014
733971,86dc8f2e,kkr,2014,2014
733971,93b4fc78,kkr,2014,2014
733971,7dc35884,kkr,2014,2014
733971,271f83cd,kkr,2014,2014
733971,3c6ffae8,kkr,2014,2014
733971,bbd41817,kkr,2014,2014
733971,98ae73b1,kkr,2014,2014
733971,41eb4a4f,kkr,2014,2014
733971,9d430b40,kkr,2014,2014
733973,d4f9dbd4,pbks,2014,2014
733973,8ba8195d,pbks,2014,2014
733973,fe11caa6,pbks,2014,2014
733973,b681e71e,pbks,2014,2014
733973,5056011d,pbks,2014,2014
733973,d67d5f00,pbks,2014,2014
733973,f5180fe6,pbks,2014,2014
733973,26a85969,pbks,2014,2014
733973,2e171977,pbks,2014,2014
733973,b2b50355,pbks,2014,2014
733973,ce820073,pbks,2014,2014
733973,272d796e,mi,2014,2014
733973,30a2649b,mi,2014,2014
733973,70d205c9,mi,2014,2014
733973,740742ef,mi,2014,2014
733973,8abdf100,mi,2014,2014
733973,a757b0d8,mi,2014,2014
733973,855a210c,mi,2014,2014
733973,8b5b6769,mi,2014,2014
733973,462411b3,mi,2014,2014
733973,91a4a398,mi,2014,2014
733973,a12e1d51,mi,2014,2014
733975,372455c4,dc,2014,2014
733975,4b57e452,dc,2014,2014
733975,39f01cdb,dc,2014,2014
733975,c03f1114,dc,2014,2014
733975,2e8994e7,dc,2014,2014
733975,99d63244,dc,2014,2014
733975,3a60e0b5,dc,2014,2014
733975,9d80c5e1,dc,2014,2014
733975,8cf9814c,dc,2014,2014
733975,1e66c162,dc,2014,2014
733975,5d9a1a73,dc,2014,2014
733975,29e95537,rr,2014,2014
733975,944533a5,rr,2014,2014
733975,a4cc73aa,rr,2014,2014
733975,33a364a6,rr,2014,2014
733975,4329fbb5,rr,2014,2014
733975,bd17b45f,rr,2014,2014
733975,30a45b23,rr,2014,2014
733975,808f425a,rr,2014,2014
733975,d2a989fc,rr,2014,2014
733975,dfc4d8b5,rr,2014,2014
733975,6aed7e79,rr,2014,2014
733977,db584dad,rcb,2014,2014
733977,b5da6c24,rcb,2014,2014
733977,ba607b88,rcb,2014,2014
733977,cad00a4d,rcb,2014,2014
733977,c4487b84,rcb,2014,2014
733977,1c914163,rcb,2014,2014
733977,3fb19989,rcb,2014,2014
733977,f986ca1a,rcb,2014,2014
733977,66b30f71,rcb,2014,2014
733977,0a3d54b9,rcb,2014,2014
733977,57ee1fde,rcb,2014,2014
733977,b8d490fd,srh,2014,2014
733977,0a476045,srh,2014,2014
733977,b17e2f24,srh,2014,2014
733977,dcce6f09,srh,2014,2014
733977,c03c6200,srh,2014,2014
733977,890946a0,srh,2014,2014
733977,5fa06777,srh,2014,2014
733977,119678fd,srh,2014,2014
733977,8fd1a8f5,srh,2014,2014
733977,2e81a32d,srh,2014,2014
733977,5bb1a1c4,srh,2014,2014
733979,1c17e270,kkr,2014,2014
733979,bb345e0b,kkr,2014,2014
733979,bbd41817,kkr,2014,2014
733979,93b4fc78,kkr,2014,2014
733979,7dc35884,kkr,2014,2014
733979,3c6ffae8,kkr,2014,2014
733979,4ec07775,kkr,2014,2014
733979,271f83cd,kkr,2014,2014
733979,41eb4a4f,kkr,2014,2014
733979,9d430b40,kkr,2014,2014
733979,cc1e8c68,kkr,2014,2014
733979,29e95537,rr,2014,2014
733979,944533a5,rr,2014,2014
733979,a4cc73aa,rr,2014,2014
733979,4329fbb5,rr,2014,2014
733979,bd17b45f,rr,2014,2014
733979,30a45b23,rr,2014,2014
733979,808f425a,rr,2014,2014
733979,33a364a6,rr,2014,2014
733979,13c35c9e,rr,2014,2014
733979,6aed7e79,rr,2014,2014
733979,39a2dfa8,rr,2014,2014
733981,35205dfc,csk,2014,2014
733981,b8a55852,csk,2014,2014
733981,1dc12ab9,csk,2014,2014
733981,4a8a2e3b,csk,2014,2014
733981,3355b542,csk,2014,2014
733981,c42aaf71,csk,2014,2014
733981,fe93fd9d,csk,2014,2014
733981,495d42a5,csk,2014,2014
733981,f3171936,csk,2014,2014
733981,e0407c01,csk,2014,2014
733981,759ac88f,csk,2014,2014
733981,372455c4,dc,2014,2014
733981,4b57e452,dc,2014,2014
733981,39f01cdb,dc,2014,2014
733981,c03f1114,dc,2014,2014
733981,b1451597,dc,2014,2014
733981,2e8994e7,dc,2014,2014
733981,99d63244,dc,2014,2014
733981,3a60e0b5,dc,2014,2014
733981,9d80c5e1,dc,2014,2014
733981,8cf9814c,dc,2014,2014
733981,1e66c162,dc,2014,2014
733983,272d796e,mi,2014,2014
733983,30a2649b,mi,2014,2014
733983,70d205c9,mi,2014,2014
733983,740742ef,mi,2014,2014
733983,8abdf100,mi,2014,2014
733983,a757b0d8,mi,2014,2014
733983,855a210c,mi,2014,2014
733983,8b5b6769,mi,2014,2014
733983,462411b3,mi,2014,2014
733983,a12e1d51,mi,2014,2014
733983,cedc1d9a,mi,2014,2014
733983,db584dad,rcb,2014,2014
733983,b5da6c24,rcb,2014,2014
733983,ba607b88,rcb,2014,2014
733983,c4487b84,rcb,2014,2014
733983,1c914163,rcb,2014,2014
733983,cad00a4d,rcb,2014,2014
733983,3fb19989,rcb,2014,2014
733983,f986ca1a,rcb,2014,2014
733983,0a3d54b9,rcb,2014,2014
733983,66b30f71,rcb,2014,2014
733983,57ee1fde,rcb,2014,2014
733985,372455c4,dc,2014,2014
733985,4b57e452,dc,2014,2014
733985,39f01cdb,dc,2014,2014
733985,c03f1114,dc,2014,2014
733985,2e8994e7,dc,2014,2014
733985,b1451597,dc,2014,2014
733985,99d63244,dc,2014,2014
733985,3a60e0b5,dc,2014,2014
733985,9d80c5e1,dc,2014,2014
733985,8cf9814c,dc,2014,2014
733985,dcf81436,dc,2014,2014
733985,1c17e270,kkr,2014,2014
733985,bb345e0b,kkr,2014,2014
733985,93b4fc78,kkr,2014,2014
733985,86dc8f2e,kkr,2014,2014
733985,7dc35884,kkr,2014,2014
733985,3c6ffae8,kkr,2014,2014
733985,4ec07775,kkr,2014,2014
733985,271f83cd,kkr,2014,2014
733985,41eb4a4f,kkr,2014,2014
733985,9d430b40,kkr,2014,2014
733985,cc1e8c68,kkr,2014,2014
733987,35205dfc,csk,2014,2014
733987,b8a55852,csk,2014,2014
733987,1dc12ab9,csk,2014,2014
733987,fe93fd9d,csk,2014,2014
733987,3355b542,csk,2014,2014
733987,4a8a2e3b,csk,2014,2014
733987,c42aaf71,csk,2014,2014
733987,495d42a5,csk,2014,2014
733987,f3171936,csk,2014,2014
733987,e0407c01,csk,2014,2014
733987,759ac88f,csk,2014,2014
733987,8ba8195d,pbks,2014,2014
733987,c3a96caf,pbks,2014,2014
733987,b681e71e,pbks,2014,2014
733987,d67d5f00,pbks,2014,2014
733987,5056011d,pbks,2014,2014
733987,f5180fe6,pbks,2014,2014
733987,fe11caa6,pbks,2014,2014
733987,26a85969,pbks,2014,2014
733987,2e171977,pbks,2014,2014
733987,abfeb126,pbks,2014,2014
733987,ce820073,pbks,2014,2014
733989,29e95537,rr,2014,2014
733989,944533a5,rr,2014,2014
733989,a4cc73aa,rr,2014,2014
733989,4329fbb5,rr,2014,2014
733989,bd17b45f,rr,2014,2014
733989,30a45b23,rr,2014,2014
733989,33a364a6,rr,2014,2014
733989,808f425a,rr,2014,2014
733989,dfc4d8b5,rr,2014,2014
733989,d2a989fc,rr,2014,2014
733989,6aed7e79,rr,2014,2014
733989,0a476045,srh,2014,2014
733989,b8d490fd,srh,2014,2014
733989,b17e2f24,srh,2014,2014
733989,890946a0,srh,2014,2014
733989,dcce6f09,srh,2014,2014
733989,32198ae0,srh,2014,2014
733989,5fa06777,srh,2014,2014
733989,119678fd,srh,2014,2014
733989,8fd1a8f5,srh,2014,2014
733989,6b19d823,srh,2014,2014
733989,2e81a32d,srh,2014,2014
733991,8ba8195d,pbks,2014,2014
733991,c3a96caf,pbks,2014,2014
733991,b681e71e,pbks,2014,2014
733991,d67d5f00,pbks,2014,2014
733991,5056011d,pbks,2014,2014
733991,fe11caa6,pbks,2014,2014
733991,f5180fe6,pbks,2014,2014
733991,2e171977,pbks,2014,2014
733991,6f49cc6e,pbks,2014,2014
733991,b2b50355,pbks,2014,2014
733991,ce820073,pbks,2014,2014
733991,db584dad,rcb,2014,2014
733991,b5da6c24,rcb,2014,2014
733991,ba607b88,rcb,2014,2014
733991,90edaaa9,rcb,2014,2014
733991,c4487b84,rcb,2014,2014
733991,1c914163,rcb,2014,2014
733991,c3d35165,rcb,2014,2014
733991,3fb19989,rcb,2014,2014
733991,f986ca1a,rcb,2014,2014
733991,0a3d54b9,rcb,2014,2014
733991,57ee1fde,rcb,2014,2014
733993,372455c4,dc,2014,2014
733993,39f01cdb,dc,2014,2014
733993,00ea847a,dc,2014,2014
733993,c03f1114,dc,2014,2014
733993,b1451597,dc,2014,2014
733993,2e8994e7,dc,2014,2014
733993,99d63244,dc,2014,2014
733993,de4b0555,dc,2014,2014
733993,8cf9814c,dc,2014,2014
733993,acee4cc4,dc,2014,2014
733993,dcf81436,dc,2014,2014
733993,b8d490fd,srh,2014,2014
733993,0a476045,srh,2014,2014
733993,dcce6f09,srh,2014,2014
733993,890946a0,srh,2014,2014
733993,b17e2f24,srh,2014,2014
733993,32198ae0,srh,2014,2014
733993,5fa06777,srh,2014,2014
733993,119678fd,srh,2014,2014
733993,8fd1a8f5,srh,2014,2014
733993,6b19d823,srh,2014,2014
733993,2e81a32d,srh,2014,2014
733995,35205dfc,csk,2014,2014
733995,b8a55852,csk,2014,2014
733995,1dc12ab9,csk,2014,2014
733995,3355b542,csk,2014,2014
733995,4a8a2e3b,csk,2014,2014
733995,fe93fd9d,csk,2014,2014
733995,c42aaf71,csk,2014,2014
733995,495d42a5,csk,2014,2014
733995,e0407c01,csk,2014,2014
733995,759ac88f,csk,2014,2014
733995,76388dc8,csk,2014,2014
733995,89f64c19,mi,2014,2014
733995,30a2649b,mi,2014,2014
733995,70d205c9,mi,2014,2014
733995,740742ef,mi,2014,2014
733995,a757b0d8,mi,2014,2014
733995,8abdf100,mi,2014,2014
733995,855a210c,mi,2014,2014
733995,8b5b6769,mi,2014,2014
733995,a12e1d51,mi,2014,2014
733995,462411b3,mi,2014,2014
733995,e938e1bc,mi,2014,2014
733997,8ba8195d,pbks,2014,2014
733997,c3a96caf,pbks,2014,2014
733997,fe11caa6,pbks,2014,2014
733997,b681e71e,pbks,2014,2014
733997,d67d5f00,pbks,2014,2014
733997,5056011d,pbks,2014,2014
733997,26a85969,pbks,2014,2014
733997,f5180fe6,pbks,2014,2014
733997,2e171977,pbks,2014,2014
733997,1a0c3177,pbks,2014,2014
733997,ce820073,pbks,2014,2014
733997,1c17e270,kkr,2014,2014
733997,bb345e0b,kkr,2014,2014
733997,93b4fc78,kkr,2014,2014
733997,86dc8f2e,kkr,2014,2014
733997,4ec07775,kkr,2014,2014
733997,3c6ffae8,kkr,2014,2014
733997,271f83cd,kkr,2014,2014
733997,98ae73b1,kkr,2014,2014
733997,5bb5a915,kkr,2014,2014
733997,cc1e8c68,kkr,2014,2014
733997,9d430b40,kkr,2014,2014
733999,29e95537,rr,2014,2014
733999,944533a5,rr,2014,2014
733999,4329fbb5,rr,2014,2014
733999,bd17b45f,rr,2014,2014
733999,a4cc73aa,rr,2014,2014
733999,30a45b23,rr,2014,2014
733999,808f425a,rr,2014,2014
733999,33a364a6,rr,2014,2014
733999,dfc4d8b5,rr,2014,2014
733999,6aed7e79,rr,2014,2014
733999,39a2dfa8,rr,2014,2014
733999,ba607b88,rcb,2014,2014
733999,db584dad,rcb,2014,2014
733999,6dbcf855,rcb,2014,2014
733999,c4487b84,rcb,2014,2014
733999,1c914163,rcb,2014,2014
733999,c3d35165,rcb,2014,2014
733999,b5da6c24,rcb,2014,2014
733999,3fb19989,rcb,2014,2014
733999,0a3d54b9,rcb,2014,2014
733999,57ee1fde,rcb,2014,2014
733999,66b30f71,rcb,2014,2014
734001,89f64c19,mi,2014,2014
734001,30a2649b,mi,2014,2014
734001,70d205c9,mi,2014,2014
734001,740742ef,mi,2014,2014
734001,a757b0d8,mi,2014,2014
734001,8abdf100,mi,2014,2014
734001,855a210c,mi,2014,2014
734001,8b5b6769,mi,2014,2014
734001,a12e1d51,mi,2014,2014
734001,462411b3,mi,2014,2014
734001,6c6591ab,mi,2014,2014
734001,b8d490fd,srh,2014,2014
734001,0a476045,srh,2014,2014
734001,b17e2f24,srh,2014,2014
734001,dcce6f09,srh,2014,2014
734001,890946a0,srh,2014,2014
734001,32198ae0,srh,2014,2014
734001,5fa06777,srh,2014,2014
734001,119678fd,srh,2014,2014
734001,8fd1a8f5,srh,2014,2014
734001,6b19d823,srh,2014,2014
734001,2e81a32d,srh,2014,2014
734003,35205dfc,csk,2014,2014
734003,b8a55852,csk,2014,2014
734003,1dc12ab9,csk,2014,2014
734003,3355b542,csk,2014,2014
734003,495d42a5,csk,2014,2014
734003,4a8a2e3b,csk,2014,2014
734003,fe93fd9d,csk,2014,2014
734003,0994d0ae,csk,2014,2014
734003,e0407c01,csk,2014,2014
734003,759ac88f,csk,2014,2014
734003,76388dc8,csk,2014,2014
734003,24d94623,rr,2014,2014
734003,4329fbb5,rr,2014,2014
734003,29e95537,rr,2014,2014
734003,944533a5,rr,2014,2014
734003,bd17b45f,rr,2014,2014
734003,30a45b23,rr,2014,2014
734003,808f425a,rr,2014,2014
734003,063b3673,rr,2014,2014
734003,33a364a6,rr,2014,2014
734003,557153ca,rr,2014,2014
734003,6aed7e79,rr,2014,2014
734005,372455c4,dc,2014,2014
734005,4b57e452,dc,2014,2014
734005,00ea847a,dc,2014,2014
734005,39f01cdb,dc,2014,2014
734005,2e8994e7,dc,2014,2014
734005,c03f1114,dc,2014,2014
734005,99d63244,dc,2014,2014
734005,de4b0555,dc,2014,2014
734005,8cf9814c,dc,2014,2014
734005,acee4cc4,dc,2014,2014
734005,dcf81436,dc,2014,2014
734005,db584dad,rcb,2014,2014
734005,b5da6c24,rcb,2014,2014
734005,ba607b88,rcb,2014,2014
734005,c4487b84,rcb,2014,2014
734005,1c914163,rcb,2014,2014
734005,90edaaa9,rcb,2014,2014
734005,6dbcf855,rcb,2014,2014
734005,3fb19989,rcb,2014,2014
734005,4ba44e19,rcb,2014,2014
734005,57ee1fde,rcb,2014,2014
734005,2af1b6d2,rcb,2014,2014
734007,8ba8195d,pbks,2014,2014
734007,c03e2850,pbks,2014,2014
734007,fe11caa6,pbks,2014,2014
734007,b681e71e,pbks,2014,2014
734007,d67d5f00,pbks,2014,2014
734007,5056011d,pbks,2014,2014
734007,2e171977,pbks,2014,2014
734007,f5180fe6,pbks,2014,2014
734007,6f49cc6e,pbks,2014,2014
734007,26a85969,pbks,2014,2014
734007,ce820073,pbks,2014,2014
734007,b8d490fd,srh,2014,2014
734007,0a476045,srh,2014,2014
734007,890946a0,srh,2014,2014
734007,dcce6f09,srh,2014,2014
734007,32198ae0,srh,2014,2014
734007,5fa06777,srh,2014,2014
734007,119678fd,srh,2014,2014
734007,b17e2f24,srh,2014,2014
734007,8fd1a8f5,srh,2014,2014
734007,6b19d823,srh,2014,2014
734007,2e81a32d,srh,2014,2014
734009,1c17e270,kkr,2014,2014
734009,bb345e0b,kkr,2014,2014
734009,93b4fc78,kkr,2014,2014
734009,3c6ffae8,kkr,2014,2014
734009,7dc35884,kkr,2014,2014
734009,4ec07775,kkr,2014,2014
734009,271f83cd,kkr,2014,2014
734009,98ae73b1,kkr,2014,2014
734009,5bb5a915,kkr,2014,2014
734009,cc1e8c68,kkr,2014,2014
734009,9d430b40,kkr,2014,2014
734009,89f64c19,mi,2014,2014
734009,30a2649b,mi,2014,2014
734009,70d205c9,mi,2014,2014
734009,740742ef,mi,2014,2014
734009,8abdf100,mi,2014,2014
734009,a757b0d8,mi,2014,2014
734009,855a210c,mi,2014,2014
734009,8b5b6769,mi,2014,2014
734009,a12e1d51,mi,2014,2014
734009,462411b3,mi,2014,2014
734009,6c6591ab,mi,2014,2014
734011,39f01cdb,dc,2014,2014
734011,00ea847a,dc,2014,2014
734011,c03f1114,dc,2014,2014
734011,2e8994e7,dc,2014,2014
734011,26e5cabf,dc,2014,2014
734011,b61a3e1a,dc,2014,2014
734011,99d63244,dc,2014,2014
734011,9d80c5e1,dc,2014,2014
734011,acee4cc4,dc,2014,2014
734011,de4b0555,dc,2014,2014
734011,dcf81436,dc,2014,2014
734011,29e95537,rr,2014,2014
734011,944533a5,rr,2014,2014
734011,557153ca,rr,2014,2014
734011,a4cc73aa,rr,2014,2014
734011,bd17b45f,rr,2014,2014
734011,2e11c706,rr,2014,2014
734011,808f425a,rr,2014,2014
734011,30a45b23,rr,2014,2014
734011,33a364a6,rr,2014,2014
734011,d2a989fc,rr,2014,2014
734011,6aed7e79,rr,2014,2014
734013,35205dfc,csk,2014,2014
734013,b8a55852,csk,2014,2014
734013,1dc12ab9,csk,2014,2014
734013,fd835ab3,csk,2014,2014
734013,4a8a2e3b,csk,2014,2014
734013,fe93fd9d,csk,2014,2014
734013,c42aaf71,csk,2014,2014
734013,495d42a5,csk,2014,2014
734013,e0407c01,csk,2014,2014
734013,759ac88f,csk,2014,2014
734013,76388dc8,csk,2014,2014
734013,db584dad,rcb,2014,2014
734013,b5da6c24,rcb,2014,2014
734013,ba607b88,rcb,2014,2014
734013,c4487b84,rcb,2014,2014
734013,1c914163,rcb,2014,2014
734013,90edaaa9,rcb,2014,2014
734013,2af1b6d2,rcb,2014,2014
734013,3fb19989,rcb,2014,2014
734013,4ba44e19,rcb,2014,2014
734013,57ee1fde,rcb,2014,2014
734013,0a3d54b9,rcb,2014,2014
734015,1c17e270,kkr,2014,2014
734015,bb345e0b,kkr,2014,2014
734015,93b4fc78,kkr,2014,2014
734015,3c6ffae8,kkr,2014,2014
734015,4ec07775,kkr,2014,2014
734015,7dc35884,kkr,2014,2014
734015,271f83cd,kkr,2014,2014
734015,98ae73b1,kkr,2014,2014
734015,5bb5a915,kkr,2014,2014
734015,cc1e8c68,kkr,2014,2014
734015,9d430b40,kkr,2014,2014
734015,b8d490fd,srh,2014,2014
734015,0a476045,srh,2014,2014
734015,890946a0,srh,2014,2014
734015,dcce6f09,srh,2014,2014
734015,b17e2f24,srh,2014,2014
734015,5fa06777,srh,2014,2014
734015,c03c6200,srh,2014,2014
734015,119678fd,srh,2014,2014
734015,8fd1a8f5,srh,2014,2014
734015,6b19d823,srh,2014,2014
734015,2e81a32d,srh,2014,2014
734017,48fd7349,mi,2014,2014
734017,89f64c19,mi,2014,2014
734017,a757b0d8,mi,2014,2014
734017,740742ef,mi,2014,2014
734017,70d205c9,mi,2014,2014
734017,855a210c,mi,2014,2014
734017,8b5b6769,mi,2014,2014
734017,462411b3,mi,2014,2014
734017,531f0278,mi,2014,2014
734017,6c6591ab,mi,2014,2014
734017,7a8bd078,mi,2014,2014
734017,944533a5,rr,2014,2014
734017,0c94f480,rr,2014,2014
734017,4329fbb5,rr,2014,2014
734017,a4cc73aa,rr,2014,2014
734017,557153ca,rr,2014,2014
734017,24d94623,rr,2014,2014
734017,bd17b45f,rr,2014,2014
734017,b57f8a9a,rr,2014,2014
734017,808f425a,rr,2014,2014
734017,33a364a6,rr,2014,2014
734017,d2a989fc,rr,2014,2014
734019,4b57e452,dc,2014,2014
734019,39f01cdb,dc,2014,2014
734019,c03f1114,dc,2014,2014
734019,2e8994e7,dc,2014,2014
734019,99d63244,dc,2014,2014
734019,00ea847a,dc,2014,2014
734019,26e5cabf,dc,2014,2014
734019,3a60e0b5,dc,2014,2014
734019,8cf9814c,dc,2014,2014
734019,acee4cc4,dc,2014,2014
734019,1e66c162,dc,2014,2014
734019,8ba8195d,pbks,2014,2014
734019,c03e2850,pbks,2014,2014
734019,b681e71e,pbks,2014,2014
734019,d67d5f00,pbks,2014,2014
734019,fe11caa6,pbks,2014,2014
734019,2e171977,pbks,2014,2014
734019,5056011d,pbks,2014,2014
734019,26a85969,pbks,2014,2014
734019,b56dc5f7,pbks,2014,2014
734019,6f49cc6e,pbks,2014,2014
734019,ce820073,pbks,2014,2014
734021,db584dad,rcb,2014,2014
734021,b5da6c24,rcb,2014,2014
734021,ba607b88,rcb,2014,2014
734021,1c914163,rcb,2014,2014
734021,c4487b84,rcb,2014,2014
734021,90edaaa9,rcb,2014,2014
734021,3fb19989,rcb,2014,2014
734021,4ba44e19,rcb,2014,2014
734021,57ee1fde,rcb,2014,2014
734021,2af1b6d2,rcb,2014,2014
734021,0a3d54b9,rcb,2014,2014
734021,0a476045,srh,2014,2014
734021,dcce6f09,srh,2014,2014
734021,890946a0,srh,2014,2014
734021,b8d490fd,srh,2014,2014
734021,c03c6200,srh,2014,2014
734021,fe763256,srh,2014,2014
734021,5fa06777,srh,2014,2014
734021,119678fd,srh,2014,2014
734021,9170ff49,srh,2014,2014
734021,8fd1a8f5,srh,2014,2014
734021,2e81a32d,srh,2014,2014
734023,35205dfc,csk,2014,2014
734023,b8a55852,csk,2014,2014
734023,1dc12ab9,csk,2014,2014
734023,3355b542,csk,2014,2014
734023,4a8a2e3b,csk,2014,2014
734023,fe93fd9d,csk,2014,2014
734023,c42aaf71,csk,2014,2014
734023,495d42a5,csk,2014,2014
734023,e0407c01,csk,2014,2014
734023,759ac88f,csk,2014,2014
734023,f3171936,csk,2014,2014
734023,1c17e270,kkr,2014,2014
734023,bb345e0b,kkr,2014,2014
734023,93b4fc78,kkr,2014,2014
734023,7dc35884,kkr,2014,2014
734023,3c6ffae8,kkr,2014,2014
734023,4ec07775,kkr,2014,2014
734023,271f83cd,kkr,2014,2014
734023,98ae73b1,kkr,2014,2014
734023,ded9240e,kkr,2014,2014
734023,cc1e8c68,kkr,2014,2014
734023,9d430b40,kkr,2014,2014
734025,8ba8195d,pbks,2014,2014
734025,c03e2850,pbks,2014,2014
734025,508a1ea7,pbks,2014,2014
734025,b681e71e,pbks,2014,2014
734025,5056011d,pbks,2014,2014
734025,fe11caa6,pbks,2014,2014
734025,2e171977,pbks,2014,2014
734025,26a85969,pbks,2014,2014
734025,b56dc5f7,pbks,2014,2014
734025,6f49cc6e,pbks,2014,2014
734025,ce820073,pbks,2014,2014
734025,89f64c19,mi,2014,2014
734025,48fd7349,mi,2014,2014
734025,70d205c9,mi,2014,2014
734025,740742ef,mi,2014,2014
734025,a757b0d8,mi,2014,2014
734025,855a210c,mi,2014,2014
734025,462411b3,mi,2014,2014
734025,531f0278,mi,2014,2014
734025,e938e1bc,mi,2014,2014
734025,6c6591ab,mi,2014,2014
734025,7a8bd078,mi,2014,2014
734027,1c17e270,kkr,2014,2014
734027,bb345e0b,kkr,2014,2014
734027,93b4fc78,kkr,2014,2014
734027,3c6ffae8,kkr,2014,2014
734027,7dc35884,kkr,2014,2014
734027,4ec07775,kkr,2014,2014
734027,271f83cd,kkr,2014,2014
734027,41eb4a4f,kkr,2014,2014
734027,5bb5a915,kkr,2014,2014
734027,cc1e8c68,kkr,2014,2014
734027,9d430b40,kkr,2014,2014
734027,db584dad,rcb,2014,2014
734027,4e04666c,rcb,2014,2014
734027,ba607b88,rcb,2014,2014
734027,1c914163,rcb,2014,2014
734027,c4487b84,rcb,2014,2014
734027,90edaaa9,rcb,2014,2014
734027,3fb19989,rcb,2014,2014
734027,2af1b6d2,rcb,2014,2014
734027,66b30f71,rcb,2014,2014
734027,57ee1fde,rcb,2014,2014
734027,4ba44e19,rcb,2014,2014
734029,35205dfc,csk,2014,2014
734029,3355b542,csk,2014,2014
734029,1dc12ab9,csk,2014,2014
734029,fd835ab3,csk,2014,2014
734029,4a8a2e3b,csk,2014,2014
734029,fe93fd9d,csk,2014,2014
734029,c42aaf71,csk,2014,2014
734029,495d42a5,csk,2014,2014
734029,012829ff,csk,2014,2014
734029,759ac88f,csk,2014,2014
734029,f62772e5,csk,2014,2014
734029,dcce6f09,srh,2014,2014
734029,0a476045,srh,2014,2014
734029,890946a0,srh,2014,2014
734029,b8d490fd,srh,2014,2014
734029,c03c6200,srh,2014,2014
734029,fe763256,srh,2014,2014
734029,5fa06777,srh,2014,2014
734029,119678fd,srh,2014,2014
734029,9170ff49,srh,2014,2014
734029,8fd1a8f5,srh,2014,2014
734029,2e81a32d,srh,2014,2014
734031,4b57e452,dc,2014,2014
734031,39f01cdb,dc,2014,2014
734031,c03f1114,dc,2014,2014
734031,26e5cabf,dc,2014,2014
734031,2e8994e7,dc,2014,2014
734031,99d63244,dc,2014,2014
734031,3a60e0b5,dc,2014,2014
734031,9d80c5e1,dc,2014,2014
734031,1e66c162,dc,2014,2014
734031,dcf81436,dc,2014,2014
734031,acee4cc4,dc,2014,2014
734031,89f64c19,mi,2014,2014
734031,48fd7349,mi,2014,2014
734031,740742ef,mi,2014,2014
734031,a757b0d8,mi,2014,2014
734031,70d205c9,mi,2014,2014
734031,855a210c,mi,2014,2014
734031,8b5b6769,mi,2014,2014
734031,7a8bd078,mi,2014,2014
734031,d4eef961,mi,2014,2014
734031,6c6591ab,mi,2014,2014
734031,462411b3,mi,2014,2014
734033,8ba8195d,pbks,2014,2014
734033,c03e2850,pbks,2014,2014
734033,508a1ea7,pbks,2014,2014
734033,fe11caa6,pbks,2014,2014
734033,d67d5f00,pbks,2014,2014
734033,5056011d,pbks,2014,2014
734033,2e171977,pbks,2014,2014
734033,26a85969,pbks,2014,2014
734033,1647bd37,pbks,2014,2014
734033,b56dc5f7,pbks,2014,2014
734033,b2b50355,pbks,2014,2014
734033,29e95537,rr,2014,2014
734033,944533a5,rr,2014,2014
734033,a4cc73aa,rr,2014,2014
734033,4329fbb5,rr,2014,2014
734033,bd17b45f,rr,2014,2014
734033,39a2dfa8,rr,2014,2014
734033,b57f8a9a,rr,2014,2014
734033,808f425a,rr,2014,2014
734033,557153ca,rr,2014,2014
734033,5f26df4f,rr,2014,2014
734033,6aed7e79,rr,2014,2014
734035,35205dfc,csk,2014,2014
734035,3355b542,csk,2014,2014
734035,1dc12ab9,csk,2014,2014
734035,4a8a2e3b,csk,2014,2014
734035,fd835ab3,csk,2014,2014
734035,fe93fd9d,csk,2014,2014
734035,c42aaf71,csk,2014,2014
734035,495d42a5,csk,2014,2014
734035,759ac88f,csk,2014,2014
734035,76388dc8,csk,2014,2014
734035,96fd40ae,csk,2014,2014
734035,cad00a4d,rcb,2014,2014
734035,4e04666c,rcb,2014,2014
734035,6dbcf855,rcb,2014,2014
734035,ba607b88,rcb,2014,2014
734035,1c914163,rcb,2014,2014
734035,c4487b84,rcb,2014,2014
734035,90edaaa9,rcb,2014,2014
734035,3fb19989,rcb,2014,2014
734035,57ee1fde,rcb,2014,2014
734035,d68e7f48,rcb,2014,2014
734035,c8179c68,rcb,2014,2014
734037,1c17e270,kkr,2014,2014
734037,bb345e0b,kkr,2014,2014
734037,93b4fc78,kkr,2014,2014
734037,3c6ffae8,kkr,2014,2014
734037,4ec07775,kkr,2014,2014
734037,7dc35884,kkr,2014,2014
734037,271f83cd,kkr,2014,2014
734037,41eb4a4f,kkr,2014,2014
734037,5bb5a915,kkr,2014,2014
734037,cc1e8c68,kkr,2014,2014
734037,9d430b40,kkr,2014,2014
734037,dcce6f09,srh,2014,2014
734037,0a476045,srh,2014,2014
734037,890946a0,srh,2014,2014
734037,fe763256,srh,2014,2014
734037,c03c6200,srh,2014,2014
734037,95a2ea61,srh,2014,2014
734037,0f721006,srh,2014,2014
734037,119678fd,srh,2014,2014
734037,9170ff49,srh,2014,2014
734037,8fd1a8f5,srh,2014,2014
734037,2e81a32d,srh,2014,2014
734039,39f01cdb,dc,2014,2014
734039,00ea847a,dc,2014,2014
734039,c03f1114,dc,2014,2014
734039,99d63244,dc,2014,2014
734039,26e5cabf,dc,2014,2014
734039,2e8994e7,dc,2014,2014
734039,9219eff0,dc,2014,2014
734039,9d80c5e1,dc,2014,2014
734039,8cf9814c,dc,2014,2014
734039,acee4cc4,dc,2014,2014
734039,1e66c162,dc,2014,2014
734039,8ba8195d,pbks,2014,2014
734039,c03e2850,pbks,2014,2014
734039,b681e71e,pbks,2014,2014
734039,d67d5f00,pbks,2014,2014
734039,5056011d,pbks,2014,2014
734039,fe11caa6,pbks,2014,2014
734039,2e171977,pbks,2014,2014
734039,f5180fe6,pbks,2014,2014
734039,26a85969,pbks,2014,2014
734039,1647bd37,pbks,2014,2014
734039,1a0c3177,pbks,2014,2014
734041,89f64c19,mi,2014,2014
734041,48fd7349,mi,2014,2014
734041,8abdf100,mi,2014,2014
734041,a757b0d8,mi,2014,2014
734041,740742ef,mi,2014,2014
734041,70d205c9,mi,2014,2014
734041,855a210c,mi,2014,2014
734041,8b5b6769,mi,2014,2014
734041,7a8bd078,mi,2014,2014
734041,6c6591ab,mi,2014,2014
734041,462411b3,mi,2014,2014
734041,4329fbb5,rr,2014,2014
734041,a4cc73aa,rr,2014,2014
734041,944533a5,rr,2014,2014
734041,b57f8a9a,rr,2014,2014
734041,808f425a,rr,2014,2014
734041,557153ca,rr,2014,2014
734041,29e95537,rr,2014,2014
734041,a45a5e8d,rr,2014,2014
734041,24d94623,rr,2014,2014
734041,6aed7e79,rr,2014,2014
734041,d2a989fc,rr,2014,2014
734043,8ba8195d,pbks,2014,2014
734043,c03e2850,pbks,2014,2014
734043,fe11caa6,pbks,2014,2014
734043,b681e71e,pbks,2014,2014
734043,d67d5f00,pbks,2014,2014
734043,2e171977,pbks,2014,2014
734043,5056011d,pbks,2014,2014
734043,26a85969,pbks,2014,2014
734043,f5180fe6,pbks,2014,2014
734043,1647bd37,pbks,2014,2014
734043,1a0c3177,pbks,2014,2014
734043,1c17e270,kkr,2014,2014
734043,bb345e0b,kkr,2014,2014
734043,93b4fc78,kkr,2014,2014
734043,7dc35884,kkr,2014,2014
734043,3c6ffae8,kkr,2014,2014
734043,4ec07775,kkr,2014,2014
734043,271f83cd,kkr,2014,2014
734043,98ae73b1,kkr,2014,2014
734043,9d430b40,kkr,2014,2014
734043,5bb5a915,kkr,2014,2014
734043,cc1e8c68,kkr,2014,2014
734045,35205dfc,csk,2014,2014
734045,3355b542,csk,2014,2014
734045,1dc12ab9,csk,2014,2014
734045,b8a55852,csk,2014,2014
734045,fd835ab3,csk,2014,2014
734045,4a8a2e3b,csk,2014,2014
734045,fe93fd9d,csk,2014,2014
734045,495d42a5,csk,2014,2014
734045,759ac88f,csk,2014,2014
734045,e0407c01,csk,2014,2014
734045,96fd40ae,csk,2014,2014
734045,89f64c19,mi,2014,2014
734045,48fd7349,mi,2014,2014
734045,8abdf100,mi,2014,2014
734045,740742ef,mi,2014,2014
734045,a757b0d8,mi,2014,2014
734045,70d205c9,mi,2014,2014
734045,855a210c,mi,2014,2014
734045,8b5b6769,mi,2014,2014
734045,e938e1bc,mi,2014,2014
734045,6c6591ab,mi,2014,2014
734045,462411b3,mi,2014,2014
734047,35205dfc,csk,2014,2014
734047,3355b542,csk,2014,2014
734047,1dc12ab9,csk,2014,2014
734047,b8a55852,csk,2014,2014
734047,fe93fd9d,csk,2014,2014
734047,fd835ab3,csk,2014,2014
734047,4a8a2e3b,csk,2014,2014
734047,495d42a5,csk,2014,2014
734047,759ac88f,csk,2014,2014
734047,e0407c01,csk,2014,2014
734047,96fd40ae,csk,2014,2014
734047,8ba8195d,pbks,2014,2014
734047,c03e2850,pbks,2014,2014
734047,b681e71e,pbks,2014,2014
734047,d67d5f00,pbks,2014,2014
734047,5056011d,pbks,2014,2014
734047,fe11caa6,pbks,2014,2014
734047,f5180fe6,pbks,2014,2014
734047,2e171977,pbks,2014,2014
734047,1647bd37,pbks,2014,2014
734047,ce820073,pbks,2014,2014
734047,1a0c3177,pbks,2014,2014
734049,8ba8195d,pbks,2014,2014
734049,c03e2850,pbks,2014,2014
734049,5056011d,pbks,2014,2014
734049,fe11caa6,pbks,2014,2014
734049,b681e71e,pbks,2014,2014
734049,d67d5f00,pbks,2014,2014
734049,2e171977,pbks,2014,2014
734049,f5180fe6,pbks,2014,2014
734049,b2b50355,pbks,2014,2014
734049,1647bd37,pbks,2014,2014
734049,1a0c3177,pbks,2014,2014
734049,1c17e270,kkr,2014,2014
734049,bb345e0b,kkr,2014,2014
734049,93b4fc78,kkr,2014,2014
734049,3c6ffae8,kkr,2014,2014
734049,7dc35884,kkr,2014,2014
734049,4ec07775,kkr,2014,2014
734049,271f83cd,kkr,2014,2014
734049,98ae73b1,kkr,2014,2014
734049,9d430b40,kkr,2014,2014
734049,5bb5a915,kkr,2014,2014
734049,cc1e8c68,kkr,2014,2014
829705,1c17e270,kkr,2015,2015
829705,bb345e0b,kkr,2015,2015
829705,93b4fc78,kkr,2015,2015
829705,271f83cd,kkr,2015,2015
829705,3c6ffae8,kkr,2015,2015
829705,7dc35884,kkr,2015,2015
829705,bbd41817,kkr,2015,2015
829705,98ae73b1,kkr,2015,2015
829705,9d430b40,kkr,2015,2015
829705,cc1e8c68,kkr,2015,2015
829705,5bb5a915,kkr,2015,2015
829705,740742ef,mi,2015,2015
829705,b8d490fd,mi,2015,2015
829705,855a210c,mi,2015,2015
829705,70d205c9,mi,2015,2015
829705,8abdf100,mi,2015,2015
829705,a757b0d8,mi,2015,2015
829705,8b5b6769,mi,2015,2015
829705,a12e1d51,mi,2015,2015
829705,41eb4a4f,mi,2015,2015
829705,462411b3,mi,2015,2015
829705,6c6591ab,mi,2015,2015
829707,35205dfc,csk,2015,2015
829707,b8a55852,csk,2015,2015
829707,1dc12ab9,csk,2015,2015
829707,3355b542,csk,2015,2015
829707,fe93fd9d,csk,2015,2015
829707,4a8a2e3b,csk,2015,2015
829707,87e562a9,csk,2015,2015
829707,495d42a5,csk,2015,2015
829707,759ac88f,csk,2015,2015
829707,e0407c01,csk,2015,2015
829707,96fd40ae,csk,2015,2015
829707,00ea847a,dc,2015,2015
829707,30a2649b,dc,2015,2015
829707,c3d35165,dc,2015,2015
829707,85ec8e33,dc,2015,2015
829707,99d63244,dc,2015,2015
829707,1c914163,dc,2015,2015
829707,2e8994e7,dc,2015,2015
829707,56ab442f,dc,2015,2015
829707,6b19d823,dc,2015,2015
829707,acee4cc4,dc,2015,2015
829707,2c76b512,dc,2015,2015
829709,8ba8195d,pbks,2015,2015
829709,4b57e452,pbks,2015,2015
829709,fe11caa6,pbks,2015,2015
829709,b681e71e,pbks,2015,2015
829709,2e171977,pbks,2015,2015
829709,d67d5f00,pbks,2015,2015
829709,5056011d,pbks,2015,2015
829709,f5180fe6,pbks,2015,2015
829709,69be866a,pbks,2015,2015
829709,1647bd37,pbks,2015,2015
829709,ce820073,pbks,2015,2015
829709,29e95537,rr,2015,2015
829709,a4cc73aa,rr,2015,2015
829709,30a45b23,rr,2015,2015
829709,944533a5,rr,2015,2015
829709,bd17b45f,rr,2015,2015
829709,73ad96ed,rr,2015,2015
829709,808f425a,rr,2015,2015
829709,fb66ce1f,rr,2015,2015
829709,13c35c9e,rr,2015,2015
829709,d2a989fc,rr,2015,2015
829709,6aed7e79,rr,2015,2015
829711,35205dfc,csk,2015,2015
829711,b8a55852,csk,2015,2015
829711,1dc12ab9,csk,2015,2015
829711,4a8a2e3b,csk,2015,2015
829711,fe93fd9d,csk,2015,2015
829711,87e562a9,csk,2015,2015
829711,3355b542,csk,2015,2015
829711,495d42a5,csk,2015,2015
829711,759ac88f,csk,2015,2015
829711,e0407c01,csk,2015,2015
829711,96fd40ae,csk,2015,2015
829711,dcce6f09,srh,2015,2015
829711,0a476045,srh,2015,2015
829711,b17e2f24,srh,2015,2015
829711,890946a0,srh,2015,2015
829711,7ca5e05d,srh,2015,2015
829711,d027ba9f,srh,2015,2015
829711,119678fd,srh,2015,2015
829711,9170ff49,srh,2015,2015
829711,2e81a32d,srh,2015,2015
829711,5bb1a1c4,srh,2015,2015
829711,a818c1be,srh,2015,2015
829713,1c17e270,kkr,2015,2015
829713,bb345e0b,kkr,2015,2015
829713,93b4fc78,kkr,2015,2015
829713,271f83cd,kkr,2015,2015
829713,3c6ffae8,kkr,2015,2015
829713,bbd41817,kkr,2015,2015
829713,7dc35884,kkr,2015,2015
829713,98ae73b1,kkr,2015,2015
829713,9d430b40,kkr,2015,2015
829713,edb3d4f8,kkr,2015,2015
829713,5bb5a915,kkr,2015,2015
829713,db584dad,rcb,2015,2015
829713,ba607b88,rcb,2015,2015
829713,c03f1114,rcb,2015,2015
829713,c3a96caf,rcb,2015,2015
829713,c4487b84,rcb,2015,2015
829713,c03c6200,rcb,2015,2015
829713,1a2676c5,rcb,2015,2015
829713,f986ca1a,rcb,2015,2015
829713,2af1b6d2,rcb,2015,2015
829713,57ee1fde,rcb,2015,2015
829713,0a3d54b9,rcb,2015,2015
829715,00ea847a,dc,2015,2015
829715,85ec8e33,dc,2015,2015
829715,2e8994e7,dc,2015,2015
829715,1c914163,dc,2015,2015
829715,896d78ad,dc,2015,2015
829715,26e5cabf,dc,2015,2015
829715,99d63244,dc,2015,2015
829715,56ab442f,dc,2015,2015
829715,6b19d823,dc,2015,2015
829715,acee4cc4,dc,2015,2015
829715,1e66c162,dc,2015,2015
829715,29e95537,rr,2015,2015
829715,a4cc73aa,rr,2015,2015
829715,30a45b23,rr,2015,2015
829715,944533a5,rr,2015,2015
829715,bd17b45f,rr,2015,2015
829715,73ad96ed,rr,2015,2015
829715,808f425a,rr,2015,2015
829715,fb66ce1f,rr,2015,2015
829715,13c35c9e,rr,2015,2015
829715,d2a989fc,rr,2015,2015
829715,6aed7e79,rr,2015,2015
829717,4b57e452,pbks,2015,2015
829717,8ba8195d,pbks,2015,2015
829717,b681e71e,pbks,2015,2015
829717,d67d5f00,pbks,2015,2015
829717,5056011d,pbks,2015,2015
829717,26a85969,pbks,2015,2015
829717,f5180fe6,pbks,2015,2015
829717,fe11caa6,pbks,2015,2015
829717,2e171977,pbks,2015,2015
829717,69be866a,pbks,2015,2015
829717,ce820073,pbks,2015,2015
829717,740742ef,mi,2015,2015
829717,b8d490fd,mi,2015,2015
829717,855a210c,mi,2015,2015
829717,70d205c9,mi,2015,2015
829717,8abdf100,mi,2015,2015
829717,a757b0d8,mi,2015,2015
829717,4125d931,mi,2015,2015
829717,8b5b6769,mi,2015,2015
829717,41eb4a4f,mi,2015,2015
829717,a12e1d51,mi,2015,2015
829717,cedc1d9a,mi,2015,2015
829719,db584dad,rcb,2015,2015
829719,ba607b88,rcb,2015,2015
829719,c03f1114,rcb,2015,2015
829719,c4487b84,rcb,2015,2015
829719,c3a96caf,rcb,2015,2015
829719,c03c6200,rcb,2015,2015
829719,1a2676c5,rcb,2015,2015
829719,f986ca1a,rcb,2015,2015
829719,2af1b6d2,rcb,2015,2015
829719,0a3d54b9,rcb,2015,2015
829719,57ee1fde,rcb,2015,2015
829719,dcce6f09,srh,2015,2015
829719,0a476045,srh,2015,2015
829719,d027ba9f,srh,2015,2015
829719,b17e2f24,srh,2015,2015
829719,890946a0,srh,2015,2015
829719,7ca5e05d,srh,2015,2015
829719,1c2a64cd,srh,2015,2015
829719,119678fd,srh,2015,2015
829719,e938e1bc,srh,2015,2015
829719,2e81a32d,srh,2015,2015
829719,a818c1be,srh,2015,2015
829721,b8d490fd,mi,2015,2015
829721,b5da6c24,mi,2015,2015
829721,0c94f480,mi,2015,2015
829721,740742ef,mi,2015,2015
829721,8abdf100,mi,2015,2015
829721,a757b0d8,mi,2015,2015
829721,4125d931,mi,2015,2015
829721,7a8bd078,mi,2015,2015
829721,a12e1d51,mi,2015,2015
829721,41eb4a4f,mi,2015,2015
829721,cedc1d9a,mi,2015,2015
829721,29e95537,rr,2015,2015
829721,a4cc73aa,rr,2015,2015
829721,30a45b23,rr,2015,2015
829721,73ad96ed,rr,2015,2015
829721,808f425a,rr,2015,2015
829721,944533a5,rr,2015,2015
829721,bd17b45f,rr,2015,2015
829721,fb66ce1f,rr,2015,2015
829721,13c35c9e,rr,2015,2015
829721,d2a989fc,rr,2015,2015
829721,6aed7e79,rr,2015,2015
829723,35205dfc,csk,2015,2015
829723,b8a55852,csk,2015,2015
829723,1dc12ab9,csk,2015,2015
829723,3355b542,csk,2015,2015
829723,87e562a9,csk,2015,2015
829723,4a8a2e3b,csk,2015,2015
829723,fe93fd9d,csk,2015,2015
829723,f62772e5,csk,2015,2015
829723,759ac88f,csk,2015,2015
829723,96fd40ae,csk,2015,2015
829723,b2b23612,csk,2015,2015
829723,1c17e270,kkr,2015,2015
829723,bb345e0b,kkr,2015,2015
829723,93b4fc78,kkr,2015,2015
829723,271f83cd,kkr,2015,2015
829723,bbd41817,kkr,2015,2015
829723,4ec07775,kkr,2015,2015
829723,3c6ffae8,kkr,2015,2015
829723,ded9240e,kkr,2015,2015
829723,98ae73b1,kkr,2015,2015
829723,f708a0bc,kkr,2015,2015
829723,cc1e8c68,kkr,2015,2015
829725,00ea847a,dc,2015,2015
829725,85ec8e33,dc,2015,2015
829725,2e8994e7,dc,2015,2015
829725,1c914163,dc,2015,2015
829725,896d78ad,dc,2015,2015
829725,99d63244,dc,2015,2015
829725,26e5cabf,dc,2015,2015
829725,56ab442f,dc,2015,2015
829725,6b19d823,dc,2015,2015
829725,acee4cc4,dc,2015,2015
829725,2c76b512,dc,2015,2015
829725,4b57e452,pbks,2015,2015
829725,8ba8195d,pbks,2015,2015
829725,fe11caa6,pbks,2015,2015
829725,d67d5f00,pbks,2015,2015
829725,b681e71e,pbks,2015,2015
829725,5056011d,pbks,2015,2015
829725,2e171977,pbks,2015,2015
829725,26a85969,pbks,2015,2015
829725,f5180fe6,pbks,2015,2015
829725,69be866a,pbks,2015,2015
829725,ce820073,pbks,2015,2015
829727,29e95537,rr,2015,2015
829727,a4cc73aa,rr,2015,2015
829727,30a45b23,rr,2015,2015
829727,944533a5,rr,2015,2015
829727,bd17b45f,rr,2015,2015
829727,808f425a,rr,2015,2015
829727,73ad96ed,rr,2015,2015
829727,fb66ce1f,rr,2015,2015
829727,13c35c9e,rr,2015,2015
829727,d2a989fc,rr,2015,2015
829727,6aed7e79,rr,2015,2015
829727,dcce6f09,srh,2015,2015
829727,0a476045,srh,2015,2015
829727,b17e2f24,srh,2015,2015
829727,890946a0,srh,2015,2015
829727,d2a6c0e6,srh,2015,2015
829727,7ca5e05d,srh,2015,2015
829727,1c2a64cd,srh,2015,2015
829727,119678fd,srh,2015,2015
829727,e938e1bc,srh,2015,2015
829727,2e81a32d,srh,2015,2015
829727,a818c1be,srh,2015,2015
829729,35205dfc,csk,2015,2015
829729,b8a55852,csk,2015,2015
829729,1dc12ab9,csk,2015,2015
829729,3355b542,csk,2015,2015
829729,4a8a2e3b,csk,2015,2015
829729,87e562a9,csk,2015,2015
829729,fe93fd9d,csk,2015,2015
829729,495d42a5,csk,2015,2015
829729,759ac88f,csk,2015,2015
829729,e0407c01,csk,2015,2015
829729,96fd40ae,csk,2015,2015
829729,89f64c19,mi,2015,2015
829729,b5da6c24,mi,2015,2015
829729,8abdf100,mi,2015,2015
829729,740742ef,mi,2015,2015
829729,8b5b6769,mi,2015,2015
829729,a757b0d8,mi,2015,2015
829729,70d205c9,mi,2015,2015
829729,4125d931,mi,2015,2015
829729,41eb4a4f,mi,2015,2015
829729,a12e1d51,mi,2015,2015
829729,cedc1d9a,mi,2015,2015
829731,00ea847a,dc,2015,2015
829731,85ec8e33,dc,2015,2015
829731,2e8994e7,dc,2015,2015
829731,1c914163,dc,2015,2015
829731,896d78ad,dc,2015,2015
829731,99d63244,dc,2015,2015
829731,26e5cabf,dc,2015,2015
829731,56ab442f,dc,2015,2015
829731,6b19d823,dc,2015,2015
829731,acee4cc4,dc,2015,2015
829731,2c76b512,dc,2015,2015
829731,dcce6f09,srh,2015,2015
829731,0a476045,srh,2015,2015
829731,7ca5e05d,srh,2015,2015
829731,b17e2f24,srh,2015,2015
829731,890946a0,srh,2015,2015
829731,d2a6c0e6,srh,2015,2015
829731,1c2a64cd,srh,2015,2015
829731,119678fd,srh,2015,2015
829731,e938e1bc,srh,2015,2015
829731,2e81a32d,srh,2015,2015
829731,8fd1a8f5,srh,2015,2015
829733,4b57e452,pbks,2015,2015
829733,8ba8195d,pbks,2015,2015
829733,fe11caa6,pbks,2015,2015
829733,b681e71e,pbks,2015,2015
829733,5056011d,pbks,2015,2015
829733,0f12f9df,pbks,2015,2015
829733,6eb146d2,pbks,2015,2015
829733,2e171977,pbks,2015,2015
829733,f5180fe6,pbks,2015,2015
829733,69be866a,pbks,2015,2015
829733,ce820073,pbks,2015,2015
829733,1c17e270,kkr,2015,2015
829733,bb345e0b,kkr,2015,2015
829733,93b4fc78,kkr,2015,2015
829733,271f83cd,kkr,2015,2015
829733,3c6ffae8,kkr,2015,2015
829733,4ec07775,kkr,2015,2015
829733,bbd41817,kkr,2015,2015
829733,98ae73b1,kkr,2015,2015
829733,9d430b40,kkr,2015,2015
829733,5bb5a915,kkr,2015,2015
829733,cc1e8c68,kkr,2015,2015
829735,35205dfc,csk,2015,2015
829735,b8a55852,csk,2015,2015
829735,1dc12ab9,csk,2015,2015
829735,3355b542,csk,2015,2015
829735,87e562a9,csk,2015,2015
829735,4a8a2e3b,csk,2015,2015
829735,fe93fd9d,csk,2015,2015
829735,495d42a5,csk,2015,2015
829735,759ac88f,csk,2015,2015
829735,e0407c01,csk,2015,2015
829735,96fd40ae,csk,2015,2015
829735,29e95537,rr,2015,2015
829735,4329fbb5,rr,2015,2015
829735,30a45b23,rr,2015,2015
829735,944533a5,rr,2015,2015
829735,a4cc73aa,rr,2015,2015
829735,bd17b45f,rr,2015,2015
829735,73ad96ed,rr,2015,2015
829735,808f425a,rr,2015,2015
829735,fb66ce1f,rr,2015,2015
829735,6aed7e79,rr,2015,2015
829735,24d94623,rr,2015,2015
829737,89f64c19,mi,2015,2015
829737,b5da6c24,mi,2015,2015
829737,0c94f480,mi,2015,2015
829737,740742ef,mi,2015,2015
829737,a757b0d8,mi,2015,2015
829737,70d205c9,mi,2015,2015
829737,8b5b6769,mi,2015,2015
829737,dbe50b21,mi,2015,2015
829737,462411b3,mi,2015,2015
829737,51a3c5ef,mi,2015,2015
829737,a12e1d51,mi,2015,2015
829737,db584dad,rcb,2015,2015
829737,5afd4539,rcb,2015,2015
829737,ba607b88,rcb,2015,2015
829737,c03f1114,rcb,2015,2015
829737,c4487b84,rcb,2015,2015
829737,cad00a4d,rcb,2015,2015
829737,aa8d28ae,rcb,2015,2015
829737,85aae393,rcb,2015,2015
829737,2af1b6d2,rcb,2015,2015
829737,0a3d54b9,rcb,2015,2015
829737,57ee1fde,rcb,2015,2015
829739,00ea847a,dc,2015,2015
829739,85ec8e33,dc,2015,2015
829739,2e8994e7,dc,2015,2015
829739,26e5cabf,dc,2015,2015
829739,1c914163,dc,2015,2015
829739,896d78ad,dc,2015,2015
829739,99d63244,dc,2015,2015
829739,56ab442f,dc,2015,2015
829739,6b19d823,dc,2015,2015
829739,acee4cc4,dc,2015,2015
829739,2c76b512,dc,2015,2015
829739,1c17e270,kkr,2015,2015
829739,bb345e0b,kkr,2015,2015
829739,93b4fc78,kkr,2015,2015
829739,271f83cd,kkr,2015,2015
829739,3c6ffae8,kkr,2015,2015
829739,4ec07775,kkr,2015,2015
829739,bbd41817,kkr,2015,2015
829739,98ae73b1,kkr,2015,2015
829739,9d430b40,kkr,2015,2015
829739,5bb5a915,kkr,2015,2015
829739,cc1e8c68,kkr,2015,2015
829741,4b57e452,pbks,2015,2015
829741,8ba8195d,pbks,2015,2015
829741,508a1ea7,pbks,2015,2015
829741,b681e71e,pbks,2015,2015
829741,d67d5f00,pbks,2015,2015
829741,fe11caa6,pbks,2015,2015
829741,2e171977,pbks,2015,2015
829741,f5180fe6,pbks,2015,2015
829741,69be866a,pbks,2015,2015
829741,6f49cc6e,pbks,2015,2015
829741,ce820073,pbks,2015,2015
829741,29e95537,rr,2015,2015
829741,4329fbb5,rr,2015,2015
829741,73ad96ed,rr,2015,2015
829741,30a45b23,rr,2015,2015
829741,944533a5,rr,2015,2015
829741,808f425a,rr,2015,2015
829741,bd17b45f,rr,2015,2015
829741,a4cc73aa,rr,2015,2015
829741,fb66ce1f,rr,2015,2015
829741,39a2dfa8,rr,2015,2015
829741,6aed7e79,rr,2015,2015
829743,1c17e270,kkr,2015,2015
829743,bb345e0b,kkr,2015,2015
829743,93b4fc78,kkr,2015,2015
829743,bbd41817,kkr,2015,2015
829743,3c6ffae8,kkr,2015,2015
829743,271f83cd,kkr,2015,2015
829743,7c503806,kkr,2015,2015
829743,98ae73b1,kkr,2015,2015
829743,9d430b40,kkr,2015,2015
829743,5bb5a915,kkr,2015,2015
829743,cc1e8c68,kkr,2015,2015
829743,0a476045,srh,2015,2015
829743,dcce6f09,srh,2015,2015
829743,7ca5e05d,srh,2015,2015
829743,890946a0,srh,2015,2015
829743,32198ae0,srh,2015,2015
829743,b17e2f24,srh,2015,2015
829743,119678fd,srh,2015,2015
829743,c18496e1,srh,2015,2015
829743,e938e1bc,srh,2015,2015
829743,2e81a32d,srh,2015,2015
829743,8fd1a8f5,srh,2015,2015
829745,35205dfc,csk,2015,2015
829745,b8a55852,csk,2015,2015
829745,1dc12ab9,csk,2015,2015
829745,4a8a2e3b,csk,2015,2015
829745,fe93fd9d,csk,2015,2015
829745,3355b542,csk,2015,2015
829745,87e562a9,csk,2015,2015
829745,495d42a5,csk,2015,2015
829745,759ac88f,csk,2015,2015
829745,96fd40ae,csk,2015,2015
829745,e0407c01,csk,2015,2015
829745,5afd4539,rcb,2015,2015
829745,cad00a4d,rcb,2015,2015
829745,ba607b88,rcb,2015,2015
829745,c03f1114,rcb,2015,2015
829745,c4487b84,rcb,2015,2015
829745,f088b960,rcb,2015,2015
829745,aa8d28ae,rcb,2015,2015
829745,f986ca1a,rcb,2015,2015
829745,3fb19989,rcb,2015,2015
829745,85aae393,rcb,2015,2015
829745,57ee1fde,rcb,2015,2015
829747,00ea847a,dc,2015,2015
829747,85ec8e33,dc,2015,2015
829747,2e8994e7,dc,2015,2015
829747,896d78ad,dc,2015,2015
829747,1c914163,dc,2015,2015
829747,99d63244,dc,2015,2015
829747,56ab442f,dc,2015,2015
829747,6b19d823,dc,2015,2015
829747,9d80c5e1,dc,2015,2015
829747,acee4cc4,dc,2015,2015
829747,2c76b512,dc,2015,2015
829747,89f64c19,mi,2015,2015
829747,b5da6c24,mi,2015,2015
829747,0c94f480,mi,2015,2015
829747,740742ef,mi,2015,2015
829747,a757b0d8,mi,2015,2015
829747,70d205c9,mi,2015,2015
829747,dbe50b21,mi,2015,2015
829747,8b5b6769,mi,2015,2015
829747,51a3c5ef,mi,2015,2015
829747,a12e1d51,mi,2015,2015
829747,462411b3,mi,2015,2015
829749,29e95537,rr,2015,2015
829749,4329fbb5,rr,2015,2015
829749,30a45b23,rr,2015,2015
829749,944533a5,rr,2015,2015
829749,73ad96ed,rr,2015,2015
829749,a4cc73aa,rr,2015,2015
829749,bd17b45f,rr,2015,2015
829749,808f425a,rr,2015,2015
829749,fb66ce1f,rr,2015,2015
829749,d2a989fc,rr,2015,2015
829749,6aed7e79,rr,2015,2015
829749,db584dad,rcb,2015,2015
829749,ba607b88,rcb,2015,2015
829749,c4487b84,rcb,2015,2015
829749,c3a96caf,rcb,2015,2015
829749,c03f1114,rcb,2015,2015
829749,f088b960,rcb,2015,2015
829749,aa8d28ae,rcb,2015,2015
829749,f986ca1a,rcb,2015,2015
829749,3fb19989,rcb,2015,2015
829749,85aae393,rcb,2015,2015
829749,57ee1fde,rcb,2015,2015
829751,89f64c19,mi,2015,2015
829751,b5da6c24,mi,2015,2015
829751,0c94f480,mi,2015,2015
829751,740742ef,mi,2015,2015
829751,a757b0d8,mi,2015,2015
829751,70d205c9,mi,2015,2015
829751,8b5b6769,mi,2015,2015
829751,4125d931,mi,2015,2015
829751,41eb4a4f,mi,2015,2015
829751,51a3c5ef,mi,2015,2015
829751,a12e1d51,mi,2015,2015
829751,0a476045,srh,2015,2015
829751,dcce6f09,srh,2015,2015
829751,b17e2f24,srh,2015,2015
829751,890946a0,srh,2015,2015
829751,7ca5e05d,srh,2015,2015
829751,94253925,srh,2015,2015
829751,119678fd,srh,2015,2015
829751,e938e1bc,srh,2015,2015
829751,8fd1a8f5,srh,2015,2015
829751,2e81a32d,srh,2015,2015
829751,a818c1be,srh,2015,2015
829753,35205dfc,csk,2015,2015
829753,b8a55852,csk,2015,2015
829753,1dc12ab9,csk,2015,2015
829753,4a8a2e3b,csk,2015,2015
829753,fe93fd9d,csk,2015,2015
829753,3355b542,csk,2015,2015
829753,87e562a9,csk,2015,2015
829753,495d42a5,csk,2015,2015
829753,759ac88f,csk,2015,2015
829753,e0407c01,csk,2015,2015
829753,96fd40ae,csk,2015,2015
829753,4b57e452,pbks,2015,2015
829753,8ba8195d,pbks,2015,2015
829753,508a1ea7,pbks,2015,2015
829753,5056011d,pbks,2015,2015
829753,d67d5f00,pbks,2015,2015
829753,fe11caa6,pbks,2015,2015
829753,2e171977,pbks,2015,2015
829753,f5180fe6,pbks,2015,2015
829753,69be866a,pbks,2015,2015
829753,1647bd37,pbks,2015,2015
829753,ce820073,pbks,2015,2015
829757,00ea847a,dc,2015,2015
829757,85ec8e33,dc,2015,2015
829757,2e8994e7,dc,2015,2015
829757,1c914163,dc,2015,2015
829757,896d78ad,dc,2015,2015
829757,99d63244,dc,2015,2015
829757,56ab442f,dc,2015,2015
829757,6b19d823,dc,2015,2015
829757,9d80c5e1,dc,2015,2015
829757,acee4cc4,dc,2015,2015
829757,2c76b512,dc,2015,2015
829757,db584dad,rcb,2015,2015
829757,ba607b88,rcb,2015,2015
829757,c4487b84,rcb,2015,2015
829757,c3a96caf,rcb,2015,2015
829757,c03f1114,rcb,2015,2015
829757,f088b960,rcb,2015,2015
829757,aa8d28ae,rcb,2015,2015
829757,f986ca1a,rcb,2015,2015
829757,3fb19989,rcb,2015,2015
829757,85aae393,rcb,2015,2015
829757,0a3d54b9,rcb,2015,2015
829759,4b57e452,pbks,2015,2015
829759,c03e2850,pbks,2015,2015
829759,508a1ea7,pbks,2015,2015
829759,5056011d,pbks,2015,2015
829759,d67d5f00,pbks,2015,2015
829759,fe11caa6,pbks,2015,2015
829759,2e171977,pbks,2015,2015
829759,26a85969,pbks,2015,2015
829759,f5180fe6,pbks,2015,2015
829759,69be866a,pbks,2015,2015
829759,ce820073,pbks,2015,2015
829759,dcce6f09,srh,2015,2015
829759,0a476045,srh,2015,2015
829759,94253925,srh,2015,2015
829759,32198ae0,srh,2015,2015
829759,890946a0,srh,2015,2015
829759,7ca5e05d,srh,2015,2015
829759,1c2a64cd,srh,2015,2015
829759,119678fd,srh,2015,2015
829759,e938e1bc,srh,2015,2015
829759,2e81a32d,srh,2015,2015
829759,a818c1be,srh,2015,2015
829761,26e5cabf,dc,2015,2015
829761,85ec8e33,dc,2015,2015
829761,2e8994e7,dc,2015,2015
829761,99d63244,dc,2015,2015
829761,1c914163,dc,2015,2015
829761,896d78ad,dc,2015,2015
829761,709b0bac,dc,2015,2015
829761,c3d35165,dc,2015,2015
829761,6b19d823,dc,2015,2015
829761,acee4cc4,dc,2015,2015
829761,91a4a398,dc,2015,2015
829761,1c17e270,kkr,2015,2015
829761,bb345e0b,kkr,2015,2015
829761,93b4fc78,kkr,2015,2015
829761,98ae73b1,kkr,2015,2015
829761,3c6ffae8,kkr,2015,2015
829761,bbd41817,kkr,2015,2015
829761,271f83cd,kkr,2015,2015
829761,7c503806,kkr,2015,2015
829761,f708a0bc,kkr,2015,2015
829761,cc1e8c68,kkr,2015,2015
829761,9d430b40,kkr,2015,2015
829763,29e95537,rr,2015,2015
829763,4329fbb5,rr,2015,2015
829763,30a45b23,rr,2015,2015
829763,944533a5,rr,2015,2015
829763,a4cc73aa,rr,2015,2015
829763,bd17b45f,rr,2015,2015
829763,73ad96ed,rr,2015,2015
829763,808f425a,rr,2015,2015
829763,6aed7e79,rr,2015,2015
829763,d2a989fc,rr,2015,2015
829763,13c35c9e,rr,2015,2015
829763,db584dad,rcb,2015,2015
829763,ba607b88,rcb,2015,2015
829763,c4487b84,rcb,2015,2015
829763,c3a96caf,rcb,2015,2015
829763,c03f1114,rcb,2015,2015
829763,f088b960,rcb,2015,2015
829763,aa8d28ae,rcb,2015,2015
829763,f986ca1a,rcb,2015,2015
829763,3fb19989,rcb,2015,2015
829763,0a3d54b9,rcb,2015,2015
829763,57ee1fde,rcb,2015,2015
829765,35205dfc,csk,2015,2015
829765,b8a55852,csk,2015,2015
829765,1dc12ab9,csk,2015,2015
829765,3355b542,csk,2015,2015
829765,4a8a2e3b,csk,2015,2015
829765,87e562a9,csk,2015,2015
829765,fe93fd9d,csk,2015,2015
829765,495d42a5,csk,2015,2015
829765,759ac88f,csk,2015,2015
829765,e0407c01,csk,2015,2015
829765,96fd40ae,csk,2015,2015
829765,1c17e270,kkr,2015,2015
829765,bb345e0b,kkr,2015,2015
829765,93b4fc78,kkr,2015,2015
829765,271f83cd,kkr,2015,2015
829765,3c6ffae8,kkr,2015,2015
829765,4ec07775,kkr,2015,2015
829765,bbd41817,kkr,2015,2015
829765,ded9240e,kkr,2015,2015
829765,98ae73b1,kkr,2015,2015
829765,cc1e8c68,kkr,2015,2015
829765,f708a0bc,kkr,2015,2015
829767,00ea847a,dc,2015,2015
829767,85ec8e33,dc,2015,2015
829767,709b0bac,dc,2015,2015
829767,2e8994e7,dc,2015,2015
829767,1c914163,dc,2015,2015
829767,896d78ad,dc,2015,2015
829767,99d63244,dc,2015,2015
829767,56ab442f,dc,2015,2015
829767,6b19d823,dc,2015,2015
829767,91a4a398,dc,2015,2015
829767,acee4cc4,dc,2015,2015
829767,8ba8195d,pbks,2015,2015
829767,c03e2850,pbks,2015,2015
829767,508a1ea7,pbks,2015,2015
829767,fe11caa6,pbks,2015,2015
829767,d67d5f00,pbks,2015,2015
829767,5056011d,pbks,2015,2015
829767,0f12f9df,pbks,2015,2015
829767,2e171977,pbks,2015,2015
829767,1abb78f8,pbks,2015,2015
829767,69be866a,pbks,2015,2015
829767,ce820073,pbks,2015,2015
829769,89f64c19,mi,2015,2015
829769,b5da6c24,mi,2015,2015
829769,0c94f480,mi,2015,2015
829769,740742ef,mi,2015,2015
829769,70d205c9,mi,2015,2015
829769,a757b0d8,mi,2015,2015
829769,8b5b6769,mi,2015,2015
829769,4125d931,mi,2015,2015
829769,41eb4a4f,mi,2015,2015
829769,51a3c5ef,mi,2015,2015
829769,a12e1d51,mi,2015,2015
829769,29e95537,rr,2015,2015
829769,4329fbb5,rr,2015,2015
829769,a4cc73aa,rr,2015,2015
829769,30a45b23,rr,2015,2015
829769,944533a5,rr,2015,2015
829769,bd17b45f,rr,2015,2015
829769,73ad96ed,rr,2015,2015
829769,13c35c9e,rr,2015,2015
829769,dec8e038,rr,2015,2015
829769,d2a989fc,rr,2015,2015
829769,24d94623,rr,2015,2015
829771,1c17e270,kkr,2015,2015
829771,bb345e0b,kkr,2015,2015
829771,bbd41817,kkr,2015,2015
829771,4ec07775,kkr,2015,2015
829771,3c6ffae8,kkr,2015,2015
829771,271f83cd,kkr,2015,2015
829771,93b4fc78,kkr,2015,2015
829771,ded9240e,kkr,2015,2015
829771,98ae73b1,kkr,2015,2015
829771,f708a0bc,kkr,2015,2015
829771,cc1e8c68,kkr,2015,2015
829771,db584dad,rcb,2015,2015
829771,ba607b88,rcb,2015,2015
829771,c4487b84,rcb,2015,2015
829771,c3a96caf,rcb,2015,2015
829771,aa8d28ae,rcb,2015,2015
829771,c03f1114,rcb,2015,2015
829771,f088b960,rcb,2015,2015
829771,f986ca1a,rcb,2015,2015
829771,3fb19989,rcb,2015,2015
829771,0a3d54b9,rcb,2015,2015
829771,57ee1fde,rcb,2015,2015
829773,35205dfc,csk,2015,2015
829773,b8a55852,csk,2015,2015
829773,1dc12ab9,csk,2015,2015
829773,3355b542,csk,2015,2015
829773,4a8a2e3b,csk,2015,2015
829773,f62772e5,csk,2015,2015
829773,87e562a9,csk,2015,2015
829773,fe93fd9d,csk,2015,2015
829773,759ac88f,csk,2015,2015
829773,96fd40ae,csk,2015,2015
829773,b2b23612,csk,2015,2015
829773,dcce6f09,srh,2015,2015
829773,0a476045,srh,2015,2015
829773,32198ae0,srh,2015,2015
829773,d2a6c0e6,srh,2015,2015
829773,890946a0,srh,2015,2015
829773,1c2a64cd,srh,2015,2015
829773,94253925,srh,2015,2015
829773,119678fd,srh,2015,2015
829773,2e81a32d,srh,2015,2015
829773,e938e1bc,srh,2015,2015
829773,a818c1be,srh,2015,2015
829775,4b57e452,pbks,2015,2015
829775,8ba8195d,pbks,2015,2015
829775,b681e71e,pbks,2015,2015
829775,d67d5f00,pbks,2015,2015
829775,5056011d,pbks,2015,2015
829775,fe11caa6,pbks,2015,2015
829775,2e171977,pbks,2015,2015
829775,f5180fe6,pbks,2015,2015
829775,69be866a,pbks,2015,2015
829775,ce820073,pbks,2015,2015
829775,1647bd37,pbks,2015,2015
829775,89f64c19,mi,2015,2015
829775,b5da6c24,mi,2015,2015
829775,740742ef,mi,2015,2015
829775,a757b0d8,mi,2015,2015
829775,70d205c9,mi,2015,2015
829775,0c94f480,mi,2015,2015
829775,8b5b6769,mi,2015,2015
829775,4125d931,mi,2015,2015
829775,41eb4a4f,mi,2015,2015
829775,51a3c5ef,mi,2015,2015
829775,a12e1d51,mi,2015,2015
829777,00ea847a,dc,2015,2015
829777,85ec8e33,dc,2015,2015
829777,2e8994e7,dc,2015,2015
829777,1c914163,dc,2015,2015
829777,896d78ad,dc,2015,2015
829777,99d63244,dc,2015,2015
829777,709b0bac,dc,2015,2015
829777,56ab442f,dc,2015,2015
829777,6b19d823,dc,2015,2015
829777,91a4a398,dc,2015,2015
829777,1558d83b,dc,2015,2015
829777,29e95537,rr,2015,2015
829777,4329fbb5,rr,2015,2015
829777,944533a5,rr,2015,2015
829777,808f425a,rr,2015,2015
829777,30a45b23,rr,2015,2015
829777,a4cc73aa,rr,2015,2015
829777,bd17b45f,rr,2015,2015
829777,73ad96ed,rr,2015,2015
829777,13c35c9e,rr,2015,2015
829777,d2a989fc,rr,2015,2015
829777,33a364a6,rr,2015,2015
829779,35205dfc,csk,2015,2015
829779,b8a55852,csk,2015,2015
829779,1dc12ab9,csk,2015,2015
829779,3355b542,csk,2015,2015
829779,4a8a2e3b,csk,2015,2015
829779,fe93fd9d,csk,2015,2015
829779,f62772e5,csk,2015,2015
829779,87e562a9,csk,2015,2015
829779,759ac88f,csk,2015,2015
829779,96fd40ae,csk,2015,2015
829779,e0407c01,csk,2015,2015
829779,44afbf2d,rcb,2015,2015
829779,ba607b88,rcb,2015,2015
829779,c4487b84,rcb,2015,2015
829779,c3a96caf,rcb,2015,2015
829779,c03f1114,rcb,2015,2015
829779,f088b960,rcb,2015,2015
829779,aa8d28ae,rcb,2015,2015
829779,f986ca1a,rcb,2015,2015
829779,3fb19989,rcb,2015,2015
829779,85aae393,rcb,2015,2015
829779,57ee1fde,rcb,2015,2015
829781,1c17e270,kkr,2015,2015
829781,bb345e0b,kkr,2015,2015
829781,93b4fc78,kkr,2015,2015
829781,bbd41817,kkr,2015,2015
829781,4ec07775,kkr,2015,2015
829781,3c6ffae8,kkr,2015,2015
829781,7c503806,kkr,2015,2015
829781,271f83cd,kkr,2015,2015
829781,98ae73b1,kkr,2015,2015
829781,f708a0bc,kkr,2015,2015
829781,cc1e8c68,kkr,2015,2015
829781,dcce6f09,srh,2015,2015
829781,0a476045,srh,2015,2015
829781,890946a0,srh,2015,2015
829781,32198ae0,srh,2015,2015
829781,d2a6c0e6,srh,2015,2015
829781,94253925,srh,2015,2015
829781,c18496e1,srh,2015,2015
829781,119678fd,srh,2015,2015
829781,e938e1bc,srh,2015,2015
829781,2e81a32d,srh,2015,2015
829781,8fd1a8f5,srh,2015,2015
829783,00ea847a,dc,2015,2015
829783,85ec8e33,dc,2015,2015
829783,2e8994e7,dc,2015,2015
829783,99d63244,dc,2015,2015
829783,1c914163,dc,2015,2015
829783,896d78ad,dc,2015,2015
829783,709b0bac,dc,2015,2015
829783,56ab442f,dc,2015,2015
829783,6b19d823,dc,2015,2015
829783,acee4cc4,dc,2015,2015
829783,91a4a398,dc,2015,2015
829783,89f64c19,mi,2015,2015
829783,b5da6c24,mi,2015,2015
829783,dbe50b21,mi,2015,2015
829783,740742ef,mi,2015,2015
829783,8b5b6769,mi,2015,2015
829783,70d205c9,mi,2015,2015
829783,a757b0d8,mi,2015,2015
829783,4125d931,mi,2015,2015
829783,41eb4a4f,mi,2015,2015
829783,51a3c5ef,mi,2015,2015
829783,a12e1d51,mi,2015,2015
829785,4b57e452,pbks,2015,2015
829785,c03e2850,pbks,2015,2015
829785,fe11caa6,pbks,2015,2015
829785,b681e71e,pbks,2015,2015
829785,d67d5f00,pbks,2015,2015
829785,5056011d,pbks,2015,2015
829785,2e171977,pbks,2015,2015
829785,f5180fe6,pbks,2015,2015
829785,69be866a,pbks,2015,2015
829785,1647bd37,pbks,2015,2015
829785,ce820073,pbks,2015,2015
829785,db584dad,rcb,2015,2015
829785,ba607b88,rcb,2015,2015
829785,c4487b84,rcb,2015,2015
829785,c03f1114,rcb,2015,2015
829785,f088b960,rcb,2015,2015
829785,c3a96caf,rcb,2015,2015
829785,aa8d28ae,rcb,2015,2015
829785,3fb19989,rcb,2015,2015
829785,f986ca1a,rcb,2015,2015
829785,57ee1fde,rcb,2015,2015
829785,957532de,rcb,2015,2015
829787,29e95537,rr,2015,2015
829787,4329fbb5,rr,2015,2015
829787,30a45b23,rr,2015,2015
829787,944533a5,rr,2015,2015
829787,73ad96ed,rr,2015,2015
829787,808f425a,rr,2015,2015
829787,a4cc73aa,rr,2015,2015
829787,bd17b45f,rr,2015,2015
829787,fb66ce1f,rr,2015,2015
829787,d2a989fc,rr,2015,2015
829787,6aed7e79,rr,2015,2015
829787,0a476045,srh,2015,2015
829787,dcce6f09,srh,2015,2015
829787,32198ae0,srh,2015,2015
829787,d2a6c0e6,srh,2015,2015
829787,7ca5e05d,srh,2015,2015
829787,890946a0,srh,2015,2015
829787,94253925,srh,2015,2015
829787,119678fd,srh,2015,2015
829787,e938e1bc,srh,2015,2015
829787,2e81a32d,srh,2015,2015
829787,5bb1a1c4,srh,2015,2015
829789,35205dfc,csk,2015,2015
829789,b8a55852,csk,2015,2015
829789,1dc12ab9,csk,2015,2015
829789,3355b542,csk,2015,2015
829789,4a8a2e3b,csk,2015,2015
829789,f62772e5,csk,2015,2015
829789,fe93fd9d,csk,2015,2015
829789,87e562a9,csk,2015,2015
829789,495d42a5,csk,2015,2015
829789,759ac88f,csk,2015,2015
829789,96fd40ae,csk,2015,2015
829789,89f64c19,mi,2015,2015
829789,b5da6c24,mi,2015,2015
829789,740742ef,mi,2015,2015
829789,a757b0d8,mi,2015,2015
829789,70d205c9,mi,2015,2015
829789,dbe50b21,mi,2015,2015
829789,8b5b6769,mi,2015,2015
829789,4125d931,mi,2015,2015
829789,41eb4a4f,mi,2015,2015
829789,51a3c5ef,mi,2015,2015
829789,d4eef961,mi,2015,2015
829791,4b57e452,pbks,2015,2015
829791,c03e2850,pbks,2015,2015
829791,fe11caa6,pbks,2015,2015
829791,b681e71e,pbks,2015,2015
829791,d67d5f00,pbks,2015,2015
829791,6eb146d2,pbks,2015,2015
829791,5056011d,pbks,2015,2015
829791,2e171977,pbks,2015,2015
829791,b56dc5f7,pbks,2015,2015
829791,69be866a,pbks,2015,2015
829791,ce820073,pbks,2015,2015
829791,1c17e270,kkr,2015,2015
829791,bb345e0b,kkr,2015,2015
829791,93b4fc78,kkr,2015,2015
829791,271f83cd,kkr,2015,2015
829791,3c6ffae8,kkr,2015,2015
829791,bbd41817,kkr,2015,2015
829791,7c503806,kkr,2015,2015
829791,98ae73b1,kkr,2015,2015
829791,f708a0bc,kkr,2015,2015
829791,cc1e8c68,kkr,2015,2015
829791,9d430b40,kkr,2015,2015
829793,372455c4,dc,2015,2015
829793,85ec8e33,dc,2015,2015
829793,2e8994e7,dc,2015,2015
829793,1c914163,dc,2015,2015
829793,99d63244,dc,2015,2015
829793,709b0bac,dc,2015,2015
829793,c3d35165,dc,2015,2015
829793,81049310,dc,2015,2015
829793,56ab442f,dc,2015,2015
829793,6b19d823,dc,2015,2015
829793,91a4a398,dc,2015,2015
829793,0a476045,srh,2015,2015
829793,dcce6f09,srh,2015,2015
829793,32198ae0,srh,2015,2015
829793,d2a6c0e6,srh,2015,2015
829793,119678fd,srh,2015,2015
829793,7ca5e05d,srh,2015,2015
829793,890946a0,srh,2015,2015
829793,9170ff49,srh,2015,2015
829793,e938e1bc,srh,2015,2015
829793,2e81a32d,srh,2015,2015
829793,5bb1a1c4,srh,2015,2015
829795,b5da6c24,mi,2015,2015
829795,89f64c19,mi,2015,2015
829795,740742ef,mi,2015,2015
829795,a757b0d8,mi,2015,2015
829795,dbe50b21,mi,2015,2015
829795,70d205c9,mi,2015,2015
829795,8b5b6769,mi,2015,2015
829795,4125d931,mi,2015,2015
829795,51a3c5ef,mi,2015,2015
829795,a12e1d51,mi,2015,2015
829795,462411b3,mi,2015,2015
829795,db584dad,rcb,2015,2015
829795,ba607b88,rcb,2015,2015
829795,c4487b84,rcb,2015,2015
829795,c03f1114,rcb,2015,2015
829795,f088b960,rcb,2015,2015
829795,c3a96caf,rcb,2015,2015
829795,aa8d28ae,rcb,2015,2015
829795,3fb19989,rcb,2015,2015
829795,f986ca1a,rcb,2015,2015
829795,57ee1fde,rcb,2015,2015
829795,957532de,rcb,2015,2015
829797,35205dfc,csk,2015,2015
829797,b8a55852,csk,2015,2015
829797,1dc12ab9,csk,2015,2015
829797,3355b542,csk,2015,2015
829797,f62772e5,csk,2015,2015
829797,4a8a2e3b,csk,2015,2015
829797,87e562a9,csk,2015,2015
829797,fe93fd9d,csk,2015,2015
829797,495d42a5,csk,2015,2015
829797,759ac88f,csk,2015,2015
829797,96fd40ae,csk,2015,2015
829797,29e95537,rr,2015,2015
829797,4329fbb5,rr,2015,2015
829797,30a45b23,rr,2015,2015
829797,944533a5,rr,2015,2015
829797,73ad96ed,rr,2015,2015
829797,a4cc73aa,rr,2015,2015
829797,808f425a,rr,2015,2015
829797,fb66ce1f,rr,2015,2015
829797,33a364a6,rr,2015,2015
829797,24d94623,rr,2015,2015
829797,6aed7e79,rr,2015,2015
829799,4b57e452,pbks,2015,2015
829799,c03e2850,pbks,2015,2015
829799,fe11caa6,pbks,2015,2015
829799,b681e71e,pbks,2015,2015
829799,d67d5f00,pbks,2015,2015
829799,5056011d,pbks,2015,2015
829799,6eb146d2,pbks,2015,2015
829799,2e171977,pbks,2015,2015
829799,b56dc5f7,pbks,2015,2015
829799,69be866a,pbks,2015,2015
829799,ce820073,pbks,2015,2015
829799,dcce6f09,srh,2015,2015
829799,0a476045,srh,2015,2015
829799,32198ae0,srh,2015,2015
829799,d2a6c0e6,srh,2015,2015
829799,890946a0,srh,2015,2015
829799,b17e2f24,srh,2015,2015
829799,119678fd,srh,2015,2015
829799,c18496e1,srh,2015,2015
829799,2e81a32d,srh,2015,2015
829799,a818c1be,srh,2015,2015
829799,5bb1a1c4,srh,2015,2015
829801,35205dfc,csk,2015,2015
829801,b8a55852,csk,2015,2015
829801,1dc12ab9,csk,2015,2015
829801,3355b542,csk,2015,2015
829801,4a8a2e3b,csk,2015,2015
829801,87e562a9,csk,2015,2015
829801,f62772e5,csk,2015,2015
829801,fe93fd9d,csk,2015,2015
829801,495d42a5,csk,2015,2015
829801,759ac88f,csk,2015,2015
829801,e0407c01,csk,2015,2015
829801,372455c4,dc,2015,2015
829801,85ec8e33,dc,2015,2015
829801,2e8994e7,dc,2015,2015
829801,1c914163,dc,2015,2015
829801,c3d35165,dc,2015,2015
829801,99d63244,dc,2015,2015
829801,709b0bac,dc,2015,2015
829801,81049310,dc,2015,2015
829801,1558d83b,dc,2015,2015
829801,91a4a398,dc,2015,2015
829801,9d80c5e1,dc,2015,2015
829803,fe11caa6,pbks,2015,2015
829803,c03e2850,pbks,2015,2015
829803,b681e71e,pbks,2015,2015
829803,d67d5f00,pbks,2015,2015
829803,5056011d,pbks,2015,2015
829803,2e171977,pbks,2015,2015
829803,6eb146d2,pbks,2015,2015
829803,26a85969,pbks,2015,2015
829803,b56dc5f7,pbks,2015,2015
829803,69be866a,pbks,2015,2015
829803,ce820073,pbks,2015,2015
829803,db584dad,rcb,2015,2015
829803,ba607b88,rcb,2015,2015
829803,c4487b84,rcb,2015,2015
829803,c3a96caf,rcb,2015,2015
829803,c03f1114,rcb,2015,2015
829803,f088b960,rcb,2015,2015
829803,aa8d28ae,rcb,2015,2015
829803,f986ca1a,rcb,2015,2015
829803,3fb19989,rcb,2015,2015
829803,57ee1fde,rcb,2015,2015
829803,957532de,rcb,2015,2015
829805,1c17e270,kkr,2015,2015
829805,bb345e0b,kkr,2015,2015
829805,93b4fc78,kkr,2015,2015
829805,3c6ffae8,kkr,2015,2015
829805,7dc35884,kkr,2015,2015
829805,bbd41817,kkr,2015,2015
829805,271f83cd,kkr,2015,2015
829805,98ae73b1,kkr,2015,2015
829805,cc1e8c68,kkr,2015,2015
829805,5bb5a915,kkr,2015,2015
829805,9d430b40,kkr,2015,2015
829805,89f64c19,mi,2015,2015
829805,b5da6c24,mi,2015,2015
829805,740742ef,mi,2015,2015
829805,70d205c9,mi,2015,2015
829805,a757b0d8,mi,2015,2015
829805,dbe50b21,mi,2015,2015
829805,8b5b6769,mi,2015,2015
829805,4125d931,mi,2015,2015
829805,51a3c5ef,mi,2015,2015
829805,41eb4a4f,mi,2015,2015
829805,a12e1d51,mi,2015,2015
829807,db584dad,rcb,2015,2015
829807,ba607b88,rcb,2015,2015
829807,c4487b84,rcb,2015,2015
829807,c3a96caf,rcb,2015,2015
829807,c03f1114,rcb,2015,2015
829807,f088b960,rcb,2015,2015
829807,aa8d28ae,rcb,2015,2015
829807,3fb19989,rcb,2015,2015
829807,f986ca1a,rcb,2015,2015
829807,57ee1fde,rcb,2015,2015
829807,66b30f71,rcb,2015,2015
829807,dcce6f09,srh,2015,2015
829807,0a476045,srh,2015,2015
829807,32198ae0,srh,2015,2015
829807,d2a6c0e6,srh,2015,2015
829807,890946a0,srh,2015,2015
829807,b17e2f24,srh,2015,2015
829807,c18496e1,srh,2015,2015
829807,119678fd,srh,2015,2015
829807,2e81a32d,srh,2015,2015
829807,e938e1bc,srh,2015,2015
829807,8fd1a8f5,srh,2015,2015
829809,48fd7349,csk,2015,2015
829809,b8a55852,csk,2015,2015
829809,3355b542,csk,2015,2015
829809,1dc12ab9,csk,2015,2015
829809,4a8a2e3b,csk,2015,2015
829809,87e562a9,csk,2015,2015
829809,f62772e5,csk,2015,2015
829809,fe93fd9d,csk,2015,2015
829809,495d42a5,csk,2015,2015
829809,96fd40ae,csk,2015,2015
829809,e0407c01,csk,2015,2015
829809,fe11caa6,pbks,2015,2015
829809,c03e2850,pbks,2015,2015
829809,5056011d,pbks,2015,2015
829809,b681e71e,pbks,2015,2015
829809,6eb146d2,pbks,2015,2015
829809,d67d5f00,pbks,2015,2015
829809,2e171977,pbks,2015,2015
829809,26a85969,pbks,2015,2015
829809,b56dc5f7,pbks,2015,2015
829809,69be866a,pbks,2015,2015
829809,ce820073,pbks,2015,2015
829811,1c17e270,kkr,2015,2015
829811,bb345e0b,kkr,2015,2015
829811,93b4fc78,kkr,2015,2015
829811,3c6ffae8,kkr,2015,2015
829811,bbd41817,kkr,2015,2015
829811,271f83cd,kkr,2015,2015
829811,7dc35884,kkr,2015,2015
829811,9a158001,kkr,2015,2015
829811,98ae73b1,kkr,2015,2015
829811,cc1e8c68,kkr,2015,2015
829811,5bb5a915,kkr,2015,2015
829811,29e95537,rr,2015,2015
829811,4329fbb5,rr,2015,2015
829811,30a45b23,rr,2015,2015
829811,a4cc73aa,rr,2015,2015
829811,808f425a,rr,2015,2015
829811,944533a5,rr,2015,2015
829811,fb66ce1f,rr,2015,2015
829811,73ad96ed,rr,2015,2015
829811,bd17b45f,rr,2015,2015
829811,d2a989fc,rr,2015,2015
829811,d8b2f218,rr,2015,2015
829813,372455c4,dc,2015,2015
829813,85ec8e33,dc,2015,2015
829813,2e8994e7,dc,2015,2015
829813,1c914163,dc,2015,2015
829813,99d63244,dc,2015,2015
829813,896d78ad,dc,2015,2015
829813,709b0bac,dc,2015,2015
829813,81049310,dc,2015,2015
829813,9d80c5e1,dc,2015,2015
829813,1558d83b,dc,2015,2015
829813,91a4a398,dc,2015,2015
829813,ba607b88,rcb,2015,2015
829813,db584dad,rcb,2015,2015
829813,c4487b84,rcb,2015,2015
829813,c3a96caf,rcb,2015,2015
829813,c03f1114,rcb,2015,2015
829813,f088b960,rcb,2015,2015
829813,aa8d28ae,rcb,2015,2015
829813,3fb19989,rcb,2015,2015
829813,f986ca1a,rcb,2015,2015
829813,57ee1fde,rcb,2015,2015
829813,66b30f71,rcb,2015,2015
829815,89f64c19,mi,2015,2015
829815,b5da6c24,mi,2015,2015
829815,740742ef,mi,2015,2015
829815,70d205c9,mi,2015,2015
829815,a757b0d8,mi,2015,2015
829815,dbe50b21,mi,2015,2015
829815,8b5b6769,mi,2015,2015
829815,4125d931,mi,2015,2015
829815,51a3c5ef,mi,2015,2015
829815,41eb4a4f,mi,2015,2015
829815,a12e1d51,mi,2015,2015
829815,dcce6f09,srh,2015,2015
829815,0a476045,srh,2015,2015
829815,32198ae0,srh,2015,2015
829815,d2a6c0e6,srh,2015,2015
829815,b17e2f24,srh,2015,2015
829815,890946a0,srh,2015,2015
829815,119678fd,srh,2015,2015
829815,1c2a64cd,srh,2015,2015
829815,2e81a32d,srh,2015,2015
829815,e938e1bc,srh,2015,2015
829815,8fd1a8f5,srh,2015,2015
829817,35205dfc,csk,2015,2015
829817,48fd7349,csk,2015,2015
829817,3355b542,csk,2015,2015
829817,1dc12ab9,csk,2015,2015
829817,4a8a2e3b,csk,2015,2015
829817,87e562a9,csk,2015,2015
829817,fe93fd9d,csk,2015,2015
829817,f62772e5,csk,2015,2015
829817,495d42a5,csk,2015,2015
829817,759ac88f,csk,2015,2015
829817,96fd40ae,csk,2015,2015
829817,89f64c19,mi,2015,2015
829817,b5da6c24,mi,2015,2015
829817,740742ef,mi,2015,2015
829817,a757b0d8,mi,2015,2015
829817,dbe50b21,mi,2015,2015
829817,70d205c9,mi,2015,2015
829817,8b5b6769,mi,2015,2015
829817,4125d931,mi,2015,2015
829817,51a3c5ef,mi,2015,2015
829817,41eb4a4f,mi,2015,2015
829817,a12e1d51,mi,2015,2015
829819,29e95537,rr,2015,2015
829819,4329fbb5,rr,2015,2015
829819,a4cc73aa,rr,2015,2015
829819,30a45b23,rr,2015,2015
829819,944533a5,rr,2015,2015
829819,73ad96ed,rr,2015,2015
829819,808f425a,rr,2015,2015
829819,bd17b45f,rr,2015,2015
829819,fb66ce1f,rr,2015,2015
829819,24d94623,rr,2015,2015
829819,d2a989fc,rr,2015,2015
829819,db584dad,rcb,2015,2015
829819,ba607b88,rcb,2015,2015
829819,c4487b84,rcb,2015,2015
829819,c3a96caf,rcb,2015,2015
829819,c03f1114,rcb,2015,2015
829819,f088b960,rcb,2015,2015
829819,aa8d28ae,rcb,2015,2015
829819,3fb19989,rcb,2015,2015
829819,f986ca1a,rcb,2015,2015
829819,57ee1fde,rcb,2015,2015
829819,957532de,rcb,2015,2015
829821,35205dfc,csk,2015,2015
829821,48fd7349,csk,2015,2015
829821,3355b542,csk,2015,2015
829821,1dc12ab9,csk,2015,2015
829821,4a8a2e3b,csk,2015,2015
829821,f62772e5,csk,2015,2015
829821,87e562a9,csk,2015,2015
829821,fe93fd9d,csk,2015,2015
829821,495d42a5,csk,2015,2015
829821,759ac88f,csk,2015,2015
829821,96fd40ae,csk,2015,2015
829821,db584dad,rcb,2015,2015
829821,ba607b88,rcb,2015,2015
829821,c4487b84,rcb,2015,2015
829821,c3a96caf,rcb,2015,2015
829821,c03f1114,rcb,2015,2015
829821,f088b960,rcb,2015,2015
829821,aa8d28ae,rcb,2015,2015
829821,f986ca1a,rcb,2015,2015
829821,3fb19989,rcb,2015,2015
829821,957532de,rcb,2015,2015
829821,57ee1fde,rcb,2015,2015
829823,35205dfc,csk,2015,2015
829823,48fd7349,csk,2015,2015
829823,1dc12ab9,csk,2015,2015
829823,4a8a2e3b,csk,2015,2015
829823,87e562a9,csk,2015,2015
829823,f62772e5,csk,2015,2015
829823,3355b542,csk,2015,2015
829823,fe93fd9d,csk,2015,2015
829823,495d42a5,csk,2015,2015
829823,759ac88f,csk,2015,2015
829823,96fd40ae,csk,2015,2015
829823,89f64c19,mi,2015,2015
829823,b5da6c24,mi,2015,2015
829823,740742ef,mi,2015,2015
829823,a757b0d8,mi,2015,2015
829823,70d205c9,mi,2015,2015
829823,dbe50b21,mi,2015,2015
829823,8b5b6769,mi,2015,2015
829823,4125d931,mi,2015,2015
829823,51a3c5ef,mi,2015,2015
829823,41eb4a4f,mi,2015,2015
829823,a12e1d51,mi,2015,2015
980901,89f64c19,mi,2016,2016
980901,740742ef,mi,2016,2016
980901,dbe50b21,mi,2016,2016
980901,99b75528,mi,2016,2016
980901,70d205c9,mi,2016,2016
980901,a757b0d8,mi,2016,2016
980901,7a8bd078,mi,2016,2016
980901,8b5b6769,mi,2016,2016
980901,41eb4a4f,mi,2016,2016
980901,51a3c5ef,mi,2016,2016
980901,462411b3,mi,2016,2016
980901,29e95537,rps,2016,2016
980901,3355b542,rps,2016,2016
980901,39f01cdb,rps,2016,2016
980901,4a8a2e3b,rps,2016,2016
980901,30a45b23,rps,2016,2016
980901,33a364a6,rps,2016,2016
980901,3d8feaf8,rps,2016,2016
980901,495d42a5,rps,2016,2016
980901,5bb1a1c4,rps,2016,2016
980901,e2db2409,rps,2016,2016
980901,c3d1402f,rps,2016,2016
980903,00ea847a,dc,2016,2016
980903,372455c4,dc,2016,2016
980903,85ec8e33,dc,2016,2016
980903,944533a5,dc,2016,2016
980903,a4cc73aa,dc,2016,2016
980903,f62772e5,dc,2016,2016
980903,e342e5fb,dc,2016,2016
980903,fb66ce1f,dc,2016,2016
980903,56ab442f,dc,2016,2016
980903,6b19d823,dc,2016,2016
980903,91a4a398,dc,2016,2016
980903,1c17e270,kkr,2016,2016
980903,bb345e0b,kkr,2016,2016
980903,93b4fc78,kkr,2016,2016
980903,af2c687b,kkr,2016,2016
980903,271f83cd,kkr,2016,2016
980903,3c6ffae8,kkr,2016,2016
980903,bbd41817,kkr,2016,2016
980903,98ae73b1,kkr,2016,2016
980903,012829ff,kkr,2016,2016
980903,f708a0bc,kkr,2016,2016
980903,cc1e8c68,kkr,2016,2016
980905,b8d490fd,gl,2016,2016
980905,b8a55852,gl,2016,2016
980905,1dc12ab9,gl,2016,2016
980905,c03f1114,gl,2016,2016
980905,fe93fd9d,gl,2016,2016
980905,752f7486,gl,2016,2016
980905,87e562a9,gl,2016,2016
980905,808f425a,gl,2016,2016
980905,e938e1bc,gl,2016,2016
980905,9fc0ef64,gl,2016,2016
980905,fb693839,gl,2016,2016
980905,4b57e452,pbks,2016,2016
980905,c03e2850,pbks,2016,2016
980905,d67d5f00,pbks,2016,2016
980905,b681e71e,pbks,2016,2016
980905,fe11caa6,pbks,2016,2016
980905,d9273ee7,pbks,2016,2016
980905,2e171977,pbks,2016,2016
980905,f5180fe6,pbks,2016,2016
980905,9a0146b3,pbks,2016,2016
980905,759ac88f,pbks,2016,2016
980905,ce820073,pbks,2016,2016
980907,db584dad,rcb,2016,2016
980907,ba607b88,rcb,2016,2016
980907,c4487b84,rcb,2016,2016
980907,4329fbb5,rcb,2016,2016
980907,f088b960,rcb,2016,2016
980907,99d63244,rcb,2016,2016
980907,bd17b45f,rcb,2016,2016
980907,9170ff49,rcb,2016,2016
980907,f986ca1a,rcb,2016,2016
980907,350bb1b1,rcb,2016,2016
980907,57ee1fde,rcb,2016,2016
980907,dcce6f09,srh,2016,2016
980907,0a476045,srh,2016,2016
980907,32198ae0,srh,2016,2016
980907,890946a0,srh,2016,2016
980907,73ad96ed,srh,2016,2016
980907,d2a6c0e6,srh,2016,2016
980907,1c2a64cd,srh,2016,2016
980907,119678fd,srh,2016,2016
980907,96fd40ae,srh,2016,2016
980907,2e81a32d,srh,2016,2016
980907,0a8fce53,srh,2016,2016
980909,1c17e270,kkr,2016,2016
980909,bb345e0b,kkr,2016,2016
980909,93b4fc78,kkr,2016,2016
980909,bbd41817,kkr,2016,2016
980909,3c6ffae8,kkr,2016,2016
980909,af2c687b,kkr,2016,2016
980909,271f83cd,kkr,2016,2016
980909,98ae73b1,kkr,2016,2016
980909,012829ff,kkr,2016,2016
980909,8d2c70ad,kkr,2016,2016
980909,f708a0bc,kkr,2016,2016
980909,740742ef,mi,2016,2016
980909,b5da6c24,mi,2016,2016
980909,dbe50b21,mi,2016,2016
980909,51a3c5ef,mi,2016,2016
980909,99b75528,mi,2016,2016
980909,a757b0d8,mi,2016,2016
980909,70d205c9,mi,2016,2016
980909,8b5b6769,mi,2016,2016
980909,4125d931,mi,2016,2016
980909,13c35c9e,mi,2016,2016
980909,462411b3,mi,2016,2016
980911,b8d490fd,gl,2016,2016
980911,b8a55852,gl,2016,2016
980911,1dc12ab9,gl,2016,2016
980911,87e562a9,gl,2016,2016
980911,fe93fd9d,gl,2016,2016
980911,c03f1114,gl,2016,2016
980911,f10e94c4,gl,2016,2016
980911,808f425a,gl,2016,2016
980911,e938e1bc,gl,2016,2016
980911,c8179c68,gl,2016,2016
980911,6aed7e79,gl,2016,2016
980911,29e95537,rps,2016,2016
980911,3355b542,rps,2016,2016
980911,39f01cdb,rps,2016,2016
980911,30a45b23,rps,2016,2016
980911,4a8a2e3b,rps,2016,2016
980911,3d8feaf8,rps,2016,2016
980911,33a364a6,rps,2016,2016
980911,495d42a5,rps,2016,2016
980911,5bb1a1c4,rps,2016,2016
980911,c3d1402f,rps,2016,2016
980911,e2db2409,rps,2016,2016
980913,372455c4,dc,2016,2016
980913,85ec8e33,dc,2016,2016
980913,a4cc73aa,dc,2016,2016
980913,f62772e5,dc,2016,2016
980913,944533a5,dc,2016,2016
980913,2e8994e7,dc,2016,2016
980913,e342e5fb,dc,2016,2016
980913,81049310,dc,2016,2016
980913,fb66ce1f,dc,2016,2016
980913,91a4a398,dc,2016,2016
980913,6b19d823,dc,2016,2016
980913,4b57e452,pbks,2016,2016
980913,c03e2850,pbks,2016,2016
980913,508a1ea7,pbks,2016,2016
980913,d67d5f00,pbks,2016,2016
980913,b681e71e,pbks,2016,2016
980913,2e171977,pbks,2016,2016
980913,fe11caa6,pbks,2016,2016
980913,f5180fe6,pbks,2016,2016
980913,759ac88f,pbks,2016,2016
980913,9a0146b3,pbks,2016,2016
980913,ce820073,pbks,2016,2016
980915,1c17e270,kkr,2016,2016
980915,bb345e0b,kkr,2016,2016
980915,bbd41817,kkr,2016,2016
980915,93b4fc78,kkr,2016,2016
980915,7dc35884,kkr,2016,2016
980915,3c6ffae8,kkr,2016,2016
980915,271f83cd,kkr,2016,2016
980915,98ae73b1,kkr,2016,2016
980915,9d430b40,kkr,2016,2016
980915,5bb5a915,kkr,2016,2016
980915,cc1e8c68,kkr,2016,2016
980915,dcce6f09,srh,2016,2016
980915,0a476045,srh,2016,2016
980915,32198ae0,srh,2016,2016
980915,d2a6c0e6,srh,2016,2016
980915,73ad96ed,srh,2016,2016
980915,890946a0,srh,2016,2016
980915,1c2a64cd,srh,2016,2016
980915,119678fd,srh,2016,2016
980915,2e81a32d,srh,2016,2016
980915,0a8fce53,srh,2016,2016
980915,d8b2f218,srh,2016,2016
980917,b8d490fd,gl,2016,2016
980917,b8a55852,gl,2016,2016
980917,1dc12ab9,gl,2016,2016
980917,c03f1114,gl,2016,2016
980917,87e562a9,gl,2016,2016
980917,f10e94c4,gl,2016,2016
980917,808f425a,gl,2016,2016
980917,e938e1bc,gl,2016,2016
980917,d2a989fc,gl,2016,2016
980917,c8179c68,gl,2016,2016
980917,6aed7e79,gl,2016,2016
980917,740742ef,mi,2016,2016
980917,b5da6c24,mi,2016,2016
980917,dbe50b21,mi,2016,2016
980917,99b75528,mi,2016,2016
980917,a757b0d8,mi,2016,2016
980917,70d205c9,mi,2016,2016
980917,8b5b6769,mi,2016,2016
980917,5b8c830e,mi,2016,2016
980917,13c35c9e,mi,2016,2016
980917,51a3c5ef,mi,2016,2016
980917,462411b3,mi,2016,2016
980919,4b57e452,pbks,2016,2016
980919,c03e2850,pbks,2016,2016
980919,508a1ea7,pbks,2016,2016
980919,d67d5f00,pbks,2016,2016
980919,b681e71e,pbks,2016,2016
980919,fe11caa6,pbks,2016,2016
980919,2e171977,pbks,2016,2016
980919,759ac88f,pbks,2016,2016
980919,a9da7784,pbks,2016,2016
980919,9a0146b3,pbks,2016,2016
980919,ce820073,pbks,2016,2016
980919,29e95537,rps,2016,2016
980919,3355b542,rps,2016,2016
980919,39f01cdb,rps,2016,2016
980919,0f12f9df,rps,2016,2016
980919,30a45b23,rps,2016,2016
980919,4a8a2e3b,rps,2016,2016
980919,5fa06777,rps,2016,2016
980919,495d42a5,rps,2016,2016
980919,5bb1a1c4,rps,2016,2016
980919,24d94623,rps,2016,2016
980919,e2db2409,rps,2016,2016
980921,372455c4,dc,2016,2016
980921,85ec8e33,dc,2016,2016
980921,a4cc73aa,dc,2016,2016
980921,944533a5,dc,2016,2016
980921,2e8994e7,dc,2016,2016
980921,e342e5fb,dc,2016,2016
980921,fb66ce1f,dc,2016,2016
980921,f62772e5,dc,2016,2016
980921,91a4a398,dc,2016,2016
980921,6b19d823,dc,2016,2016
980921,8cf9814c,dc,2016,2016
980921,db584dad,rcb,2016,2016
980921,ba607b88,rcb,2016,2016
980921,c4487b84,rcb,2016,2016
980921,4329fbb5,rcb,2016,2016
980921,f088b960,rcb,2016,2016
980921,99d63244,rcb,2016,2016
980921,aa8d28ae,rcb,2016,2016
980921,9170ff49,rcb,2016,2016
980921,f986ca1a,rcb,2016,2016
980921,57ee1fde,rcb,2016,2016
980921,957532de,rcb,2016,2016
980923,2be41edb,mi,2016,2016
980923,b5da6c24,mi,2016,2016
980923,70d205c9,mi,2016,2016
980923,740742ef,mi,2016,2016
980923,99b75528,mi,2016,2016
980923,5b8c830e,mi,2016,2016
980923,dbe50b21,mi,2016,2016
980923,8b5b6769,mi,2016,2016
980923,13c35c9e,mi,2016,2016
980923,51a3c5ef,mi,2016,2016
980923,462411b3,mi,2016,2016
980923,dcce6f09,srh,2016,2016
980923,0a476045,srh,2016,2016
980923,32198ae0,srh,2016,2016
980923,d2a6c0e6,srh,2016,2016
980923,73ad96ed,srh,2016,2016
980923,890946a0,srh,2016,2016
980923,c18496e1,srh,2016,2016
980923,1c2a64cd,srh,2016,2016
980923,2e81a32d,srh,2016,2016
980923,0a8fce53,srh,2016,2016
980923,d8b2f218,srh,2016,2016
980925,4b57e452,pbks,2016,2016
980925,c03e2850,pbks,2016,2016
980925,508a1ea7,pbks,2016,2016
980925,fe11caa6,pbks,2016,2016
980925,d67d5f00,pbks,2016,2016
980925,b681e71e,pbks,2016,2016
980925,2e171977,pbks,2016,2016
980925,759ac88f,pbks,2016,2016
980925,9a0146b3,pbks,2016,2016
980925,a9da7784,pbks,2016,2016
980925,ce820073,pbks,2016,2016
980925,1c17e270,kkr,2016,2016
980925,bb345e0b,kkr,2016,2016
980925,93b4fc78,kkr,2016,2016
980925,7dc35884,kkr,2016,2016
980925,271f83cd,kkr,2016,2016
980925,3c6ffae8,kkr,2016,2016
980925,bbd41817,kkr,2016,2016
980925,98ae73b1,kkr,2016,2016
980925,9d430b40,kkr,2016,2016
980925,5bb5a915,kkr,2016,2016
980925,cc1e8c68,kkr,2016,2016
980927,740742ef,mi,2016,2016
980927,b5da6c24,mi,2016,2016
980927,70d205c9,mi,2016,2016
980927,99b75528,mi,2016,2016
980927,a757b0d8,mi,2016,2016
980927,dbe50b21,mi,2016,2016
980927,5b8c830e,mi,2016,2016
980927,8b5b6769,mi,2016,2016
980927,462411b3,mi,2016,2016
980927,51a3c5ef,mi,2016,2016
980927,13c35c9e,mi,2016,2016
980927,ba607b88,rcb,2016,2016
980927,b17e2f24,rcb,2016,2016
980927,c4487b84,rcb,2016,2016
980927,4329fbb5,rcb,2016,2016
980927,12b610c2,rcb,2016,2016
980927,f088b960,rcb,2016,2016
980927,bd17b45f,rcb,2016,2016
980927,f986ca1a,rcb,2016,2016
980927,dfc4d8b5,rcb,2016,2016
980927,85aae393,rcb,2016,2016
980927,0a3d54b9,rcb,2016,2016
980929,b8d490fd,gl,2016,2016
980929,b8a55852,gl,2016,2016
980929,1dc12ab9,gl,2016,2016
980929,c03f1114,gl,2016,2016
980929,87e562a9,gl,2016,2016
980929,fe93fd9d,gl,2016,2016
980929,f10e94c4,gl,2016,2016
980929,8fd1a8f5,gl,2016,2016
980929,e938e1bc,gl,2016,2016
980929,d2a989fc,gl,2016,2016
980929,6aed7e79,gl,2016,2016
980929,dcce6f09,srh,2016,2016
980929,0a476045,srh,2016,2016
980929,32198ae0,srh,2016,2016
980929,d2a6c0e6,srh,2016,2016
980929,73ad96ed,srh,2016,2016
980929,855a210c,srh,2016,2016
980929,890946a0,srh,2016,2016
980929,2e81a32d,srh,2016,2016
980929,0a8fce53,srh,2016,2016
980929,c18496e1,srh,2016,2016
980929,d8b2f218,srh,2016,2016
980931,29e95537,rps,2016,2016
980931,3355b542,rps,2016,2016
980931,39f01cdb,rps,2016,2016
980931,30a45b23,rps,2016,2016
980931,4a8a2e3b,rps,2016,2016
980931,0f12f9df,rps,2016,2016
980931,33a364a6,rps,2016,2016
980931,495d42a5,rps,2016,2016
980931,24d94623,rps,2016,2016
980931,e2db2409,rps,2016,2016
980931,5bb1a1c4,rps,2016,2016
980931,ba607b88,rcb,2016,2016
980931,b17e2f24,rcb,2016,2016
980931,c4487b84,rcb,2016,2016
980931,4329fbb5,rcb,2016,2016
980931,f088b960,rcb,2016,2016
980931,c3a96caf,rcb,2016,2016
980931,bd17b45f,rcb,2016,2016
980931,f986ca1a,rcb,2016,2016
980931,dfc4d8b5,rcb,2016,2016
980931,a03bba42,rcb,2016,2016
980931,85aae393,rcb,2016,2016
980933,372455c4,dc,2016,2016
980933,85ec8e33,dc,2016,2016
980933,a4cc73aa,dc,2016,2016
980933,944533a5,dc,2016,2016
980933,2e8994e7,dc,2016,2016
980933,f62772e5,dc,2016,2016
980933,fb66ce1f,dc,2016,2016
980933,91a4a398,dc,2016,2016
980933,6b19d823,dc,2016,2016
980933,8cf9814c,dc,2016,2016
980933,acee4cc4,dc,2016,2016
980933,740742ef,mi,2016,2016
980933,b5da6c24,mi,2016,2016
980933,70d205c9,mi,2016,2016
980933,5b8c830e,mi,2016,2016
980933,99b75528,mi,2016,2016
980933,a757b0d8,mi,2016,2016
980933,dbe50b21,mi,2016,2016
980933,8b5b6769,mi,2016,2016
980933,13c35c9e,mi,2016,2016
980933,51a3c5ef,mi,2016,2016
980933,462411b3,mi,2016,2016
980935,4b57e452,pbks,2016,2016
980935,c03e2850,pbks,2016,2016
980935,508a1ea7,pbks,2016,2016
980935,d67d5f00,pbks,2016,2016
980935,b681e71e,pbks,2016,2016
980935,aedc3b7c,pbks,2016,2016
980935,2e171977,pbks,2016,2016
980935,26a85969,pbks,2016,2016
980935,759ac88f,pbks,2016,2016
980935,a9da7784,pbks,2016,2016
980935,ce820073,pbks,2016,2016
980935,dcce6f09,srh,2016,2016
980935,0a476045,srh,2016,2016
980935,855a210c,srh,2016,2016
980935,d2a6c0e6,srh,2016,2016
980935,73ad96ed,srh,2016,2016
980935,32198ae0,srh,2016,2016
980935,890946a0,srh,2016,2016
980935,c18496e1,srh,2016,2016
980935,2e81a32d,srh,2016,2016
980935,d8b2f218,srh,2016,2016
980935,0a8fce53,srh,2016,2016
980937,35205dfc,gl,2016,2016
980937,b8a55852,gl,2016,2016
980937,1dc12ab9,gl,2016,2016
980937,c03f1114,gl,2016,2016
980937,fe93fd9d,gl,2016,2016
980937,87e562a9,gl,2016,2016
980937,b8d490fd,gl,2016,2016
980937,e938e1bc,gl,2016,2016
980937,d2a989fc,gl,2016,2016
980937,c8179c68,gl,2016,2016
980937,6aed7e79,gl,2016,2016
980937,ba607b88,rcb,2016,2016
980937,4329fbb5,rcb,2016,2016
980937,c4487b84,rcb,2016,2016
980937,b17e2f24,rcb,2016,2016
980937,f088b960,rcb,2016,2016
980937,99d63244,rcb,2016,2016
980937,bd17b45f,rcb,2016,2016
980937,85aae393,rcb,2016,2016
980937,57ee1fde,rcb,2016,2016
980937,dfc4d8b5,rcb,2016,2016
980937,a03bba42,rcb,2016,2016
980939,1c17e270,kkr,2016,2016
980939,bb345e0b,kkr,2016,2016
980939,271f83cd,kkr,2016,2016
980939,7dc35884,kkr,2016,2016
980939,3c6ffae8,kkr,2016,2016
980939,bbd41817,kkr,2016,2016
980939,626c5379,kkr,2016,2016
980939,98ae73b1,kkr,2016,2016
980939,cc1e8c68,kkr,2016,2016
980939,9d430b40,kkr,2016,2016
980939,5bb5a915,kkr,2016,2016
980939,29e95537,rps,2016,2016
980939,3355b542,rps,2016,2016
980939,30a45b23,rps,2016,2016
980939,0f12f9df,rps,2016,2016
980939,c3d35165,rps,2016,2016
980939,4a8a2e3b,rps,2016,2016
980939,33a364a6,rps,2016,2016
980939,709b0bac,rps,2016,2016
980939,495d42a5,rps,2016,2016
980939,24d94623,rps,2016,2016
980939,e2db2409,rps,2016,2016
980941,4b57e452,pbks,2016,2016
980941,c03e2850,pbks,2016,2016
980941,508a1ea7,pbks,2016,2016
980941,b681e71e,pbks,2016,2016
980941,d67d5f00,pbks,2016,2016
980941,aedc3b7c,pbks,2016,2016
980941,2e171977,pbks,2016,2016
980941,f5180fe6,pbks,2016,2016
980941,759ac88f,pbks,2016,2016
980941,9a0146b3,pbks,2016,2016
980941,ce820073,pbks,2016,2016
980941,740742ef,mi,2016,2016
980941,b5da6c24,mi,2016,2016
980941,70d205c9,mi,2016,2016
980941,99b75528,mi,2016,2016
980941,a757b0d8,mi,2016,2016
980941,dbe50b21,mi,2016,2016
980941,5b8c830e,mi,2016,2016
980941,8b5b6769,mi,2016,2016
980941,13c35c9e,mi,2016,2016
980941,51a3c5ef,mi,2016,2016
980941,462411b3,mi,2016,2016
980943,29e95537,rps,2016,2016
980943,3355b542,rps,2016,2016
980943,30a45b23,rps,2016,2016
980943,4a8a2e3b,rps,2016,2016
980943,709b0bac,rps,2016,2016
980943,0f12f9df,rps,2016,2016
980943,3d8feaf8,rps,2016,2016
980943,33a364a6,rps,2016,2016
980943,495d42a5,rps,2016,2016
980943,e2db2409,rps,2016,2016
980943,66b30f71,rps,2016,2016
980943,dcce6f09,srh,2016,2016
980943,0a476045,srh,2016,2016
980943,855a210c,srh,2016,2016
980943,d2a6c0e6,srh,2016,2016
980943,73ad96ed,srh,2016,2016
980943,32198ae0,srh,2016,2016
980943,890946a0,srh,2016,2016
980943,c18496e1,srh,2016,2016
980943,2e81a32d,srh,2016,2016
980943,96fd40ae,srh,2016,2016
980943,0a8fce53,srh,2016,2016
980945,372455c4,dc,2016,2016
980945,a4cc73aa,dc,2016,2016
980945,944533a5,dc,2016,2016
980945,2e8994e7,dc,2016,2016
980945,919a3be2,dc,2016,2016
980945,fb66ce1f,dc,2016,2016
980945,f62772e5,dc,2016,2016
980945,6b19d823,dc,2016,2016
980945,91a4a398,dc,2016,2016
980945,9d80c5e1,dc,2016,2016
980945,acee4cc4,dc,2016,2016
980945,35205dfc,gl,2016,2016
980945,b8a55852,gl,2016,2016
980945,1dc12ab9,gl,2016,2016
980945,c03f1114,gl,2016,2016
980945,fe93fd9d,gl,2016,2016
980945,752f7486,gl,2016,2016
980945,87e562a9,gl,2016,2016
980945,808f425a,gl,2016,2016
980945,e938e1bc,gl,2016,2016
980945,d2a989fc,gl,2016,2016
980945,6aed7e79,gl,2016,2016
980947,1c17e270,kkr,2016,2016
980947,bb345e0b,kkr,2016,2016
980947,7dc35884,kkr,2016,2016
980947,271f83cd,kkr,2016,2016
980947,bbd41817,kkr,2016,2016
980947,45eda7c8,kkr,2016,2016
980947,3c6ffae8,kkr,2016,2016
980947,626c5379,kkr,2016,2016
980947,cc1e8c68,kkr,2016,2016
980947,9d430b40,kkr,2016,2016
980947,1e66c162,kkr,2016,2016
980947,740742ef,mi,2016,2016
980947,b5da6c24,mi,2016,2016
980947,70d205c9,mi,2016,2016
980947,5b8c830e,mi,2016,2016
980947,99b75528,mi,2016,2016
980947,a757b0d8,mi,2016,2016
980947,dbe50b21,mi,2016,2016
980947,8b5b6769,mi,2016,2016
980947,462411b3,mi,2016,2016
980947,13c35c9e,mi,2016,2016
980947,51a3c5ef,mi,2016,2016
980949,35205dfc,gl,2016,2016
980949,b8a55852,gl,2016,2016
980949,1dc12ab9,gl,2016,2016
980949,c03f1114,gl,2016,2016
980949,87e562a9,gl,2016,2016
980949,fe93fd9d,gl,2016,2016
980949,808f425a,gl,2016,2016
980949,752f7486,gl,2016,2016
980949,e938e1bc,gl,2016,2016
980949,d2a989fc,gl,2016,2016
980949,1da489ff,gl,2016,2016
980949,29e95537,rps,2016,2016
980949,709b0bac,rps,2016,2016
980949,30a45b23,rps,2016,2016
980949,4a8a2e3b,rps,2016,2016
980949,0f12f9df,rps,2016,2016
980949,c3d35165,rps,2016,2016
980949,33a364a6,rps,2016,2016
980949,ada15e88,rps,2016,2016
980949,495d42a5,rps,2016,2016
980949,e2db2409,rps,2016,2016
980949,66b30f71,rps,2016,2016
980951,372455c4,dc,2016,2016
980951,85ec8e33,dc,2016,2016
980951,a4cc73aa,dc,2016,2016
980951,944533a5,dc,2016,2016
980951,c16d4035,dc,2016,2016
980951,fb66ce1f,dc,2016,2016
980951,e342e5fb,dc,2016,2016
980951,919a3be2,dc,2016,2016
980951,8cf9814c,dc,2016,2016
980951,6b19d823,dc,2016,2016
980951,91a4a398,dc,2016,2016
980951,1c17e270,kkr,2016,2016
980951,bb345e0b,kkr,2016,2016
980951,98ae73b1,kkr,2016,2016
980951,3c6ffae8,kkr,2016,2016
980951,271f83cd,kkr,2016,2016
980951,626c5379,kkr,2016,2016
980951,bbd41817,kkr,2016,2016
980951,0f721006,kkr,2016,2016
980951,cc1e8c68,kkr,2016,2016
980951,9d430b40,kkr,2016,2016
980951,f708a0bc,kkr,2016,2016
980953,ba607b88,rcb,2016,2016
980953,b17e2f24,rcb,2016,2016
980953,c4487b84,rcb,2016,2016
980953,4329fbb5,rcb,2016,2016
980953,dc9dd038,rcb,2016,2016
980953,99d63244,rcb,2016,2016
980953,9170ff49,rcb,2016,2016
980953,0a3d54b9,rcb,2016,2016
980953,f986ca1a,rcb,2016,2016
980953,dfc4d8b5,rcb,2016,2016
980953,a03bba42,rcb,2016,2016
980953,dcce6f09,srh,2016,2016
980953,0a476045,srh,2016,2016
980953,d027ba9f,srh,2016,2016
980953,32198ae0,srh,2016,2016
980953,890946a0,srh,2016,2016
980953,73ad96ed,srh,2016,2016
980953,1c2a64cd,srh,2016,2016
980953,d8b2f218,srh,2016,2016
980953,2e81a32d,srh,2016,2016
980953,96fd40ae,srh,2016,2016
980953,0a8fce53,srh,2016,2016
980955,35205dfc,gl,2016,2016
980955,b8a55852,gl,2016,2016
980955,1dc12ab9,gl,2016,2016
980955,c03f1114,gl,2016,2016
980955,fe93fd9d,gl,2016,2016
980955,87e562a9,gl,2016,2016
980955,752f7486,gl,2016,2016
980955,808f425a,gl,2016,2016
980955,e938e1bc,gl,2016,2016
980955,d2a989fc,gl,2016,2016
980955,1da489ff,gl,2016,2016
980955,4b57e452,pbks,2016,2016
980955,d9273ee7,pbks,2016,2016
980955,508a1ea7,pbks,2016,2016
980955,b681e71e,pbks,2016,2016
980955,6eb146d2,pbks,2016,2016
980955,d67d5f00,pbks,2016,2016
980955,fe11caa6,pbks,2016,2016
980955,2e171977,pbks,2016,2016
980955,759ac88f,pbks,2016,2016
980955,edb3d4f8,pbks,2016,2016
980955,ce820073,pbks,2016,2016
980957,740742ef,mi,2016,2016
980957,b5da6c24,mi,2016,2016
980957,70d205c9,mi,2016,2016
980957,99b75528,mi,2016,2016
980957,5b8c830e,mi,2016,2016
980957,a757b0d8,mi,2016,2016
980957,dbe50b21,mi,2016,2016
980957,8b5b6769,mi,2016,2016
980957,462411b3,mi,2016,2016
980957,13c35c9e,mi,2016,2016
980957,51a3c5ef,mi,2016,2016
980957,29e95537,rps,2016,2016
980957,709b0bac,rps,2016,2016
980957,30a45b23,rps,2016,2016
980957,ada15e88,rps,2016,2016
980957,4a8a2e3b,rps,2016,2016
980957,0f12f9df,rps,2016,2016
980957,33a364a6,rps,2016,2016
980957,d167edd3,rps,2016,2016
980957,495d42a5,rps,2016,2016
980957,66b30f71,rps,2016,2016
980957,e2db2409,rps,2016,2016
980959,1c17e270,kkr,2016,2016
980959,bb345e0b,kkr,2016,2016
980959,45eda7c8,kkr,2016,2016
980959,93b4fc78,kkr,2016,2016
980959,3c6ffae8,kkr,2016,2016
980959,bbd41817,kkr,2016,2016
980959,271f83cd,kkr,2016,2016
980959,98ae73b1,kkr,2016,2016
980959,cc1e8c68,kkr,2016,2016
980959,9d430b40,kkr,2016,2016
980959,5bb5a915,kkr,2016,2016
980959,b17e2f24,rcb,2016,2016
980959,db584dad,rcb,2016,2016
980959,ba607b88,rcb,2016,2016
980959,c4487b84,rcb,2016,2016
980959,4329fbb5,rcb,2016,2016
980959,dc9dd038,rcb,2016,2016
980959,bd17b45f,rcb,2016,2016
980959,0a3d54b9,rcb,2016,2016
980959,957532de,rcb,2016,2016
980959,57ee1fde,rcb,2016,2016
980959,a03bba42,rcb,2016,2016
980961,372455c4,dc,2016,2016
980961,919a3be2,dc,2016,2016
980961,a4cc73aa,dc,2016,2016
980961,2e8994e7,dc,2016,2016
980961,944533a5,dc,2016,2016
980961,c16d4035,dc,2016,2016
980961,fb66ce1f,dc,2016,2016
980961,6b19d823,dc,2016,2016
980961,8cf9814c,dc,2016,2016
980961,91a4a398,dc,2016,2016
980961,9d80c5e1,dc,2016,2016
980961,35205dfc,gl,2016,2016
980961,b8a55852,gl,2016,2016
980961,b8d490fd,gl,2016,2016
980961,1dc12ab9,gl,2016,2016
980961,c03f1114,gl,2016,2016
980961,fe93fd9d,gl,2016,2016
980961,808f425a,gl,2016,2016
980961,752f7486,gl,2016,2016
980961,e938e1bc,gl,2016,2016
980961,d2a989fc,gl,2016,2016
980961,1da489ff,gl,2016,2016
980963,1c17e270,kkr,2016,2016
980963,bb345e0b,kkr,2016,2016
980963,3c6ffae8,kkr,2016,2016
980963,bbd41817,kkr,2016,2016
980963,93b4fc78,kkr,2016,2016
980963,271f83cd,kkr,2016,2016
980963,7dc35884,kkr,2016,2016
980963,f708a0bc,kkr,2016,2016
980963,98ae73b1,kkr,2016,2016
980963,5bb5a915,kkr,2016,2016
980963,cc1e8c68,kkr,2016,2016
980963,4b57e452,pbks,2016,2016
980963,d9273ee7,pbks,2016,2016
980963,c03e2850,pbks,2016,2016
980963,fe11caa6,pbks,2016,2016
980963,b681e71e,pbks,2016,2016
980963,d67d5f00,pbks,2016,2016
980963,6eb146d2,pbks,2016,2016
980963,2e171977,pbks,2016,2016
980963,983f2f61,pbks,2016,2016
980963,759ac88f,pbks,2016,2016
980963,ce820073,pbks,2016,2016
980965,919a3be2,dc,2016,2016
980965,a4cc73aa,dc,2016,2016
980965,944533a5,dc,2016,2016
980965,2e8994e7,dc,2016,2016
980965,c16d4035,dc,2016,2016
980965,e342e5fb,dc,2016,2016
980965,f62772e5,dc,2016,2016
980965,81049310,dc,2016,2016
980965,8cf9814c,dc,2016,2016
980965,6b19d823,dc,2016,2016
980965,acee4cc4,dc,2016,2016
980965,29e95537,rps,2016,2016
980965,331ea488,rps,2016,2016
980965,709b0bac,rps,2016,2016
980965,4a8a2e3b,rps,2016,2016
980965,0f12f9df,rps,2016,2016
980965,5056011d,rps,2016,2016
980965,33a364a6,rps,2016,2016
980965,d167edd3,rps,2016,2016
980965,495d42a5,rps,2016,2016
980965,66b30f71,rps,2016,2016
980965,e2db2409,rps,2016,2016
980967,35205dfc,gl,2016,2016
980967,b8a55852,gl,2016,2016
980967,1dc12ab9,gl,2016,2016
980967,c03f1114,gl,2016,2016
980967,b8d490fd,gl,2016,2016
980967,87e562a9,gl,2016,2016
980967,fe93fd9d,gl,2016,2016
980967,e938e1bc,gl,2016,2016
980967,9fc0ef64,gl,2016,2016
980967,d2a989fc,gl,2016,2016
980967,1da489ff,gl,2016,2016
980967,dcce6f09,srh,2016,2016
980967,0a476045,srh,2016,2016
980967,d027ba9f,srh,2016,2016
980967,32198ae0,srh,2016,2016
980967,1c914163,srh,2016,2016
980967,73ad96ed,srh,2016,2016
980967,890946a0,srh,2016,2016
980967,2e81a32d,srh,2016,2016
980967,d8b2f218,srh,2016,2016
980967,96fd40ae,srh,2016,2016
980967,0a8fce53,srh,2016,2016
980969,29e95537,rps,2016,2016
980969,331ea488,rps,2016,2016
980969,709b0bac,rps,2016,2016
980969,4a8a2e3b,rps,2016,2016
980969,0f12f9df,rps,2016,2016
980969,5056011d,rps,2016,2016
980969,33a364a6,rps,2016,2016
980969,495d42a5,rps,2016,2016
980969,14f96089,rps,2016,2016
980969,66b30f71,rps,2016,2016
980969,c3d1402f,rps,2016,2016
980969,ba607b88,rcb,2016,2016
980969,b17e2f24,rcb,2016,2016
980969,c4487b84,rcb,2016,2016
980969,4329fbb5,rcb,2016,2016
980969,12b610c2,rcb,2016,2016
980969,dc9dd038,rcb,2016,2016
980969,bd17b45f,rcb,2016,2016
980969,9170ff49,rcb,2016,2016
980969,ffe699c0,rcb,2016,2016
980969,0a3d54b9,rcb,2016,2016
980969,57ee1fde,rcb,2016,2016
980971,372455c4,dc,2016,2016
980971,a4cc73aa,dc,2016,2016
980971,944533a5,dc,2016,2016
980971,c16d4035,dc,2016,2016
980971,e342e5fb,dc,2016,2016
980971,fb66ce1f,dc,2016,2016
980971,919a3be2,dc,2016,2016
980971,6b19d823,dc,2016,2016
980971,8cf9814c,dc,2016,2016
980971,91a4a398,dc,2016,2016
980971,9d80c5e1,dc,2016,2016
980971,4b57e452,pbks,2016,2016
980971,d9273ee7,pbks,2016,2016
980971,e798611a,pbks,2016,2016
980971,fe11caa6,pbks,2016,2016
980971,b681e71e,pbks,2016,2016
980971,d67d5f00,pbks,2016,2016
980971,2e171977,pbks,2016,2016
980971,6eb146d2,pbks,2016,2016
980971,759ac88f,pbks,2016,2016
980971,ce820073,pbks,2016,2016
980971,edb3d4f8,pbks,2016,2016
980973,740742ef,mi,2016,2016
980973,b5da6c24,mi,2016,2016
980973,70d205c9,mi,2016,2016
980973,5b8c830e,mi,2016,2016
980973,99b75528,mi,2016,2016
980973,a757b0d8,mi,2016,2016
980973,dbe50b21,mi,2016,2016
980973,8b5b6769,mi,2016,2016
980973,13c35c9e,mi,2016,2016
980973,51a3c5ef,mi,2016,2016
980973,462411b3,mi,2016,2016
980973,dcce6f09,srh,2016,2016
980973,0a476045,srh,2016,2016
980973,d027ba9f,srh,2016,2016
980973,1c914163,srh,2016,2016
980973,32198ae0,srh,2016,2016
980973,73ad96ed,srh,2016,2016
980973,890946a0,srh,2016,2016
980973,2e81a32d,srh,2016,2016
980973,d8b2f218,srh,2016,2016
980973,96fd40ae,srh,2016,2016
980973,0a8fce53,srh,2016,2016
980975,35205dfc,gl,2016,2016
980975,b8a55852,gl,2016,2016
980975,1dc12ab9,gl,2016,2016
980975,c03f1114,gl,2016,2016
980975,b8d490fd,gl,2016,2016
980975,fe93fd9d,gl,2016,2016
980975,87e562a9,gl,2016,2016
980975,e938e1bc,gl,2016,2016
980975,d2a989fc,gl,2016,2016
980975,1da489ff,gl,2016,2016
980975,6aed7e79,gl,2016,2016
980975,1c17e270,kkr,2016,2016
980975,bb345e0b,kkr,2016,2016
980975,93b4fc78,kkr,2016,2016
980975,271f83cd,kkr,2016,2016
980975,7dc35884,kkr,2016,2016
980975,3c6ffae8,kkr,2016,2016
980975,bbd41817,kkr,2016,2016
980975,f708a0bc,kkr,2016,2016
980975,98ae73b1,kkr,2016,2016
980975,5bb5a915,kkr,2016,2016
980975,cc1e8c68,kkr,2016,2016
980977,e798611a,pbks,2016,2016
980977,4b57e452,pbks,2016,2016
980977,fe11caa6,pbks,2016,2016
980977,d67d5f00,pbks,2016,2016
980977,d9273ee7,pbks,2016,2016
980977,dce2019b,pbks,2016,2016
980977,2e171977,pbks,2016,2016
980977,759ac88f,pbks,2016,2016
980977,69be866a,pbks,2016,2016
980977,ce820073,pbks,2016,2016
980977,edb3d4f8,pbks,2016,2016
980977,ba607b88,rcb,2016,2016
980977,b17e2f24,rcb,2016,2016
980977,c4487b84,rcb,2016,2016
980977,4329fbb5,rcb,2016,2016
980977,dc9dd038,rcb,2016,2016
980977,12b610c2,rcb,2016,2016
980977,bd17b45f,rcb,2016,2016
980977,ffe699c0,rcb,2016,2016
980977,85aae393,rcb,2016,2016
980977,0a3d54b9,rcb,2016,2016
980977,57ee1fde,rcb,2016,2016
980979,29e95537,rps,2016,2016
980979,331ea488,rps,2016,2016
980979,5056011d,rps,2016,2016
980979,495d42a5,rps,2016,2016
980979,709b0bac,rps,2016,2016
980979,4a8a2e3b,rps,2016,2016
980979,0f12f9df,rps,2016,2016
980979,33a364a6,rps,2016,2016
980979,14f96089,rps,2016,2016
980979,66b30f71,rps,2016,2016
980979,c3d1402f,rps,2016,2016
980979,dcce6f09,srh,2016,2016
980979,0a476045,srh,2016,2016
980979,d027ba9f,srh,2016,2016
980979,1c914163,srh,2016,2016
980979,32198ae0,srh,2016,2016
980979,73ad96ed,srh,2016,2016
980979,890946a0,srh,2016,2016
980979,2e81a32d,srh,2016,2016
980979,d8b2f218,srh,2016,2016
980979,96fd40ae,srh,2016,2016
980979,0a8fce53,srh,2016,2016
980981,740742ef,mi,2016,2016
980981,b5da6c24,mi,2016,2016
980981,70d205c9,mi,2016,2016
980981,fb2d1dda,mi,2016,2016
980981,a757b0d8,mi,2016,2016
980981,99b75528,mi,2016,2016
980981,5b8c830e,mi,2016,2016
980981,8b5b6769,mi,2016,2016
980981,13c35c9e,mi,2016,2016
980981,51a3c5ef,mi,2016,2016
980981,462411b3,mi,2016,2016
980981,ba607b88,rcb,2016,2016
980981,db584dad,rcb,2016,2016
980981,c4487b84,rcb,2016,2016
980981,b17e2f24,rcb,2016,2016
980981,4329fbb5,rcb,2016,2016
980981,dc9dd038,rcb,2016,2016
980981,bd17b45f,rcb,2016,2016
980981,ffe699c0,rcb,2016,2016
980981,957532de,rcb,2016,2016
980981,0a3d54b9,rcb,2016,2016
980981,57ee1fde,rcb,2016,2016
980983,372455c4,dc,2016,2016
980983,00ea847a,dc,2016,2016
980983,944533a5,dc,2016,2016
980983,a4cc73aa,dc,2016,2016
980983,919a3be2,dc,2016,2016
980983,2e8994e7,dc,2016,2016
980983,81049310,dc,2016,2016
980983,fb66ce1f,dc,2016,2016
980983,6b19d823,dc,2016,2016
980983,56ab442f,dc,2016,2016
980983,8cf9814c,dc,2016,2016
980983,dcce6f09,srh,2016,2016
980983,0a476045,srh,2016,2016
980983,d027ba9f,srh,2016,2016
980983,1c914163,srh,2016,2016
980983,32198ae0,srh,2016,2016
980983,73ad96ed,srh,2016,2016
980983,890946a0,srh,2016,2016
980983,2e81a32d,srh,2016,2016
980983,d8b2f218,srh,2016,2016
980983,96fd40ae,srh,2016,2016
980983,0a8fce53,srh,2016,2016
980985,4b57e452,pbks,2016,2016
980985,e798611a,pbks,2016,2016
980985,fe11caa6,pbks,2016,2016
980985,b681e71e,pbks,2016,2016
980985,6eb146d2,pbks,2016,2016
980985,d67d5f00,pbks,2016,2016
980985,d9273ee7,pbks,2016,2016
980985,2e171977,pbks,2016,2016
980985,759ac88f,pbks,2016,2016
980985,ce820073,pbks,2016,2016
980985,edb3d4f8,pbks,2016,2016
980985,740742ef,mi,2016,2016
980985,0c94f480,mi,2016,2016
980985,70d205c9,mi,2016,2016
980985,fb2d1dda,mi,2016,2016
980985,99b75528,mi,2016,2016
980985,a757b0d8,mi,2016,2016
980985,5b8c830e,mi,2016,2016
980985,8b5b6769,mi,2016,2016
980985,13c35c9e,mi,2016,2016
980985,51a3c5ef,mi,2016,2016
980985,462411b3,mi,2016,2016
980987,35205dfc,gl,2016,2016
980987,b8a55852,gl,2016,2016
980987,fe93fd9d,gl,2016,2016
980987,c03f1114,gl,2016,2016
980987,b8d490fd,gl,2016,2016
980987,87e562a9,gl,2016,2016
980987,f10e94c4,gl,2016,2016
980987,e938e1bc,gl,2016,2016
980987,d2a989fc,gl,2016,2016
980987,6aed7e79,gl,2016,2016
980987,1da489ff,gl,2016,2016
980987,db584dad,rcb,2016,2016
980987,ba607b88,rcb,2016,2016
980987,c4487b84,rcb,2016,2016
980987,4329fbb5,rcb,2016,2016
980987,b17e2f24,rcb,2016,2016
980987,dc9dd038,rcb,2016,2016
980987,bd17b45f,rcb,2016,2016
980987,ffe699c0,rcb,2016,2016
980987,957532de,rcb,2016,2016
980987,0a3d54b9,rcb,2016,2016
980987,57ee1fde,rcb,2016,2016
980989,1c17e270,kkr,2016,2016
980989,bb345e0b,kkr,2016,2016
980989,93b4fc78,kkr,2016,2016
980989,3c6ffae8,kkr,2016,2016
980989,7dc35884,kkr,2016,2016
980989,271f83cd,kkr,2016,2016
980989,bbd41817,kkr,2016,2016
980989,98ae73b1,kkr,2016,2016
980989,9d430b40,kkr,2016,2016
980989,db31895a,kkr,2016,2016
980989,5bb5a915,kkr,2016,2016
980989,29e95537,rps,2016,2016
980989,331ea488,rps,2016,2016
980989,5056011d,rps,2016,2016
980989,709b0bac,rps,2016,2016
980989,5fa06777,rps,2016,2016
980989,4a8a2e3b,rps,2016,2016
980989,0f12f9df,rps,2016,2016
980989,495d42a5,rps,2016,2016
980989,14f96089,rps,2016,2016
980989,e2db2409,rps,2016,2016
980989,66b30f71,rps,2016,2016
980991,e798611a,pbks,2016,2016
980991,4b57e452,pbks,2016,2016
980991,fe11caa6,pbks,2016,2016
980991,6eb146d2,pbks,2016,2016
980991,d67d5f00,pbks,2016,2016
980991,b681e71e,pbks,2016,2016
980991,d9273ee7,pbks,2016,2016
980991,2e171977,pbks,2016,2016
980991,759ac88f,pbks,2016,2016
980991,ce820073,pbks,2016,2016
980991,69be866a,pbks,2016,2016
980991,dcce6f09,srh,2016,2016
980991,0a476045,srh,2016,2016
980991,73ad96ed,srh,2016,2016
980991,1c914163,srh,2016,2016
980991,2e11c706,srh,2016,2016
980991,32198ae0,srh,2016,2016
980991,890946a0,srh,2016,2016
980991,119678fd,srh,2016,2016
980991,2e81a32d,srh,2016,2016
980991,96fd40ae,srh,2016,2016
980991,0a8fce53,srh,2016,2016
980993,00ea847a,dc,2016,2016
980993,372455c4,dc,2016,2016
980993,944533a5,dc,2016,2016
980993,a4cc73aa,dc,2016,2016
980993,919a3be2,dc,2016,2016
980993,2e8994e7,dc,2016,2016
980993,fb66ce1f,dc,2016,2016
980993,6b19d823,dc,2016,2016
980993,9d80c5e1,dc,2016,2016
980993,acee4cc4,dc,2016,2016
980993,91a4a398,dc,2016,2016
980993,740742ef,mi,2016,2016
980993,2be41edb,mi,2016,2016
980993,5b8c830e,mi,2016,2016
980993,a757b0d8,mi,2016,2016
980993,99b75528,mi,2016,2016
980993,70d205c9,mi,2016,2016
980993,fb2d1dda,mi,2016,2016
980993,8b5b6769,mi,2016,2016
980993,41eb4a4f,mi,2016,2016
980993,51a3c5ef,mi,2016,2016
980993,462411b3,mi,2016,2016
980995,1c17e270,kkr,2016,2016
980995,bb345e0b,kkr,2016,2016
980995,93b4fc78,kkr,2016,2016
980995,3c6ffae8,kkr,2016,2016
980995,bbd41817,kkr,2016,2016
980995,271f83cd,kkr,2016,2016
980995,7dc35884,kkr,2016,2016
980995,98ae73b1,kkr,2016,2016
980995,9d430b40,kkr,2016,2016
980995,db31895a,kkr,2016,2016
980995,5bb5a915,kkr,2016,2016
980995,db584dad,rcb,2016,2016
980995,ba607b88,rcb,2016,2016
980995,c4487b84,rcb,2016,2016
980995,4329fbb5,rcb,2016,2016
980995,b17e2f24,rcb,2016,2016
980995,dc9dd038,rcb,2016,2016
980995,bd17b45f,rcb,2016,2016
980995,ffe699c0,rcb,2016,2016
980995,957532de,rcb,2016,2016
980995,85aae393,rcb,2016,2016
980995,57ee1fde,rcb,2016,2016
980997,372455c4,dc,2016,2016
980997,85ec8e33,dc,2016,2016
980997,944533a5,dc,2016,2016
980997,a4cc73aa,dc,2016,2016
980997,919a3be2,dc,2016,2016
980997,2e8994e7,dc,2016,2016
980997,fb66ce1f,dc,2016,2016
980997,56ab442f,dc,2016,2016
980997,6b19d823,dc,2016,2016
980997,91a4a398,dc,2016,2016
980997,8cf9814c,dc,2016,2016
980997,29e95537,rps,2016,2016
980997,331ea488,rps,2016,2016
980997,5056011d,rps,2016,2016
980997,709b0bac,rps,2016,2016
980997,5fa06777,rps,2016,2016
980997,4a8a2e3b,rps,2016,2016
980997,0f12f9df,rps,2016,2016
980997,495d42a5,rps,2016,2016
980997,14f96089,rps,2016,2016
980997,66b30f71,rps,2016,2016
980997,23eeb873,rps,2016,2016
980999,4b57e452,pbks,2016,2016
980999,e798611a,pbks,2016,2016
980999,fe11caa6,pbks,2016,2016
980999,d67d5f00,pbks,2016,2016
980999,6eb146d2,pbks,2016,2016
980999,2e171977,pbks,2016,2016
980999,dce2019b,pbks,2016,2016
980999,a9da7784,pbks,2016,2016
980999,759ac88f,pbks,2016,2016
980999,edb3d4f8,pbks,2016,2016
980999,ce820073,pbks,2016,2016
980999,db584dad,rcb,2016,2016
980999,ba607b88,rcb,2016,2016
980999,c4487b84,rcb,2016,2016
980999,b17e2f24,rcb,2016,2016
980999,4329fbb5,rcb,2016,2016
980999,dc9dd038,rcb,2016,2016
980999,bd17b45f,rcb,2016,2016
980999,ffe699c0,rcb,2016,2016
980999,957532de,rcb,2016,2016
980999,0a3d54b9,rcb,2016,2016
980999,57ee1fde,rcb,2016,2016
981001,35205dfc,gl,2016,2016
981001,b8a55852,gl,2016,2016
981001,1dc12ab9,gl,2016,2016
981001,c03f1114,gl,2016,2016
981001,b8d490fd,gl,2016,2016
981001,fe93fd9d,gl,2016,2016
981001,87e562a9,gl,2016,2016
981001,b274dbbd,gl,2016,2016
981001,e938e1bc,gl,2016,2016
981001,c8179c68,gl,2016,2016
981001,d2a989fc,gl,2016,2016
981001,1c17e270,kkr,2016,2016
981001,bb345e0b,kkr,2016,2016
981001,93b4fc78,kkr,2016,2016
981001,98ae73b1,kkr,2016,2016
981001,3c6ffae8,kkr,2016,2016
981001,7dc35884,kkr,2016,2016
981001,271f83cd,kkr,2016,2016
981001,0f721006,kkr,2016,2016
981001,9d430b40,kkr,2016,2016
981001,5bb5a915,kkr,2016,2016
981001,db31895a,kkr,2016,2016
981003,372455c4,dc,2016,2016
981003,919a3be2,dc,2016,2016
981003,944533a5,dc,2016,2016
981003,2e8994e7,dc,2016,2016
981003,e342e5fb,dc,2016,2016
981003,a4cc73aa,dc,2016,2016
981003,f62772e5,dc,2016,2016
981003,6b19d823,dc,2016,2016
981003,91a4a398,dc,2016,2016
981003,81049310,dc,2016,2016
981003,56ab442f,dc,2016,2016
981003,dcce6f09,srh,2016,2016
981003,0a476045,srh,2016,2016
981003,73ad96ed,srh,2016,2016
981003,1c914163,srh,2016,2016
981003,32198ae0,srh,2016,2016
981003,d2a6c0e6,srh,2016,2016
981003,890946a0,srh,2016,2016
981003,2e81a32d,srh,2016,2016
981003,119678fd,srh,2016,2016
981003,0a8fce53,srh,2016,2016
981003,d8b2f218,srh,2016,2016
981005,e798611a,pbks,2016,2016
981005,4b57e452,pbks,2016,2016
981005,fe11caa6,pbks,2016,2016
981005,6eb146d2,pbks,2016,2016
981005,d67d5f00,pbks,2016,2016
981005,dce2019b,pbks,2016,2016
981005,2e171977,pbks,2016,2016
981005,26a85969,pbks,2016,2016
981005,a9da7784,pbks,2016,2016
981005,759ac88f,pbks,2016,2016
981005,ce820073,pbks,2016,2016
981005,29e95537,rps,2016,2016
981005,331ea488,rps,2016,2016
981005,5056011d,rps,2016,2016
981005,709b0bac,rps,2016,2016
981005,4a8a2e3b,rps,2016,2016
981005,5fa06777,rps,2016,2016
981005,0f12f9df,rps,2016,2016
981005,495d42a5,rps,2016,2016
981005,14f96089,rps,2016,2016
981005,66b30f71,rps,2016,2016
981005,23eeb873,rps,2016,2016
981007,b8d490fd,gl,2016,2016
981007,b8a55852,gl,2016,2016
981007,1dc12ab9,gl,2016,2016
981007,c03f1114,gl,2016,2016
981007,35205dfc,gl,2016,2016
981007,fe93fd9d,gl,2016,2016
981007,87e562a9,gl,2016,2016
981007,b274dbbd,gl,2016,2016
981007,c8179c68,gl,2016,2016
981007,e938e1bc,gl,2016,2016
981007,d2a989fc,gl,2016,2016
981007,740742ef,mi,2016,2016
981007,2be41edb,mi,2016,2016
981007,fb2d1dda,mi,2016,2016
981007,5b8c830e,mi,2016,2016
981007,99b75528,mi,2016,2016
981007,a757b0d8,mi,2016,2016
981007,dbe50b21,mi,2016,2016
981007,8b5b6769,mi,2016,2016
981007,41eb4a4f,mi,2016,2016
981007,51a3c5ef,mi,2016,2016
981007,462411b3,mi,2016,2016
981009,1c17e270,kkr,2016,2016
981009,bb345e0b,kkr,2016,2016
981009,af2c687b,kkr,2016,2016
981009,93b4fc78,kkr,2016,2016
981009,3c6ffae8,kkr,2016,2016
981009,0f721006,kkr,2016,2016
981009,7dc35884,kkr,2016,2016
981009,271f83cd,kkr,2016,2016
981009,db31895a,kkr,2016,2016
981009,9d430b40,kkr,2016,2016
981009,8d2c70ad,kkr,2016,2016
981009,0a476045,srh,2016,2016
981009,dcce6f09,srh,2016,2016
981009,890946a0,srh,2016,2016
981009,1c914163,srh,2016,2016
981009,d027ba9f,srh,2016,2016
981009,73ad96ed,srh,2016,2016
981009,32198ae0,srh,2016,2016
981009,119678fd,srh,2016,2016
981009,2e81a32d,srh,2016,2016
981009,d8b2f218,srh,2016,2016
981009,0a8fce53,srh,2016,2016
981011,372455c4,dc,2016,2016
981011,919a3be2,dc,2016,2016
981011,944533a5,dc,2016,2016
981011,a4cc73aa,dc,2016,2016
981011,c16d4035,dc,2016,2016
981011,f62772e5,dc,2016,2016
981011,e342e5fb,dc,2016,2016
981011,fb66ce1f,dc,2016,2016
981011,81049310,dc,2016,2016
981011,6b19d823,dc,2016,2016
981011,91a4a398,dc,2016,2016
981011,db584dad,rcb,2016,2016
981011,ba607b88,rcb,2016,2016
981011,c4487b84,rcb,2016,2016
981011,b17e2f24,rcb,2016,2016
981011,4329fbb5,rcb,2016,2016
981011,bd17b45f,rcb,2016,2016
981011,dc9dd038,rcb,2016,2016
981011,ffe699c0,rcb,2016,2016
981011,85aae393,rcb,2016,2016
981011,957532de,rcb,2016,2016
981011,57ee1fde,rcb,2016,2016
981013,b8d490fd,gl,2016,2016
981013,b8a55852,gl,2016,2016
981013,1dc12ab9,gl,2016,2016
981013,c03f1114,gl,2016,2016
981013,35205dfc,gl,2016,2016
981013,fe93fd9d,gl,2016,2016
981013,87e562a9,gl,2016,2016
981013,b274dbbd,gl,2016,2016
981013,e938e1bc,gl,2016,2016
981013,d2a989fc,gl,2016,2016
981013,c8179c68,gl,2016,2016
981013,db584dad,rcb,2016,2016
981013,ba607b88,rcb,2016,2016
981013,c4487b84,rcb,2016,2016
981013,b17e2f24,rcb,2016,2016
981013,4329fbb5,rcb,2016,2016
981013,dc9dd038,rcb,2016,2016
981013,bd17b45f,rcb,2016,2016
981013,85aae393,rcb,2016,2016
981013,ffe699c0,rcb,2016,2016
981013,957532de,rcb,2016,2016
981013,57ee1fde,rcb,2016,2016
981015,1c17e270,kkr,2016,2016
981015,bb345e0b,kkr,2016,2016
981015,af2c687b,kkr,2016,2016
981015,93b4fc78,kkr,2016,2016
981015,3c6ffae8,kkr,2016,2016
981015,271f83cd,kkr,2016,2016
981015,626c5379,kkr,2016,2016
981015,0f721006,kkr,2016,2016
981015,9d430b40,kkr,2016,2016
981015,5bb5a915,kkr,2016,2016
981015,8d2c70ad,kkr,2016,2016
981015,dcce6f09,srh,2016,2016
981015,0a476045,srh,2016,2016
981015,32198ae0,srh,2016,2016
981015,1c914163,srh,2016,2016
981015,73ad96ed,srh,2016,2016
981015,2e11c706,srh,2016,2016
981015,890946a0,srh,2016,2016
981015,2e81a32d,srh,2016,2016
981015,c18496e1,srh,2016,2016
981015,d8b2f218,srh,2016,2016
981015,0a8fce53,srh,2016,2016
981017,b274dbbd,gl,2016,2016
981017,b8a55852,gl,2016,2016
981017,1dc12ab9,gl,2016,2016
981017,c03f1114,gl,2016,2016
981017,b8d490fd,gl,2016,2016
981017,35205dfc,gl,2016,2016
981017,fe93fd9d,gl,2016,2016
981017,87e562a9,gl,2016,2016
981017,d2a989fc,gl,2016,2016
981017,e938e1bc,gl,2016,2016
981017,1da489ff,gl,2016,2016
981017,dcce6f09,srh,2016,2016
981017,0a476045,srh,2016,2016
981017,32198ae0,srh,2016,2016
981017,1c914163,srh,2016,2016
981017,73ad96ed,srh,2016,2016
981017,2e11c706,srh,2016,2016
981017,890946a0,srh,2016,2016
981017,c18496e1,srh,2016,2016
981017,2e81a32d,srh,2016,2016
981017,d8b2f218,srh,2016,2016
981017,a818c1be,srh,2016,2016
981019,db584dad,rcb,2016,2016
981019,ba607b88,rcb,2016,2016
981019,c4487b84,rcb,2016,2016
981019,b17e2f24,rcb,2016,2016
981019,4329fbb5,rcb,2016,2016
981019,dc9dd038,rcb,2016,2016
981019,bd17b45f,rcb,2016,2016
981019,ffe699c0,rcb,2016,2016
981019,85aae393,rcb,2016,2016
981019,957532de,rcb,2016,2016
981019,57ee1fde,rcb,2016,2016
981019,dcce6f09,srh,2016,2016
981019,0a476045,srh,2016,2016
981019,32198ae0,srh,2016,2016
981019,1c914163,srh,2016,2016
981019,73ad96ed,srh,2016,2016
981019,2e11c706,srh,2016,2016
981019,890946a0,srh,2016,2016
981019,c18496e1,srh,2016,2016
981019,2e81a32d,srh,2016,2016
981019,d8b2f218,srh,2016,2016
981019,0a8fce53,srh,2016,2016
