player_id,display_name,season,season_year,innings,balls,runs,wickets,average,economy,strike_rate,best_wickets,best_runs
4c4fa80b,SMSM Senanayake,2013,2013,8,192,209,9,23.22,6.53,21.33,2,26
2e81a32d,B Kumar,2014,2014,14,319,354,20,17.7,6.66,15.95,4,14
87e562a9,DJ Bravo,2015,2015,16,314,426,26,16.38,8.14,12.08,3,22
957532de,S Aravind,2016,2016,9,175,216,11,19.64,7.41,15.91,2,18
efc04be7,Noor Ahmad,2025,2025,14,300,408,24,17.0,8.16,12.5,4,18
7b44eb3e,Shivang Kumar,2026,2026,13,234,375,9,41.67,9.62,26.0,3,33
0264c10e,D Salunkhe,2007/08,2008,5,47,78,1,78.0,9.96,47.0,1,21
35205dfc,DR Smith,2007/08,2008,4,66,83,5,16.6,7.55,13.2,3,26
b2b50355,L Balaji,2009,2009,13,224,316,13,24.31,8.46,17.23,4,21
4353bba5,YA Abdulla,2009,2009,9,168,241,14,17.21,8.61,12.0,4,31
fa463154,AB Agarkar,2009,2009,11,186,284,6,47.33,9.16,31.0,2,15
45c2196c,DE Bollinger,2009/10,2010,8,186,207,12,17.25,6.68,15.5,4,13
91a4a398,Z Khan,2011,2011,15,354,455,14,32.5,7.71,25.29,3,32
7dc35884,Shakib Al Hasan,2011,2011,7,153,175,11,15.91,6.86,13.91,3,28
bb18be76,SK Warne,2011,2011,12,282,297,13,22.85,6.32,21.69,3,16
5b040b81,A Singh,2011,2011,9,171,215,9,23.89,7.54,19.0,3,35
33a364a6,R Bhatia,2011,2011,12,192,210,8,26.25,6.56,24.0,3,22
d68e7f48,R Rampaul,2013,2013,10,226,261,13,20.08,6.93,17.38,3,31
57ee1fde,YS Chahal,2017,2017,13,261,333,14,23.79,7.66,18.64,3,16
4329fbb5,SR Watson,2018,2018,11,168,251,6,41.83,8.96,28.0,2,29
fa2f1dde,K Khejroliya,2019,2019,2,30,46,1,46.0,9.2,30.0,1,29
e86754b2,TK Curran,2020/21,2021,5,109,208,3,69.33,11.45,36.33,1,37
e087956b,BA Stokes,2020/21,2021,6,90,154,2,77.0,10.27,45.0,2,32
68c56d09,KA Jamieson,2021,2021,9,168,269,9,29.89,9.61,18.67,3,41
5b7ab5a9,CV Varun,2022,2022,11,234,332,6,55.33,8.51,39.0,1,22
327b58d3,PVD Chameera,2022,2022,12,264,384,9,42.67,8.73,29.33,2,17
eef2536f,Avesh Khan,2023,2023,9,174,283,8,35.38,9.76,21.75,3,25
4bd09374,Akash Madhwal,2023,2023,8,153,219,14,15.64,8.59,10.93,5,5
2e78f685,KR Sen,2024,2024,3,72,122,6,20.33,10.17,12.0,3,41
c18496e1,Bipul Sharma,2015,2015,3,42,50,3,16.67,7.14,14.0,2,13
119678fd,KV Sharma,2016,2016,5,98,171,0,,10.47,,0,24
33a364a6,R Bhatia,2016,2016,10,204,244,6,40.67,7.18,34.0,2,19
0a3d54b9,VR Aaron,2016,2016,8,142,227,2,113.5,9.59,71.0,2,37
2e171977,AR Patel,2025,2025,12,216,313,5,62.6,8.69,43.2,2,19
5b7ab5a9,CV Varun,2026,2026,11,246,360,11,32.73,8.78,22.36,3,14
cc61ee8f,Gurjapneet Singh,2026,2026,8,151,233,4,58.25,9.26,37.75,1,7
5d096f3d,RR Powar,2007/08,2008,5,72,91,3,30.33,7.58,24.0,2,22
96fd40ae,A Nehra,2007/08,2008,14,269,348,12,29.0,7.76,22.42,3,13
3c6ffae8,YK Pathan,2009/10,2010,11,204,246,5,49.2,7.24,40.8,2,9
ba607b88,V Kohli,2011,2011,10,102,139,2,69.5,8.18,51.0,1,8
8cf9814c,Mohammed Shami,2013,2013,3,54,78,1,78.0,8.67,54.0,1,32
6b19d823,A Mishra,2017,2017,14,233,343,10,34.3,8.83,23.3,3,11
a12e1d51,SL Malinga,2017,2017,12,269,382,11,34.73,8.52,24.45,2,5
35205dfc,DR Smith,2017,2017,9,78,148,2,74.0,11.38,39.0,1,10
eef2536f,Avesh Khan,2018,2018,6,114,204,4,51.0,10.74,28.5,2,29
46a9bea1,TU Deshpande,2020/21,2021,5,102,192,3,64.0,11.29,34.0,2,37
e62dd25d,K Rabada,2021,2021,15,336,456,15,30.4,8.14,22.4,3,36
ded9240e,PJ Cummins,2022,2022,5,119,212,7,30.29,10.69,17.0,3,22
2ed569a0,RD Chahar,2023,2023,14,298,385,8,48.13,7.75,37.25,2,16
efc04be7,Noor Ahmad,2023,2023,13,283,369,16,23.06,7.82,17.69,3,37
73c18486,KR Mayers,2023,2023,6,42,59,0,,8.43,,0,4
f986ca1a,HV Patel,2024,2024,14,294,477,24,19.88,9.73,12.25,3,15
8fd1a8f5,DW Steyn,2013,2013,17,407,384,19,20.21,5.66,21.42,3,11
0a3d54b9,VR Aaron,2014,2014,10,220,299,16,18.69,8.15,13.75,3,16
73ad96ed,DJ Hooda,2016,2016,6,78,97,3,32.33,7.46,26.0,2,16
57ee1fde,YS Chahal,2016,2016,13,295,401,21,19.1,8.16,14.05,4,25
495d42a5,R Ashwin,2016,2016,14,264,319,10,31.9,7.25,26.4,4,34
54e52590,Vijaykumar Vyshak,2025,2025,5,102,181,4,45.25,10.65,25.5,2,44
26989d80,Shashank Singh,2026,2026,4,60,88,4,22.0,8.8,15.0,2,20
f834dcfc,L Ngidi,2026,2026,11,248,340,13,26.15,8.23,19.08,3,27
fe93fd9d,RA Jadeja,2026,2026,12,198,277,10,27.7,8.39,19.8,2,8
abfeb126,M Kartik,2009/10,2010,10,234,253,9,28.11,6.49,26.0,2,20
addfb70e,SW Tait,2011,2011,4,89,127,6,21.17,8.56,14.83,3,22
5bb5a915,M Morkel,2011,2011,11,258,325,13,25.0,7.56,19.85,3,18
62af8546,Mohammad Nabi,2017,2017,3,66,58,2,29.0,5.27,33.0,1,13
18e6906e,A Choudhary,2017,2017,5,101,144,5,28.8,8.55,20.2,2,17
2ed569a0,RD Chahar,2020/21,2021,15,318,433,15,28.87,8.17,21.2,2,18
e2db2409,M Ashwin,2020/21,2021,9,189,235,10,23.5,7.46,18.9,3,21
13c35c9e,TG Southee,2023,2023,2,36,79,2,39.5,13.17,18.0,2,54
a4e37e47,S Dube,2024,2024,1,6,14,1,14.0,14.0,6.0,1,14
29d72eb2,AA Chavan,2013,2013,3,54,63,1,63.0,7.0,54.0,1,28
8fd1a8f5,DW Steyn,2015,2015,6,114,170,3,56.67,8.95,38.0,2,38
32198ae0,MC Henriques,2016,2016,17,312,415,12,34.58,7.98,26.0,2,17
edb3d4f8,KC Cariappa,2016,2016,5,102,159,3,53.0,9.35,34.0,2,16
c8179c68,SB Jakati,2016,2016,6,120,178,2,89.0,8.9,60.0,1,13
f6d8a7ab,K Kartikeya,2025,2025,4,48,78,2,39.0,9.75,24.0,1,21
ba607b88,V Kohli,2009,2009,3,36,46,0,,7.67,,0,9
3c6ffae8,YK Pathan,2009,2009,11,210,243,7,34.71,6.94,30.0,3,34
6b19d823,A Mishra,2009,2009,11,253,294,14,21.0,6.97,18.07,3,14
c18496e1,Bipul Sharma,2009/10,2010,4,60,94,3,31.33,9.4,20.0,1,19
d8b2f218,BB Sran,2019,2019,2,24,51,0,,12.75,,0,24
9d430b40,SP Narine,2020/21,2021,10,228,302,5,60.4,7.95,45.6,2,28
983f2f61,Swapnil Singh,2023,2023,2,12,18,0,,9.0,,0,7
85aae393,Iqbal Abdulla,2013,2013,5,113,142,7,20.29,7.54,16.14,3,29
107c26fb,KT Maphaka,2025,2025,2,30,54,1,54.0,10.8,30.0,1,32
46a9bea1,TU Deshpande,2026,2026,7,138,275,4,68.75,11.96,34.5,1,24
670709ec,SB Joshi,2007/08,2008,4,55,82,1,82.0,8.95,55.0,1,27
3d8feaf8,MR Marsh,2011,2011,5,85,99,7,14.14,6.99,12.14,4,25
56ab442f,NM Coulter-Nile,2017,2017,8,170,228,15,15.2,8.05,11.33,3,20
0994d0ae,V Shankar,2021,2021,5,66,100,3,33.33,9.09,22.0,2,19
5f547c8b,Rashid Khan,2022,2022,16,383,421,19,22.16,6.6,20.16,4,24
8d2c70ad,Kuldeep Yadav,2024,2024,11,258,372,16,23.25,8.65,16.13,4,55
8abdf100,CJ Anderson,2015,2015,2,24,33,1,33.0,8.25,24.0,1,21
1c2a64cd,A Ashish Reddy,2016,2016,2,23,39,1,39.0,10.17,23.0,1,14
59559bc2,J Overton,2025,2025,3,36,83,0,,13.83,,0,24
a45a5e8d,AM Nayar,2007/08,2008,5,42,68,1,68.0,9.71,42.0,1,18
1c914163,Yuvraj Singh,2009,2009,9,120,142,6,23.67,7.1,20.0,3,13
6581d753,JM Kemp,2009/10,2010,5,44,54,3,18.0,7.36,14.67,3,12
1e66c162,JD Unadkat,2011,2011,6,108,150,6,25.0,8.33,18.0,2,25
fd835ab3,DJ Hussey,2011,2011,2,18,38,1,38.0,12.67,18.0,1,19
3eac9d95,JDP Oram,2013,2013,1,24,22,0,,5.5,,0,22
fa463154,AB Agarkar,2013,2013,4,60,92,0,,9.2,,0,4
8d92a2c3,MA Wood,2018,2018,1,24,49,0,,12.25,,0,49
fb2d1dda,N Rana,2021,2021,2,12,12,0,,6.0,,0,5
b1ad996b,MP Yadav,2024,2024,4,73,85,7,12.14,6.99,10.43,3,14
5750bcb4,E Malinga,2025,2025,7,160,238,13,18.31,8.93,12.31,3,31
ed5a5510,P Dubey,2025,2025,1,12,20,1,20.0,10.0,12.0,1,20
13c35c9e,TG Southee,2011,2011,5,114,166,4,41.5,8.74,28.5,1,30
a45a5e8d,AM Nayar,2011,2011,6,61,95,2,47.5,9.34,30.5,1,22
da934ee8,MK Lomror,2021,2021,4,42,47,1,47.0,6.71,42.0,1,22
c33d8116,Mohsin Khan,2022,2022,9,198,197,14,14.07,5.97,14.14,4,16
db584dad,CH Gayle,2016,2016,4,60,63,2,31.5,6.3,30.0,2,11
8b5b6769,Harbhajan Singh,2007/08,2008,3,60,82,5,16.4,8.2,12.0,3,32
ce794613,T Natarajan,2017,2017,6,76,115,2,57.5,9.08,38.0,1,26
896d78ad,AD Mathews,2017,2017,2,30,56,0,,11.2,,0,15
cdc6bdba,S Sandeep Warrier,2020/21,2021,1,18,34,0,,11.33,,0,34
fb2d1dda,N Rana,2020/21,2021,2,12,23,0,,11.5,,0,7
11614d87,D Pretorius,2023,2023,1,24,28,0,,7.0,,0,28
76388dc8,S Badree,2014,2014,4,84,97,2,48.5,6.93,42.0,1,19
dbe50b21,HH Pandya,2016,2016,10,100,153,3,51.0,9.18,33.33,1,7
e0351c86,DNT Zoysa,2007/08,2008,3,66,99,2,49.5,9.0,33.0,1,30
96fd40ae,A Nehra,2013,2013,10,216,316,11,28.73,8.78,19.64,2,35
b2a79f17,B Laughlin,2013,2013,2,42,71,1,71.0,10.14,42.0,1,25
7c3b3b78,VG Arora,2022,2022,5,107,164,3,54.67,9.2,35.67,2,21
03a83c50,V Viyaskanth,2024,2024,3,60,86,1,86.0,8.6,60.0,1,37
725529bc,SC Ganguly,2012,2012,4,60,95,2,47.5,9.5,30.0,2,27
c64c2443,J Syed Mohammad,2012,2012,2,42,65,0,,9.29,,0,27
db584dad,CH Gayle,2020/21,2021,1,5,5,0,,6.0,,0,5
e84ac20c,MJ Henry,2026,2026,3,60,130,2,65.0,13.0,30.0,2,54
4329fbb5,SR Watson,2009/10,2010,6,132,184,6,30.67,8.36,22.0,3,37
90de905a,K Gowtham,2023,2023,6,96,118,3,39.33,7.38,32.0,1,10
aaa1b522,TL Suman,2009/10,2010,2,12,24,0,,12.0,,0,8
7dcb9bc9,M Shahrukh Khan,2024,2024,2,12,15,0,,7.5,,0,7
5bb1a1c4,I Sharma,2014,2014,3,66,101,3,33.67,9.18,22.0,2,37
2af1b6d2,AN Ahmed,2015,2015,3,72,128,1,128.0,10.67,72.0,1,28
ed5a5510,P Dubey,2020/21,2021,3,48,72,0,,9.0,,0,14
04a418e8,R Parag,2021,2021,6,37,73,1,73.0,11.84,37.0,1,7
73ad96ed,DJ Hooda,2020/21,2021,1,6,9,0,,9.0,,0,9
b0946605,AS Joseph,2024,2024,3,58,115,1,115.0,11.9,58.0,1,43
0a4ebc61,T Henderson,2009,2009,2,36,40,1,40.0,6.67,36.0,1,30
0a8fce53,Mustafizur Rahman,2023,2023,2,42,79,1,79.0,11.29,42.0,1,38
cedc1d9a,P Suyal,2013,2013,1,18,21,1,21.0,7.0,18.0,1,21
ba607b88,V Kohli,2016,2016,1,6,13,0,,13.0,,0,13
64839cb3,M Pathirana,2026,2026,1,8,9,0,,6.75,,0,9
2e8994e7,JP Duminy,2009/10,2010,2,33,37,1,37.0,6.73,33.0,1,15
9170ff49,Parvez Rasool,2013,2013,2,30,28,1,28.0,5.6,30.0,1,23
a1f1829d,K Goel,2007/08,2008,1,12,25,0,,12.5,,0,25
a4e37e47,S Dube,2019,2019,2,10,8,0,,4.8,,0,3
e087956b,BA Stokes,2021,2021,1,6,12,0,,12.0,,0,12
ee1b6c27,N Thushara,2025,2025,1,24,26,1,26.0,6.5,24.0,1,26
d8b2f218,BB Sran,2017,2017,1,12,29,0,,14.5,,0,29
b8d490fd,AJ Finch,2009/10,2010,1,7,5,0,,4.29,,0,5
5bdcdb72,TM Dilshan,2013,2013,1,6,10,0,,10.0,,0,10
acee4cc4,Imran Tahir,2021,2021,1,24,16,2,8.0,4.0,12.0,2,16
f986ca1a,HV Patel,2015,2015,14,263,328,17,19.29,7.48,15.47,2,12
6aed7e79,PV Tambe,2016,2016,7,96,143,5,28.6,8.94,19.2,2,12
87e562a9,DJ Bravo,2016,2016,15,336,494,17,29.06,8.82,19.76,4,22
98ae73b1,PP Chawla,2016,2016,11,212,273,11,24.82,7.73,19.27,2,21
2cffab74,Mukesh Kumar,2025,2025,12,237,408,12,34.0,10.33,19.75,4,33
034b4b7d,VRV Singh,2009,2009,4,54,82,1,82.0,9.11,54.0,1,22
e938e1bc,P Kumar,2017,2017,6,99,151,6,25.17,9.15,16.5,2,22
462411b3,JJ Bumrah,2017,2017,16,356,440,20,22.0,7.42,17.8,3,7
1e66c162,JD Unadkat,2017,2017,12,275,322,24,13.42,7.03,11.46,5,30
e342e5fb,CR Brathwaite,2017,2017,2,36,67,1,67.0,11.17,36.0,1,38
7f048519,DJ Willey,2018,2018,3,60,95,2,47.5,9.5,30.0,1,24
62af8546,Mohammad Nabi,2019,2019,8,175,194,8,24.25,6.65,21.88,4,11
5574750c,JC Archer,2019,2019,11,258,291,11,26.45,6.77,23.45,3,15
5bb1a1c4,I Sharma,2019,2019,13,276,349,13,26.85,7.59,21.23,3,38
fb66ce1f,CH Morris,2020/21,2021,9,190,210,11,19.09,6.63,17.27,4,26
6b19d823,A Mishra,2021,2021,4,84,109,6,18.17,7.79,14.0,4,24
350bb1b1,AF Milne,2021,2021,4,84,131,3,43.67,9.36,28.0,2,21
85e0cf10,M Prasidh Krishna,2022,2022,17,399,551,19,29.0,8.29,21.0,3,22
fe93fd9d,RA Jadeja,2023,2023,16,342,431,20,21.55,7.56,17.1,3,20
ce794613,T Natarajan,2023,2023,12,270,410,10,41.0,9.11,27.0,2,23
6c6591ab,PP Ojha,2014,2014,12,276,380,4,95.0,8.26,69.0,2,30
1dc12ab9,SK Raina,2014,2014,8,108,134,1,134.0,7.44,108.0,1,17
e938e1bc,P Kumar,2015,2015,12,216,329,7,47.0,9.14,30.86,2,35
41eb4a4f,R Vinay Kumar,2015,2015,13,261,368,7,52.57,8.46,37.29,2,26
119678fd,KV Sharma,2015,2015,14,239,332,10,33.2,8.33,23.9,2,12
b681e71e,GJ Maxwell,2015,2015,7,60,97,2,48.5,9.7,30.0,1,5
2e8994e7,JP Duminy,2016,2016,5,42,55,2,27.5,7.86,21.0,1,4
7210d461,Yash Dayal,2025,2025,15,294,470,13,36.15,9.59,22.62,2,18
04a418e8,R Parag,2025,2025,9,120,170,3,56.67,8.5,40.0,1,12
2ed569a0,RD Chahar,2026,2026,1,24,46,0,,11.5,,0,46
dd09ff8e,B Lee,2011,2011,12,272,338,5,67.6,7.46,54.4,1,12
0a3d54b9,VR Aaron,2012,2012,8,186,271,8,33.88,8.74,23.25,2,19
5d9a1a73,R Sharma,2013,2013,11,246,281,9,31.22,6.85,27.33,2,16
77255a9e,RA Tripathi,2017,2017,1,6,12,0,,12.0,,0,12
94d7f855,C de Grandhomme,2018,2018,7,90,129,2,64.5,8.6,45.0,1,8
6b19d823,A Mishra,2019,2019,11,240,270,11,24.55,6.75,21.82,3,17
1dc12ab9,SK Raina,2013,2013,2,12,23,1,23.0,11.5,12.0,1,4
cc1e8c68,UT Yadav,2014,2014,12,270,367,11,33.36,8.16,24.55,3,13
495d42a5,R Ashwin,2025,2025,9,186,283,7,40.43,9.13,26.57,2,41
85e0cf10,M Prasidh Krishna,2026,2026,12,234,407,16,25.44,10.44,14.63,4,28
e938e1bc,P Kumar,2009,2009,13,298,394,13,30.31,7.93,22.92,3,30
d2a989fc,DS Kulkarni,2009,2009,8,156,206,5,41.2,7.92,31.2,1,21
d7b3a420,Jaskaran Singh,2009/10,2010,6,84,139,6,23.17,9.93,14.0,2,18
342d8ade,CRD Fernando,2009/10,2010,5,114,138,7,19.71,7.26,16.29,2,23
0a476045,S Dhawan,2011,2011,2,12,11,1,11.0,5.5,12.0,1,7
2a2e6343,DT Christian,2017,2017,13,240,298,11,27.09,7.45,21.82,2,10
dbe50b21,HH Pandya,2018,2018,13,256,381,18,21.17,8.93,14.22,3,24
1abb78f8,SN Thakur,2018,2018,13,280,431,16,26.94,9.24,17.5,2,18
641ac5ff,IS Sodhi,2018,2018,6,138,135,5,27.0,5.87,27.6,1,14
fb66ce1f,CH Morris,2019,2019,9,198,306,13,23.54,9.27,15.23,3,22
8cf9814c,Mohammed Shami,2019,2019,14,324,469,19,24.68,8.69,17.05,3,21
119678fd,KV Sharma,2019,2019,1,17,33,1,33.0,11.65,17.0,1,33
98ae73b1,PP Chawla,2020/21,2021,7,126,191,6,31.83,9.1,21.0,2,33
87e562a9,DJ Bravo,2020/21,2021,6,126,180,6,30.0,8.57,21.0,3,37
f29185a1,Abhishek Sharma,2020/21,2021,6,60,91,2,45.5,9.1,30.0,1,15
5574750c,JC Archer,2023,2023,5,120,190,2,95.0,9.5,60.0,1,35
f24c6701,M Theekshana,2023,2023,13,294,392,11,35.64,8.0,26.73,2,23
dbe50b21,HH Pandya,2023,2023,11,150,228,3,76.0,9.12,50.0,1,10
4b31f3a3,Yash Thakur,2023,2023,9,191,289,13,22.23,9.08,14.69,4,37
efc04be7,Noor Ahmad,2024,2024,10,209,290,8,36.25,8.33,26.13,2,20
eef2536f,Avesh Khan,2026,2026,7,148,273,6,45.5,11.07,24.67,2,23
91ffa6c6,JD Ryder,2009,2009,5,102,115,3,38.33,6.76,34.0,2,14
64a4c383,S Sriram,2011,2011,1,6,25,0,,25.0,,0,25
de4b0555,R Shukla,2013,2013,3,48,79,3,26.33,9.88,16.0,2,28
f5180fe6,MG Johnson,2018,2018,6,126,216,2,108.0,10.29,63.0,1,30
df064e1a,Ravi Bishnoi,2021,2021,9,216,230,12,19.17,6.39,18.0,3,24
caf69bf7,DR Sams,2022,2022,11,252,370,13,28.46,8.81,19.38,4,30
529eb9e0,OC McCoy,2023,2023,1,6,13,0,,13.0,,0,13
05c2ca46,RE van der Merwe,2009,2009,10,204,248,9,27.56,7.29,22.67,2,22
1c914163,Yuvraj Singh,2009/10,2010,10,138,152,5,30.4,6.61,27.6,2,21
99ed60f8,JPR Scantlebury-Searles,2018,2018,3,42,89,2,44.5,12.71,21.0,1,24
4125d931,J Suchith,2022,2022,5,108,140,7,20.0,7.78,15.43,2,12
eaa76d3c,C Green,2023,2023,16,228,361,6,60.17,9.5,38.0,2,41
addfb70e,SW Tait,2013,2013,3,60,98,1,98.0,9.8,60.0,1,29
5fa06777,IK Pathan,2014,2014,10,142,205,4,51.25,8.66,35.5,2,10
0f721006,JO Holder,2016,2016,4,78,103,2,51.5,7.92,39.0,2,33
8e514b4c,Abdul Samad,2025,2025,1,2,6,0,,18.0,,0,6
2ed569a0,RD Chahar,2025,2025,1,6,9,0,,9.0,,0,9
798934ea,C Ganapathy,2009/10,2010,1,6,13,0,,13.0,,0,13
740742ef,RG Sharma,2021,2021,2,7,13,0,,11.14,,0,4
73ad96ed,DJ Hooda,2021,2021,7,96,136,2,68.0,8.5,48.0,1,15
e342e5fb,CR Brathwaite,2016,2016,8,139,189,7,27.0,8.16,19.86,3,47
c05edf8e,Harpreet Brar,2026,2026,2,48,60,2,30.0,7.5,24.0,2,35
6b8eb6e5,S Sreesanth,2009,2009,7,138,192,6,32.0,8.35,23.0,2,20
86dc8f2e,JH Kallis,2009/10,2010,16,342,476,13,36.62,8.35,26.31,2,3
9d430b40,SP Narine,2018,2018,16,366,467,17,27.47,7.66,21.53,3,18
dcf81436,S Kaul,2020/21,2021,1,24,64,2,32.0,16.0,12.0,2,64
6b19d823,A Mishra,2023,2023,7,114,149,7,21.29,7.84,16.29,2,21
efc04be7,Noor Ahmad,2026,2026,14,306,428,13,32.92,8.39,23.54,3,21
e2db2409,M Ashwin,2021,2021,3,66,97,1,97.0,8.82,66.0,1,32
8361e524,SSB Magala,2023,2023,2,36,51,1,51.0,8.5,36.0,1,37
da934ee8,MK Lomror,2024,2024,1,6,18,0,,18.0,,0,18
2e171977,AR Patel,2016,2016,14,287,388,13,29.85,8.11,22.08,4,21
2f9d0389,LH Ferguson,2025,2025,4,68,104,5,20.8,9.18,13.6,2,37
81049310,J Yadav,2021,2021,5,102,130,2,65.0,7.65,51.0,1,25
4d7f517e,AJ Hosein,2023,2023,1,24,40,1,40.0,10.0,24.0,1,40
eef2536f,Avesh Khan,2025,2025,13,284,487,13,37.46,10.29,21.85,3,37
25eeb281,PC Valthaty,2012,2012,1,6,16,0,,16.0,,0,16
8291f939,AL Menaria,2012,2012,3,20,23,1,23.0,6.9,20.0,1,3
b483905d,Akash Singh,2021,2021,1,24,39,0,,9.75,,0,39
32198ae0,MC Henriques,2014,2014,4,60,96,4,24.0,9.6,15.0,2,26
e62dd25d,K Rabada,2017,2017,6,128,188,6,31.33,8.81,21.33,2,20
5d2eea49,Kartik Tyagi,2022,2022,2,48,79,1,79.0,9.88,48.0,1,42
a9fd84fb,M Markande,2024,2024,7,132,259,8,32.38,11.77,16.5,2,26
172dff15,C Bosch,2025,2025,2,42,55,1,55.0,7.86,42.0,1,26
99b202b3,A Chandila,2012,2012,4,84,86,5,17.2,6.14,16.8,4,13
8abdf100,CJ Anderson,2018,2018,3,52,115,3,38.33,13.27,17.33,2,47
81049310,J Yadav,2020/21,2021,2,42,43,1,43.0,6.14,42.0,1,25
2cdce1be,C Sakariya,2022,2022,3,66,84,3,28.0,7.64,22.0,2,23
e9c7f0d0,Fazalhaq Farooqi,2022,2022,3,72,110,2,55.0,9.17,36.0,2,32
c7a995d3,R Sai Kishore,2022,2022,5,96,121,6,20.17,7.56,16.0,2,7
5451a2c1,B Chipli,2011,2011,1,6,20,0,,20.0,,0,20
7d3720ba,RR Bhatkal,2012,2012,1,12,35,0,,17.5,,0,35
6eb146d2,Gurkeerat Singh,2015,2015,3,54,66,3,22.0,7.33,18.0,2,17
808f425a,JP Faulkner,2012,2012,2,48,72,3,24.0,9.0,16.0,2,41
8db7f47f,RJW Topley,2024,2024,4,90,168,4,42.0,11.2,22.5,2,27
90edaaa9,S Rana,2011,2011,1,4,2,0,,3.0,,0,2
c27b5a0e,PVSN Raju,2025,2025,2,24,53,1,53.0,13.25,24.0,1,40
f834dcfc,L Ngidi,2025,2025,2,48,81,4,20.25,10.13,12.0,3,30
e1b9f3a9,BJ Dwarshuis,2026,2026,1,24,51,1,51.0,12.75,24.0,1,51
acee4cc4,Imran Tahir,2018,2018,6,124,188,6,31.33,9.1,20.67,2,34
fe763256,Y Venugopal Rao,2014,2014,2,12,16,0,,8.0,,0,7
441c72ae,P Ray Barman,2019,2019,1,24,56,0,,14.0,,0,56
0b60eb09,KA Maharaj,2024,2024,2,36,39,2,19.5,6.5,18.0,2,23
b0482a1d,Tilak Varma,2024,2024,1,4,8,0,,12.0,,0,8
6ec424a9,ND Doshi,2011,2011,3,32,62,1,62.0,11.63,32.0,1,15
fdf7491e,IC Porel,2021,2021,1,24,39,1,39.0,9.75,24.0,1,39
66b30f71,AB Dinda,2015,2015,2,30,62,0,,12.4,,0,23
2e8994e7,JP Duminy,2018,2018,2,18,36,0,,12.0,,0,8
e186f49c,Mashrafe Mortaza,2009,2009,1,24,58,0,,14.5,,0,58
aa8d28ae,D Wiese,2023,2023,1,18,38,0,,12.67,,0,38
90de905a,K Gowtham,2024,2024,1,12,29,0,,14.5,,0,29
888e32bf,Abdur Razzak,2007/08,2008,1,12,29,0,,14.5,,0,29
16043342,AB McDonald,2009,2009,1,18,22,0,,7.33,,0,22
1c914163,Yuvraj Singh,2013,2013,10,132,152,6,25.33,6.91,22.0,2,27
41eb4a4f,R Vinay Kumar,2014,2014,9,192,281,7,40.14,8.78,27.43,2,26
7dc35884,Shakib Al Hasan,2014,2014,13,300,334,11,30.36,6.68,27.27,2,22
8fd1a8f5,DW Steyn,2014,2014,14,336,431,11,39.18,7.7,30.55,2,20
ce820073,Sandeep Sharma,2015,2015,14,300,350,13,26.92,7.0,23.08,4,25
d2a989fc,DS Kulkarni,2015,2015,11,210,277,13,21.31,7.91,16.15,2,9
957532de,S Aravind,2015,2015,5,108,132,8,16.5,7.33,13.5,4,27
5b7ab5a9,CV Varun,2025,2025,13,300,383,17,22.53,7.66,17.65,3,22
a818c1be,TA Boult,2025,2025,16,346,517,22,23.5,8.97,15.73,4,26
03806cf8,JR Hazlewood,2025,2025,12,264,386,22,17.55,8.77,12.0,4,33
3edb58fc,AD Mascarenhas,2009,2009,5,116,132,6,22.0,6.83,19.33,3,20
bd77eb62,A Symonds,2009,2009,8,144,160,7,22.86,6.67,20.57,2,18
a757b0d8,KA Pollard,2009/10,2010,12,222,274,15,18.27,7.41,14.8,3,17
2a2e6343,DT Christian,2011,2011,14,274,350,11,31.82,7.66,24.91,2,13
c3d1402f,RP Singh,2011,2011,14,300,345,13,26.54,6.9,23.08,4,25
41eb4a4f,R Vinay Kumar,2012,2012,14,335,480,19,25.26,8.6,17.63,3,22
e087956b,BA Stokes,2017,2017,12,264,316,12,26.33,7.18,22.0,3,18
a9fd84fb,M Markande,2019,2019,3,36,59,1,59.0,9.83,36.0,1,23
23eeb873,DL Chahar,2019,2019,17,387,482,22,21.91,7.47,17.59,3,20
cdc6bdba,S Sandeep Warrier,2019,2019,3,72,85,2,42.5,7.08,36.0,2,31
5f547c8b,Rashid Khan,2019,2019,15,360,377,17,22.18,6.28,21.18,3,21
bbd41817,AD Russell,2021,2021,8,114,188,11,17.09,9.89,10.36,5,15
a757b0d8,KA Pollard,2021,2021,9,79,95,5,19.0,7.22,15.8,2,8
462411b3,JJ Bumrah,2022,2022,14,320,383,15,25.53,7.18,21.33,5,10
be24ead0,Ramandeep Singh,2022,2022,3,36,54,6,9.0,9.0,6.0,3,20
495d42a5,R Ashwin,2013,2013,18,348,390,15,26.0,6.72,23.2,2,18
c3d35165,JA Morkel,2014,2014,6,96,126,4,31.5,7.88,24.0,1,18
fb5f69e4,M Tiwari,2025,2025,1,6,14,0,,14.0,,0,14
a818c1be,TA Boult,2026,2026,5,97,188,2,94.0,11.63,48.5,1,41
765a4731,Mukesh Choudhary,2026,2026,8,168,249,8,31.13,8.89,21.0,2,21
0c2730df,A Kumble,2007/08,2008,10,230,304,7,43.43,7.93,32.86,3,14
12eddf28,RJ Harris,2009,2009,8,186,230,6,38.33,7.42,31.0,3,27
4180d897,JE Taylor,2011,2011,5,117,157,6,26.17,8.05,19.5,3,30
8291f939,AL Menaria,2011,2011,9,90,121,2,60.5,8.07,45.0,2,20
9d80c5e1,S Nadeem,2011,2011,5,114,142,4,35.5,7.47,28.5,2,39
2e81a32d,B Kumar,2013,2013,16,342,371,13,28.54,6.51,26.31,3,18
9fc0ef64,PJ Sangwan,2018,2018,1,12,19,0,,9.5,,0,19
9d430b40,SP Narine,2019,2019,12,266,347,10,34.7,7.83,26.6,2,19
e62dd25d,K Rabada,2020/21,2021,17,394,548,30,18.27,8.35,13.13,4,24
2ed569a0,RD Chahar,2022,2022,13,280,360,14,25.71,7.71,20.0,3,25
64775749,RP Meredith,2022,2022,8,168,236,8,29.5,8.43,21.0,2,24
aad0c365,Nithish Kumar Reddy,2023,2023,2,30,54,0,,10.8,,0,19
98ae73b1,PP Chawla,2014,2014,11,237,303,14,21.64,7.67,16.93,3,19
7dc35884,Shakib Al Hasan,2015,2015,4,84,123,4,30.75,8.79,21.0,2,22
5bb1a1c4,I Sharma,2016,2016,4,90,148,3,49.33,9.87,30.0,2,36
c33d8116,Mohsin Khan,2026,2026,7,168,228,11,20.73,8.14,15.27,5,23
59559bc2,J Overton,2026,2026,10,168,249,14,17.79,8.89,12.0,4,18
5750bcb4,E Malinga,2026,2026,15,326,507,20,25.35,9.33,16.3,4,32
c3d35165,JA Morkel,2009,2009,12,240,328,13,25.23,8.2,18.46,2,13
2e81a32d,B Kumar,2011,2011,4,66,67,3,22.33,6.09,22.0,2,14
9d80c5e1,S Nadeem,2012,2012,12,270,318,8,39.75,7.07,33.75,3,16
1c2a64cd,A Ashish Reddy,2012,2012,9,163,237,11,21.55,8.72,14.82,3,25
9a158001,Azhar Mahmood,2013,2013,11,263,330,15,22.0,7.53,17.53,3,21
bb351c23,MM Ali,2019,2019,9,150,169,6,28.17,6.76,25.0,2,18
fe93fd9d,RA Jadeja,2020/21,2021,13,218,318,6,53.0,8.75,36.33,2,42
a818c1be,TA Boult,2022,2022,16,372,492,16,30.75,7.94,23.25,2,18
c38d3503,Shivam Mavi,2022,2022,6,132,227,5,45.4,10.32,26.4,1,33
872b03f7,A Badoni,2022,2022,2,12,11,2,5.5,5.5,6.0,1,5
a818c1be,TA Boult,2024,2024,15,320,443,16,27.69,8.31,20.0,3,22
85b3fab2,T Stubbs,2024,2024,2,12,15,3,5.0,7.5,4.0,2,11
9a158001,Azhar Mahmood,2015,2015,1,18,41,0,,13.67,,0,41
13fc5c6d,DS Rathi,2025,2025,13,312,429,14,30.64,8.25,22.29,2,30
57ee1fde,YS Chahal,2026,2026,12,246,385,12,32.08,9.39,20.5,3,36
b2b50355,L Balaji,2007/08,2008,9,198,286,11,26.0,8.67,18.0,5,24
66b30f71,AB Dinda,2009,2009,8,144,193,4,48.25,8.04,36.0,1,24
fd835ab3,DJ Hussey,2009,2009,3,24,34,0,,8.5,,0,6
ae78bc32,MS Gony,2011,2011,3,54,85,4,21.25,9.44,13.5,3,31
2af1b6d2,AN Ahmed,2011,2011,6,120,169,5,33.8,8.45,24.0,2,13
2e8994e7,JP Duminy,2012,2012,6,72,104,1,104.0,8.67,72.0,1,8
4329fbb5,SR Watson,2012,2012,7,138,161,6,26.83,7.0,23.0,2,19
a4e37e47,S Dube,2022,2022,2,12,36,0,,18.0,,0,11
9061a703,J Little,2023,2023,10,204,294,7,42.0,8.65,29.14,2,25
765a4731,Mukesh Choudhary,2024,2024,1,6,27,0,,27.0,,0,27
e938e1bc,P Kumar,2014,2014,3,72,78,3,26.0,6.5,24.0,2,31
64839cb3,M Pathirana,2025,2025,12,251,424,13,32.62,10.14,19.31,3,36
82c10dac,Abhinandan Singh,2026,2026,3,58,122,3,40.67,12.62,19.33,2,30
1dc12ab9,SK Raina,2009,2009,10,166,164,7,23.43,5.93,23.71,2,17
13c35c9e,TG Southee,2017,2017,3,60,96,3,32.0,9.6,20.0,2,39
a1d053dd,SS Cottrell,2020/21,2021,6,120,176,6,29.33,8.8,20.0,2,17
5b8c830e,KH Pandya,2020/21,2021,16,301,380,6,63.33,7.57,50.17,2,26
d68e7f48,R Rampaul,2014,2014,2,36,37,1,37.0,6.17,36.0,1,21
9170ff49,Parvez Rasool,2014,2014,3,54,83,1,83.0,9.22,54.0,1,26
cedc1d9a,P Suyal,2015,2015,3,60,95,0,,9.5,,0,22
a2f46292,KK Ahmed,2025,2025,14,280,447,15,29.8,9.58,18.67,3,29
32198ae0,MC Henriques,2009,2009,4,73,107,2,53.5,8.79,36.5,1,32
35205dfc,DR Smith,2009,2009,8,84,124,1,124.0,8.86,84.0,1,25
2a72fd4f,Harmeet Singh,2009,2009,7,137,192,3,64.0,8.41,45.67,2,23
c64c2443,J Syed Mohammad,2011,2011,5,90,127,5,25.4,8.47,18.0,2,25
2a72fd4f,Harmeet Singh,2013,2013,3,68,87,5,17.4,7.68,13.6,3,24
9f961c14,Joginder Sharma,2009,2009,4,42,57,2,28.5,8.14,21.0,1,10
0f12f9df,NLTC Perera,2011,2011,4,84,111,2,55.5,7.93,42.0,1,30
6b19d823,A Mishra,2011,2011,14,320,358,19,18.84,6.71,16.84,4,9
94253925,GH Vihari,2013,2013,5,36,38,1,38.0,6.33,36.0,1,5
1abb78f8,SN Thakur,2017,2017,12,229,315,11,28.64,8.25,20.82,3,19
e2db2409,M Ashwin,2018,2018,2,42,53,3,17.67,7.57,14.0,2,36
d2a989fc,DS Kulkarni,2019,2019,10,210,335,6,55.83,9.57,35.0,1,14
e4cdf230,AS Roy,2019,2019,1,12,11,1,11.0,5.5,12.0,1,11
c05edf8e,Harpreet Brar,2022,2022,5,96,146,4,36.5,9.13,24.0,3,26
23eeb873,DL Chahar,2024,2024,8,141,202,5,40.4,8.6,28.2,2,28
c3d35165,JA Morkel,2013,2013,7,144,159,7,22.71,6.63,20.57,3,32
69be866a,Anureet Singh,2016,2016,2,36,43,0,,7.17,,0,15
a4e37e47,S Dube,2026,2026,4,30,64,1,64.0,12.8,30.0,1,30
0a3d54b9,VR Aaron,2011,2011,3,72,82,2,41.0,6.83,36.0,1,20
9868bc75,BMAJ Mendis,2013,2013,2,30,36,1,36.0,7.2,30.0,1,16
9d80c5e1,S Nadeem,2018,2018,6,90,161,3,53.67,10.73,30.0,2,34
26a85969,R Dhawan,2023,2023,4,42,60,1,60.0,8.57,42.0,1,20
aaa1b522,TL Suman,2013,2013,1,12,15,1,15.0,7.5,12.0,1,15
13c35c9e,TG Southee,2016,2016,11,258,329,9,36.56,7.65,28.67,3,24
dec8e038,J Theron,2009/10,2010,7,144,187,6,31.17,7.79,24.0,2,17
c8179c68,SB Jakati,2009/10,2010,11,228,291,13,22.38,7.66,17.54,2,17
9fc0ef64,PJ Sangwan,2017,2017,5,108,181,5,36.2,10.06,21.6,2,38
11614d87,D Pretorius,2022,2022,6,126,210,6,35.0,10.0,21.0,2,30
f5180fe6,MG Johnson,2016,2016,3,66,106,2,53.0,9.64,33.0,1,35
26989d80,Shashank Singh,2025,2025,1,12,27,0,,13.5,,0,27
33a364a6,R Bhatia,2009/10,2010,5,96,132,3,44.0,8.25,32.0,1,24
87e562a9,DJ Bravo,2009/10,2010,10,157,228,4,57.0,8.71,39.25,2,11
23eeb873,DL Chahar,2020/21,2021,14,312,396,12,33.0,7.62,26.0,2,18
14f96089,A Zampa,2016,2016,5,102,115,12,9.58,6.76,8.5,6,19
69be866a,Anureet Singh,2009,2009,2,30,47,2,23.5,9.4,15.0,2,35
e4cdf230,AS Roy,2022,2022,2,42,55,1,55.0,7.86,42.0,1,28
85aae393,Iqbal Abdulla,2014,2014,1,12,17,0,,8.5,,0,17
4125d931,J Suchith,2016,2016,1,12,31,0,,15.5,,0,31
d92e42f5,KP Appanna,2012,2012,6,102,148,6,24.67,8.71,17.0,4,19
db31895a,AS Rajpoot,2013,2013,2,24,35,1,35.0,8.75,24.0,1,25
12eddf28,RJ Harris,2013,2013,3,72,72,1,72.0,6.0,72.0,1,12
1da489ff,S Kaushik,2017,2017,3,66,105,0,,9.55,,0,29
81049310,J Yadav,2017,2017,2,36,42,0,,7.0,,0,16
94d7f855,C de Grandhomme,2019,2019,3,30,55,0,,11.0,,0,12
0a3d54b9,VR Aaron,2019,2019,5,72,116,4,29.0,9.67,18.0,2,20
e4a0deae,MJ Santner,2026,2026,4,84,125,5,25.0,8.93,16.8,2,16
ba6b2f91,RA Bawa,2026,2026,2,24,50,2,25.0,12.5,12.0,1,11
23eeb873,DL Chahar,2026,2026,8,153,265,8,33.13,10.39,19.13,2,33
12b610c2,TM Head,2026,2026,1,6,7,1,7.0,7.0,6.0,1,7
8ba8195d,V Sehwag,2009/10,2010,3,34,23,3,7.67,4.06,11.33,2,18
5d096f3d,RR Powar,2011,2011,5,72,112,2,56.0,9.33,36.0,1,20
54e52590,Vijaykumar Vyshak,2023,2023,7,144,253,9,28.11,10.54,16.0,3,20
2af1b6d2,AN Ahmed,2012,2012,1,12,17,0,,8.5,,0,17
fa2f1dde,K Khejroliya,2018,2018,3,65,107,2,53.5,9.88,32.5,2,33
244048f6,Arshdeep Singh,2019,2019,3,60,109,3,36.33,10.9,20.0,2,43
81c36ee9,M Jansen,2021,2021,2,36,45,2,22.5,7.5,18.0,2,28
b52ffbbd,FA Allen,2021,2021,3,66,90,1,90.0,8.18,66.0,1,22
249abedf,Jalaj S Saxena,2021,2021,1,18,27,0,,9.0,,0,27
04a418e8,R Parag,2024,2024,2,18,27,0,,9.0,,0,10
0bf15e52,Harmeet Singh,2013,2013,1,24,34,1,34.0,8.5,24.0,1,34
7a8bd078,S Gopal,2015,2015,1,13,23,1,23.0,10.62,13.0,1,23
5bdcdb72,TM Dilshan,2007/08,2008,1,6,3,1,3.0,3.0,6.0,1,3
012829ff,JW Hastings,2016,2016,2,40,37,2,18.5,5.55,20.0,2,6
287686fd,S Narwal,2013,2013,1,12,17,0,,8.5,,0,17
26d041c4,Sikandar Raza,2024,2024,1,12,22,0,,11.0,,0,22
3ae3f034,AUK Pathan,2012,2012,1,6,14,0,,14.0,,0,14
d2a989fc,DS Kulkarni,2020/21,2021,1,18,22,0,,7.33,,0,22
21d4e29b,Navdeep Saini,2026,2026,1,18,37,0,,12.33,,0,37
2af1b6d2,AN Ahmed,2009/10,2010,1,12,26,0,,13.0,,0,26
16043342,AB McDonald,2011,2011,1,12,23,0,,11.5,,0,23
edb3d4f8,KC Cariappa,2015,2015,1,12,28,1,28.0,14.0,12.0,1,28
26e5cabf,MK Tiwary,2009/10,2010,1,6,11,1,11.0,11.0,6.0,1,11
462411b3,JJ Bumrah,2013,2013,2,42,70,3,23.33,10.0,14.0,3,32
970ddd24,Suryansh Shedge,2025,2025,1,18,40,0,,13.33,,0,40
44aac2f0,Arjun Tendulkar,2024,2024,1,14,22,0,,9.43,,0,22
9d430b40,SP Narine,2013,2013,16,384,350,22,15.91,5.47,17.45,4,13
e938e1bc,P Kumar,2013,2013,15,338,373,12,31.08,6.62,28.17,2,10
87e562a9,DJ Bravo,2013,2013,18,375,497,32,15.53,7.95,11.72,4,42
f708a0bc,GB Hogg,2015,2015,6,126,144,9,16.0,6.86,14.0,4,29
4b31f3a3,Yash Thakur,2025,2025,2,39,79,1,79.0,12.15,39.0,1,39
02dfebbe,Yash Raj Punja,2026,2026,8,180,279,9,31.0,9.3,20.0,2,35
f0f628c7,MM Patel,2009/10,2010,4,78,118,3,39.33,9.08,26.0,1,20
a386e91b,PD Collingwood,2009/10,2010,6,89,101,5,20.2,6.81,17.8,2,19
2e8994e7,JP Duminy,2011,2011,8,108,143,4,35.75,7.94,27.0,1,3
24d94623,Ankit Sharma,2012,2012,9,145,165,4,41.25,6.83,36.25,1,9
85aae393,Iqbal Abdulla,2012,2012,8,132,144,4,36.0,6.55,33.0,1,20
8b5b6769,Harbhajan Singh,2013,2013,19,420,456,24,19.0,6.51,17.5,3,14
7a8bd078,S Gopal,2018,2018,10,186,236,11,21.45,7.61,16.91,4,16
51a3c5ef,MJ McClenaghan,2018,2018,11,240,332,14,23.71,8.3,17.14,2,22
7d92277a,Mujeeb Ur Rahman,2018,2018,11,248,289,14,20.64,6.99,17.71,3,27
5f547c8b,Rashid Khan,2018,2018,17,408,458,21,21.81,6.74,19.43,3,19
c6097d68,O Thomas,2019,2019,4,60,79,5,15.8,7.9,12.0,2,6
8b5b6769,Harbhajan Singh,2019,2019,11,264,312,16,19.5,7.09,16.5,3,20
46a9bea1,TU Deshpande,2022,2022,2,42,63,1,63.0,9.0,42.0,1,40
fe93fd9d,RA Jadeja,2022,2022,10,198,248,5,49.6,7.52,39.6,3,39
2e171977,AR Patel,2022,2022,13,258,321,6,53.5,7.47,43.0,2,10
9eb1455b,NT Ellis,2023,2023,10,228,339,13,26.08,8.92,17.54,4,30
8f6dd463,Azmatullah Omarzai,2024,2024,7,126,186,4,46.5,8.86,31.5,2,27
9d430b40,SP Narine,2024,2024,14,330,368,17,21.65,6.69,19.41,2,22
3fb19989,MA Starc,2014,2014,14,322,402,14,28.71,7.49,23.0,2,21
1647bd37,Karanveer Singh,2014,2014,5,120,164,11,14.91,8.2,10.91,4,54
4329fbb5,SR Watson,2015,2015,10,174,269,6,44.83,9.28,29.0,2,36
dbe50b21,HH Pandya,2026,2026,9,136,259,4,64.75,11.43,34.0,1,18
88fccd6c,SM Pollock,2007/08,2008,13,276,301,11,27.36,6.54,25.09,3,12
21ac077a,RR Bose,2009,2009,1,12,24,0,,12.0,,0,24
fd835ab3,DJ Hussey,2009/10,2010,5,60,80,0,,8.0,,0,7
5d9a1a73,R Sharma,2009/10,2010,6,124,167,5,33.4,8.08,24.8,2,42
dd09ff8e,B Lee,2012,2012,10,228,299,7,42.71,7.87,32.57,2,26
896d78ad,AD Mathews,2013,2013,10,186,240,5,48.0,7.74,37.2,3,14
51a3c5ef,MJ McClenaghan,2017,2017,14,324,507,19,26.68,9.39,17.05,3,24
94d7f855,C de Grandhomme,2017,2017,9,96,135,4,33.75,8.44,24.0,3,4
462411b3,JJ Bumrah,2018,2018,14,324,372,17,21.88,6.89,19.06,3,15
2e81a32d,B Kumar,2019,2019,15,354,461,13,35.46,7.81,27.23,2,24
a757b0d8,KA Pollard,2020/21,2021,11,126,190,4,47.5,9.05,31.5,1,5
9d430b40,SP Narine,2022,2022,14,336,312,9,34.67,5.57,37.33,2,21
57ee1fde,YS Chahal,2023,2023,14,317,432,21,20.57,8.18,15.1,4,17
ce820073,Sandeep Sharma,2023,2023,12,276,396,10,39.6,8.61,27.6,2,25
a2f46292,KK Ahmed,2023,2023,9,198,301,9,33.44,9.12,22.0,2,24
12314277,Arshad Khan,2024,2024,4,61,114,1,114.0,11.21,61.0,1,45
96fd40ae,A Nehra,2015,2015,16,372,449,22,20.41,7.24,16.91,4,10
a12e1d51,SL Malinga,2009,2009,13,297,312,18,17.33,6.3,16.5,3,11
85aae393,Iqbal Abdulla,2009/10,2010,3,51,61,1,61.0,7.18,51.0,1,28
5d9a1a73,R Sharma,2011,2011,14,300,273,16,17.06,5.46,18.75,3,13
5fa06777,IK Pathan,2012,2012,17,360,465,8,58.13,7.75,45.0,2,46
bd17b45f,STR Binny,2012,2012,6,60,78,3,26.0,7.8,20.0,1,8
edb3d4f8,KC Cariappa,2017,2017,4,90,127,4,31.75,8.47,22.5,2,24
2e171977,AR Patel,2019,2019,14,306,364,10,36.4,7.14,30.6,2,22
acee4cc4,Imran Tahir,2019,2019,17,386,431,26,16.58,6.7,14.85,4,12
64775749,RP Meredith,2021,2021,5,102,169,4,42.25,9.94,25.5,1,29
2e81a32d,B Kumar,2022,2022,14,313,383,12,31.92,7.34,26.08,3,22
0a8fce53,Mustafizur Rahman,2022,2022,8,192,244,8,30.5,7.63,24.0,3,18
df064e1a,Ravi Bishnoi,2022,2022,14,324,456,13,35.08,8.44,24.92,2,22
e62dd25d,K Rabada,2024,2024,11,252,372,11,33.82,8.86,22.91,2,18
98ae73b1,PP Chawla,2015,2015,13,210,269,11,24.45,7.69,19.09,4,32
dbe50b21,HH Pandya,2025,2025,14,210,342,14,24.43,9.77,15.0,5,36
fffa744b,Naman Dhir,2025,2025,2,24,21,0,,5.25,,0,9
890de8cb,Gagandeep Singh,2007/08,2008,4,84,141,3,47.0,10.07,28.0,1,33
fe93fd9d,RA Jadeja,2011,2011,14,252,305,8,38.13,7.26,31.5,2,25
85aae393,Iqbal Abdulla,2011,2011,15,300,305,16,19.06,6.1,18.75,3,24
1e66c162,JD Unadkat,2013,2013,13,294,370,13,28.46,7.55,22.62,5,25
740742ef,RG Sharma,2013,2013,2,8,6,0,,4.5,,0,1
dcf81436,S Kaul,2019,2019,7,162,242,6,40.33,8.96,27.0,2,34
5b8c830e,KH Pandya,2022,2022,12,228,265,10,26.5,6.97,22.8,3,19
81c08fa3,Umran Malik,2022,2022,14,295,444,22,20.18,9.03,13.41,5,25
91a4a398,Z Khan,2013,2013,2,36,47,5,9.4,7.83,7.2,4,17
531f0278,K Santokie,2014,2014,2,48,90,3,30.0,11.25,16.0,2,50
fb66ce1f,CH Morris,2015,2015,11,252,311,13,23.92,7.4,19.38,4,23
d9273ee7,MP Stoinis,2016,2016,7,138,194,8,24.25,8.43,17.25,4,15
3b53243a,XC Bartlett,2025,2025,4,60,96,2,48.0,9.6,30.0,1,26
d7c6af50,DL Vettori,2009,2009,7,139,181,7,25.86,7.81,19.86,3,15
dddca1d6,SB Wagh,2009/10,2010,1,6,16,1,16.0,16.0,6.0,1,16
8b9704ae,L Ablish,2009/10,2010,2,24,36,3,12.0,9.0,8.0,2,17
90de905a,K Gowtham,2018,2018,15,240,312,11,28.36,7.8,21.82,2,12
85e0cf10,M Prasidh Krishna,2018,2018,7,168,260,10,26.0,9.29,16.8,4,30
9d80c5e1,S Nadeem,2019,2019,3,54,90,2,45.0,10.0,27.0,1,24
ce794613,T Natarajan,2021,2021,2,48,69,2,34.5,8.63,24.0,1,32
5574750c,JC Archer,2025,2025,12,273,431,11,39.18,9.47,24.82,3,25
f19ccfad,Washington Sundar,2026,2026,5,55,84,1,84.0,9.16,55.0,1,27
91a4a398,Z Khan,2007/08,2008,11,252,357,13,27.46,8.5,19.38,3,38
af7dadf7,B Akhil,2009/10,2010,1,6,6,0,,6.0,,0,6
2a72fd4f,Harmeet Singh,2012,2012,7,134,191,7,27.29,8.55,19.14,3,24
6b8eb6e5,S Sreesanth,2013,2013,7,130,163,5,32.6,7.52,26.0,2,20
8cf9814c,Mohammed Shami,2017,2017,8,156,243,5,48.6,9.35,31.2,2,36
73ad96ed,DJ Hooda,2018,2018,2,18,24,0,,8.0,,0,8
b0482a1d,Tilak Varma,2022,2022,2,12,13,0,,6.5,,0,6
9a5f2863,Mohit Rathee,2023,2023,1,12,29,0,,14.5,,0,29
e2db2409,M Ashwin,2016,2016,10,171,241,7,34.43,8.46,24.43,3,36
3d7e087f,SK Trivedi,2009/10,2010,10,213,260,11,23.64,7.32,19.36,3,16
e62dd25d,K Rabada,2023,2023,6,138,232,7,33.14,10.09,19.71,2,34
e38bce7a,MG Bracewell,2023,2023,5,66,95,6,15.83,8.64,11.0,2,13
f19ccfad,Washington Sundar,2024,2024,2,30,73,1,73.0,14.6,30.0,1,46
0f12f9df,NLTC Perera,2015,2015,2,36,55,1,55.0,9.17,36.0,1,33
7c503806,J Botha,2011,2011,10,216,239,7,34.14,6.64,30.86,3,6
f29185a1,Abhishek Sharma,2024,2024,4,42,51,2,25.5,7.29,21.0,2,24
4d7f517e,AJ Hosein,2026,2026,7,148,198,8,24.75,8.03,18.5,4,17
1dc12ab9,SK Raina,2009/10,2010,12,143,178,6,29.67,7.47,23.83,1,0
469ea22b,KMDN Kulasekara,2012,2012,4,84,94,4,23.5,6.71,21.0,2,10
7c7d63a2,AJ Tye,2018,2018,14,336,448,24,18.67,8.0,14.0,4,16
1ac746c8,Atharva Taide,2024,2024,1,1,4,0,,24.0,,0,4
3edb58fc,AD Mascarenhas,2012,2012,4,96,105,7,15.0,6.56,13.71,5,25
1c914163,Yuvraj Singh,2017,2017,2,12,22,1,22.0,11.0,12.0,1,6
0a3d54b9,VR Aaron,2020/21,2021,3,48,94,0,,11.75,,0,22
fa2f1dde,K Khejroliya,2025,2025,1,18,29,1,29.0,9.67,18.0,1,29
fb2d1dda,N Rana,2023,2023,6,53,75,3,25.0,8.49,17.67,2,17
f29185a1,Abhishek Sharma,2022,2022,3,24,38,0,,9.5,,0,10
ab89348d,MF Maharoof,2009,2009,3,60,65,4,16.25,6.5,15.0,2,27
1c2a64cd,A Ashish Reddy,2013,2013,5,40,70,3,23.33,10.5,13.33,1,7
30df8c66,Simarjeet Singh,2022,2022,6,108,138,4,34.5,7.67,27.0,2,27
c18496e1,Bipul Sharma,2013,2013,1,24,21,1,21.0,5.25,24.0,1,21
32198ae0,MC Henriques,2021,2021,5,60,45,4,11.25,4.5,15.0,3,12
0164b064,MG Neser,2013,2013,1,24,62,0,,15.5,,0,62
5f26df4f,VS Malik,2011,2011,1,12,13,0,,6.5,,0,13
66cf56a5,A Mithun,2012,2012,1,18,33,0,,11.0,,0,33
5d096f3d,RR Powar,2012,2012,1,18,32,0,,10.67,,0,32
33a364a6,R Bhatia,2015,2015,2,30,46,0,,9.2,,0,23
83c3e8e3,SH Johnson,2026,2026,3,66,112,2,56.0,10.18,33.0,1,39
33ffc3dd,R Sanjay Yadav,2022,2022,1,12,23,0,,11.5,,0,23
fd835ab3,DJ Hussey,2014,2014,1,17,38,2,19.0,13.41,8.5,2,38
9eb1455b,NT Ellis,2024,2024,1,24,24,1,24.0,6.0,24.0,1,24
a4e37e47,S Dube,2025,2025,1,12,33,0,,16.5,,0,33
64a4c383,S Sriram,2009/10,2010,1,12,24,0,,12.0,,0,24
aaa1b522,TL Suman,2011,2011,3,36,50,0,,8.33,,0,12
39f82db3,DJ Harris,2012,2012,2,18,26,0,,8.67,,0,11
b8d490fd,AJ Finch,2013,2013,3,24,49,1,49.0,12.25,24.0,1,11
f846de6a,MN Samuels,2017,2017,2,18,34,0,,11.33,,0,12
1a156c88,DJM Short,2018,2018,2,18,19,1,19.0,6.33,18.0,1,10
fb24e76c,Monu Kumar,2020/21,2021,1,12,20,0,,10.0,,0,20
f986ca1a,HV Patel,2017,2017,1,24,43,3,14.33,10.75,8.0,3,43
ef5da05c,AG Murtaza,2012,2012,1,12,11,0,,5.5,,0,11
662c47a6,Y Nagar,2009/10,2010,1,18,28,1,28.0,9.33,18.0,1,28
39a2dfa8,R Tewatia,2015,2015,1,18,31,1,31.0,10.33,18.0,1,31
fb2d1dda,N Rana,2016,2016,1,6,3,0,,3.0,,0,3
943fd425,I Malhotra,2011,2011,1,6,23,0,,23.0,,0,23
871e9faf,Basil Thampi,2020/21,2021,1,24,46,1,46.0,11.5,24.0,1,46
1abb78f8,SN Thakur,2015,2015,1,18,38,1,38.0,12.67,18.0,1,38
3c6ffae8,YK Pathan,2014,2014,1,6,10,0,,10.0,,0,10
3d8feaf8,MR Marsh,2013,2013,7,116,182,7,26.0,9.41,16.57,2,7
119678fd,KV Sharma,2014,2014,14,304,376,15,25.07,7.42,20.27,4,38
fe93fd9d,RA Jadeja,2014,2014,16,326,443,19,23.32,8.15,17.16,4,12
2c76b512,DJ Muthuswami,2015,2015,6,84,101,4,25.25,7.21,21.0,2,18
0a8fce53,Mustafizur Rahman,2016,2016,16,366,421,17,24.76,6.9,21.53,3,16
a818c1be,TA Boult,2016,2016,1,24,39,1,39.0,9.75,24.0,1,39
8cf9814c,Mohammed Shami,2025,2025,9,180,337,6,56.17,11.23,30.0,2,28
8f6dd463,Azmatullah Omarzai,2025,2025,8,162,279,8,34.88,10.33,20.25,2,33
dadbdb68,JA Duffy,2026,2026,6,144,263,9,29.22,10.96,16.0,3,22
4329fbb5,SR Watson,2007/08,2008,15,325,383,17,22.53,7.07,19.12,3,10
bcce309e,WPUJC Vaas,2007/08,2008,5,102,145,5,29.0,8.53,20.4,2,9
e03b66ec,Mohammad Asif,2007/08,2008,8,192,296,8,37.0,9.25,24.0,2,19
0dc00542,Shahid Afridi,2007/08,2008,10,180,225,9,25.0,7.5,20.0,3,28
c654af19,R McLaren,2009/10,2010,10,204,270,4,67.5,7.94,51.0,2,28
a12e1d51,SL Malinga,2011,2011,16,378,375,28,13.39,5.95,13.5,5,13
1c914163,Yuvraj Singh,2011,2011,13,174,192,9,21.33,6.62,19.33,4,29
495d42a5,R Ashwin,2011,2011,16,378,388,20,19.4,6.16,18.9,3,16
25eeb281,PC Valthaty,2011,2011,9,145,189,7,27.0,7.82,20.71,4,29
d7c6af50,DL Vettori,2012,2012,9,210,236,5,47.2,6.74,42.0,1,20
c8179c68,SB Jakati,2012,2012,15,246,336,9,37.33,8.2,27.33,2,14
f62772e5,P Negi,2017,2017,12,193,197,16,12.31,6.12,12.06,3,10
12b610c2,TM Head,2017,2017,5,48,81,2,40.5,10.13,24.0,2,30
5f547c8b,Rashid Khan,2021,2021,14,336,375,18,20.83,6.7,18.67,3,36
bbd41817,AD Russell,2022,2022,13,169,278,17,16.35,9.87,9.94,4,5
244048f6,Arshdeep Singh,2022,2022,14,300,385,10,38.5,7.7,30.0,3,37
4933f499,JP Behrendorff,2023,2023,12,252,387,14,27.64,9.21,18.0,3,23
23eeb873,DL Chahar,2023,2023,10,204,297,13,22.85,8.74,15.69,3,22
d9273ee7,MP Stoinis,2024,2024,7,84,126,4,31.5,9.0,21.0,1,3
ce794613,T Natarajan,2024,2024,14,308,465,19,24.47,9.06,16.21,4,19
2e8994e7,JP Duminy,2014,2014,11,198,240,3,80.0,7.27,66.0,2,27
9170ff49,Parvez Rasool,2016,2016,4,84,129,1,129.0,9.21,84.0,1,31
50c6bc2b,LS Livingstone,2025,2025,5,54,76,2,38.0,8.44,27.0,2,28
5bb1a1c4,I Sharma,2025,2025,7,110,205,4,51.25,11.18,27.5,1,18
a90e53ec,MW Short,2026,2026,2,19,39,0,,12.32,,0,1
6a26221c,AK Markram,2026,2026,5,36,83,0,,13.83,,0,9
5ffc0565,V Nigam,2026,2026,5,54,113,2,56.5,12.56,27.0,1,24
e938e1bc,P Kumar,2009/10,2010,12,270,380,10,38.0,8.44,27.0,3,18
ef5da05c,AG Murtaza,2011,2011,5,120,117,3,39.0,5.85,40.0,2,18
626c5379,R Sathish,2011,2011,4,31,41,0,,7.94,,0,5
dddca1d6,SB Wagh,2011,2011,7,96,121,4,30.25,7.56,24.0,3,16
e32d22f6,Pankaj Singh,2012,2012,6,126,170,7,24.29,8.1,18.0,2,18
f19ccfad,Washington Sundar,2017,2017,10,180,185,8,23.13,6.17,22.5,3,16
8d2c70ad,Kuldeep Yadav,2018,2018,16,308,418,17,24.59,8.14,18.12,4,20
7a8bd078,S Gopal,2020/21,2021,14,300,427,10,42.7,8.54,30.0,2,28
57ee1fde,YS Chahal,2021,2021,15,318,374,18,20.78,7.06,17.67,3,11
a97c8ec2,PWH de Silva,2023,2023,8,174,258,9,28.67,8.9,19.33,2,24
ee1b6c27,N Thushara,2024,2024,7,156,257,8,32.13,9.88,19.5,3,28
740742ef,RG Sharma,2014,2014,2,18,26,1,26.0,8.67,18.0,1,20
0f12f9df,NLTC Perera,2016,2016,11,199,326,9,36.22,9.83,22.11,3,34
2e11c706,BCJ Cutting,2016,2016,4,67,80,5,16.0,7.16,13.4,2,20
aaa1b522,TL Suman,2009,2009,5,90,108,5,21.6,7.2,18.0,2,14
3dba85c2,WA Mota,2009,2009,5,54,61,3,20.33,6.78,18.0,1,6
16043342,AB McDonald,2009/10,2010,4,84,138,5,27.6,9.86,16.8,2,37
2e81a32d,B Kumar,2017,2017,14,314,369,26,14.19,7.05,12.08,5,19
76388dc8,S Badree,2017,2017,7,150,188,9,20.89,7.52,16.67,4,9
e94915e6,SM Curran,2021,2021,9,198,328,9,36.44,9.94,22.0,3,34
e62dd25d,K Rabada,2022,2022,13,288,406,23,17.65,8.46,12.52,4,33
3d8feaf8,MR Marsh,2023,2023,8,121,170,12,14.17,8.43,10.08,4,27
2cdce1be,C Sakariya,2023,2023,2,48,89,3,29.67,11.13,16.0,2,53
2ed569a0,RD Chahar,2024,2024,9,186,279,10,27.9,9.0,18.6,3,23
57ee1fde,YS Chahal,2024,2024,15,348,546,18,30.33,9.41,19.33,3,11
f29185a1,Abhishek Sharma,2025,2025,6,66,112,0,,10.18,,0,5
d2a989fc,DS Kulkarni,2007/08,2008,10,177,236,11,21.45,8.0,16.09,3,33
3355b542,F du Plessis,2012,2012,1,6,16,0,,16.0,,0,16
c3d1402f,RP Singh,2012,2012,11,246,318,10,31.8,7.76,24.6,3,28
dbe50b21,HH Pandya,2017,2017,13,156,213,6,35.5,8.19,26.0,2,22
2f9d0389,LH Ferguson,2019,2019,5,102,183,2,91.5,10.76,51.0,1,38
e2db2409,M Ashwin,2019,2019,10,204,255,5,51.0,7.5,40.8,2,25
19b9f399,CJ Green,2020/21,2021,1,17,24,0,,8.47,,0,24
39a2dfa8,R Tewatia,2020/21,2021,14,276,326,10,32.6,7.09,27.6,3,25
4125d931,J Suchith,2015,2015,12,234,337,10,33.7,8.64,23.4,2,14
244048f6,Arshdeep Singh,2025,2025,16,350,518,21,24.67,8.88,16.67,3,16
dcf81436,S Kaul,2017,2017,10,214,300,16,18.75,8.41,13.38,4,29
c38d3503,Shivam Mavi,2018,2018,9,168,270,5,54.0,9.64,33.6,1,14
cc1e8c68,UT Yadav,2019,2019,11,227,371,8,46.38,9.81,28.38,3,36
7c503806,J Botha,2015,2015,4,60,81,1,81.0,8.1,60.0,1,32
287686fd,S Narwal,2009/10,2010,5,94,185,5,37.0,11.81,18.8,3,36
dd09ff8e,B Lee,2009/10,2010,4,87,149,0,,10.28,,0,24
fb2d1dda,N Rana,2018,2018,5,37,44,4,11.0,7.14,9.25,2,11
6b19d823,A Mishra,2020/21,2021,3,60,72,3,24.0,7.2,20.0,2,35
fb2d1dda,N Rana,2022,2022,2,12,23,0,,11.5,,0,9
f19ccfad,Washington Sundar,2023,2023,7,106,146,3,48.67,8.26,35.33,3,28
93a17209,VY Mahesh,2009/10,2010,1,18,23,1,23.0,7.67,18.0,1,23
cdc6bdba,S Sandeep Warrier,2024,2024,5,66,119,6,19.83,10.82,11.0,3,15
c5aef772,R Shepherd,2026,2026,13,150,298,7,42.57,11.92,21.43,3,54
e148e6bd,PR Veer,2026,2026,1,12,25,0,,12.5,,0,25
ae78bc32,MS Gony,2009/10,2010,3,48,92,1,92.0,11.5,48.0,1,33
0f721006,JO Holder,2013,2013,6,120,168,2,84.0,8.4,60.0,2,20
f9e6e7ef,Shahbaz Ahmed,2020/21,2021,2,36,44,2,22.0,7.33,18.0,2,26
f986ca1a,HV Patel,2014,2014,3,66,113,4,28.25,10.27,16.5,2,56
402f8494,RJ Gleeson,2025,2025,1,21,39,1,39.0,11.14,21.0,1,39
bd17b45f,STR Binny,2017,2017,4,36,50,4,12.5,8.33,9.0,1,9
ce820073,Sandeep Sharma,2020/21,2021,13,312,374,14,26.71,7.19,22.29,3,34
a818c1be,TA Boult,2023,2023,10,228,312,13,24.0,8.21,17.54,3,29
77b1aa15,Harshit Rana,2023,2023,6,102,147,5,29.4,8.65,20.4,2,33
d1a60072,N Wadhera,2025,2025,1,5,9,0,,10.8,,0,9
ce820073,Sandeep Sharma,2022,2022,5,120,153,2,76.5,7.65,60.0,1,18
dfc4d8b5,KW Richardson,2016,2016,4,84,136,7,19.43,9.71,12.0,3,13
bb351c23,MM Ali,2018,2018,5,79,97,3,32.33,7.37,26.33,1,13
7c7d63a2,AJ Tye,2020/21,2021,1,24,50,1,50.0,12.5,24.0,1,50
872b03f7,A Badoni,2026,2026,1,6,14,0,,14.0,,0,14
0a67aec0,Akash Deep,2023,2023,2,30,59,1,59.0,11.8,30.0,1,29
45c2196c,DE Bollinger,2012,2012,6,108,157,8,19.63,8.72,13.5,3,24
6b19d823,A Mishra,2007/08,2008,6,119,138,11,12.55,6.96,10.82,5,17
1a2676c5,SA Abbott,2022,2022,1,24,47,1,47.0,11.75,24.0,1,47
b552a935,AC Thomas,2012,2012,4,84,109,3,36.33,7.79,28.0,3,22
caf69bf7,DR Sams,2020/21,2021,3,72,114,0,,9.5,,0,30
b4f5c2d9,KL Nagarkoti,2021,2021,1,12,25,0,,12.5,,0,25
f1f99156,TH David,2026,2026,1,6,18,0,,18.0,,0,18
dfc4d8b5,KW Richardson,2021,2021,1,18,29,1,29.0,9.67,18.0,1,29
aa8d28ae,D Wiese,2016,2016,1,24,49,0,,12.25,,0,49
ce794613,T Natarajan,2025,2025,2,25,53,1,53.0,12.72,25.0,1,4
24d94623,Ankit Sharma,2014,2014,2,48,43,4,10.75,5.38,12.0,2,20
626c5379,R Sathish,2016,2016,3,36,59,1,59.0,9.83,36.0,1,20
8e514b4c,Abdul Samad,2021,2021,1,6,9,1,9.0,9.0,6.0,1,9
2cffab74,Mukesh Kumar,2023,2023,10,186,326,7,46.57,10.52,26.57,2,30
ffe699c0,CJ Jordan,2018,2018,1,24,31,0,,7.75,,0,31
249d60c9,AU Rashid,2021,2021,1,18,35,0,,11.67,,0,35
eade4650,DJ Mitchell,2024,2024,2,36,70,1,70.0,11.67,36.0,1,18
cb9b8664,W O'Rourke,2025,2025,3,62,132,6,22.0,12.77,10.33,3,27
0f12f9df,NLTC Perera,2009/10,2010,1,6,19,0,,19.0,,0,19
85aae393,Iqbal Abdulla,2017,2017,2,30,55,2,27.5,11.0,15.0,2,36
1cb14aa4,CJ Dala,2018,2018,1,18,34,0,,11.33,,0,34
5d2eea49,Kartik Tyagi,2024,2024,1,24,51,0,,12.75,,0,51
9a46c4e5,GD Phillips,2023,2023,2,18,20,1,20.0,6.67,18.0,1,10
cd8d2859,DG Nalkande,2023,2023,1,24,44,1,44.0,11.0,24.0,1,44
cedc1d9a,P Suyal,2014,2014,1,18,35,1,35.0,11.67,18.0,1,35
d2a989fc,DS Kulkarni,2009/10,2010,1,24,40,1,40.0,10.0,24.0,1,40
1e66c162,JD Unadkat,2009/10,2010,3,62,85,4,21.25,8.23,15.5,3,26
38f2c66c,VS Yeligati,2007/08,2008,2,30,59,0,,11.8,,0,16
0d232ffd,MA Khote,2007/08,2008,2,30,51,2,25.5,10.2,15.0,2,29
85b3fab2,T Stubbs,2023,2023,1,12,14,1,14.0,7.0,12.0,1,14
52294a79,H Sharma,2024,2024,1,12,29,0,,14.5,,0,29
2b6e6dec,AC Gilchrist,2013,2013,1,1,0,1,0.0,0.0,1.0,1,0
44aac2f0,Arjun Tendulkar,2026,2026,1,24,36,1,36.0,9.0,24.0,1,36
ddb00822,P Prasanth,2011,2011,1,6,18,0,,18.0,,0,18
57ee1fde,YS Chahal,2013,2013,1,24,34,0,,8.5,,0,34
d2a989fc,DS Kulkarni,2016,2016,14,294,364,18,20.22,7.43,16.33,4,14
68c56d09,KA Jamieson,2025,2025,4,90,147,5,29.4,9.8,18.0,3,48
16dfcc19,Umar Gul,2007/08,2008,6,135,184,12,15.33,8.18,11.25,4,23
ae78bc32,MS Gony,2009,2009,7,102,172,5,34.4,10.12,20.4,2,32
fe763256,Y Venugopal Rao,2009,2009,6,90,122,4,30.5,8.13,22.5,2,23
98ae73b1,PP Chawla,2009/10,2010,14,294,367,12,30.58,7.49,24.5,3,24
f3171936,BW Hilfenhaus,2012,2012,9,204,233,14,16.64,6.85,14.57,3,27
f5180fe6,MG Johnson,2017,2017,5,120,141,7,20.14,7.05,17.14,3,26
b2a79f17,B Laughlin,2018,2018,7,126,211,9,23.44,10.05,14.0,2,15
b681e71e,GJ Maxwell,2018,2018,10,96,132,5,26.4,8.25,19.2,2,22
2e171977,AR Patel,2020/21,2021,15,306,327,9,36.33,6.41,34.0,2,18
5f547c8b,Rashid Khan,2020/21,2021,16,384,344,20,17.2,5.38,19.2,3,7
ad427b5c,Lalit Yadav,2021,2021,5,84,101,4,25.25,7.21,21.0,2,13
acdc62f5,A Nortje,2021,2021,8,182,187,12,15.58,6.16,15.17,2,12
f24c6701,M Theekshana,2022,2022,9,210,261,12,21.75,7.46,17.5,4,33
f986ca1a,HV Patel,2023,2023,13,282,454,14,32.43,9.66,20.14,3,32
c05edf8e,Harpreet Brar,2023,2023,11,163,218,9,24.22,8.02,18.11,4,30
462411b3,JJ Bumrah,2024,2024,13,311,336,20,16.8,6.48,15.55,5,21
c33d8116,Mohsin Khan,2024,2024,10,228,385,10,38.5,10.13,22.8,2,29
abfeb126,M Kartik,2013,2013,11,234,284,9,31.56,7.28,26.0,2,24
6aed7e79,PV Tambe,2013,2013,3,66,88,1,88.0,8.0,66.0,1,38
dbe50b21,HH Pandya,2015,2015,8,102,176,1,176.0,10.35,102.0,1,13
6b19d823,A Mishra,2016,2016,14,276,344,13,26.46,7.48,21.23,4,11
fe93fd9d,RA Jadeja,2024,2024,14,282,369,8,46.13,7.85,35.25,3,18
3b53243a,XC Bartlett,2026,2026,9,201,388,5,77.6,11.58,40.2,2,9
4b4d1957,PM Sarvesh Kumar,2007/08,2008,2,30,42,1,42.0,8.4,30.0,1,18
86dc8f2e,JH Kallis,2009,2009,14,276,353,6,58.83,7.67,46.0,2,18
ba607b88,V Kohli,2012,2012,2,18,49,0,,16.33,,0,13
fb66ce1f,CH Morris,2013,2013,16,300,401,15,26.73,8.02,20.0,3,40
8b5b6769,Harbhajan Singh,2017,2017,11,246,266,8,33.25,6.49,30.75,3,22
f62772e5,P Negi,2019,2019,4,67,102,3,34.0,9.13,22.33,2,21
d014d5ac,SE Rutherford,2019,2019,6,41,59,1,59.0,8.63,41.0,1,6
f9e6e7ef,Shahbaz Ahmed,2022,2022,14,210,336,4,84.0,9.6,52.5,2,26
83c3e8e3,SH Johnson,2024,2024,5,96,151,4,37.75,9.44,24.0,2,25
495d42a5,R Ashwin,2024,2024,14,330,467,9,51.89,8.49,36.67,3,24
a12e1d51,SL Malinga,2013,2013,17,392,468,20,23.4,7.16,19.6,3,39
dfc4d8b5,KW Richardson,2014,2014,7,162,206,9,22.89,7.63,18.0,2,18
f3171936,BW Hilfenhaus,2014,2014,8,168,246,8,30.75,8.79,21.0,2,32
b56dc5f7,BE Hendricks,2014,2014,3,72,126,4,31.5,10.5,18.0,3,36
bb351c23,MM Ali,2025,2025,5,96,136,6,22.67,8.5,16.0,2,23
759ac88f,MM Sharma,2025,2025,8,150,257,2,128.5,10.28,75.0,1,10
5b040b81,A Singh,2009,2009,5,105,95,9,10.56,5.43,11.67,4,19
66b30f71,AB Dinda,2012,2012,7,144,169,9,18.78,7.04,16.0,4,18
5bb5a915,M Morkel,2012,2012,16,378,453,25,18.12,7.19,15.12,4,20
245c97cb,TS Mills,2017,2017,5,107,153,5,30.6,8.58,21.4,2,31
e087956b,BA Stokes,2018,2018,12,222,303,8,37.88,8.19,27.75,3,15
acdc62f5,A Nortje,2020/21,2021,16,366,512,22,23.27,8.39,16.64,3,33
f986ca1a,HV Patel,2021,2021,15,338,459,32,14.34,8.15,10.56,5,27
be869ccf,GHS Garton,2021,2021,5,90,135,3,45.0,9.0,30.0,1,27
e94915e6,SM Curran,2024,2024,13,246,416,16,26.0,10.15,15.38,3,28
3fb19989,MA Starc,2024,2024,13,251,444,17,26.12,10.61,14.76,4,33
26e5cabf,MK Tiwary,2014,2014,1,12,28,0,,14.0,,0,28
c5aef772,R Shepherd,2025,2025,7,84,151,6,25.17,10.79,14.0,2,14
5bdcdb72,TM Dilshan,2009,2009,8,96,98,0,,6.13,,0,4
f0f628c7,MM Patel,2011,2011,15,326,358,22,16.27,6.59,14.82,5,21
1dc12ab9,SK Raina,2012,2012,7,84,105,2,52.5,7.5,42.0,1,5
8ba8195d,V Sehwag,2012,2012,3,24,45,0,,11.25,,0,9
1e66c162,JD Unadkat,2018,2018,15,302,486,11,44.18,9.66,27.45,3,46
21d4e29b,Navdeep Saini,2019,2019,13,288,397,11,36.09,8.27,26.18,2,24
8d2c70ad,Kuldeep Yadav,2020/21,2021,4,72,92,1,92.0,7.67,72.0,1,20
03806cf8,JR Hazlewood,2020/21,2021,3,60,64,1,64.0,6.4,60.0,1,19
119678fd,KV Sharma,2020/21,2021,5,114,165,5,33.0,8.68,22.8,2,25
87e562a9,DJ Bravo,2021,2021,11,202,263,14,18.79,7.81,14.43,3,24
26d041c4,Sikandar Raza,2023,2023,6,72,119,3,39.67,9.92,24.0,1,19
1abb78f8,SN Thakur,2023,2023,9,126,220,7,31.43,10.48,18.0,2,23
73ad96ed,DJ Hooda,2024,2024,2,18,22,0,,7.33,,0,9
bd17b45f,STR Binny,2016,2016,11,102,134,1,134.0,7.88,102.0,1,17
c404f58a,DP Nannes,2009/10,2010,9,206,224,7,32.0,6.52,29.43,2,12
5bb1a1c4,I Sharma,2011,2011,12,264,314,11,28.55,7.14,24.0,5,12
33a364a6,R Bhatia,2012,2012,16,319,389,13,29.92,7.32,24.54,2,14
0994d0ae,V Shankar,2020/21,2021,5,79,82,4,20.5,6.23,19.75,1,11
1abb78f8,SN Thakur,2021,2021,16,359,527,21,25.1,8.81,17.1,3,28
6f49cc6e,Shivam Sharma,2014,2014,4,96,121,3,40.33,7.56,32.0,2,26
26a85969,R Dhawan,2015,2015,5,72,110,1,110.0,9.17,72.0,1,12
9d80c5e1,S Nadeem,2016,2016,4,90,127,2,63.5,8.47,45.0,2,23
bd77eb62,A Symonds,2007/08,2008,3,41,101,0,,14.78,,0,20
05c2ca46,RE van der Merwe,2012,2012,3,60,60,2,30.0,6.0,30.0,2,28
0a476045,S Dhawan,2012,2012,4,36,55,3,18.33,9.17,12.0,1,8
d4eef961,M de Lange,2012,2012,3,60,107,3,35.67,10.7,20.0,3,34
69be866a,Anureet Singh,2018,2018,3,24,42,1,42.0,10.5,24.0,1,20
90de905a,K Gowtham,2019,2019,7,120,166,1,166.0,8.3,120.0,1,32
62af8546,Mohammad Nabi,2021,2021,3,48,86,2,43.0,10.75,24.0,2,32
56ab442f,NM Coulter-Nile,2013,2013,1,24,29,1,29.0,7.25,24.0,1,29
6c6591ab,PP Ojha,2012,2012,9,180,220,9,24.44,7.33,20.0,2,17
a316d663,GC Viljoen,2019,2019,6,138,222,7,31.71,9.65,19.71,2,39
0c9652b0,HR Shokeen,2023,2023,8,114,187,3,62.33,9.84,38.0,2,34
bbd41817,AD Russell,2012,2012,4,96,161,1,161.0,10.06,96.0,1,51
12eddf28,RJ Harris,2011,2011,13,282,382,16,23.88,8.13,17.63,3,28
cca50cd6,LJ Wright,2013,2013,5,59,100,2,50.0,10.17,29.5,1,12
e86754b2,TK Curran,2021,2021,3,68,104,4,26.0,9.18,17.0,3,29
90de905a,K Gowtham,2022,2022,4,72,99,5,19.8,8.25,14.4,2,30
ed5a5510,P Dubey,2023,2023,1,18,19,1,19.0,6.33,18.0,1,19
e4a0deae,MJ Santner,2024,2024,3,54,64,2,32.0,7.11,27.0,1,10
1e66c162,JD Unadkat,2016,2016,1,18,49,0,,16.33,,0,49
957532de,S Aravind,2012,2012,1,18,48,0,,16.0,,0,48
5b8c830e,KH Pandya,2018,2018,13,241,284,12,23.67,7.07,20.08,3,28
81049310,J Yadav,2019,2019,2,42,50,1,50.0,7.14,42.0,1,25
d2a989fc,DS Kulkarni,2021,2021,1,24,48,0,,12.0,,0,48
35205dfc,DR Smith,2014,2014,5,60,95,4,23.75,9.5,15.0,1,11
b57f8a9a,BJ Hodge,2009,2009,9,120,161,7,23.0,8.05,17.14,3,29
29e95537,AM Rahane,2009,2009,1,6,5,1,5.0,5.0,6.0,1,5
d2a989fc,DS Kulkarni,2012,2012,2,48,64,6,10.67,8.0,8.0,3,18
c24a2c5d,S Tyagi,2009/10,2010,6,95,159,1,159.0,10.04,95.0,1,20
d9273ee7,MP Stoinis,2022,2022,5,42,79,4,19.75,11.29,10.5,3,23
d7a57f75,D du Preez,2009,2009,2,42,56,4,14.0,8.0,10.5,3,32
6a26221c,AK Markram,2024,2024,2,12,15,0,,7.5,,0,5
7a8bd078,S Gopal,2021,2021,3,42,84,0,,12.0,,0,9
ad427b5c,Lalit Yadav,2024,2024,2,18,56,0,,18.67,,0,15
ea0cdc12,BAW Mendis,2009,2009,4,96,117,3,39.0,7.31,32.0,2,19
d1c94b25,CK Langeveldt,2011,2011,3,66,84,5,16.8,7.64,13.2,2,10
c96f6ac5,PWA Mulder,2025,2025,1,6,16,0,,16.0,,0,16
52294a79,H Sharma,2023,2023,1,18,28,0,,9.33,,0,28
2ed569a0,RD Chahar,2017,2017,2,42,58,2,29.0,8.29,21.0,1,26
62af8546,Mohammad Nabi,2018,2018,2,30,47,1,47.0,9.4,30.0,1,23
9f961c14,Joginder Sharma,2011,2011,1,18,34,0,,11.33,,0,34
5fa06777,IK Pathan,2017,2017,1,12,26,0,,13.0,,0,26
ea0cdc12,BAW Mendis,2007/08,2008,1,24,24,1,24.0,6.0,24.0,1,24
662c47a6,Y Nagar,2009,2009,1,12,20,2,10.0,10.0,6.0,2,20
33a364a6,R Bhatia,2017,2017,3,42,55,2,27.5,7.86,21.0,2,14
1be70c88,LPC Silva,2007/08,2008,1,6,21,0,,21.0,,0,21
05c2ca46,RE van der Merwe,2009/10,2010,1,24,27,2,13.5,6.75,12.0,2,27
b0482a1d,Tilak Varma,2023,2023,1,6,7,0,,7.0,,0,7
896d78ad,AD Mathews,2009,2009,1,14,31,0,,13.29,,0,31
30a45b23,SPD Smith,2012,2012,1,2,5,0,,15.0,,0,5
d4eef961,M de Lange,2014,2014,1,24,32,2,16.0,8.0,12.0,2,32
be24ead0,Ramandeep Singh,2026,2026,2,16,31,1,31.0,11.63,16.0,1,5
d1c94b25,CK Langeveldt,2009,2009,1,24,15,3,5.0,3.75,8.0,3,15
ea0cdc12,BAW Mendis,2009/10,2010,2,48,66,2,33.0,8.25,24.0,2,22
d0513f63,CL White,2009/10,2010,1,6,19,0,,19.0,,0,19
39a2dfa8,R Tewatia,2023,2023,2,13,15,0,,6.92,,0,7
f5180fe6,MG Johnson,2013,2013,17,384,459,24,19.13,7.17,16.0,3,27
b56dc5f7,BE Hendricks,2015,2015,4,78,109,5,21.8,8.38,15.6,2,40
51a3c5ef,MJ McClenaghan,2016,2016,14,320,436,17,25.65,8.18,18.82,4,21
d8b2f218,BB Sran,2016,2016,14,297,413,14,29.5,8.34,21.21,3,28
c05edf8e,Harpreet Brar,2025,2025,7,132,190,10,19.0,8.64,13.2,3,22
4353bba5,YA Abdulla,2009/10,2010,2,41,66,1,66.0,9.66,41.0,1,30
740742ef,RG Sharma,2009/10,2010,9,114,153,2,76.5,8.05,57.0,1,19
4f629497,SE Bond,2009/10,2010,8,186,224,9,24.89,7.23,20.67,2,24
9d80c5e1,S Nadeem,2013,2013,12,264,259,9,28.78,5.89,29.33,2,17
cc1e8c68,UT Yadav,2013,2013,16,347,508,16,31.75,8.78,21.69,4,24
f19ccfad,Washington Sundar,2018,2018,7,120,192,4,48.0,9.6,30.0,2,22
98ae73b1,PP Chawla,2019,2019,13,267,399,10,39.9,8.97,26.7,3,20
fe93fd9d,RA Jadeja,2019,2019,16,324,343,15,22.87,6.35,21.6,3,9
8fd1a8f5,DW Steyn,2019,2019,2,48,69,4,17.25,8.63,12.0,2,29
2f9d0389,LH Ferguson,2020/21,2021,5,119,148,6,24.67,7.46,19.83,3,15
2e81a32d,B Kumar,2021,2021,11,252,335,6,55.83,7.98,42.0,1,16
57ee1fde,YS Chahal,2022,2022,17,408,527,27,19.52,7.75,15.11,5,40
e94915e6,SM Curran,2023,2023,14,287,489,10,48.9,10.22,28.7,3,31
8cf9814c,Mohammed Shami,2023,2023,17,390,522,28,18.64,8.03,13.93,4,11
495d42a5,R Ashwin,2023,2023,13,294,368,14,26.29,7.51,21.0,2,23
7a8bd078,S Gopal,2024,2024,3,42,67,3,22.33,9.57,14.0,1,9
1c914163,Yuvraj Singh,2014,2014,10,136,187,5,37.4,8.25,27.2,4,35
f0f628c7,MM Patel,2007/08,2008,15,330,420,14,30.0,7.64,23.57,3,17
5bb1a1c4,I Sharma,2007/08,2008,13,253,329,7,47.0,7.8,36.14,1,7
6c6591ab,PP Ojha,2009,2009,15,321,348,18,19.33,6.5,17.83,3,21
8b5b6769,Harbhajan Singh,2012,2012,16,324,384,6,64.0,7.11,54.0,2,13
9d80c5e1,S Nadeem,2017,2017,7,107,119,6,19.83,6.67,17.83,2,13
f752db61,JL Pattinson,2020/21,2021,10,213,320,11,29.09,9.01,19.36,2,19
f19ccfad,Washington Sundar,2020/21,2021,15,300,298,8,37.25,5.96,37.5,2,16
9d430b40,SP Narine,2021,2021,14,336,361,16,22.56,6.45,21.0,4,21
495d42a5,R Ashwin,2022,2022,17,402,503,12,41.92,7.51,33.5,3,17
99258814,Gurnoor Brar,2023,2023,1,18,42,0,,14.0,,0,42
f6d8a7ab,K Kartikeya,2023,2023,8,156,227,5,45.4,8.73,31.2,2,37
acdc62f5,A Nortje,2024,2024,6,132,294,7,42.0,13.36,18.86,3,59
808f425a,JP Faulkner,2014,2014,13,258,419,11,38.09,9.74,23.45,3,11
8cf9814c,Mohammed Shami,2014,2014,12,264,369,7,52.71,8.39,37.71,1,22
462411b3,JJ Bumrah,2016,2016,14,312,406,15,27.07,7.81,20.8,3,13
f9e6e7ef,Shahbaz Ahmed,2025,2025,3,51,102,1,102.0,12.0,51.0,1,41
2e171977,AR Patel,2026,2026,13,264,360,11,32.73,8.18,24.0,2,18
eaa76d3c,C Green,2026,2026,10,132,234,7,33.43,10.64,18.86,2,23
9fc0ef64,PJ Sangwan,2007/08,2008,7,144,215,5,43.0,8.96,28.8,2,29
96fd40ae,A Nehra,2012,2012,13,288,402,11,36.55,8.38,26.18,3,23
f986ca1a,HV Patel,2012,2012,11,246,340,9,37.78,8.29,27.33,2,24
a818c1be,TA Boult,2019,2019,5,114,163,5,32.6,8.58,22.8,2,27
eef2536f,Avesh Khan,2021,2021,16,366,450,24,18.75,7.38,15.25,3,13
0f721006,JO Holder,2021,2021,8,191,247,16,15.44,7.76,11.94,4,52
64839cb3,M Pathirana,2022,2022,2,41,52,2,26.0,7.61,20.5,2,24
e4a0deae,MJ Santner,2022,2022,6,114,130,4,32.5,6.84,28.5,1,15
5bb1a1c4,I Sharma,2023,2023,8,150,206,10,20.6,8.24,15.0,2,19
d9273ee7,MP Stoinis,2023,2023,5,65,100,5,20.0,9.23,13.0,2,20
ce820073,Sandeep Sharma,2024,2024,10,228,311,13,23.92,8.18,17.54,5,18
fcc21ace,A Kamboj,2024,2024,3,60,114,2,57.0,11.4,30.0,1,24
dcf81436,S Kaul,2014,2014,5,78,126,2,63.0,9.69,39.0,1,5
1a2676c5,SA Abbott,2015,2015,2,30,57,0,,11.4,,0,21
8fd1a8f5,DW Steyn,2009/10,2010,15,354,406,15,27.07,6.88,23.6,3,18
39f01cdb,KP Pietersen,2012,2012,3,36,53,0,,8.83,,0,16
759ac88f,MM Sharma,2017,2017,14,274,410,13,31.54,8.98,21.08,2,24
96fd40ae,A Nehra,2017,2017,6,127,197,8,24.63,9.31,15.88,3,42
d8b2f218,BB Sran,2018,2018,6,132,229,4,57.25,10.41,33.0,2,50
ade90de7,S Midhun,2019,2019,1,12,27,0,,13.5,,0,27
ce820073,Sandeep Sharma,2016,2016,14,300,366,15,24.4,7.32,20.0,2,11
87e562a9,DJ Bravo,2009,2009,11,199,259,11,23.55,7.81,18.09,3,34
b552a935,AC Thomas,2011,2011,11,231,297,11,27.0,7.71,21.0,2,23
6b19d823,A Mishra,2013,2013,17,372,394,21,18.76,6.35,17.71,4,19
87e562a9,DJ Bravo,2018,2018,16,321,533,14,38.07,9.96,22.93,2,16
2f49c897,Mohammed Siraj,2019,2019,9,169,269,7,38.43,9.55,24.14,2,38
5d2eea49,Kartik Tyagi,2020/21,2021,10,229,367,9,40.78,9.62,25.44,2,36
0a8fce53,Mustafizur Rahman,2024,2024,9,206,318,14,22.71,9.26,14.71,4,29
3a60e0b5,WD Parnell,2014,2014,8,181,223,6,37.17,7.39,30.17,2,21
5b8c830e,KH Pandya,2016,2016,11,187,236,6,39.33,7.57,31.17,2,15
fe763256,Y Venugopal Rao,2007/08,2008,7,84,137,2,68.5,9.79,42.0,2,25
bd17b45f,STR Binny,2009/10,2010,1,6,9,0,,9.0,,0,9
05c2ca46,RE van der Merwe,2011,2011,4,89,92,5,18.4,6.2,17.8,3,20
5d9a1a73,R Sharma,2012,2012,11,222,300,9,33.33,8.11,24.67,2,16
fe93fd9d,RA Jadeja,2017,2017,12,228,349,5,69.8,9.18,45.6,2,28
4c5d73db,CR Woakes,2018,2018,5,110,190,8,23.75,10.36,13.75,3,36
1abb78f8,SN Thakur,2019,2019,9,180,281,8,35.13,9.37,22.5,2,18
04a418e8,R Parag,2020/21,2021,2,12,27,0,,13.5,,0,13
85ec8e33,SS Iyer,2022,2022,1,6,7,0,,7.0,,0,7
dbe50b21,HH Pandya,2024,2024,12,216,387,11,35.18,10.75,19.64,3,31
26a85969,R Dhawan,2013,2013,5,90,109,2,54.5,7.27,45.0,1,6
f62772e5,P Negi,2015,2015,10,180,252,6,42.0,8.4,30.0,2,25
808f425a,JP Faulkner,2016,2016,7,102,167,2,83.5,9.82,51.0,1,23
6c79c098,DA Payne,2026,2026,2,30,70,2,35.0,14.0,15.0,2,35
4b31f3a3,Yash Thakur,2026,2026,1,24,55,2,27.5,13.75,12.0,2,55
9d80c5e1,S Nadeem,2021,2021,1,24,36,1,36.0,9.0,24.0,1,36
4b57e452,M Vijay,2015,2015,2,24,28,0,,7.0,,0,12
08548b13,PHKD Mendis,2025,2025,4,42,60,2,30.0,8.57,21.0,1,4
73ad96ed,DJ Hooda,2025,2025,1,6,15,0,,15.0,,0,15
f0af99a7,D Ferreira,2026,2026,3,18,41,1,41.0,13.67,18.0,1,14
33a364a6,R Bhatia,2009,2009,7,130,146,10,14.6,6.74,13.0,4,15
2815fe50,AA Jhunjhunwala,2012,2012,3,36,38,1,38.0,6.33,36.0,1,13
119678fd,KV Sharma,2013,2013,13,209,230,11,20.91,6.6,19.0,2,19
d9273ee7,MP Stoinis,2019,2019,6,100,145,2,72.5,8.7,50.0,1,13
2e81a32d,B Kumar,2020/21,2021,4,85,99,3,33.0,6.99,28.33,2,25
96fd40ae,A Nehra,2014,2014,4,90,142,8,17.75,9.47,11.25,3,33
f9e6e7ef,Shahbaz Ahmed,2026,2026,5,67,130,5,26.0,11.64,13.4,2,30
6ad3a659,P Amarnath,2007/08,2008,6,132,236,7,33.71,10.73,18.86,2,29
d9273ee7,MP Stoinis,2026,2026,4,47,98,2,49.0,12.51,23.5,1,26
ce820073,Sandeep Sharma,2026,2026,6,118,224,5,44.8,11.39,23.6,2,26
fe763256,Y Venugopal Rao,2011,2011,2,12,26,0,,13.0,,0,12
350bb1b1,AF Milne,2017,2017,4,84,134,3,44.67,9.57,28.0,2,27
798cc28e,KM Asif,2018,2018,2,36,75,3,25.0,12.5,12.0,2,43
bcce309e,WPUJC Vaas,2009/10,2010,6,132,139,9,15.44,6.32,14.67,3,21
73ad96ed,DJ Hooda,2019,2019,2,12,21,1,21.0,10.5,12.0,1,13
ffe699c0,CJ Jordan,2017,2017,1,6,9,1,9.0,9.0,6.0,1,9
caf69bf7,DR Sams,2021,2021,2,36,39,1,39.0,6.5,36.0,1,24
da934ee8,MK Lomror,2023,2023,2,12,17,0,,8.5,,0,4
e5437608,GF Linde,2026,2026,3,37,55,1,55.0,8.92,37.0,1,18
dc4686e6,BA Bhatt,2012,2012,5,99,136,2,68.0,8.24,49.5,2,24
6a26221c,AK Markram,2021,2021,2,24,23,0,,5.75,,0,5
73ad96ed,DJ Hooda,2023,2023,1,6,8,0,,8.0,,0,8
81c08fa3,Umran Malik,2024,2024,1,6,15,0,,15.0,,0,15
e4a0deae,MJ Santner,2020/21,2021,2,42,53,2,26.5,7.57,21.0,1,23
bd77eb62,A Symonds,2011,2011,3,24,41,1,41.0,10.25,24.0,1,11
e0407c01,IC Pandey,2013,2013,2,24,50,1,50.0,12.5,24.0,1,17
14f96089,A Zampa,2025,2025,2,48,94,2,47.0,11.75,24.0,1,46
f088b960,SN Khan,2019,2019,1,2,6,0,,18.0,,0,6
39a2dfa8,R Tewatia,2022,2022,5,36,76,0,,12.67,,0,9
0f721006,JO Holder,2014,2014,1,18,35,1,35.0,11.67,18.0,1,35
dec8e038,J Theron,2012,2012,2,48,66,2,33.0,8.25,24.0,2,37
fb2d1dda,N Rana,2026,2026,1,24,55,0,,13.75,,0,55
0a8fce53,Mustafizur Rahman,2017,2017,1,16,34,0,,12.75,,0,34
fa2f1dde,K Khejroliya,2026,2026,1,12,31,0,,15.5,,0,31
57efa3be,SB Styris,2011,2011,1,6,13,0,,13.0,,0,13
dcf81436,S Kaul,2022,2022,1,24,43,0,,10.75,,0,43
c3d1402f,RP Singh,2013,2013,11,239,335,13,25.77,8.41,18.38,3,13
ce820073,Sandeep Sharma,2013,2013,4,96,119,8,14.88,7.44,12.0,3,21
7a8bd078,S Gopal,2014,2014,4,84,113,6,18.83,8.07,14.0,2,25
57ee1fde,YS Chahal,2015,2015,14,281,415,23,18.04,8.86,12.22,3,40
c3d1402f,RP Singh,2016,2016,4,72,111,3,37.0,9.25,24.0,1,23
1e66c162,JD Unadkat,2025,2025,7,143,175,11,15.91,7.34,13.0,3,24
54e52590,Vijaykumar Vyshak,2026,2026,9,186,330,9,36.67,10.65,20.67,3,34
9ca68676,AM Ghazanfar,2026,2026,11,233,389,15,25.93,10.02,15.53,2,17
bb18be76,SK Warne,2009/10,2010,14,300,381,11,34.64,7.62,27.27,4,21
2a72fd4f,Harmeet Singh,2009/10,2010,8,144,174,8,21.75,7.25,18.0,2,24
c404f58a,DP Nannes,2011,2011,2,24,31,2,15.5,7.75,12.0,1,0
fa463154,AB Agarkar,2011,2011,7,162,231,8,28.88,8.56,20.25,2,23
7dc35884,Shakib Al Hasan,2012,2012,8,180,195,12,16.25,6.5,15.0,3,17
fe93fd9d,RA Jadeja,2012,2012,14,210,273,12,22.75,7.8,17.5,5,16
dfc4d8b5,KW Richardson,2013,2013,3,71,101,2,50.5,8.54,35.5,1,28
2e171977,AR Patel,2017,2017,14,288,362,15,24.13,7.54,19.2,3,11
2e171977,AR Patel,2018,2018,8,156,218,3,72.67,8.38,52.0,1,21
87e562a9,DJ Bravo,2019,2019,12,247,330,11,30.0,8.02,22.45,3,33
57ee1fde,YS Chahal,2020/21,2021,15,343,405,21,19.29,7.08,16.33,3,18
81c08fa3,Umran Malik,2021,2021,3,72,96,2,48.0,8.0,36.0,1,21
2f9d0389,LH Ferguson,2021,2021,8,180,224,13,17.23,7.47,13.85,3,18
bb351c23,MM Ali,2021,2021,10,152,161,6,26.83,6.36,25.33,3,7
b0946605,AS Joseph,2022,2022,9,180,264,7,37.71,8.8,25.71,2,34
1abb78f8,SN Thakur,2022,2022,14,290,473,15,31.53,9.79,19.33,4,36
81c36ee9,M Jansen,2023,2023,8,162,267,10,26.7,9.89,16.2,2,16
2f49c897,Mohammed Siraj,2023,2023,14,300,375,19,19.74,7.5,15.79,4,21
cf0ccafa,M Siddharth,2024,2024,3,54,71,1,71.0,7.89,54.0,1,21
1e66c162,JD Unadkat,2024,2024,11,187,319,8,39.88,10.24,23.38,3,30
df064e1a,Ravi Bishnoi,2024,2024,14,262,383,10,38.3,8.77,26.2,2,25
808f425a,JP Faulkner,2015,2015,13,270,426,8,53.25,9.47,33.75,3,26
b681e71e,GJ Maxwell,2016,2016,7,54,80,0,,8.89,,0,3
a03bba42,T Shamsi,2016,2016,4,96,147,3,49.0,9.19,32.0,1,21
81049310,J Yadav,2016,2016,5,102,125,2,62.5,7.35,51.0,1,23
8d2c70ad,Kuldeep Yadav,2026,2026,11,222,381,10,38.1,10.3,22.2,3,29
133bbd61,Brijesh Sharma,2026,2026,13,273,450,14,32.14,9.89,19.5,2,18
b1ad996b,MP Yadav,2026,2026,4,96,182,0,,11.38,,0,26
91a4a398,Z Khan,2009/10,2010,14,290,376,15,25.07,7.78,19.33,3,21
3ae3f034,AUK Pathan,2011,2011,2,33,49,0,,8.91,,0,19
3d7e087f,SK Trivedi,2011,2011,12,214,303,10,30.3,8.5,21.4,3,15
23eeb873,DL Chahar,2018,2018,12,229,278,10,27.8,7.28,22.9,3,15
eef2536f,Avesh Khan,2019,2019,1,18,30,0,,10.0,,0,30
26989d80,Shashank Singh,2022,2022,2,12,20,0,,10.0,,0,10
b0946605,AS Joseph,2023,2023,7,144,225,7,32.14,9.38,20.57,2,27
eef2536f,Avesh Khan,2024,2024,15,329,526,19,27.68,9.59,17.32,3,27
e0407c01,IC Pandey,2014,2014,12,252,318,6,53.0,7.57,42.0,2,23
119678fd,KV Sharma,2024,2024,9,144,254,7,36.29,10.58,20.57,2,29
a97c8ec2,PWH de Silva,2025,2025,11,246,371,11,33.73,9.05,22.36,4,35
23eeb873,DL Chahar,2025,2025,14,246,376,11,34.18,9.17,22.36,2,12
5d2eea49,Kartik Tyagi,2026,2026,13,306,498,18,27.67,9.76,17.0,3,22
2f49c897,Mohammed Siraj,2026,2026,17,372,562,19,29.58,9.06,19.58,3,26
725529bc,SC Ganguly,2007/08,2008,7,120,128,6,21.33,6.4,20.0,2,21
611926bc,GR Napier,2009,2009,1,24,27,1,27.0,6.75,24.0,1,27
12eddf28,RJ Harris,2009/10,2010,8,184,233,14,16.64,7.6,13.14,3,18
dc4686e6,BA Bhatt,2011,2011,8,167,229,9,25.44,8.23,18.56,4,22
91a4a398,Z Khan,2012,2012,15,360,453,17,26.65,7.55,21.18,3,38
98ae73b1,PP Chawla,2012,2012,16,342,419,16,26.19,7.35,21.38,3,18
a818c1be,TA Boult,2017,2017,6,143,216,5,43.2,9.06,28.6,2,30
759ac88f,MM Sharma,2019,2019,1,18,27,1,27.0,9.0,18.0,1,27
cfa4bd2b,Y Prithvi Raj,2019,2019,2,30,57,1,57.0,11.4,30.0,1,29
5574750c,JC Archer,2020/21,2021,14,334,365,20,18.25,6.56,16.7,3,19
c38d3503,Shivam Mavi,2020/21,2021,8,156,212,9,23.56,8.15,17.33,2,15
5b7ab5a9,CV Varun,2020/21,2021,13,312,356,17,20.94,6.85,18.35,5,20
a2f46292,KK Ahmed,2022,2022,10,235,315,16,19.69,8.04,14.69,3,25
462411b3,JJ Bumrah,2015,2015,4,90,184,3,61.33,12.27,30.0,1,38
2e81a32d,B Kumar,2024,2024,16,342,533,11,48.45,9.35,31.09,3,41
ce820073,Sandeep Sharma,2025,2025,10,219,361,9,40.11,9.89,24.33,2,21
119678fd,KV Sharma,2025,2025,5,90,128,7,18.29,8.53,12.86,3,23
92500ad5,SS Mishra,2026,2026,2,38,67,2,33.5,10.58,19.0,2,21
39a2dfa8,R Tewatia,2017,2017,3,54,49,3,16.33,5.44,18.0,2,18
91a4a398,Z Khan,2014,2014,6,134,146,5,29.2,6.54,26.8,2,21
1c2a64cd,A Ashish Reddy,2015,2015,4,36,50,3,16.67,8.33,12.0,1,11
bbd41817,AD Russell,2016,2016,12,219,291,15,19.4,7.97,14.6,4,20
91a4a398,Z Khan,2016,2016,12,262,337,10,33.7,7.72,26.2,3,21
f986ca1a,HV Patel,2025,2025,13,263,430,16,26.88,9.81,16.44,4,28
11061889,SR Dubey,2026,2026,4,77,106,5,21.2,8.26,15.4,2,28
a7c226e1,FH Edwards,2009,2009,6,140,154,5,30.8,6.6,28.0,2,27
896d78ad,AD Mathews,2009/10,2010,12,225,314,8,39.25,8.37,28.13,4,19
3a60e0b5,WD Parnell,2011,2011,8,176,213,9,23.67,7.26,19.56,3,35
5bb5a915,M Morkel,2013,2013,10,240,335,7,47.86,8.38,34.29,2,27
8cf9814c,Mohammed Shami,2021,2021,14,316,395,19,20.79,7.5,16.63,3,21
0a67aec0,Akash Deep,2022,2022,5,113,205,5,41.0,10.88,22.6,3,45
54e52590,Vijaykumar Vyshak,2024,2024,4,87,142,4,35.5,9.79,21.75,2,23
4ec07775,RN ten Doeschate,2013,2013,3,18,24,0,,8.0,,0,3
9ab63e7b,Mohammad Hafeez,2007/08,2008,4,60,68,2,34.0,6.8,30.0,1,8
ba607b88,V Kohli,2007/08,2008,4,46,61,2,30.5,7.96,23.0,2,25
2815fe50,AA Jhunjhunwala,2009/10,2010,5,37,69,0,,11.19,,0,2
b681e71e,GJ Maxwell,2012,2012,2,18,22,1,22.0,7.33,18.0,1,10
dcce6f09,DA Warner,2020/21,2021,1,1,2,0,,12.0,,0,2
1b7b0fa7,Vivrant Sharma,2023,2023,2,18,37,0,,12.33,,0,18
bb351c23,MM Ali,2024,2024,4,48,71,2,35.5,8.88,24.0,2,23
66cf56a5,A Mithun,2013,2013,1,24,37,1,37.0,9.25,24.0,1,37
5bdcdb72,TM Dilshan,2009/10,2010,4,49,70,3,23.33,8.57,16.33,1,7
f5f18a18,S Randiv,2011,2011,8,174,223,6,37.17,7.69,29.0,2,24
871e9faf,Basil Thampi,2018,2018,4,61,114,5,22.8,11.21,12.2,2,4
ffe699c0,CJ Jordan,2020/21,2021,9,189,304,9,33.78,9.65,21.0,3,17
7dc35884,Shakib Al Hasan,2021,2021,8,156,187,4,46.75,7.19,39.0,1,1
bd17b45f,STR Binny,2014,2014,8,54,64,3,21.33,7.11,18.0,1,1
e62dd25d,K Rabada,2025,2025,4,84,162,2,81.0,11.57,42.0,1,41
6c6591ab,PP Ojha,2007/08,2008,12,222,284,11,25.82,7.68,20.18,2,18
5f4e9e8f,RR Raje,2009,2009,4,41,72,1,72.0,10.54,41.0,1,25
cca50cd6,LJ Wright,2012,2012,1,12,24,0,,12.0,,0,24
da934ee8,MK Lomror,2018,2018,2,18,27,0,,9.0,,0,8
fb66ce1f,CH Morris,2021,2021,11,246,376,15,25.07,9.17,16.4,4,23
2a2e6343,DT Christian,2018,2018,4,71,101,4,25.25,8.54,17.75,2,35
7a8bd078,S Gopal,2019,2019,14,288,347,20,17.35,7.23,14.4,3,12
8d92a2c3,MA Wood,2023,2023,4,96,130,11,11.82,8.13,8.73,5,14
626c5379,R Sathish,2013,2013,3,24,51,0,,12.75,,0,10
41eb4a4f,R Vinay Kumar,2016,2016,3,54,64,3,21.33,7.11,18.0,2,17
abfeb126,M Kartik,2007/08,2008,5,88,127,3,42.33,8.66,29.33,3,17
fb66ce1f,CH Morris,2018,2018,4,84,143,3,47.67,10.21,28.0,2,41
e86754b2,TK Curran,2018,2018,5,61,118,6,19.67,11.61,10.17,2,19
e2db2409,M Ashwin,2023,2023,2,24,53,0,,13.25,,0,11
9440ef41,Suyash Sharma,2024,2024,2,24,51,0,,12.75,,0,18
44aac2f0,Arjun Tendulkar,2023,2023,4,59,92,3,30.67,9.36,19.67,1,9
c5aef772,R Shepherd,2024,2024,5,72,159,1,159.0,13.25,72.0,1,54
c3d35165,JA Morkel,2015,2015,4,72,109,3,36.33,9.08,24.0,2,21
94eac556,CJ McKay,2012,2012,2,42,60,1,60.0,8.57,42.0,1,36
0994d0ae,V Shankar,2018,2018,4,30,58,1,58.0,11.6,30.0,1,22
dc9dd038,Sachin Baby,2016,2016,2,10,8,2,4.0,4.8,5.0,2,4
469ea22b,KMDN Kulasekara,2011,2011,1,18,26,1,26.0,8.67,18.0,1,26
650d5e49,R Powell,2023,2023,1,12,18,1,18.0,9.0,12.0,1,18
9219eff0,JDS Neesham,2014,2014,4,54,91,1,91.0,10.11,54.0,1,29
24d94623,Ankit Sharma,2015,2015,4,84,114,3,38.0,8.14,28.0,1,26
725529bc,SC Ganguly,2009/10,2010,3,24,43,0,,10.75,,0,12
107c26fb,KT Maphaka,2024,2024,2,36,89,1,89.0,14.83,36.0,1,23
4ec07775,RN ten Doeschate,2014,2014,4,30,35,1,35.0,7.0,30.0,1,7
d7c6af50,DL Vettori,2007/08,2008,2,48,54,2,27.0,6.75,24.0,1,19
98ae73b1,PP Chawla,2021,2021,1,24,38,1,38.0,9.5,24.0,1,38
350bb1b1,AF Milne,2026,2026,1,20,41,0,,12.3,,0,41
6834d1f2,B Stanlake,2017,2017,2,48,70,2,35.0,8.75,24.0,2,29
1e66c162,JD Unadkat,2015,2015,1,18,30,0,,10.0,,0,30
86ae8ef2,MB Parmar,2009/10,2010,1,18,33,0,,11.0,,0,33
ded9240e,PJ Cummins,2014,2014,1,24,29,1,29.0,7.25,24.0,1,29
e087956b,BA Stokes,2023,2023,1,6,18,0,,18.0,,0,18
872b03f7,A Badoni,2025,2025,2,10,13,2,6.5,7.8,5.0,2,4
7a8bd078,S Gopal,2022,2022,1,18,34,1,34.0,11.33,18.0,1,34
7a8bd078,S Gopal,2016,2016,1,18,18,0,,6.0,,0,18
7c390b03,RA Shaikh,2009,2009,1,6,11,0,,11.0,,0,11
3edb58fc,AD Mascarenhas,2013,2013,1,24,25,0,,6.25,,0,25
cdc6bdba,S Sandeep Warrier,2021,2021,1,12,15,0,,7.5,,0,15
66cf56a5,A Mithun,2009/10,2010,1,18,39,1,39.0,13.0,18.0,1,39
2e9fdf9b,DAJ Bracewell,2012,2012,1,24,32,3,10.67,8.0,8.0,3,32
de4b0555,R Shukla,2012,2012,1,18,31,0,,10.33,,0,31
872b03f7,A Badoni,2023,2023,1,1,0,0,,0.0,,0,0
33a364a6,R Bhatia,2013,2013,15,263,332,11,30.18,7.57,23.91,2,23
98ae73b1,PP Chawla,2013,2013,16,350,418,11,38.0,7.17,31.82,2,20
2e11c706,BCJ Cutting,2014,2014,1,24,31,1,31.0,7.75,24.0,1,31
462411b3,JJ Bumrah,2014,2014,11,238,301,5,60.2,7.59,47.6,2,22
c18496e1,Bipul Sharma,2016,2016,6,84,121,3,40.33,8.64,28.0,1,10
db31895a,AS Rajpoot,2016,2016,4,66,98,3,32.67,8.91,22.0,1,14
ded9240e,PJ Cummins,2024,2024,16,366,566,18,31.44,9.28,20.33,3,43
77b1aa15,Harshit Rana,2025,2025,13,264,448,15,29.87,10.18,17.6,3,25
5f547c8b,Rashid Khan,2025,2025,15,330,514,9,57.11,9.35,36.67,2,25
b681e71e,GJ Maxwell,2025,2025,6,78,110,4,27.5,8.46,19.5,1,5
9440ef41,Suyash Sharma,2026,2026,12,245,376,9,41.78,9.21,27.22,2,47
41eb4a4f,R Vinay Kumar,2009,2009,11,194,271,9,30.11,8.38,21.56,2,30
0c432afb,P Parameswaran,2011,2011,5,94,137,4,34.25,8.74,23.5,2,20
c3d35165,JA Morkel,2011,2011,14,270,382,15,25.47,8.49,18.0,3,29
a12e1d51,SL Malinga,2012,2012,14,333,350,22,15.91,6.31,15.14,4,16
b2b50355,L Balaji,2012,2012,8,180,162,11,14.73,5.4,16.36,4,18
ae78bc32,MS Gony,2012,2012,6,144,207,3,69.0,8.63,48.0,1,26
e087956b,BA Stokes,2019,2019,6,101,189,6,31.5,11.23,16.83,2,39
1e66c162,JD Unadkat,2020/21,2021,7,138,228,4,57.0,9.91,34.5,2,32
5b7ab5a9,CV Varun,2021,2021,17,408,448,18,24.89,6.59,22.67,3,13
462411b3,JJ Bumrah,2021,2021,14,330,410,21,19.52,7.45,15.71,3,36
03806cf8,JR Hazlewood,2022,2022,12,279,377,20,18.85,8.11,13.95,4,25
2f9d0389,LH Ferguson,2022,2022,13,286,427,12,35.58,8.96,23.83,4,28
a457cfb5,Mayank Dagar,2023,2023,3,66,83,1,83.0,7.55,66.0,1,37
aad0c365,Nithish Kumar Reddy,2024,2024,7,79,153,3,51.0,11.62,26.33,2,17
4bd09374,Akash Madhwal,2024,2024,5,109,205,5,41.0,11.28,21.8,3,20
46a9bea1,TU Deshpande,2024,2024,13,288,424,17,24.94,8.83,16.94,4,27
495d42a5,R Ashwin,2014,2014,16,359,437,16,27.31,7.3,22.44,3,30
85aae393,Iqbal Abdulla,2015,2015,5,114,150,4,37.5,7.89,28.5,2,36
32198ae0,MC Henriques,2015,2015,9,150,158,11,14.36,6.32,13.64,3,16
f19ccfad,Washington Sundar,2025,2025,5,65,111,2,55.5,10.25,32.5,1,28
03806cf8,JR Hazlewood,2026,2026,13,309,494,15,32.93,9.59,20.6,4,12
64d43928,Sohail Tanvir,2007/08,2008,11,247,266,22,12.09,6.46,11.23,6,14
66b30f71,AB Dinda,2007/08,2008,12,234,260,9,28.89,6.67,26.0,3,33
f233bbb4,ST Jayasuriya,2007/08,2008,8,126,159,4,39.75,7.57,31.5,3,14
c3d35165,JA Morkel,2007/08,2008,13,288,399,17,23.47,8.31,16.94,4,32
740742ef,RG Sharma,2009,2009,12,138,161,11,14.64,7.0,12.55,4,6
6b8eb6e5,S Sreesanth,2009/10,2010,6,114,191,3,63.67,10.05,38.0,2,24
bd17b45f,STR Binny,2011,2011,3,24,44,0,,11.0,,0,12
41eb4a4f,R Vinay Kumar,2011,2011,13,268,335,12,27.92,7.5,22.33,3,25
35205dfc,DR Smith,2012,2012,6,78,95,2,47.5,7.31,39.0,1,8
ef5da05c,AG Murtaza,2013,2013,3,60,94,3,31.33,9.4,20.0,3,15
32198ae0,MC Henriques,2017,2017,12,144,248,1,248.0,10.33,144.0,1,6
495d42a5,R Ashwin,2018,2018,14,304,410,10,41.0,8.09,30.4,2,18
c5aef772,R Shepherd,2022,2022,3,54,98,3,32.67,10.89,18.0,2,42
14f96089,A Zampa,2023,2023,6,132,188,8,23.5,8.55,16.5,3,22
2af1b6d2,AN Ahmed,2013,2013,2,42,45,3,15.0,6.43,14.0,2,27
8b5b6769,Harbhajan Singh,2016,2016,14,294,392,9,43.56,8.0,32.67,2,29
cc1e8c68,UT Yadav,2016,2016,9,156,234,10,23.4,9.0,15.6,3,28
7dc35884,Shakib Al Hasan,2016,2016,9,186,243,5,48.6,7.84,37.2,1,14
96fd40ae,A Nehra,2016,2016,8,156,199,9,22.11,7.65,17.33,3,15
f62772e5,P Negi,2016,2016,5,54,84,1,84.0,9.33,54.0,1,19
87e562a9,DJ Bravo,2011,2011,6,120,157,6,26.17,7.85,20.0,2,21
f846de6a,MN Samuels,2012,2012,8,172,216,8,27.0,7.53,21.5,3,39
b410bd3d,S Lamichhane,2019,2019,6,138,210,8,26.25,9.13,17.25,3,40
bd17b45f,STR Binny,2019,2019,5,42,44,1,44.0,6.29,42.0,1,19
ce820073,Sandeep Sharma,2021,2021,7,141,203,3,67.67,8.64,47.0,1,20
2f49c897,Mohammed Siraj,2022,2022,15,306,514,9,57.11,10.08,34.0,2,30
12314277,Arshad Khan,2023,2023,6,85,190,5,38.0,13.41,17.0,3,39
a9fd84fb,M Markande,2023,2023,10,228,300,12,25.0,7.89,19.0,4,15
64775749,RP Meredith,2023,2023,5,118,207,7,29.57,10.53,16.86,2,33
9caf69a1,WG Jacks,2024,2024,5,54,100,2,50.0,11.11,27.0,1,23
d8b2f218,BB Sran,2015,2015,1,18,35,0,,11.67,,0,35
ded9240e,PJ Cummins,2026,2026,8,192,307,8,38.38,9.59,24.0,3,28
33a364a6,R Bhatia,2007/08,2008,9,132,183,6,30.5,8.32,22.0,2,17
66b30f71,AB Dinda,2009/10,2010,7,139,152,9,16.89,6.56,15.44,2,15
39f01cdb,KP Pietersen,2009/10,2010,6,60,77,3,25.67,7.7,20.0,1,10
c42aaf71,M Manhas,2011,2011,3,42,42,0,,6.0,,0,9
5bdcdb72,TM Dilshan,2011,2011,6,72,108,1,108.0,9.0,72.0,1,30
45c2196c,DE Bollinger,2011,2011,13,282,329,17,19.35,7.0,16.59,3,21
957532de,S Aravind,2017,2017,10,183,275,5,55.0,9.02,36.6,2,29
2e11c706,BCJ Cutting,2017,2017,4,76,123,1,123.0,9.71,76.0,1,41
8abdf100,CJ Anderson,2017,2017,8,113,186,3,62.0,9.88,37.67,1,23
b681e71e,GJ Maxwell,2021,2021,6,96,135,3,45.0,8.44,32.0,2,23
9219eff0,JDS Neesham,2022,2022,1,18,29,0,,9.67,,0,29
0f721006,JO Holder,2023,2023,8,171,284,4,71.0,9.96,42.75,2,29
872b03f7,A Badoni,2024,2024,2,12,25,0,,12.5,,0,6
3204c99f,G Coetzee,2025,2025,4,72,131,2,65.5,10.92,36.0,1,10
0f721006,JO Holder,2026,2026,11,230,290,17,17.06,7.57,13.53,4,24
87e562a9,DJ Bravo,2007/08,2008,9,171,232,11,21.09,8.14,15.55,3,24
c3d1402f,RP Singh,2009,2009,16,358,417,23,18.13,6.99,15.57,4,22
66b30f71,AB Dinda,2011,2011,5,102,152,5,30.4,8.94,20.4,2,42
b57f8a9a,BJ Hodge,2012,2012,2,12,21,1,21.0,10.5,12.0,1,13
9d430b40,SP Narine,2012,2012,15,355,324,24,13.5,5.48,14.79,5,19
7dc35884,Shakib Al Hasan,2018,2018,17,342,456,14,32.57,8.0,24.43,2,18
13c35c9e,TG Southee,2022,2022,9,210,275,14,19.64,7.86,15.0,3,20
df064e1a,Ravi Bishnoi,2023,2023,14,303,391,16,24.44,7.74,18.94,3,28
030f3089,K Yadav,2023,2023,2,42,68,2,34.0,9.71,21.0,1,18
b1ad996b,MP Yadav,2025,2025,2,48,100,2,50.0,12.5,24.0,2,40
3d7e087f,SK Trivedi,2012,2012,14,312,380,13,29.23,7.31,24.0,4,25
addfb70e,SW Tait,2012,2012,6,137,151,6,25.17,6.61,22.83,3,13
5b8c830e,KH Pandya,2017,2017,13,240,273,10,27.3,6.83,24.0,3,14
d9273ee7,MP Stoinis,2018,2018,6,66,120,3,40.0,10.91,22.0,1,15
75224f22,KMA Paul,2019,2019,8,163,237,9,26.33,8.72,18.11,3,17
1e66c162,JD Unadkat,2021,2021,6,132,168,4,42.0,7.64,33.0,3,15
9eb1455b,NT Ellis,2022,2022,2,36,55,3,18.33,9.17,12.0,3,40
99b202b3,A Chandila,2013,2013,8,150,156,6,26.0,6.24,25.0,2,6
13c35c9e,TG Southee,2015,2015,7,168,247,6,41.17,8.82,28.0,2,32
46a9bea1,TU Deshpande,2025,2025,10,192,340,9,37.78,10.63,21.33,3,44
4885bbe6,Yudhvir Singh,2025,2025,4,66,131,4,32.75,11.91,16.5,3,47
caa89a48,SS Sarkar,2009,2009,2,25,34,1,34.0,8.16,25.0,1,15
e9c7f0d0,Fazalhaq Farooqi,2025,2025,5,102,210,0,,12.35,,0,30
6ef60d3a,Kamran Khan,2009,2009,5,106,124,6,20.67,7.02,17.67,3,18
3eac9d95,JDP Oram,2009,2009,7,93,133,5,26.6,8.58,18.6,2,12
8b5b6769,Harbhajan Singh,2021,2021,3,42,63,0,,9.0,,0,8
2e78f685,KR Sen,2023,2023,2,18,28,0,,9.33,,0,8
97290faf,S Joseph,2024,2024,1,24,47,0,,11.75,,0,47
cf0ccafa,M Siddharth,2025,2025,2,42,67,2,33.5,9.57,21.0,2,39
2f9d0389,LH Ferguson,2026,2026,3,66,141,1,141.0,12.82,66.0,1,41
c64c2443,J Syed Mohammad,2013,2013,4,60,91,3,30.33,9.1,20.0,2,15
1ee08e9a,JA Richardson,2021,2021,3,66,117,3,39.0,10.64,22.0,2,41
03806cf8,JR Hazlewood,2023,2023,3,54,76,3,25.33,8.44,18.0,2,15
8fd1a8f5,DW Steyn,2020/21,2021,3,70,133,1,133.0,11.4,70.0,1,33
04a418e8,R Parag,2022,2022,4,24,59,1,59.0,14.75,24.0,1,12
ddc0828d,A Flintoff,2009,2009,3,66,105,2,52.5,9.55,33.0,1,11
3edb58fc,AD Mascarenhas,2009/10,2010,2,48,65,4,16.25,8.13,12.0,2,31
2a72fd4f,Harmeet Singh,2011,2011,2,42,53,3,17.67,7.57,14.0,2,27
b2ae53f5,T Thushara,2009/10,2010,4,87,101,5,20.2,6.97,17.4,2,16
fb693839,S Ladda,2011,2011,2,24,42,0,,10.5,,0,13
8b9704ae,L Ablish,2011,2011,1,18,39,0,,13.0,,0,39
8ba8195d,V Sehwag,2013,2013,1,6,9,0,,9.0,,0,9
6834d1f2,B Stanlake,2018,2018,4,96,130,5,26.0,8.13,19.2,2,21
81c36ee9,M Jansen,2024,2024,3,60,129,1,129.0,12.9,60.0,1,45
dec8e038,J Theron,2015,2015,1,24,40,1,40.0,10.0,24.0,1,40
d621b427,Musheer Khan,2025,2025,1,12,27,1,27.0,13.5,12.0,1,27
39a2dfa8,R Tewatia,2019,2019,3,38,42,2,21.0,6.63,19.0,1,10
d2c2b2d5,SR Tendulkar,2009,2009,4,36,58,0,,9.67,,0,7
871e9faf,Basil Thampi,2019,2019,3,72,110,0,,9.17,,0,29
9219eff0,JDS Neesham,2021,2021,3,54,66,5,13.2,7.33,10.8,3,12
7c7d63a2,AJ Tye,2022,2022,3,66,107,2,53.5,9.73,33.0,2,40
e4cdf230,AS Roy,2024,2024,3,34,60,0,,10.59,,0,6
8db7f47f,RJW Topley,2025,2025,1,18,40,0,,13.33,,0,40
327b58d3,PVD Chameera,2026,2026,1,12,18,0,,9.0,,0,18
26e5cabf,MK Tiwary,2009,2009,1,6,11,0,,11.0,,0,11
fe763256,Y Venugopal Rao,2009/10,2010,1,6,10,0,,10.0,,0,10
626c5379,R Sathish,2009/10,2010,4,48,81,2,40.5,10.13,24.0,1,11
b8527c3d,Rasikh Salam,2019,2019,1,24,42,0,,10.5,,0,42
b4f5c2d9,KL Nagarkoti,2022,2022,1,12,29,0,,14.5,,0,29
8e514b4c,Abdul Samad,2022,2022,1,6,8,0,,8.0,,0,8
de4b0555,R Shukla,2014,2014,3,54,98,2,49.0,10.89,27.0,1,13
740742ef,RG Sharma,2007/08,2008,1,24,25,1,25.0,6.25,24.0,1,25
23eeb873,DL Chahar,2016,2016,2,30,41,0,,8.2,,0,13
4ec07775,RN ten Doeschate,2015,2015,1,6,4,0,,4.0,,0,4
8ba8195d,V Sehwag,2009,2009,1,6,25,0,,25.0,,0,25
5673a3fc,NL McCullum,2011,2011,2,30,34,0,,6.8,,0,12
76388dc8,S Badree,2013,2013,1,24,34,0,,8.5,,0,34
fb5f69e4,M Tiwari,2026,2026,3,60,87,4,21.75,8.7,15.0,2,27
d0513f63,CL White,2012,2012,2,18,27,0,,9.0,,0,8
9ff100a6,RS Gavaskar,2009/10,2010,1,6,8,0,,8.0,,0,8
81049310,J Yadav,2023,2023,1,24,26,0,,6.5,,0,26
1ee08e9a,JA Richardson,2024,2024,1,24,40,0,,10.0,,0,40
b720a5d6,DB Ravi Teja,2007/08,2008,1,12,19,1,19.0,9.5,12.0,1,19
025c4400,MJ Suthar,2024,2024,1,12,26,0,,13.0,,0,26
a12e1d51,SL Malinga,2014,2014,10,235,253,16,15.81,6.46,14.69,4,23
ce820073,Sandeep Sharma,2014,2014,11,241,354,18,19.67,8.81,13.39,3,15
1a0c3177,P Awana,2014,2014,7,141,245,7,35.0,10.43,20.14,2,15
f5180fe6,MG Johnson,2015,2015,9,215,336,9,37.33,9.38,23.89,2,23
5bb1a1c4,I Sharma,2015,2015,4,84,159,1,159.0,11.36,84.0,1,25
9d430b40,SP Narine,2016,2016,11,256,304,11,27.64,7.13,23.27,3,26
462411b3,JJ Bumrah,2025,2025,12,284,316,18,17.56,6.68,15.78,4,22
fcc21ace,A Kamboj,2025,2025,8,129,172,8,21.5,8.0,16.13,3,13
04a418e8,R Parag,2026,2026,4,24,38,2,19.0,9.5,12.0,1,5
a2f46292,KK Ahmed,2026,2026,5,101,146,2,73.0,8.67,50.5,1,24
9d430b40,SP Narine,2026,2026,13,306,339,15,22.6,6.65,20.4,2,26
5574750c,JC Archer,2026,2026,16,360,559,25,22.36,9.32,14.4,3,17
ece7b6b3,PP Hinge,2026,2026,7,156,305,14,21.79,11.73,11.14,4,34
8b5b6769,Harbhajan Singh,2009,2009,13,264,256,12,21.33,5.82,22.0,4,17
fe93fd9d,RA Jadeja,2009,2009,10,140,151,6,25.17,6.47,23.33,3,15
ce4cc4d5,R Ninan,2011,2011,2,36,65,3,21.67,10.83,12.0,2,31
957532de,S Aravind,2011,2011,13,276,368,21,17.52,8.0,13.14,4,14
d718440b,V Pratap Singh,2012,2012,9,204,296,10,29.6,8.71,20.4,2,31
f842c2cf,MJ Clarke,2012,2012,5,66,67,2,33.5,6.09,33.0,1,12
a45a5e8d,AM Nayar,2013,2013,3,48,59,2,29.5,7.38,24.0,1,15
32198ae0,MC Henriques,2013,2013,8,127,185,7,26.43,8.74,18.14,2,14
c18496e1,Bipul Sharma,2017,2017,7,98,129,3,43.0,7.9,32.67,1,4
1abb78f8,SN Thakur,2020/21,2021,9,194,275,10,27.5,8.51,19.4,2,28
21d4e29b,Navdeep Saini,2020/21,2021,13,274,379,6,63.17,8.3,45.67,2,25
462411b3,JJ Bumrah,2020/21,2021,15,360,404,27,14.96,6.73,13.33,4,14
85e0cf10,M Prasidh Krishna,2020/21,2021,6,105,164,4,41.0,9.37,26.25,3,29
dbe50b21,HH Pandya,2022,2022,10,183,222,8,27.75,7.28,22.88,3,17
7f048519,DJ Willey,2023,2023,4,90,105,3,35.0,7.0,30.0,2,16
759ac88f,MM Sharma,2023,2023,14,265,361,27,13.37,8.17,9.81,5,10
2f49c897,Mohammed Siraj,2024,2024,14,324,496,15,33.07,9.19,21.6,3,43
b681e71e,GJ Maxwell,2014,2014,7,66,132,1,132.0,12.0,66.0,1,21
85aae393,Iqbal Abdulla,2016,2016,8,150,213,6,35.5,8.52,25.0,3,40
30df8c66,Simarjeet Singh,2025,2025,4,60,141,2,70.5,14.1,30.0,2,46
98ae73b1,PP Chawla,2007/08,2008,15,281,389,17,22.88,8.31,16.53,3,25
3d7e087f,SK Trivedi,2007/08,2008,15,288,399,13,30.69,8.31,22.15,2,25
2498e163,JR Hopes,2007/08,2008,11,168,276,7,39.43,9.86,24.0,2,2
e32d22f6,Pankaj Singh,2009,2009,3,42,65,2,32.5,9.29,21.0,2,31
5fa06777,IK Pathan,2009,2009,14,302,390,17,22.94,7.75,17.76,3,35
a757b0d8,KA Pollard,2011,2011,16,255,361,10,36.1,8.49,25.5,2,24
c18496e1,Bipul Sharma,2012,2012,3,46,79,0,,10.3,,0,11
4c5d73db,CR Woakes,2017,2017,13,264,386,17,22.71,8.77,15.53,3,6
8d2c70ad,Kuldeep Yadav,2019,2019,9,198,286,4,71.5,8.67,49.5,2,41
94253925,GH Vihari,2019,2019,1,6,9,0,,9.0,,0,9
fe93fd9d,RA Jadeja,2021,2021,16,294,346,13,26.62,7.06,22.62,3,13
5b8c830e,KH Pandya,2023,2023,12,252,313,9,34.78,7.45,28.0,3,18
2e81a32d,B Kumar,2023,2023,14,306,425,16,26.56,8.33,19.13,5,30
759ac88f,MM Sharma,2015,2015,16,342,481,14,34.36,8.44,24.43,3,25
7d92277a,Mujeeb Ur Rahman,2025,2025,1,12,28,1,28.0,14.0,12.0,1,28
765a4731,Mukesh Choudhary,2025,2025,2,36,71,1,71.0,11.83,36.0,1,21
2e81a32d,B Kumar,2026,2026,16,378,501,28,17.89,7.95,13.5,4,23
5b8c830e,KH Pandya,2026,2026,15,303,425,14,30.36,8.42,21.64,2,16
4ba44e19,M Muralitharan,2009,2009,13,300,261,14,18.64,5.22,21.43,3,11
3d7e087f,SK Trivedi,2009,2009,7,120,152,6,25.33,7.6,20.0,2,19
6c6591ab,PP Ojha,2009/10,2010,16,353,429,21,20.43,7.29,16.81,3,26
91ffa6c6,JD Ryder,2011,2011,7,92,118,4,29.5,7.7,23.0,1,8
2a2e6343,DT Christian,2012,2012,7,162,233,8,29.13,8.63,20.25,2,26
7d92277a,Mujeeb Ur Rahman,2019,2019,5,114,191,3,63.67,10.05,38.0,2,31
a757b0d8,KA Pollard,2022,2022,6,84,125,4,31.25,8.93,21.0,2,8
26a85969,R Dhawan,2022,2022,6,114,156,6,26.0,8.21,19.0,2,36
bb351c23,MM Ali,2023,2023,11,156,195,9,21.67,7.5,17.33,4,26
5bb1a1c4,I Sharma,2024,2024,9,162,265,10,26.5,9.81,16.2,3,34
9a0146b3,P Sahu,2016,2016,5,105,146,3,48.67,8.34,35.0,2,18
ffe699c0,CJ Jordan,2016,2016,9,168,258,11,23.45,9.21,15.27,4,11
3fb19989,MA Starc,2026,2026,6,132,224,11,20.36,10.18,12.0,4,40
d0513f63,CL White,2007/08,2008,1,6,24,0,,24.0,,0,24
85aae393,Iqbal Abdulla,2007/08,2008,1,18,22,0,,7.33,,0,22
db584dad,CH Gayle,2009,2009,7,113,144,1,144.0,7.65,113.0,1,21
cc1e8c68,UT Yadav,2011,2011,6,108,169,2,84.5,9.39,54.0,2,29
b1451597,LR Shukla,2012,2012,2,12,12,1,12.0,6.0,12.0,1,5
7210d461,Yash Dayal,2023,2023,5,84,165,2,82.5,11.79,42.0,1,31
3a60e0b5,WD Parnell,2013,2013,4,89,137,6,22.83,9.24,14.83,3,27
df064e1a,Ravi Bishnoi,2026,2026,9,156,257,11,23.36,9.88,14.18,4,41
bb18be76,SK Warne,2007/08,2008,15,312,404,19,21.26,7.77,16.42,3,19
725529bc,SC Ganguly,2009,2009,6,72,97,2,48.5,8.08,36.0,2,24
c654af19,R McLaren,2013,2013,2,42,94,3,31.33,13.43,14.0,2,60
98ae73b1,PP Chawla,2017,2017,6,120,179,6,29.83,8.95,20.0,2,34
b681e71e,GJ Maxwell,2017,2017,8,114,125,7,17.86,6.58,16.29,2,15
cc1e8c68,UT Yadav,2017,2017,14,291,410,17,24.12,8.45,17.12,4,33
ce820073,Sandeep Sharma,2019,2019,11,256,352,12,29.33,8.25,21.33,3,19
e412cb64,HF Gurney,2019,2019,8,162,238,7,34.0,8.81,23.14,2,25
39a2dfa8,R Tewatia,2021,2021,13,222,340,8,42.5,9.19,27.75,3,39
ffe699c0,CJ Jordan,2023,2023,6,132,237,3,79.0,10.77,44.0,1,7
a9fd84fb,M Markande,2026,2026,3,30,76,0,,15.2,,0,16
3eac9d95,JDP Oram,2007/08,2008,4,96,149,3,49.67,9.31,32.0,3,32
c69a7b5c,AS Raut,2009,2009,4,24,36,0,,9.0,,0,6
9d80c5e1,S Nadeem,2020/21,2021,7,132,178,5,35.6,8.09,26.4,2,19
56ab442f,NM Coulter-Nile,2020/21,2021,7,156,206,5,41.2,7.92,31.2,2,29
a24be938,VR Iyer,2021,2021,4,51,69,3,23.0,8.12,17.0,2,29
0c9652b0,HR Shokeen,2022,2022,5,90,127,2,63.5,8.47,45.0,2,47
0f721006,JO Holder,2022,2022,12,249,391,14,27.93,9.42,17.79,3,31
244048f6,Arshdeep Singh,2026,2026,14,318,541,14,38.64,10.21,22.71,3,22
b57f8a9a,BJ Hodge,2011,2011,4,66,77,7,11.0,7.0,9.43,4,13
a2f46292,KK Ahmed,2020/21,2021,7,154,242,8,30.25,9.43,19.25,2,24
1dc12ab9,SK Raina,2015,2015,5,72,93,2,46.5,7.75,36.0,1,29
b61a3e1a,LRPL Taylor,2009,2009,1,6,13,0,,13.0,,0,13
ae78bc32,MS Gony,2017,2017,1,12,32,0,,16.0,,0,32
eef2536f,Avesh Khan,2022,2022,13,286,416,18,23.11,8.73,15.89,4,24
1e030637,V Puthur,2025,2025,5,72,109,6,18.17,9.08,12.0,3,32
bd77eb62,A Symonds,2009/10,2010,16,318,372,12,31.0,7.02,26.5,3,21
5b16a806,A Dananjaya,2018,2018,1,24,47,0,,11.75,,0,47
9eb1455b,NT Ellis,2021,2021,3,66,90,1,90.0,8.18,66.0,1,12
2af1b6d2,AN Ahmed,2014,2014,4,86,113,3,37.67,7.88,28.67,1,18
bbd41817,AD Russell,2015,2015,13,244,324,14,23.14,7.97,17.43,3,32
9f961c14,Joginder Sharma,2009/10,2010,3,48,89,2,44.5,11.13,24.0,1,23
b2b50355,L Balaji,2013,2013,13,300,387,12,32.25,7.74,25.0,3,19
1c914163,Yuvraj Singh,2016,2016,5,37,52,0,,8.43,,0,7
f29185a1,Abhishek Sharma,2026,2026,4,29,49,0,,10.14,,0,7
5bb5a915,M Morkel,2009,2009,2,42,40,0,,5.71,,0,20
034b4b7d,VRV Singh,2009/10,2010,1,18,40,0,,13.33,,0,40
b8527c3d,Rasikh Salam,2022,2022,2,24,28,0,,7.0,,0,10
3dba85c2,WA Mota,2007/08,2008,2,18,36,1,36.0,12.0,18.0,1,24
fdcb08c2,A Uniyal,2009/10,2010,2,36,66,2,33.0,11.0,18.0,2,41
c18496e1,Bipul Sharma,2011,2011,4,72,78,4,19.5,6.5,18.0,2,32
2e11c706,BCJ Cutting,2019,2019,1,12,27,1,27.0,13.5,12.0,1,27
b2b23612,RG More,2015,2015,2,35,59,1,59.0,10.11,35.0,1,31
a1f1829d,K Goel,2009/10,2010,1,6,7,0,,7.0,,0,7
1dc12ab9,SK Raina,2007/08,2008,2,20,30,1,30.0,9.0,20.0,1,20
96fd40ae,A Nehra,2009/10,2010,4,84,96,6,16.0,6.86,14.0,3,26
41eb4a4f,R Vinay Kumar,2018,2018,2,23,65,2,32.5,16.96,11.5,2,30
449f4e3c,B Muzarabani,2026,2026,2,42,75,4,18.75,10.71,10.5,4,41
acdc62f5,A Nortje,2026,2026,1,24,39,0,,9.75,,0,39
d7b3a420,Jaskaran Singh,2009,2009,1,18,32,0,,10.67,,0,32
67af6f81,RW Price,2011,2011,1,18,33,0,,11.0,,0,33
bd17b45f,STR Binny,2018,2018,1,12,33,0,,16.5,,0,33
bcce309e,WPUJC Vaas,2009,2009,2,48,71,4,17.75,8.88,12.0,2,19
5bb5a915,M Morkel,2009/10,2010,2,42,66,0,,9.43,,0,32
759ac88f,MM Sharma,2020/21,2021,1,24,45,1,45.0,11.25,24.0,1,45
21d4e29b,Navdeep Saini,2022,2022,2,36,72,3,24.0,12.0,12.0,2,36
32198ae0,MC Henriques,2009/10,2010,1,24,35,1,35.0,8.75,24.0,1,35
b57f8a9a,BJ Hodge,2013,2013,1,6,3,0,,3.0,,0,3
4b57e452,M Vijay,2016,2016,1,6,8,0,,8.0,,0,8
a24be938,VR Iyer,2024,2024,1,6,28,0,,28.0,,0,28
9d430b40,SP Narine,2015,2015,8,192,234,7,33.43,7.31,27.43,4,19
c7a995d3,R Sai Kishore,2025,2025,15,255,393,19,20.68,9.25,13.42,3,30
85e0cf10,M Prasidh Krishna,2025,2025,15,354,488,25,19.52,8.27,14.16,4,41
dd09ff8e,B Lee,2007/08,2008,4,96,112,4,28.0,7.0,24.0,1,9
91a4a398,Z Khan,2009,2009,6,126,142,6,23.67,6.76,21.0,3,31
0c2730df,A Kumble,2009,2009,16,355,347,21,16.52,5.86,16.9,5,5
495d42a5,R Ashwin,2009/10,2010,12,288,293,13,22.54,6.1,22.15,3,16
f0f628c7,MM Patel,2012,2012,12,280,367,15,24.47,7.86,18.67,4,20
93a17209,VY Mahesh,2012,2012,4,56,81,3,27.0,8.68,18.67,2,21
cf73ad76,JEC Franklin,2012,2012,9,90,121,6,20.17,8.07,15.0,2,18
4ba44e19,M Muralitharan,2012,2012,10,240,260,15,17.33,6.5,16.0,3,21
a757b0d8,KA Pollard,2013,2013,14,186,292,10,29.2,9.42,18.6,2,6
fe93fd9d,RA Jadeja,2013,2013,15,259,323,13,24.85,7.48,19.92,3,20
23eeb873,DL Chahar,2017,2017,3,42,74,1,74.0,10.57,42.0,1,35
cc1e8c68,UT Yadav,2018,2018,14,319,418,20,20.9,7.86,15.95,3,23
dbe50b21,HH Pandya,2019,2019,16,255,390,14,27.86,9.18,18.21,3,20
f834dcfc,L Ngidi,2020/21,2021,4,96,167,9,18.56,10.44,10.67,3,38
8d2c70ad,Kuldeep Yadav,2022,2022,14,298,419,21,19.95,8.44,14.19,4,14
cc1e8c68,UT Yadav,2023,2023,8,114,189,1,189.0,9.95,114.0,1,27
8db7f47f,RJW Topley,2023,2023,1,12,14,1,14.0,7.0,12.0,1,14
5f547c8b,Rashid Khan,2023,2023,17,402,552,27,20.44,8.24,14.89,4,30
b483905d,Akash Singh,2023,2023,6,114,188,5,37.6,9.89,22.8,2,40
b681e71e,GJ Maxwell,2023,2023,7,62,94,3,31.33,9.1,20.67,1,3
8d2c70ad,Kuldeep Yadav,2023,2023,14,294,361,10,36.1,7.37,29.4,2,15
c05edf8e,Harpreet Brar,2024,2024,13,228,303,7,43.29,7.97,32.57,2,13
3d8feaf8,MR Marsh,2016,2016,3,54,45,4,11.25,5.0,13.5,2,14
1da489ff,S Kaushik,2016,2016,7,138,192,6,32.0,8.35,23.0,3,20
5b615e7c,Raghu Sharma,2026,2026,5,90,130,1,130.0,8.67,90.0,1,36
e4cdf230,AS Roy,2026,2026,12,163,261,9,29.0,9.61,18.11,2,31
ab89348d,MF Maharoof,2007/08,2008,10,216,249,15,16.6,6.92,14.4,3,34
abfeb126,M Kartik,2009,2009,10,204,201,4,50.25,5.91,51.0,2,28
8a668774,Shoaib Ahmed,2009,2009,7,102,152,5,30.4,8.94,20.4,2,20
ba607b88,V Kohli,2009/10,2010,4,32,50,0,,9.38,,0,1
4329fbb5,SR Watson,2011,2011,10,216,241,6,40.17,6.69,36.0,3,19
5bdcdb72,TM Dilshan,2012,2012,5,42,77,0,,11.0,,0,6
6b19d823,A Mishra,2018,2018,10,222,264,12,22.0,7.14,18.5,3,19
f986ca1a,HV Patel,2019,2019,2,48,77,2,38.5,9.63,24.0,2,40
b4f5c2d9,KL Nagarkoti,2020/21,2021,9,156,231,5,46.2,8.88,31.2,2,13
a818c1be,TA Boult,2021,2021,14,308,406,13,31.23,7.91,23.69,3,28
c38d3503,Shivam Mavi,2021,2021,9,193,233,11,21.18,7.24,17.55,4,21
c695b423,PH Solanki,2022,2022,2,36,38,2,19.0,6.33,18.0,2,20
86dc8f2e,JH Kallis,2013,2013,15,318,394,16,24.63,7.43,19.88,3,13
6b19d823,A Mishra,2014,2014,10,225,340,7,48.57,9.07,32.14,2,23
2e8994e7,JP Duminy,2015,2015,9,102,126,8,15.75,7.41,12.75,4,17
2e81a32d,B Kumar,2016,2016,17,396,490,23,21.3,7.42,17.22,4,29
66b30f71,AB Dinda,2016,2016,9,183,231,11,21.0,7.57,16.64,3,20
81c36ee9,M Jansen,2025,2025,14,283,434,16,27.13,9.2,17.69,3,17
2e81a32d,B Kumar,2025,2025,14,312,483,17,28.41,9.29,18.35,3,33
c8179c68,SB Jakati,2009,2009,8,174,217,13,16.69,7.48,13.38,4,22
b2b50355,L Balaji,2009/10,2010,7,140,207,7,29.57,8.87,20.0,2,9
d2a989fc,DS Kulkarni,2013,2013,6,112,151,8,18.88,8.09,14.0,3,19
0a8fce53,Mustafizur Rahman,2018,2018,7,165,230,7,32.86,8.36,23.57,3,24
e62dd25d,K Rabada,2019,2019,12,282,368,25,14.72,7.83,11.28,4,21
bbd41817,AD Russell,2019,2019,12,181,287,11,26.09,9.51,16.45,2,21
1e66c162,JD Unadkat,2019,2019,11,224,398,10,39.8,10.66,22.4,2,26
e2db2409,M Ashwin,2022,2022,8,174,228,9,25.33,7.86,19.33,2,14
cd8d2859,DG Nalkande,2022,2022,2,31,59,2,29.5,11.42,15.5,2,37
c33d8116,Mohsin Khan,2023,2023,4,60,107,3,35.67,10.7,20.0,1,24
64839cb3,M Pathirana,2023,2023,12,278,371,19,19.53,8.01,14.63,3,15
2f9d0389,LH Ferguson,2024,2024,7,144,255,9,28.33,10.63,16.0,2,23
bbd41817,AD Russell,2025,2025,9,109,217,8,27.13,11.94,13.63,2,21
ce794613,T Natarajan,2026,2026,10,191,356,5,71.2,11.18,38.2,3,29
93a17209,VY Mahesh,2007/08,2008,11,253,370,16,23.13,8.77,15.81,4,36
bbd41817,AD Russell,2013,2013,3,42,68,0,,9.71,,0,13
db31895a,AS Rajpoot,2018,2018,8,157,223,11,20.27,8.52,14.27,5,14
ad427b5c,Lalit Yadav,2023,2023,4,78,118,2,59.0,9.08,39.0,1,29
2f9d0389,LH Ferguson,2023,2023,3,46,96,1,96.0,12.52,46.0,1,19
b2b50355,L Balaji,2014,2014,9,204,299,12,24.92,8.79,17.0,4,13
2e171977,AR Patel,2014,2014,17,396,405,17,23.82,6.14,23.29,3,24
896d78ad,AD Mathews,2015,2015,10,180,246,7,35.14,8.2,25.71,2,15
d167edd3,SM Boland,2016,2016,2,42,54,2,27.0,7.71,21.0,2,31
fd835ab3,DJ Hussey,2007/08,2008,5,78,130,2,65.0,10.0,39.0,1,23
5fa06777,IK Pathan,2007/08,2008,14,318,350,15,23.33,6.6,21.2,2,18
b1451597,LR Shukla,2009/10,2010,4,72,106,3,35.33,8.83,24.0,1,30
1dc12ab9,SK Raina,2017,2017,6,72,102,1,102.0,8.5,72.0,1,11
ded9240e,PJ Cummins,2017,2017,12,277,373,15,24.87,8.08,18.47,2,20
7d92277a,Mujeeb Ur Rahman,2021,2021,1,24,29,2,14.5,7.25,12.0,2,29
cc1e8c68,UT Yadav,2024,2024,7,126,210,8,26.25,10.0,15.75,2,22
33a364a6,R Bhatia,2014,2014,12,228,283,12,23.58,7.45,19.0,3,23
9d80c5e1,S Nadeem,2015,2015,2,42,43,0,,6.14,,0,18
2cdce1be,C Sakariya,2025,2025,1,18,39,0,,13.0,,0,39
d7c6af50,DL Vettori,2009/10,2010,3,70,97,2,48.5,8.31,35.0,1,30
c3d35165,JA Morkel,2009/10,2010,14,286,405,11,36.82,8.5,26.0,2,23
db584dad,CH Gayle,2012,2012,3,28,66,0,,14.14,,0,6
d2a989fc,DS Kulkarni,2017,2017,6,113,173,3,57.67,9.19,37.67,1,24
6a26221c,AK Markram,2022,2022,4,36,64,1,64.0,10.67,36.0,1,8
7c503806,J Botha,2009,2009,3,72,74,3,24.67,6.17,24.0,2,19
12eddf28,RJ Harris,2012,2012,5,108,130,8,16.25,7.22,13.5,4,34
81c36ee9,M Jansen,2022,2022,8,192,274,7,39.14,8.56,27.43,3,25
0a67aec0,Akash Deep,2024,2024,1,21,55,1,55.0,15.71,21.0,1,55
d4d929b0,V Kaverappa,2024,2024,1,24,36,2,18.0,9.0,12.0,2,36
0a8fce53,Mustafizur Rahman,2025,2025,3,66,87,4,21.75,7.91,16.5,3,33
39a2dfa8,R Tewatia,2018,2018,8,132,173,6,28.83,7.86,22.0,3,18
249d60c9,AU Rashid,2023,2023,2,42,56,2,28.0,8.0,21.0,2,23
6a26221c,AK Markram,2023,2023,6,49,70,1,70.0,8.57,49.0,1,24
fb693839,S Ladda,2009/10,2010,5,90,143,4,35.75,9.53,22.5,2,44
6ec424a9,ND Doshi,2009/10,2010,1,24,17,1,17.0,4.25,24.0,1,17
f846de6a,MN Samuels,2013,2013,1,24,34,1,34.0,8.5,24.0,1,34
c03c6200,DJG Sammy,2014,2014,8,84,157,3,52.33,11.21,28.0,1,20
26e5cabf,MK Tiwary,2011,2011,2,12,23,0,,11.5,,0,9
7c7d63a2,AJ Tye,2019,2019,6,132,233,3,77.67,10.59,44.0,1,37
0a3d54b9,VR Aaron,2022,2022,2,30,52,2,26.0,10.4,15.0,2,45
25228673,Harsh Dubey,2025,2025,3,60,98,5,19.6,9.8,12.0,3,34
d9273ee7,MP Stoinis,2017,2017,5,63,110,2,55.0,10.48,31.5,1,28
85b3fab2,T Stubbs,2025,2025,2,12,40,0,,20.0,,0,12
9fc0ef64,PJ Sangwan,2013,2013,2,24,51,0,,12.75,,0,17
63bff7f9,SM Harwood,2009,2009,3,60,73,3,24.33,7.3,20.0,2,25
4ec07775,RN ten Doeschate,2011,2011,1,6,7,0,,7.0,,0,7
f62772e5,P Negi,2014,2014,2,42,75,0,,10.71,,0,37
c8179c68,SB Jakati,2014,2014,1,22,41,0,,11.18,,0,41
a4e37e47,S Dube,2021,2021,4,30,49,0,,9.8,,0,5
9f77963a,Gulbadin Naib,2024,2024,1,6,12,0,,12.0,,0,12
94bc776b,D Kalyankrishna,2007/08,2008,3,48,87,2,43.5,10.88,24.0,1,30
66b30f71,AB Dinda,2017,2017,3,60,119,1,119.0,11.9,60.0,1,26
9f961c14,Joginder Sharma,2007/08,2008,7,148,239,8,29.88,9.69,18.5,2,27
77b1aa15,Harshit Rana,2022,2022,2,30,51,1,51.0,10.2,30.0,1,24
662c47a6,Y Nagar,2012,2012,1,6,10,0,,10.0,,0,10
3eac9d95,JDP Oram,2011,2011,2,24,45,1,45.0,11.25,24.0,1,32
14f96089,A Zampa,2017,2017,6,119,163,7,23.29,8.22,17.0,2,22
c3c92b42,RS Hangargekar,2023,2023,2,36,60,3,20.0,10.0,12.0,3,36
66cf56a5,A Mithun,2009,2009,1,24,42,0,,10.5,,0,42
9061a703,J Little,2024,2024,1,24,45,4,11.25,11.25,6.0,4,45
b51f72a5,SS Agarwal,2017,2017,1,24,42,1,42.0,10.5,24.0,1,42
eef2536f,Avesh Khan,2017,2017,1,24,23,1,23.0,5.75,24.0,1,23
012829ff,JW Hastings,2014,2014,1,18,29,1,29.0,9.67,18.0,1,29
5bb5a915,M Morkel,2014,2014,12,288,367,12,30.58,7.65,24.0,2,20
3c6ffae8,YK Pathan,2015,2015,5,60,97,2,48.5,9.7,30.0,2,40
cc1e8c68,UT Yadav,2015,2015,12,252,382,10,38.2,9.1,25.2,3,33
56ab442f,NM Coulter-Nile,2015,2015,11,255,321,15,21.4,7.55,17.0,4,20
5bb5a915,M Morkel,2016,2016,10,213,297,10,29.7,8.37,21.3,2,27
56ab442f,NM Coulter-Nile,2016,2016,4,90,114,3,38.0,7.6,30.0,2,25
8d2c70ad,Kuldeep Yadav,2025,2025,14,318,390,15,26.0,7.36,21.2,3,22
327b58d3,PVD Chameera,2025,2025,6,102,198,4,49.5,11.65,25.5,1,24
aad0c365,Nithish Kumar Reddy,2026,2026,14,186,323,8,40.38,10.42,23.25,2,17
6b8eb6e5,S Sreesanth,2007/08,2008,15,307,442,19,23.26,8.64,16.16,3,29
3c6ffae8,YK Pathan,2007/08,2008,13,169,230,8,28.75,8.17,21.13,3,22
addfb70e,SW Tait,2009/10,2010,8,187,264,10,26.4,8.47,18.7,3,22
896d78ad,AD Mathews,2012,2012,9,156,192,7,27.43,7.38,22.29,2,17
9a158001,Azhar Mahmood,2012,2012,11,256,329,14,23.5,7.71,18.29,3,20
41eb4a4f,R Vinay Kumar,2013,2013,16,361,493,23,21.43,8.19,15.7,3,18
495d42a5,R Ashwin,2020/21,2021,15,306,391,13,30.08,7.67,23.54,3,29
14f96089,A Zampa,2020/21,2021,3,66,92,2,46.0,8.36,33.0,1,12
2e171977,AR Patel,2021,2021,12,276,306,15,20.4,6.65,18.4,3,21
c05edf8e,Harpreet Brar,2021,2021,7,138,139,5,27.8,6.04,27.6,3,19
81c08fa3,Umran Malik,2023,2023,8,120,217,5,43.4,10.85,24.0,2,32
244048f6,Arshdeep Singh,2023,2023,14,305,493,17,29.0,9.7,17.94,4,29
50c6bc2b,LS Livingstone,2023,2023,5,42,94,2,47.0,13.43,21.0,1,19
c0c411cb,Naveen-ul-Haq,2023,2023,7,168,219,11,19.91,7.82,15.27,4,38
271f83cd,SA Yadav,2014,2014,1,6,8,0,,8.0,,0,8
2e81a32d,B Kumar,2015,2015,14,310,407,18,22.61,7.88,17.22,3,26
983f2f61,Swapnil Singh,2016,2016,1,18,29,0,,9.67,,0,29
f9e6e7ef,Shahbaz Ahmed,2024,2024,15,165,270,7,38.57,9.82,23.57,3,23
f24c6701,M Theekshana,2025,2025,11,252,410,11,37.27,9.76,22.91,2,26
3fb19989,MA Starc,2025,2025,11,228,389,14,27.79,10.24,16.29,5,35
462411b3,JJ Bumrah,2026,2026,13,294,410,4,102.5,8.37,73.5,1,15
87e562a9,DJ Bravo,2012,2012,18,346,462,15,30.8,8.01,23.07,2,10
cc1e8c68,UT Yadav,2012,2012,17,366,453,19,23.84,7.43,19.26,3,19
983f2f61,Swapnil Singh,2017,2017,4,42,61,1,61.0,8.71,42.0,1,14
98ae73b1,PP Chawla,2018,2018,15,294,412,14,29.43,8.41,21.0,3,48
d2a989fc,DS Kulkarni,2018,2018,8,119,188,4,47.0,9.48,29.75,2,32
462411b3,JJ Bumrah,2019,2019,16,370,409,19,21.53,6.63,19.47,3,20
f986ca1a,HV Patel,2020/21,2021,5,90,134,3,44.67,8.93,30.0,2,34
df064e1a,Ravi Bishnoi,2020/21,2021,14,306,376,12,31.33,7.37,25.5,3,29
d9273ee7,MP Stoinis,2021,2021,8,67,117,2,58.5,10.48,33.5,1,7
56ab442f,NM Coulter-Nile,2021,2021,5,120,127,7,18.14,6.35,17.14,4,14
2a2e6343,DT Christian,2021,2021,9,100,155,4,38.75,9.3,25.0,2,14
56ab442f,NM Coulter-Nile,2022,2022,1,18,48,0,,16.0,,0,48
7210d461,Yash Dayal,2024,2024,14,301,459,15,30.6,9.15,20.07,3,20
557153ca,KK Cooper,2013,2013,14,324,449,19,23.63,8.31,17.05,3,15
dc4686e6,BA Bhatt,2013,2013,2,30,32,1,32.0,6.4,30.0,1,11
3d7e087f,SK Trivedi,2013,2013,17,359,410,12,34.17,6.85,29.92,3,23
fe93fd9d,RA Jadeja,2015,2015,15,256,330,11,30.0,7.73,23.27,4,11
759ac88f,MM Sharma,2016,2016,14,291,407,13,31.31,8.39,22.38,3,23
9440ef41,Suyash Sharma,2025,2025,14,300,442,8,55.25,8.84,37.5,3,17
12314277,Arshad Khan,2025,2025,9,126,217,6,36.17,10.33,21.0,1,7
3d8feaf8,MR Marsh,2009/10,2010,3,60,88,2,44.0,8.8,30.0,1,19
3c6ffae8,YK Pathan,2017,2017,4,24,41,1,41.0,10.25,24.0,1,2
bbd41817,AD Russell,2020/21,2021,7,108,175,6,29.17,9.72,18.0,2,29
a9fd84fb,M Markande,2022,2022,2,42,57,1,57.0,8.14,42.0,1,26
1c914163,Yuvraj Singh,2015,2015,6,54,72,1,72.0,8.0,54.0,1,14
a757b0d8,KA Pollard,2015,2015,8,76,120,3,40.0,9.47,25.33,1,6
20a941bb,M Ntini,2007/08,2008,9,210,242,7,34.57,6.91,30.0,4,21
a1f1829d,K Goel,2009,2009,4,48,61,0,,7.63,,0,11
cc1e8c68,UT Yadav,2009/10,2010,7,144,184,6,30.67,7.67,24.0,2,24
d2340a43,Anand Rajan,2011,2011,2,30,50,3,16.67,10.0,10.0,3,27
e94915e6,SM Curran,2020/21,2021,13,252,344,13,26.46,8.19,19.38,3,19
ffe699c0,CJ Jordan,2022,2022,4,77,135,2,67.5,10.52,38.5,2,23
7210d461,Yash Dayal,2022,2022,9,192,296,11,26.91,9.25,17.45,3,40
a457cfb5,Mayank Dagar,2024,2024,5,71,120,1,120.0,10.14,71.0,1,23
05c2ca46,RE van der Merwe,2013,2013,3,66,71,3,23.67,6.45,22.0,1,17
5d9a1a73,R Sharma,2014,2014,2,36,65,1,65.0,10.83,36.0,1,33
39a2dfa8,R Tewatia,2014,2014,3,54,59,2,29.5,6.56,27.0,1,17
dd09ff8e,B Lee,2009,2009,5,120,111,5,22.2,5.55,24.0,3,15
ef5da05c,AG Murtaza,2009/10,2010,3,72,91,3,30.33,7.58,24.0,2,18
0c432afb,P Parameswaran,2012,2012,3,60,87,5,17.4,8.7,12.0,3,30
e94915e6,SM Curran,2019,2019,9,198,323,10,32.3,9.79,19.8,4,11
80b2fb19,Prince Yadav,2025,2025,6,137,225,3,75.0,9.85,45.67,1,29
25228673,Harsh Dubey,2026,2026,8,132,228,8,28.5,10.36,16.5,3,12
8ba8195d,V Sehwag,2007/08,2008,7,66,133,3,44.33,12.09,22.0,1,2
c15e2193,FY Fazal,2009/10,2010,2,12,20,0,,10.0,,0,6
ab89348d,MF Maharoof,2009/10,2010,7,144,206,8,25.75,8.58,18.0,2,13
fe763256,Y Venugopal Rao,2012,2012,2,12,26,0,,13.0,,0,13
a90e53ec,MW Short,2023,2023,3,24,25,0,,6.25,,0,7
acee4cc4,Imran Tahir,2015,2015,10,213,314,15,20.93,8.85,14.2,4,28
b483905d,Akash Singh,2025,2025,3,67,99,4,24.75,8.87,16.75,2,30
b2ae53f5,T Thushara,2009,2009,2,48,60,3,20.0,7.5,16.0,2,28
d1c94b25,CK Langeveldt,2009/10,2010,3,66,88,5,17.6,8.0,13.2,2,26
4ec07775,RN ten Doeschate,2012,2012,1,18,24,1,24.0,8.0,18.0,1,24
f62772e5,P Negi,2012,2012,6,132,152,7,21.71,6.91,18.86,4,18
119678fd,KV Sharma,2017,2017,9,184,214,13,16.46,6.98,14.15,4,16
f834dcfc,L Ngidi,2018,2018,7,156,156,11,14.18,6.0,14.18,4,10
f29185a1,Abhishek Sharma,2023,2023,5,72,124,2,62.0,10.33,36.0,1,26
62af8546,Mohammad Nabi,2024,2024,6,74,109,2,54.5,8.84,37.0,1,16
73ad96ed,DJ Hooda,2015,2015,7,91,129,1,129.0,8.51,91.0,1,35
1558d83b,GS Sandhu,2015,2015,2,48,82,1,82.0,10.25,48.0,1,33
f24ca2ba,C Nanda,2009,2009,3,48,57,2,28.5,7.13,24.0,1,4
36619795,Zeeshan Ansari,2025,2025,10,203,333,6,55.5,9.84,33.83,3,42
e84ac20c,MJ Henry,2017,2017,2,30,71,1,71.0,14.2,30.0,1,31
21d4e29b,Navdeep Saini,2023,2023,2,36,74,3,24.67,12.33,12.0,3,40
26ff4c29,RJ Peterson,2012,2012,4,48,70,3,23.33,8.75,16.0,3,37
7dc35884,Shakib Al Hasan,2017,2017,1,18,31,0,,10.33,,0,31
1c914163,Yuvraj Singh,2018,2018,2,12,23,0,,11.5,,0,10
62af8546,Mohammad Nabi,2020/21,2021,1,24,23,0,,5.75,,0,23
eade4650,DJ Mitchell,2022,2022,2,12,27,0,,13.5,,0,7
7c3b3b78,VG Arora,2026,2026,10,228,390,11,35.45,10.26,20.73,2,24
260fd380,AM Salvi,2011,2011,2,48,66,3,22.0,8.25,16.0,2,40
f0f628c7,MM Patel,2013,2013,4,90,137,3,45.67,9.13,30.0,3,29
5d096f3d,RR Powar,2009,2009,8,126,132,5,26.4,6.29,25.2,2,11
acee4cc4,Imran Tahir,2020/21,2021,3,66,76,1,76.0,6.91,66.0,1,24
d027ba9f,KS Williamson,2020/21,2021,1,12,24,0,,12.0,,0,24
327b58d3,PVD Chameera,2024,2024,1,18,48,0,,16.0,,0,48
7dcb9bc9,M Shahrukh Khan,2025,2025,1,6,13,1,13.0,13.0,6.0,1,13
b483905d,Akash Singh,2026,2026,2,42,80,4,20.0,11.43,10.5,3,26
6c6591ab,PP Ojha,2015,2015,1,12,23,0,,11.5,,0,23
a45a5e8d,AM Nayar,2012,2012,1,6,16,0,,16.0,,0,16
24d94623,Ankit Sharma,2013,2013,1,12,17,0,,8.5,,0,17
5bb1a1c4,I Sharma,2020/21,2021,1,18,26,0,,8.67,,0,26
3d8feaf8,MR Marsh,2020/21,2021,1,4,6,0,,9.0,,0,6
3d8feaf8,MR Marsh,2022,2022,4,72,102,4,25.5,8.5,18.0,2,25
af7dadf7,B Akhil,2007/08,2008,6,104,134,2,67.0,7.73,52.0,2,17
9fc0ef64,PJ Sangwan,2016,2016,2,24,49,0,,12.25,,0,21
030f3089,K Yadav,2021,2021,1,12,16,0,,8.0,,0,16
8e514b4c,Abdul Samad,2026,2026,1,1,6,0,,36.0,,0,6
e32d22f6,Pankaj Singh,2009/10,2010,2,48,81,2,40.5,10.13,24.0,2,27
b822e99c,NB Singh,2017,2017,2,24,15,1,15.0,3.75,24.0,1,7
378daa89,Aman Hakim Khan,2022,2022,1,6,13,0,,13.0,,0,13
808f425a,JP Faulkner,2011,2011,1,12,9,1,9.0,4.5,12.0,1,9
c05edf8e,Harpreet Brar,2020/21,2021,1,24,41,0,,10.25,,0,41
d2340a43,Anand Rajan,2013,2013,2,48,42,2,21.0,5.25,24.0,1,20
c28e9f12,Tejas Baroka,2017,2017,1,21,33,0,,9.43,,0,33
a343262c,JE Root,2023,2023,1,12,14,0,,7.0,,0,14
557153ca,KK Cooper,2014,2014,5,108,134,4,33.5,7.44,27.0,2,38
495d42a5,R Ashwin,2015,2015,13,234,228,10,22.8,5.85,23.4,2,5
a12e1d51,SL Malinga,2015,2015,15,360,444,24,18.5,7.4,15.0,4,23
51a3c5ef,MJ McClenaghan,2015,2015,12,282,386,18,21.44,8.21,15.67,3,16
a9da7784,KJ Abbott,2016,2016,5,96,177,2,88.5,11.06,48.0,1,38
5b8c830e,KH Pandya,2025,2025,15,276,379,17,22.29,8.24,16.24,4,45
172dff15,C Bosch,2026,2026,6,121,195,12,16.25,9.67,10.08,4,26
034b4b7d,VRV Singh,2007/08,2008,13,288,420,11,38.18,8.75,26.18,3,29
756389bd,S Vidyut,2007/08,2008,1,12,22,1,22.0,11.0,12.0,1,22
3edb58fc,AD Mascarenhas,2007/08,2008,1,24,29,2,14.5,7.25,12.0,2,29
f0f628c7,MM Patel,2009,2009,11,209,241,16,15.06,6.92,13.06,2,14
495d42a5,R Ashwin,2009,2009,1,24,13,2,6.5,3.25,12.0,2,13
c3d1402f,RP Singh,2009/10,2010,12,252,370,13,28.46,8.81,19.38,3,17
5fa06777,IK Pathan,2009/10,2010,14,278,426,15,28.4,9.19,18.53,3,24
e938e1bc,P Kumar,2011,2011,13,276,345,10,34.5,7.5,27.6,2,19
9d430b40,SP Narine,2017,2017,15,354,412,10,41.2,6.98,35.4,2,29
0994d0ae,V Shankar,2019,2019,5,48,70,1,70.0,8.75,48.0,1,11
d9273ee7,MP Stoinis,2020/21,2021,13,178,283,13,21.77,9.54,13.69,3,26
765a4731,Mukesh Choudhary,2022,2022,13,273,424,16,26.5,9.32,17.06,4,46
98ae73b1,PP Chawla,2024,2024,11,210,312,13,24.0,8.91,16.15,3,29
ae78bc32,MS Gony,2013,2013,8,168,256,7,36.57,9.14,24.0,2,24
b681e71e,GJ Maxwell,2013,2013,2,12,23,0,,11.5,,0,5
4ba44e19,M Muralitharan,2014,2014,5,96,124,3,41.33,7.75,32.0,2,25
b1451597,LR Shukla,2014,2014,5,56,83,1,83.0,8.89,56.0,1,31
9d80c5e1,S Nadeem,2014,2014,11,228,311,8,38.88,8.18,28.5,2,35
abfeb126,M Kartik,2014,2014,2,48,91,1,91.0,11.38,48.0,1,51
aa8d28ae,D Wiese,2015,2015,13,254,353,16,22.06,8.34,15.88,4,33
a757b0d8,KA Pollard,2016,2016,4,36,81,0,,13.5,,0,11
0604ef16,SB Bangar,2007/08,2008,9,150,219,4,54.75,8.76,37.5,2,34
1c914163,Yuvraj Singh,2007/08,2008,6,54,83,3,27.67,9.22,18.0,2,12
57efa3be,SB Styris,2007/08,2008,8,162,199,3,66.33,7.37,54.0,1,24
0c2730df,A Kumble,2009/10,2010,16,380,407,17,23.94,6.43,22.35,4,16
1dc12ab9,SK Raina,2011,2011,12,165,201,4,50.25,7.31,41.25,2,0
abfeb126,M Kartik,2011,2011,6,125,166,1,166.0,7.97,125.0,1,27
6b8eb6e5,S Sreesanth,2011,2011,9,191,206,7,29.43,6.47,27.29,2,10
0f12f9df,NLTC Perera,2013,2013,16,358,478,19,25.16,8.01,18.84,3,20
5fa06777,IK Pathan,2013,2013,15,308,382,10,38.2,7.44,30.8,2,29
5bb1a1c4,I Sharma,2017,2017,6,108,179,0,,9.94,,0,12
a9fd84fb,M Markande,2018,2018,14,264,368,15,24.53,8.36,17.6,4,23
fb2d1dda,N Rana,2019,2019,6,48,72,3,24.0,9.0,16.0,1,8
f986ca1a,HV Patel,2022,2022,15,321,410,19,21.58,7.66,16.89,4,34
808f425a,JP Faulkner,2013,2013,16,379,427,28,15.25,6.76,13.54,5,16
57ee1fde,YS Chahal,2025,2025,13,270,430,16,26.88,9.56,16.88,4,28
d9273ee7,MP Stoinis,2025,2025,9,85,175,1,175.0,12.35,85.0,1,14
cf0ccafa,M Siddharth,2026,2026,4,90,145,6,24.17,9.67,15.0,2,35
fa463154,AB Agarkar,2007/08,2008,9,156,207,8,25.88,7.96,19.5,3,25
ee7d0c82,GD McGrath,2007/08,2008,14,324,357,12,29.75,6.61,27.0,4,29
5bb1a1c4,I Sharma,2009/10,2010,7,150,236,7,33.71,9.44,21.43,2,33
d2340a43,Anand Rajan,2012,2012,4,71,109,3,36.33,9.21,23.67,1,11
29d72eb2,AA Chavan,2012,2012,8,164,236,7,33.71,8.63,23.43,2,23
8fd1a8f5,DW Steyn,2012,2012,12,280,285,18,15.83,6.11,15.56,3,8
8b5b6769,Harbhajan Singh,2018,2018,12,191,270,7,38.57,8.48,27.29,2,22
9219eff0,JDS Neesham,2020/21,2021,5,90,148,2,74.0,9.87,45.0,1,17
ded9240e,PJ Cummins,2021,2021,7,161,237,9,26.33,8.83,17.89,3,24
ffe699c0,CJ Jordan,2021,2021,4,72,96,4,24.0,8.0,18.0,2,20
98ae73b1,PP Chawla,2023,2023,16,366,495,22,22.5,8.11,16.64,3,22
8b5b6769,Harbhajan Singh,2014,2014,14,330,356,14,25.43,6.47,23.57,2,13
5f547c8b,Rashid Khan,2026,2026,17,341,516,21,24.57,9.08,16.24,4,33
5d096f3d,RR Powar,2009/10,2010,7,138,160,3,53.33,6.96,46.0,2,28
b61a3e1a,LRPL Taylor,2011,2011,1,6,11,0,,11.0,,0,11
66cf56a5,A Mithun,2011,2011,12,204,321,5,64.2,9.44,40.8,2,37
6821ac10,JJ van der Wath,2011,2011,3,72,129,3,43.0,10.75,24.0,2,49
21d4e29b,Navdeep Saini,2021,2021,2,24,52,0,,13.0,,0,25
60500956,RV Patel,2021,2021,1,18,22,0,,7.33,,0,22
8998a68f,Sumit Kumar,2024,2024,2,20,38,0,,11.4,,0,19
89f64c19,LMP Simmons,2014,2014,1,18,34,1,34.0,11.33,18.0,1,34
1abb78f8,SN Thakur,2026,2026,7,132,270,12,22.5,12.27,11.0,4,39
fcc21ace,A Kamboj,2026,2026,14,302,530,21,25.24,10.53,14.38,3,22
dbc50253,AP Dole,2009/10,2010,3,66,112,5,22.4,10.18,13.2,2,36
5b040b81,A Singh,2012,2012,9,197,310,10,31.0,9.44,19.7,2,29
2f49c897,Mohammed Siraj,2017,2017,6,138,212,10,21.2,9.22,13.8,4,32
495d42a5,R Ashwin,2021,2021,13,268,331,7,47.29,7.41,38.29,2,27
e4a0deae,MJ Santner,2023,2023,3,72,81,3,27.0,6.75,24.0,2,28
4b31f3a3,Yash Thakur,2024,2024,10,213,402,11,36.55,11.32,19.36,5,30
6b19d823,A Mishra,2015,2015,12,241,310,9,34.44,7.72,26.78,2,32
4bd09374,Akash Madhwal,2025,2025,4,90,166,4,41.5,11.07,22.5,3,29
41eb4a4f,R Vinay Kumar,2007/08,2008,8,138,182,5,36.4,7.91,27.6,3,27
fd835ab3,DJ Hussey,2013,2013,4,66,91,0,,8.27,,0,14
7d92277a,Mujeeb Ur Rahman,2020/21,2021,2,48,83,0,,10.38,,0,39
245c97cb,TS Mills,2022,2022,5,102,190,6,31.67,11.18,17.0,3,35
7c503806,J Botha,2013,2013,6,100,109,5,21.8,6.54,20.0,2,11
50c09020,Ashok Sharma,2026,2026,6,126,228,6,38.0,10.86,21.0,2,32
12314277,Arshad Khan,2026,2026,6,104,172,6,28.67,9.92,17.33,3,22
57efa3be,SB Styris,2009,2009,2,48,64,5,12.8,8.0,9.6,3,32
41eb4a4f,R Vinay Kumar,2009/10,2010,14,277,396,16,24.75,8.58,17.31,4,40
fef92afc,SC Kuggeleijn,2019,2019,2,48,71,2,35.5,8.88,24.0,2,37
8f6dd463,Azmatullah Omarzai,2026,2026,3,66,103,3,34.33,9.36,22.0,2,36
cfad138c,CK Kapugedera,2007/08,2008,3,17,49,0,,17.29,,0,8
7ca5e05d,RS Bopara,2009,2009,2,8,5,0,,3.75,,0,1
a24be938,VR Iyer,2022,2022,4,24,46,0,,11.5,,0,8
26a85969,R Dhawan,2016,2016,2,42,56,2,28.0,8.0,21.0,1,21
5f26df4f,VS Malik,2009,2009,5,72,98,2,49.0,8.17,36.0,1,12
5bb1a1c4,I Sharma,2009,2009,11,258,297,11,27.0,6.91,23.45,2,15
8e514b4c,Abdul Samad,2020/21,2021,3,42,96,1,96.0,13.71,42.0,1,41
5d2eea49,Kartik Tyagi,2023,2023,3,37,92,1,92.0,14.92,37.0,1,30
9caf69a1,WG Jacks,2025,2025,8,84,120,6,20.0,8.57,14.0,2,14
35205dfc,DR Smith,2009/10,2010,2,23,36,1,36.0,9.39,23.0,1,22
3a60e0b5,WD Parnell,2012,2012,6,126,128,5,25.6,6.1,25.2,2,18
ea0cdc12,BAW Mendis,2013,2013,3,72,78,2,39.0,6.5,36.0,1,15
752f7486,Ishan Kishan,2025,2025,1,1,4,0,,24.0,,0,4
c3a96caf,Mandeep Singh,2019,2019,2,12,26,0,,13.0,,0,8
dd09ff8e,B Lee,2013,2013,3,72,86,4,21.5,7.17,18.0,2,40
6f49cc6e,Shivam Sharma,2015,2015,1,18,44,1,44.0,14.67,18.0,1,44
244048f6,Arshdeep Singh,2020/21,2021,8,149,218,9,24.22,8.78,16.56,3,23
3c6ffae8,YK Pathan,2016,2016,4,36,33,1,33.0,5.5,36.0,1,6
f0f628c7,MM Patel,2017,2017,2,42,57,1,57.0,8.14,42.0,1,35
b69e69ed,AA Noffke,2007/08,2008,1,24,40,1,40.0,10.0,24.0,1,40
2f9d0389,LH Ferguson,2017,2017,4,78,93,3,31.0,7.15,26.0,2,7
b52ffbbd,FA Allen,2022,2022,1,24,46,1,46.0,11.5,24.0,1,46
4b57e452,M Vijay,2014,2014,1,6,13,0,,13.0,,0,13
91ffa6c6,JD Ryder,2012,2012,4,42,70,1,70.0,10.0,42.0,1,25
50c6bc2b,LS Livingstone,2019,2019,1,6,13,0,,13.0,,0,13
b720a5d6,DB Ravi Teja,2011,2011,1,6,9,0,,9.0,,0,9
5f26df4f,VS Malik,2014,2014,1,18,29,1,29.0,9.67,18.0,1,29
bbd41817,AD Russell,2014,2014,2,30,52,1,52.0,10.4,30.0,1,25
29d72eb2,AA Chavan,2011,2011,2,30,27,0,,5.4,,0,10
f708a0bc,GB Hogg,2013,2013,1,20,31,0,,9.3,,0,31
27e71d47,K Upadhyay,2013,2013,2,30,48,0,,9.6,,0,19
cc1e8c68,UT Yadav,2020/21,2021,2,42,83,0,,11.86,,0,35
350bb1b1,AF Milne,2016,2016,1,24,43,1,43.0,10.75,24.0,1,43
3c6ffae8,YK Pathan,2018,2018,1,12,14,1,14.0,7.0,12.0,1,14
26a85969,R Dhawan,2024,2024,1,18,35,0,,11.67,,0,35
a03bba42,T Shamsi,2021,2021,1,24,34,0,,8.5,,0,34
27af6414,BJ Rohrer,2013,2013,1,6,12,0,,12.0,,0,12
ee3dfa89,Sunny Gupta,2012,2012,1,18,47,0,,15.67,,0,47
51ec3919,T Vijay,2026,2026,1,12,29,0,,14.5,,0,29
6042bf26,NJ Rimmington,2011,2011,1,18,19,0,,6.33,,0,19
4329fbb5,SR Watson,2013,2013,13,250,298,13,22.92,7.15,19.23,3,22
91a4a398,Z Khan,2015,2015,7,145,156,7,22.29,6.46,20.71,2,9
26989d80,Shashank Singh,2024,2024,1,6,5,1,5.0,5.0,6.0,1,5
f233bbb4,ST Jayasuriya,2009,2009,9,114,163,7,23.29,8.58,16.29,2,3
9fc0ef64,PJ Sangwan,2009,2009,13,280,360,15,24.0,7.71,18.67,3,18
c8179c68,SB Jakati,2011,2011,14,265,336,10,33.6,7.61,26.5,2,21
d7c6af50,DL Vettori,2011,2011,13,310,311,12,25.92,6.02,25.83,3,19
86dc8f2e,JH Kallis,2012,2012,16,324,403,15,26.87,7.46,21.6,2,7
e938e1bc,P Kumar,2012,2012,16,378,434,9,48.22,6.89,42.0,2,15
bbd41817,AD Russell,2018,2018,15,227,355,13,27.31,9.38,17.46,3,31
7dc35884,Shakib Al Hasan,2019,2019,3,65,95,2,47.5,8.77,32.5,1,26
f19ccfad,Washington Sundar,2019,2019,3,54,74,4,18.5,8.22,13.5,3,24
8cf9814c,Mohammed Shami,2020/21,2021,14,322,460,20,23.0,8.57,16.1,3,15
dcf81436,S Kaul,2021,2021,8,180,247,7,35.29,8.23,25.71,2,31
23cca426,OF Smith,2022,2022,6,90,178,6,29.67,11.87,15.0,4,30
ce794613,T Natarajan,2022,2022,11,258,406,18,22.56,9.44,14.33,3,10
8cf9814c,Mohammed Shami,2022,2022,16,366,488,20,24.4,8.0,18.3,3,25
acdc62f5,A Nortje,2023,2023,10,240,364,10,36.4,9.1,24.0,2,20
5f547c8b,Rashid Khan,2024,2024,12,262,367,10,36.7,8.4,26.2,2,38
3204c99f,G Coetzee,2024,2024,10,201,341,13,26.23,10.18,15.46,4,34
759ac88f,MM Sharma,2024,2024,11,234,425,13,32.69,10.9,18.0,3,25
bd17b45f,STR Binny,2013,2013,14,144,162,6,27.0,6.75,24.0,2,14
e938e1bc,P Kumar,2016,2016,16,309,401,9,44.56,7.79,34.33,2,19
acdc62f5,A Nortje,2025,2025,2,42,83,1,83.0,11.86,42.0,1,23
3ff033bb,MD Shanaka,2026,2026,3,36,60,1,60.0,10.0,36.0,1,29
facb9086,SD Chitnis,2007/08,2008,2,36,60,2,30.0,10.0,18.0,2,40
ae78bc32,MS Gony,2007/08,2008,16,360,443,17,26.06,7.38,21.18,3,34
39f01cdb,KP Pietersen,2009,2009,4,78,85,4,21.25,6.54,19.5,2,31
b2b50355,L Balaji,2011,2011,14,266,371,10,37.1,8.37,26.6,3,15
d2a989fc,DS Kulkarni,2011,2011,6,120,149,5,29.8,7.45,24.0,3,26
cf73ad76,JEC Franklin,2011,2011,6,61,99,3,33.0,9.74,20.33,2,35
f708a0bc,GB Hogg,2012,2012,9,216,253,10,25.3,7.03,21.6,2,31
66b30f71,AB Dinda,2013,2013,13,294,465,16,29.06,9.49,18.38,3,31
57ee1fde,YS Chahal,2018,2018,14,300,363,12,30.25,7.26,25.0,2,22
f19ccfad,Washington Sundar,2021,2021,6,96,118,3,39.33,7.38,32.0,1,7
23eeb873,DL Chahar,2021,2021,15,324,451,14,32.21,8.35,23.14,4,13
46a9bea1,TU Deshpande,2023,2023,16,341,564,21,26.86,9.92,16.24,3,45
35205dfc,DR Smith,2016,2016,8,108,153,8,19.13,8.5,13.5,4,8
7c3b3b78,VG Arora,2025,2025,12,255,430,17,25.29,10.12,15.0,3,29
2503e881,A Nel,2007/08,2008,1,18,31,1,31.0,10.33,18.0,1,31
bb18be76,SK Warne,2009,2009,13,300,365,14,26.07,7.3,21.43,3,24
a45a5e8d,AM Nayar,2009,2009,4,72,84,4,21.0,7.0,18.0,3,13
8b5b6769,Harbhajan Singh,2009/10,2010,14,321,377,17,22.18,7.05,18.88,3,31
c654af19,R McLaren,2011,2011,6,108,178,5,35.6,9.89,21.6,2,33
db584dad,CH Gayle,2011,2011,12,216,244,8,30.5,6.78,27.0,3,21
abfeb126,M Kartik,2012,2012,11,216,266,4,66.5,7.39,54.0,2,14
a757b0d8,KA Pollard,2012,2012,14,263,350,16,21.88,7.98,16.44,4,44
5f547c8b,Rashid Khan,2017,2017,14,324,358,17,21.06,6.63,19.06,3,19
2e81a32d,B Kumar,2018,2018,12,277,354,9,39.33,7.67,30.78,3,26
13c35c9e,TG Southee,2018,2018,8,174,261,5,52.2,9.0,34.8,3,30
244048f6,Arshdeep Singh,2021,2021,12,248,342,18,19.0,8.27,13.78,5,32
cc1e8c68,UT Yadav,2022,2022,12,288,339,16,21.19,7.06,18.0,4,23
7c3b3b78,VG Arora,2023,2023,5,96,146,5,29.2,9.13,19.2,2,30
465aa633,N Burger,2024,2024,5,102,145,7,20.71,8.53,14.57,2,29
c0c411cb,Naveen-ul-Haq,2024,2024,10,219,372,14,26.57,10.19,15.64,3,49
2e171977,AR Patel,2024,2024,14,264,337,11,30.64,7.66,24.0,2,25
b681e71e,GJ Maxwell,2024,2024,6,96,129,6,21.5,8.06,16.0,2,23
fe93fd9d,RA Jadeja,2016,2016,14,241,311,8,38.88,7.74,30.13,2,18
86dc8f2e,JH Kallis,2007/08,2008,11,206,311,4,77.75,9.06,51.5,2,39
acd4f5dc,DP Vijaykumar,2007/08,2008,9,152,199,4,49.75,7.86,38.0,1,17
b1451597,LR Shukla,2007/08,2008,9,72,124,6,20.67,10.33,12.0,3,6
c24a2c5d,S Tyagi,2009,2009,8,114,136,5,27.2,7.16,22.8,2,18
b57f8a9a,BJ Hodge,2009/10,2010,4,30,41,2,20.5,8.2,15.0,1,4
fa463154,AB Agarkar,2009/10,2010,7,132,203,4,50.75,9.23,33.0,2,32
864c199e,AC Voges,2009/10,2010,7,54,76,0,,8.44,,0,5
b1451597,LR Shukla,2013,2013,2,18,22,1,22.0,7.33,18.0,1,14
759ac88f,MM Sharma,2018,2018,9,178,322,7,46.0,10.85,25.43,2,33
a12e1d51,SL Malinga,2019,2019,12,269,438,16,27.38,9.77,16.81,4,31
fa2f1dde,K Khejroliya,2023,2023,2,26,64,2,32.0,14.77,13.0,2,44
b8527c3d,Rasikh Salam,2024,2024,8,147,269,9,29.89,10.98,16.33,3,34
fffa744b,Naman Dhir,2024,2024,3,28,55,0,,11.79,,0,13
9d430b40,SP Narine,2014,2014,16,384,407,21,19.38,6.36,18.29,4,20
a757b0d8,KA Pollard,2014,2014,12,150,262,2,131.0,10.48,75.0,1,33
df064e1a,Ravi Bishnoi,2025,2025,11,222,401,9,44.56,10.84,24.67,2,18
98ae73b1,PP Chawla,2009,2009,14,269,308,12,25.67,6.87,22.42,2,22
86dc8f2e,JH Kallis,2011,2011,9,144,170,7,24.29,7.08,20.57,2,16
fb66ce1f,CH Morris,2017,2017,9,186,240,12,20.0,7.74,15.5,4,26
f986ca1a,HV Patel,2018,2018,5,105,167,7,23.86,9.54,15.0,3,28
db31895a,AS Rajpoot,2019,2019,4,96,152,3,50.67,9.5,32.0,2,33
ce794613,T Natarajan,2020/21,2021,16,377,504,16,31.5,8.02,23.56,2,24
5d2eea49,Kartik Tyagi,2021,2021,4,84,124,4,31.0,8.86,21.0,2,29
acdc62f5,A Nortje,2022,2022,6,134,217,9,24.11,9.72,14.89,3,42
7ca5e05d,RS Bopara,2015,2015,7,120,160,6,26.67,8.0,20.0,2,18
ba607b88,V Kohli,2015,2015,2,11,10,0,,5.45,,0,4
8cf9814c,Mohammed Shami,2016,2016,8,151,244,5,48.8,9.7,30.2,2,34
d027ba9f,KS Williamson,2016,2016,1,6,7,0,,7.0,,0,7
260fd380,AM Salvi,2009,2009,5,102,134,4,33.5,7.88,25.5,2,19
db584dad,CH Gayle,2009/10,2010,6,96,152,4,38.0,9.5,24.0,1,9
0f12f9df,NLTC Perera,2012,2012,2,15,27,0,,10.8,,0,8
69be866a,Anureet Singh,2017,2017,1,12,26,0,,13.0,,0,26
2f49c897,Mohammed Siraj,2018,2018,11,246,367,11,33.36,8.95,22.36,3,25
b681e71e,GJ Maxwell,2022,2022,10,144,165,6,27.5,6.88,24.0,2,22
1e66c162,JD Unadkat,2023,2023,3,48,92,0,,11.5,,0,26
c7a995d3,R Sai Kishore,2024,2024,5,90,137,7,19.57,9.13,12.86,4,33
a818c1be,TA Boult,2020/21,2021,15,344,457,25,18.28,7.97,13.76,4,18
529eb9e0,OC McCoy,2022,2022,7,155,237,11,21.55,9.17,14.09,3,23
66b30f71,AB Dinda,2014,2014,9,186,270,5,54.0,8.71,37.2,1,14
af2c687b,C Munro,2016,2016,2,12,15,0,,7.5,,0,7
86dc8f2e,JH Kallis,2014,2014,8,132,186,4,46.5,8.45,33.0,1,15
13c35c9e,TG Southee,2019,2019,3,54,118,1,118.0,13.11,54.0,1,24
1dc12ab9,SK Raina,2016,2016,4,60,82,0,,8.2,,0,15
8fd1a8f5,DW Steyn,2009,2009,3,54,62,2,31.0,6.89,27.0,1,21
4ba44e19,M Muralitharan,2011,2011,5,114,141,2,70.5,7.42,57.0,1,18
f18ba07f,Ankit Soni,2017,2017,6,109,144,2,72.0,7.93,54.5,1,16
acee4cc4,Imran Tahir,2016,2016,4,96,138,5,27.6,8.63,19.2,3,24
4c5d73db,CR Woakes,2021,2021,3,66,82,5,16.4,7.45,13.2,2,18
13c35c9e,TG Southee,2014,2014,3,60,76,0,,7.6,,0,16
24d94623,Ankit Sharma,2016,2016,3,66,84,1,84.0,7.64,66.0,1,27
7d3937ed,DJ Thornely,2007/08,2008,4,42,40,3,13.33,5.71,14.0,2,7
acee4cc4,Imran Tahir,2014,2014,6,125,171,9,19.0,8.21,13.89,3,22
e4cdf230,AS Roy,2025,2025,1,24,27,1,27.0,6.75,24.0,1,27
81c36ee9,M Jansen,2026,2026,12,284,483,9,53.67,10.2,31.56,2,33
dee07622,RS Ghosh,2026,2026,1,18,24,1,24.0,8.0,18.0,1,24
f24c6701,M Theekshana,2024,2024,5,120,144,2,72.0,7.2,60.0,1,27
e32d22f6,Pankaj Singh,2011,2011,1,12,23,0,,11.5,,0,23
a9fd84fb,M Markande,2021,2021,1,18,26,0,,8.67,,0,26
6a26221c,AK Markram,2025,2025,5,66,102,4,25.5,9.27,16.5,2,30
d0513f63,CL White,2013,2013,2,12,16,1,16.0,8.0,12.0,1,14
8cf9814c,Mohammed Shami,2018,2018,4,83,144,3,48.0,10.41,27.67,1,29
65b6943c,L Wood,2024,2024,2,36,93,1,93.0,15.5,36.0,1,68
a757b0d8,KA Pollard,2017,2017,1,11,30,0,,16.36,,0,30
bb351c23,MM Ali,2020/21,2021,3,30,42,1,42.0,8.4,30.0,1,21
798cc28e,KM Asif,2021,2021,1,13,18,1,18.0,8.31,13.0,1,18
db584dad,CH Gayle,2015,2015,1,12,15,0,,7.5,,0,15
2815fe50,AA Jhunjhunwala,2011,2011,2,12,22,0,,11.0,,0,11
350bb1b1,AF Milne,2022,2022,1,15,19,0,,7.6,,0,19
1e66c162,JD Unadkat,2012,2012,1,18,32,0,,10.67,,0,32
41eb4a4f,R Vinay Kumar,2017,2017,1,18,31,2,15.5,10.33,9.0,2,31
5b7ab5a9,CV Varun,2019,2019,1,18,35,1,35.0,11.67,18.0,1,35
0994d0ae,V Shankar,2014,2014,1,6,19,0,,19.0,,0,19
fb693839,S Ladda,2016,2016,1,12,21,0,,10.5,,0,21
12b610c2,TM Head,2024,2024,1,10,32,0,,19.2,,0,32
1a0c3177,P Awana,2013,2013,14,324,412,15,27.47,7.63,21.6,3,39
4ba44e19,M Muralitharan,2013,2013,6,138,177,3,59.0,7.7,46.0,1,18
26a85969,R Dhawan,2014,2014,13,284,365,13,28.08,7.71,21.85,2,14
4329fbb5,SR Watson,2016,2016,16,339,485,20,24.25,8.58,16.95,4,29
eaa76d3c,C Green,2024,2024,13,211,303,10,30.3,8.62,21.1,2,12
9d430b40,SP Narine,2025,2025,12,270,351,12,29.25,7.8,22.5,3,13
1abb78f8,SN Thakur,2025,2025,10,204,375,13,28.85,11.03,15.69,4,34
2cffab74,Mukesh Kumar,2026,2026,10,188,353,6,58.83,11.27,31.33,2,26
465aa633,N Burger,2026,2026,13,261,440,14,31.43,10.11,18.64,2,21
8cf9814c,Mohammed Shami,2026,2026,13,306,459,12,38.25,9.0,25.5,2,9
e62dd25d,K Rabada,2026,2026,17,388,626,29,21.59,9.68,13.38,3,25
4ba44e19,M Muralitharan,2007/08,2008,15,348,404,11,36.73,6.97,31.64,2,39
e938e1bc,P Kumar,2007/08,2008,13,268,366,11,33.27,8.19,24.36,3,23
c404f58a,DP Nannes,2009,2009,13,297,372,15,24.8,7.52,19.8,3,27
af7dadf7,B Akhil,2009,2009,5,66,80,4,20.0,7.27,16.5,2,18
f233bbb4,ST Jayasuriya,2009/10,2010,4,54,68,2,34.0,7.56,27.0,2,17
8b5b6769,Harbhajan Singh,2011,2011,15,318,370,14,26.43,6.98,22.71,5,18
2498e163,JR Hopes,2011,2011,9,192,272,7,38.86,8.5,27.43,1,25
98ae73b1,PP Chawla,2011,2011,12,248,336,16,21.0,8.13,15.5,4,17
3c6ffae8,YK Pathan,2011,2011,14,234,238,13,18.31,6.1,18.0,3,20
b2570b38,RV Gomez,2011,2011,8,90,124,5,24.8,8.27,18.0,2,14
6c6591ab,PP Ojha,2011,2011,10,221,267,10,26.7,7.25,22.1,3,26
c3d35165,JA Morkel,2012,2012,15,297,385,13,29.62,7.78,22.85,3,29
3c6ffae8,YK Pathan,2012,2012,12,132,182,3,60.67,8.27,44.0,2,12
73ad96ed,DJ Hooda,2017,2017,3,24,42,2,21.0,10.5,12.0,1,7
0a3d54b9,VR Aaron,2017,2017,6,120,163,7,23.29,8.15,17.14,2,3
808f425a,JP Faulkner,2017,2017,8,158,258,6,43.0,9.8,26.33,2,34
871e9faf,Basil Thampi,2017,2017,12,268,424,11,38.55,9.49,24.36,3,29
dcf81436,S Kaul,2018,2018,17,396,547,21,26.05,8.29,18.86,3,23
ce820073,Sandeep Sharma,2018,2018,12,264,333,12,27.75,7.57,22.0,2,17
119678fd,KV Sharma,2018,2018,5,57,89,4,22.25,9.37,14.25,2,13
ded9240e,PJ Cummins,2020/21,2021,14,312,409,12,34.08,7.87,26.0,4,34
d3611425,LI Meriwala,2021,2021,1,18,32,1,32.0,10.67,18.0,1,32
5bb1a1c4,I Sharma,2021,2021,3,72,97,1,97.0,8.08,72.0,1,26
2cdce1be,C Sakariya,2021,2021,14,312,426,14,30.43,8.19,22.29,3,31
87e562a9,DJ Bravo,2022,2022,10,206,299,16,18.69,8.71,12.88,3,20
a97c8ec2,PWH de Silva,2022,2022,16,342,430,26,16.54,7.54,13.15,5,18
bbd41817,AD Russell,2023,2023,9,91,172,7,24.57,11.34,13.0,3,22
5b7ab5a9,CV Varun,2023,2023,14,316,429,20,21.45,8.15,15.8,4,15
9440ef41,Suyash Sharma,2023,2023,11,234,321,10,32.1,8.23,23.4,3,30
f9e6e7ef,Shahbaz Ahmed,2023,2023,5,42,95,1,95.0,13.57,42.0,1,38
9d430b40,SP Narine,2023,2023,14,288,383,11,34.82,7.98,26.18,3,33
1abb78f8,SN Thakur,2024,2024,9,190,309,5,61.8,9.76,38.0,2,61
5b7ab5a9,CV Varun,2024,2024,14,300,402,21,19.14,8.04,14.29,3,16
c03c6200,DJG Sammy,2013,2013,9,134,168,8,21.0,7.52,16.75,4,22
5ffc0565,V Nigam,2025,2025,13,234,356,11,32.36,9.13,21.27,2,18
b8527c3d,Rasikh Salam,2026,2026,12,257,405,19,21.32,9.46,13.53,4,24
a12e1d51,SL Malinga,2009/10,2010,13,294,344,15,22.93,7.02,19.6,4,22
5fa06777,IK Pathan,2011,2011,13,275,344,11,31.27,7.51,25.0,3,28
7c503806,J Botha,2012,2012,11,246,297,9,33.0,7.24,27.33,2,21
557153ca,KK Cooper,2012,2012,6,144,174,10,17.4,7.25,14.4,4,26
2e81a32d,B Kumar,2012,2012,11,234,281,8,35.13,7.21,29.25,2,9
5bb1a1c4,I Sharma,2013,2013,16,358,466,15,31.07,7.81,23.87,3,27
ce820073,Sandeep Sharma,2017,2017,13,288,398,17,23.41,8.29,16.94,4,20
f62772e5,P Negi,2018,2018,2,24,49,1,49.0,12.25,24.0,1,36
b681e71e,GJ Maxwell,2020/21,2021,7,126,169,3,56.33,8.05,42.0,1,10
2f49c897,Mohammed Siraj,2020/21,2021,9,163,236,11,21.45,8.69,14.82,3,8
871e9faf,Basil Thampi,2022,2022,5,96,152,5,30.4,9.5,19.2,3,35
3d8feaf8,MR Marsh,2024,2024,3,48,103,1,103.0,12.88,48.0,1,37
7c3b3b78,VG Arora,2024,2024,10,180,276,11,25.09,9.2,16.36,3,27
f5180fe6,MG Johnson,2014,2014,14,321,444,17,26.12,8.3,18.88,2,19
80b2fb19,Prince Yadav,2026,2026,14,312,459,16,28.69,8.83,19.5,3,32
9fc0ef64,PJ Sangwan,2009/10,2010,8,186,258,9,28.67,8.32,20.67,3,22
4ba44e19,M Muralitharan,2009/10,2010,12,288,329,15,21.93,6.85,19.2,3,16
db31895a,AS Rajpoot,2017,2017,5,84,107,4,26.75,7.64,21.0,3,37
4329fbb5,SR Watson,2017,2017,8,161,245,5,49.0,9.13,32.2,1,16
a818c1be,TA Boult,2018,2018,14,316,466,18,25.89,8.85,17.56,2,20
2ed569a0,RD Chahar,2019,2019,13,282,308,13,23.69,6.55,21.69,3,19
ac5ae4af,I Udana,2020/21,2021,10,174,282,8,35.25,9.72,21.75,2,41
a2f46292,KK Ahmed,2021,2021,7,162,219,5,43.8,8.11,32.4,3,21
d2a989fc,DS Kulkarni,2014,2014,8,162,221,6,36.83,8.19,27.0,2,23
e94915e6,SM Curran,2025,2025,5,72,133,1,133.0,11.08,72.0,1,34
7c3c0337,Auqib Nabi,2026,2026,5,78,149,0,,11.46,,0,17
b1451597,LR Shukla,2009,2009,5,84,100,3,33.33,7.14,28.0,3,25
dcf81436,S Kaul,2013,2013,6,131,170,4,42.5,7.79,32.75,2,27
35205dfc,DR Smith,2013,2013,3,30,59,2,29.5,11.8,15.0,2,20
57ee1fde,YS Chahal,2019,2019,14,296,386,18,21.44,7.82,16.44,4,38
da934ee8,MK Lomror,2022,2022,2,12,18,0,,9.0,,0,7
9d704f6f,SZ Mulani,2024,2024,2,30,57,0,,11.4,,0,24
4329fbb5,SR Watson,2014,2014,9,126,165,7,23.57,7.86,18.0,3,13
d45c29b1,Ashwani Kumar,2025,2025,7,123,232,11,21.09,11.32,11.18,4,24
73ad96ed,DJ Hooda,2022,2022,2,24,43,1,43.0,10.75,24.0,1,31
2cffab74,Mukesh Kumar,2024,2024,10,213,368,17,21.65,10.37,12.53,3,14
983f2f61,Swapnil Singh,2024,2024,7,90,133,6,22.17,8.87,15.0,2,28
1e66c162,JD Unadkat,2014,2014,9,187,270,9,30.0,8.66,20.78,3,32
6aed7e79,PV Tambe,2014,2014,13,294,356,15,23.73,7.27,19.6,4,20
8fd1a8f5,DW Steyn,2007/08,2008,10,228,252,10,25.2,6.63,22.8,3,27
91a4a398,Z Khan,2017,2017,11,241,313,10,31.3,7.79,24.1,3,20
7c7d63a2,AJ Tye,2017,2017,6,126,141,12,11.75,6.71,10.5,5,17
bb351c23,MM Ali,2022,2022,10,143,158,8,19.75,6.63,17.88,3,13
2e171977,AR Patel,2023,2023,13,282,338,11,30.73,7.19,25.64,2,13
ba5e1069,R Ravindra,2024,2024,2,12,7,0,,3.5,,0,3
8d2c70ad,Kuldeep Yadav,2016,2016,3,72,100,6,16.67,8.33,12.0,3,35
de7d833e,D Madushanka,2026,2026,1,24,36,1,36.0,9.0,24.0,1,36
10a91f35,Shoaib Akhtar,2007/08,2008,3,42,54,5,10.8,7.71,8.4,4,11
8fd1a8f5,DW Steyn,2011,2011,12,273,299,14,21.36,6.57,19.5,3,16
c404f58a,DP Nannes,2013,2013,5,119,158,4,39.5,7.97,29.75,2,17
e4a0deae,MJ Santner,2019,2019,4,84,94,4,23.5,6.71,21.0,2,13
0f721006,JO Holder,2020/21,2021,7,168,233,14,16.64,8.32,12.0,3,25
64839cb3,M Pathirana,2024,2024,6,132,169,13,13.0,7.68,10.15,4,28
9170ff49,Parvez Rasool,2015,2015,2,30,31,1,31.0,6.2,30.0,1,20
025c4400,MJ Suthar,2026,2026,3,36,68,2,34.0,11.33,18.0,1,19
c05edf8e,Harpreet Brar,2019,2019,2,30,48,0,,9.6,,0,24
4125d931,J Suchith,2021,2021,2,42,66,0,,9.43,,0,21
56ab442f,NM Coulter-Nile,2014,2014,1,24,27,2,13.5,6.75,12.0,2,27
2049f3a0,SJ Srivastava,2009/10,2010,8,162,255,6,42.5,9.44,27.0,2,23
04a418e8,R Parag,2019,2019,7,84,121,2,60.5,8.64,42.0,1,10
641ac5ff,IS Sodhi,2019,2019,2,43,67,4,16.75,9.35,10.75,3,26
1e66c162,JD Unadkat,2022,2022,5,120,190,6,31.67,9.5,20.0,2,32
e9c7f0d0,Fazalhaq Farooqi,2023,2023,4,80,117,4,29.25,8.78,20.0,2,41
d45c29b1,Ashwani Kumar,2026,2026,3,60,102,6,17.0,10.2,10.0,4,24
5f26df4f,VS Malik,2009/10,2010,3,43,62,1,62.0,8.65,43.0,1,23
2f3817ce,TP Sudhindra,2012,2012,3,70,136,1,136.0,11.66,70.0,1,46
266849c1,R Goyal,2023,2023,1,24,33,0,,8.25,,0,33
fa463154,AB Agarkar,2012,2012,4,86,134,3,44.67,9.35,28.67,2,27
90de905a,K Gowtham,2020/21,2021,2,48,84,1,84.0,10.5,48.0,1,45
402f8494,RJ Gleeson,2024,2024,2,47,71,1,71.0,9.06,47.0,1,30
ded9240e,PJ Cummins,2015,2015,3,60,97,1,97.0,9.7,60.0,1,54
64c34cd0,Shoaib Malik,2007/08,2008,5,51,85,2,42.5,10.0,25.5,1,6
6c19c6e5,YBK Jaiswal,2022,2022,1,1,6,0,,36.0,,0,6
4885bbe6,Yudhvir Singh,2023,2023,3,48,70,3,23.33,8.75,16.0,2,19
6ef60d3a,Kamran Khan,2009/10,2010,3,36,53,3,17.67,8.83,12.0,2,13
16043342,AB McDonald,2012,2012,3,60,61,5,12.2,6.1,12.0,2,25
f9e6e7ef,Shahbaz Ahmed,2021,2021,6,84,92,7,13.14,6.57,12.0,3,7
6eb146d2,Gurkeerat Singh,2016,2016,3,24,31,2,15.5,7.75,12.0,2,15
aad0c365,Nithish Kumar Reddy,2025,2025,3,30,47,2,23.5,9.4,15.0,1,13
a4e37e47,S Dube,2020/21,2021,5,54,73,4,18.25,8.11,13.5,2,15
13c35c9e,TG Southee,2021,2021,3,72,95,3,31.67,7.92,24.0,2,26
e342e5fb,CR Brathwaite,2018,2018,4,61,94,5,18.8,9.25,12.2,2,15
50c6bc2b,LS Livingstone,2024,2024,4,72,84,3,28.0,7.0,24.0,2,19
f62772e5,P Negi,2013,2013,1,24,28,0,,7.0,,0,28
f708a0bc,GB Hogg,2016,2016,5,96,142,4,35.5,8.88,24.0,3,19
27e71d47,K Upadhyay,2012,2012,1,24,33,0,,8.25,,0,33
1e66c162,JD Unadkat,2026,2026,4,77,140,4,35.0,10.91,19.25,3,21
b8d490fd,AJ Finch,2011,2011,1,12,13,0,,6.5,,0,13
2a2e6343,DT Christian,2013,2013,2,36,55,0,,9.17,,0,13
a97c8ec2,PWH de Silva,2021,2021,2,36,60,0,,10.0,,0,20
bae11797,Y Gnaneswara Rao,2011,2011,1,6,7,0,,7.0,,0,7
9eb1455b,NT Ellis,2025,2025,1,24,38,1,38.0,9.5,24.0,1,38
93a17209,VY Mahesh,2009,2009,1,12,25,1,25.0,12.5,12.0,1,25
d1a60072,N Wadhera,2024,2024,1,12,13,0,,6.5,,0,13
9fc0ef64,PJ Sangwan,2012,2012,1,24,42,1,42.0,10.5,24.0,1,42
26e5cabf,MK Tiwary,2018,2018,1,6,10,0,,10.0,,0,10
a2f46292,KK Ahmed,2018,2018,1,18,38,0,,12.67,,0,38
eef2536f,Avesh Khan,2020/21,2021,1,24,42,0,,10.5,,0,42
6c6591ab,PP Ojha,2013,2013,15,314,381,16,23.81,7.28,19.63,3,11
57ee1fde,YS Chahal,2014,2014,14,330,386,12,32.17,7.02,27.5,2,17
759ac88f,MM Sharma,2014,2014,16,323,452,23,19.65,8.4,14.04,4,14
0a3d54b9,VR Aaron,2015,2015,5,104,177,3,59.0,10.21,34.67,2,24
bd17b45f,STR Binny,2015,2015,10,114,140,4,35.0,7.37,28.5,2,27
6aed7e79,PV Tambe,2015,2015,10,204,266,7,38.0,7.82,29.14,2,21
8b5b6769,Harbhajan Singh,2015,2015,15,342,446,18,24.78,7.82,19.0,3,27
e4a0deae,MJ Santner,2025,2025,13,237,313,10,31.3,7.92,23.7,3,11
342d8ade,CRD Fernando,2007/08,2008,5,120,160,10,16.0,8.0,12.0,4,18
96fd40ae,A Nehra,2009,2009,13,306,346,19,18.21,6.78,16.11,3,27
2049f3a0,SJ Srivastava,2011,2011,6,120,186,8,23.25,9.3,15.0,2,20
6b19d823,A Mishra,2012,2012,14,282,377,13,29.0,8.02,21.69,3,32
1a0c3177,P Awana,2012,2012,12,282,372,17,21.88,7.91,16.59,4,34
3c6ffae8,YK Pathan,2013,2013,5,54,73,1,73.0,8.11,54.0,1,9
8d2c70ad,Kuldeep Yadav,2017,2017,11,246,340,12,28.33,8.29,20.5,2,25
acee4cc4,Imran Tahir,2017,2017,12,282,369,18,20.5,7.85,15.67,3,18
5574750c,JC Archer,2018,2018,10,233,325,15,21.67,8.37,15.53,3,22
fe93fd9d,RA Jadeja,2018,2018,14,246,303,11,27.55,7.39,22.36,3,18
495d42a5,R Ashwin,2019,2019,14,330,400,15,26.67,7.27,22.0,3,23
4933f499,JP Behrendorff,2019,2019,5,114,165,5,33.0,8.68,22.8,2,22
db31895a,AS Rajpoot,2020/21,2021,6,102,199,2,99.5,11.71,51.0,1,39
85e0cf10,M Prasidh Krishna,2021,2021,10,231,351,12,29.25,9.12,19.25,3,30
0a8fce53,Mustafizur Rahman,2021,2021,14,311,436,14,31.14,8.41,22.21,3,20
ad427b5c,Lalit Yadav,2022,2022,8,108,150,4,37.5,8.33,27.0,2,11
9fc0ef64,PJ Sangwan,2022,2022,3,54,65,3,21.67,7.22,18.0,2,19
f6d8a7ab,K Kartikeya,2022,2022,4,78,102,5,20.4,7.85,15.6,2,22
3a60e0b5,WD Parnell,2023,2023,7,151,236,9,26.22,9.38,16.78,3,10
244048f6,Arshdeep Singh,2024,2024,14,302,505,19,26.58,10.03,15.89,4,29
a2f46292,KK Ahmed,2024,2024,14,300,479,17,28.18,9.58,17.65,2,21
77b1aa15,Harshit Rana,2024,2024,11,253,383,19,20.16,9.08,13.32,3,24
6b19d823,A Mishra,2024,2024,1,12,20,1,20.0,10.0,12.0,1,20
bbd41817,AD Russell,2024,2024,14,176,295,19,15.53,10.06,9.26,3,19
8abdf100,CJ Anderson,2014,2014,9,108,184,4,46.0,10.22,27.0,2,18
90edaaa9,S Rana,2014,2014,2,12,16,0,,8.0,,0,7
a818c1be,TA Boult,2015,2015,7,168,236,9,26.22,8.43,18.67,3,19
2e171977,AR Patel,2015,2015,14,280,392,13,30.15,8.4,21.54,2,11
f986ca1a,HV Patel,2016,2016,5,84,147,1,147.0,10.5,84.0,1,46
83c3e8e3,SH Johnson,2025,2025,4,68,133,1,133.0,11.74,68.0,1,42
2f49c897,Mohammed Siraj,2025,2025,15,342,527,16,32.94,9.25,21.38,4,17
af7dadf7,B Akhil,2011,2011,1,12,22,0,,11.0,,0,22
662c47a6,Y Nagar,2011,2011,5,30,67,1,67.0,13.4,30.0,1,3
759ac88f,MM Sharma,2013,2013,15,304,326,20,16.3,6.43,15.2,3,10
2e11c706,BCJ Cutting,2018,2018,7,102,168,2,84.0,9.88,51.0,1,12
9a963804,LE Plunkett,2018,2018,7,150,225,4,56.25,9.0,37.5,3,17
5b8c830e,KH Pandya,2019,2019,16,276,335,12,27.92,7.28,23.0,3,34
3c6ffae8,YK Pathan,2019,2019,1,6,8,0,,8.0,,0,8
5b8c830e,KH Pandya,2021,2021,12,199,265,5,53.0,7.99,39.8,1,13
2f49c897,Mohammed Siraj,2021,2021,15,312,353,11,32.09,6.79,28.36,3,27
50c6bc2b,LS Livingstone,2022,2022,12,138,202,6,33.67,8.78,23.0,3,27
e4cdf230,AS Roy,2023,2023,3,48,65,3,21.67,8.13,16.0,2,19
5bb5a915,M Morkel,2015,2015,7,168,206,10,20.6,7.36,16.8,2,18
e0407c01,IC Pandey,2015,2015,10,186,223,11,20.27,7.19,16.91,2,27
81049310,J Yadav,2015,2015,3,42,29,2,14.5,4.14,21.0,1,8
fb66ce1f,CH Morris,2016,2016,12,264,308,13,23.69,7.0,20.31,2,30
fe93fd9d,RA Jadeja,2025,2025,14,227,324,10,32.4,8.56,22.7,2,17
6b19d823,A Mishra,2009/10,2010,14,318,363,17,21.35,6.85,18.71,3,25
7ca5e05d,RS Bopara,2009/10,2010,5,78,127,5,25.4,9.77,15.6,3,31
fb693839,S Ladda,2013,2013,1,12,18,1,18.0,9.0,12.0,1,18
f19ccfad,Washington Sundar,2022,2022,8,168,239,6,39.83,8.54,28.0,2,21
cd8d2859,DG Nalkande,2024,2024,3,29,45,3,15.0,9.31,9.67,2,21
30df8c66,Simarjeet Singh,2024,2024,4,72,121,5,24.2,10.08,14.4,3,26
4885bbe6,Yudhvir Singh,2024,2024,2,24,52,1,52.0,13.0,24.0,1,24
5fa06777,IK Pathan,2016,2016,3,48,61,0,,7.63,,0,7
13fc5c6d,DS Rathi,2026,2026,10,234,397,5,79.4,10.18,46.8,2,45
fe93fd9d,RA Jadeja,2007/08,2008,2,13,21,0,,9.69,,0,0
495d42a5,R Ashwin,2012,2012,18,395,431,14,30.79,6.55,28.21,3,23
85e0cf10,M Prasidh Krishna,2019,2019,11,242,377,4,94.25,9.35,60.5,1,22
03806cf8,JR Hazlewood,2021,2021,9,210,293,11,26.64,8.37,19.09,3,24
3fb19989,MA Starc,2015,2015,12,258,291,20,14.55,6.77,12.9,4,15
b8527c3d,Rasikh Salam,2025,2025,2,36,70,1,70.0,11.67,36.0,1,35
0a67aec0,Akash Deep,2025,2025,6,114,229,3,76.33,12.05,38.0,2,55
ded9240e,PJ Cummins,2025,2025,14,298,450,16,28.13,9.06,18.63,3,19
c3d1402f,RP Singh,2007/08,2008,14,308,442,15,29.47,8.61,20.53,3,35
fd835ab3,DJ Hussey,2012,2012,6,54,63,3,21.0,7.0,18.0,2,2
db584dad,CH Gayle,2013,2013,4,24,40,3,13.33,10.0,8.0,2,5
51a3c5ef,MJ McClenaghan,2019,2019,5,108,142,3,47.33,7.89,36.0,3,40
b0946605,AS Joseph,2019,2019,3,52,87,6,14.5,10.04,8.67,6,12
2e78f685,KR Sen,2022,2022,7,151,237,8,29.63,9.42,18.88,4,20
5f26df4f,VS Malik,2013,2013,3,60,59,2,29.5,5.9,30.0,2,14
d4eef961,M de Lange,2015,2015,1,24,30,0,,7.5,,0,30
280fff14,Sakib Hussain,2026,2026,11,252,397,15,26.47,9.45,16.8,4,24
5f4e9e8f,RR Raje,2007/08,2008,6,98,137,5,27.4,8.39,19.6,2,16
6ef60d3a,Kamran Khan,2011,2011,1,18,47,0,,15.67,,0,47
740742ef,RG Sharma,2011,2011,3,24,53,0,,13.25,,0,14
5b8c830e,KH Pandya,2024,2024,12,198,255,6,42.5,7.73,33.0,3,11
68c56d09,KA Jamieson,2026,2026,2,42,90,2,45.0,12.86,21.0,1,42
2e8994e7,JP Duminy,2009,2009,6,105,93,4,23.25,5.31,26.25,2,15
2ed569a0,RD Chahar,2021,2021,11,258,318,13,24.46,7.4,19.85,4,27
f834dcfc,L Ngidi,2021,2021,3,72,125,5,25.0,10.42,14.4,3,28
798cc28e,KM Asif,2023,2023,4,84,138,3,46.0,9.86,28.0,2,42
e32d22f6,Pankaj Singh,2007/08,2008,5,72,129,0,,10.75,,0,12
d92e42f5,KP Appanna,2009,2009,5,72,87,2,43.5,7.25,36.0,1,24
78eb4223,KAJ Roach,2009/10,2010,2,48,80,0,,10.0,,0,32
c69a7b5c,AS Raut,2011,2011,1,6,8,0,,8.0,,0,8
650d5e49,R Powell,2022,2022,1,6,17,0,,17.0,,0,17
c7a995d3,R Sai Kishore,2026,2026,2,24,46,1,46.0,11.5,24.0,1,38
50758325,B Geeves,2007/08,2008,2,48,91,1,91.0,11.38,48.0,1,50
a2f46292,KK Ahmed,2019,2019,9,209,287,19,15.11,8.24,11.0,3,30
7f048519,DJ Willey,2022,2022,4,66,72,1,72.0,6.55,66.0,1,29
69be866a,Anureet Singh,2015,2015,14,310,465,15,31.0,9.0,20.67,3,23
35205dfc,DR Smith,2015,2015,1,12,17,1,17.0,8.5,12.0,1,17
d872f52a,LA Carseldine,2009,2009,1,6,6,1,6.0,6.0,6.0,1,6
119678fd,KV Sharma,2023,2023,7,129,223,10,22.3,10.37,12.9,2,19
c03c6200,DJG Sammy,2015,2015,2,18,25,0,,8.33,,0,7
be24ead0,Ramandeep Singh,2024,2024,1,4,9,0,,13.5,,0,9
e84ac20c,MJ Henry,2024,2024,4,72,110,1,110.0,9.17,72.0,1,28
0af3426f,SS Mundhe,2011,2011,1,6,6,1,6.0,6.0,6.0,1,6
1647bd37,Karanveer Singh,2015,2015,4,84,157,1,157.0,11.21,84.0,1,30
e48a4814,Krish Bhagat,2026,2026,3,36,63,0,,10.5,,0,10
f986ca1a,HV Patel,2026,2026,5,82,148,0,,10.83,,0,16
9caf69a1,WG Jacks,2026,2026,6,53,94,2,47.0,10.64,26.5,1,12
e342e5fb,CR Brathwaite,2019,2019,2,18,29,0,,9.67,,0,13
f29185a1,Abhishek Sharma,2021,2021,6,60,64,4,16.0,6.4,15.0,2,4
c3d35165,JA Morkel,2016,2016,2,30,66,2,33.0,13.2,15.0,2,36
d92e42f5,KP Appanna,2009/10,2010,2,42,51,1,51.0,7.29,42.0,1,24
844e79d1,D Brevis,2022,2022,1,3,8,1,8.0,16.0,3.0,1,8
8dc152d1,D Jansen,2023,2023,1,24,53,1,53.0,13.25,24.0,1,53
8fd1a8f5,DW Steyn,2016,2016,1,12,17,0,,8.5,,0,17
c8179c68,SB Jakati,2017,2017,2,30,52,0,,10.4,,0,22
16043342,AB McDonald,2013,2013,1,12,17,1,17.0,8.5,12.0,1,17
b410bd3d,S Lamichhane,2018,2018,3,72,82,5,16.4,6.83,14.4,3,36
fb2d1dda,N Rana,2025,2025,2,12,18,0,,9.0,,0,9
24d94623,Ankit Sharma,2017,2017,1,6,16,0,,16.0,,0,16
edb3d4f8,KC Cariappa,2019,2019,1,12,34,0,,17.0,,0,34
9a46c4e5,GD Phillips,2021,2021,2,12,20,1,20.0,10.0,12.0,1,17
0994d0ae,V Shankar,2022,2022,2,9,15,0,,10.0,,0,1
a1d95bd8,LB Williams,2024,2024,2,36,72,1,72.0,12.0,36.0,1,38
f29185a1,Abhishek Sharma,2019,2019,2,12,21,1,21.0,10.5,12.0,1,10
4125d931,J Suchith,2019,2019,1,24,28,2,14.0,7.0,12.0,2,28
740742ef,RG Sharma,2012,2012,1,6,16,0,,16.0,,0,16
16605a1b,AA Kazi,2011,2011,1,12,21,0,,10.5,,0,21
24d94623,Ankit Sharma,2018,2018,1,6,11,0,,11.0,,0,11
1dc12ab9,SK Raina,2019,2019,1,6,6,0,,6.0,,0,6
b2570b38,RV Gomez,2013,2013,1,6,5,0,,5.0,,0,5
62175638,Karim Janat,2025,2025,1,6,30,0,,30.0,,0,30
