match_id,innings_no,player_id,season,season_year,legal_balls,runs,dots,wides,noballs,wickets
598041,1,1a0c3177,2013,2013,24,29,10,1,0,2
598042,2,c3d1402f,2013,2013,24,27,10,2,0,1
598045,2,4ba44e19,2013,2013,24,44,4,0,0,1
598050,1,33a364a6,2013,2013,12,22,2,0,0,1
598050,2,f5180fe6,2013,2013,24,13,14,0,0,2
598052,1,4329fbb5,2013,2013,24,19,7,0,0,1
598053,1,3d8feaf8,2013,2013,12,7,6,0,0,2
598053,2,9d430b40,2013,2013,24,12,15,0,0,2
598055,2,1c914163,2013,2013,24,21,11,0,0,1
598057,1,9d430b40,2013,2013,24,22,11,0,0,4
598059,1,e938e1bc,2013,2013,24,29,8,1,0,2
598061,1,4c4fa80b,2013,2013,24,22,7,0,0,1
598063,2,6c6591ab,2013,2013,24,36,10,0,0,1
598066,2,ce820073,2013,2013,24,39,5,0,1,2
598066,2,98ae73b1,2013,2013,24,20,15,1,0,2
598073,1,87e562a9,2013,2013,24,42,9,1,0,4
729281,1,57ee1fde,2014,2014,24,18,11,4,0,1
729285,2,2e81a32d,2014,2014,21,21,9,0,0,1
729287,2,a12e1d51,2014,2014,21,29,9,0,0,1
729295,2,26a85969,2014,2014,14,23,2,1,0,1
729303,1,759ac88f,2014,2014,24,14,14,0,0,4
729309,2,a12e1d51,2014,2014,24,17,14,2,0,2
729315,1,41eb4a4f,2014,2014,24,30,9,0,0,2
733973,1,a12e1d51,2014,2014,24,25,11,0,0,1
733979,1,7dc35884,2014,2014,24,25,8,3,0,1
733983,1,57ee1fde,2014,2014,24,30,6,0,0,1
733987,2,ce820073,2014,2014,24,37,8,1,0,1
733993,1,8fd1a8f5,2014,2014,24,20,11,0,0,2
733997,2,1a0c3177,2014,2014,12,20,3,1,0,1
734009,2,a12e1d51,2014,2014,22,30,11,3,0,1
734011,2,2e11c706,2014,2014,24,31,9,0,0,1
734011,2,557153ca,2014,2014,18,19,8,1,0,1
734019,1,ce820073,2014,2014,24,35,11,3,0,3
734029,2,012829ff,2014,2014,18,29,9,0,1,1
734037,2,119678fd,2014,2014,24,38,9,0,0,4
734041,1,462411b3,2014,2014,24,30,11,1,0,1
734041,1,7a8bd078,2014,2014,18,36,3,0,0,1
734043,2,5bb5a915,2014,2014,24,23,14,1,0,2
734045,1,fe93fd9d,2014,2014,24,31,6,0,0,2
829707,2,495d42a5,2015,2015,24,25,8,1,0,1
829713,1,0a3d54b9,2015,2015,24,38,9,2,0,1
829713,2,3c6ffae8,2015,2015,24,40,5,0,0,2
829721,1,bd17b45f,2015,2015,12,8,8,0,0,1
829721,2,a12e1d51,2015,2015,24,41,7,1,0,1
829733,1,9d430b40,2015,2015,24,17,11,0,0,1
829735,1,6aed7e79,2015,2015,24,36,6,0,0,1
829739,1,cc1e8c68,2015,2015,24,18,11,3,0,2
829739,2,2c76b512,2015,2015,18,18,12,0,0,2
829745,1,57ee1fde,2015,2015,24,40,11,0,0,3
829757,1,f986ca1a,2015,2015,18,14,7,0,0,1
829767,1,91a4a398,2015,2015,24,17,13,0,0,2
829769,2,51a3c5ef,2015,2015,24,31,9,4,0,3
829771,2,f708a0bc,2015,2015,12,23,4,0,0,1
829775,1,f5180fe6,2015,2015,24,41,9,0,0,1
829783,2,56ab442f,2015,2015,24,30,12,0,0,2
829785,1,ce820073,2015,2015,24,41,8,0,1,2
829787,2,5bb1a1c4,2015,2015,18,25,8,0,0,1
829797,2,87e562a9,2015,2015,24,43,3,0,1,2
829805,2,a12e1d51,2015,2015,24,31,9,0,0,1
829809,2,b56dc5f7,2015,2015,18,25,7,1,0,1
829817,2,8b5b6769,2015,2015,24,26,8,2,0,2
829819,1,d2a989fc,2015,2015,24,28,12,0,0,2
829819,2,957532de,2015,2015,24,20,13,1,0,2
829819,2,f986ca1a,2015,2015,18,15,8,0,0,2
829821,2,57ee1fde,2015,2015,24,28,9,0,0,2
829823,2,a12e1d51,2015,2015,24,25,10,1,1,2
980911,1,6aed7e79,2016,2016,24,33,7,0,0,2
980923,1,0a8fce53,2016,2016,24,32,5,1,0,1
980927,1,51a3c5ef,2016,2016,24,46,8,0,0,1
980929,1,c18496e1,2016,2016,12,10,5,0,0,1
980933,1,51a3c5ef,2016,2016,24,31,12,3,0,2
980937,2,4329fbb5,2016,2016,21,31,6,1,1,1
980949,1,87e562a9,2016,2016,24,40,4,1,0,1
980955,1,d2a989fc,2016,2016,24,28,9,0,0,1
980959,1,5bb5a915,2016,2016,24,28,8,0,0,2
980969,2,c3d1402f,2016,2016,24,37,8,0,1,1
980973,2,d8b2f218,2016,2016,21,18,13,1,0,2
980973,2,0a8fce53,2016,2016,18,16,8,2,0,3
980981,1,51a3c5ef,2016,2016,24,35,8,1,0,1
980983,1,56ab442f,2016,2016,24,25,9,0,2,2
980989,1,98ae73b1,2016,2016,24,21,13,0,0,2
980999,1,a9da7784,2016,2016,18,48,5,3,1,1
980999,2,957532de,2016,2016,12,18,6,2,0,2
980999,2,4329fbb5,2016,2016,12,7,7,2,0,2
981001,1,d2a989fc,2016,2016,24,34,12,1,0,1
981001,2,db31895a,2016,2016,18,35,6,8,0,1
981009,2,9d430b40,2016,2016,24,26,11,0,0,3
981015,2,d8b2f218,2016,2016,18,29,5,0,0,1
981017,1,a818c1be,2016,2016,24,39,11,2,0,1
1426306,2,eaa76d3c,2024,2024,12,18,2,1,0,1
1426307,2,26989d80,2024,2024,6,5,1,0,0,1
1426309,2,ded9240e,2024,2024,18,38,5,1,0,1
1473438,1,5b8c830e,2025,2025,24,29,8,1,0,3
1473438,2,9d430b40,2025,2025,24,27,4,0,0,1
1473444,1,1abb78f8,2025,2025,24,34,11,2,0,4
1473452,1,8cf9814c,2025,2025,24,29,9,1,0,1
1473452,2,5b7ab5a9,2025,2025,24,22,11,2,0,3
1473454,2,8d2c70ad,2025,2025,24,30,4,0,0,1
1473456,1,77b1aa15,2025,2025,24,51,4,0,0,2
1473458,1,a818c1be,2025,2025,24,57,8,2,0,2
1473459,2,4b31f3a3,2025,2025,24,39,7,1,0,1
1473460,2,5f547c8b,2025,2025,24,37,6,2,0,2
1473466,2,462411b3,2025,2025,24,44,10,0,0,1
1473466,2,e4a0deae,2025,2025,24,43,2,3,0,2
1473467,1,fcc21ace,2025,2025,18,20,9,0,0,1
1473468,1,5b7ab5a9,2025,2025,24,21,10,0,0,2
1473468,2,b681e71e,2025,2025,12,5,7,0,0,1
1473476,2,c7a995d3,2025,2025,18,19,4,2,0,1
1473477,1,2cffab74,2025,2025,24,33,11,0,0,4
1473485,1,327b58d3,2025,2025,18,46,4,6,0,1
1473494,1,efc04be7,2025,2025,24,31,8,1,0,4
1473498,1,85e0cf10,2025,2025,24,40,5,0,0,1
1473505,2,1e66c162,2025,2025,24,24,11,0,0,3
1473510,1,8f6dd463,2025,2025,24,43,5,1,0,2
1473510,2,a818c1be,2025,2025,24,38,9,1,0,1
1473511,1,68c56d09,2025,2025,24,48,9,3,0,3
1473511,2,03806cf8,2025,2025,24,54,6,2,0,1
1485779,2,c05edf8e,2025,2025,24,41,5,1,0,2
1527680,1,54e52590,2026,2026,24,38,8,0,0,2
1527682,2,04a418e8,2026,2026,6,11,3,0,0,1
1527684,2,dadbdb68,2026,2026,24,58,6,2,1,2
1527687,1,2cffab74,2026,2026,24,55,8,2,0,2
1527691,2,a2f46292,2026,2026,18,40,3,1,0,1
1529265,1,9d430b40,2026,2026,24,21,9,0,0,1
1529270,2,aad0c365,2026,2026,24,31,9,3,0,2
1529275,2,5574750c,2026,2026,24,20,17,1,0,3
1529276,1,9ca68676,2026,2026,24,25,7,0,0,2
1529279,1,ece7b6b3,2026,2026,24,49,8,1,0,1
1529282,1,9440ef41,2026,2026,24,7,20,3,0,1
1529283,1,465aa633,2026,2026,24,59,4,0,0,1
1529290,1,9ca68676,2026,2026,24,50,5,0,0,1
1529290,2,8cf9814c,2026,2026,24,53,5,0,0,1
1529292,2,7b44eb3e,2026,2026,24,45,8,2,0,2
1529297,2,9ca68676,2026,2026,18,33,4,0,0,1
1529301,1,172dff15,2026,2026,24,42,7,0,0,1
1535462,1,e62dd25d,2026,2026,24,54,8,0,0,2
1535463,2,02dfebbe,2026,2026,24,39,6,2,0,1
1535464,2,5574750c,2026,2026,24,45,6,1,0,1
335987,1,0264c10e,2007/08,2008,11,21,4,2,0,1
335990,1,4329fbb5,2007/08,2008,24,32,13,2,0,1
335991,2,dd09ff8e,2007/08,2008,24,9,17,0,0,1
336002,2,bcce309e,2007/08,2008,24,36,10,0,0,1
336003,1,16dfcc19,2007/08,2008,24,27,7,2,0,2
336003,2,6b8eb6e5,2007/08,2008,24,25,13,5,0,2
336003,2,034b4b7d,2007/08,2008,24,31,6,0,0,1
336004,1,e03b66ec,2007/08,2008,24,46,9,3,0,1
336005,2,4ba44e19,2007/08,2008,24,20,13,6,0,1
336005,2,756389bd,2007/08,2008,12,22,5,1,0,1
336012,1,35205dfc,2007/08,2008,24,26,11,5,0,3
336015,1,3edb58fc,2007/08,2008,24,29,8,2,0,2
336019,1,3c6ffae8,2007/08,2008,12,24,2,0,0,1
336024,1,0dc00542,2007/08,2008,24,23,9,1,0,2
336032,2,35205dfc,2007/08,2008,18,22,7,1,0,2
336034,2,e938e1bc,2007/08,2008,24,23,11,0,0,3
336035,2,034b4b7d,2007/08,2008,24,28,11,2,0,2
336036,2,342d8ade,2007/08,2008,24,27,9,3,0,2
336040,1,4329fbb5,2007/08,2008,24,29,9,1,1,1
392181,2,f233bbb4,2009,2009,24,34,6,0,0,2
392182,1,3edb58fc,2009,2009,24,20,15,0,0,3
392182,1,f0f628c7,2009,2009,18,25,8,1,0,2
392189,1,b2b50355,2009,2009,24,19,12,1,0,3
392189,1,ae78bc32,2009,2009,24,45,7,0,0,1
392191,1,034b4b7d,2009,2009,12,22,2,0,0,1
392192,1,8b5b6769,2009,2009,24,27,6,1,0,1
392194,1,c404f58a,2009,2009,24,24,10,1,0,1
392197,2,91a4a398,2009,2009,18,14,10,0,0,1
392206,1,96fd40ae,2009,2009,24,27,11,2,0,3
392207,1,4353bba5,2009,2009,24,33,8,0,0,1
392219,1,9fc0ef64,2009,2009,18,32,5,1,0,1
392220,1,fe93fd9d,2009,2009,24,26,8,0,0,2
392221,1,0c2730df,2009,2009,24,28,10,0,0,1
392221,2,fa463154,2009,2009,24,45,9,0,0,1
392225,1,8b5b6769,2009,2009,24,31,8,0,0,1
392229,1,bd77eb62,2009,2009,12,10,8,1,0,1
392229,1,fe763256,2009,2009,12,8,4,0,0,1
392234,2,495d42a5,2009,2009,24,13,11,0,0,2
392236,2,af7dadf7,2009,2009,24,18,8,1,0,2
392239,1,41eb4a4f,2009,2009,24,30,7,1,0,2
419108,2,4353bba5,2009/10,2010,24,30,9,0,0,1
419114,2,f233bbb4,2009/10,2010,24,17,16,5,0,2
419117,2,c3d1402f,2009/10,2010,24,43,11,1,0,1
419117,2,740742ef,2009/10,2010,18,19,6,0,0,1
419121,2,5fa06777,2009/10,2010,18,22,8,1,0,1
419124,2,f0f628c7,2009/10,2010,24,43,8,0,0,1
419127,1,98ae73b1,2009/10,2010,24,35,3,1,0,1
419131,2,a386e91b,2009/10,2010,5,7,1,0,0,1
419134,1,addfb70e,2009/10,2010,24,53,5,2,5,1
419136,2,5fa06777,2009/10,2010,19,36,4,1,0,1
419137,1,bb18be76,2009/10,2010,18,32,5,0,0,1
419138,2,c654af19,2009/10,2010,24,28,7,0,0,2
419139,2,4f629497,2009/10,2010,24,32,6,1,0,1
419153,1,45c2196c,2009/10,2010,24,15,17,0,0,2
419155,2,45c2196c,2009/10,2010,24,24,12,2,0,2
419160,2,2a72fd4f,2009/10,2010,24,41,8,1,0,2
419163,2,495d42a5,2009/10,2010,24,14,15,0,0,1
419165,1,a757b0d8,2009/10,2010,24,45,3,0,0,1
501198,2,c8179c68,2011,2011,24,26,7,0,0,1
501201,1,8b5b6769,2011,2011,18,14,11,1,0,2
501205,1,a12e1d51,2011,2011,24,32,11,1,0,2
501205,2,c404f58a,2011,2011,6,0,6,0,0,1
501211,1,ce4cc4d5,2011,2011,18,31,5,0,0,2
501216,1,2498e163,2011,2011,24,36,5,0,0,1
501220,2,98ae73b1,2011,2011,24,24,11,0,0,1
501222,1,957532de,2011,2011,18,37,4,1,0,2
501230,2,3c6ffae8,2011,2011,12,6,6,0,0,1
501232,2,91a4a398,2011,2011,24,33,7,1,0,1
501233,2,fa463154,2011,2011,24,23,7,0,0,2
501234,1,3c6ffae8,2011,2011,24,24,12,2,0,1
501237,1,98ae73b1,2011,2011,24,37,6,0,0,2
501239,1,2a2e6343,2011,2011,24,39,8,3,1,1
501241,1,1c914163,2011,2011,24,22,8,0,0,2
501242,2,b2570b38,2011,2011,24,14,14,0,0,2
501248,2,e938e1bc,2011,2011,24,17,15,0,0,1
501250,2,6c6591ab,2011,2011,18,13,9,0,0,1
501256,1,a12e1d51,2011,2011,24,17,12,0,0,1
501258,1,c3d1402f,2011,2011,24,17,17,0,0,1
501258,1,0c432afb,2011,2011,21,20,11,1,0,2
501259,1,2e8994e7,2011,2011,12,19,5,0,0,1
501260,2,2049f3a0,2011,2011,18,30,7,0,0,2
501261,2,495d42a5,2011,2011,24,16,9,0,0,1
501262,1,7dc35884,2011,2011,24,16,13,2,0,2
501263,1,bb18be76,2011,2011,24,30,4,0,0,1
501263,1,5b040b81,2011,2011,12,20,5,0,0,1
501264,1,25eeb281,2011,2011,24,24,8,5,0,1
501266,1,d7c6af50,2011,2011,24,15,15,0,0,2
501266,2,c3d35165,2011,2011,12,16,4,2,0,1
501267,2,33a364a6,2011,2011,24,22,7,0,0,3
501270,2,957532de,2011,2011,18,27,8,1,0,2
548306,1,a12e1d51,2012,2012,23,16,13,2,0,2
548307,2,86dc8f2e,2012,2012,18,23,5,0,0,1
548314,1,a12e1d51,2012,2012,24,27,11,0,0,3
548315,2,7dc35884,2012,2012,18,21,3,3,0,2
548317,2,f0f628c7,2012,2012,22,28,11,0,0,4
548318,1,fe93fd9d,2012,2012,12,18,3,2,0,2
548318,2,41eb4a4f,2012,2012,24,53,6,1,2,1
548322,2,93a17209,2012,2012,14,22,6,0,0,1
548324,1,d7c6af50,2012,2012,24,20,6,0,0,1
548327,1,41eb4a4f,2012,2012,24,34,9,1,0,2
548327,2,896d78ad,2012,2012,24,35,6,0,0,1
548330,2,c8179c68,2012,2012,18,20,6,0,0,1
548335,1,b2b50355,2012,2012,24,22,8,0,0,2
548335,2,6b19d823,2012,2012,24,27,9,1,0,1
548341,2,24d94623,2012,2012,12,11,7,0,0,1
548346,1,cf73ad76,2012,2012,18,18,7,0,0,2
548347,2,c3d35165,2012,2012,24,24,11,4,1,1
548350,1,9a158001,2012,2012,24,20,10,1,0,3
548352,1,d718440b,2012,2012,18,35,5,1,0,2
548362,2,4ba44e19,2012,2012,24,16,11,0,0,2
548366,2,ae78bc32,2012,2012,24,40,8,1,0,1
548368,1,fe93fd9d,2012,2012,24,39,7,0,0,1
548371,1,e938e1bc,2012,2012,24,18,14,0,0,2
548371,1,1a0c3177,2012,2012,24,12,15,0,0,2
548373,1,ae78bc32,2012,2012,24,26,10,1,0,1
548375,1,f842c2cf,2012,2012,24,27,7,0,0,1
548375,2,3c6ffae8,2012,2012,12,12,3,1,0,2
548378,2,7dc35884,2012,2012,24,36,6,0,0,1
548378,2,85aae393,2012,2012,24,24,7,0,0,1
548379,2,f3171936,2012,2012,24,45,12,4,1,1
548379,2,fe93fd9d,2012,2012,12,15,3,0,0,1
548380,2,c8179c68,2012,2012,24,40,7,0,0,2
597998,1,9d430b40,2013,2013,24,13,14,0,0,4
598002,2,f5180fe6,2013,2013,24,22,15,2,0,1
598002,2,a757b0d8,2013,2013,24,40,8,3,0,1
598007,1,fe93fd9d,2013,2013,24,29,6,0,0,1
598008,1,41eb4a4f,2013,2013,24,36,8,0,0,2
598010,2,9d80c5e1,2013,2013,24,17,11,0,0,2
598022,2,3c6ffae8,2013,2013,7,9,3,0,0,1
598024,1,cc1e8c68,2013,2013,24,31,10,1,0,2
598027,2,d68e7f48,2013,2013,24,21,14,1,0,2
598029,2,9d430b40,2013,2013,24,17,11,0,0,3
598035,1,a45a5e8d,2013,2013,12,15,4,1,0,1
598036,2,d68e7f48,2013,2013,24,28,12,0,0,2
598036,2,32198ae0,2013,2013,12,6,7,1,0,1
598037,2,f5180fe6,2013,2013,24,29,10,3,0,2
598037,2,6c6591ab,2013,2013,18,22,7,0,0,2
598037,2,8b5b6769,2013,2013,24,14,10,0,0,3
598038,1,dfc4d8b5,2013,2013,24,35,6,0,0,1
1082591,2,73ad96ed,2017,2017,6,7,4,0,0,1
1082595,2,f62772e5,2017,2017,6,3,3,0,0,2
1082596,2,e938e1bc,2017,2017,12,16,5,0,0,1
1082597,2,8d2c70ad,2017,2017,24,35,9,1,0,1
1082598,2,57ee1fde,2017,2017,21,29,8,0,0,1
1082599,1,23eeb873,2017,2017,18,35,3,2,0,1
1082603,1,e938e1bc,2017,2017,24,51,9,3,0,1
1082605,1,0a3d54b9,2017,2017,24,45,9,4,1,2
1082609,1,2e171977,2017,2017,24,33,7,1,0,2
1082613,1,808f425a,2017,2017,24,38,6,0,0,1
1082614,2,462411b3,2017,2017,24,21,11,1,0,2
1082618,2,e087956b,2017,2017,24,21,8,1,0,2
1082618,2,acee4cc4,2017,2017,24,32,12,0,0,1
1082622,1,9d430b40,2017,2017,24,25,8,5,0,1
1082628,2,57ee1fde,2017,2017,24,36,8,2,0,1
1082633,1,57ee1fde,2017,2017,24,21,12,2,0,2
1082634,1,c18496e1,2017,2017,24,39,4,0,0,1
1082634,2,1e66c162,2017,2017,24,30,12,0,0,5
1082634,2,acee4cc4,2017,2017,24,24,11,1,0,1
1082640,1,e342e5fb,2017,2017,24,38,5,1,0,1
1082640,2,871e9faf,2017,2017,22,43,4,1,0,1
1082646,2,12b610c2,2017,2017,18,30,5,0,0,2
1082649,1,f5180fe6,2017,2017,24,28,13,3,0,2
1136561,1,4329fbb5,2018,2018,24,29,12,1,0,2
1136565,1,4329fbb5,2018,2018,24,39,7,2,0,2
1136568,1,cc1e8c68,2018,2018,24,23,13,0,0,3
1136568,2,2e171977,2018,2018,24,25,9,0,0,1
1136570,1,dcf81436,2018,2018,24,37,9,0,0,1
1136571,2,7a8bd078,2018,2018,24,22,9,0,0,2
1136574,2,51a3c5ef,2018,2018,18,24,4,0,0,2
1136577,1,b2a79f17,2018,2018,24,38,5,3,0,2
1136579,1,f19ccfad,2018,2018,24,31,5,0,0,1
1136581,1,5574750c,2018,2018,24,22,11,0,0,3
1136582,2,7d92277a,2018,2018,24,25,12,0,0,2
1136585,2,ce820073,2018,2018,24,17,13,0,0,2
1136587,1,51a3c5ef,2018,2018,24,26,10,0,0,2
1136589,1,bbd41817,2018,2018,18,31,4,2,0,3
1136592,2,b681e71e,2018,2018,6,21,1,0,0,1
1136595,1,7f048519,2018,2018,24,24,11,0,0,1
1136596,1,5f547c8b,2018,2018,24,23,9,0,0,2
1136603,2,fe93fd9d,2018,2018,24,28,8,0,0,1
1136620,1,119678fd,2018,2018,18,25,7,1,0,1
1175357,2,7dc35884,2019,2019,22,42,10,1,0,1
1175360,1,87e562a9,2019,2019,24,33,8,2,0,3
1175362,2,a9fd84fb,2019,2019,18,23,6,0,0,1
1175367,1,e087956b,2019,2019,18,30,7,0,0,1
1178393,1,495d42a5,2019,2019,24,23,10,1,0,3
1178394,1,62af8546,2019,2019,24,13,12,0,0,1
1178398,2,98ae73b1,2019,2019,24,28,10,0,0,1
1178399,1,4933f499,2019,2019,24,35,10,0,0,1
1178400,1,fe93fd9d,2019,2019,24,20,9,0,0,2
1178408,1,0994d0ae,2019,2019,12,11,5,0,0,1
1178408,2,23eeb873,2019,2019,18,31,5,0,0,1
1178411,1,5574750c,2019,2019,24,22,14,0,0,1
1178414,2,8fd1a8f5,2019,2019,24,29,7,0,0,2
1178417,1,495d42a5,2019,2019,24,15,10,0,0,1
1178418,2,98ae73b1,2019,2019,24,20,14,0,0,3
1178422,1,dbe50b21,2019,2019,18,31,8,3,0,1
1178424,1,c6097d68,2019,2019,6,6,2,0,1,2
1178427,1,cdc6bdba,2019,2019,24,31,9,0,0,2
1178429,1,fa2f1dde,2019,2019,24,29,9,1,0,1
1178429,1,f19ccfad,2019,2019,18,24,8,0,0,3
1178430,2,8b5b6769,2019,2019,24,57,7,1,0,3
1178431,1,dbe50b21,2019,2019,18,20,9,0,0,2
1181766,1,5bb1a1c4,2019,2019,24,34,9,0,0,2
1181766,2,5f547c8b,2019,2019,24,15,16,1,0,2
1181767,1,87e562a9,2019,2019,24,19,11,1,1,2
1216493,2,d9273ee7,2020/21,2021,18,29,5,0,0,2
1216500,2,2e171977,2020/21,2021,12,8,6,0,0,1
1216504,1,1e66c162,2020/21,2021,12,14,5,0,0,1
1216505,1,495d42a5,2020/21,2021,24,18,10,0,0,1
1216506,1,f834dcfc,2020/21,2021,24,39,10,1,0,3
1216507,2,5f547c8b,2020/21,2021,24,25,8,0,0,2
1216510,1,57ee1fde,2020/21,2021,24,25,8,0,0,1
1216512,2,ded9240e,2020/21,2021,24,28,12,0,0,1
1216513,1,1abb78f8,2020/21,2021,24,39,8,1,0,2
1216514,1,21d4e29b,2020/21,2021,24,37,10,0,1,1
1216520,1,8cf9814c,2020/21,2021,24,35,12,0,0,3
1216520,2,2f9d0389,2020/21,2021,23,32,7,1,0,1
1216525,2,fb66ce1f,2020/21,2021,24,19,14,0,0,3
1216526,1,462411b3,2020/21,2021,24,22,12,1,0,1
1216527,1,db31895a,2020/21,2021,24,39,7,1,1,1
1216527,1,e86754b2,2020/21,2021,24,44,4,1,0,1
1216537,1,e087956b,2020/21,2021,24,32,5,3,0,2
1216539,2,2e171977,2020/21,2021,24,18,10,0,0,1
1216540,1,85e0cf10,2020/21,2021,24,42,5,0,0,1
1216547,2,14f96089,2020/21,2021,24,53,3,0,0,1
1237177,1,495d42a5,2020/21,2021,24,29,11,0,0,3
1237181,2,d9273ee7,2020/21,2021,12,23,3,0,0,1
1254058,1,68c56d09,2021,2021,24,27,13,0,1,1
1254060,1,2e81a32d,2021,2021,24,45,10,1,0,1
1254062,1,bbd41817,2021,2021,12,15,6,1,0,5
1254068,1,d3611425,2021,2021,18,32,6,0,1,1
1254070,1,ad427b5c,2021,2021,24,17,7,0,0,1
1254075,2,85e0cf10,2021,2021,18,20,7,2,0,1
1254077,1,dcf81436,2021,2021,24,31,8,0,0,2
1254077,2,6b19d823,2021,2021,24,31,8,0,0,1
1254078,1,5b7ab5a9,2021,2021,24,24,10,0,0,1
1254079,1,5bb1a1c4,2021,2021,24,26,11,0,0,1
1254081,2,0a8fce53,2021,2021,21,37,6,0,0,1
1254082,1,2e171977,2021,2021,24,32,11,0,0,2
1254087,1,5b7ab5a9,2021,2021,24,13,15,0,0,3
1254092,2,acdc62f5,2021,2021,14,15,8,1,0,1
1254095,2,81c08fa3,2021,2021,24,21,11,0,0,1
1254096,1,85e0cf10,2021,2021,24,43,10,4,2,2
1254098,2,2f9d0389,2021,2021,24,33,9,1,1,1
1254099,1,a757b0d8,2021,2021,6,8,2,1,0,2
1254100,2,2cdce1be,2021,2021,24,32,7,5,0,1
1254104,1,350bb1b1,2021,2021,24,21,13,0,0,2
1254109,2,5f547c8b,2021,2021,24,23,13,0,0,1
1254111,1,c05edf8e,2021,2021,18,17,4,0,0,1
1254112,2,462411b3,2021,2021,24,29,10,0,0,1
1254114,1,bb351c23,2021,2021,24,27,5,1,0,1
1304053,2,46a9bea1,2022,2022,24,40,8,1,0,1
1304055,1,462411b3,2022,2022,24,17,15,0,0,3
1304057,1,765a4731,2022,2022,24,52,11,3,0,1
1304057,2,23cca426,2022,2022,12,14,6,0,0,1
1304063,1,ce794613,2022,2022,24,30,6,1,0,2
1304065,1,5b7ab5a9,2022,2022,24,44,8,0,2,1
1304065,2,ad427b5c,2022,2022,6,8,3,0,0,1
1304068,1,03806cf8,2022,2022,24,33,12,1,0,1
1304068,2,f24c6701,2022,2022,24,33,10,0,0,4
1304071,2,bbd41817,2022,2022,12,20,5,1,0,2
1304072,2,327b58d3,2022,2022,24,48,11,5,0,1
1304075,1,8cf9814c,2022,2022,24,20,13,2,0,1
1304075,2,765a4731,2022,2022,18,18,10,1,0,1
1304075,2,fe93fd9d,2022,2022,18,25,6,0,0,1
1304081,2,8cf9814c,2022,2022,24,20,16,1,0,2
1304085,2,85e0cf10,2022,2022,24,23,16,3,0,2
1304086,1,b0946605,2022,2022,24,35,8,1,0,1
1304089,1,2f9d0389,2022,2022,24,36,9,0,0,1
1304090,2,57ee1fde,2022,2022,24,33,8,0,0,1
1304092,1,ce794613,2022,2022,24,42,3,1,0,2
1304094,1,244048f6,2022,2022,24,36,5,1,1,1
1304096,2,8d2c70ad,2022,2022,24,40,10,0,0,1
1304097,1,9fc0ef64,2022,2022,18,23,5,2,0,1
1304099,1,bbd41817,2022,2022,18,22,2,1,0,2
1304101,2,87e562a9,2022,2022,16,24,5,1,0,2
1304102,1,f6d8a7ab,2022,2022,18,32,8,0,0,2
1304105,1,be24ead0,2022,2022,6,5,4,0,0,1
1304110,2,2e171977,2022,2022,24,14,14,0,0,2
1304115,2,1abb78f8,2022,2022,18,32,8,2,0,2
1312199,2,a97c8ec2,2022,2022,24,26,11,0,0,1
1312200,1,dbe50b21,2022,2022,24,17,13,0,0,3
1359476,1,cc1e8c68,2023,2023,24,27,11,0,0,1
1359476,2,e94915e6,2023,2023,18,38,4,0,0,1
1359479,1,8db7f47f,2023,2023,12,14,7,0,0,1
1359482,2,9eb1455b,2023,2023,24,30,11,0,0,4
1359483,1,7f048519,2023,2023,24,16,15,1,0,2
1359486,2,4933f499,2023,2023,18,24,8,1,0,1
1359487,2,5f547c8b,2023,2023,24,37,6,0,0,3
1359488,1,81c36ee9,2023,2023,18,16,14,1,0,2
1359488,1,81c08fa3,2023,2023,24,32,14,1,0,2
1359489,2,2f49c897,2023,2023,24,22,15,4,0,3
1359491,1,b483905d,2023,2023,24,40,7,1,0,2
1359493,1,bbd41817,2023,2023,13,22,4,2,0,3
1359494,2,3a60e0b5,2023,2023,24,28,10,0,0,1
1359498,1,2f49c897,2023,2023,24,30,10,1,0,1
1359498,1,b681e71e,2023,2023,16,28,4,1,0,1
1359498,1,f986ca1a,2023,2023,20,36,7,2,2,1
1359498,2,b483905d,2023,2023,18,35,9,0,0,1
1359499,2,4933f499,2023,2023,24,37,7,5,0,2
1359501,1,244048f6,2023,2023,24,34,7,1,0,1
1359501,1,c05edf8e,2023,2023,18,31,7,0,0,2
1359502,1,8d2c70ad,2023,2023,18,15,9,1,0,2
1359507,1,5b7ab5a9,2023,2023,24,49,8,0,0,1
1359507,2,fe93fd9d,2023,2023,18,34,5,0,0,1
1359508,2,acdc62f5,2023,2023,24,33,10,0,0,2
1359512,1,50c6bc2b,2023,2023,6,19,1,0,0,1
1359515,1,e94915e6,2023,2023,24,46,7,3,0,1
1359517,1,c0c411cb,2023,2023,24,30,8,0,0,3
1359517,2,b681e71e,2023,2023,6,3,3,0,0,1
1359525,2,8cf9814c,2023,2023,24,37,7,1,0,1
1359526,2,495d42a5,2023,2023,24,35,5,3,0,1
1359527,1,9440ef41,2023,2023,24,26,11,1,0,1
1359532,1,eef2536f,2023,2023,12,30,2,0,0,1
1359534,2,3a60e0b5,2023,2023,18,10,11,1,0,3
1359536,1,ce794613,2023,2023,24,34,4,0,0,1
1359539,1,f9e6e7ef,2023,2023,18,38,4,0,0,1
1359541,2,fe93fd9d,2023,2023,24,50,4,1,0,1
1359542,1,9d430b40,2023,2023,24,28,8,1,0,2
1359543,2,a457cfb5,2023,2023,24,37,9,0,0,1
1370350,1,759ac88f,2023,2023,24,31,4,0,0,2
1370351,2,4bd09374,2023,2023,21,5,16,0,0,5
1370352,2,8cf9814c,2023,2023,18,41,6,0,0,2
1370352,2,5f547c8b,2023,2023,24,33,7,1,0,2
1370353,1,23eeb873,2023,2023,24,38,5,0,0,1
1370353,1,fe93fd9d,2023,2023,24,38,3,0,0,1
1422123,2,8f6dd463,2024,2024,18,27,10,2,0,2
1422124,2,c05edf8e,2024,2024,24,13,9,0,0,2
1422125,1,5f547c8b,2024,2024,24,49,4,0,0,2
1422129,1,244048f6,2024,2024,18,30,5,1,0,2
1422133,1,2f49c897,2024,2024,24,47,11,3,0,1
1422133,2,cf0ccafa,2024,2024,18,21,7,0,0,1
1422134,1,a2f46292,2024,2024,24,43,11,8,1,1
1422136,1,1e66c162,2024,2024,24,29,7,1,0,1
1422138,2,462411b3,2024,2024,24,22,11,0,0,2
1426261,2,aad0c365,2024,2024,18,33,6,1,0,1
1426262,2,2e78f685,2024,2024,24,41,6,4,1,3
1426263,1,7a8bd078,2024,2024,24,32,7,0,0,1
1426267,1,3204c99f,2024,2024,24,35,11,1,0,1
1426271,2,4bd09374,2024,2024,19,46,5,4,1,1
1426274,2,77b1aa15,2024,2024,24,33,9,1,0,2
1426275,1,759ac88f,2024,2024,24,32,9,1,0,2
1426277,1,c33d8116,2024,2024,24,50,6,0,0,1
1426282,2,d9273ee7,2024,2024,6,3,3,0,0,1
1426282,2,6b19d823,2024,2024,12,20,5,0,0,1
1426284,2,1abb78f8,2024,2024,24,27,8,0,1,1
1426288,2,ce794613,2024,2024,24,35,8,3,0,2
1426289,2,9d430b40,2024,2024,24,22,11,1,0,2
1426292,1,df064e1a,2024,2024,24,33,8,2,0,1
1426292,2,5b7ab5a9,2024,2024,18,30,8,0,0,3
1426292,2,bbd41817,2024,2024,12,17,3,3,0,2
1426298,2,5b7ab5a9,2024,2024,24,17,11,1,0,2
1426299,1,46a9bea1,2024,2024,24,30,9,0,0,2
1426300,1,a2f46292,2024,2024,24,31,8,0,0,2
1426305,1,98ae73b1,2024,2024,24,29,10,0,0,3
598040,2,3c6ffae8,2013,2013,5,11,1,0,0,0
598045,1,ae78bc32,2013,2013,24,47,7,3,0,0
598054,2,abfeb126,2013,2013,24,21,7,0,0,0
598060,1,6c6591ab,2013,2013,24,37,4,0,0,0
598065,1,6aed7e79,2013,2013,18,20,6,3,0,0
598065,1,bd17b45f,2013,2013,6,9,2,0,0,0
598065,2,c03c6200,2013,2013,6,4,3,0,0,0
598066,1,b681e71e,2013,2013,6,18,1,0,0,0
598068,2,c3d1402f,2013,2013,6,19,0,0,0,0
598071,1,bd17b45f,2013,2013,6,2,4,0,0,0
598073,1,495d42a5,2013,2013,18,22,5,1,0,0
729279,1,8abdf100,2014,2014,18,33,5,0,0,0
729279,1,6c6591ab,2014,2014,24,36,7,0,0,0
729281,1,1c914163,2014,2014,12,16,1,0,0,0
729283,1,b681e71e,2014,2014,12,23,3,0,0,0
729299,1,4ba44e19,2014,2014,12,25,2,0,0,0
729301,1,b1451597,2014,2014,12,21,5,0,0,0
729309,1,2e8994e7,2014,2014,18,13,9,0,0,0
729309,1,b1451597,2014,2014,6,5,4,0,0,0
729313,2,3fb19989,2014,2014,24,15,16,4,0,0
729313,2,c3d35165,2014,2014,12,24,3,2,0,0
733985,1,271f83cd,2014,2014,6,8,2,0,0,0
733985,2,9d80c5e1,2014,2014,20,34,1,0,0,0
733987,2,abfeb126,2014,2014,24,40,5,0,0,0
734013,1,90edaaa9,2014,2014,6,9,1,0,0,0
734027,1,4ba44e19,2014,2014,12,19,3,1,0,0
734029,2,495d42a5,2014,2014,24,29,6,0,0,0
734031,1,2e8994e7,2014,2014,24,31,7,0,0,0
734045,1,1dc12ab9,2014,2014,6,13,1,0,0,0
734047,2,1647bd37,2014,2014,24,32,6,1,0,0
829727,2,2e81a32d,2015,2015,24,25,9,0,0,0
829727,2,e938e1bc,2015,2015,24,30,8,2,0,0
829735,1,4329fbb5,2015,2015,12,20,4,1,0,0
829737,2,dbe50b21,2015,2015,18,37,3,2,0,0
829741,2,4329fbb5,2015,2015,6,13,0,0,0,0
829743,1,3c6ffae8,2015,2015,12,18,2,0,0,0
829743,2,c18496e1,2015,2015,6,14,2,0,0,0
829751,1,a818c1be,2015,2015,24,27,8,2,0,0
829751,2,41eb4a4f,2015,2015,24,31,6,1,0,0
829763,1,808f425a,2015,2015,12,26,2,1,0,0
829767,2,2e171977,2015,2015,17,23,3,1,0,0
829773,2,119678fd,2015,2015,12,19,1,0,0,0
829775,1,b681e71e,2015,2015,6,8,3,0,0,0
829779,1,85aae393,2015,2015,18,34,4,1,0,0
829793,2,32198ae0,2015,2015,12,14,5,0,0,0
829795,1,dbe50b21,2015,2015,18,51,2,0,0,0
829795,2,aa8d28ae,2015,2015,24,38,9,1,0,0
829799,2,119678fd,2015,2015,12,20,2,0,0,0
829805,1,cc1e8c68,2015,2015,18,37,3,0,1,0
829807,1,f986ca1a,2015,2015,12,30,3,1,0,0
829815,1,dbe50b21,2015,2015,6,11,2,2,0,0
980907,1,119678fd,2016,2016,24,57,4,1,0,0
980911,2,33a364a6,2016,2016,18,30,5,0,1,0
980911,2,3d8feaf8,2016,2016,6,10,0,0,0,0
980913,2,b681e71e,2016,2016,6,11,3,2,0,0
980935,2,a9da7784,2016,2016,18,34,4,0,0,0
980937,1,e938e1bc,2016,2016,18,28,6,0,0,0
980937,1,87e562a9,2016,2016,24,43,5,2,0,0
980953,1,9170ff49,2016,2016,24,33,5,0,0,0
980953,1,f986ca1a,2016,2016,6,16,4,1,1,0
980959,2,0a3d54b9,2016,2016,24,34,8,4,0,0
980959,2,a03bba42,2016,2016,24,51,5,0,0,0
980963,1,983f2f61,2016,2016,18,29,3,0,0,0
980965,2,2e8994e7,2016,2016,6,9,0,0,0,0
980977,2,85aae393,2016,2016,18,26,3,0,0,0
980981,1,a757b0d8,2016,2016,6,22,1,0,0,0
980987,1,1da489ff,2016,2016,18,50,4,1,0,0
980997,2,6b19d823,2016,2016,12,10,5,0,0,0
981011,2,81049310,2016,2016,6,8,2,0,0,0
1426306,1,fe93fd9d,2024,2024,18,40,2,0,0,0
1426307,1,f9e6e7ef,2024,2024,6,13,1,0,0,0
1473438,1,50c6bc2b,2025,2025,12,14,2,0,0,0
1473442,2,8f6dd463,2025,2025,12,29,3,0,0,0
1473445,2,5b8c830e,2025,2025,12,26,4,0,0,0
1473451,2,7210d461,2025,2025,18,20,7,0,0,0
1473451,2,5b8c830e,2025,2025,18,34,2,0,0,0
1473452,1,30df8c66,2025,2025,24,47,6,0,0,0
1473456,1,83c3e8e3,2025,2025,18,46,3,2,0,0
1473463,2,2f49c897,2025,2025,24,50,5,5,0,0
1473465,2,04a418e8,2025,2025,6,10,1,2,0,0
1473466,1,2e171977,2025,2025,12,19,4,0,0,0
1473469,2,5ffc0565,2025,2025,6,13,3,0,1,0
1473471,2,5b8c830e,2025,2025,6,10,2,0,0,0
1473473,1,f24c6701,2025,2025,24,32,6,1,0,0
1473484,2,5bb1a1c4,2025,2025,12,36,4,2,0,0
1473488,2,5f547c8b,2025,2025,18,50,1,0,0,0
1473490,2,9d430b40,2025,2025,24,27,6,0,0,0
1473495,1,3fb19989,2025,2025,12,23,4,0,0,0
1473495,1,327b58d3,2025,2025,12,27,4,0,1,0
1473495,1,fb5f69e4,2025,2025,6,14,0,0,0,0
1473505,1,acdc62f5,2025,2025,24,60,5,7,0,0
1473509,1,f19ccfad,2025,2025,6,7,2,0,0,0
1527675,1,a818c1be,2026,2026,24,38,7,3,0,0
1527676,2,a90e53ec,2026,2026,1,1,0,0,0,0
1527680,2,2ed569a0,2026,2026,24,46,4,1,0,0
1527681,2,462411b3,2026,2026,24,21,13,1,0,0
1527691,1,8d2c70ad,2026,2026,12,24,1,0,0,0
1529267,1,54e52590,2026,2026,18,36,5,1,0,0
1529267,2,dbe50b21,2026,2026,18,39,3,1,0,0
1529269,2,b8527c3d,2026,2026,24,40,4,2,1,0
1529269,2,9440ef41,2026,2026,18,31,2,0,0,0
1529272,1,6a26221c,2026,2026,6,32,0,1,0,0
1529272,2,3b53243a,2026,2026,24,54,6,2,0,0
1529285,2,03806cf8,2026,2026,24,56,7,0,0,0
1529286,2,465aa633,2026,2026,18,41,7,0,0,0
1529286,2,133bbd61,2026,2026,19,35,3,2,1,0
1529287,1,765a4731,2026,2026,18,25,9,0,0,0
1529293,2,b1ad996b,2026,2026,24,50,8,1,0,0
1529294,2,5ffc0565,2026,2026,12,34,1,0,0,0
1529301,1,5b615e7c,2026,2026,12,22,5,0,0,0
1529303,2,e4cdf230,2026,2026,6,17,1,0,0,0
1529308,1,5b7ab5a9,2026,2026,24,28,8,1,0,0
1529309,1,cc61ee8f,2026,2026,24,31,7,4,0,0
1529310,2,7b44eb3e,2026,2026,12,32,3,1,0,0
1529312,2,3ff033bb,2026,2026,12,21,3,1,0,0
335990,1,f0f628c7,2007/08,2008,24,55,7,2,0,0
335992,1,64d43928,2007/08,2008,24,31,13,1,0,0
335993,2,5bb1a1c4,2007/08,2008,18,26,8,5,1,0
335994,2,facb9086,2007/08,2008,12,20,3,1,0,0
335995,2,ab89348d,2007/08,2008,18,31,7,1,0,0
335998,2,e03b66ec,2007/08,2008,24,42,5,0,0,0
336000,1,66b30f71,2007/08,2008,24,30,11,2,0,0
336003,2,98ae73b1,2007/08,2008,6,16,2,0,0,0
336008,2,f0f628c7,2007/08,2008,18,21,8,1,0,0
336008,2,3d7e087f,2007/08,2008,18,23,8,0,0,0
336010,1,0c2730df,2007/08,2008,18,21,9,0,0,0
336010,2,16dfcc19,2007/08,2008,18,30,6,1,1,0
336011,2,0604ef16,2007/08,2008,12,20,2,0,0,0
336019,1,3d7e087f,2007/08,2008,24,48,7,0,0,0
336019,2,5d096f3d,2007/08,2008,6,7,1,0,0,0
336019,2,1c914163,2007/08,2008,6,20,0,0,0,0
336020,1,4b4d1957,2007/08,2008,18,24,5,1,0,0
336020,1,57efa3be,2007/08,2008,24,33,5,1,0,0
336022,1,98ae73b1,2007/08,2008,6,13,1,0,0,0
336023,2,3c6ffae8,2007/08,2008,12,28,5,0,0,0
336024,2,96fd40ae,2007/08,2008,24,29,9,0,0,0
336024,2,f233bbb4,2007/08,2008,12,13,5,0,0,0
336025,1,c3d35165,2007/08,2008,24,25,9,1,0,0
336028,1,96fd40ae,2007/08,2008,18,34,8,2,0,0
336032,2,88fccd6c,2007/08,2008,18,33,7,0,0,0
336033,1,ae78bc32,2007/08,2008,18,32,5,0,0,0
336038,2,64d43928,2007/08,2008,12,16,1,3,0,0
336039,2,2498e163,2007/08,2008,12,20,3,0,0,0
392188,1,86dc8f2e,2009,2009,12,19,2,0,0,0
392191,1,21ac077a,2009,2009,12,24,5,0,0,0
392191,2,e32d22f6,2009,2009,12,20,2,2,0,0
392191,2,39f01cdb,2009,2009,12,16,3,0,0,0
392197,2,8b5b6769,2009,2009,12,15,4,0,0,0
392199,2,abfeb126,2009,2009,24,26,10,2,0,0
392201,2,740742ef,2009,2009,6,10,1,0,0,0
392201,2,fe763256,2009,2009,12,20,5,1,0,0
392207,1,5fa06777,2009,2009,24,37,9,1,0,0
392213,2,0c2730df,2009,2009,12,12,6,0,0,0
392214,1,4353bba5,2009,2009,12,18,3,0,0,0
392216,2,12eddf28,2009,2009,18,29,4,1,0,0
392223,1,8a668774,2009,2009,6,24,0,0,0,0
392228,1,6c6591ab,2009,2009,18,24,5,0,0,0
392234,2,b2b50355,2009,2009,12,14,5,0,0,0
419107,1,3c6ffae8,2009/10,2010,12,22,2,0,0,0
419109,2,ba607b88,2009/10,2010,2,1,1,0,0,0
419112,1,0c2730df,2009/10,2010,24,40,7,1,0,0
419114,2,91a4a398,2009/10,2010,12,20,1,0,0,0
419131,1,fd835ab3,2009/10,2010,24,24,6,0,0,0
419136,2,6b8eb6e5,2009/10,2010,12,14,7,0,1,0
419150,2,a12e1d51,2009/10,2010,24,23,10,0,0,0
419160,2,5d9a1a73,2009/10,2010,24,29,8,1,0,0
419162,1,e938e1bc,2009/10,2010,18,29,8,5,0,0
501198,2,c3d35165,2011,2011,18,32,2,1,0,0
501199,1,bd17b45f,2011,2011,6,14,0,0,0,0
501203,2,b2b50355,2011,2011,24,31,7,1,0,0
501205,1,8b5b6769,2011,2011,24,27,7,2,0,0
501205,2,ba607b88,2011,2011,12,15,1,0,0,0
501205,2,3ae3f034,2011,2011,21,30,4,0,0,0
501206,2,1dc12ab9,2011,2011,6,12,2,0,0,0
501207,1,abfeb126,2011,2011,24,30,10,1,1,0
501207,1,1c914163,2011,2011,6,12,1,0,0,0
501207,2,6b8eb6e5,2011,2011,18,21,8,4,0,0
501209,2,5b040b81,2011,2011,15,26,7,1,0,0
501209,2,4329fbb5,2011,2011,12,18,2,0,0,0
501209,2,3d7e087f,2011,2011,24,34,6,0,1,0
501210,2,ef5da05c,2011,2011,24,37,9,1,0,0
501213,1,5fa06777,2011,2011,18,28,7,1,0,0
501219,1,b2b50355,2011,2011,24,23,13,2,0,0
501228,2,4180d897,2011,2011,24,27,13,1,1,0
501231,2,626c5379,2011,2011,7,5,3,0,0,0
501233,1,af7dadf7,2011,2011,12,22,4,0,2,0
501235,2,1c914163,2011,2011,6,9,2,0,0,0
501240,2,8291f939,2011,2011,6,13,1,1,0,0
501243,1,662c47a6,2011,2011,6,20,1,2,2,0
501245,1,dd09ff8e,2011,2011,24,8,15,0,0,0
501248,1,dddca1d6,2011,2011,12,18,6,0,0,0
501248,1,1c914163,2011,2011,12,17,2,0,0,0
501253,1,9d80c5e1,2011,2011,24,26,9,0,0,0
501254,2,b2570b38,2011,2011,6,12,2,0,0,0
501260,1,957532de,2011,2011,24,36,11,0,0,0
501261,1,41eb4a4f,2011,2011,12,17,2,1,0,0
501263,2,d2a989fc,2011,2011,12,19,3,0,0,0
501266,2,1dc12ab9,2011,2011,24,38,10,4,0,0
501267,1,a757b0d8,2011,2011,12,23,1,0,0,0
501269,1,cf73ad76,2011,2011,6,10,1,0,0,0
548311,1,ae78bc32,2012,2012,24,54,7,0,1,0
548313,1,c18496e1,2012,2012,16,40,3,0,0,0
548318,2,ba607b88,2012,2012,12,36,1,0,0,0
548322,2,87e562a9,2012,2012,18,31,6,1,0,0
548323,1,86dc8f2e,2012,2012,24,30,8,0,0,0
548326,1,e32d22f6,2012,2012,18,37,4,0,0,0
548326,1,7c503806,2012,2012,24,29,6,0,0,0
548329,2,ae78bc32,2012,2012,24,22,11,1,0,0
548331,1,d7c6af50,2012,2012,24,24,6,1,0,0
548335,2,d718440b,2012,2012,24,35,8,1,0,0
548336,1,557153ca,2012,2012,24,35,6,2,0,0
548336,2,41eb4a4f,2012,2012,24,37,6,0,0,0
548339,1,f0f628c7,2012,2012,24,41,10,0,1,0
548339,1,8b5b6769,2012,2012,18,29,2,7,0,0
548339,2,e938e1bc,2012,2012,24,25,8,1,0,0
548342,1,8b5b6769,2012,2012,24,42,7,0,0,0
548343,1,c8179c68,2012,2012,12,22,4,0,0,0
548347,1,85aae393,2012,2012,18,18,8,0,0,0
548355,1,f0f628c7,2012,2012,24,46,5,1,0,0
548359,1,6b19d823,2012,2012,12,20,5,0,0,0
548362,1,2e81a32d,2012,2012,24,40,7,1,0,0
548365,1,2e81a32d,2012,2012,24,33,8,0,0,0
548369,2,9a158001,2012,2012,24,34,9,1,0,0
548372,1,cc1e8c68,2012,2012,24,42,10,1,1,0
548372,2,5bdcdb72,2012,2012,6,11,2,1,0,0
548374,1,0a3d54b9,2012,2012,24,25,11,1,0,0
548376,2,ae78bc32,2012,2012,24,38,11,2,0,0
548377,1,35205dfc,2012,2012,12,13,5,0,0,0
548377,2,f708a0bc,2012,2012,24,30,9,0,0,0
548381,1,dd09ff8e,2012,2012,24,42,8,0,1,0
598000,1,896d78ad,2013,2013,12,16,2,0,0,0
598013,1,0f12f9df,2013,2013,24,44,4,2,0,0
598017,2,5fa06777,2013,2013,24,39,5,0,0,0
598019,1,6c6591ab,2013,2013,24,31,4,0,0,0
598020,1,9d80c5e1,2013,2013,18,22,4,1,0,0
598022,2,33a364a6,2013,2013,12,12,2,0,0,0
598025,2,66b30f71,2013,2013,24,37,5,1,0,0
598025,2,5d9a1a73,2013,2013,18,28,2,0,0,0
598026,1,759ac88f,2013,2013,12,19,5,0,0,0
598026,1,fb66ce1f,2013,2013,18,32,6,1,0,0
598027,1,ef5da05c,2013,2013,12,45,1,1,0,0
598032,2,5bb1a1c4,2013,2013,18,35,6,0,0,0
598034,1,8cf9814c,2013,2013,12,20,7,1,0,0
598034,2,495d42a5,2013,2013,18,26,3,0,0,0
598038,1,2e81a32d,2013,2013,24,24,9,0,0,0
1082592,1,23eeb873,2017,2017,12,21,6,0,0,0
1082593,1,4c5d73db,2017,2017,18,35,4,0,0,0
1082595,1,6b19d823,2017,2017,12,32,3,0,0,0
1082603,1,871e9faf,2017,2017,18,21,7,0,0,0
1082612,1,8b5b6769,2017,2017,12,12,4,0,0,0
1082612,1,a12e1d51,2017,2017,24,58,6,2,0,0
1082613,2,9d430b40,2017,2017,24,42,7,0,0,0
1082620,2,f19ccfad,2017,2017,18,32,6,0,0,0
1082620,2,acee4cc4,2017,2017,24,48,4,0,0,0
1082620,2,77255a9e,2017,2017,6,12,0,0,0,0
1082625,1,51a3c5ef,2017,2017,24,50,7,1,0,0
1082629,2,35205dfc,2017,2017,18,26,4,1,0,0
1082632,1,9d80c5e1,2017,2017,12,28,3,0,0,0
1082636,1,94d7f855,2017,2017,12,15,2,0,0,0
1082638,1,32198ae0,2017,2017,6,15,0,0,0,0
1082639,2,ce820073,2017,2017,24,31,6,0,0,0
1082639,2,983f2f61,2017,2017,12,19,2,1,0,0
1082641,2,5bb1a1c4,2017,2017,18,29,7,0,1,0
1082645,2,983f2f61,2017,2017,6,6,1,0,0,0
1136565,1,23eeb873,2018,2018,6,18,2,1,0,0
1136567,2,9fc0ef64,2018,2018,12,19,4,0,0,0
1136567,2,2e11c706,2018,2018,24,40,4,1,0,0
1136571,1,f62772e5,2018,2018,6,13,2,0,0,0
1136574,1,57ee1fde,2018,2018,18,32,7,0,0,0
1136576,2,495d42a5,2018,2018,24,53,1,5,0,0
1136578,2,98ae73b1,2018,2018,12,24,4,0,0,0
1136582,1,6b19d823,2018,2018,24,33,7,3,0,0
1136586,1,8d2c70ad,2018,2018,12,22,2,0,0,0
1136587,1,462411b3,2018,2018,24,25,11,1,0,0
1136587,1,2e11c706,2018,2018,6,14,1,1,0,0
1136588,1,d2a989fc,2018,2018,12,20,4,0,0,0
1136590,1,9a963804,2018,2018,18,52,2,0,0,0
1136593,1,bbd41817,2018,2018,6,12,1,1,0,0
1136597,1,98ae73b1,2018,2018,18,35,6,0,0,0
1136602,1,5f547c8b,2018,2018,24,35,6,0,0,0
1136603,2,4329fbb5,2018,2018,6,9,0,0,0,0
1136607,2,a9fd84fb,2018,2018,18,32,2,0,0,0
1136612,2,eef2536f,2018,2018,12,28,5,0,0,0
1136613,1,94d7f855,2018,2018,12,23,0,3,0,0
1175357,1,9d430b40,2019,2019,18,29,5,0,0,0
1175357,1,8d2c70ad,2019,2019,12,18,2,0,0,0
1175362,2,5b8c830e,2019,2019,24,28,5,0,0,0
1175364,2,462411b3,2019,2019,22,23,12,0,0,0
1175368,1,eef2536f,2019,2019,18,30,7,1,0,0
1175368,1,f986ca1a,2019,2019,24,37,8,6,0,0
1175368,1,94253925,2019,2019,6,9,0,0,0,0
1178394,1,3c6ffae8,2019,2019,6,8,1,0,0,0
1178397,2,2e81a32d,2019,2019,24,25,11,0,0,0
1178413,2,9d430b40,2019,2019,24,34,5,0,0,0
1178414,2,f62772e5,2019,2019,6,7,2,0,0,0
1178415,1,6b19d823,2019,2019,18,28,3,0,0,0
1178418,2,fb2d1dda,2019,2019,6,13,2,0,0,0
1178425,1,d014d5ac,2019,2019,12,19,0,2,0,0
1216497,2,b4f5c2d9,2020/21,2021,12,11,7,0,0,0
1216499,1,f752db61,2020/21,2021,18,35,4,0,0,0
1216505,1,2e171977,2020/21,2021,24,30,4,0,0,0
1216517,1,b681e71e,2020/21,2021,24,24,9,0,0,0
1216518,2,7a8bd078,2020/21,2021,24,32,7,0,0,0
1216524,1,46a9bea1,2020/21,2021,18,35,2,0,0,0
1216531,2,21d4e29b,2020/21,2021,24,21,13,0,0,0
1216531,2,2f49c897,2020/21,2021,18,44,2,1,0,0
1216531,2,f19ccfad,2020/21,2021,24,38,5,0,0,0
1216535,2,e62dd25d,2020/21,2021,18,27,7,0,0,0
1216535,2,f986ca1a,2020/21,2021,6,8,2,1,0,0
1216538,2,a757b0d8,2020/21,2021,18,20,6,2,0,0
1216546,1,df064e1a,2020/21,2021,18,24,4,0,0,0
1254063,2,57ee1fde,2021,2021,24,29,9,1,0,0
1254065,1,fe93fd9d,2021,2021,24,19,14,1,0,0
1254075,2,9d430b40,2021,2021,24,20,9,0,1,0
1254076,1,f19ccfad,2021,2021,12,13,7,0,0,0
1254077,2,e62dd25d,2021,2021,18,25,4,1,0,0
1254079,1,d9273ee7,2021,2021,6,23,1,1,0,0
1254096,2,a818c1be,2021,2021,12,23,4,0,0,0
1254096,2,5b8c830e,2021,2021,18,25,6,0,0,0
1254099,1,56ab442f,2021,2021,24,19,9,0,0,0
1254103,1,2f49c897,2021,2021,18,18,7,1,0,0
1254103,2,2cdce1be,2021,2021,18,18,8,1,0,0
1254106,2,9d430b40,2021,2021,24,30,11,0,0,0
1254108,2,2a2e6343,2021,2021,12,21,2,0,0,0
1254111,2,0a8fce53,2021,2021,24,30,7,0,0,0
1254114,1,23eeb873,2021,2021,18,26,5,1,0,0
1254115,1,c38d3503,2021,2021,24,36,6,2,2,0
1254117,1,2f9d0389,2021,2021,24,56,4,2,0,0
1304049,2,f9e6e7ef,2022,2022,6,6,3,0,0,0
1304051,2,56ab442f,2022,2022,18,48,3,1,1,0
1304060,1,9d430b40,2022,2022,24,26,7,0,0,0
1304064,2,871e9faf,2022,2022,24,29,10,1,0,0
1304065,1,ded9240e,2022,2022,24,51,3,2,0,0
1304066,2,495d42a5,2022,2022,24,20,5,0,0,0
1304069,2,244048f6,2022,2022,24,29,11,0,1,0
1304071,1,26989d80,2022,2022,6,10,1,1,0,0
1304074,2,23cca426,2022,2022,6,8,3,0,0,0
1304084,2,50c6bc2b,2022,2022,6,12,2,0,0,0
1304087,1,ad427b5c,2022,2022,18,32,3,0,1,0
1304089,2,f986ca1a,2022,2022,24,35,3,1,0,0
1304091,1,2e171977,2022,2022,24,25,9,2,0,0
1304094,1,2ed569a0,2022,2022,9,11,3,0,0,0
1304101,1,8d2c70ad,2022,2022,18,43,4,2,0,0
1304104,2,495d42a5,2022,2022,24,32,6,2,0,0
1304108,2,c695b423,2022,2022,24,18,6,0,0,0
1304110,1,2ed569a0,2022,2022,24,19,14,0,0,0
1304115,1,64775749,2022,2022,12,9,7,1,0,0
1304116,2,c5aef772,2022,2022,6,23,1,1,0,0
1359475,2,23eeb873,2023,2023,24,29,8,0,0,0
1359480,2,fe93fd9d,2023,2023,6,14,2,0,0,0
1359490,2,8d2c70ad,2023,2023,12,23,2,0,0,0
1359494,1,acdc62f5,2023,2023,24,31,6,2,1,0
1359495,1,2ed569a0,2023,2023,18,28,5,1,0,0
1359496,2,bbd41817,2023,2023,6,17,1,0,0,0
1359497,2,b0946605,2023,2023,18,47,2,0,0,0
1359501,1,e94915e6,2023,2023,24,27,3,0,1,0
1359506,2,a97c8ec2,2023,2023,24,32,4,0,0,0
1359510,1,f986ca1a,2023,2023,24,44,5,1,0,0
1359511,2,57ee1fde,2023,2023,12,21,3,0,0,0
1359512,1,99258814,2023,2023,18,42,7,1,2,0
1359518,1,efc04be7,2023,2023,24,20,11,2,0,0
1359519,1,46a9bea1,2023,2023,6,1,5,0,0,0
1359522,2,ce820073,2023,2023,18,19,8,0,1,0
1359522,2,14f96089,2023,2023,18,40,3,0,0,0
1359525,1,5b8c830e,2023,2023,24,38,5,0,0,0
1359525,1,73c18486,2023,2023,6,16,1,0,1,0
1359525,2,b0946605,2023,2023,6,5,4,0,0,0
1359526,2,ce820073,2023,2023,24,48,5,0,1,0
1359527,1,9d430b40,2023,2023,24,29,9,1,0,0
1359530,2,e4cdf230,2023,2023,6,20,1,0,0,0
1359531,1,efc04be7,2023,2023,24,38,7,0,0,0
1359532,2,2e81a32d,2023,2023,24,30,7,0,0,0
1359533,1,a2f46292,2023,2023,24,36,11,3,0,0
1359538,2,8d2c70ad,2023,2023,18,21,4,1,0,0
1359539,2,aad0c365,2023,2023,12,19,3,0,1,0
1359540,1,57ee1fde,2023,2023,24,40,9,1,0,0
1359543,1,4933f499,2023,2023,18,36,7,3,0,0
1359544,1,759ac88f,2023,2023,24,54,2,2,0,0
1370352,1,f6d8a7ab,2023,2023,12,15,1,0,0,0
1370352,2,efc04be7,2023,2023,24,35,8,1,1,0
1422120,2,3d8feaf8,2024,2024,24,52,5,1,0,0
1422122,2,eef2536f,2024,2024,18,21,4,2,0,0
1422131,2,acdc62f5,2024,2024,24,43,5,1,0,0
1422136,2,fe93fd9d,2024,2024,24,30,5,0,0,0
1422137,2,eaa76d3c,2024,2024,19,27,5,1,0,0
1426261,2,f9e6e7ef,2024,2024,6,10,1,0,0,0
1426262,1,83c3e8e3,2024,2024,24,37,6,0,0,0
1426264,2,12314277,2024,2024,19,34,7,0,0,0
1426281,1,ee1b6c27,2024,2024,24,56,3,2,0,0
1426283,1,7210d461,2024,2024,24,34,8,3,1,0
1426284,1,f9e6e7ef,2024,2024,18,33,3,0,0,0
1426287,1,f986ca1a,2024,2024,6,12,0,5,0,0
1426288,2,f9e6e7ef,2024,2024,6,11,2,0,0,0
1426289,2,7c3b3b78,2024,2024,18,35,5,1,1,0
1426297,1,fe93fd9d,2024,2024,12,29,0,0,0,0
1426303,2,495d42a5,2024,2024,24,31,11,0,0,0
598040,1,cc1e8c68,2013,2013,24,36,11,2,0,2
598046,2,8b5b6769,2013,2013,24,13,13,0,0,1
598047,1,557153ca,2013,2013,24,39,9,6,0,1
598050,2,a12e1d51,2013,2013,20,15,9,0,0,1
598051,2,1dc12ab9,2013,2013,6,4,2,0,0,1
598052,1,808f425a,2013,2013,24,37,8,1,0,1
598055,1,2af1b6d2,2013,2013,24,27,10,0,0,2
598056,2,8fd1a8f5,2013,2013,24,20,13,1,0,2
598058,1,bd17b45f,2013,2013,18,17,7,1,0,1
598058,2,fb66ce1f,2013,2013,24,36,9,0,0,1
598059,1,dc4686e6,2013,2013,12,11,4,0,0,1
598061,1,86dc8f2e,2013,2013,24,48,8,1,0,1
598063,1,6aed7e79,2013,2013,24,38,6,1,0,1
598068,1,87e562a9,2013,2013,12,26,5,0,0,1
598072,2,3d7e087f,2013,2013,24,23,10,0,0,1
729279,2,98ae73b1,2014,2014,18,15,7,1,0,1
729287,1,0a3d54b9,2014,2014,24,30,6,1,0,2
729289,2,98ae73b1,2014,2014,15,27,6,0,0,1
729293,2,fe93fd9d,2014,2014,16,18,6,0,0,2
729295,1,6b19d823,2014,2014,24,56,6,1,0,2
729295,2,ce820073,2014,2014,24,26,10,1,0,1
729297,1,808f425a,2014,2014,18,38,2,1,0,1
729299,2,cc1e8c68,2014,2014,24,40,9,1,1,1
729305,1,dfc4d8b5,2014,2014,24,18,11,0,0,2
729309,1,9d80c5e1,2014,2014,24,19,9,2,0,1
729309,2,740742ef,2014,2014,12,20,4,0,0,1
729311,1,f3171936,2014,2014,24,32,11,1,0,2
733973,2,26a85969,2014,2014,24,23,12,0,0,2
733979,1,41eb4a4f,2014,2014,24,42,8,0,0,2
733993,1,2e81a32d,2014,2014,24,23,10,0,0,1
733995,2,a12e1d51,2014,2014,24,15,10,1,0,2
733999,1,808f425a,2014,2014,24,42,9,1,0,1
734019,2,8cf9814c,2014,2014,24,39,11,3,0,1
734023,1,98ae73b1,2014,2014,24,42,5,0,0,1
734025,2,b56dc5f7,2014,2014,24,33,10,7,0,1
734031,1,9d80c5e1,2014,2014,24,28,4,0,0,1
734033,2,1647bd37,2014,2014,24,16,12,1,0,2
734039,1,f5180fe6,2014,2014,19,27,9,0,0,2
734043,1,1647bd37,2014,2014,24,40,7,1,0,3
734047,1,e0407c01,2014,2014,24,35,10,0,1,1
734049,1,cc1e8c68,2014,2014,24,39,9,3,0,1
829705,1,5bb5a915,2015,2015,24,18,15,0,0,2
829707,2,87e562a9,2015,2015,24,36,6,2,0,2
829713,1,57ee1fde,2015,2015,24,28,8,0,0,1
829713,2,7dc35884,2015,2015,12,17,6,1,0,1
829719,2,57ee1fde,2015,2015,24,28,4,0,0,2
829741,1,ce820073,2015,2015,24,25,10,3,0,1
829745,1,f986ca1a,2015,2015,24,28,11,0,0,1
829745,1,85aae393,2015,2015,24,36,10,2,0,2
829749,1,f986ca1a,2015,2015,24,23,7,0,0,2
829753,2,e0407c01,2015,2015,12,17,5,1,0,1
829753,2,759ac88f,2015,2015,18,10,12,0,0,1
829757,1,0a3d54b9,2015,2015,24,24,13,3,0,2
829757,1,85aae393,2015,2015,24,17,12,1,0,1
829765,2,87e562a9,2015,2015,18,22,7,0,0,3
829767,1,2e8994e7,2015,2015,24,15,10,0,0,1
829773,1,96fd40ae,2015,2015,24,31,8,0,0,1
829781,1,c18496e1,2015,2015,24,23,8,0,0,1
829789,1,51a3c5ef,2015,2015,24,34,9,0,0,1
829789,2,495d42a5,2015,2015,24,17,15,1,0,2
829789,2,87e562a9,2015,2015,14,16,2,0,0,1
829793,1,81049310,2015,2015,24,19,10,0,0,1
829793,2,2e81a32d,2015,2015,24,20,11,0,0,1
829805,1,9d430b40,2015,2015,24,38,5,3,0,1
829809,1,e0407c01,2015,2015,18,22,8,0,0,1
829815,1,8b5b6769,2015,2015,18,18,6,0,0,1
829817,1,fe93fd9d,2015,2015,12,18,5,0,0,1
829823,1,759ac88f,2015,2015,24,38,9,0,0,1
980905,1,87e562a9,2016,2016,24,22,9,1,0,4
980907,1,2e81a32d,2016,2016,24,55,7,2,1,2
980909,1,8b5b6769,2016,2016,24,31,6,0,0,1
980911,2,5bb1a1c4,2016,2016,24,39,5,0,0,1
980915,1,cc1e8c68,2016,2016,24,28,10,1,0,3
980919,1,759ac88f,2016,2016,24,23,7,0,0,3
980927,1,462411b3,2016,2016,24,31,8,0,0,3
980929,1,73ad96ed,2016,2016,18,22,3,0,0,1
980931,1,0f12f9df,2016,2016,24,34,8,2,0,3
980939,1,7dc35884,2016,2016,18,14,7,0,0,1
980941,2,462411b3,2016,2016,24,26,6,0,0,3
980943,1,3d8feaf8,2016,2016,24,14,15,0,0,2
980947,1,8b5b6769,2016,2016,24,32,4,0,0,1
980953,2,96fd40ae,2016,2016,24,32,5,0,0,1
980959,2,4329fbb5,2016,2016,18,38,2,0,0,1
980965,1,66b30f71,2016,2016,24,34,12,1,1,1
980969,1,57ee1fde,2016,2016,24,38,8,3,0,1
980973,2,96fd40ae,2016,2016,18,15,12,0,0,3
980975,1,e938e1bc,2016,2016,24,19,14,0,0,2
980975,1,d2a989fc,2016,2016,24,30,10,1,0,1
980979,1,495d42a5,2016,2016,24,16,14,2,0,1
980983,1,fb66ce1f,2016,2016,24,19,10,1,0,1
980987,1,e938e1bc,2016,2016,24,45,10,0,0,2
981007,1,35205dfc,2016,2016,24,37,9,2,1,2
981009,2,db31895a,2016,2016,18,21,4,0,0,1
981011,2,f62772e5,2016,2016,18,19,4,0,0,1
981017,2,87e562a9,2016,2016,24,32,9,0,0,2
981019,2,2e11c706,2016,2016,24,35,7,1,0,2
1426310,2,119678fd,2024,2024,12,19,1,2,0,1
1426312,2,ded9240e,2024,2024,12,18,7,2,0,1
1473438,1,9440ef41,2025,2025,24,47,8,1,0,1
1473440,1,495d42a5,2025,2025,24,31,6,0,0,1
1473441,1,2cffab74,2025,2025,12,22,4,1,0,1
1473443,1,bb351c23,2025,2025,24,23,5,0,0,2
1473446,1,7d92277a,2025,2025,12,28,4,5,0,1
1473448,2,a97c8ec2,2025,2025,24,35,11,0,0,4
1473455,2,f24c6701,2025,2025,24,26,9,4,0,2
1473459,1,765a4731,2025,2025,12,21,5,0,0,1
1473461,1,759ac88f,2025,2025,12,10,5,0,0,1
1473466,1,8d2c70ad,2025,2025,24,23,11,0,0,2
1473466,2,23eeb873,2025,2025,18,24,5,0,0,1
1473467,1,fe93fd9d,2025,2025,18,24,6,0,0,2
1473469,2,2e171977,2025,2025,18,23,8,0,0,1
1473472,1,5bb1a1c4,2025,2025,18,19,3,1,0,1
1473479,1,a97c8ec2,2025,2025,24,30,4,1,0,1
1473481,1,7c3b3b78,2025,2025,24,34,9,1,0,2
1473485,2,5b7ab5a9,2025,2025,24,39,7,1,0,2
1473486,1,57ee1fde,2025,2025,18,32,5,1,0,4
1473493,2,a818c1be,2025,2025,24,22,11,0,0,2
1473497,2,81c36ee9,2025,2025,18,41,7,2,0,2
1473498,1,12314277,2025,2025,12,7,8,2,0,1
1473500,1,a97c8ec2,2025,2025,24,27,10,2,0,1
1473502,2,f9e6e7ef,2025,2025,24,41,6,4,0,1
1473504,1,5f547c8b,2025,2025,24,42,5,0,0,1
1473505,1,9d430b40,2025,2025,24,42,8,0,0,2
1473510,1,d9273ee7,2025,2025,6,14,2,0,1,1
1473510,1,54e52590,2025,2025,18,30,6,0,1,1
1473511,2,2e81a32d,2025,2025,24,38,9,0,0,2
1527675,2,9d430b40,2026,2026,18,30,6,0,0,1
1527684,2,2e81a32d,2026,2026,24,41,10,1,1,3
1527688,2,e4cdf230,2026,2026,24,32,8,4,0,2
1527688,2,9d430b40,2026,2026,24,13,14,0,0,1
1527688,2,5d2eea49,2026,2026,18,31,6,0,0,1
1527689,2,5b8c830e,2026,2026,24,30,7,0,0,2
1527690,1,26989d80,2026,2026,18,20,7,1,0,2
1527690,2,7b44eb3e,2026,2026,24,33,8,1,0,3
1527691,1,2e171977,2026,2026,24,39,5,0,0,1
1529267,1,26989d80,2026,2026,12,19,3,0,0,1
1529269,1,f834dcfc,2026,2026,24,39,6,1,0,2
1529271,1,5d2eea49,2026,2026,24,22,12,1,0,3
1529271,2,fe93fd9d,2026,2026,18,8,10,0,0,2
1529272,1,c33d8116,2026,2026,24,43,8,0,0,1
1529273,2,dbe50b21,2026,2026,6,18,2,2,0,1
1529274,1,2e171977,2026,2026,12,23,1,0,0,1
1529275,1,8cf9814c,2026,2026,24,30,15,3,0,2
1529275,1,80b2fb19,2026,2026,24,29,12,0,0,2
1529276,2,59559bc2,2026,2026,12,14,5,0,0,1
1529279,1,5750bcb4,2026,2026,24,38,11,1,0,2
1529280,1,2f49c897,2026,2026,24,23,14,0,0,1
1529281,1,c33d8116,2026,2026,24,23,13,1,0,5
1529290,2,cf0ccafa,2026,2026,24,47,5,0,0,2
1529291,2,2e171977,2026,2026,24,25,12,5,0,1
1529292,2,aad0c365,2026,2026,12,11,4,0,0,1
1529294,1,eaa76d3c,2026,2026,6,12,2,0,0,1
1529304,2,03806cf8,2026,2026,24,36,9,2,0,1
1529305,1,f834dcfc,2026,2026,24,24,14,0,0,2
1529307,1,5574750c,2026,2026,24,39,9,0,0,1
1529310,1,5b8c830e,2026,2026,12,24,5,1,0,1
1529311,2,8cf9814c,2026,2026,24,45,10,2,0,2
1535463,1,ece7b6b3,2026,2026,24,54,9,1,1,3
1535464,1,85e0cf10,2026,2026,24,42,8,0,0,1
1535465,1,5b8c830e,2026,2026,24,23,7,0,0,1
1535465,2,e62dd25d,2026,2026,18,44,7,0,0,1
335982,2,725529bc,2007/08,2008,24,21,11,1,0,2
335984,2,4329fbb5,2007/08,2008,24,31,9,1,0,1
335987,2,dd09ff8e,2007/08,2008,24,35,12,0,2,1
335992,1,f0f628c7,2007/08,2008,18,20,9,0,0,2
335993,2,fa463154,2007/08,2008,18,19,8,0,0,1
335997,2,5bb1a1c4,2007/08,2008,22,33,13,0,0,1
335998,2,ee7d0c82,2007/08,2008,24,29,10,0,0,4
335999,1,6b8eb6e5,2007/08,2008,24,33,9,1,0,1
336003,1,66b30f71,2007/08,2008,18,24,11,1,0,1
336006,2,e938e1bc,2007/08,2008,24,22,13,0,0,2
336009,2,9fc0ef64,2007/08,2008,24,29,8,1,0,2
336010,1,e938e1bc,2007/08,2008,18,36,6,0,0,1
336010,2,725529bc,2007/08,2008,18,7,10,0,0,1
336011,1,f0f628c7,2007/08,2008,24,28,9,0,0,1
336012,1,342d8ade,2007/08,2008,24,18,16,1,0,4
336013,2,ae78bc32,2007/08,2008,24,38,11,0,0,1
336015,2,ab89348d,2007/08,2008,24,22,13,2,0,1
336016,1,6b8eb6e5,2007/08,2008,24,29,10,1,0,3
336016,1,98ae73b1,2007/08,2008,24,33,6,5,0,2
336016,1,034b4b7d,2007/08,2008,24,15,10,0,0,1
336032,2,2503e881,2007/08,2008,18,31,7,0,0,1
392182,1,bb18be76,2009,2009,24,18,14,0,0,2
392185,1,39f01cdb,2009,2009,18,14,7,0,0,1
392188,1,e938e1bc,2009,2009,24,37,8,0,0,1
392190,2,3edb58fc,2009,2009,24,29,14,0,0,1
392192,1,a12e1d51,2009,2009,24,19,14,1,0,3
392192,1,f233bbb4,2009,2009,18,29,5,1,0,1
392196,1,740742ef,2009,2009,18,18,6,0,0,1
392200,1,a12e1d51,2009,2009,24,12,12,1,0,2
392201,1,9fc0ef64,2009,2009,24,24,10,0,0,1
392202,1,bb18be76,2009,2009,24,24,10,1,0,1
392202,2,b2b50355,2009,2009,21,21,9,1,0,4
392203,1,abfeb126,2009,2009,18,20,7,0,0,1
392203,2,611926bc,2009,2009,24,27,8,0,0,1
392203,2,a45a5e8d,2009,2009,18,20,5,1,0,1
392206,2,4ba44e19,2009,2009,24,22,10,0,0,1
392209,2,c8179c68,2009,2009,24,22,9,0,0,4
392210,2,5b040b81,2009,2009,24,9,15,0,0,3
392210,2,3d7e087f,2009,2009,24,20,13,0,0,1
392212,2,aaa1b522,2009,2009,24,14,11,0,0,2
392212,2,740742ef,2009,2009,12,6,5,0,0,4
392214,2,c8179c68,2009,2009,12,20,4,0,0,1
392215,1,c404f58a,2009,2009,24,33,12,2,0,2
392219,1,96fd40ae,2009,2009,24,29,11,2,0,2
392224,1,e938e1bc,2009,2009,22,35,7,0,0,1
392232,1,e938e1bc,2009,2009,24,30,9,0,0,3
392234,1,3dba85c2,2009,2009,12,8,4,0,0,1
392235,1,c404f58a,2009,2009,24,27,12,4,0,3
392235,2,d2a989fc,2009,2009,18,36,5,0,0,1
392236,2,0c2730df,2009,2009,24,23,12,0,0,2
392238,2,c3d35165,2009,2009,18,26,7,0,0,1
419106,1,d7b3a420,2009/10,2010,24,35,9,1,0,1
419106,2,abfeb126,2009/10,2010,18,17,8,0,0,1
419108,1,9fc0ef64,2009/10,2010,24,32,10,0,0,1
419109,2,e938e1bc,2009/10,2010,24,16,12,0,0,1
419111,1,6b19d823,2009/10,2010,24,34,9,0,0,1
419111,2,bb18be76,2009/10,2010,24,22,6,0,0,1
419113,2,4ba44e19,2009/10,2010,24,16,12,1,0,1
419118,1,5bb1a1c4,2009/10,2010,24,33,7,2,0,2
419119,2,8b5b6769,2009/10,2010,24,35,9,0,0,1
419121,1,b2b50355,2009/10,2010,24,29,7,1,0,1
419130,1,6c6591ab,2009/10,2010,24,24,12,0,0,2
419130,2,a757b0d8,2009/10,2010,12,20,3,0,0,1
419132,2,7ca5e05d,2009/10,2010,24,31,8,0,0,3
419141,1,c3d1402f,2009/10,2010,24,17,12,1,0,3
419141,1,6c6591ab,2009/10,2010,18,37,1,1,0,1
419144,2,85aae393,2009/10,2010,24,28,7,0,0,1
419145,1,12eddf28,2009/10,2010,24,37,11,7,0,2
419145,1,3d8feaf8,2009/10,2010,24,37,10,3,0,1
419152,1,16043342,2009/10,2010,24,42,5,0,0,1
419152,2,8b5b6769,2009/10,2010,24,24,6,0,0,1
419153,1,495d42a5,2009/10,2010,24,16,15,1,0,3
419157,2,342d8ade,2009/10,2010,24,24,13,0,0,2
419162,1,0c2730df,2009/10,2010,24,30,7,0,2,1
501200,2,41eb4a4f,2011,2011,22,26,12,1,0,1
501201,1,ef5da05c,2011,2011,24,21,13,1,0,1
501202,1,91ffa6c6,2011,2011,18,9,11,1,0,1
501202,2,c654af19,2011,2011,18,26,8,0,0,1
501206,1,e938e1bc,2011,2011,24,37,12,0,0,2
501213,2,1c914163,2011,2011,24,29,12,0,0,4
501214,2,addfb70e,2011,2011,23,29,13,4,2,1
501216,2,0a476045,2011,2011,6,7,3,0,0,1
501218,2,5d9a1a73,2011,2011,18,14,8,0,0,1
501219,1,3c6ffae8,2011,2011,24,20,12,0,0,3
501220,1,bb18be76,2011,2011,24,50,8,0,0,1
501220,2,c654af19,2011,2011,12,24,4,0,0,1
501221,1,c3d35165,2011,2011,24,19,15,0,0,1
501225,1,5b040b81,2011,2011,24,26,9,1,0,1
501225,1,bb18be76,2011,2011,24,16,11,0,0,3
501227,1,d7c6af50,2011,2011,24,25,8,1,0,1
501227,2,5bb5a915,2011,2011,24,25,13,1,1,3
501232,2,db584dad,2011,2011,12,8,4,0,0,1
501242,2,c3d1402f,2011,2011,24,44,8,1,0,1
501242,2,41eb4a4f,2011,2011,24,28,8,0,0,2
501243,1,2498e163,2011,2011,18,29,5,1,0,1
501247,1,91a4a398,2011,2011,24,26,7,0,0,1
501247,1,db584dad,2011,2011,24,26,14,5,0,1
501248,2,dc4686e6,2011,2011,24,35,6,1,0,1
501258,1,6b8eb6e5,2011,2011,24,16,16,0,0,2
501261,2,c8179c68,2011,2011,24,23,9,0,0,1
501261,2,87e562a9,2011,2011,24,36,9,2,0,1
501262,2,2e81a32d,2011,2011,18,19,9,0,1,1
548306,2,87e562a9,2012,2012,18,14,9,1,0,1
548308,2,66b30f71,2012,2012,24,18,15,2,0,4
548309,2,557153ca,2012,2012,24,26,12,0,0,4
548311,1,2a2e6343,2012,2012,24,26,9,0,0,2
548321,1,9d80c5e1,2012,2012,24,16,9,0,0,3
548323,1,7dc35884,2012,2012,24,26,8,0,0,1
548325,1,5fa06777,2012,2012,24,12,13,0,0,1
548326,2,d2340a43,2012,2012,24,45,4,1,1,1
548333,2,abfeb126,2012,2012,18,25,5,1,0,1
548336,2,91a4a398,2012,2012,24,30,8,2,0,1
548337,1,5bb5a915,2012,2012,24,34,6,0,0,1
548339,2,98ae73b1,2012,2012,24,46,7,2,0,1
548341,1,f846de6a,2012,2012,24,39,5,2,0,1
548341,2,ae78bc32,2012,2012,24,27,11,1,0,1
548342,2,5fa06777,2012,2012,24,46,8,1,0,2
548345,1,29d72eb2,2012,2012,24,31,8,1,0,1
548346,2,1c2a64cd,2012,2012,13,11,8,1,0,1
548350,1,98ae73b1,2012,2012,18,35,7,2,0,1
548351,1,96fd40ae,2012,2012,24,19,15,0,0,2
548353,2,85aae393,2012,2012,24,26,8,1,0,1
548358,1,bd17b45f,2012,2012,18,12,7,0,0,1
548358,2,2e81a32d,2012,2012,18,17,8,0,0,1
548362,2,f986ca1a,2012,2012,24,36,7,0,0,1
548366,1,e938e1bc,2012,2012,24,31,9,0,0,1
548367,1,a757b0d8,2012,2012,18,20,8,3,0,1
548370,1,a12e1d51,2012,2012,24,32,8,2,0,1
548376,2,8fd1a8f5,2012,2012,24,8,18,0,0,3
548376,2,1c2a64cd,2012,2012,24,25,10,1,0,3
548381,1,86dc8f2e,2012,2012,24,34,7,1,1,1
548381,2,f3171936,2012,2012,24,25,10,1,1,2
597999,1,8b5b6769,2013,2013,24,21,15,1,0,1
598000,1,2e81a32d,2013,2013,24,17,11,0,0,1
598003,1,9a158001,2013,2013,24,19,10,0,0,2
598011,1,1c914163,2013,2013,12,13,5,0,0,1
598011,1,3d8feaf8,2013,2013,12,24,5,1,0,1
598015,2,5d9a1a73,2013,2013,24,24,9,0,0,1
598018,1,2e81a32d,2013,2013,24,18,16,2,0,3
598021,1,8fd1a8f5,2013,2013,24,14,14,0,0,1
598021,2,9a158001,2013,2013,23,36,7,1,0,1
598022,2,9d430b40,2013,2013,24,20,8,0,0,1
598022,2,86dc8f2e,2013,2013,24,32,6,0,0,1
598027,1,66b30f71,2013,2013,24,48,9,1,1,2
598028,1,5fa06777,2013,2013,24,28,10,2,0,1
598031,1,fb693839,2013,2013,12,18,3,0,0,1
598033,1,d68e7f48,2013,2013,24,35,10,0,0,1
598039,2,d2a989fc,2013,2013,12,13,6,1,0,1
1082595,2,245c97cb,2017,2017,24,33,7,0,0,1
1082596,1,2e81a32d,2017,2017,24,21,8,0,0,2
1082597,2,db31895a,2017,2017,24,37,13,1,0,3
1082600,2,5f547c8b,2017,2017,24,19,11,0,0,1
1082604,2,8d2c70ad,2017,2017,24,23,12,0,0,1
1082604,2,3c6ffae8,2017,2017,6,2,4,0,0,1
1082605,1,2e171977,2017,2017,24,33,5,0,0,1
1082608,1,9d430b40,2017,2017,24,20,8,1,0,1
1082609,1,edb3d4f8,2017,2017,24,38,5,1,0,1
1082609,2,62af8546,2017,2017,24,28,11,0,0,1
1082617,2,4c5d73db,2017,2017,12,6,10,1,0,3
1082624,1,76388dc8,2017,2017,24,31,8,0,0,1
1082624,2,2a2e6343,2017,2017,24,25,10,0,0,1
1082626,1,2e171977,2017,2017,24,22,12,2,0,2
1082631,2,9d430b40,2017,2017,24,28,9,0,0,1
1082633,1,18e6906e,2017,2017,24,17,13,0,0,2
1082636,2,f62772e5,2017,2017,19,21,4,0,0,2
1082640,2,808f425a,2017,2017,24,39,10,0,0,2
1082644,1,a818c1be,2017,2017,24,30,12,2,0,2
1082646,2,4329fbb5,2017,2017,24,16,11,0,0,1
1136561,2,dbe50b21,2018,2018,24,24,12,3,0,3
1136567,2,0a8fce53,2018,2018,24,24,10,0,0,3
1136568,1,f19ccfad,2018,2018,24,22,7,0,0,2
1136570,1,2e81a32d,2018,2018,24,26,13,0,2,3
1136571,2,e087956b,2018,2018,18,32,6,2,0,1
1136572,1,4329fbb5,2018,2018,12,15,3,0,0,1
1136573,1,a818c1be,2018,2018,24,29,13,0,0,2
1136580,2,1abb78f8,2018,2018,24,45,9,1,0,1
1136582,1,9a963804,2018,2018,24,17,10,1,0,3
1136591,2,13c35c9e,2018,2018,24,25,14,1,0,2
1136593,1,8d2c70ad,2018,2018,24,34,5,1,0,1
1136595,1,8b5b6769,2018,2018,24,22,11,0,0,2
1136598,1,7d92277a,2018,2018,24,27,7,1,0,3
1136609,2,641ac5ff,2018,2018,24,21,11,0,0,1
1136613,2,b2a79f17,2018,2018,12,15,6,0,0,2
1175359,2,495d42a5,2019,2019,24,20,6,0,0,1
1175360,2,6b19d823,2019,2019,24,35,8,1,0,2
1175365,1,e62dd25d,2019,2019,24,41,6,1,0,1
1175365,2,bbd41817,2019,2019,18,28,7,0,0,1
1175370,1,759ac88f,2019,2019,18,27,8,0,0,1
1178395,1,e62dd25d,2019,2019,24,21,9,1,0,4
1178395,1,b410bd3d,2019,2019,24,46,4,0,0,1
1178397,1,7d92277a,2019,2019,24,34,7,2,0,1
1178400,1,23eeb873,2019,2019,24,33,10,0,0,2
1178401,1,fb66ce1f,2019,2019,24,38,6,1,0,2
1178403,1,bb351c23,2019,2019,24,19,10,1,0,1
1178403,2,8cf9814c,2019,2019,24,43,5,0,0,1
1178407,1,1e66c162,2019,2019,24,48,6,0,0,1
1178408,2,119678fd,2019,2019,17,33,4,0,0,1
1178409,1,2e171977,2019,2019,24,17,7,0,0,1
1178411,1,bd17b45f,2019,2019,18,19,8,0,0,1
1178411,1,1e66c162,2019,2019,24,46,4,3,0,1
1178413,2,cfa4bd2b,2019,2019,18,29,5,2,0,1
1178416,2,2e81a32d,2019,2019,24,18,14,0,0,1
1178422,2,98ae73b1,2019,2019,24,57,4,0,0,1
1178423,1,8cf9814c,2019,2019,24,36,4,1,0,2
1178425,1,2e171977,2019,2019,18,31,6,0,0,1
1178429,2,5f547c8b,2019,2019,24,44,8,1,0,1
1181764,1,2ed569a0,2019,2019,24,14,13,0,0,2
1181764,2,8b5b6769,2019,2019,24,25,14,3,0,1
1181764,2,acee4cc4,2019,2019,24,33,8,4,0,2
1181767,1,8b5b6769,2019,2019,24,31,8,0,0,2
1181767,2,a818c1be,2019,2019,24,20,11,0,0,1
1216499,1,2ed569a0,2020/21,2021,24,43,8,1,0,1
1216500,1,5574750c,2020/21,2021,24,24,11,1,0,3
1216500,2,e62dd25d,2020/21,2021,22,35,7,2,1,3
1216502,2,f19ccfad,2020/21,2021,18,21,7,0,0,1
1216502,2,57ee1fde,2020/21,2021,19,19,8,0,0,2
1216502,2,ac5ae4af,2020/21,2021,18,20,8,0,0,1
1216503,2,f752db61,2020/21,2021,24,28,7,1,0,2
1216506,1,1abb78f8,2020/21,2021,24,27,8,0,0,1
1216506,1,fe93fd9d,2020/21,2021,18,17,5,0,0,1
1216510,2,e2db2409,2020/21,2021,18,21,8,1,0,3
1216511,2,f752db61,2020/21,2021,19,19,8,0,0,2
1216512,2,c38d3503,2020/21,2021,18,34,6,1,0,1
1216513,1,98ae73b1,2020/21,2021,12,22,2,0,0,1
1216517,1,df064e1a,2020/21,2021,12,12,5,0,0,1
1216519,2,acdc62f5,2020/21,2021,24,22,11,1,0,2
1216519,2,495d42a5,2020/21,2021,24,26,9,1,0,1
1216520,2,5b7ab5a9,2020/21,2021,24,34,10,0,0,1
1216527,2,9219eff0,2020/21,2021,24,40,5,0,0,1
1216528,2,87e562a9,2020/21,2021,18,25,8,0,0,2
1216530,1,7a8bd078,2020/21,2021,18,44,4,1,0,1
1216530,2,c38d3503,2020/21,2021,24,15,14,1,0,2
1216531,1,8cf9814c,2020/21,2021,24,45,5,0,0,2
1216538,2,462411b3,2020/21,2021,24,41,7,2,0,2
1216540,1,bbd41817,2020/21,2021,24,51,7,4,1,1
1216542,1,8cf9814c,2020/21,2021,24,40,8,0,0,1
1216542,2,f29185a1,2020/21,2021,6,15,1,0,0,1
1216546,2,e62dd25d,2020/21,2021,24,27,9,1,0,2
1216547,2,ac5ae4af,2020/21,2021,24,45,7,3,0,2
1237177,1,d9273ee7,2020/21,2021,6,5,2,0,0,1
1254058,2,462411b3,2021,2021,24,26,10,0,0,2
1254061,2,64775749,2021,2021,24,49,6,0,0,1
1254063,1,5f547c8b,2021,2021,24,18,9,1,0,2
1254063,2,f986ca1a,2021,2021,24,25,10,0,2,2
1254064,2,eef2536f,2021,2021,24,32,10,0,0,3
1254065,1,e94915e6,2021,2021,18,12,12,1,0,1
1254069,1,2cdce1be,2021,2021,24,36,8,3,0,3
1254071,1,2e81a32d,2021,2021,18,16,7,0,0,1
1254072,1,5b7ab5a9,2021,2021,24,27,8,0,0,1
1254073,1,68c56d09,2021,2021,24,28,11,2,0,1
1254078,1,ded9240e,2021,2021,18,31,9,1,0,2
1254083,2,ffe699c0,2021,2021,24,31,6,1,0,1
1254087,1,2f9d0389,2021,2021,24,24,11,0,1,2
1254094,1,244048f6,2021,2021,24,35,5,1,0,2
1254095,2,0f721006,2021,2021,24,27,10,2,0,1
1254100,1,ce820073,2021,2021,18,30,5,0,0,1
1254103,1,be869ccf,2021,2021,18,30,9,1,0,1
1254105,2,a2f46292,2021,2021,24,33,9,2,0,1
1254105,2,5f547c8b,2021,2021,24,26,9,1,0,1
1254106,2,5b7ab5a9,2021,2021,24,14,16,0,0,1
1254107,1,5f547c8b,2021,2021,24,17,10,0,0,1
1254112,1,acdc62f5,2021,2021,24,19,15,0,0,1
1254116,2,e62dd25d,2021,2021,24,23,12,2,0,2
1304047,1,cc1e8c68,2022,2022,24,20,15,2,1,2
1304047,2,87e562a9,2022,2022,24,20,11,0,0,3
1304049,1,244048f6,2022,2022,24,31,9,7,0,1
1304049,2,2f49c897,2022,2022,24,59,8,14,0,2
1304051,1,2e81a32d,2022,2022,24,29,13,1,2,1
1304052,1,f986ca1a,2022,2022,24,11,19,0,0,2
1304052,2,cc1e8c68,2022,2022,24,16,13,0,0,2
1304055,1,a757b0d8,2022,2022,24,46,4,1,0,1
1304056,1,a2f46292,2022,2022,24,34,7,0,0,2
1304058,1,c5aef772,2022,2022,24,42,10,3,0,2
1304059,1,a97c8ec2,2022,2022,24,32,10,0,0,1
1304060,2,e2db2409,2022,2022,18,25,7,0,0,2
1304062,1,cd8d2859,2022,2022,18,37,4,1,0,2
1304066,2,a818c1be,2022,2022,24,30,12,1,0,2
1304070,2,8cf9814c,2022,2022,24,39,6,0,0,1
1304075,2,f24c6701,2022,2022,24,24,7,0,0,2
1304076,1,c38d3503,2022,2022,24,34,8,0,0,1
1304078,1,0a8fce53,2022,2022,24,28,14,0,0,1
1304084,1,f24c6701,2022,2022,24,32,6,2,0,1
1304087,1,0a8fce53,2022,2022,24,18,13,1,0,3
1304091,1,1abb78f8,2022,2022,24,40,6,6,0,3
1304091,2,327b58d3,2022,2022,24,44,6,0,0,1
1304095,2,f986ca1a,2022,2022,24,35,10,0,0,3
1304097,1,b0946605,2022,2022,24,41,9,0,0,1
1304101,2,765a4731,2022,2022,18,22,10,0,0,2
1304106,2,244048f6,2022,2022,24,27,9,1,0,1
1304106,2,26a85969,2022,2022,24,36,4,0,0,2
1304107,1,2e81a32d,2022,2022,24,27,11,5,0,1
1304107,1,ce794613,2022,2022,24,43,6,1,0,1
1304108,2,64839cb3,2022,2022,19,24,6,3,0,2
1304109,1,872b03f7,2022,2022,6,5,2,0,0,1
1304110,1,e62dd25d,2022,2022,18,24,8,0,0,1
1304111,1,462411b3,2022,2022,24,32,11,0,0,1
1304113,1,a97c8ec2,2022,2022,24,25,7,1,0,1
1304114,2,e4a0deae,2022,2022,18,15,7,0,0,1
1304115,1,a9fd84fb,2022,2022,24,26,8,0,0,1
1304116,2,f19ccfad,2022,2022,12,19,4,0,0,1
1312197,1,8cf9814c,2022,2022,24,43,11,6,0,1
1312198,1,df064e1a,2022,2022,24,45,8,1,0,1
1312198,2,2f49c897,2022,2022,24,41,9,3,0,1
1312198,2,a97c8ec2,2022,2022,24,42,5,0,0,1
1312198,2,f986ca1a,2022,2022,24,25,10,7,0,1
1359475,2,46a9bea1,2023,2023,20,51,4,1,1,1
1359476,1,13c35c9e,2023,2023,24,54,7,0,0,2
1359479,2,12314277,2023,2023,14,28,6,4,0,1
1359480,2,bb351c23,2023,2023,24,26,10,1,0,4
1359483,2,5b7ab5a9,2023,2023,22,15,12,0,0,4
1359486,2,98ae73b1,2023,2023,24,33,8,0,0,1
1359493,2,a9fd84fb,2023,2023,24,27,10,0,0,2
1359497,2,5f547c8b,2023,2023,24,46,7,0,0,2
1359502,1,5bb1a1c4,2023,2023,24,19,13,2,0,2
1359504,1,d9273ee7,2023,2023,18,20,7,0,0,2
1359505,1,4933f499,2023,2023,18,41,6,1,0,1
1359509,1,64775749,2023,2023,24,49,6,2,0,1
1359510,2,9440ef41,2023,2023,24,30,5,1,0,2
1359511,1,fe93fd9d,2023,2023,24,32,6,1,0,1
1359514,1,3d8feaf8,2023,2023,24,27,12,2,0,4
1359516,1,5574750c,2023,2023,24,35,13,3,1,1
1359517,2,f986ca1a,2023,2023,23,20,8,0,0,1
1359519,1,f24c6701,2023,2023,24,37,7,0,0,2
1359520,2,9eb1455b,2023,2023,24,34,4,0,0,2
1359522,1,dbe50b21,2023,2023,12,22,3,0,0,1
1359529,2,23eeb873,2023,2023,18,28,10,1,0,2
1359532,1,5b8c830e,2023,2023,24,24,12,0,0,2
1359534,2,2f49c897,2023,2023,12,10,9,1,0,1
1359535,1,7c3b3b78,2023,2023,24,30,7,1,1,1
1359536,1,2e81a32d,2023,2023,24,30,10,0,0,5
1359537,1,4933f499,2023,2023,24,30,7,1,0,2
1359537,2,c33d8116,2023,2023,18,26,8,2,0,1
1359537,2,4b31f3a3,2023,2023,24,40,8,5,1,2
1359541,1,acdc62f5,2023,2023,24,43,8,0,0,1
1359541,1,2cdce1be,2023,2023,24,36,9,3,1,1
1359542,1,7c3b3b78,2023,2023,24,30,9,3,1,2
1370350,1,5f547c8b,2023,2023,24,37,5,0,0,1
1370350,2,64839cb3,2023,2023,24,37,8,8,0,2
1422119,2,7210d461,2024,2024,18,28,8,0,0,1
1422120,1,2ed569a0,2024,2024,24,33,6,0,0,1
1422122,2,465aa633,2024,2024,18,30,7,0,0,1
1422124,2,e62dd25d,2024,2024,24,23,11,1,0,2
1422128,1,77b1aa15,2024,2024,24,39,6,1,0,2
1422129,1,e94915e6,2024,2024,24,28,10,0,0,3
1422132,1,a818c1be,2024,2024,24,22,13,1,0,3
1422134,2,3fb19989,2024,2024,18,25,9,0,0,2
1422134,2,bbd41817,2024,2024,8,14,4,0,0,1
1422134,2,5b7ab5a9,2024,2024,24,33,9,2,1,3
1422135,1,e62dd25d,2024,2024,24,44,6,1,0,2
1422135,2,cd8d2859,2024,2024,5,6,2,1,0,1
1422136,1,ce794613,2024,2024,24,39,6,0,0,1
1422138,1,a2f46292,2024,2024,24,39,8,0,0,1
1422138,2,3204c99f,2024,2024,24,34,10,0,0,4
1422139,2,c0c411cb,2024,2024,24,37,7,1,1,1
1426269,1,2e78f685,2024,2024,24,46,7,2,0,2
1426270,1,5bb1a1c4,2024,2024,12,8,9,1,0,2
1426270,1,85b3fab2,2024,2024,6,11,3,1,0,2
1426272,1,c33d8116,2024,2024,24,37,7,3,0,1
1426275,1,efc04be7,2024,2024,24,20,10,0,0,2
1426276,1,ce820073,2024,2024,24,18,13,0,0,5
1426276,1,57ee1fde,2024,2024,24,48,6,2,0,1
1426278,2,2e171977,2024,2024,18,28,4,0,0,1
1426279,2,9caf69a1,2024,2024,12,23,3,0,0,1
1426280,1,244048f6,2024,2024,24,45,10,5,0,2
1426280,2,9d430b40,2024,2024,24,24,12,0,0,1
1426283,1,b681e71e,2024,2024,18,28,5,0,0,1
1426286,1,c0c411cb,2024,2024,23,15,10,0,1,1
1426287,2,a4e37e47,2024,2024,6,14,1,0,0,1
1426290,1,7210d461,2024,2024,24,21,10,0,0,2
1426291,1,2ed569a0,2024,2024,24,23,10,1,0,3
1426291,2,fe93fd9d,2024,2024,24,20,9,0,0,3
1426291,2,30df8c66,2024,2024,18,16,10,0,0,2
1426292,1,4885bbe6,2024,2024,12,24,2,0,0,1
1426296,2,2f9d0389,2024,2024,18,29,4,0,0,2
1426298,1,462411b3,2024,2024,24,39,9,0,0,2
1426298,1,fcc21ace,2024,2024,18,24,7,1,0,1
1426302,2,a2f46292,2024,2024,12,22,6,1,0,1
598045,2,41eb4a4f,2013,2013,24,35,5,1,0,0
598061,2,1c914163,2013,2013,6,11,1,0,0,0
598063,1,29d72eb2,2013,2013,18,25,10,0,0,0
598070,1,a12e1d51,2013,2013,24,45,4,0,0,0
729287,2,8b5b6769,2014,2014,24,14,12,0,0,0
729293,1,2e8994e7,2014,2014,24,26,6,1,0,0
729297,1,d2a989fc,2014,2014,18,18,11,4,0,0
729299,2,5bb5a915,2014,2014,24,34,10,0,0,0
729301,1,8cf9814c,2014,2014,24,36,6,1,0,0
729301,2,2e81a32d,2014,2014,24,40,6,1,0,0
729309,1,8cf9814c,2014,2014,24,36,7,0,0,0
729311,2,8fd1a8f5,2014,2014,24,20,12,0,0,0
733985,2,dcf81436,2014,2014,18,29,2,0,0,0
734011,1,26e5cabf,2014,2014,12,28,3,0,0,0
734015,2,6b19d823,2014,2014,24,38,8,0,0,0
734035,2,3fb19989,2014,2014,18,33,5,1,0,0
734049,2,1a0c3177,2014,2014,21,43,3,0,0,0
829711,2,fe93fd9d,2015,2015,6,17,0,0,0,0
829713,2,98ae73b1,2015,2015,6,10,1,0,0,0
829715,1,d2a989fc,2015,2015,6,18,1,0,0,0
829719,2,1a2676c5,2015,2015,12,21,3,2,0,0
829719,2,0a3d54b9,2015,2015,20,36,7,1,0,0
829723,1,3c6ffae8,2015,2015,12,11,4,0,0,0
829725,1,2c76b512,2015,2015,18,24,7,0,0,0
829731,2,1c914163,2015,2015,6,10,1,0,0,0
829735,1,bd17b45f,2015,2015,6,5,4,0,0,0
829735,2,e0407c01,2015,2015,12,12,6,0,0,0
829737,1,85aae393,2015,2015,24,35,10,3,0,0
829737,2,a757b0d8,2015,2015,6,9,1,0,0,0
829739,1,3c6ffae8,2015,2015,6,9,0,0,0,0
829747,1,a757b0d8,2015,2015,12,25,1,1,0,0
829795,1,462411b3,2015,2015,24,52,3,1,1,0
829797,1,808f425a,2015,2015,24,40,7,0,0,0
829801,1,1c914163,2015,2015,18,23,5,0,0,0
829801,2,759ac88f,2015,2015,12,17,4,0,0,0
829811,1,9a158001,2015,2015,18,41,5,0,2,0
829811,2,d8b2f218,2015,2015,18,35,5,1,5,0
829815,2,8fd1a8f5,2015,2015,18,27,5,1,0,0
829819,1,808f425a,2015,2015,24,42,4,0,0,0
980919,1,9a0146b3,2016,2016,24,31,5,1,0,0
980921,1,f62772e5,2016,2016,18,26,3,0,0,0
980929,1,32198ae0,2016,2016,18,17,3,1,0,0
980937,1,fe93fd9d,2016,2016,18,17,4,0,0,0
980939,1,5bb5a915,2016,2016,18,30,8,0,0,0
980939,2,495d42a5,2016,2016,12,21,4,3,0,0
980943,1,33a364a6,2016,2016,18,24,4,1,0,0
980949,1,1da489ff,2016,2016,18,32,5,0,1,0
980971,1,6b19d823,2016,2016,24,37,6,1,0,0
980981,1,462411b3,2016,2016,24,28,9,0,0,0
980981,2,ffe699c0,2016,2016,18,37,5,2,1,0
980985,2,8b5b6769,2016,2016,24,29,5,0,0,0
980995,2,db31895a,2016,2016,18,28,6,0,1,0
980999,1,edb3d4f8,2016,2016,18,55,6,0,1,0
981005,1,5fa06777,2016,2016,24,37,6,0,0,0
981007,1,c8179c68,2016,2016,18,30,3,0,0,0
981007,1,fe93fd9d,2016,2016,6,15,0,0,0,0
981009,1,119678fd,2016,2016,18,39,4,1,0,0
981011,1,4329fbb5,2016,2016,24,27,9,0,0,0
981013,2,c8179c68,2016,2016,18,45,4,1,1,0
1426307,1,2e81a32d,2024,2024,24,36,7,0,0,0
1473442,2,57ee1fde,2025,2025,18,34,3,1,0,0
1473445,2,9440ef41,2025,2025,24,32,9,1,0,0
1473447,2,f29185a1,2025,2025,18,27,4,0,0,0
1473448,2,f6d8a7ab,2025,2025,6,10,2,0,0,0
1473449,2,5b7ab5a9,2025,2025,18,12,9,0,0,0
1473456,1,7c3b3b78,2025,2025,24,35,9,4,0,0
1473458,1,462411b3,2025,2025,24,29,5,0,0,0
1473461,2,03806cf8,2025,2025,18,40,2,0,0,0
1473465,2,ce820073,2025,2025,15,29,3,1,0,0
1473475,1,dbe50b21,2025,2025,12,13,3,0,0,0
1473482,2,119678fd,2025,2025,12,25,1,0,0,0
1473484,2,c7a995d3,2025,2025,6,16,2,0,0,0
1473486,2,e94915e6,2025,2025,18,27,3,0,0,0
1473489,2,c5aef772,2025,2025,6,18,1,0,0,0
1473491,2,d9273ee7,2025,2025,6,17,0,2,0,0
1473494,2,9d430b40,2025,2025,24,28,9,0,0,0
1473502,1,2f49c897,2025,2025,24,37,10,2,0,0
1473505,1,bbd41817,2025,2025,12,34,2,0,1,0
1473507,1,5b8c830e,2025,2025,12,14,5,1,0,0
1473507,1,9440ef41,2025,2025,18,39,3,0,0,0
1473507,2,13fc5c6d,2025,2025,24,36,5,0,1,0
1473509,2,fffa744b,2025,2025,6,9,1,0,0,0
1473510,2,e4a0deae,2025,2025,12,15,1,0,0,0
1527675,1,462411b3,2026,2026,24,35,4,1,1,0
1527681,1,8d2c70ad,2026,2026,18,31,3,0,0,0
1527690,1,57ee1fde,2026,2026,18,33,3,3,0,0
1527691,1,f834dcfc,2026,2026,24,41,6,0,0,0
1527692,1,5f547c8b,2026,2026,24,25,9,0,0,0
1529272,1,eef2536f,2026,2026,18,46,4,0,0,0
1529273,1,5f547c8b,2026,2026,24,31,3,0,0,0
1529278,2,ce794613,2026,2026,23,54,5,6,0,0
1529281,1,13fc5c6d,2026,2026,24,46,8,2,0,0
1529282,2,ce794613,2026,2026,3,12,1,0,0,0
1529287,2,dbe50b21,2026,2026,12,17,1,1,0,0
1529289,2,3b53243a,2026,2026,24,38,8,5,0,0
1529294,2,3fb19989,2026,2026,18,31,5,0,0,0
1529295,1,5574750c,2026,2026,18,46,4,9,1,0
1529296,1,765a4731,2026,2026,24,45,9,2,0,0
1529298,1,7c3c0337,2026,2026,24,32,10,0,2,0
1529307,1,92500ad5,2026,2026,24,46,10,6,0,0
1535463,1,ded9240e,2026,2026,24,64,3,1,0,0
1535465,2,85e0cf10,2026,2026,6,7,3,0,0,0
335982,1,d0513f63,2007/08,2008,6,24,0,2,0,0
335983,1,6b8eb6e5,2007/08,2008,18,35,5,1,0,0
335995,2,33a364a6,2007/08,2008,6,5,2,1,0,0
335996,1,86dc8f2e,2007/08,2008,24,36,4,0,0,0
335997,1,d2a989fc,2007/08,2008,18,15,7,3,0,0
336001,2,20a941bb,2007/08,2008,24,29,9,0,0,0
336002,2,acd4f5dc,2007/08,2008,24,29,7,0,0,0
336006,1,890de8cb,2007/08,2008,18,28,4,0,0,0
336009,2,ee7d0c82,2007/08,2008,24,23,8,0,0,0
336011,2,acd4f5dc,2007/08,2008,6,10,2,0,0,0
336011,2,0dc00542,2007/08,2008,12,10,5,0,0,0
336014,2,5bb1a1c4,2007/08,2008,18,27,7,0,0,0
336015,2,ee7d0c82,2007/08,2008,24,12,16,1,0,0
336015,2,93a17209,2007/08,2008,13,35,3,0,2,0
336017,2,85aae393,2007/08,2008,18,22,6,0,0,0
336023,2,fe93fd9d,2007/08,2008,12,21,5,0,0,0
336025,2,fa463154,2007/08,2008,12,14,4,1,0,0
336027,2,b1451597,2007/08,2008,6,7,1,0,0,0
336031,1,1c914163,2007/08,2008,6,18,0,0,0,0
336033,1,b2b50355,2007/08,2008,18,45,2,0,0,0
336040,2,20a941bb,2007/08,2008,24,21,11,0,0,0
392185,1,ba607b88,2009,2009,6,9,3,0,0,0
392186,1,db584dad,2009,2009,6,14,0,7,0,0
392186,2,5fa06777,2009,2009,18,27,9,2,0,0
392191,2,41eb4a4f,2009,2009,6,4,1,0,0,0
392197,1,66b30f71,2009,2009,12,24,5,1,0,0
392198,1,3c6ffae8,2009,2009,12,14,3,0,0,0
392203,2,a12e1d51,2009,2009,24,23,8,2,0,0
392206,1,6b19d823,2009,2009,18,24,6,0,0,0
392207,2,b1451597,2009,2009,6,8,3,2,0,0
392214,2,c24a2c5d,2009,2009,12,10,6,0,0,0
392214,2,ae78bc32,2009,2009,6,19,2,0,0,0
392218,1,86dc8f2e,2009,2009,18,23,10,3,0,0
392219,1,5bdcdb72,2009,2009,24,18,11,0,0,0
392221,1,91ffa6c6,2009,2009,24,25,4,0,0,0
392222,2,a1f1829d,2009,2009,12,16,5,0,0,0
392227,1,4ba44e19,2009,2009,24,19,12,0,0,0
392229,1,740742ef,2009,2009,12,23,2,0,0,0
392231,1,fd835ab3,2009,2009,12,18,4,1,0,0
392232,1,af7dadf7,2009,2009,12,20,2,0,0,0
392233,1,66b30f71,2009,2009,24,12,17,1,0,0
392236,1,12eddf28,2009,2009,24,25,10,0,0,0
392239,1,86dc8f2e,2009,2009,24,24,12,0,0,0
419110,1,b2b50355,2009/10,2010,24,36,8,1,0,0
419115,1,8fd1a8f5,2009/10,2010,24,18,14,1,0,0
419118,1,b57f8a9a,2009/10,2010,6,12,0,0,0,0
419127,2,66b30f71,2009/10,2010,12,19,7,2,0,0
419128,1,e938e1bc,2009/10,2010,24,45,7,3,0,0
419131,1,fa463154,2009/10,2010,12,26,3,0,1,0
419134,1,864c199e,2009/10,2010,6,9,4,1,0,0
419134,2,cc1e8c68,2009/10,2010,18,21,7,0,0,0
419139,1,5d096f3d,2009/10,2010,24,23,10,1,0,0
419143,2,c18496e1,2009/10,2010,6,12,0,0,0,0
419145,2,8fd1a8f5,2009/10,2010,24,38,6,4,0,0
419146,2,91a4a398,2009/10,2010,20,36,6,0,0,0
419153,2,fa463154,2009/10,2010,12,14,5,1,0,0
419164,1,39f01cdb,2009/10,2010,6,10,2,0,0,0
419164,2,2a72fd4f,2009/10,2010,6,7,2,0,0,0
501202,1,c42aaf71,2011,2011,18,14,8,0,0,0
501208,1,957532de,2011,2011,18,26,4,1,0,0
501208,1,5bdcdb72,2011,2011,12,22,2,0,0,0
501212,2,ae78bc32,2011,2011,12,35,2,1,0,0
501213,1,cc1e8c68,2011,2011,24,36,8,1,1,0
501216,1,662c47a6,2011,2011,6,13,0,0,0,0
501218,1,a757b0d8,2011,2011,6,13,2,0,1,0
501220,1,8291f939,2011,2011,6,7,2,0,0,0
501222,2,7dc35884,2011,2011,13,29,3,0,0,0
501223,1,25eeb281,2011,2011,6,13,1,0,0,0
501224,2,2af1b6d2,2011,2011,24,27,8,1,0,0
501226,1,abfeb126,2011,2011,24,29,8,0,0,0
501228,2,1c914163,2011,2011,6,10,1,0,0,0
501237,1,dc4686e6,2011,2011,24,26,9,0,0,0
501238,2,662c47a6,2011,2011,6,15,0,0,1,0
501242,2,fe93fd9d,2011,2011,6,7,2,0,0,0
501245,2,45c2196c,2011,2011,6,6,3,0,0,0
501252,2,b61a3e1a,2011,2011,6,11,0,0,0,0
501255,1,66cf56a5,2011,2011,12,14,8,2,0,0
501256,1,f0f628c7,2011,2011,24,37,8,0,0,0
501257,1,64a4c383,2011,2011,6,25,0,0,0,0
501260,1,6821ac10,2011,2011,24,50,10,0,0,0
501263,2,a757b0d8,2011,2011,12,19,3,0,0,0
501264,2,d2340a43,2011,2011,12,23,8,1,0,0
501266,2,87e562a9,2011,2011,24,21,12,1,0,0
501268,2,db584dad,2011,2011,24,19,10,1,0,0
501269,2,85aae393,2011,2011,18,23,7,0,0,0
501270,1,a12e1d51,2011,2011,24,24,9,0,0,0
548311,2,c3d35165,2012,2012,12,20,3,1,0,0
548311,2,87e562a9,2012,2012,6,10,2,0,0,0
548311,2,3355b542,2012,2012,6,16,0,0,0,0
548318,1,1dc12ab9,2012,2012,6,21,1,1,0,0
548320,1,86dc8f2e,2012,2012,18,26,5,0,0,0
548328,2,e938e1bc,2012,2012,18,23,8,0,0,0
548333,1,39f01cdb,2012,2012,12,21,2,3,0,0
548333,2,96fd40ae,2012,2012,24,26,9,0,0,0
548334,2,c3d1402f,2012,2012,18,28,6,0,0,0
548341,2,2e8994e7,2012,2012,18,24,7,1,0,0
548341,2,6b19d823,2012,2012,18,25,4,1,0,0
548344,2,dd09ff8e,2012,2012,24,34,8,1,0,0
548347,1,b1451597,2012,2012,6,7,1,0,0,0
548349,1,5fa06777,2012,2012,12,22,4,0,0,0
548349,1,8ba8195d,2012,2012,12,15,3,0,0,0
548350,2,41eb4a4f,2012,2012,23,32,8,0,0,0
548352,2,495d42a5,2012,2012,18,19,9,1,0,0
548354,2,29d72eb2,2012,2012,18,32,6,0,0,0
548360,1,91a4a398,2012,2012,24,16,14,0,0,0
548364,2,5bb5a915,2012,2012,24,31,12,0,0,0
548376,1,f986ca1a,2012,2012,24,26,7,0,0,0
548377,2,4329fbb5,2012,2012,18,17,11,1,0,0
548378,1,5bb5a915,2012,2012,24,37,7,0,0,0
548378,1,0a3d54b9,2012,2012,24,48,5,0,0,0
548380,1,8ba8195d,2012,2012,6,21,1,0,0,0
548381,1,3c6ffae8,2012,2012,6,17,0,0,0,0
597998,1,b1451597,2013,2013,6,8,2,0,0,0
597998,2,5fa06777,2013,2013,12,15,8,0,0,0
598004,2,abfeb126,2013,2013,24,27,4,3,0,0
598010,2,dcf81436,2013,2013,12,8,10,0,0,0
598011,1,66b30f71,2013,2013,24,63,4,1,1,0
598024,1,bbd41817,2013,2013,6,13,1,0,0,0
598026,2,de4b0555,2013,2013,12,24,2,0,0,0
598031,1,4c4fa80b,2013,2013,24,29,9,0,0,0
598033,1,1e66c162,2013,2013,24,32,9,0,0,0
598039,2,740742ef,2013,2013,6,5,2,1,0,0
598039,2,35205dfc,2013,2013,6,15,0,0,0,0
1082591,1,957532de,2017,2017,18,36,2,0,0,0
1082591,2,2e11c706,2017,2017,22,35,10,2,0,0
1082597,1,8b5b6769,2017,2017,24,27,7,0,0,0
1082598,1,759ac88f,2017,2017,24,47,10,0,0,0
1082600,2,2e11c706,2017,2017,12,18,5,0,0,0
1082602,2,245c97cb,2017,2017,23,36,7,1,0,0
1082606,2,35205dfc,2017,2017,6,12,2,1,0,0
1082607,2,2a2e6343,2017,2017,24,26,7,1,0,0
1082611,2,5f547c8b,2017,2017,24,33,5,0,0,0
1082621,2,957532de,2017,2017,18,19,9,1,1,0
1082626,2,6b19d823,2017,2017,6,9,2,0,0,0
1082627,1,9d430b40,2017,2017,18,37,2,1,0,0
1082627,1,8d2c70ad,2017,2017,24,43,5,3,0,0
1082633,1,76388dc8,2017,2017,18,14,8,0,0,0
1082634,1,96fd40ae,2017,2017,7,5,4,1,0,0
1082637,2,0a3d54b9,2017,2017,24,43,5,0,0,0
1082645,2,39a2dfa8,2017,2017,18,14,10,0,0,0
1082646,1,8abdf100,2017,2017,24,38,3,2,0,0
1082646,2,57ee1fde,2017,2017,18,24,7,0,1,0
1082647,1,462411b3,2017,2017,24,33,5,0,0,0
1082647,2,2a2e6343,2017,2017,24,33,5,1,0,0
1082649,1,dbe50b21,2017,2017,6,4,3,0,0,0
1136572,2,d8b2f218,2018,2018,24,37,9,6,0,0
1136575,2,b2a79f17,2018,2018,23,37,5,1,0,0
1136577,1,1e66c162,2018,2018,24,39,8,0,0,0
1136578,1,db31895a,2018,2018,18,32,5,2,0,0
1136585,1,495d42a5,2018,2018,24,34,8,0,0,0
1136589,2,cc1e8c68,2018,2018,19,36,7,0,0,0
1136591,2,94d7f855,2018,2018,18,28,6,5,0,0
1136592,2,eef2536f,2018,2018,12,36,2,0,0,0
1136593,1,f5180fe6,2018,2018,24,51,6,0,0,0
1136600,1,759ac88f,2018,2018,18,29,7,1,1,0
1136602,1,dcf81436,2018,2018,24,48,5,0,0,0
1136606,1,8b5b6769,2018,2018,12,26,0,1,0,0
1136607,2,51a3c5ef,2018,2018,24,28,11,4,0,0
1136608,2,759ac88f,2018,2018,6,15,0,0,0,0
1136609,2,1e66c162,2018,2018,18,23,7,0,0,0
1136610,1,2e171977,2018,2018,18,24,2,1,0,0
1136610,2,a9fd84fb,2018,2018,18,34,0,1,0,0
1175357,1,85e0cf10,2019,2019,24,31,7,2,1,0
1175357,1,2f9d0389,2019,2019,24,34,3,0,0,0
1175359,1,1e66c162,2019,2019,18,44,4,1,0,0
1175364,2,a12e1d51,2019,2019,18,24,6,1,0,0
1175366,2,dcf81436,2019,2019,18,16,11,1,0,0
1178396,2,ade90de7,2019,2019,12,27,3,1,0,0
1178398,2,8d2c70ad,2019,2019,24,16,12,0,0,0
1178403,1,21d4e29b,2019,2019,24,23,13,1,0,0
1178403,2,e2db2409,2019,2019,24,24,10,0,0,0
1178406,2,21d4e29b,2019,2019,18,34,5,1,0,0
1178406,2,f62772e5,2019,2019,24,47,8,2,0,0
1178409,1,fb66ce1f,2019,2019,18,39,3,1,0,0
1178410,1,85e0cf10,2019,2019,24,52,4,0,0,0
1178410,2,57ee1fde,2019,2019,18,45,6,4,0,0
1178411,2,dbe50b21,2019,2019,24,31,10,0,0,0
1178418,2,cfa4bd2b,2019,2019,12,28,3,1,0,0
1178419,2,2ed569a0,2019,2019,24,21,7,0,0,0
1178424,2,21d4e29b,2019,2019,6,12,2,0,0,0
1178426,2,d8b2f218,2019,2019,12,24,3,1,0,0
1178429,2,0994d0ae,2019,2019,6,16,0,1,0,0
1181766,1,d014d5ac,2019,2019,6,11,1,1,0,0
1216503,1,9219eff0,2020/21,2021,24,52,3,1,0,0
1216506,1,e94915e6,2020/21,2021,12,15,3,0,0,0
1216512,2,bbd41817,2020/21,2021,12,29,2,0,1,0
1216512,2,8d2c70ad,2020/21,2021,18,18,4,1,0,0
1216514,2,1e66c162,2020/21,2021,18,31,3,0,0,0
1216516,1,e94915e6,2020/21,2021,18,37,5,1,1,0
1216517,2,a757b0d8,2020/21,2021,12,26,3,2,0,0
1216521,1,a757b0d8,2020/21,2021,6,4,2,0,0,0
1216521,2,03806cf8,2020/21,2021,12,17,7,0,0,0
1216522,1,ac5ae4af,2020/21,2021,18,43,4,2,0,0
1216525,1,119678fd,2020/21,2021,24,34,5,1,0,0
1216526,2,19b9f399,2020/21,2021,17,24,6,0,0,0
1216527,1,39a2dfa8,2020/21,2021,6,19,0,0,0,0
1216529,2,acdc62f5,2020/21,2021,24,28,11,1,0,0
1216532,1,acdc62f5,2020/21,2021,24,40,5,0,0,0
1216536,2,9d430b40,2020/21,2021,24,23,5,0,0,0
1216544,1,fe93fd9d,2020/21,2021,18,20,4,0,0,0
1254072,2,fe93fd9d,2021,2021,24,33,7,0,1,0
1254074,2,462411b3,2021,2021,18,21,9,0,0,0
1254076,1,21d4e29b,2021,2021,12,27,1,0,1,0
1254076,2,87e562a9,2021,2021,12,19,4,0,0,0
1254078,2,df064e1a,2021,2021,24,19,8,0,0,0
1254082,1,e62dd25d,2021,2021,24,31,10,1,0,0
1254085,2,2cdce1be,2021,2021,24,38,7,1,0,0
1254087,1,9d430b40,2021,2021,24,20,11,0,0,0
1254089,1,0a8fce53,2021,2021,24,51,4,1,0,0
1254089,2,03806cf8,2021,2021,24,54,7,0,0,0
1254091,1,23eeb873,2021,2021,24,32,9,0,0,0
1254101,1,b681e71e,2021,2021,18,29,3,2,0,0
1254101,2,60500956,2021,2021,18,22,5,2,0,0
1254105,1,d9273ee7,2021,2021,7,8,0,0,0,0
1254109,2,2e81a32d,2021,2021,24,20,14,0,0,0
1254112,2,a757b0d8,2021,2021,6,9,2,2,0,0
1254115,1,5b7ab5a9,2021,2021,24,20,6,0,0,0
1304050,2,df064e1a,2022,2022,24,34,11,2,0,0
1304052,1,f9e6e7ef,2022,2022,6,16,2,1,0,0
1304053,2,a4e37e47,2022,2022,6,25,0,2,0,0
1304061,1,5b8c830e,2022,2022,12,12,2,0,0,0
1304068,2,ffe699c0,2022,2022,12,20,2,0,0,0
1304070,1,9219eff0,2022,2022,18,29,5,0,0,0
1304087,2,bbd41817,2022,2022,6,14,1,0,0,0
1304092,1,81c08fa3,2022,2022,24,48,7,2,0,0
1304097,2,caf69bf7,2022,2022,18,18,9,0,0,0
1304097,2,462411b3,2022,2022,24,48,7,0,0,0
1304097,2,f6d8a7ab,2022,2022,18,29,4,0,0,0
1304100,2,da934ee8,2022,2022,6,7,2,0,0,0
1304103,1,5b8c830e,2022,2022,24,24,5,0,0,0
1304108,1,7210d461,2022,2022,18,27,6,3,0,0
1304108,2,e4a0deae,2022,2022,24,24,10,0,0,0
1312199,2,f9e6e7ef,2022,2022,12,35,2,0,0,0
1359475,1,7210d461,2023,2023,6,14,2,0,0,0
1359480,1,5b8c830e,2023,2023,12,21,3,0,0,0
1359481,1,9061a703,2023,2023,24,27,11,0,0,0
1359482,2,26d041c4,2023,2023,12,24,2,6,0,0
1359490,2,ad427b5c,2023,2023,24,23,10,1,0,0
1359493,1,cc1e8c68,2023,2023,18,42,3,1,0,0
1359493,1,2f9d0389,2023,2023,12,37,4,5,1,0
1359493,1,9440ef41,2023,2023,24,44,8,0,0,0
1359501,1,50c6bc2b,2023,2023,6,9,0,0,0,0
1359501,2,b681e71e,2023,2023,6,5,1,0,0,0
1359502,2,fa2f1dde,2023,2023,8,20,2,0,1,0
1359502,2,9d430b40,2023,2023,24,36,6,1,0,0
1359503,2,81c08fa3,2023,2023,18,18,8,0,0,0
1359505,2,2ed569a0,2023,2023,24,42,4,0,0,0
1359506,1,0f721006,2023,2023,24,32,4,0,0,0
1359508,1,81c08fa3,2023,2023,12,14,4,0,0,0
1359513,2,5b7ab5a9,2023,2023,24,42,5,0,0,0
1359514,1,acdc62f5,2023,2023,24,44,4,2,0,0
1359516,1,f6d8a7ab,2023,2023,12,14,5,0,0,0
1359526,1,ce794613,2023,2023,24,36,7,1,0,0
1359526,2,529eb9e0,2023,2023,6,13,2,1,0,0
1359529,2,f24c6701,2023,2023,12,16,2,0,0,0
1359530,2,1abb78f8,2023,2023,7,18,1,0,0,0
1359535,2,fe93fd9d,2023,2023,12,18,4,0,0,0
1359537,2,983f2f61,2023,2023,6,11,1,0,0,0
1359538,1,244048f6,2023,2023,12,21,4,2,0,0
1359538,1,c05edf8e,2023,2023,18,39,2,2,0,0
1359539,2,a457cfb5,2023,2023,24,25,8,0,0,0
1359542,2,c33d8116,2023,2023,6,15,2,0,0,0
1370353,2,8cf9814c,2023,2023,18,29,5,0,0,0
1370353,2,5f547c8b,2023,2023,18,44,1,0,0,0
1422122,1,872b03f7,2024,2024,6,6,1,0,0,0
1422124,1,a457cfb5,2024,2024,18,34,4,0,0,0
1422126,1,9d704f6f,2024,2024,12,33,1,2,0,0
1422129,2,c0c411cb,2024,2024,24,43,4,1,0,0
1422133,1,a457cfb5,2024,2024,12,23,2,5,0,0
1422134,1,b8527c3d,2024,2024,18,47,5,1,0,0
1422134,1,8998a68f,2024,2024,12,19,2,0,0,0
1422136,2,765a4731,2024,2024,6,27,2,0,1,0
1422137,2,a457cfb5,2024,2024,12,34,4,0,0,0
1426262,1,efc04be7,2024,2024,24,43,6,1,0,0
1426263,2,b681e71e,2024,2024,6,17,0,0,0,0
1426275,2,e62dd25d,2024,2024,24,40,8,0,0,0
1426278,1,5f547c8b,2024,2024,24,35,8,0,0,0
1426279,1,2e81a32d,2024,2024,6,14,1,0,0,0
1426280,2,77b1aa15,2024,2024,24,61,4,1,0,0
1426285,2,a2f46292,2024,2024,18,28,9,0,0,0
1426286,2,462411b3,2024,2024,24,17,16,0,0,0
1426289,1,fffa744b,2024,2024,18,25,3,1,0,0
1426296,2,7210d461,2024,2024,12,22,5,1,0,0
1426302,1,73ad96ed,2024,2024,6,9,1,1,0,0
598046,2,6c6591ab,2013,2013,14,11,8,1,0,3
598047,1,808f425a,2013,2013,24,35,11,2,0,1
598049,1,3d7e087f,2013,2013,24,21,12,0,0,1
598050,1,85aae393,2013,2013,24,30,10,0,0,1
598050,2,6c6591ab,2013,2013,24,23,11,0,0,2
598054,1,dcf81436,2013,2013,24,36,5,0,0,1
598057,2,d68e7f48,2013,2013,24,17,13,2,0,1
598060,2,5bb1a1c4,2013,2013,24,32,9,1,0,1
598062,1,05c2ca46,2013,2013,18,19,5,1,0,1
598062,2,495d42a5,2013,2013,24,19,8,1,0,2
598063,2,a12e1d51,2013,2013,24,35,8,1,0,1
598065,2,8fd1a8f5,2013,2013,24,17,12,0,0,2
598067,2,3a60e0b5,2013,2013,18,36,6,7,1,1
598067,2,66b30f71,2013,2013,24,21,13,1,0,2
598068,2,91a4a398,2013,2013,12,17,7,0,0,4
598069,1,0f12f9df,2013,2013,24,33,5,0,0,1
598070,2,fb66ce1f,2013,2013,18,26,5,0,1,1
598071,1,808f425a,2013,2013,24,28,11,1,0,1
598071,1,3d7e087f,2013,2013,24,18,9,0,0,1
729279,1,91a4a398,2014,2014,24,23,11,3,0,1
729279,1,a12e1d51,2014,2014,24,23,10,1,0,4
729281,2,5d9a1a73,2014,2014,18,33,5,0,0,1
729283,1,1a0c3177,2014,2014,18,35,5,2,0,1
729283,1,b2b50355,2014,2014,24,43,6,2,0,2
729289,1,9d80c5e1,2014,2014,18,29,5,0,0,1
729291,1,2e171977,2014,2014,24,22,14,0,0,1
729291,2,d2a989fc,2014,2014,24,50,11,1,0,1
729295,1,2e81a32d,2014,2014,24,19,15,0,0,3
729301,2,119678fd,2014,2014,24,23,10,1,0,1
729307,2,b2b50355,2014,2014,18,21,7,1,0,1
729307,2,2e171977,2014,2014,24,16,11,0,0,2
729311,2,2e81a32d,2014,2014,24,23,10,0,0,2
733971,2,fe93fd9d,2014,2014,24,12,14,0,0,4
733973,1,8abdf100,2014,2014,12,17,5,1,0,1
733979,2,4329fbb5,2014,2014,24,21,12,0,1,3
733981,1,759ac88f,2014,2014,24,51,7,0,0,1
733981,1,fe93fd9d,2014,2014,24,23,10,0,0,1
733985,1,9d430b40,2014,2014,24,38,6,0,0,1
733991,1,3fb19989,2014,2014,24,43,9,4,2,2
733993,1,6b19d823,2014,2014,18,23,6,0,0,2
733993,2,dcf81436,2014,2014,6,5,3,2,0,1
733995,2,e938e1bc,2014,2014,24,31,11,0,0,2
733995,2,a757b0d8,2014,2014,15,42,3,3,0,1
733999,1,39a2dfa8,2014,2014,18,17,9,0,0,1
734009,2,8b5b6769,2014,2014,24,22,10,1,0,2
734009,2,89f64c19,2014,2014,18,34,2,0,0,1
734019,1,2e171977,2014,2014,24,18,12,1,0,1
734025,1,531f0278,2014,2014,24,40,9,0,0,1
734031,2,7a8bd078,2014,2014,18,20,9,0,0,1
734035,1,495d42a5,2014,2014,24,33,8,0,0,1
734039,1,1a0c3177,2014,2014,18,15,11,0,0,2
734043,1,2e171977,2014,2014,24,11,13,0,0,2
829713,2,5bb5a915,2015,2015,24,35,11,0,0,1
829719,1,1c2a64cd,2015,2015,6,11,2,0,0,1
829725,2,2e171977,2015,2015,23,28,7,0,0,1
829727,1,d2a989fc,2015,2015,18,9,13,1,0,2
829731,1,1c2a64cd,2015,2015,12,15,3,1,0,1
829741,2,fb66ce1f,2015,2015,24,34,10,1,0,1
829743,2,e938e1bc,2015,2015,12,18,5,0,0,1
829747,2,896d78ad,2015,2015,12,15,8,0,0,2
829749,1,85aae393,2015,2015,24,28,10,1,0,1
829769,2,4125d931,2015,2015,24,39,8,4,0,1
829771,2,98ae73b1,2015,2015,12,21,3,0,0,1
829773,2,1c2a64cd,2015,2015,12,19,2,0,0,1
829777,2,4329fbb5,2015,2015,24,25,14,3,0,1
829779,1,aa8d28ae,2015,2015,24,29,9,0,0,2
829779,2,e0407c01,2015,2015,24,28,14,0,0,2
829781,2,f708a0bc,2015,2015,24,17,10,0,0,2
829785,2,3fb19989,2015,2015,24,15,14,4,0,4
829797,1,fb66ce1f,2015,2015,24,19,12,1,0,3
829801,1,81049310,2015,2015,12,8,7,0,0,1
829811,2,fb66ce1f,2015,2015,24,23,10,3,0,4
829817,1,87e562a9,2015,2015,24,40,5,3,0,3
980901,1,5bb1a1c4,2016,2016,24,36,14,10,0,2
980903,1,bbd41817,2016,2016,18,24,8,2,0,3
980903,2,6b19d823,2016,2016,12,11,6,5,0,1
980905,2,ce820073,2016,2016,18,21,8,0,0,1
980905,2,d9273ee7,2016,2016,12,27,2,0,0,1
980905,2,9a0146b3,2016,2016,24,35,5,0,0,1
980917,1,6aed7e79,2016,2016,12,12,6,0,0,2
980925,1,5bb5a915,2016,2016,24,27,11,0,0,2
980929,1,2e81a32d,2016,2016,24,29,10,2,0,4
980931,2,4329fbb5,2016,2016,24,31,9,2,0,2
980935,2,ce820073,2016,2016,24,30,12,0,0,1
980947,2,cc1e8c68,2016,2016,12,19,4,2,0,1
980951,1,cc1e8c68,2016,2016,18,33,5,0,0,3
980951,2,91a4a398,2016,2016,21,21,9,1,0,3
980955,1,fe93fd9d,2016,2016,18,28,5,2,0,1
980959,1,bbd41817,2016,2016,24,24,11,1,0,1
980959,2,bd17b45f,2016,2016,12,17,4,0,0,1
980965,1,d167edd3,2016,2016,24,31,8,0,0,2
980967,1,d8b2f218,2016,2016,18,21,4,2,0,1
980967,2,87e562a9,2016,2016,18,14,6,0,0,2
980989,2,495d42a5,2016,2016,12,30,3,1,0,2
980993,1,fb66ce1f,2016,2016,24,34,10,0,0,2
980993,2,8b5b6769,2016,2016,24,34,6,0,0,1
981001,2,9d430b40,2016,2016,24,30,10,6,0,1
981001,2,5bb5a915,2016,2016,21,39,6,1,0,1
981003,2,d8b2f218,2016,2016,24,34,10,1,0,2
981009,1,2e81a32d,2016,2016,24,31,6,0,0,2
981011,1,57ee1fde,2016,2016,24,32,9,1,0,3
1426309,1,7c3b3b78,2024,2024,12,17,5,2,1,1
1426310,1,a818c1be,2024,2024,24,16,12,0,0,1
1473438,1,03806cf8,2025,2025,24,22,15,0,0,2
1473438,1,b8527c3d,2025,2025,18,35,8,2,0,1
1473441,2,13fc5c6d,2025,2025,24,31,10,5,0,2
1473442,2,244048f6,2025,2025,24,36,11,0,0,2
1473447,1,759ac88f,2025,2025,18,25,4,1,0,1
1473449,1,d45c29b1,2025,2025,18,24,9,1,1,4
1473453,2,0a67aec0,2025,2025,24,46,7,1,0,1
1473455,2,a97c8ec2,2025,2025,24,36,3,0,0,1
1473457,2,ded9240e,2025,2025,22,26,8,0,0,1
1473463,1,df064e1a,2025,2025,24,36,6,4,0,2
1473463,2,85e0cf10,2025,2025,24,26,11,2,0,2
1473465,1,7210d461,2025,2025,24,36,8,0,0,1
1473467,1,64839cb3,2025,2025,24,45,9,7,1,2
1473468,2,3b53243a,2025,2025,18,30,8,0,0,1
1473474,1,5b8c830e,2025,2025,24,25,10,2,0,2
1473476,2,5f547c8b,2025,2025,24,25,10,0,0,2
1473479,2,5b8c830e,2025,2025,24,31,8,2,0,2
1473480,2,fcc21ace,2025,2025,18,16,12,0,0,1
1473482,1,df064e1a,2025,2025,24,41,7,0,0,1
1473488,2,3204c99f,2025,2025,24,36,5,1,0,1
1473491,2,57ee1fde,2025,2025,24,50,7,2,0,1
1473492,1,f986ca1a,2025,2025,24,36,8,2,0,1
1473493,1,12314277,2025,2025,18,18,9,0,0,1
1473493,2,d45c29b1,2025,2025,24,28,6,0,0,2
1473494,1,fcc21ace,2025,2025,18,38,4,0,0,1
1473497,1,107c26fb,2025,2025,18,32,7,0,0,1
1473498,1,c7a995d3,2025,2025,24,47,6,0,0,1
1473503,2,1e66c162,2025,2025,24,41,6,1,0,1
1473509,1,2f49c897,2025,2025,24,37,7,1,0,1
1473509,1,85e0cf10,2025,2025,24,53,5,0,0,2
1473511,2,5b8c830e,2025,2025,24,17,12,0,0,2
1473511,2,c5aef772,2025,2025,18,30,5,1,0,1
1527675,1,1abb78f8,2026,2026,24,39,7,0,0,3
1527676,1,fe93fd9d,2026,2026,18,18,10,0,0,2
1527677,2,85e0cf10,2026,2026,24,29,11,2,0,3
1527678,1,f834dcfc,2026,2026,22,27,9,0,0,3
1527680,1,3b53243a,2026,2026,24,48,7,2,0,1
1527684,2,82c10dac,2026,2026,22,30,6,0,0,2
1527686,2,465aa633,2026,2026,12,21,5,1,0,2
1527686,2,df064e1a,2026,2026,12,25,2,1,0,2
1527688,1,cf0ccafa,2026,2026,24,34,9,2,0,1
1527691,2,cc61ee8f,2026,2026,24,39,8,5,0,1
1529268,1,e62dd25d,2026,2026,24,29,12,1,0,3
1529269,1,2e171977,2026,2026,18,18,7,0,0,2
1529272,1,8cf9814c,2026,2026,24,56,7,5,0,1
1529272,2,57ee1fde,2026,2026,24,36,4,0,0,1
1529273,1,e62dd25d,2026,2026,24,33,10,1,0,3
1529273,2,9ca68676,2026,2026,17,17,10,1,0,2
1529278,1,3b53243a,2026,2026,24,69,1,1,0,1
1529281,2,9d430b40,2026,2026,24,23,7,0,0,1
1529285,2,9440ef41,2026,2026,23,44,5,2,0,1
1529286,1,2e171977,2026,2026,24,39,6,0,0,1
1529286,2,46a9bea1,2026,2026,24,38,5,3,0,1
1529287,1,fcc21ace,2026,2026,24,32,11,1,0,3
1529289,1,5f547c8b,2026,2026,24,32,7,1,0,1
1529295,2,0f721006,2026,2026,15,12,8,0,0,3
1529297,1,2e81a32d,2026,2026,24,23,12,1,0,4
1529303,2,11061889,2026,2026,16,23,8,8,0,1
1529305,2,133bbd61,2026,2026,24,44,4,3,0,2
1529306,1,5750bcb4,2026,2026,24,26,8,0,0,1
1529310,1,b8527c3d,2026,2026,24,52,6,3,0,2
1529312,1,172dff15,2026,2026,24,38,5,1,0,1
1529312,2,5574750c,2026,2026,24,17,13,0,0,3
1529313,1,11061889,2026,2026,24,28,12,4,0,2
1535462,2,5b8c830e,2026,2026,21,16,12,1,0,2
1535463,2,5574750c,2026,2026,24,58,8,1,0,3
1535464,2,133bbd61,2026,2026,22,44,6,3,0,1
1535465,2,5f547c8b,2026,2026,24,25,9,0,0,2
335984,1,33a364a6,2007/08,2008,24,17,12,2,0,2
335985,1,e938e1bc,2007/08,2008,24,29,11,1,0,1
335986,1,fd835ab3,2007/08,2008,18,35,7,1,0,1
335986,2,c3d1402f,2007/08,2008,18,15,9,0,0,1
335989,1,96fd40ae,2007/08,2008,24,35,12,2,1,1
335992,2,670709ec,2007/08,2008,19,27,9,0,0,1
335995,2,ee7d0c82,2007/08,2008,24,29,10,0,0,1
335998,1,86dc8f2e,2007/08,2008,24,39,6,0,0,2
336000,1,b1451597,2007/08,2008,6,16,1,0,1,1
336000,2,3d7e087f,2007/08,2008,24,31,8,2,0,2
336002,2,0604ef16,2007/08,2008,24,30,9,0,0,1
336003,2,5fa06777,2007/08,2008,24,18,15,1,0,2
336005,1,64d43928,2007/08,2008,24,14,16,0,0,6
336005,1,4329fbb5,2007/08,2008,24,19,17,2,0,1
336005,1,bb18be76,2007/08,2008,18,29,6,0,0,1
336009,1,ae78bc32,2007/08,2008,24,36,5,1,0,1
336014,1,acd4f5dc,2007/08,2008,18,21,8,0,1,1
336014,2,725529bc,2007/08,2008,24,25,10,0,0,2
336014,2,b1451597,2007/08,2008,12,16,5,0,1,1
336021,1,87e562a9,2007/08,2008,18,13,12,1,0,2
336022,1,2498e163,2007/08,2008,6,2,3,0,0,2
336027,1,64d43928,2007/08,2008,24,26,12,2,0,3
336029,1,4ba44e19,2007/08,2008,24,19,11,0,0,1
336034,1,c3d1402f,2007/08,2008,24,41,8,1,0,3
336037,1,b2b50355,2007/08,2008,24,34,7,0,0,2
336037,2,4b4d1957,2007/08,2008,12,18,6,0,0,1
336038,1,93a17209,2007/08,2008,24,50,8,1,0,2
336039,2,5fa06777,2007/08,2008,24,24,13,2,0,1
392183,1,d7c6af50,2009,2009,18,15,11,0,0,3
392186,1,725529bc,2009,2009,24,24,9,0,0,2
392192,1,87e562a9,2009,2009,24,34,8,1,0,3
392192,2,6c6591ab,2009,2009,24,21,8,1,0,3
392195,2,4353bba5,2009,2009,24,21,14,1,0,3
392196,1,a7c226e1,2009,2009,24,21,15,0,0,1
392196,1,fe763256,2009,2009,24,35,6,1,0,1
392199,1,05c2ca46,2009,2009,24,28,5,0,0,1
392200,2,98ae73b1,2009,2009,18,26,3,0,0,1
392201,1,c404f58a,2009,2009,24,16,18,0,0,2
392203,1,fa463154,2009,2009,6,12,3,1,0,1
392209,2,1dc12ab9,2009,2009,10,12,5,0,0,1
392216,1,dd09ff8e,2009,2009,24,24,13,2,1,1
392218,2,d2a989fc,2009,2009,24,24,11,0,0,1
392219,1,c404f58a,2009,2009,24,15,15,2,0,2
392220,2,c3d1402f,2009,2009,24,22,14,2,0,1
392221,2,abfeb126,2009,2009,24,28,9,2,0,2
392224,1,86dc8f2e,2009,2009,24,18,12,0,0,2
392225,1,a12e1d51,2009,2009,24,28,11,1,0,1
392225,1,87e562a9,2009,2009,18,30,6,2,0,1
392228,1,bd77eb62,2009,2009,24,28,11,0,0,1
392231,1,66b30f71,2009,2009,24,29,13,0,0,1
392235,1,9fc0ef64,2009,2009,24,28,11,3,0,2
392236,1,c3d1402f,2009,2009,24,47,8,0,0,1
392238,1,e938e1bc,2009,2009,24,26,10,0,0,1
419106,1,c3d1402f,2009/10,2010,24,35,12,3,0,1
419106,2,b1451597,2009/10,2010,18,30,5,0,0,1
419111,2,f0f628c7,2009/10,2010,18,32,6,0,0,1
419112,2,98ae73b1,2009/10,2010,18,20,5,0,0,1
419113,1,5bb1a1c4,2009/10,2010,24,38,8,0,0,1
419113,1,b57f8a9a,2009/10,2010,6,4,3,0,0,1
419114,1,9fc0ef64,2009/10,2010,24,41,8,2,0,1
419114,2,a12e1d51,2009/10,2010,12,22,3,1,0,1
419116,1,4ba44e19,2009/10,2010,24,25,7,3,0,2
419116,2,6b19d823,2009/10,2010,18,25,6,3,0,1
419118,2,f0f628c7,2009/10,2010,18,20,9,0,0,1
419119,1,8fd1a8f5,2009/10,2010,24,26,14,3,0,3
419121,2,5d096f3d,2009/10,2010,24,22,14,0,1,1
419123,2,e938e1bc,2009/10,2010,24,21,11,2,0,1
419131,2,c404f58a,2009/10,2010,19,15,12,1,0,1
419135,2,4f629497,2009/10,2010,24,28,11,2,0,1
419135,2,896d78ad,2009/10,2010,24,25,9,1,0,1
419137,1,dddca1d6,2009/10,2010,6,16,2,0,0,1
419138,1,12eddf28,2009/10,2010,24,40,7,0,0,1
419138,2,91a4a398,2009/10,2010,12,10,5,0,0,2
419139,1,7ca5e05d,2009/10,2010,18,43,4,7,0,1
419140,1,0c2730df,2009/10,2010,24,33,12,0,0,1
419143,2,7ca5e05d,2009/10,2010,12,18,3,2,0,1
419145,2,0c2730df,2009/10,2010,24,38,8,1,0,1
419146,1,8b9704ae,2009/10,2010,12,17,4,1,0,2
419149,1,1c914163,2009/10,2010,24,14,11,0,0,1
419150,1,dbc50253,2009/10,2010,18,34,6,3,0,1
419151,1,8fd1a8f5,2009/10,2010,24,18,13,2,0,3
419152,2,ef5da05c,2009/10,2010,24,18,5,0,0,2
419154,1,8fd1a8f5,2009/10,2010,24,15,16,1,0,1
419157,2,91a4a398,2009/10,2010,24,30,7,0,0,1
419162,2,342d8ade,2009/10,2010,24,28,11,1,1,1
419162,2,a12e1d51,2009/10,2010,24,24,9,1,0,2
501202,1,3a60e0b5,2011,2011,24,20,15,0,0,1
501212,1,98ae73b1,2011,2011,12,17,2,0,0,1
501215,2,495d42a5,2011,2011,24,31,10,0,0,2
501220,2,e938e1bc,2011,2011,24,22,11,0,0,2
501223,2,5bb5a915,2011,2011,24,32,18,0,2,1
501227,2,66b30f71,2011,2011,21,36,7,6,0,1
501228,1,495d42a5,2011,2011,24,29,11,0,0,1
501229,1,c3d1402f,2011,2011,24,21,12,2,0,2
501232,1,b552a935,2011,2011,24,23,11,0,0,2
501235,2,5d9a1a73,2011,2011,24,13,17,0,0,3
501236,2,c8179c68,2011,2011,24,23,10,0,0,2
501237,2,f0f628c7,2011,2011,24,18,9,0,0,2
501239,2,33a364a6,2011,2011,24,26,7,0,0,2
501239,2,86dc8f2e,2011,2011,12,12,3,1,0,1
501241,2,a757b0d8,2011,2011,24,36,8,0,0,1
501248,1,2e81a32d,2011,2011,18,14,9,0,0,2
501248,1,3d8feaf8,2011,2011,24,26,8,0,0,2
501253,2,c3d35165,2011,2011,18,36,7,0,0,1
501256,2,5bb1a1c4,2011,2011,24,30,11,1,0,2
501259,2,5d9a1a73,2011,2011,24,25,10,1,0,2
501265,1,3d8feaf8,2011,2011,13,11,3,0,0,1
501266,1,91a4a398,2011,2011,24,19,15,2,0,2
501266,1,957532de,2011,2011,24,20,14,2,0,2
501269,1,f0f628c7,2011,2011,24,27,11,0,0,3
501271,1,db584dad,2011,2011,24,34,8,0,0,2
548311,2,fe93fd9d,2012,2012,24,16,17,0,0,5
548315,2,b2b50355,2012,2012,24,18,13,1,0,4
548317,1,5b040b81,2012,2012,24,29,9,0,0,2
548323,1,33a364a6,2012,2012,24,14,12,0,0,2
548325,2,c3d1402f,2012,2012,24,24,12,3,0,2
548326,1,b57f8a9a,2012,2012,6,13,1,0,0,1
548331,1,91a4a398,2012,2012,24,25,10,0,0,2
548335,1,dd09ff8e,2012,2012,24,15,15,0,0,1
548342,2,9d80c5e1,2012,2012,24,35,8,0,0,2
548343,1,c3d35165,2012,2012,24,29,11,0,0,3
548343,1,87e562a9,2012,2012,24,28,8,1,0,2
548345,2,5bb5a915,2012,2012,24,26,11,0,0,1
548347,1,9d430b40,2012,2012,24,24,8,0,0,1
548348,2,1c2a64cd,2012,2012,18,32,3,0,1,1
548351,2,f0f628c7,2012,2012,24,24,13,1,0,1
548352,1,6b19d823,2012,2012,12,18,2,0,0,1
548353,1,2e81a32d,2012,2012,24,26,12,8,0,2
548354,2,4329fbb5,2012,2012,24,22,15,1,1,2
548359,2,fd835ab3,2012,2012,6,2,4,0,0,2
548361,1,fe93fd9d,2012,2012,24,21,9,0,0,1
548361,1,495d42a5,2012,2012,12,13,5,0,0,1
548361,2,4329fbb5,2012,2012,18,32,9,1,0,1
548364,1,c3d35165,2012,2012,24,15,13,1,0,1
548368,2,9d430b40,2012,2012,24,14,13,0,0,2
548369,1,cc1e8c68,2012,2012,24,21,14,1,0,3
548375,2,9d430b40,2012,2012,24,15,12,0,0,1
548376,1,0c432afb,2012,2012,18,12,11,0,0,1
548378,2,86dc8f2e,2012,2012,24,24,12,3,0,2
548379,2,c3d35165,2012,2012,24,31,7,0,0,2
598002,2,6c6591ab,2013,2013,24,16,9,0,0,2
598004,1,5bb1a1c4,2013,2013,24,27,7,0,0,3
598008,1,32198ae0,2013,2013,24,24,11,1,0,2
598008,2,c654af19,2013,2013,18,34,10,2,0,1
598010,2,5bb5a915,2013,2013,24,27,9,0,1,2
598011,2,a12e1d51,2013,2013,24,22,8,0,0,1
598015,2,2e81a32d,2013,2013,24,12,15,1,0,2
598018,2,6b19d823,2013,2013,24,19,10,0,0,4
598021,2,e938e1bc,2013,2013,18,12,11,0,0,1
598023,2,4329fbb5,2013,2013,12,11,8,0,0,2
598027,2,db584dad,2013,2013,6,5,4,0,0,2
598029,1,a12e1d51,2013,2013,24,25,9,0,0,2
598030,1,759ac88f,2013,2013,24,33,12,0,0,2
598030,1,495d42a5,2013,2013,24,21,9,1,0,1
598032,2,0f12f9df,2013,2013,24,34,9,0,0,1
598036,1,4329fbb5,2013,2013,24,22,11,0,0,3
598037,1,98ae73b1,2013,2013,12,24,4,0,0,1
1082592,2,13c35c9e,2017,2017,24,34,8,2,0,1
1082593,1,8d2c70ad,2017,2017,24,25,8,0,0,2
1082594,1,983f2f61,2017,2017,12,14,3,0,0,1
1082601,1,4c5d73db,2017,2017,18,30,6,2,0,2
1082601,1,98ae73b1,2017,2017,18,36,6,0,0,1
1082602,2,76388dc8,2017,2017,24,9,16,2,0,4
1082609,1,759ac88f,2017,2017,24,25,10,0,0,2
1082611,1,fb66ce1f,2017,2017,24,26,10,0,0,4
1082613,1,1dc12ab9,2017,2017,12,11,4,0,0,1
1082617,2,56ab442f,2017,2017,18,21,11,1,2,3
1082622,1,56ab442f,2017,2017,24,34,11,0,0,3
1082623,1,b681e71e,2017,2017,24,29,6,0,0,2
1082625,2,871e9faf,2017,2017,24,29,8,0,0,3
1082627,2,2f49c897,2017,2017,24,26,12,0,0,2
1082631,2,cc1e8c68,2017,2017,24,23,10,0,0,1
1082634,2,e087956b,2017,2017,24,30,11,1,0,3
1082636,2,57ee1fde,2017,2017,24,39,12,1,0,1
1082639,1,cc1e8c68,2017,2017,18,26,6,2,0,1
1082640,1,ded9240e,2017,2017,24,38,3,0,0,1
1082643,1,dcf81436,2017,2017,24,30,7,1,0,1
1082644,2,13c35c9e,2017,2017,24,39,10,1,1,2
1136561,1,23eeb873,2018,2018,18,14,12,0,0,1
1136570,1,7dc35884,2018,2018,24,21,10,3,0,2
1136572,1,87e562a9,2018,2018,24,37,4,0,0,1
1136573,2,bbd41817,2018,2018,12,25,5,3,0,1
1136576,2,759ac88f,2018,2018,24,51,3,1,0,2
1136579,2,f986ca1a,2018,2018,18,33,2,0,0,1
1136580,2,23eeb873,2018,2018,24,15,17,0,0,3
1136581,2,dbe50b21,2018,2018,16,25,4,1,0,2
1136582,2,db31895a,2018,2018,24,23,15,2,0,2
1136582,2,d8b2f218,2018,2018,24,45,5,3,0,1
1136586,1,c38d3503,2018,2018,24,58,8,1,1,1
1136586,2,b681e71e,2018,2018,12,22,3,0,0,2
1136594,1,51a3c5ef,2018,2018,24,31,12,1,0,1
1136594,2,7d92277a,2018,2018,24,37,11,1,0,2
1136598,2,90de905a,2018,2018,18,18,11,1,0,1
1136599,1,cc1e8c68,2018,2018,24,36,8,2,0,1
1136599,2,ce820073,2018,2018,24,20,10,1,0,1
1136601,2,2e11c706,2018,2018,12,12,6,0,0,1
1136602,1,7dc35884,2018,2018,24,27,8,0,0,2
1136604,2,85e0cf10,2018,2018,24,31,10,2,0,2
1136604,2,99ed60f8,2018,2018,24,52,4,3,0,1
1136605,2,6b19d823,2018,2018,24,33,7,1,0,1
1136608,1,94d7f855,2018,2018,12,8,6,2,0,1
1136610,2,51a3c5ef,2018,2018,24,37,8,1,0,2
1136614,1,8d2c70ad,2018,2018,24,35,4,0,0,1
1136614,1,99ed60f8,2018,2018,12,24,2,0,0,1
1136615,2,f986ca1a,2018,2018,15,28,6,2,0,3
1136617,2,2e81a32d,2018,2018,19,14,12,1,0,1
1136618,2,8d2c70ad,2018,2018,24,18,13,0,0,1
1175357,2,5f547c8b,2019,2019,24,26,9,0,0,1
1175358,1,51a3c5ef,2019,2019,24,40,10,0,0,3
1175358,1,dbe50b21,2019,2019,24,41,7,1,0,1
1175359,2,e94915e6,2019,2019,24,52,7,1,0,2
1175359,2,db31895a,2019,2019,24,33,8,0,2,2
1175362,1,cc1e8c68,2019,2019,24,26,11,1,0,2
1175362,1,2f49c897,2019,2019,24,38,10,1,0,2
1175364,1,8cf9814c,2019,2019,24,42,6,1,0,2
1175366,2,ce820073,2019,2019,23,19,13,0,0,3
1175368,1,b410bd3d,2019,2019,24,27,7,0,0,2
1178393,2,8b5b6769,2019,2019,24,17,10,0,0,2
1178394,2,b0946605,2019,2019,22,12,14,2,0,6
1178395,1,2e171977,2019,2019,24,22,8,0,0,1
1178396,1,85e0cf10,2019,2019,24,35,9,2,2,1
1178398,1,fe93fd9d,2019,2019,24,17,15,1,0,1
1178400,2,5574750c,2019,2019,24,19,8,0,0,1
1178402,1,5574750c,2019,2019,24,39,6,1,0,3
1178403,1,57ee1fde,2019,2019,24,33,8,1,0,2
1178404,2,e412cb64,2019,2019,24,37,5,0,0,1
1178405,2,fb66ce1f,2019,2019,18,22,8,0,0,3
1178408,1,9d80c5e1,2019,2019,12,24,1,0,0,1
1178418,2,9d430b40,2019,2019,24,25,10,0,0,2
1178422,1,2ed569a0,2019,2019,24,54,7,1,0,1
1178422,2,9d430b40,2019,2019,24,44,8,0,0,2
1178423,2,ce820073,2019,2019,24,33,7,2,0,2
1178425,2,8b5b6769,2019,2019,24,28,10,0,0,1
1178426,2,dbe50b21,2019,2019,12,20,4,0,0,2
1178429,2,2e81a32d,2019,2019,24,24,11,1,0,2
1181766,2,2e81a32d,2019,2019,24,42,12,2,0,2
1181767,1,fe93fd9d,2019,2019,18,23,8,0,0,2
1181767,2,6b19d823,2019,2019,24,21,9,0,0,1
1181768,2,462411b3,2019,2019,24,14,11,0,0,2
1216492,1,e94915e6,2020/21,2021,24,28,8,0,0,1
1216492,2,462411b3,2020/21,2021,24,43,10,1,1,1
1216492,2,2ed569a0,2020/21,2021,24,36,2,0,0,1
1216493,1,a1d053dd,2020/21,2021,24,24,13,1,0,2
1216493,1,8cf9814c,2020/21,2021,24,15,14,1,1,3
1216496,1,e94915e6,2020/21,2021,24,33,9,1,0,3
1216501,2,9d430b40,2020/21,2021,24,31,8,0,0,1
1216505,2,f19ccfad,2020/21,2021,24,24,7,0,0,1
1216507,1,5574750c,2020/21,2021,24,25,14,0,1,1
1216507,1,1e66c162,2020/21,2021,24,31,5,1,0,1
1216512,1,ce794613,2020/21,2021,24,40,7,0,1,2
1216515,1,b4f5c2d9,2020/21,2021,18,35,1,2,0,1
1216518,2,5574750c,2020/21,2021,24,21,16,1,0,2
1216521,1,2ed569a0,2020/21,2021,24,22,12,0,0,2
1216524,2,0994d0ae,2020/21,2021,11,11,3,0,0,1
1216529,1,5b8c830e,2020/21,2021,24,26,8,0,0,2
1216529,2,495d42a5,2020/21,2021,24,35,4,0,0,1
1216530,1,39a2dfa8,2020/21,2021,24,25,11,1,0,3
1216536,2,5b7ab5a9,2020/21,2021,24,20,13,0,0,2
1216543,1,5d2eea49,2020/21,2021,24,30,9,1,0,1
1254059,1,495d42a5,2021,2021,24,47,8,0,0,1
1254060,1,ce794613,2021,2021,24,37,7,1,0,1
1254063,1,ce794613,2021,2021,24,32,6,1,0,1
1254066,1,7d92277a,2021,2021,24,29,9,2,0,2
1254066,1,0994d0ae,2021,2021,18,19,8,0,0,2
1254067,1,ded9240e,2021,2021,24,34,6,2,0,1
1254069,2,fe93fd9d,2021,2021,24,28,9,0,1,2
1254069,2,87e562a9,2021,2021,18,28,7,5,0,1
1254070,1,d9273ee7,2021,2021,18,20,6,0,0,1
1254074,1,8cf9814c,2021,2021,24,21,7,0,0,2
1254076,2,fe93fd9d,2021,2021,24,13,15,0,0,3
1254084,1,a818c1be,2021,2021,24,42,9,1,0,1
1254084,2,1abb78f8,2021,2021,24,56,4,5,0,1
1254089,1,2cdce1be,2021,2021,24,31,10,2,0,1
1254095,2,5f547c8b,2021,2021,24,39,7,0,0,1
1254097,1,0a8fce53,2021,2021,24,22,5,0,0,2
1254097,1,39a2dfa8,2021,2021,18,17,6,0,0,1
1254097,2,495d42a5,2021,2021,24,20,13,1,0,1
1254098,2,5b7ab5a9,2021,2021,24,22,8,0,0,1
1254099,1,5b8c830e,2021,2021,24,24,6,0,1,1
1254100,2,0a8fce53,2021,2021,21,26,10,1,0,1
1254110,2,87e562a9,2021,2021,10,20,4,4,0,1
1254111,2,5d2eea49,2021,2021,24,29,12,0,1,2
1254111,2,39a2dfa8,2021,2021,18,23,3,1,0,1
1254112,1,495d42a5,2021,2021,24,41,6,2,0,1
1254112,1,2e171977,2021,2021,24,21,8,1,0,3
1254112,2,5b8c830e,2021,2021,13,18,5,0,0,1
1254114,2,acdc62f5,2021,2021,24,31,7,0,0,1
1254117,2,87e562a9,2021,2021,24,29,9,0,0,1
1304050,2,73ad96ed,2022,2022,18,31,3,0,0,1
1304052,2,5b7ab5a9,2022,2022,24,33,10,1,0,1
1304054,1,13c35c9e,2022,2022,24,36,13,0,1,2
1304056,2,8cf9814c,2022,2022,24,30,10,0,0,2
1304056,2,dbe50b21,2022,2022,24,22,9,0,0,1
1304057,1,fe93fd9d,2022,2022,24,34,10,3,0,1
1304058,2,5b8c830e,2022,2022,24,27,8,0,0,2
1304062,1,5f547c8b,2022,2022,24,22,10,0,0,3
1304064,1,0a67aec0,2022,2022,24,20,14,0,0,1
1304068,1,a97c8ec2,2022,2022,18,35,4,1,0,2
1304077,1,327b58d3,2022,2022,18,31,6,1,0,2
1304078,1,a2f46292,2022,2022,24,21,13,1,0,2
1304079,1,e4a0deae,2022,2022,18,16,9,0,0,1
1304079,2,64775749,2022,2022,24,25,14,2,0,1
1304080,2,495d42a5,2022,2022,24,32,4,2,0,2
1304081,1,c38d3503,2022,2022,24,36,6,3,0,1
1304083,2,872b03f7,2022,2022,6,6,1,0,0,1
1304085,2,2e78f685,2022,2022,21,20,11,0,0,4
1304094,1,e62dd25d,2022,2022,24,33,11,3,0,4
1304094,1,26a85969,2022,2022,24,26,6,3,0,1
1304094,1,50c6bc2b,2022,2022,15,15,5,0,0,1
1304098,1,57ee1fde,2022,2022,24,28,9,4,0,3
1304099,1,9d430b40,2022,2022,24,20,12,0,0,1
1304104,1,acdc62f5,2022,2022,24,39,8,1,0,2
1304108,1,5f547c8b,2022,2022,24,31,6,0,0,1
1304112,2,df064e1a,2022,2022,24,34,5,0,0,1
1304115,1,be24ead0,2022,2022,12,29,3,4,0,2
1304116,2,4125d931,2022,2022,24,38,8,2,0,1
1312197,2,a818c1be,2022,2022,24,38,8,0,0,1
1359477,2,df064e1a,2023,2023,24,31,8,0,0,2
1359483,2,9440ef41,2023,2023,24,30,11,1,0,3
1359485,2,495d42a5,2023,2023,24,25,10,3,0,2
1359486,1,e4a0deae,2023,2023,24,28,6,0,0,2
1359491,2,495d42a5,2023,2023,24,25,10,2,0,2
1359495,1,244048f6,2023,2023,18,22,6,1,0,1
1359496,1,eaa76d3c,2023,2023,12,20,5,6,0,1
1359499,1,ce794613,2023,2023,24,50,3,0,0,1
1359500,1,ce820073,2023,2023,24,32,8,0,1,1
1359500,1,495d42a5,2023,2023,24,23,9,1,0,2
1359501,2,a97c8ec2,2023,2023,24,39,7,0,0,2
1359502,1,acdc62f5,2023,2023,24,20,15,2,0,2
1359503,1,fe93fd9d,2023,2023,24,22,8,0,0,3
1359507,1,9440ef41,2023,2023,24,29,8,0,0,1
1359509,2,5f547c8b,2023,2023,24,27,10,0,0,2
1359511,1,f24c6701,2023,2023,24,24,8,1,0,1
1359511,2,14f96089,2023,2023,18,22,6,0,0,3
1359515,1,244048f6,2023,2023,24,37,8,3,0,1
1359520,1,12314277,2023,2023,24,48,9,1,0,1
1359521,2,5b7ab5a9,2023,2023,24,20,9,0,0,1
1359522,1,5f547c8b,2023,2023,24,14,13,2,0,3
1359523,2,98ae73b1,2023,2023,24,25,8,0,0,2
1359526,2,030f3089,2023,2023,24,50,5,0,0,1
1359527,2,2ed569a0,2023,2023,24,23,8,1,0,2
1359529,1,8d2c70ad,2023,2023,24,28,5,3,0,1
1359531,1,759ac88f,2023,2023,24,43,10,0,0,1
1359538,1,e94915e6,2023,2023,24,36,9,1,0,2
1359540,2,e94915e6,2023,2023,24,46,9,2,0,1
1370351,2,ffe699c0,2023,2023,12,7,9,0,0,1
1422121,1,ce794613,2024,2024,24,32,9,3,0,3
1422122,1,c0c411cb,2024,2024,24,41,8,4,0,2
1422122,2,a818c1be,2024,2024,24,35,12,0,0,2
1422126,1,3204c99f,2024,2024,24,57,2,6,1,1
1422127,1,2cffab74,2024,2024,24,49,8,1,0,1
1422127,1,2e171977,2024,2024,24,21,6,0,0,1
1422130,1,cc1e8c68,2024,2024,18,28,7,0,0,1
1422130,2,f9e6e7ef,2024,2024,12,20,2,0,0,1
1422131,1,0a8fce53,2024,2024,24,47,3,1,2,1
1422133,2,4b31f3a3,2024,2024,24,38,6,0,0,1
1422135,2,759ac88f,2024,2024,24,38,5,0,0,1
1426261,1,244048f6,2024,2024,24,29,12,2,0,4
1426265,1,a818c1be,2024,2024,24,22,11,3,0,1
1426265,2,e62dd25d,2024,2024,24,18,14,0,0,2
1426269,2,77b1aa15,2024,2024,24,45,6,1,0,2
1426271,2,3204c99f,2024,2024,24,32,11,6,0,3
1426271,2,462411b3,2024,2024,24,21,13,1,1,3
1426272,2,0a8fce53,2024,2024,24,43,5,2,0,1
1426273,1,8d2c70ad,2024,2024,24,55,8,2,0,4
1426273,1,2cffab74,2024,2024,24,57,4,0,0,1
1426273,2,2e81a32d,2024,2024,24,33,9,3,0,1
1426283,1,983f2f61,2024,2024,18,23,5,0,0,1
1426286,2,ee1b6c27,2024,2024,24,30,11,3,0,1
1426289,1,ee1b6c27,2024,2024,24,42,10,3,1,3
1426290,1,54e52590,2024,2024,21,23,9,1,0,2
1426297,2,cc1e8c68,2024,2024,18,20,8,0,0,1
1426300,2,2f49c897,2024,2024,24,33,13,2,0,1
598040,2,33a364a6,2013,2013,12,21,5,0,0,0
598046,1,fb66ce1f,2013,2013,18,14,11,2,0,0
598049,1,addfb70e,2013,2013,18,39,5,4,0,0
598057,1,4ec07775,2013,2013,6,14,1,0,0,0
598058,1,5f26df4f,2013,2013,18,19,9,0,0,0
598060,1,d2a989fc,2013,2013,24,42,8,1,0,0
598061,2,896d78ad,2013,2013,18,25,4,0,0,0
598062,1,dcf81436,2013,2013,24,37,7,5,0,0
729281,2,3a60e0b5,2014,2014,18,19,9,0,0,0
729289,2,41eb4a4f,2014,2014,24,35,6,0,0,0
729305,2,d68e7f48,2014,2014,24,16,13,1,0,0
729313,1,b681e71e,2014,2014,18,39,4,0,0,0
729317,2,119678fd,2014,2014,24,33,8,0,0,0
729317,2,6b19d823,2014,2014,24,54,5,1,0,0
733975,1,33a364a6,2014,2014,18,21,4,0,0,0
733981,2,1e66c162,2014,2014,22,47,7,0,0,0
733983,1,1c914163,2014,2014,6,9,2,1,0,0
733989,1,d2a989fc,2014,2014,12,19,6,0,0,0
733989,2,6b19d823,2014,2014,24,13,13,1,0,0
733997,2,ce820073,2014,2014,24,32,11,1,0,0
733999,2,3fb19989,2014,2014,18,33,5,2,0,0
734003,2,6aed7e79,2014,2014,24,34,5,1,0,0
734007,1,2e171977,2014,2014,24,40,8,0,0,0
734007,2,5fa06777,2014,2014,6,5,2,0,0,0
734011,1,dcf81436,2014,2014,18,34,5,0,0,0
734013,1,3fb19989,2014,2014,24,23,9,0,0,0
734017,2,462411b3,2014,2014,18,23,6,2,0,0
734025,2,6f49cc6e,2014,2014,24,32,6,0,0,0
734029,1,8fd1a8f5,2014,2014,24,43,11,0,0,0
734033,2,b56dc5f7,2014,2014,24,57,6,0,0,0
734037,2,9170ff49,2014,2014,6,22,0,0,0,0
734045,2,8abdf100,2014,2014,18,35,4,1,0,0
829705,1,98ae73b1,2015,2015,12,16,3,0,0,0
829713,1,1a2676c5,2015,2015,18,36,3,0,0,0
829717,1,cedc1d9a,2015,2015,18,22,7,1,0,0
829717,2,26a85969,2015,2015,24,50,6,2,1,0
829721,2,8abdf100,2015,2015,12,12,5,0,0,0
829731,1,7ca5e05d,2015,2015,24,38,6,2,0,0
829745,2,759ac88f,2015,2015,24,39,8,0,0,0
829747,2,9d80c5e1,2015,2015,18,25,6,2,0,0
829757,2,6b19d823,2015,2015,12,25,2,1,0,0
829761,2,7c503806,2015,2015,6,14,0,0,0,0
829765,2,fe93fd9d,2015,2015,18,11,10,0,0,0
829773,2,a818c1be,2015,2015,24,44,6,0,0,0
829779,1,ba607b88,2015,2015,6,6,1,0,0,0
829781,2,3c6ffae8,2015,2015,6,19,1,0,0,0
829789,1,d4eef961,2015,2015,24,30,15,6,0,0
829789,2,fe93fd9d,2015,2015,24,27,5,0,0,0
829793,2,e938e1bc,2015,2015,12,34,2,1,0,0
829815,2,2e81a32d,2015,2015,18,16,10,1,0,0
829815,2,32198ae0,2015,2015,18,17,8,1,0,0
829819,1,bd17b45f,2015,2015,6,1,5,0,0,0
829823,2,dbe50b21,2015,2015,24,36,8,0,1,0
980907,1,96fd40ae,2016,2016,13,21,7,1,0,0
980907,1,1c2a64cd,2016,2016,11,25,1,0,0,0
980917,1,e938e1bc,2016,2016,18,18,9,1,0,0
980919,2,5bb1a1c4,2016,2016,18,26,10,0,0,0
980925,2,ce820073,2016,2016,12,21,1,0,0,0
980945,2,e938e1bc,2016,2016,24,13,12,0,0,0
980971,1,9d80c5e1,2016,2016,24,30,8,0,0,0
980977,2,ffe699c0,2016,2016,24,52,2,1,0,0
980991,1,96fd40ae,2016,2016,17,35,3,0,0,0
980993,1,9d80c5e1,2016,2016,24,42,8,0,0,0
980997,2,8cf9814c,2016,2016,6,12,1,0,0,0
981007,2,5b8c830e,2016,2016,12,28,2,0,0,0
981009,1,d027ba9f,2016,2016,6,7,2,0,0,0
981009,2,0f721006,2016,2016,18,21,7,0,1,0
981019,2,2e81a32d,2016,2016,24,25,9,1,0,0
1473439,1,5574750c,2025,2025,24,76,1,2,1,0
1473441,2,80b2fb19,2025,2025,24,47,5,1,0,0
1473446,2,5f547c8b,2025,2025,12,10,4,1,0,0
1473447,1,2e171977,2025,2025,24,43,7,0,0,0
1473447,2,ded9240e,2025,2025,12,27,2,0,0,0
1473448,1,59559bc2,2025,2025,12,30,2,0,0,0
1473450,2,1abb78f8,2025,2025,18,39,6,1,0,0
1473450,2,8e514b4c,2025,2025,2,6,1,0,0,0
1473454,1,765a4731,2025,2025,24,50,6,0,0,0
1473457,1,5bb1a1c4,2025,2025,24,53,5,0,0,0
1473458,2,9440ef41,2025,2025,24,32,10,1,0,0
1473470,2,2ed569a0,2025,2025,6,9,2,0,0,0
1473475,2,a2f46292,2025,2025,12,24,6,0,0,0
1473475,2,64839cb3,2025,2025,10,34,2,3,0,0
1473480,2,e94915e6,2025,2025,12,25,1,0,0,0
1473481,1,2cdce1be,2025,2025,18,39,3,1,0,0
1473485,1,2cffab74,2025,2025,12,17,6,2,0,0
1473489,1,a2f46292,2025,2025,18,65,5,0,1,0
1473490,1,4bd09374,2025,2025,18,50,4,3,0,0
1473491,1,b1ad996b,2025,2025,24,60,6,1,0,0
1473497,1,a97c8ec2,2025,2025,18,33,4,0,0,0
1473502,1,85e0cf10,2025,2025,24,44,6,1,0,0
1473505,2,f986ca1a,2025,2025,12,21,5,1,0,0
1473506,2,a818c1be,2025,2025,21,36,6,0,0,0
1473506,2,d45c29b1,2025,2025,6,16,0,1,0,0
1473508,2,244048f6,2025,2025,12,20,2,0,0,0
1473510,2,462411b3,2025,2025,24,40,6,0,0,0
1485779,2,244048f6,2025,2025,24,35,6,0,0,0
1527676,2,a2f46292,2026,2026,18,17,9,0,0,0
1527681,2,a9fd84fb,2026,2026,12,20,3,1,0,0
1527693,2,2e81a32d,2026,2026,24,38,6,2,0,0
1529270,1,a90e53ec,2026,2026,18,38,5,1,0,0
1529274,1,8d2c70ad,2026,2026,12,30,2,0,0,0
1529278,2,2cffab74,2026,2026,18,55,1,1,0,0
1529280,2,fcc21ace,2026,2026,18,16,10,0,0,0
1529284,1,25228673,2026,2026,18,50,4,0,0,0
1529286,2,df064e1a,2026,2026,12,28,2,0,0,0
1529293,1,2e81a32d,2026,2026,24,34,8,0,0,0
1529300,1,dadbdb68,2026,2026,24,48,9,0,0,0
1529303,1,5f547c8b,2026,2026,24,57,4,0,0,0
1529305,1,2e171977,2026,2026,24,31,8,0,0,0
1529308,1,e4cdf230,2026,2026,6,6,3,0,0,0
1529309,2,85e0cf10,2026,2026,6,13,1,0,0,0
1535463,1,280fff14,2026,2026,24,52,6,0,0,0
1535464,1,f19ccfad,2026,2026,12,23,0,0,0,0
1535464,1,5f547c8b,2026,2026,12,45,1,0,0,0
335984,2,bb18be76,2007/08,2008,12,16,2,0,0,0
335984,2,0264c10e,2007/08,2008,6,11,0,5,0,0
335985,2,a45a5e8d,2007/08,2008,6,10,2,0,0,0
335987,1,4329fbb5,2007/08,2008,24,39,12,0,1,0
335989,2,3eac9d95,2007/08,2008,24,53,7,2,0,0
335990,2,bd77eb62,2007/08,2008,17,46,2,0,0,0
335993,2,9ab63e7b,2007/08,2008,12,16,2,1,0,0
335994,2,87e562a9,2007/08,2008,13,31,3,2,0,0
335995,1,6b8eb6e5,2007/08,2008,12,25,1,0,0,0
335998,2,33a364a6,2007/08,2008,6,14,1,0,0,0
336004,2,f233bbb4,2007/08,2008,6,16,0,0,0,0
336005,2,c3d35165,2007/08,2008,6,10,3,7,1,0
336012,2,41eb4a4f,2007/08,2008,18,25,9,0,0,0
336013,1,5fa06777,2007/08,2008,24,33,9,3,0,0
336017,1,8ba8195d,2007/08,2008,6,7,2,0,0,0
336018,1,5f4e9e8f,2007/08,2008,18,33,3,1,0,0
336022,2,8ba8195d,2007/08,2008,6,22,0,1,0,0
336023,1,91a4a398,2007/08,2008,24,46,4,1,0,0
336023,1,e938e1bc,2007/08,2008,24,28,10,5,0,0
336023,1,ba607b88,2007/08,2008,12,16,1,2,0,0
336025,1,4ba44e19,2007/08,2008,24,41,6,0,0,0
336027,2,66b30f71,2007/08,2008,24,32,9,0,0,0
336028,2,2498e163,2007/08,2008,12,13,4,0,0,0
336031,2,fe763256,2007/08,2008,12,23,4,0,0,0
336034,2,8fd1a8f5,2007/08,2008,24,20,13,1,0,0
336035,1,b1451597,2007/08,2008,12,23,1,1,0,0
336036,2,f233bbb4,2007/08,2008,12,8,5,0,0,0
336040,1,f0f628c7,2007/08,2008,12,14,3,0,0,0
392184,2,32198ae0,2009,2009,1,4,0,0,0,0
392185,1,0c2730df,2009,2009,24,26,7,5,0,0
392186,1,b1451597,2009,2009,12,22,4,2,0,0
392186,2,98ae73b1,2009,2009,12,8,6,0,0,0
392189,2,260fd380,2009,2009,18,41,1,5,0,0
392190,1,725529bc,2009,2009,18,23,2,0,0,0
392190,2,fe93fd9d,2009,2009,6,7,2,0,0,0
392191,1,1c914163,2009,2009,18,28,5,0,0,0
392191,2,e938e1bc,2009,2009,24,36,5,1,0,0
392196,1,35205dfc,2009,2009,6,17,0,0,0,0
392196,1,8a668774,2009,2009,18,31,5,1,0,0
392205,1,f0f628c7,2009,2009,12,23,6,0,0,0
392205,1,c69a7b5c,2009,2009,6,7,2,0,0,0
392207,2,725529bc,2009,2009,6,9,1,0,0,0
392209,1,35205dfc,2009,2009,12,21,4,2,0,0
392210,1,4353bba5,2009,2009,18,44,5,0,1,0
392212,2,2a72fd4f,2009,2009,18,28,5,0,0,0
392214,2,4ba44e19,2009,2009,24,37,5,1,0,0
392224,2,c8179c68,2009,2009,24,25,8,0,0,0
392225,1,d2a989fc,2009,2009,24,29,11,1,0,0
392233,1,b1451597,2009,2009,24,20,13,1,0,0
419110,2,d7b3a420,2009/10,2010,6,16,2,1,0,0
419112,2,6b8eb6e5,2009/10,2010,18,42,6,3,5,0
419115,2,287686fd,2009/10,2010,16,24,7,3,0,0
419120,2,740742ef,2009/10,2010,6,7,3,0,0,0
419121,1,6581d753,2009/10,2010,1,1,1,1,0,0
419122,2,4f629497,2009/10,2010,18,31,6,0,0,0
419133,1,798934ea,2009/10,2010,6,13,1,0,0,0
419137,1,2815fe50,2009/10,2010,12,18,4,0,0,0
419139,2,db584dad,2009/10,2010,6,16,0,0,0,0
419142,1,c654af19,2009/10,2010,18,25,5,1,0,0
419143,1,bb18be76,2009/10,2010,18,42,2,2,0,0
419143,1,c15e2193,2009/10,2010,6,6,0,0,0,0
419143,2,98ae73b1,2009/10,2010,24,27,12,0,0,0
419144,1,ab89348d,2009/10,2010,18,30,5,0,0,0
419144,1,6b19d823,2009/10,2010,24,41,11,2,0,0
419146,1,dd09ff8e,2009/10,2010,24,38,5,0,0,0
419147,1,740742ef,2009/10,2010,12,19,3,2,0,0
419148,2,fa463154,2009/10,2010,18,29,4,0,0,0
419149,2,d7c6af50,2009/10,2010,22,27,8,1,0,0
419152,2,a757b0d8,2009/10,2010,24,15,10,0,0,0
419153,1,c3d35165,2009/10,2010,12,14,3,5,0,0
419153,2,66b30f71,2009/10,2010,12,25,4,1,0,0
419154,1,0c2730df,2009/10,2010,24,28,7,0,1,0
419158,2,c15e2193,2009/10,2010,6,14,1,0,0,0
419161,2,bd17b45f,2009/10,2010,6,9,0,0,0,0
419164,1,af7dadf7,2009/10,2010,6,6,3,0,0,0
501201,2,05c2ca46,2011,2011,24,16,14,0,0,0
501202,1,abfeb126,2011,2011,5,10,3,0,1,0
501203,1,2a2e6343,2011,2011,12,19,3,1,0,0
501204,2,9d80c5e1,2011,2011,24,25,9,0,0,0
501209,1,dd09ff8e,2011,2011,24,29,8,6,0,0
501219,1,85aae393,2011,2011,24,23,9,0,0,0
501221,2,626c5379,2011,2011,6,13,0,0,0,0
501222,2,3c6ffae8,2011,2011,18,25,10,0,0,0
501222,2,1e66c162,2011,2011,18,24,3,0,0,0
501225,2,41eb4a4f,2011,2011,18,27,5,0,0,0
501227,1,c64c2443,2011,2011,12,17,2,0,0,0
501229,1,6b8eb6e5,2011,2011,24,22,16,1,2,0
501232,1,6ef60d3a,2011,2011,18,47,5,0,0,0
501234,2,fd835ab3,2011,2011,12,19,2,0,0,0
501235,2,4180d897,2011,2011,21,22,8,0,0,0
501238,1,b2570b38,2011,2011,12,16,3,0,0,0
501240,2,4329fbb5,2011,2011,24,27,6,0,0,0
501247,2,fe93fd9d,2011,2011,24,24,11,0,0,0
501249,1,4329fbb5,2011,2011,24,47,4,2,0,0
501249,1,bb18be76,2011,2011,24,34,7,2,0,0
501251,1,740742ef,2011,2011,12,24,3,5,0,0
501262,1,dd09ff8e,2011,2011,24,28,10,0,0,0
501265,1,1c914163,2011,2011,6,8,3,0,1,0
501267,1,8b5b6769,2011,2011,18,26,5,2,0,0
501267,2,dd09ff8e,2011,2011,24,37,6,2,0,0
501268,2,d7c6af50,2011,2011,22,42,4,0,0,0
501270,2,66cf56a5,2011,2011,12,26,3,0,0,0
548307,1,b681e71e,2012,2012,6,12,1,1,0,0
548316,1,05c2ca46,2012,2012,24,15,11,0,0,0
548320,1,33a364a6,2012,2012,12,19,3,1,0,0
548324,1,41eb4a4f,2012,2012,24,51,5,0,0,0
548328,2,2a72fd4f,2012,2012,12,26,4,1,0,0
548329,1,5fa06777,2012,2012,24,46,9,0,0,0
548332,2,3d7e087f,2012,2012,24,30,2,0,0,0
548334,1,9a158001,2012,2012,24,39,5,1,0,0
548334,1,98ae73b1,2012,2012,24,19,8,0,0,0
548335,1,86dc8f2e,2012,2012,12,16,2,0,0,0
548337,2,96fd40ae,2012,2012,18,34,5,0,0,0
548339,1,a757b0d8,2012,2012,18,27,5,0,0,0
548347,1,33a364a6,2012,2012,18,22,2,1,0,0
548351,2,0f12f9df,2012,2012,6,8,2,0,0,0
548352,2,c8179c68,2012,2012,12,17,0,0,0,0
548355,2,c8179c68,2012,2012,18,27,5,0,0,0
548356,2,0a476045,2012,2012,6,11,1,0,0,0
548359,2,9a158001,2012,2012,24,31,8,6,0,0
548361,1,87e562a9,2012,2012,18,38,3,2,0,0
548363,2,a12e1d51,2012,2012,24,27,4,0,0,0
548365,1,5d9a1a73,2012,2012,18,31,3,0,0,0
548367,2,db584dad,2012,2012,16,39,2,1,0,0
548368,2,d4eef961,2012,2012,18,37,7,0,0,0
548369,1,fe763256,2012,2012,6,13,2,0,0,0
548372,1,5fa06777,2012,2012,24,44,6,0,0,0
548377,2,addfb70e,2012,2012,24,40,5,6,0,0
597999,1,3eac9d95,2013,2013,24,22,11,2,0,0
598008,1,4ba44e19,2013,2013,24,30,6,0,1,0
598009,2,6b8eb6e5,2013,2013,16,38,7,0,1,0
598009,2,557153ca,2013,2013,24,26,8,0,0,0
598016,2,fd835ab3,2013,2013,6,14,1,0,0,0
598024,1,fa463154,2013,2013,18,37,4,1,0,0
598029,1,a757b0d8,2013,2013,12,14,4,0,0,0
598035,1,1c914163,2013,2013,12,9,3,0,0,0
598036,2,1e66c162,2013,2013,18,30,4,0,0,0
598037,1,9a158001,2013,2013,24,32,9,0,0,0
598039,2,6c6591ab,2013,2013,24,18,10,0,0,0
1082593,2,d2a989fc,2017,2017,17,42,3,2,0,0
1082594,1,759ac88f,2017,2017,24,34,6,0,0,0
1082596,1,c18496e1,2017,2017,24,24,7,0,0,0
1082600,1,5b8c830e,2017,2017,6,12,0,1,1,0
1082601,2,b681e71e,2017,2017,6,18,0,0,0,0
1082610,2,4329fbb5,2017,2017,12,24,1,0,0,0
1082611,2,32198ae0,2017,2017,18,32,3,1,0,0
1082612,2,5bb1a1c4,2017,2017,24,58,2,0,0,0
1082622,1,8d2c70ad,2017,2017,24,27,4,0,0,0
1082622,2,91a4a398,2017,2017,7,8,2,0,0,0
1082623,1,69be866a,2017,2017,12,26,2,0,0,0
1082625,2,7c7d63a2,2017,2017,6,9,2,0,0,0
1082627,1,56ab442f,2017,2017,24,34,6,1,0,0
1082632,1,8cf9814c,2017,2017,18,40,4,0,0,0
1082632,2,808f425a,2017,2017,15,35,2,1,0,0
1082641,1,a12e1d51,2017,2017,24,45,5,3,1,0
1082643,2,fe93fd9d,2017,2017,18,19,4,0,0,0
1082649,2,db31895a,2017,2017,6,14,0,2,0,0
1136561,1,8d92a2c3,2018,2018,24,49,5,1,0,0
1136562,1,d9273ee7,2018,2018,6,7,0,0,0,0
1136564,2,e087956b,2018,2018,12,21,4,1,0,0
1136576,1,73ad96ed,2018,2018,12,16,4,1,0,0
1136578,2,fb2d1dda,2018,2018,1,0,1,0,0,0
1136579,1,4c5d73db,2018,2018,24,40,7,0,0,0
1136580,2,fe93fd9d,2018,2018,24,28,6,1,0,0
1136584,2,2f49c897,2018,2018,24,48,4,4,0,0
1136590,2,8b5b6769,2018,2018,24,26,8,1,0,0
1136597,1,85e0cf10,2018,2018,24,39,7,1,0,0
1136600,2,69be866a,2018,2018,6,12,1,0,0,0
1136609,2,5574750c,2018,2018,24,43,10,0,0,0
1136616,1,8b5b6769,2018,2018,6,13,1,0,0,0
1136618,1,1e66c162,2018,2018,12,33,1,0,0,0
1136618,2,bbd41817,2018,2018,18,22,5,0,0,0
1175356,1,23eeb873,2019,2019,24,17,12,0,1,0
1175357,1,fb2d1dda,2019,2019,6,9,0,0,0,0
1175366,1,bb351c23,2019,2019,18,29,5,0,0,0
1175367,1,90de905a,2019,2019,12,13,3,1,0,0
1175368,2,e2db2409,2019,2019,12,19,3,0,0,0
1175370,1,1abb78f8,2019,2019,24,37,9,3,0,0
1175370,2,5b8c830e,2019,2019,12,12,5,2,0,0
1178396,1,8d2c70ad,2019,2019,24,33,5,0,0,0
1178396,2,5574750c,2019,2019,18,14,11,0,0,0
1178399,1,5b8c830e,2019,2019,12,17,2,0,0,0
1178401,2,8d2c70ad,2019,2019,24,28,6,1,0,0
1178402,2,dbe50b21,2019,2019,9,11,2,0,0,0
1178403,2,e94915e6,2019,2019,18,31,4,0,0,0
1178408,2,1abb78f8,2019,2019,18,31,4,3,0,0
1178416,2,7dc35884,2019,2019,24,27,7,0,0,0
1178417,2,f19ccfad,2019,2019,12,21,6,0,0,0
1178428,2,90de905a,2019,2019,24,16,9,0,0,0
1178428,2,bd17b45f,2019,2019,6,6,0,0,0,0
1178430,2,23eeb873,2019,2019,24,28,14,0,0,0
1181767,2,75224f22,2019,2019,18,49,4,6,0,0
1216497,1,2e171977,2020/21,2021,6,7,3,0,0,0
1216498,1,ce794613,2020/21,2021,24,23,9,2,0,0
1216499,1,5b8c830e,2020/21,2021,24,27,8,0,0,0
1216499,2,f19ccfad,2020/21,2021,24,20,10,1,0,0
1216504,1,04a418e8,2020/21,2021,6,14,0,0,0,0
1216507,2,f29185a1,2020/21,2021,6,11,1,0,0,0
1216508,2,5b8c830e,2020/21,2021,6,10,2,0,0,0
1216509,1,2e171977,2020/21,2021,24,23,5,0,0,0
1216518,1,ce794613,2020/21,2021,24,46,5,1,0,0
1216518,1,9d80c5e1,2020/21,2021,6,9,0,0,0,0
1216518,2,39a2dfa8,2020/21,2021,24,25,6,0,0,0
1216523,1,7d92277a,2020/21,2021,24,44,6,3,0,0
1216524,2,dcce6f09,2020/21,2021,1,2,0,1,0,0
1216526,1,5b8c830e,2020/21,2021,24,23,10,0,0,0
1216538,1,ce794613,2020/21,2021,24,29,10,0,0,0
1216539,2,6b19d823,2020/21,2021,24,23,6,0,0,0
1216541,2,5b8c830e,2020/21,2021,12,20,4,0,0,0
1237177,2,56ab442f,2020/21,2021,24,27,10,1,0,0
1237178,1,5f547c8b,2020/21,2021,24,22,11,0,0,0
1254058,1,2a2e6343,2021,2021,12,21,3,1,0,0
1254061,1,0a8fce53,2021,2021,24,45,4,3,1,0
1254062,2,740742ef,2021,2021,6,9,0,0,0,0
1254063,2,f19ccfad,2021,2021,12,14,7,1,0,0
1254066,2,a757b0d8,2021,2021,12,10,5,0,0,0
1254068,1,ad427b5c,2021,2021,6,11,1,0,0,0
1254077,1,a2f46292,2021,2021,24,42,5,0,0,0
1254077,2,d9273ee7,2021,2021,6,12,2,0,0,0
1254080,1,bb351c23,2021,2021,12,16,2,0,0,0
1254081,2,2cdce1be,2021,2021,18,18,5,0,0,0
1254083,2,73ad96ed,2021,2021,6,13,1,0,0,0
1254087,2,2f49c897,2021,2021,12,12,8,1,0,0
1254087,2,68c56d09,2021,2021,12,26,4,2,1,0
1254088,1,62af8546,2021,2021,18,33,3,0,0,0
1254090,2,f986ca1a,2021,2021,24,27,10,0,0,0
1254091,2,dcf81436,2021,2021,16,24,8,0,0,0
1254096,1,fb2d1dda,2021,2021,6,5,4,0,0,0
1254100,1,0f721006,2021,2021,24,27,7,1,0,0
1254100,2,1e66c162,2021,2021,12,20,4,1,0,0
1254108,1,5b8c830e,2021,2021,24,27,7,3,0,0
1254110,2,bb351c23,2021,2021,18,16,8,0,0,0
1254114,2,e62dd25d,2021,2021,18,23,5,0,0,0
1254117,1,a24be938,2021,2021,6,5,1,0,0,0
1304049,1,23cca426,2022,2022,24,52,8,1,0,0
1304053,1,73ad96ed,2022,2022,6,12,2,0,0,0
1304057,1,bb351c23,2022,2022,6,8,3,0,0,0
1304063,2,ffe699c0,2022,2022,18,34,5,0,1,0
1304072,1,b0482a1d,2022,2022,6,7,2,0,0,0
1304072,1,245c97cb,2022,2022,18,54,1,2,0,0
1304078,2,9eb1455b,2022,2022,12,15,5,2,0,0
1304083,1,0c9652b0,2022,2022,12,11,5,0,0,0
1304087,2,13c35c9e,2022,2022,24,31,5,1,0,0
1304087,2,fb2d1dda,2022,2022,6,14,1,0,0,0
1304087,2,85ec8e33,2022,2022,6,7,4,0,0,0
1304092,1,6a26221c,2022,2022,18,36,3,0,0,0
1304096,1,81c08fa3,2022,2022,24,52,8,6,0,0
1304103,2,b0946605,2022,2022,12,14,4,0,0,0
1304108,1,dbe50b21,2022,2022,12,8,5,0,1,0
1304109,1,327b58d3,2022,2022,18,35,7,0,1,0
1304112,2,0f721006,2022,2022,24,45,8,2,0,0
1312199,2,b681e71e,2022,2022,18,17,5,0,0,0
1359477,2,1e66c162,2023,2023,18,39,3,6,0,0
1359478,1,2e81a32d,2023,2023,18,36,6,1,0,0
1359482,2,e94915e6,2023,2023,24,44,6,0,0,0
1359484,1,73c18486,2023,2023,6,5,1,0,0,0
1359484,2,f19ccfad,2023,2023,6,11,1,0,0,0
1359487,1,2f9d0389,2023,2023,24,40,6,1,1,0
1359488,1,ce794613,2023,2023,24,40,10,0,0,0
1359488,2,9a5f2863,2023,2023,12,29,3,0,0,0
1359490,2,2e171977,2023,2023,24,20,11,1,0,0
1359495,1,a90e53ec,2023,2023,12,10,7,0,0,0
1359500,2,df064e1a,2023,2023,24,25,6,0,1,0
1359502,1,3d8feaf8,2023,2023,12,25,2,2,0,0
1359503,2,f19ccfad,2023,2023,16,16,4,0,0,0
1359506,2,b681e71e,2023,2023,12,25,3,0,0,0
1359510,2,9d430b40,2023,2023,24,41,1,0,0,0
1359520,2,c05edf8e,2023,2023,12,21,1,0,0,0
1359525,1,df064e1a,2023,2023,12,21,2,1,0,0
1359526,1,1b7b0fa7,2023,2023,12,18,4,1,0,0
1359538,1,9eb1455b,2023,2023,24,46,6,0,0,0
1422137,1,495d42a5,2024,2024,24,28,5,1,0,0
1422137,1,eef2536f,2024,2024,24,46,3,0,0,0
1422139,2,b1ad996b,2024,2024,6,13,2,0,0,0
1426260,1,ba5e1069,2024,2024,6,4,2,0,0,0
1426268,1,54e52590,2024,2024,24,64,2,2,0,0
1426269,1,495d42a5,2024,2024,24,49,8,9,0,0
1426270,1,8d2c70ad,2024,2024,24,16,12,0,0,0
1426272,2,bb351c23,2024,2024,6,5,2,0,0,0
1426278,1,c7a995d3,2024,2024,6,22,0,0,0,0
1426282,2,5b8c830e,2024,2024,24,24,5,0,0,0
1426288,1,57ee1fde,2024,2024,24,62,6,1,0,0
1426293,2,f9e6e7ef,2024,2024,6,11,1,0,0,0
1426297,1,30df8c66,2024,2024,24,60,4,2,0,0
1426298,2,7c3b3b78,2024,2024,12,16,7,1,1,0
1426299,1,fe93fd9d,2024,2024,24,24,7,0,0,0
1426300,2,119678fd,2024,2024,12,19,2,0,0,0
1426302,1,c33d8116,2024,2024,24,29,11,0,0,0
1426305,1,dbe50b21,2024,2024,12,27,1,0,0,0
598042,2,abfeb126,2013,2013,24,29,7,0,0,2
598044,1,c03c6200,2013,2013,18,10,10,0,0,2
598052,1,99b202b3,2013,2013,24,24,11,0,0,1
598054,1,5fa06777,2013,2013,24,24,11,1,0,1
598055,1,a12e1d51,2013,2013,24,27,5,0,1,2
598057,2,66cf56a5,2013,2013,24,37,9,1,0,1
598058,2,759ac88f,2013,2013,24,21,14,0,0,1
598059,1,2a72fd4f,2013,2013,24,24,11,2,0,3
598059,2,7c503806,2013,2013,24,23,9,0,0,1
598062,1,cc1e8c68,2013,2013,24,26,7,0,0,2
598063,2,f5180fe6,2013,2013,24,23,14,1,0,2
598066,1,56ab442f,2013,2013,24,29,11,1,0,1
598066,1,26a85969,2013,2013,24,26,11,2,0,1
598072,2,557153ca,2013,2013,24,33,9,1,0,2
598073,2,6c6591ab,2013,2013,24,28,11,0,0,1
729289,1,1e66c162,2014,2014,24,25,4,0,0,1
729291,2,808f425a,2014,2014,22,45,2,1,0,1
729305,1,4329fbb5,2014,2014,12,5,9,1,0,1
729313,2,57ee1fde,2014,2014,24,23,8,0,0,2
729315,2,808f425a,2014,2014,12,11,7,3,0,3
729317,1,91a4a398,2014,2014,24,26,8,0,0,2
733975,2,8cf9814c,2014,2014,24,22,10,0,0,1
733983,2,8b5b6769,2014,2014,24,33,10,0,0,2
733985,1,cc1e8c68,2014,2014,24,26,9,2,0,1
733987,1,759ac88f,2014,2014,24,38,11,0,0,2
734013,1,4ba44e19,2014,2014,24,29,10,2,0,1
734017,2,531f0278,2014,2014,24,50,6,3,0,2
734023,2,e0407c01,2014,2014,24,31,9,0,0,1
734035,2,d68e7f48,2014,2014,12,21,5,0,0,1
734039,2,1e66c162,2014,2014,12,3,10,0,0,1
734041,2,557153ca,2014,2014,24,38,7,0,0,2
734047,2,ce820073,2014,2014,18,32,4,1,0,1
829707,2,e0407c01,2015,2015,24,30,9,0,0,1
829715,2,6b19d823,2015,2015,24,32,8,2,0,2
829715,2,acee4cc4,2015,2015,24,28,9,1,0,4
829719,1,7ca5e05d,2015,2015,18,31,5,5,0,2
829721,1,13c35c9e,2015,2015,24,46,11,0,0,1
829721,1,fb66ce1f,2015,2015,24,34,12,0,0,1
829723,2,759ac88f,2015,2015,24,22,14,0,0,1
829729,1,759ac88f,2015,2015,24,43,6,0,0,1
829731,1,8fd1a8f5,2015,2015,24,27,10,0,0,1
829735,1,fb66ce1f,2015,2015,24,19,14,0,0,1
829739,1,98ae73b1,2015,2015,24,27,8,5,0,2
829745,2,96fd40ae,2015,2015,24,10,14,0,0,4
829751,1,8fd1a8f5,2015,2015,24,38,8,0,0,2
829753,1,2e171977,2015,2015,24,35,8,1,0,1
829759,2,a818c1be,2015,2015,24,19,14,2,0,3
829781,2,cc1e8c68,2015,2015,24,34,10,2,0,2
829781,2,98ae73b1,2015,2015,24,16,8,0,0,1
829783,1,8b5b6769,2015,2015,24,11,15,0,0,2
829787,2,7ca5e05d,2015,2015,18,22,4,0,0,1
829791,2,b56dc5f7,2015,2015,24,35,9,0,0,1
829791,2,b681e71e,2015,2015,6,5,1,0,0,1
829795,2,957532de,2015,2015,24,29,9,0,0,1
829799,1,b681e71e,2015,2015,18,28,7,1,0,1
829801,2,f62772e5,2015,2015,18,28,5,0,0,2
980901,1,33a364a6,2016,2016,24,10,17,0,0,1
980905,1,fe93fd9d,2016,2016,24,30,8,1,0,2
980907,1,0a8fce53,2016,2016,24,26,11,0,0,2
980913,1,91a4a398,2016,2016,24,14,17,0,0,1
980917,1,808f425a,2016,2016,24,40,6,3,2,1
980919,2,e2db2409,2016,2016,24,36,5,0,0,3
980921,1,91a4a398,2016,2016,24,50,6,0,0,1
980921,1,e342e5fb,2016,2016,12,18,4,0,0,1
980939,1,cc1e8c68,2016,2016,12,16,1,0,0,1
980967,1,32198ae0,2016,2016,18,24,5,2,0,1
980967,2,e938e1bc,2016,2016,24,28,11,1,0,1
980985,1,759ac88f,2016,2016,24,26,15,1,0,2
980987,2,57ee1fde,2016,2016,24,19,13,0,0,3
981003,2,0a8fce53,2016,2016,24,24,11,2,0,1
981009,1,0a8fce53,2016,2016,24,32,6,1,0,1
981009,2,8d2c70ad,2016,2016,24,28,11,1,0,2
981015,2,2e11c706,2016,2016,18,14,7,0,0,1
981017,1,2e11c706,2016,2016,18,20,7,0,0,2
1426309,1,3fb19989,2024,2024,24,34,11,1,0,3
1426310,1,eef2536f,2024,2024,24,44,6,0,0,3
1426312,1,7c3b3b78,2024,2024,18,24,8,4,0,1
1426312,1,77b1aa15,2024,2024,24,24,13,1,0,2
1426312,2,f9e6e7ef,2024,2024,15,22,4,0,0,1
1473438,1,7210d461,2025,2025,18,25,7,0,0,1
1473438,2,5b7ab5a9,2025,2025,24,43,7,0,0,1
1473441,2,1abb78f8,2025,2025,12,19,5,1,0,2
1473446,1,dbe50b21,2025,2025,24,29,8,3,0,2
1473453,2,1abb78f8,2025,2025,24,40,3,2,0,1
1473454,2,3fb19989,2025,2025,24,27,11,6,1,1
1473456,2,0a67aec0,2025,2025,24,55,9,7,0,2
1473460,1,46a9bea1,2025,2025,24,53,7,7,0,2
1473460,1,ce820073,2025,2025,24,41,6,3,0,1
1473462,1,bb351c23,2025,2025,24,20,11,1,0,1
1473463,1,1abb78f8,2025,2025,24,34,9,3,0,2
1473465,1,03806cf8,2025,2025,18,26,7,0,0,1
1473471,2,2e81a32d,2025,2025,18,26,7,0,0,2
1473472,1,c7a995d3,2025,2025,6,9,2,1,0,1
1473473,1,5574750c,2025,2025,24,32,7,1,0,1
1473473,1,46a9bea1,2025,2025,24,26,8,3,0,1
1473473,1,a97c8ec2,2025,2025,24,31,7,0,0,2
1473473,2,1abb78f8,2025,2025,18,34,5,0,0,1
1473474,2,244048f6,2025,2025,18,26,6,0,0,1
1473475,2,fe93fd9d,2025,2025,18,28,6,0,0,1
1473476,2,2f49c897,2025,2025,24,32,11,2,0,1
1473478,2,5750bcb4,2025,2025,18,33,6,1,0,1
1473479,2,7210d461,2025,2025,18,33,4,1,0,1
1473481,1,5b7ab5a9,2025,2025,24,39,8,0,0,1
1473482,1,b1ad996b,2025,2025,24,40,12,4,0,2
1473487,1,04a418e8,2025,2025,12,12,5,1,0,1
1473490,1,4885bbe6,2025,2025,12,26,6,1,0,1
1473491,1,b483905d,2025,2025,24,30,9,0,0,2
1473494,2,5b7ab5a9,2025,2025,24,18,12,1,0,2
1473497,2,c05edf8e,2025,2025,24,22,9,0,0,3
1473501,2,462411b3,2025,2025,20,12,12,0,0,3
1473503,1,c5aef772,2025,2025,12,14,5,2,0,2
1473506,1,244048f6,2025,2025,24,28,11,0,0,2
1473509,2,d45c29b1,2025,2025,21,28,5,1,0,1
1473511,1,8f6dd463,2025,2025,24,35,3,2,0,1
1485779,2,ed5a5510,2025,2025,12,20,3,0,0,1
1527674,2,6c79c098,2026,2026,18,35,5,1,0,2
1527678,2,c33d8116,2026,2026,24,19,12,1,0,1
1527682,1,50c09020,2026,2026,24,37,10,2,0,1
1527682,2,465aa633,2026,2026,18,29,6,1,0,1
1527683,1,80b2fb19,2026,2026,24,34,9,0,0,2
1527683,1,eef2536f,2026,2026,24,36,7,0,0,2
1527689,1,fe93fd9d,2026,2026,12,14,2,0,0,1
1527692,2,80b2fb19,2026,2026,24,31,9,1,0,1
1529266,1,5b8c830e,2026,2026,24,38,10,2,0,2
1529268,1,85e0cf10,2026,2026,24,32,8,2,0,1
1529271,1,9d430b40,2026,2026,24,26,13,0,0,2
1529271,2,5574750c,2026,2026,24,35,9,2,0,1
1529274,2,de7d833e,2026,2026,24,36,8,4,0,1
1529275,1,c33d8116,2026,2026,24,17,11,0,0,2
1529277,1,03806cf8,2026,2026,24,40,10,1,0,1
1529279,2,133bbd61,2026,2026,24,44,8,3,0,2
1529280,1,12314277,2026,2026,24,43,12,2,0,2
1529281,2,5d2eea49,2026,2026,24,41,9,0,2,1
1529282,1,5b8c830e,2026,2026,12,9,4,0,0,1
1529283,2,244048f6,2026,2026,24,68,6,1,0,1
1529284,1,ece7b6b3,2026,2026,24,54,5,0,0,2
1529284,1,aad0c365,2026,2026,12,31,2,1,0,1
1529285,1,12314277,2026,2026,20,22,11,1,0,3
1529286,1,68c56d09,2026,2026,24,48,5,0,0,1
1529291,2,f834dcfc,2026,2026,24,30,11,1,0,1
1529298,2,4b31f3a3,2026,2026,24,55,8,5,1,2
1529299,2,5f547c8b,2026,2026,5,3,2,0,0,1
1529304,1,244048f6,2026,2026,24,43,4,1,0,1
1529304,1,c05edf8e,2026,2026,24,35,8,1,0,2
1529307,1,02dfebbe,2026,2026,24,35,7,0,0,2
1529309,1,765a4731,2026,2026,24,36,9,0,0,1
1529312,2,465aa633,2026,2026,24,43,8,2,0,2
1529313,2,8d2c70ad,2026,2026,24,29,9,2,0,3
1535464,1,e62dd25d,2026,2026,24,35,10,0,0,2
1535465,2,12314277,2026,2026,24,32,9,0,0,1
335985,2,d2a989fc,2007/08,2008,16,19,8,2,0,1
335990,1,bb18be76,2007/08,2008,24,47,3,1,0,2
335994,1,c3d1402f,2007/08,2008,24,15,14,2,0,2
335995,1,5fa06777,2007/08,2008,24,26,7,3,0,2
335995,2,93a17209,2007/08,2008,24,23,9,0,0,1
335997,1,88fccd6c,2007/08,2008,24,27,11,0,0,2
335997,1,f233bbb4,2007/08,2008,24,14,14,1,0,3
336003,1,fd835ab3,2007/08,2008,18,23,7,0,0,1
336004,1,9fc0ef64,2007/08,2008,24,21,9,0,1,1
336005,1,f0f628c7,2007/08,2008,24,16,12,0,0,2
336013,1,6b8eb6e5,2007/08,2008,24,29,10,3,0,2
336015,2,8ba8195d,2007/08,2008,12,21,4,0,0,1
336016,2,41eb4a4f,2007/08,2008,12,11,6,0,0,1
336017,2,10a91f35,2007/08,2008,18,11,12,1,0,4
336017,2,66b30f71,2007/08,2008,24,29,10,1,0,1
336018,1,d2a989fc,2007/08,2008,24,33,13,6,0,3
336022,1,5d096f3d,2007/08,2008,12,22,4,2,0,2
336024,1,c3d1402f,2007/08,2008,24,35,12,0,0,3
336028,1,88fccd6c,2007/08,2008,18,14,10,0,0,1
336031,1,5d096f3d,2007/08,2008,24,20,12,1,0,1
336034,2,86dc8f2e,2007/08,2008,24,35,5,0,0,1
336037,1,20a941bb,2007/08,2008,24,24,12,2,0,1
336039,1,20a941bb,2007/08,2008,24,23,14,0,0,2
392185,2,9f961c14,2009,2009,6,10,2,1,0,1
392188,2,57efa3be,2009,2009,24,32,9,1,0,3
392191,2,86dc8f2e,2009,2009,24,51,3,6,0,1
392194,1,d7c6af50,2009,2009,24,35,7,0,0,1
392196,1,6c6591ab,2009,2009,12,11,4,0,0,2
392200,1,2e8994e7,2009,2009,18,23,6,5,0,1
392204,2,0c2730df,2009,2009,24,25,12,0,0,2
392206,2,c3d35165,2009,2009,24,32,10,0,0,1
392207,1,98ae73b1,2009,2009,24,27,11,2,0,2
392207,2,fa463154,2009,2009,24,29,7,0,0,1
392208,1,05c2ca46,2009,2009,18,27,5,0,0,1
392209,2,c3d35165,2009,2009,18,24,10,0,1,2
392210,2,bb18be76,2009,2009,18,38,6,2,0,2
392212,1,f233bbb4,2009,2009,24,31,6,0,0,1
392214,1,6b8eb6e5,2009,2009,24,37,9,1,0,1
392216,1,3dba85c2,2009,2009,24,26,11,0,1,1
392216,2,aaa1b522,2009,2009,18,24,6,0,0,1
392217,1,c8179c68,2009,2009,24,35,10,1,0,2
392219,2,32198ae0,2009,2009,24,35,7,2,0,1
392220,1,3d7e087f,2009,2009,18,33,3,0,0,1
392220,2,740742ef,2009,2009,18,12,6,0,0,3
392223,1,bd77eb62,2009,2009,18,19,10,2,0,1
392223,2,9fc0ef64,2009,2009,24,18,14,3,0,3
392227,2,a12e1d51,2009,2009,24,19,13,1,0,1
392227,2,d2a989fc,2009,2009,24,45,8,5,0,1
392229,2,5fa06777,2009,2009,18,29,9,1,0,2
392233,1,caa89a48,2009,2009,18,15,4,0,0,1
392233,2,7c503806,2009,2009,24,19,13,0,0,2
392234,2,b2ae53f5,2009,2009,24,28,11,2,0,2
392237,2,96fd40ae,2009,2009,24,38,8,1,1,1
419108,1,93a17209,2009/10,2010,18,23,5,1,0,1
419110,2,6c6591ab,2009/10,2010,24,28,8,0,0,2
419111,1,ab89348d,2009/10,2010,24,32,10,1,0,1
419113,2,6581d753,2009/10,2010,18,12,8,1,0,3
419116,1,b2b50355,2009/10,2010,18,21,8,0,0,2
419116,2,5bdcdb72,2009/10,2010,13,30,3,0,0,1
419123,1,b2b50355,2009/10,2010,24,49,7,1,1,1
419124,2,addfb70e,2009/10,2010,19,22,8,1,0,3
419126,1,287686fd,2009/10,2010,24,35,10,0,0,2
419128,2,9fc0ef64,2009/10,2010,24,32,4,4,0,1
419129,1,c3d35165,2009/10,2010,24,46,7,0,0,2
419131,1,d1c94b25,2009/10,2010,18,35,6,1,0,2
419135,2,fa463154,2009/10,2010,24,31,7,1,0,1
419135,2,abfeb126,2009/10,2010,24,29,8,0,0,1
419136,1,41eb4a4f,2009/10,2010,18,24,5,0,0,1
419136,1,86dc8f2e,2009/10,2010,24,45,7,5,0,1
419140,2,6b19d823,2009/10,2010,24,32,13,0,1,3
419143,1,3d7e087f,2009/10,2010,24,22,9,1,0,2
419149,1,98ae73b1,2009/10,2010,24,16,14,0,0,2
419149,2,a386e91b,2009/10,2010,24,19,11,0,0,2
419151,2,2a72fd4f,2009/10,2010,24,24,9,2,0,2
419152,2,342d8ade,2009/10,2010,24,32,6,0,1,2
419153,1,4ba44e19,2009/10,2010,24,47,7,7,0,1
419159,2,98ae73b1,2009/10,2010,24,28,11,0,0,1
501198,1,3c6ffae8,2011,2011,18,19,7,2,0,1
501198,2,13c35c9e,2011,2011,24,30,8,0,0,1
501199,1,3d7e087f,2011,2011,24,15,13,0,0,3
501202,2,e938e1bc,2011,2011,18,28,8,1,0,1
501203,2,33a364a6,2011,2011,24,29,6,0,0,2
501204,1,3d7e087f,2011,2011,24,36,7,2,0,1
501204,1,bb18be76,2011,2011,24,17,15,0,0,2
501206,2,f5f18a18,2011,2011,24,32,6,0,0,1
501208,2,5bb1a1c4,2011,2011,24,21,14,0,0,1
501215,1,0f12f9df,2011,2011,24,32,6,1,0,1
501218,1,2af1b6d2,2011,2011,18,13,8,0,0,2
501222,2,b2b50355,2011,2011,24,43,8,4,0,1
501223,1,a45a5e8d,2011,2011,12,22,1,0,0,1
501224,2,a12e1d51,2011,2011,24,9,13,0,0,3
501229,2,6b19d823,2011,2011,24,12,11,0,0,1
501230,1,5fa06777,2011,2011,24,16,11,0,0,1
501231,1,bb18be76,2011,2011,24,13,13,1,0,1
501231,2,a12e1d51,2011,2011,24,20,14,0,0,1
501232,2,d7c6af50,2011,2011,24,23,9,0,0,1
501233,2,05c2ca46,2011,2011,23,20,9,0,0,3
501235,2,b552a935,2011,2011,24,28,10,1,0,1
501243,2,2a2e6343,2011,2011,24,31,8,5,0,1
501248,1,3a60e0b5,2011,2011,24,12,13,0,0,2
501251,1,a12e1d51,2011,2011,24,24,9,1,0,2
501253,1,5fa06777,2011,2011,24,40,5,0,1,1
501253,2,87e562a9,2011,2011,18,21,4,2,0,2
501259,1,8fd1a8f5,2011,2011,24,23,9,1,0,1
501261,1,b57f8a9a,2011,2011,18,24,4,0,0,1
501262,2,b552a935,2011,2011,18,29,4,1,0,1
501263,1,4329fbb5,2011,2011,24,19,12,2,0,3
501264,2,6b19d823,2011,2011,24,9,16,0,0,4
501270,1,2af1b6d2,2011,2011,24,56,5,10,1,1
501270,1,f0f628c7,2011,2011,24,27,7,0,0,2
501270,2,91a4a398,2011,2011,24,32,8,1,0,1
548306,1,6c6591ab,2012,2012,24,17,9,0,0,2
548306,1,a757b0d8,2012,2012,24,15,11,2,0,2
548307,1,05c2ca46,2012,2012,18,28,8,1,0,2
548307,1,5bb5a915,2012,2012,18,18,8,0,0,3
548308,1,8b5b6769,2012,2012,18,16,7,0,0,1
548310,1,5bb5a915,2012,2012,24,30,9,1,0,2
548315,1,d7c6af50,2012,2012,18,22,6,0,0,1
548315,2,86dc8f2e,2012,2012,12,7,8,0,0,2
548315,2,4ec07775,2012,2012,18,24,2,4,0,1
548316,1,cc1e8c68,2012,2012,18,24,9,2,0,1
548316,1,5bb5a915,2012,2012,24,19,13,2,0,2
548319,2,5d9a1a73,2012,2012,18,17,6,0,0,1
548335,1,33a364a6,2012,2012,24,26,5,0,1,1
548336,1,f708a0bc,2012,2012,24,39,7,5,1,2
548339,1,cf73ad76,2012,2012,6,5,3,1,0,1
548343,2,e938e1bc,2012,2012,24,40,8,1,0,1
548345,2,5fa06777,2012,2012,24,27,10,2,0,1
548349,1,5bb5a915,2012,2012,24,23,10,0,0,1
548353,1,896d78ad,2012,2012,24,17,9,0,0,2
548354,1,12eddf28,2012,2012,24,34,11,0,0,4
548355,2,495d42a5,2012,2012,24,28,5,1,0,1
548355,2,fe93fd9d,2012,2012,12,12,4,0,0,2
548356,1,0c432afb,2012,2012,24,45,5,1,0,1
548364,1,495d42a5,2012,2012,24,17,9,0,0,1
548364,2,5fa06777,2012,2012,12,15,5,0,0,1
548366,1,9a158001,2012,2012,24,39,4,0,1,2
548366,2,2a2e6343,2012,2012,24,31,8,0,0,2
548367,2,91a4a398,2012,2012,24,34,9,2,0,1
548368,1,f3171936,2012,2012,18,26,8,0,0,1
548371,2,87e562a9,2012,2012,18,18,9,0,0,2
548372,2,0c432afb,2012,2012,18,30,7,1,0,3
548374,2,12eddf28,2012,2012,24,19,15,0,0,2
548375,2,85aae393,2012,2012,18,20,7,3,0,1
548376,1,91a4a398,2012,2012,24,30,9,0,0,2
548378,1,f62772e5,2012,2012,24,18,11,0,0,1
548378,2,9d430b40,2012,2012,24,24,11,0,0,2
597998,2,7c503806,2013,2013,22,22,7,0,0,1
598004,1,94253925,2013,2013,6,5,2,0,0,1
598009,2,808f425a,2013,2013,24,17,13,1,0,2
598010,1,6b19d823,2013,2013,24,15,10,0,0,1
598012,1,c404f58a,2013,2013,24,31,13,1,1,1
598016,2,9a158001,2013,2013,24,21,11,1,0,3
598017,2,cc1e8c68,2013,2013,24,22,9,0,0,2
598018,1,3d8feaf8,2013,2013,24,26,6,1,0,1
598018,2,5bb1a1c4,2013,2013,24,22,13,0,0,1
598019,2,bd17b45f,2013,2013,18,14,8,0,0,2
598020,2,fb66ce1f,2013,2013,12,13,8,1,0,1
598021,1,6b19d823,2013,2013,24,29,8,0,0,2
598025,1,9a158001,2013,2013,24,42,6,0,0,2
598027,1,3d8feaf8,2013,2013,18,56,3,1,0,1
598033,1,c3d1402f,2013,2013,24,40,7,2,0,1
598035,2,cc1e8c68,2013,2013,24,24,13,1,0,2
1082603,2,1abb78f8,2017,2017,18,14,9,1,0,1
1082604,1,5f547c8b,2017,2017,24,29,7,0,0,1
1082604,2,4c5d73db,2017,2017,24,49,4,3,0,2
1082610,2,f62772e5,2017,2017,24,21,17,1,0,1
1082612,1,462411b3,2017,2017,24,30,8,1,1,1
1082616,1,35205dfc,2017,2017,6,18,1,0,0,1
1082618,1,119678fd,2017,2017,24,39,7,0,0,2
1082618,2,1e66c162,2017,2017,24,40,7,1,0,2
1082620,1,9d430b40,2017,2017,24,34,6,1,0,1
1082623,2,5f547c8b,2017,2017,24,16,12,0,0,1
1082624,2,acee4cc4,2017,2017,24,18,12,0,0,3
1082625,1,a12e1d51,2017,2017,24,33,10,4,0,2
1082628,1,462411b3,2017,2017,24,33,7,0,0,1
1082629,1,acee4cc4,2017,2017,24,27,9,0,0,3
1082630,2,2e81a32d,2017,2017,24,33,9,0,0,1
1082635,2,51a3c5ef,2017,2017,12,18,5,0,0,1
1082635,2,462411b3,2017,2017,6,6,3,0,0,1
1082638,1,2e81a32d,2017,2017,24,29,8,4,0,2
1082641,2,2e171977,2017,2017,18,28,6,0,0,1
1082642,1,2a2e6343,2017,2017,12,18,1,0,0,1
1082643,1,5f547c8b,2017,2017,24,34,10,0,0,3
1082644,1,8d2c70ad,2017,2017,18,25,4,0,0,1
1082644,1,db31895a,2017,2017,18,14,7,0,0,1
1082644,2,f5180fe6,2017,2017,24,30,11,1,0,1
1082649,2,56ab442f,2017,2017,18,15,6,0,0,1
1082650,2,462411b3,2017,2017,24,26,7,0,0,2
1136565,1,fe93fd9d,2018,2018,12,19,6,0,0,1
1136565,1,1abb78f8,2018,2018,24,37,10,0,0,1
1136567,1,5f547c8b,2018,2018,24,13,17,1,0,1
1136580,1,2e81a32d,2018,2018,18,22,9,0,0,1
1136581,2,462411b3,2018,2018,24,28,10,0,1,2
1136583,2,5f547c8b,2018,2018,24,11,16,0,0,2
1136583,2,871e9faf,2018,2018,11,4,7,0,0,2
1136585,1,db31895a,2018,2018,24,14,16,0,0,5
1136589,1,8d2c70ad,2018,2018,24,20,9,0,0,1
1136593,1,9d430b40,2018,2018,24,20,10,0,0,2
1136594,1,dbe50b21,2018,2018,24,44,7,3,0,1
1136594,1,2e11c706,2018,2018,18,28,4,0,0,1
1136595,2,94d7f855,2018,2018,24,16,9,0,0,1
1136595,2,e2db2409,2018,2018,18,17,12,2,0,1
1136596,2,6b19d823,2018,2018,24,19,9,1,0,2
1136597,2,dbe50b21,2018,2018,24,19,13,1,0,2
1136598,2,69be866a,2018,2018,12,20,3,0,0,1
1136599,1,2f49c897,2018,2018,24,25,11,1,0,3
1136600,1,d9273ee7,2018,2018,12,15,4,0,0,1
1136603,2,1abb78f8,2018,2018,24,22,14,1,0,1
1136610,1,d9273ee7,2018,2018,18,43,3,0,0,1
1136611,2,2f49c897,2018,2018,24,43,7,1,0,1
1136612,1,f834dcfc,2018,2018,18,14,9,2,0,2
1136613,2,90de905a,2018,2018,12,6,5,0,0,1
1136616,2,db31895a,2018,2018,24,19,18,0,1,2
1136618,2,85e0cf10,2018,2018,24,28,10,0,0,1
1136619,1,c38d3503,2018,2018,24,33,9,1,0,1
1136620,1,fe93fd9d,2018,2018,12,24,1,0,0,1
1175359,1,d2a989fc,2019,2019,24,30,10,3,0,1
1175361,2,2f9d0389,2019,2019,24,42,10,2,0,1
1175362,1,57ee1fde,2019,2019,24,38,6,1,0,4
1175365,1,b410bd3d,2019,2019,24,29,12,0,0,1
1175365,2,2f9d0389,2019,2019,24,38,7,2,0,1
1178393,2,fef92afc,2019,2019,24,37,7,1,0,2
1178395,2,bb351c23,2019,2019,24,22,10,0,0,1
1178398,1,23eeb873,2019,2019,24,20,19,1,0,3
1178401,2,bbd41817,2019,2019,18,29,7,0,0,1
1178403,1,2f49c897,2019,2019,24,54,5,0,0,1
1178406,1,dbe50b21,2019,2019,18,21,4,0,0,1
1178406,2,2f49c897,2019,2019,12,21,4,2,0,1
1178406,2,57ee1fde,2019,2019,24,27,13,0,0,2
1178407,2,8cf9814c,2019,2019,24,46,5,0,0,2
1178410,2,21d4e29b,2019,2019,24,31,12,0,0,1
1178415,2,d2a989fc,2019,2019,24,51,4,0,0,1
1178417,1,a316d663,2019,2019,24,51,5,2,0,1
1178419,1,e4a0deae,2019,2019,24,13,15,0,0,2
1178419,2,e4cdf230,2019,2019,12,11,4,3,0,1
1178421,1,57ee1fde,2019,2019,24,41,10,0,0,2
1178429,1,21d4e29b,2019,2019,24,39,8,0,0,2
1178431,1,a12e1d51,2019,2019,24,35,10,3,0,3
1181766,1,a818c1be,2019,2019,18,37,5,1,0,1
1181766,1,6b19d823,2019,2019,24,16,10,0,0,1
1181768,2,a12e1d51,2019,2019,24,49,7,1,0,1
1216493,2,e62dd25d,2020/21,2021,24,28,9,1,0,2
1216496,2,7a8bd078,2020/21,2021,24,38,6,0,0,1
1216497,1,acdc62f5,2020/21,2021,24,27,9,0,0,2
1216503,2,5b8c830e,2020/21,2021,24,27,9,3,0,1
1216504,2,9d430b40,2020/21,2021,24,40,8,1,0,1
1216506,2,ffe699c0,2020/21,2021,18,31,4,0,0,1
1216515,2,f986ca1a,2020/21,2021,24,34,7,3,1,2
1216516,2,ce794613,2020/21,2021,24,43,7,1,0,2
1216518,1,5f547c8b,2020/21,2021,24,20,9,0,0,1
1216520,1,df064e1a,2020/21,2021,24,20,11,0,0,2
1216523,2,85e0cf10,2020/21,2021,24,29,12,0,0,3
1216524,2,0f721006,2020/21,2021,24,46,5,1,0,1
1216525,1,e94915e6,2020/21,2021,24,48,6,5,0,1
1216529,2,e62dd25d,2020/21,2021,24,28,13,3,0,2
1216530,2,b4f5c2d9,2020/21,2021,24,24,11,1,0,1
1216531,2,57ee1fde,2020/21,2021,18,35,8,4,0,1
1216532,2,a2f46292,2020/21,2021,24,43,9,1,0,1
1216532,2,ce794613,2020/21,2021,24,25,7,1,0,1
1216533,1,39a2dfa8,2020/21,2021,24,18,11,0,1,1
1216534,2,57ee1fde,2020/21,2021,24,18,10,0,0,3
1216535,1,2ed569a0,2020/21,2021,24,24,10,0,0,1
1216538,1,dcf81436,2020/21,2021,24,64,6,1,1,2
1216538,2,f752db61,2020/21,2021,24,29,8,1,0,2
1216539,1,e94915e6,2020/21,2021,24,27,9,1,0,1
1216545,2,ce794613,2020/21,2021,18,27,6,1,0,1
1237181,1,a818c1be,2020/21,2021,24,30,12,0,0,3
1237181,2,e62dd25d,2020/21,2021,18,32,5,0,0,1
1254058,1,f19ccfad,2021,2021,6,7,2,0,0,1
1254059,1,eef2536f,2021,2021,24,23,11,1,0,2
1254061,2,8cf9814c,2021,2021,24,33,13,2,0,2
1254062,1,7dc35884,2021,2021,24,23,4,0,0,1
1254062,2,a818c1be,2021,2021,24,27,12,0,0,2
1254063,1,9d80c5e1,2021,2021,24,36,9,0,0,1
1254063,2,68c56d09,2021,2021,18,30,8,1,0,1
1254066,2,2ed569a0,2021,2021,24,19,12,1,0,3
1254069,2,e94915e6,2021,2021,24,24,12,0,0,2
1254071,1,a2f46292,2021,2021,24,21,9,0,0,3
1254072,1,bbd41817,2021,2021,12,27,4,2,0,1
1254078,1,9d430b40,2021,2021,24,22,10,0,0,2
1254079,2,68c56d09,2021,2021,24,32,11,0,0,1
1254080,1,f834dcfc,2021,2021,24,35,7,2,0,2
1254083,2,c05edf8e,2021,2021,24,19,14,0,0,3
1254085,1,ce820073,2021,2021,24,50,7,2,1,1
1254097,2,e62dd25d,2021,2021,24,26,13,2,0,1
1254097,2,2e171977,2021,2021,24,27,5,1,0,1
1254098,2,bbd41817,2021,2021,18,28,3,1,0,1
1254100,2,da934ee8,2021,2021,18,22,6,0,0,1
1254104,2,87e562a9,2021,2021,24,25,11,2,0,3
1254108,2,2f49c897,2021,2021,18,15,11,0,0,1
1254111,2,2cdce1be,2021,2021,18,31,5,1,0,1
1254113,1,1abb78f8,2021,2021,24,29,7,0,0,2
1254114,1,87e562a9,2021,2021,18,31,4,2,0,1
1254116,1,5b7ab5a9,2021,2021,24,26,7,0,1,2
1254117,2,23eeb873,2021,2021,24,32,10,1,0,1
1304055,2,a818c1be,2022,2022,24,29,11,1,0,1
1304055,2,57ee1fde,2022,2022,24,26,10,1,0,2
1304062,1,8cf9814c,2022,2022,24,36,11,0,0,1
1304063,1,f19ccfad,2022,2022,24,21,7,0,0,2
1304064,1,f986ca1a,2022,2022,24,23,13,0,0,2
1304067,1,81c36ee9,2022,2022,24,27,8,2,0,1
1304072,2,df064e1a,2022,2022,24,34,4,1,0,1
1304074,2,2ed569a0,2022,2022,24,28,7,5,0,2
1304076,2,529eb9e0,2022,2022,22,41,6,4,0,2
1304077,2,b681e71e,2022,2022,12,11,6,1,0,1
1304079,2,caf69bf7,2022,2022,24,30,12,1,0,4
1304082,1,4125d931,2022,2022,18,12,12,2,0,2
1304085,1,a97c8ec2,2022,2022,24,23,11,1,0,2
1304088,2,c33d8116,2022,2022,24,24,13,2,0,3
1304088,2,5b8c830e,2022,2022,24,11,14,1,0,2
1304089,1,5f547c8b,2022,2022,24,29,4,0,0,1
1304099,1,c38d3503,2022,2022,24,50,10,1,0,1
1304102,2,ded9240e,2022,2022,24,22,10,1,0,3
1304105,1,462411b3,2022,2022,18,12,13,0,0,1
1304105,1,f6d8a7ab,2022,2022,18,22,8,0,0,2
1304107,2,9d430b40,2022,2022,24,34,6,0,0,1
1304108,2,bb351c23,2022,2022,12,11,4,0,0,1
1304116,1,c05edf8e,2022,2022,24,26,11,0,0,3
1312198,2,03806cf8,2022,2022,24,43,10,3,0,3
1312199,1,495d42a5,2022,2022,24,31,5,1,0,1
1359475,2,fe93fd9d,2023,2023,24,28,8,0,0,1
1359476,1,5b7ab5a9,2023,2023,24,26,9,1,0,1
1359481,2,a2f46292,2023,2023,24,38,8,1,0,1
1359484,1,6b19d823,2023,2023,24,23,9,0,0,2
1359487,2,9061a703,2023,2023,24,45,9,3,0,1
1359490,1,64775749,2023,2023,22,34,9,0,1,2
1359492,1,8cf9814c,2023,2023,24,44,9,1,0,1
1359492,2,e62dd25d,2023,2023,24,36,9,0,0,1
1359495,1,e62dd25d,2023,2023,24,34,11,2,0,2
1359495,1,c05edf8e,2023,2023,12,10,6,0,0,1
1359496,1,0c9652b0,2023,2023,24,34,7,1,0,2
1359496,2,2f9d0389,2023,2023,10,19,4,0,0,1
1359497,1,ce820073,2023,2023,24,25,10,1,0,2
1359497,2,efc04be7,2023,2023,14,29,3,1,0,1
1359498,1,3a60e0b5,2023,2023,24,48,7,0,0,1
1359499,1,81c36ee9,2023,2023,24,43,11,1,0,2
1359504,1,5b8c830e,2023,2023,24,16,13,0,0,2
1359506,1,495d42a5,2023,2023,24,36,6,2,0,1
1359507,2,46a9bea1,2023,2023,24,43,11,4,0,2
1359510,2,5b7ab5a9,2023,2023,24,27,9,0,0,3
1359513,1,efc04be7,2023,2023,24,21,12,1,0,2
1359514,2,f29185a1,2023,2023,18,26,5,0,0,1
1359515,2,64839cb3,2023,2023,24,32,5,1,0,1
1359519,1,bb351c23,2023,2023,24,13,11,0,0,2
1359522,1,9061a703,2023,2023,24,24,7,0,0,1
1359530,1,798cc28e,2023,2023,18,27,4,1,0,1
1359533,2,c05edf8e,2023,2023,24,30,11,1,0,4
1359534,1,ce820073,2023,2023,24,34,4,1,0,1
1359534,1,798cc28e,2023,2023,24,42,8,2,0,2
1359534,2,e38bce7a,2023,2023,18,16,10,0,0,2
1359535,2,23eeb873,2023,2023,18,27,7,2,0,3
1359536,1,81c36ee9,2023,2023,24,39,11,8,2,1
1359544,2,f986ca1a,2023,2023,24,29,9,2,0,1
1422119,1,23eeb873,2024,2024,24,37,10,2,0,1
1422120,2,5bb1a1c4,2024,2024,12,16,8,3,0,1
1422121,2,9d430b40,2024,2024,24,19,8,0,0,1
1422123,2,cc1e8c68,2024,2024,18,31,9,0,0,2
1422125,2,0a8fce53,2024,2024,24,30,9,0,0,2
1422130,1,8f6dd463,2024,2024,18,24,8,1,0,1
1422130,1,efc04be7,2024,2024,24,32,10,0,0,1
1422137,1,465aa633,2024,2024,24,33,10,6,0,1
1426263,2,0a67aec0,2024,2024,21,55,6,2,0,1
1426265,1,2e78f685,2024,2024,24,35,9,0,0,1
1426266,2,c33d8116,2024,2024,24,29,12,1,0,2
1426267,2,64839cb3,2024,2024,24,28,10,2,0,4
1426270,1,2e171977,2024,2024,24,17,13,1,0,1
1426273,2,f19ccfad,2024,2024,12,46,2,0,0,1
1426274,1,2f9d0389,2024,2024,24,47,3,0,1,1
1426274,2,5b7ab5a9,2024,2024,24,36,11,0,0,1
1426280,1,e94915e6,2024,2024,24,60,6,0,0,1
1426281,1,62af8546,2024,2024,12,20,2,0,0,1
1426281,2,a2f46292,2024,2024,24,45,5,0,0,2
1426281,2,b8527c3d,2024,2024,24,34,7,3,0,3
1426284,1,1e66c162,2024,2024,24,38,3,1,0,1
1426285,1,3fb19989,2024,2024,18,43,6,6,0,1
1426291,2,46a9bea1,2024,2024,24,35,11,1,0,2
1426292,2,77b1aa15,2024,2024,19,24,8,1,0,3
1426294,1,a818c1be,2024,2024,24,48,8,0,0,1
1426294,2,2cffab74,2024,2024,18,30,6,1,0,2
1426295,1,2e81a32d,2024,2024,24,12,11,0,0,2
1426296,1,d4d929b0,2024,2024,24,36,11,0,0,2
1426297,2,cdc6bdba,2024,2024,18,28,8,0,0,1
1426298,2,77b1aa15,2024,2024,18,34,7,1,0,2
1426300,1,8d2c70ad,2024,2024,24,52,5,1,0,1
1426302,2,2e171977,2024,2024,6,20,2,0,0,1
1426303,1,2ed569a0,2024,2024,24,26,9,0,0,2
1426303,2,eef2536f,2024,2024,23,28,9,0,0,2
598041,2,c3d35165,2013,2013,24,20,9,0,0,0
598048,2,94253925,2013,2013,6,12,2,0,0,0
598051,1,c03c6200,2013,2013,12,33,1,1,1,0
598056,1,e938e1bc,2013,2013,24,32,7,1,0,0
598058,1,4329fbb5,2013,2013,24,23,12,1,0,0
598067,2,2e81a32d,2013,2013,24,26,11,1,0,0
598072,2,5f26df4f,2013,2013,24,26,9,1,0,0
598073,1,fe93fd9d,2013,2013,12,19,2,0,0,0
729279,1,a757b0d8,2014,2014,12,19,4,0,0,0
729283,1,f5180fe6,2014,2014,24,47,6,0,1,0
729287,2,462411b3,2014,2014,12,14,4,0,0,0
729301,2,6b19d823,2014,2014,24,38,6,0,1,0
729303,1,495d42a5,2014,2014,24,20,9,0,0,0
729303,1,1dc12ab9,2014,2014,18,32,3,0,0,0
729303,2,a12e1d51,2014,2014,24,22,11,1,1,0
729309,2,8b5b6769,2014,2014,24,23,10,0,0,0
729315,2,bd17b45f,2014,2014,6,7,1,0,0,0
733971,2,f3171936,2014,2014,18,26,10,0,1,0
733973,2,f5180fe6,2014,2014,24,37,11,2,0,0
733975,1,bd17b45f,2014,2014,6,9,1,0,0,0
733981,1,e0407c01,2014,2014,18,26,10,0,0,0
733981,2,8cf9814c,2014,2014,24,42,8,1,0,0
733995,2,8abdf100,2014,2014,6,11,1,0,0,0
733999,1,4329fbb5,2014,2014,24,35,10,3,0,0
733999,2,66b30f71,2014,2014,18,37,6,1,1,0
734003,1,e0407c01,2014,2014,18,18,9,0,0,0
734015,1,5bb5a915,2014,2014,24,39,8,5,0,0
734015,2,2e81a32d,2014,2014,22,37,8,0,0,0
734021,2,1c914163,2014,2014,10,10,3,1,0,0
734033,1,4329fbb5,2014,2014,12,16,8,1,0,0
734043,2,9d430b40,2014,2014,24,30,9,0,0,0
829711,1,2e81a32d,2015,2015,24,31,12,3,0,0
829711,1,9170ff49,2015,2015,6,11,3,0,0,0
829717,1,41eb4a4f,2015,2015,24,46,8,0,0,0
829723,2,96fd40ae,2015,2015,24,36,11,3,0,0
829727,1,73ad96ed,2015,2015,12,11,6,1,0,0
829741,2,bd17b45f,2015,2015,12,13,7,0,0,0
829743,1,9d430b40,2015,2015,24,38,8,0,0,0
829749,1,ba607b88,2015,2015,5,4,1,0,0,0
829761,1,896d78ad,2015,2015,12,13,5,0,0,0
829767,1,acee4cc4,2015,2015,18,36,5,5,0,0
829767,2,0f12f9df,2015,2015,12,22,0,0,0,0
829769,1,4329fbb5,2015,2015,18,36,4,0,1,0
829775,1,4b57e452,2015,2015,6,12,1,0,0,0
829777,1,1558d83b,2015,2015,24,49,5,0,0,0
829779,2,fe93fd9d,2015,2015,12,11,5,0,0,0
829781,1,e938e1bc,2015,2015,6,10,1,0,0,0
829795,1,8b5b6769,2015,2015,12,30,0,3,0,0
829801,2,1dc12ab9,2015,2015,6,8,1,0,0,0
829823,1,96fd40ae,2015,2015,24,41,9,0,0,0
980911,2,c3d1402f,2016,2016,12,21,4,1,0,0
980915,1,7dc35884,2016,2016,18,18,5,0,0,0
980915,1,9d430b40,2016,2016,24,26,10,0,0,0
980915,2,32198ae0,2016,2016,12,19,3,1,0,0
980927,1,8b5b6769,2016,2016,12,20,3,2,0,0
980931,1,33a364a6,2016,2016,18,22,1,0,0,0
980949,1,e938e1bc,2016,2016,24,37,8,0,0,0
980953,1,0a3d54b9,2016,2016,18,27,6,1,0,0
980957,2,33a364a6,2016,2016,18,20,3,0,0,0
980961,2,d2a989fc,2016,2016,12,24,4,0,0,0
980963,1,d9273ee7,2016,2016,18,26,4,0,0,0
980965,1,0f12f9df,2016,2016,6,9,3,0,0,0
980967,2,fe93fd9d,2016,2016,12,14,4,0,0,0
980969,1,9170ff49,2016,2016,18,37,3,0,0,0
980975,1,1da489ff,2016,2016,6,14,0,0,0,0
980979,1,0f12f9df,2016,2016,12,26,1,0,0,0
980989,2,e2db2409,2016,2016,6,13,3,2,0,0
980991,2,69be866a,2016,2016,18,28,6,0,2,0
980997,2,56ab442f,2016,2016,18,21,8,1,0,0
980999,2,db584dad,2016,2016,18,25,0,0,0,0
981009,2,af2c687b,2016,2016,6,8,1,0,0,0
981013,1,957532de,2016,2016,18,13,9,0,0,0
981015,2,c18496e1,2016,2016,12,16,1,0,0,0
981017,2,d2a989fc,2016,2016,24,32,8,0,0,0
1473444,2,f29185a1,2025,2025,12,20,5,0,0,0
1473449,2,83c3e8e3,2025,2025,12,14,7,0,0,0
1473453,1,e4a0deae,2025,2025,24,46,5,0,0,0
1473454,1,495d42a5,2025,2025,18,21,4,0,0,0
1473456,1,5b7ab5a9,2025,2025,24,31,7,1,0,0
1473462,2,fe93fd9d,2025,2025,1,9,0,0,1,0
1473469,1,46a9bea1,2025,2025,18,38,2,0,0,0
1473470,1,23eeb873,2025,2025,24,47,9,2,0,0
1473470,1,e4a0deae,2025,2025,6,8,1,0,0,0
1473474,2,81c36ee9,2025,2025,18,20,7,1,0,0
1473475,2,59559bc2,2025,2025,12,29,4,5,0,0
1473476,1,5b7ab5a9,2025,2025,24,33,7,0,0,0
1473482,2,23eeb873,2025,2025,18,38,8,1,1,0
1473483,2,3fb19989,2025,2025,18,31,6,0,0,0
1473484,1,4885bbe6,2025,2025,18,38,6,0,0,0
1473488,1,08548b13,2025,2025,12,18,1,0,0,0
1473489,2,2e81a32d,2025,2025,24,55,5,0,0,0
1473497,1,e9c7f0d0,2025,2025,18,39,3,0,0,0
1473498,1,e62dd25d,2025,2025,12,34,2,0,0,0
1473498,2,2e171977,2025,2025,18,35,5,0,0,0
1473498,2,0a8fce53,2025,2025,18,24,5,0,0,0
1473498,2,5ffc0565,2025,2025,24,37,4,1,0,0
1473500,1,107c26fb,2025,2025,12,22,4,2,0,0
1473504,2,73ad96ed,2025,2025,6,15,1,1,0,0
1527674,2,aad0c365,2026,2026,12,19,3,0,0,0
1527684,1,efc04be7,2026,2026,24,49,4,0,0,0
1527690,2,aad0c365,2026,2026,12,20,1,0,0,0
1527693,1,a9fd84fb,2026,2026,12,40,1,0,0,0
1527693,2,c5aef772,2026,2026,7,28,2,2,1,0
1529269,2,03806cf8,2026,2026,24,38,8,0,0,0
1529279,2,46a9bea1,2026,2026,18,43,4,1,0,0
1529283,2,c05edf8e,2026,2026,24,25,8,0,0,0
1529287,1,e148e6bd,2026,2026,12,25,5,0,0,0
1529287,2,5b615e7c,2026,2026,24,24,6,0,0,0
1529289,1,025c4400,2026,2026,6,27,0,0,0,0
1529295,1,f0af99a7,2026,2026,6,11,1,0,0,0
1529304,1,8f6dd463,2026,2026,24,38,8,1,0,0
1529309,1,a4e37e47,2026,2026,6,15,1,0,0,0
1529311,2,c33d8116,2026,2026,24,48,3,0,0,0
335983,1,98ae73b1,2007/08,2008,6,19,1,0,0,0
335988,2,6c6591ab,2007/08,2008,6,7,2,4,0,0
335989,1,8b5b6769,2007/08,2008,12,14,2,0,0,0
335990,1,e32d22f6,2007/08,2008,12,14,4,0,0,0
336001,1,9fc0ef64,2007/08,2008,24,40,6,2,0,0
336010,2,b1451597,2007/08,2008,6,15,0,0,0,0
336012,1,d2a989fc,2007/08,2008,18,34,5,4,1,0
336015,1,f0f628c7,2007/08,2008,24,24,8,1,0,0
336016,1,1c914163,2007/08,2008,12,14,3,1,0,0
336016,2,8fd1a8f5,2007/08,2008,12,33,1,3,0,0
336016,2,e938e1bc,2007/08,2008,16,15,6,0,0,0
336016,2,0c2730df,2007/08,2008,24,36,9,1,0,0
336018,2,c3d35165,2007/08,2008,18,44,7,2,0,0
336018,2,cfad138c,2007/08,2008,5,26,0,0,0,0
336024,1,acd4f5dc,2007/08,2008,12,24,4,4,1,0
336024,1,6c6591ab,2007/08,2008,24,23,8,0,0,0
336029,2,86dc8f2e,2007/08,2008,24,15,13,0,0,0
336036,1,3c6ffae8,2007/08,2008,18,9,9,0,0,0
336036,2,96fd40ae,2007/08,2008,18,18,9,1,0,0
336037,2,0dc00542,2007/08,2008,18,19,7,2,0,0
336038,2,fe93fd9d,2007/08,2008,1,0,1,0,0,0
336039,2,98ae73b1,2007/08,2008,17,23,6,0,0,0
392182,1,6ef60d3a,2009,2009,18,21,4,0,0,0
392185,1,b61a3e1a,2009,2009,6,13,0,1,0,0
392189,1,9f961c14,2009,2009,6,8,1,0,0,0
392191,1,7ca5e05d,2009,2009,6,4,2,0,0,0
392194,2,0c2730df,2009,2009,24,22,7,0,0,0
392195,1,3edb58fc,2009,2009,24,29,8,0,0,0
392195,1,3c6ffae8,2009,2009,24,30,8,4,0,0
392198,2,5bdcdb72,2009,2009,6,4,2,0,0,0
392202,1,3edb58fc,2009,2009,20,26,10,0,0,0
392203,2,8b5b6769,2009,2009,24,24,12,0,0,0
392206,2,1dc12ab9,2009,2009,6,7,3,0,0,0
392207,1,1c914163,2009,2009,12,22,2,0,0,0
392207,2,abfeb126,2009,2009,18,20,6,3,0,0
392217,1,3eac9d95,2009,2009,6,8,3,0,0,0
392221,1,d92e42f5,2009,2009,6,10,1,0,0,0
392222,1,5f4e9e8f,2009,2009,6,10,4,5,0,0
392225,2,3c6ffae8,2009,2009,18,25,4,1,0,0
392226,1,98ae73b1,2009,2009,18,16,8,1,0,0
392226,1,1c914163,2009,2009,6,14,0,0,0,0
392226,2,33a364a6,2009,2009,18,22,7,1,0,0
392227,1,b2b50355,2009,2009,12,17,1,0,0,0
392227,2,f24ca2ba,2009,2009,18,21,5,2,0,0
392230,1,3d7e087f,2009,2009,6,9,3,0,0,0
392234,1,dd09ff8e,2009,2009,24,16,14,0,0,0
392235,2,f233bbb4,2009,2009,12,25,2,6,0,0
392237,1,6c6591ab,2009,2009,18,27,5,0,0,0
419107,2,c654af19,2009/10,2010,24,43,7,2,0,0
419112,1,41eb4a4f,2009/10,2010,12,19,3,1,0,0
419121,1,ae78bc32,2009/10,2010,12,20,5,0,0,0
419124,1,1c914163,2009/10,2010,6,12,0,0,0,0
419124,2,864c199e,2009/10,2010,12,12,3,0,0,0
419125,1,a12e1d51,2009/10,2010,24,41,4,4,0,0
419125,2,c3d35165,2009/10,2010,24,26,8,2,0,0
419126,1,864c199e,2009/10,2010,12,9,3,0,0,0
419127,2,85aae393,2009/10,2010,12,12,4,0,0,0
419129,1,4ba44e19,2009/10,2010,24,34,7,1,0,0
419130,1,78eb4223,2009/10,2010,24,32,14,2,0,0
419131,1,abfeb126,2009/10,2010,24,26,7,0,0,0
419135,1,740742ef,2009/10,2010,12,16,1,1,0,0
419140,1,86dc8f2e,2009/10,2010,18,26,7,0,0,0
419146,1,5d096f3d,2009/10,2010,24,28,5,0,0,0
419150,2,f233bbb4,2009/10,2010,12,16,1,0,0,0
419152,2,91a4a398,2009/10,2010,12,23,2,0,0,0
419153,2,b1451597,2009/10,2010,6,9,1,0,0,0
419161,2,342d8ade,2009/10,2010,18,31,8,1,5,0
419161,2,c654af19,2009/10,2010,18,26,6,1,0,0
501199,1,8291f939,2011,2011,6,8,1,0,0,0
501201,1,f0f628c7,2011,2011,18,20,10,0,0,0
501209,1,85aae393,2011,2011,12,14,3,0,0,0
501218,2,91ffa6c6,2011,2011,12,15,1,0,0,0
501220,1,c69a7b5c,2011,2011,6,8,2,0,0,0
501220,2,a45a5e8d,2011,2011,6,3,3,0,0,0
501225,2,0f12f9df,2011,2011,12,11,4,0,0,0
501227,2,5fa06777,2011,2011,18,26,7,0,0,0
501229,1,fe93fd9d,2011,2011,18,25,5,0,0,0
501230,2,dd09ff8e,2011,2011,24,24,11,3,0,0
501233,1,c3d1402f,2011,2011,24,29,11,1,0,0
501234,1,b2b50355,2011,2011,18,21,4,0,0,0
501235,2,abfeb126,2011,2011,24,41,4,0,1,0
501237,1,e938e1bc,2011,2011,18,28,6,0,0,0
501238,2,cc1e8c68,2011,2011,6,23,2,1,1,0
501240,2,bd17b45f,2011,2011,6,12,0,0,0,0
501244,1,e938e1bc,2011,2011,24,37,12,0,0,0
501244,2,91a4a398,2011,2011,24,35,7,3,0,0
501245,2,c8179c68,2011,2011,12,14,4,0,0,0
501245,2,f5f18a18,2011,2011,12,14,2,1,0,0
501250,2,5bb1a1c4,2011,2011,18,25,7,0,0,0
501252,1,ba607b88,2011,2011,18,17,6,0,0,0
501255,1,ba607b88,2011,2011,6,14,0,0,0,0
501257,1,0a3d54b9,2011,2011,24,26,14,4,0,0
501259,2,2e81a32d,2011,2011,12,10,7,0,0,0
501260,1,ba607b88,2011,2011,6,13,1,1,0,0
501261,2,1dc12ab9,2011,2011,24,26,8,2,0,0
501262,2,1c914163,2011,2011,12,12,7,0,0,0
501263,1,7c503806,2011,2011,24,24,7,1,0,0
501267,1,a12e1d51,2011,2011,24,23,9,1,0,0
501268,2,ba607b88,2011,2011,12,19,3,0,1,0
501269,2,33a364a6,2011,2011,6,9,2,0,0,0
548309,2,b57f8a9a,2012,2012,6,8,1,0,0,0
548310,2,41eb4a4f,2012,2012,24,25,10,0,0,0
548312,1,86dc8f2e,2012,2012,24,35,9,1,0,0
548312,1,3c6ffae8,2012,2012,12,28,3,1,0,0
548316,2,c3d35165,2012,2012,12,24,6,0,0,0
548322,2,495d42a5,2012,2012,24,19,6,0,0,0
548329,1,bbd41817,2012,2012,24,39,8,0,0,0
548332,2,5b040b81,2012,2012,24,45,2,1,0,0
548336,2,d7c6af50,2012,2012,24,20,9,0,0,0
548337,2,cca50cd6,2012,2012,12,24,2,0,0,0
548345,1,557153ca,2012,2012,24,19,11,1,0,0
548345,2,9d80c5e1,2012,2012,24,30,5,0,0,0
548346,2,6b19d823,2012,2012,24,29,7,2,0,0
548349,1,9d80c5e1,2012,2012,24,33,6,1,0,0
548352,1,8fd1a8f5,2012,2012,24,25,10,0,0,0
548358,1,3d7e087f,2012,2012,18,20,1,1,0,0
548359,1,2815fe50,2012,2012,12,12,4,0,0,0
548364,1,c8179c68,2012,2012,18,20,4,0,0,0
548366,2,2815fe50,2012,2012,6,13,2,0,0,0
548369,1,5fa06777,2012,2012,24,24,10,0,0,0
548372,1,fe763256,2012,2012,6,13,1,0,0,0
548374,2,98ae73b1,2012,2012,24,28,10,1,0,0
597999,2,4ba44e19,2013,2013,24,30,7,0,0,0
598006,1,9868bc75,2013,2013,12,20,3,0,0,0
598008,2,33a364a6,2013,2013,6,10,2,1,0,0
598017,1,c3d1402f,2013,2013,24,48,4,1,0,0
598028,1,dcf81436,2013,2013,24,39,4,1,0,0
598030,1,0f721006,2013,2013,24,31,8,2,0,0
598030,1,fe93fd9d,2013,2013,6,8,4,0,0,0
598030,2,119678fd,2013,2013,24,8,16,0,0,0
598032,2,119678fd,2013,2013,11,24,1,0,0,0
598036,1,bd17b45f,2013,2013,6,8,2,0,0,0
598036,2,abfeb126,2013,2013,18,32,1,0,0,0
1082593,2,ae78bc32,2017,2017,12,32,4,3,0,0
1082598,1,ce794613,2017,2017,6,13,2,1,0,0
1082608,2,896d78ad,2017,2017,12,15,2,0,0,0
1082609,1,5bb1a1c4,2017,2017,24,23,9,4,0,0
1082618,2,1abb78f8,2017,2017,18,29,6,1,0,0
1082622,2,ded9240e,2017,2017,18,22,7,0,0,0
1082622,2,6b19d823,2017,2017,18,36,5,0,0,0
1082627,1,3c6ffae8,2017,2017,6,17,1,0,0,0
1082634,2,1abb78f8,2017,2017,12,12,6,0,0,0
1082635,1,8cf9814c,2017,2017,12,16,5,0,0,0
1082639,2,2e171977,2017,2017,24,28,9,0,0,0
1082641,1,dbe50b21,2017,2017,12,29,3,1,0,0
1082643,1,32198ae0,2017,2017,6,12,1,0,0,0
1082648,2,c18496e1,2017,2017,2,2,0,0,0,0
1136571,1,f19ccfad,2018,2018,24,30,7,0,0,0
1136571,1,cc1e8c68,2018,2018,24,59,5,2,2,0
1136574,1,2f49c897,2018,2018,24,34,11,6,0,0
1136576,1,7dc35884,2018,2018,12,28,2,0,0,0
1136579,2,9d80c5e1,2018,2018,12,27,3,0,0,0
1136580,1,73ad96ed,2018,2018,6,8,1,0,0,0
1136582,1,39a2dfa8,2018,2018,6,6,1,0,0,0
1136582,2,495d42a5,2018,2018,24,19,8,0,0,0
1136584,2,f19ccfad,2018,2018,6,14,2,0,0,0
1136586,2,9a963804,2018,2018,24,24,9,0,0,0
1136588,1,da934ee8,2018,2018,6,8,1,0,0,0
1136589,1,f5180fe6,2018,2018,18,38,2,1,0,0
1136602,2,9d80c5e1,2018,2018,12,22,2,0,0,0
1136602,2,6b19d823,2018,2018,18,29,3,0,0,0
1136614,1,fb2d1dda,2018,2018,6,5,4,0,0,0
1175356,2,cc1e8c68,2019,2019,18,13,9,1,0,0
1175365,2,85e0cf10,2019,2019,24,33,8,1,0,0
1175369,2,cc1e8c68,2019,2019,23,40,6,1,0,0
1178394,2,dbe50b21,2019,2019,6,7,0,0,0,0
1178404,1,fe93fd9d,2019,2019,24,49,6,1,0,0
1178405,2,2e171977,2019,2019,12,23,2,0,0,0
1178406,1,462411b3,2019,2019,24,22,12,0,0,0
1178406,1,2ed569a0,2019,2019,24,31,9,0,0,0
1178412,2,c05edf8e,2019,2019,12,24,0,0,0,0
1178412,2,495d42a5,2019,2019,18,26,6,2,0,0
1178415,2,5574750c,2019,2019,24,31,8,0,0,0
1178418,1,5574750c,2019,2019,24,28,12,1,0,0
1178419,1,8b5b6769,2019,2019,24,23,13,0,0,0
1178421,1,d9273ee7,2019,2019,18,24,3,0,0,0
1178430,1,e2db2409,2019,2019,18,33,3,0,0,0
1181767,1,1abb78f8,2019,2019,6,13,2,0,0,0
1216494,1,ac5ae4af,2020/21,2021,6,6,3,0,0,0
1216494,2,ded9240e,2020/21,2021,18,18,8,1,0,0
1216494,2,85e0cf10,2020/21,2021,15,20,5,1,0,0
1216497,1,495d42a5,2020/21,2021,18,45,2,0,0,0
1216508,1,cdc6bdba,2020/21,2021,18,34,8,3,0,0
1216509,1,d9273ee7,2020/21,2021,6,10,1,0,0,0
1216513,1,e94915e6,2020/21,2021,18,31,3,0,0,0
1216519,1,f19ccfad,2020/21,2021,24,20,9,0,0,0
1216522,1,f9e6e7ef,2020/21,2021,12,18,3,0,0,0
1216523,1,ffe699c0,2020/21,2021,24,37,7,1,0,0
1216523,2,b4f5c2d9,2020/21,2021,18,40,2,0,0,0
1216527,1,5574750c,2020/21,2021,24,46,9,1,0,0
1216529,1,2ed569a0,2020/21,2021,24,27,3,0,0,0
1216531,1,b681e71e,2020/21,2021,24,28,6,0,0,0
1216536,2,fb2d1dda,2020/21,2021,6,16,0,1,0,0
1216539,1,fe93fd9d,2020/21,2021,24,44,4,0,0,0
1216545,2,2e81a32d,2020/21,2021,18,29,7,0,1,0
1237177,1,2e171977,2020/21,2021,18,27,3,0,0,0
1237178,2,21d4e29b,2020/21,2021,22,31,7,0,0,0
1237181,2,495d42a5,2020/21,2021,24,28,8,0,0,0
1254061,2,e2db2409,2021,2021,24,43,5,2,1,0
1254062,1,8b5b6769,2021,2021,12,17,6,1,0,0
1254062,2,a757b0d8,2021,2021,6,12,2,0,0,0
1254065,2,64775749,2021,2021,22,21,14,1,0,0
1254073,2,39a2dfa8,2021,2021,12,23,2,0,0,0
1254076,2,23eeb873,2021,2021,12,25,3,2,0,0
1254077,1,4125d931,2021,2021,24,21,9,0,0,0
1254077,1,0994d0ae,2021,2021,18,19,7,1,1,0
1254079,2,57ee1fde,2021,2021,12,10,5,0,0,0
1254083,1,2f49c897,2021,2021,18,24,6,1,0,0
1254085,1,62af8546,2021,2021,6,21,1,0,0,0
1254089,2,bb351c23,2021,2021,14,23,4,0,0,0
1254090,2,2f49c897,2021,2021,24,33,8,1,0,0
1254096,1,5b7ab5a9,2021,2021,24,22,9,1,0,0
1254099,1,a818c1be,2021,2021,18,30,7,1,0,0
1254100,2,fb66ce1f,2021,2021,18,27,5,0,0,0
1254107,2,c05edf8e,2021,2021,24,25,6,2,0,0
1254115,1,7dc35884,2021,2021,24,24,6,0,0,0
1254116,2,2e171977,2021,2021,24,32,8,1,0,0
1304052,2,a24be938,2022,2022,6,10,2,0,0,0
1304053,1,327b58d3,2022,2022,24,49,6,1,0,0
1304053,2,fe93fd9d,2022,2022,12,21,3,0,0,0
1304053,2,bb351c23,2022,2022,6,14,1,0,0,0
1304060,1,bbd41817,2022,2022,6,9,3,0,0,0
1304061,1,0f721006,2022,2022,24,30,7,3,0,0
1304061,1,eef2536f,2022,2022,18,32,5,0,0,0
1304063,1,81c08fa3,2022,2022,18,29,8,0,0,0
1304064,1,f9e6e7ef,2022,2022,12,19,4,0,0,0
1304065,2,650d5e49,2022,2022,6,17,0,1,0,0
1304070,1,85e0cf10,2022,2022,24,35,11,1,1,0
1304090,1,462411b3,2022,2022,24,27,11,0,1,0
1304091,2,5b8c830e,2022,2022,6,19,1,0,0,0
1304094,2,b0946605,2022,2022,18,25,4,0,1,0
1304100,2,2f49c897,2022,2022,18,27,6,1,0,0
1304101,1,1abb78f8,2022,2022,18,38,5,3,0,0
1304101,1,2e171977,2022,2022,18,23,5,0,0,0
1304103,1,327b58d3,2022,2022,24,34,10,2,0,0
1304110,2,a2f46292,2022,2022,24,43,8,0,0,0
1304115,2,2e171977,2022,2022,18,26,3,0,0,0
1312197,2,495d42a5,2022,2022,24,40,5,3,0,0
1359477,2,73c18486,2023,2023,6,7,3,1,0,0
1359478,1,f19ccfad,2023,2023,18,32,5,0,0,0
1359478,1,249d60c9,2023,2023,24,33,6,0,0,0
1359479,2,98ae73b1,2023,2023,24,26,11,0,0,0
1359480,2,23eeb873,2023,2023,24,55,6,5,0,0
1359486,1,23eeb873,2023,2023,6,10,2,0,0,0
1359486,1,11614d87,2023,2023,24,28,8,4,0,0
1359490,1,eaa76d3c,2023,2023,18,30,4,1,0,0
1359490,2,acdc62f5,2023,2023,24,35,8,0,0,0
1359491,1,8361e524,2023,2023,12,14,2,1,0,0
1359508,1,6a26221c,2023,2023,6,7,0,0,0,0
1359511,1,bb351c23,2023,2023,12,17,2,0,0,0
1359516,2,2e78f685,2023,2023,6,20,2,0,1,0
1359517,1,d9273ee7,2023,2023,6,11,0,0,0,0
1359522,2,495d42a5,2023,2023,6,8,1,0,0,0
1359524,1,8d2c70ad,2023,2023,24,37,5,0,0,0
1359532,1,df064e1a,2023,2023,12,23,1,0,0,0
1359533,2,26a85969,2023,2023,6,10,2,0,0,0
1359534,1,495d42a5,2023,2023,24,33,5,1,0,0
1359535,2,46a9bea1,2023,2023,21,25,11,2,0,0
1359535,2,f24c6701,2023,2023,18,22,3,0,0,0
1359536,2,efc04be7,2023,2023,17,35,2,1,0,0
1359538,1,e62dd25d,2023,2023,18,36,8,0,0,0
1359543,1,f6d8a7ab,2023,2023,24,39,6,2,0,0
1370351,2,4933f499,2023,2023,18,21,6,0,0,0
1370352,2,dbe50b21,2023,2023,12,24,4,1,0,0
1422133,1,eaa76d3c,2024,2024,12,25,3,0,0,0
1426266,2,97290faf,2024,2024,24,47,9,7,3,0
1426267,1,4bd09374,2024,2024,18,37,4,0,0,0
1426268,1,da934ee8,2024,2024,6,18,1,3,0,0
1426273,1,a2f46292,2024,2024,18,51,3,0,0,0
1426277,2,46a9bea1,2024,2024,18,34,5,0,1,0
1426278,1,759ac88f,2024,2024,24,73,2,1,0,0
1426288,2,1e66c162,2024,2024,12,23,2,2,0,0
1426292,1,d9273ee7,2024,2024,12,29,4,0,0,0
1426293,2,ce794613,2024,2024,20,31,8,0,0,0
1426295,2,df064e1a,2024,2024,12,34,4,0,0,0
598041,1,98ae73b1,2013,2013,24,32,6,0,0,1
598042,1,aaa1b522,2013,2013,12,15,3,0,0,1
598042,2,db584dad,2013,2013,6,5,3,0,0,1
598046,1,fe93fd9d,2013,2013,24,29,12,0,0,3
598048,1,4ba44e19,2013,2013,24,23,10,0,0,1
598050,2,8b5b6769,2013,2013,24,27,10,0,0,3
598051,2,495d42a5,2013,2013,24,23,8,1,0,1
598055,2,66b30f71,2013,2013,24,35,10,0,0,2
598066,1,a757b0d8,2013,2013,12,22,3,0,0,1
598069,2,85aae393,2013,2013,23,29,8,0,0,3
598071,1,5f26df4f,2013,2013,18,14,12,0,0,2
598072,2,4329fbb5,2013,2013,17,34,3,0,0,1
729279,2,7dc35884,2014,2014,24,29,7,0,0,1
729289,1,56ab442f,2014,2014,24,27,12,1,1,2
729297,1,6aed7e79,2014,2014,24,27,12,5,0,1
729299,1,57ee1fde,2014,2014,24,26,7,0,0,1
729315,1,7dc35884,2014,2014,24,23,8,0,0,1
729315,2,6aed7e79,2014,2014,24,31,7,1,0,2
733971,1,7dc35884,2014,2014,24,25,12,0,0,2
733973,2,ce820073,2014,2014,19,29,11,1,0,2
733977,2,2e81a32d,2014,2014,24,16,18,1,0,2
733985,1,86dc8f2e,2014,2014,24,38,8,0,0,1
733989,2,5fa06777,2014,2014,11,8,4,0,0,1
733991,1,f986ca1a,2014,2014,18,56,3,5,0,2
733995,1,76388dc8,2014,2014,24,34,10,1,0,1
733997,1,9d430b40,2014,2014,24,30,8,0,0,1
733999,2,1c914163,2014,2014,24,35,6,0,0,4
734003,1,759ac88f,2014,2014,24,31,13,0,0,3
734003,2,33a364a6,2014,2014,24,30,6,1,0,1
734007,1,ce820073,2014,2014,24,65,6,1,3,1
734007,2,6b19d823,2014,2014,24,32,6,0,1,1
734015,1,98ae73b1,2014,2014,24,24,10,0,0,1
734015,2,119678fd,2014,2014,24,19,9,0,0,1
734017,2,6c6591ab,2014,2014,24,30,9,0,0,2
734027,1,66b30f71,2014,2014,24,38,9,2,1,1
734029,1,119678fd,2014,2014,24,19,12,0,0,2
734033,2,b2b50355,2014,2014,24,37,9,1,0,1
734033,2,2e171977,2014,2014,24,24,6,0,0,3
734035,1,96fd40ae,2014,2014,24,33,8,1,0,3
734039,1,1647bd37,2014,2014,24,22,8,0,0,2
734039,1,26a85969,2014,2014,24,22,11,6,0,1
734047,2,f5180fe6,2014,2014,24,44,8,3,1,1
734047,2,2e171977,2014,2014,24,23,8,1,0,1
829715,1,fb66ce1f,2015,2015,24,35,9,2,0,2
829715,2,896d78ad,2015,2015,24,42,5,1,0,1
829723,1,f708a0bc,2015,2015,24,29,13,0,0,4
829745,2,e0407c01,2015,2015,24,21,14,0,0,1
829747,2,56ab442f,2015,2015,24,36,11,3,0,1
829761,1,6b19d823,2015,2015,24,20,14,0,0,1
829763,1,13c35c9e,2015,2015,24,32,9,0,1,2
829765,1,98ae73b1,2015,2015,24,26,9,0,0,2
829765,2,e0407c01,2015,2015,12,18,6,1,0,1
829765,2,759ac88f,2015,2015,18,24,5,1,0,1
829773,2,32198ae0,2015,2015,24,20,12,1,0,2
829779,2,759ac88f,2015,2015,24,29,8,0,0,1
829785,2,f986ca1a,2015,2015,12,13,7,0,0,1
829789,1,4125d931,2015,2015,24,21,10,0,0,1
829795,2,3fb19989,2015,2015,24,41,5,1,0,1
829803,2,b56dc5f7,2015,2015,12,9,4,0,0,1
829803,2,2e171977,2015,2015,12,11,2,0,0,2
829809,1,87e562a9,2015,2015,12,20,2,0,0,1
829811,2,d2a989fc,2015,2015,24,36,9,5,0,2
829813,1,57ee1fde,2015,2015,18,26,7,0,0,2
829815,1,4125d931,2015,2015,18,14,8,0,0,2
829819,2,3fb19989,2015,2015,24,22,13,1,0,1
980901,2,8b5b6769,2016,2016,18,24,6,0,0,1
980909,1,51a3c5ef,2016,2016,24,25,8,1,0,2
980925,2,2e171977,2016,2016,18,19,6,0,0,2
980933,1,8b5b6769,2016,2016,18,24,5,0,0,1
980935,2,26a85969,2016,2016,24,35,7,2,0,1
980941,1,2e171977,2016,2016,24,41,3,0,0,1
980947,1,dbe50b21,2016,2016,12,15,3,0,0,1
980951,2,6b19d823,2016,2016,24,36,9,2,0,1
980953,1,a03bba42,2016,2016,24,39,6,0,0,1
980957,1,51a3c5ef,2016,2016,24,27,12,1,0,1
980959,2,957532de,2016,2016,13,16,6,3,0,1
980959,2,57ee1fde,2016,2016,24,27,9,6,0,2
980971,1,91a4a398,2016,2016,18,25,5,0,0,1
980981,1,13c35c9e,2016,2016,24,27,12,1,0,1
980983,2,32198ae0,2016,2016,18,19,9,0,0,2
980985,1,ce820073,2016,2016,24,11,16,0,0,2
980989,1,bbd41817,2016,2016,12,11,6,0,0,1
980991,1,32198ae0,2016,2016,18,29,4,0,0,1
981001,1,c8179c68,2016,2016,24,22,5,0,0,1
981003,1,2e8994e7,2016,2016,6,9,1,0,0,1
1426305,2,c33d8116,2024,2024,24,45,9,3,0,1
1426306,1,1abb78f8,2024,2024,24,61,4,0,0,2
1426311,1,eef2536f,2024,2024,24,27,11,2,0,3
1426311,2,ce794613,2024,2024,18,13,12,1,0,1
1426311,2,f29185a1,2024,2024,24,24,8,0,0,2
1473438,2,7c3b3b78,2025,2025,18,42,4,1,0,1
1473441,2,cf0ccafa,2025,2025,24,39,9,0,0,2
1473442,1,c7a995d3,2025,2025,24,30,12,0,0,3
1473443,1,7c3b3b78,2025,2025,24,33,9,1,0,2
1473444,2,8cf9814c,2025,2025,18,37,4,5,0,1
1473446,2,2f49c897,2025,2025,24,34,10,2,0,2
1473451,1,85e0cf10,2025,2025,24,26,12,0,0,1
1473451,2,2e81a32d,2025,2025,24,23,10,0,0,1
1473454,1,fe93fd9d,2025,2025,12,19,4,1,0,1
1473454,1,efc04be7,2025,2025,18,36,2,0,0,1
1473457,2,8cf9814c,2025,2025,24,28,10,2,0,2
1473458,1,1e030637,2025,2025,6,10,1,0,0,1
1473458,2,5b8c830e,2025,2025,24,45,8,3,0,4
1473459,2,2f9d0389,2025,2025,24,40,8,6,0,2
1473462,1,77b1aa15,2025,2025,24,16,17,1,0,2
1473464,2,244048f6,2025,2025,24,37,10,1,0,1
1473468,2,244048f6,2025,2025,18,11,9,0,0,1
1473469,1,f24c6701,2025,2025,24,40,7,0,0,1
1473469,1,a97c8ec2,2025,2025,24,38,7,0,0,1
1473470,2,f986ca1a,2025,2025,18,31,2,0,0,1
1473471,1,c05edf8e,2025,2025,12,25,8,0,1,2
1473475,1,e4a0deae,2025,2025,18,14,6,2,0,1
1473476,2,5bb1a1c4,2025,2025,12,18,4,0,0,1
1473478,1,462411b3,2025,2025,24,39,8,0,0,1
1473478,2,36619795,2025,2025,22,36,6,0,0,1
1473483,1,5b8c830e,2025,2025,24,28,5,0,0,1
1473484,1,5574750c,2025,2025,24,49,6,0,0,1
1473485,2,9d430b40,2025,2025,24,29,10,0,0,3
1473488,2,5bb1a1c4,2025,2025,20,35,5,2,0,1
1473489,2,5b8c830e,2025,2025,18,24,5,0,0,1
1473490,2,bb351c23,2025,2025,18,43,4,2,0,2
1473494,2,77b1aa15,2025,2025,24,43,8,1,0,2
1473497,2,8f6dd463,2025,2025,24,44,6,0,0,2
1473504,2,efc04be7,2025,2025,24,21,11,1,0,3
1473506,2,e4a0deae,2025,2025,24,41,7,3,0,2
1473509,2,402f8494,2025,2025,21,39,5,1,0,1
1473511,1,244048f6,2025,2025,24,40,8,2,0,3
1527676,1,df064e1a,2026,2026,18,16,8,0,0,1
1527684,1,59559bc2,2026,2026,18,42,4,0,0,1
1527687,1,8d2c70ad,2026,2026,24,42,5,0,0,1
1527692,1,85e0cf10,2026,2026,24,28,13,0,0,4
1527693,2,5b8c830e,2026,2026,24,26,5,1,0,1
1529265,2,4d7f517e,2026,2026,24,26,7,0,0,1
1529266,1,2e81a32d,2026,2026,24,27,8,1,0,3
1529268,1,2f49c897,2026,2026,24,23,14,0,0,2
1529268,1,50c09020,2026,2026,24,45,11,2,1,2
1529270,2,7b44eb3e,2026,2026,18,18,7,0,0,1
1529273,2,462411b3,2026,2026,18,15,11,2,0,1
1529275,2,df064e1a,2026,2026,18,23,6,2,0,1
1529277,1,9440ef41,2026,2026,24,36,4,1,0,1
1529285,1,2f49c897,2026,2026,24,38,11,0,0,1
1529285,1,5f547c8b,2026,2026,24,19,15,0,0,2
1529285,2,c5aef772,2026,2026,24,30,10,2,0,2
1529288,1,5b7ab5a9,2026,2026,24,36,10,1,0,3
1529292,1,2f9d0389,2026,2026,24,41,9,1,0,1
1529293,2,f9e6e7ef,2026,2026,18,33,8,3,0,2
1529302,1,8cf9814c,2026,2026,24,41,8,1,0,1
1529303,1,c7a995d3,2026,2026,18,38,5,0,0,1
1529305,2,5574750c,2026,2026,24,35,10,7,0,2
1529313,1,5b7ab5a9,2026,2026,24,35,7,2,0,1
335984,1,ee7d0c82,2007/08,2008,24,21,16,1,0,1
335985,1,91a4a398,2007/08,2008,24,17,13,0,0,2
335988,1,ab89348d,2007/08,2008,24,36,10,1,0,2
335989,2,4ba44e19,2007/08,2008,24,40,5,4,0,2
335995,2,e03b66ec,2007/08,2008,24,39,10,0,1,2
335999,2,e0351c86,2007/08,2008,24,32,9,0,0,1
336000,1,5bb1a1c4,2007/08,2008,24,26,11,0,1,1
336001,1,e03b66ec,2007/08,2008,24,34,7,1,0,1
336001,1,8ba8195d,2007/08,2008,12,21,5,0,0,1
336002,1,41eb4a4f,2007/08,2008,24,27,17,0,1,3
336008,2,4329fbb5,2007/08,2008,24,26,10,1,0,2
336011,1,3c6ffae8,2007/08,2008,12,19,2,0,0,1
336013,2,6ad3a659,2007/08,2008,18,35,4,0,0,1
336013,2,b2b50355,2007/08,2008,24,24,12,1,0,5
336014,2,66b30f71,2007/08,2008,24,33,12,1,0,3
336015,1,4329fbb5,2007/08,2008,24,21,11,0,0,2
336015,1,3d7e087f,2007/08,2008,24,28,8,1,0,2
336020,2,ab89348d,2007/08,2008,24,39,6,0,0,2
336023,2,f0f628c7,2007/08,2008,24,21,12,0,0,2
336024,2,342d8ade,2007/08,2008,24,38,8,1,1,2
336025,1,b2b50355,2007/08,2008,24,36,3,2,0,1
336027,1,3c6ffae8,2007/08,2008,12,14,3,0,0,1
336029,1,ae78bc32,2007/08,2008,24,11,13,1,0,2
336029,2,41eb4a4f,2007/08,2008,18,23,6,0,1,1
336032,1,50758325,2007/08,2008,24,50,7,1,0,1
336032,1,ab89348d,2007/08,2008,24,27,11,6,0,1
336038,1,ab89348d,2007/08,2008,24,34,9,0,0,3
392185,2,ae78bc32,2009,2009,18,24,7,2,0,1
392185,2,b2b50355,2009,2009,14,18,6,0,0,2
392186,2,5f26df4f,2009,2009,12,23,5,0,0,1
392191,2,0c2730df,2009,2009,24,19,7,0,0,1
392197,1,5bb1a1c4,2009,2009,24,29,16,6,0,1
392200,1,91a4a398,2009,2009,24,19,8,2,0,1
392200,1,f233bbb4,2009,2009,6,5,1,0,0,1
392205,2,fe763256,2009,2009,12,23,4,0,0,2
392213,1,f0f628c7,2009,2009,12,16,8,1,0,1
392214,2,c3d35165,2009,2009,18,36,5,1,0,1
392217,1,b2b50355,2009,2009,18,13,6,0,0,1
392219,1,6b19d823,2009,2009,24,14,15,0,1,3
392220,1,bb18be76,2009,2009,24,36,5,0,0,1
392223,2,96fd40ae,2009,2009,24,47,6,1,0,1
392225,1,f233bbb4,2009,2009,6,3,3,0,0,2
392225,2,bb18be76,2009,2009,24,24,8,5,0,3
392226,1,6b8eb6e5,2009,2009,24,20,14,2,0,2
392226,1,3dba85c2,2009,2009,6,6,1,0,0,1
392230,1,f0f628c7,2009,2009,24,39,11,0,3,2
392232,2,96fd40ae,2009,2009,24,21,13,0,1,1
392233,1,fa463154,2009,2009,24,15,15,0,0,2
392233,2,5b040b81,2009,2009,21,19,11,0,0,1
392235,2,8b5b6769,2009,2009,24,17,12,1,0,4
392237,1,c3d1402f,2009,2009,24,33,10,2,0,2
392238,2,c8179c68,2009,2009,24,29,10,0,0,1
392239,2,c3d1402f,2009,2009,24,16,11,0,0,1
419108,2,5fa06777,2009/10,2010,23,27,11,2,0,1
419111,1,9fc0ef64,2009/10,2010,24,20,13,2,0,1
419114,1,fb693839,2009/10,2010,24,44,4,0,0,2
419115,1,86dc8f2e,2009/10,2010,24,20,9,1,1,2
419120,2,6c6591ab,2009/10,2010,24,36,4,0,0,1
419121,2,dec8e038,2009/10,2010,24,17,12,3,0,2
419124,1,6b8eb6e5,2009/10,2010,18,20,10,1,2,1
419124,1,2049f3a0,2009/10,2010,24,49,4,3,0,1
419128,1,41eb4a4f,2009/10,2010,24,29,8,1,0,1
419130,2,8b5b6769,2009/10,2010,24,31,6,2,0,3
419133,1,c8179c68,2009/10,2010,24,17,14,0,0,2
419133,2,39f01cdb,2009/10,2010,12,26,2,0,0,1
419134,2,ab89348d,2009/10,2010,18,13,13,0,0,2
419134,2,6b19d823,2009/10,2010,24,25,13,2,0,3
419138,1,6c6591ab,2009/10,2010,24,26,11,0,0,3
419139,2,abfeb126,2009/10,2010,24,41,3,1,0,1
419141,1,12eddf28,2009/10,2010,24,34,11,3,0,2
419141,2,dbc50253,2009/10,2010,24,42,7,1,1,2
419144,2,fa463154,2009/10,2010,24,36,8,1,0,1
419147,1,12eddf28,2009/10,2010,24,18,10,0,0,3
419147,1,6c6591ab,2009/10,2010,18,20,6,0,0,1
419148,1,0c2730df,2009/10,2010,24,17,14,5,0,1
419154,1,41eb4a4f,2009/10,2010,24,36,10,0,0,1
419156,1,12eddf28,2009/10,2010,24,27,12,2,0,1
419156,2,dec8e038,2009/10,2010,24,32,9,3,0,1
419157,2,c654af19,2009/10,2010,24,21,8,0,0,1
419161,1,4f629497,2009/10,2010,24,24,8,0,0,2
419163,2,4ba44e19,2009/10,2010,24,16,13,0,0,1
419164,1,6ec424a9,2009/10,2010,24,17,14,1,0,1
419165,1,91a4a398,2009/10,2010,24,34,9,1,0,1
419165,2,1dc12ab9,2009/10,2010,12,21,4,2,0,1
501200,1,ba607b88,2011,2011,12,14,4,0,0,1
501202,1,b552a935,2011,2011,24,27,11,1,0,2
501204,1,5b040b81,2011,2011,24,18,16,1,0,1
501206,2,13c35c9e,2011,2011,24,33,10,0,0,1
501209,1,7dc35884,2011,2011,24,31,7,2,0,2
501216,2,6b19d823,2011,2011,24,28,5,0,0,1
501223,2,5fa06777,2011,2011,18,26,12,0,0,1
501228,2,abfeb126,2011,2011,24,27,9,0,0,1
501230,2,85aae393,2011,2011,24,25,9,1,0,3
501235,1,3d7e087f,2011,2011,24,28,7,0,0,2
501238,1,6b8eb6e5,2011,2011,24,24,11,0,1,1
501243,2,6b19d823,2011,2011,24,53,3,0,0,1
501244,1,12eddf28,2011,2011,24,38,9,0,0,3
501244,1,c654af19,2011,2011,24,40,8,1,0,1
501244,2,d7c6af50,2011,2011,24,14,10,0,0,1
501248,1,5d9a1a73,2011,2011,24,17,12,0,0,2
501249,2,45c2196c,2011,2011,24,22,12,2,0,3
501251,1,f0f628c7,2011,2011,24,21,13,0,0,5
501254,1,12eddf28,2011,2011,24,42,6,3,0,1
501256,1,a757b0d8,2011,2011,12,10,5,0,0,1
501257,1,5bb5a915,2011,2011,24,22,11,1,0,1
501259,2,1c914163,2011,2011,24,27,8,0,0,1
501261,1,6b8eb6e5,2011,2011,18,23,8,0,0,1
501261,1,fe93fd9d,2011,2011,24,26,9,1,0,2
501262,2,3a60e0b5,2011,2011,24,27,11,2,0,1
501268,1,495d42a5,2011,2011,24,33,9,1,0,1
548313,2,f846de6a,2012,2012,24,23,12,0,0,1
548314,2,8fd1a8f5,2012,2012,24,12,14,0,0,3
548314,2,2a2e6343,2012,2012,24,49,4,0,0,1
548317,2,a757b0d8,2012,2012,24,44,8,1,1,4
548320,2,5b040b81,2012,2012,24,29,8,0,0,1
548322,1,66b30f71,2012,2012,24,30,8,0,2,1
548323,2,98ae73b1,2012,2012,24,18,11,0,0,3
548328,1,9d430b40,2012,2012,24,24,11,0,0,2
548328,1,33a364a6,2012,2012,24,23,5,1,0,1
548332,1,469ea22b,2012,2012,24,17,13,0,0,1
548332,1,495d42a5,2012,2012,24,19,13,0,0,1
548333,1,5bb5a915,2012,2012,24,50,5,1,1,3
548337,2,5d9a1a73,2012,2012,24,33,6,0,0,1
548344,1,d7c6af50,2012,2012,24,29,12,0,0,1
548348,1,96fd40ae,2012,2012,24,41,3,0,1,1
548348,1,2e81a32d,2012,2012,24,22,6,0,0,1
548349,2,29d72eb2,2012,2012,24,29,8,0,0,1
548351,2,a12e1d51,2012,2012,24,25,13,3,0,2
548353,2,d4eef961,2012,2012,24,34,8,2,1,3
548357,2,cc1e8c68,2012,2012,24,30,9,3,0,2
548360,1,41eb4a4f,2012,2012,24,34,12,1,0,2
548360,2,6c6591ab,2012,2012,12,25,5,0,1,1
548365,2,addfb70e,2012,2012,24,25,9,0,1,1
548367,1,f0f628c7,2012,2012,24,54,11,1,3,1
548368,1,495d42a5,2012,2012,24,26,5,0,0,1
548370,1,35205dfc,2012,2012,12,8,6,0,0,1
548372,2,91a4a398,2012,2012,24,38,8,0,0,3
548375,2,7dc35884,2012,2012,24,18,11,0,0,2
548380,1,f62772e5,2012,2012,24,33,6,0,0,1
597998,2,96fd40ae,2013,2013,18,20,10,0,0,1
597999,2,41eb4a4f,2013,2013,24,27,8,0,0,3
598000,1,f846de6a,2013,2013,24,34,8,1,0,1
598002,1,b2a79f17,2013,2013,18,25,4,3,0,1
598006,2,6c6591ab,2013,2013,24,34,5,5,0,2
598012,1,fb66ce1f,2013,2013,24,40,10,0,0,3
598012,2,c64c2443,2013,2013,18,15,6,1,0,2
598014,2,1a0c3177,2013,2013,24,35,9,0,0,1
598024,1,05c2ca46,2013,2013,24,35,7,0,0,1
598027,1,cca50cd6,2013,2013,24,26,7,2,0,1
598038,2,fb66ce1f,2013,2013,18,21,7,2,0,1
1082591,1,bd17b45f,2017,2017,6,10,1,0,0,1
1082594,2,acee4cc4,2017,2017,24,29,8,0,0,2
1082595,1,fb66ce1f,2017,2017,24,21,16,0,0,3
1082597,1,5b8c830e,2017,2017,24,24,8,0,0,3
1082598,1,0a3d54b9,2017,2017,24,21,11,0,0,2
1082605,1,edb3d4f8,2017,2017,18,23,6,0,1,1
1082607,1,957532de,2017,2017,24,29,9,1,0,2
1082608,1,cc1e8c68,2017,2017,24,53,7,0,0,1
1082609,2,32198ae0,2017,2017,12,6,7,0,0,1
1082610,2,957532de,2017,2017,24,53,7,1,0,1
1082613,2,cc1e8c68,2017,2017,12,17,2,0,0,1
1082618,2,2a2e6343,2017,2017,6,6,3,0,0,1
1082620,2,1e66c162,2017,2017,18,26,5,1,0,1
1082626,1,759ac88f,2017,2017,7,3,5,0,0,1
1082626,1,0a3d54b9,2017,2017,12,3,9,0,0,2
1082627,1,4c5d73db,2017,2017,24,46,8,1,0,1
1082628,1,119678fd,2017,2017,18,23,5,1,0,1
1082629,2,9fc0ef64,2017,2017,24,38,10,1,0,2
1082630,2,dcf81436,2017,2017,24,38,7,1,0,1
1082633,1,f62772e5,2017,2017,18,21,6,0,0,1
1082636,2,18e6906e,2017,2017,17,19,10,0,0,1
1082638,1,5f547c8b,2017,2017,24,22,11,0,0,1
1082639,2,e84ac20c,2017,2017,18,31,5,0,0,1
1082641,2,759ac88f,2017,2017,24,57,6,0,0,2
1082645,1,2a2e6343,2017,2017,12,10,4,0,0,2
1082645,2,2e171977,2017,2017,12,13,2,0,0,1
1082648,1,98ae73b1,2017,2017,18,27,7,0,0,1
1136561,2,0a8fce53,2018,2018,23,39,7,0,0,1
1136562,2,2a2e6343,2018,2018,12,12,6,0,0,1
1136562,2,39a2dfa8,2018,2018,24,24,9,0,0,1
1136567,2,462411b3,2018,2018,24,32,6,0,0,2
1136568,2,7c7d63a2,2018,2018,24,27,6,1,0,1
1136577,2,23eeb873,2018,2018,24,30,9,4,0,2
1136578,1,7d92277a,2018,2018,24,32,9,1,0,1
1136585,2,7dc35884,2018,2018,18,18,7,0,0,2
1136587,1,dbe50b21,2018,2018,24,39,7,0,0,1
1136594,1,462411b3,2018,2018,24,19,10,0,0,1
1136597,1,bbd41817,2018,2018,12,12,5,1,0,2
1136598,1,7c7d63a2,2018,2018,24,24,6,0,0,2
1136599,2,7dc35884,2018,2018,24,36,7,0,0,2
1136599,2,5f547c8b,2018,2018,24,31,12,2,0,1
1136601,1,85e0cf10,2018,2018,24,41,8,1,0,1
1136606,1,1abb78f8,2018,2018,24,32,10,3,0,2
1136609,1,85e0cf10,2018,2018,24,35,9,0,0,2
1136610,1,db31895a,2018,2018,24,46,9,2,0,1
1136610,1,495d42a5,2018,2018,18,18,5,0,0,2
1136614,1,85e0cf10,2018,2018,24,30,10,2,0,4
1136617,2,ce820073,2018,2018,18,30,6,0,0,2
1136619,2,5f547c8b,2018,2018,24,19,12,0,0,3
1175356,2,57ee1fde,2019,2019,24,6,18,0,0,1
1175360,2,5bb1a1c4,2019,2019,18,28,4,0,0,1
1175360,2,e62dd25d,2019,2019,22,26,10,0,0,1
1175365,1,6b19d823,2019,2019,24,36,10,1,0,1
1175366,1,57ee1fde,2019,2019,24,44,3,1,0,1
1175369,1,7a8bd078,2019,2019,24,12,16,0,0,3
1175369,2,2f49c897,2019,2019,24,25,11,1,0,1
1175372,2,f62772e5,2019,2019,19,21,8,0,0,2
1178394,1,2e81a32d,2019,2019,24,34,13,1,0,1
1178394,1,ce820073,2019,2019,18,20,8,1,0,1
1178394,2,2ed569a0,2019,2019,24,21,12,1,0,2
1178395,2,13c35c9e,2019,2019,12,24,4,2,0,1
1178398,1,8b5b6769,2019,2019,24,15,15,0,0,2
1178400,1,1abb78f8,2019,2019,24,44,5,1,0,2
1178401,2,85e0cf10,2019,2019,18,25,9,0,0,1
1178405,1,5f547c8b,2019,2019,24,22,10,0,0,1
1178420,1,1e66c162,2019,2019,24,26,4,0,0,2
1178420,2,a2f46292,2019,2019,24,33,7,0,0,1
1178423,2,a2f46292,2019,2019,24,40,10,3,0,3
1178424,1,04a418e8,2019,2019,6,10,1,0,0,1
1178424,1,1e66c162,2019,2019,6,9,2,0,0,1
1178428,2,641ac5ff,2019,2019,19,26,11,0,0,3
1181766,2,a2f46292,2019,2019,17,24,6,1,0,2
1216492,1,98ae73b1,2020/21,2021,24,21,11,1,0,1
1216498,2,df064e1a,2020/21,2021,24,13,14,0,0,1
1216500,2,acdc62f5,2020/21,2021,24,25,12,2,0,1
1216507,1,5d2eea49,2020/21,2021,18,29,5,0,0,1
1216509,1,46a9bea1,2020/21,2021,24,39,9,2,0,1
1216511,2,462411b3,2020/21,2021,24,20,14,0,0,4
1216519,2,2e171977,2020/21,2021,24,18,9,0,0,2
1216521,1,462411b3,2020/21,2021,24,25,12,0,0,2
1216523,2,9d430b40,2020/21,2021,24,28,7,0,0,2
1216533,1,5d2eea49,2020/21,2021,24,35,10,1,0,1
1216534,2,21d4e29b,2020/21,2021,24,25,9,5,0,2
1216538,1,ce820073,2020/21,2021,24,41,9,0,0,2
1216540,2,f19ccfad,2020/21,2021,24,20,7,0,0,2
1254060,1,5f547c8b,2021,2021,24,24,10,5,0,2
1254060,2,85e0cf10,2021,2021,24,35,11,4,0,2
1254061,2,1ee08e9a,2021,2021,24,55,5,2,0,1
1254068,2,64775749,2021,2021,14,35,3,5,1,1
1254070,2,81049310,2021,2021,24,25,9,0,0,1
1254072,2,f834dcfc,2021,2021,24,28,14,1,0,3
1254073,1,2f49c897,2021,2021,24,27,16,1,0,3
1254079,1,e62dd25d,2021,2021,24,38,6,0,0,1
1254080,2,5f547c8b,2021,2021,24,36,7,1,0,3
1254082,2,ded9240e,2021,2021,24,24,15,0,0,3
1254084,1,462411b3,2021,2021,24,56,4,2,1,1
1254092,1,9d430b40,2021,2021,24,18,10,0,0,2
1254095,1,57ee1fde,2021,2021,24,27,9,0,0,1
1254096,2,462411b3,2021,2021,24,43,8,5,0,3
1254098,1,fe93fd9d,2021,2021,24,21,5,0,0,1
1254098,2,9d430b40,2021,2021,24,41,7,0,0,3
1254099,2,8cf9814c,2021,2021,24,42,9,0,0,1
1254099,2,df064e1a,2021,2021,24,25,11,0,0,2
1254101,1,57ee1fde,2021,2021,24,34,5,0,0,1
1254101,2,acdc62f5,2021,2021,24,24,8,1,0,2
1254102,2,a24be938,2021,2021,15,30,2,0,1,1
1254105,1,e62dd25d,2021,2021,24,37,13,0,1,3
1254106,2,7dc35884,2021,2021,6,1,5,0,0,1
1254107,2,244048f6,2021,2021,24,22,9,0,0,1
1254108,1,a818c1be,2021,2021,24,17,16,1,0,1
1254108,2,f986ca1a,2021,2021,19,17,9,3,0,4
1254110,1,eef2536f,2021,2021,24,35,11,2,0,1
1254110,1,495d42a5,2021,2021,24,20,8,2,0,1
1254111,1,244048f6,2021,2021,24,32,10,3,0,5
1254113,1,23eeb873,2021,2021,24,35,7,0,0,1
1254114,2,e86754b2,2021,2021,22,29,6,2,0,3
1254115,1,2f9d0389,2021,2021,24,30,7,1,0,2
1254117,1,c38d3503,2021,2021,24,32,8,0,0,1
1304050,2,eef2536f,2022,2022,22,33,9,0,0,1
1304053,1,df064e1a,2022,2022,24,24,10,0,0,2
1304053,2,11614d87,2022,2022,24,31,8,3,0,2
1304055,2,85e0cf10,2022,2022,24,37,13,5,1,1
1304057,2,7c3b3b78,2022,2022,24,21,14,1,0,2
1304057,2,2ed569a0,2022,2022,24,25,9,0,0,3
1304059,1,f986ca1a,2022,2022,24,18,10,2,0,1
1304060,1,ded9240e,2022,2022,24,49,9,1,0,2
1304061,1,90de905a,2022,2022,24,23,15,0,0,1
1304062,1,2f9d0389,2022,2022,24,33,10,1,0,1
1304072,2,eef2536f,2022,2022,24,30,13,1,0,3
1304073,2,03806cf8,2022,2022,24,28,12,1,0,3
1304073,2,a97c8ec2,2022,2022,24,40,8,0,0,1
1304074,2,e62dd25d,2022,2022,24,29,9,0,0,1
1304076,1,ded9240e,2022,2022,24,50,3,2,0,1
1304077,2,03806cf8,2022,2022,24,25,10,2,0,4
1304079,2,1e66c162,2022,2022,24,48,5,1,0,2
1304083,2,c33d8116,2022,2022,24,27,11,6,0,1
1304085,2,495d42a5,2022,2022,24,17,14,1,0,3
1304086,1,7210d461,2022,2022,24,24,8,1,0,1
1304089,2,a97c8ec2,2022,2022,24,28,9,0,0,2
1304090,2,a818c1be,2022,2022,18,26,8,6,0,1
1304095,1,11614d87,2022,2022,18,42,4,2,0,1
1304097,2,e2db2409,2022,2022,24,29,8,0,0,2
1304098,2,e62dd25d,2022,2022,24,50,7,1,0,1
1304101,2,f24c6701,2022,2022,24,29,12,0,0,1
1304109,2,529eb9e0,2022,2022,24,35,6,4,0,2
1304111,2,81c08fa3,2022,2022,18,23,10,3,2,3
1304113,1,b681e71e,2022,2022,24,28,14,1,0,1
1304113,2,5f547c8b,2022,2022,24,32,5,0,0,2
1304115,2,8d2c70ad,2022,2022,24,33,9,0,0,1
1359480,1,8d92a2c3,2023,2023,24,49,6,0,0,3
1359481,2,acdc62f5,2023,2023,24,39,8,0,2,2
1359482,1,495d42a5,2023,2023,24,25,7,1,0,1
1359483,1,e38bce7a,2023,2023,18,34,3,0,0,1
1359484,1,df064e1a,2023,2023,24,16,10,1,0,1
1359484,2,e9c7f0d0,2023,2023,18,13,11,1,0,1
1359490,1,4933f499,2023,2023,18,23,8,0,0,3
1359491,2,57ee1fde,2023,2023,24,27,8,1,0,2
1359492,2,c05edf8e,2023,2023,24,20,8,0,0,1
1359492,2,e94915e6,2023,2023,23,25,6,0,0,1
1359493,2,ce794613,2023,2023,24,54,6,1,0,1
1359494,1,ad427b5c,2023,2023,24,29,6,1,0,1
1359495,2,5b8c830e,2023,2023,18,32,6,0,0,1
1359496,2,1abb78f8,2023,2023,12,25,2,1,0,1
1359497,1,57ee1fde,2023,2023,24,36,3,1,0,1
1359498,2,64839cb3,2023,2023,24,42,9,2,0,2
1359501,2,3a60e0b5,2023,2023,18,32,9,0,0,1
1359502,1,2e171977,2023,2023,18,13,12,0,0,2
1359506,1,a818c1be,2023,2023,24,41,8,5,0,2
1359506,1,ce820073,2023,2023,24,49,9,1,0,2
1359506,2,7f048519,2023,2023,24,26,10,1,0,1
1359512,1,e94915e6,2023,2023,18,38,5,0,0,1
1359514,1,2e171977,2023,2023,24,29,6,2,0,1
1359514,2,4d7f517e,2023,2023,24,40,5,0,0,1
1359523,1,46a9bea1,2023,2023,24,26,9,1,0,2
1359524,2,03806cf8,2023,2023,18,29,9,0,1,1
1359524,2,f986ca1a,2023,2023,12,32,4,1,0,1
1359527,1,77b1aa15,2023,2023,18,33,6,0,1,2
1359528,2,a97c8ec2,2023,2023,24,53,5,2,0,2
1359531,2,4bd09374,2023,2023,24,31,10,0,0,3
1359533,1,ed5a5510,2023,2023,18,19,8,1,0,1
1359533,1,8d2c70ad,2023,2023,24,32,9,0,0,1
1359538,2,acdc62f5,2023,2023,24,36,10,0,0,2
1359539,1,2f49c897,2023,2023,24,17,15,2,0,1
1359539,1,e38bce7a,2023,2023,12,13,5,0,0,2
1359540,1,21d4e29b,2023,2023,24,40,9,1,0,3
1359540,1,14f96089,2023,2023,24,26,6,0,0,1
1359541,2,23eeb873,2023,2023,24,22,14,0,0,3
1359542,2,5b8c830e,2023,2023,24,30,8,0,0,1
1370350,1,efc04be7,2023,2023,24,29,6,0,0,1
1370350,2,f24c6701,2023,2023,24,28,8,0,0,2
1370351,2,98ae73b1,2023,2023,24,28,8,2,0,1
1370353,2,efc04be7,2023,2023,18,17,6,3,0,2
1422120,1,c05edf8e,2024,2024,18,14,7,0,0,1
1422124,1,2f49c897,2024,2024,24,26,11,0,0,2
1422128,2,7210d461,2024,2024,24,46,6,6,0,1
1422129,1,e62dd25d,2024,2024,24,38,9,0,0,1
1422133,1,7210d461,2024,2024,24,24,12,0,0,1
1422134,1,5bb1a1c4,2024,2024,18,43,5,0,0,2
1422134,1,acdc62f5,2024,2024,24,59,6,2,0,3
1422138,1,2e171977,2024,2024,24,35,8,0,0,2
1422139,2,4b31f3a3,2024,2024,23,30,13,2,0,5
1426260,2,9d430b40,2024,2024,24,30,5,0,0,1
1426262,1,cc1e8c68,2024,2024,24,47,9,2,0,1
1426264,1,a2f46292,2024,2024,24,41,10,1,0,2
1426264,1,5bb1a1c4,2024,2024,24,36,6,4,0,1
1426270,2,cdc6bdba,2024,2024,18,40,6,0,0,2
1426274,1,eaa76d3c,2024,2024,24,35,8,2,0,2
1426274,2,bbd41817,2024,2024,18,25,8,1,0,3
1426275,1,c7a995d3,2024,2024,24,33,11,1,0,4
1426276,1,eef2536f,2024,2024,24,49,7,3,0,1
1426276,2,98ae73b1,2024,2024,24,33,8,0,0,1
1426278,2,b8527c3d,2024,2024,24,44,8,1,0,3
1426281,1,462411b3,2024,2024,24,35,9,2,1,1
1426283,1,2f49c897,2024,2024,24,34,9,4,0,1
1426284,2,64839cb3,2024,2024,12,17,3,2,0,2
1426291,2,e4a0deae,2024,2024,18,10,11,0,0,1
1426292,1,c0c411cb,2024,2024,24,49,7,1,0,3
1426296,2,119678fd,2024,2024,18,36,7,0,0,2
1426300,2,7210d461,2024,2024,19,20,12,1,0,3
1426302,2,2cffab74,2024,2024,24,33,9,2,0,1
598043,2,bd17b45f,2013,2013,6,8,3,0,0,0
598048,2,8fd1a8f5,2013,2013,24,16,13,0,0,0
598049,1,6aed7e79,2013,2013,24,30,8,0,0,0
598052,2,626c5379,2013,2013,6,10,0,0,0,0
598054,1,5bb5a915,2013,2013,24,35,10,0,1,0
598057,1,33a364a6,2013,2013,12,14,1,0,0,0
598071,1,557153ca,2013,2013,24,36,7,2,0,0
598071,2,0f12f9df,2013,2013,18,14,9,0,0,0
729285,1,bd17b45f,2014,2014,6,7,2,0,0,0
729301,1,3a60e0b5,2014,2014,24,38,7,0,0,0
729303,1,fe93fd9d,2014,2014,6,14,0,0,0,0
729315,1,98ae73b1,2014,2014,18,27,6,0,0,0
733973,1,91a4a398,2014,2014,21,28,9,0,0,0
733973,1,462411b3,2014,2014,24,25,13,3,1,0
733977,1,57ee1fde,2014,2014,24,30,6,2,0,0
733979,2,39a2dfa8,2014,2014,12,18,2,0,0,0
733985,1,41eb4a4f,2014,2014,18,31,3,0,0,0
733987,1,fe93fd9d,2014,2014,18,37,2,0,0,0
733997,2,f5180fe6,2014,2014,18,33,5,0,0,0
734005,2,1c914163,2014,2014,24,28,7,0,0,0
734007,1,f5180fe6,2014,2014,24,26,11,3,0,0
734015,2,c03c6200,2014,2014,6,7,2,0,0,0
734015,2,5fa06777,2014,2014,18,20,4,0,0,0
734017,1,808f425a,2014,2014,24,47,8,1,0,0
734021,1,8fd1a8f5,2014,2014,24,23,9,0,0,0
734021,2,4ba44e19,2014,2014,24,26,13,0,0,0
734029,2,759ac88f,2014,2014,18,33,5,0,0,0
829727,1,808f425a,2015,2015,12,20,5,1,1,0
829727,1,bd17b45f,2015,2015,12,12,4,0,0,0
829729,2,cedc1d9a,2015,2015,18,28,6,2,1,0
829731,2,2c76b512,2015,2015,12,20,5,0,0,0
829743,2,8fd1a8f5,2015,2015,18,24,6,0,0,0
829743,2,119678fd,2015,2015,6,5,2,0,0,0
829757,2,acee4cc4,2015,2015,12,20,3,0,0,0
829761,2,9d430b40,2015,2015,24,30,8,1,0,0
829763,1,4329fbb5,2015,2015,18,27,6,3,1,0
829777,1,6b19d823,2015,2015,24,41,6,1,0,0
829793,2,7ca5e05d,2015,2015,6,15,1,0,0,0
829795,1,4125d931,2015,2015,18,35,4,0,0,0
829797,2,f62772e5,2015,2015,24,35,5,1,0,0
829801,1,9d80c5e1,2015,2015,24,18,15,0,0,0
829811,1,98ae73b1,2015,2015,6,12,1,2,0,0
829821,1,f62772e5,2015,2015,6,4,3,0,0,0
980901,2,41eb4a4f,2016,2016,12,14,6,3,0,0
980913,2,f5180fe6,2016,2016,18,28,4,0,0,0
980913,2,9a0146b3,2016,2016,15,27,3,1,0,0
980915,2,2e81a32d,2016,2016,24,29,8,1,0,0
980915,2,d8b2f218,2016,2016,24,31,11,2,0,0
980919,2,0f12f9df,2016,2016,16,30,2,0,0,0
980925,2,b681e71e,2016,2016,12,17,2,0,0,0
980927,2,bd17b45f,2016,2016,6,8,1,0,0,0
980933,2,f62772e5,2016,2016,6,19,0,0,0,0
980935,2,2e171977,2016,2016,11,11,4,0,0,0
980945,1,6b19d823,2016,2016,18,27,5,0,0,0
980947,2,1e66c162,2016,2016,18,49,5,1,0,0
980961,2,1dc12ab9,2016,2016,24,34,6,0,0,0
980963,1,b681e71e,2016,2016,6,11,1,0,0,0
980965,1,495d42a5,2016,2016,24,34,4,3,0,0
980965,1,e2db2409,2016,2016,18,31,5,0,0,0
980973,1,dbe50b21,2016,2016,6,10,2,0,0,0
980975,1,6aed7e79,2016,2016,12,15,4,0,0,0
980993,2,51a3c5ef,2016,2016,24,26,14,0,0,0
980997,1,495d42a5,2016,2016,24,23,9,2,0,0
981001,2,0f721006,2016,2016,12,14,5,1,0,0
981003,1,6b19d823,2016,2016,18,21,3,0,0,0
1426306,2,983f2f61,2024,2024,12,13,1,1,0,0
1426307,2,1ac746c8,2024,2024,1,4,0,0,0,0
1426309,2,2e81a32d,2024,2024,18,28,8,0,0,0
1426309,2,03a83c50,2024,2024,12,22,1,0,0,0
1426310,2,983f2f61,2024,2024,12,19,4,0,0,0
1426311,2,2e81a32d,2024,2024,18,33,7,0,0,0
1473445,1,e94915e6,2025,2025,18,34,7,2,0,0
1473450,2,df064e1a,2025,2025,18,43,6,0,0,0
1473457,1,5f547c8b,2025,2025,24,31,9,0,0,0
1473457,2,30df8c66,2025,2025,6,20,2,0,0,0
1473464,2,d9273ee7,2025,2025,4,6,2,1,0,0
1473464,2,26989d80,2025,2025,12,27,3,0,0,0
1473465,1,50c6bc2b,2025,2025,6,8,1,0,0,0
1473465,2,46a9bea1,2025,2025,12,21,3,0,0,0
1473467,2,0a67aec0,2025,2025,6,13,2,0,0,0
1473472,2,3fb19989,2025,2025,20,49,4,0,0,0
1473472,2,759ac88f,2025,2025,12,28,1,0,0,0
1473474,1,2e81a32d,2025,2025,24,26,9,1,0,0
1473474,2,d1a60072,2025,2025,5,9,1,0,0,0
1473477,2,df064e1a,2025,2025,18,36,4,0,0,0
1473478,1,1e030637,2025,2025,6,15,2,0,0,0
1473479,1,04a418e8,2025,2025,18,30,5,0,0,0
1473483,1,9440ef41,2025,2025,24,22,8,0,0,0
1473491,1,eef2536f,2025,2025,24,57,3,2,0,0
1473494,1,64839cb3,2025,2025,24,39,2,0,0,0
1473498,1,2f49c897,2025,2025,24,37,11,1,0,0
1473500,2,a2f46292,2025,2025,18,35,6,0,0,0
1473501,1,5ffc0565,2025,2025,24,25,7,0,0,0
1473502,2,0a67aec0,2025,2025,24,49,8,3,0,0
1527678,1,5ffc0565,2026,2026,6,8,1,0,0,0
1527680,1,d9273ee7,2026,2026,6,17,1,1,0,0
1527682,2,ce820073,2026,2026,18,34,4,0,0,0
1527690,1,54e52590,2026,2026,12,33,3,0,0,0
1529266,2,8cf9814c,2026,2026,18,30,6,0,0,0
1529269,1,ce794613,2026,2026,12,16,5,1,0,0
1529277,2,e62dd25d,2026,2026,24,45,6,1,0,0
1529279,2,04a418e8,2026,2026,6,12,0,0,0,0
1529284,2,462411b3,2026,2026,24,54,5,2,0,0
1529284,2,d45c29b1,2026,2026,12,41,0,1,0,0
1529288,2,5750bcb4,2026,2026,20,42,8,2,0,0
1529291,2,ce794613,2026,2026,15,39,4,0,0,0
1529292,2,25228673,2026,2026,12,36,1,2,0,0
1529302,2,fcc21ace,2026,2026,16,63,4,0,0,0
1529310,2,ded9240e,2026,2026,24,48,4,3,1,0
1529313,1,5d2eea49,2026,2026,24,55,5,0,1,0
1535462,2,c5aef772,2026,2026,6,15,2,0,0,0
1535464,2,fe93fd9d,2026,2026,12,28,0,0,0,0
335984,1,50758325,2007/08,2008,24,41,8,0,0,0
335985,1,86dc8f2e,2007/08,2008,18,43,2,2,0,0
335988,2,bd77eb62,2007/08,2008,12,35,4,0,0,0
335993,2,66b30f71,2007/08,2008,18,25,11,6,0,0
335993,2,abfeb126,2007/08,2008,18,33,1,0,0,0
335997,2,abfeb126,2007/08,2008,18,24,8,1,0,0
335998,2,8ba8195d,2007/08,2008,12,30,0,0,0,0
336003,2,2498e163,2007/08,2008,18,35,4,0,0,0
336007,2,20a941bb,2007/08,2008,24,37,10,0,0,0
336009,1,6ad3a659,2007/08,2008,18,35,3,0,0,0
336019,1,f0f628c7,2007/08,2008,24,37,12,1,0,0
336021,1,96fd40ae,2007/08,2008,18,17,11,3,0,0
336023,2,4329fbb5,2007/08,2008,12,6,7,1,0,0
336025,1,ae78bc32,2007/08,2008,24,17,13,0,0,0
336025,2,66b30f71,2007/08,2008,12,10,5,0,0,0
336028,1,35205dfc,2007/08,2008,12,19,4,1,0,0
336031,1,98ae73b1,2007/08,2008,24,31,12,0,0,0
336032,1,ee7d0c82,2007/08,2008,24,39,8,0,1,0
336034,2,0c2730df,2007/08,2008,24,47,2,1,0,0
336040,1,bb18be76,2007/08,2008,24,34,7,1,0,0
392182,2,8fd1a8f5,2009,2009,12,6,9,3,0,0
392183,2,4353bba5,2009,2009,6,19,2,1,0,0
392183,2,034b4b7d,2009,2009,6,5,2,0,0,0
392186,1,abfeb126,2009,2009,6,7,2,0,0,0
392189,1,4ba44e19,2009,2009,18,26,3,0,0,0
392190,1,db584dad,2009,2009,24,20,7,3,0,0
392194,2,86dc8f2e,2009,2009,18,37,6,3,0,0
392195,2,034b4b7d,2009,2009,24,19,9,0,0,0
392201,2,a7c226e1,2009,2009,22,44,6,3,1,0
392205,1,bb18be76,2009,2009,18,29,4,1,0,0
392208,2,a12e1d51,2009,2009,19,24,9,0,0,0
392208,2,8b5b6769,2009,2009,12,14,5,0,0,0
392211,2,66b30f71,2009,2009,12,17,5,0,0,0
392211,2,32198ae0,2009,2009,24,36,8,0,0,0
392214,1,a1f1829d,2009,2009,18,23,6,0,0,0
392215,1,6b19d823,2009,2009,24,20,12,1,1,0
392216,1,5fa06777,2009,2009,24,42,5,1,0,0
392218,1,d92e42f5,2009,2009,12,13,2,0,0,0
392230,1,3c6ffae8,2009,2009,6,4,2,0,0,0
392233,2,bb18be76,2009,2009,24,24,10,1,0,0
419109,1,b57f8a9a,2009/10,2010,6,11,1,0,0,0
419110,1,4ba44e19,2009/10,2010,24,28,12,4,0,0
419115,1,41eb4a4f,2009/10,2010,24,25,13,0,0,0
419116,1,c3d35165,2009/10,2010,18,26,6,1,0,0
419116,2,33a364a6,2009/10,2010,12,31,3,0,0,0
419125,1,87e562a9,2009/10,2010,24,42,4,0,0,0
419130,1,740742ef,2009/10,2010,6,14,1,0,0,0
419132,2,5f26df4f,2009/10,2010,12,21,2,0,0,0
419133,1,ae78bc32,2009/10,2010,18,39,5,3,0,0
419135,1,2a72fd4f,2009/10,2010,12,21,6,5,0,0
419136,2,dd09ff8e,2009/10,2010,24,48,3,5,0,0
419141,1,bd77eb62,2009/10,2010,12,18,3,0,0,0
419143,2,dec8e038,2009/10,2010,12,23,3,0,0,0
419149,2,33a364a6,2009/10,2010,12,19,3,0,0,0
419150,1,2815fe50,2009/10,2010,6,6,3,0,0,0
419152,1,fb693839,2009/10,2010,6,14,1,0,0,0
419155,2,b2b50355,2009/10,2010,12,16,5,6,0,0
419156,1,6c6591ab,2009/10,2010,12,19,5,0,1,0
419157,1,8fd1a8f5,2009/10,2010,24,18,10,1,0,0
419161,1,fd835ab3,2009/10,2010,12,14,5,0,0,0
419161,2,87e562a9,2009/10,2010,12,7,6,1,0,0
501200,1,66cf56a5,2011,2011,6,19,2,0,1,0
501203,1,5bb1a1c4,2011,2011,18,27,5,0,0,0
501205,2,91a4a398,2011,2011,24,36,13,1,0,0
501205,2,66cf56a5,2011,2011,18,31,4,0,1,0
501205,2,5bdcdb72,2011,2011,6,12,1,0,0,0
501210,2,f0f628c7,2011,2011,18,15,8,0,0,0
501213,1,fe763256,2011,2011,6,14,3,0,0,0
501214,2,5b040b81,2011,2011,6,7,3,0,0,0
501220,1,3d7e087f,2011,2011,24,59,8,3,2,0
501222,1,91a4a398,2011,2011,24,53,5,9,0,0
501222,1,ba607b88,2011,2011,6,9,0,0,0,0
501222,2,26e5cabf,2011,2011,6,14,2,0,0,0
501228,1,c8179c68,2011,2011,12,15,5,0,0,0
501232,1,1c914163,2011,2011,12,10,3,0,0,0
501242,2,6b8eb6e5,2011,2011,18,24,7,1,0,0
501245,2,c3d35165,2011,2011,12,14,5,1,0,0
501248,2,25eeb281,2011,2011,13,17,3,0,0,0
501249,1,3d7e087f,2011,2011,12,33,1,0,0,0
501253,1,2498e163,2011,2011,12,16,2,0,0,0
501254,2,6b8eb6e5,2011,2011,23,38,7,2,0,0
501254,2,fe93fd9d,2011,2011,18,27,4,0,0,0
501261,1,4ba44e19,2011,2011,24,26,9,0,0,0
501262,1,33a364a6,2011,2011,12,11,7,5,0,0
501266,2,45c2196c,2011,2011,24,34,10,1,0,0
501268,1,1dc12ab9,2011,2011,6,8,2,0,0,0
501269,1,a757b0d8,2011,2011,18,31,5,0,0,0
548307,1,9d80c5e1,2012,2012,12,16,2,0,0,0
548309,1,25eeb281,2012,2012,6,16,1,0,0,0
548316,2,c8179c68,2012,2012,18,23,6,0,0,0
548317,1,7c503806,2012,2012,6,22,0,0,0,0
548318,1,c8179c68,2012,2012,12,27,3,5,0,0
548322,1,f846de6a,2012,2012,24,29,6,2,0,0
548324,1,957532de,2012,2012,18,48,5,0,0,0
548326,2,24d94623,2012,2012,24,33,6,1,0,0
548328,2,3edb58fc,2012,2012,24,23,9,0,0,0
548330,2,fe93fd9d,2012,2012,24,21,6,1,0,0
548337,2,725529bc,2012,2012,6,12,1,0,0,0
548343,1,fe93fd9d,2012,2012,6,15,1,0,0,0
548347,1,3c6ffae8,2012,2012,6,10,2,1,0,0
548347,2,1dc12ab9,2012,2012,18,22,4,0,0,0
548348,2,2e8994e7,2012,2012,18,25,5,3,0,0
548348,2,6b19d823,2012,2012,18,20,7,0,0,0
548349,2,8291f939,2012,2012,2,10,0,0,0,0
548355,1,26ff4c29,2012,2012,12,22,4,0,0,0
548356,1,db584dad,2012,2012,6,6,3,0,0,0
548356,2,8fd1a8f5,2012,2012,18,30,9,0,0,0
548358,1,29d72eb2,2012,2012,12,20,3,1,0,0
548360,1,c64c2443,2012,2012,24,38,4,1,0,0
548360,2,c3d1402f,2012,2012,24,28,8,0,0,0
548361,1,c3d35165,2012,2012,18,19,12,1,0,0
548363,1,86dc8f2e,2012,2012,24,40,4,2,0,0
548363,1,33a364a6,2012,2012,24,41,4,0,0,0
548364,2,cc1e8c68,2012,2012,18,24,8,1,0,0
548364,2,0a3d54b9,2012,2012,20,28,10,0,0,0
548366,2,2f3817ce,2012,2012,24,47,5,1,0,0
548373,1,1c2a64cd,2012,2012,12,17,4,0,0,0
548375,1,96fd40ae,2012,2012,24,35,8,0,0,0
548379,1,8b5b6769,2012,2012,18,20,11,0,0,0
598008,2,9d430b40,2013,2013,24,17,13,0,0,0
598009,1,66b30f71,2013,2013,18,21,7,0,0,0
598011,1,896d78ad,2013,2013,24,29,6,0,0,0
598011,2,26a85969,2013,2013,24,27,8,0,0,0
598014,1,99b202b3,2013,2013,18,14,12,0,0,0
598014,2,9a158001,2013,2013,24,23,9,0,0,0
598022,1,759ac88f,2013,2013,18,13,12,0,0,0
1082593,2,35205dfc,2017,2017,6,23,1,0,0,0
1082596,1,2e11c706,2017,2017,18,29,2,0,0,0
1082599,1,e087956b,2017,2017,24,41,7,0,0,0
1082602,1,13c35c9e,2017,2017,12,23,3,2,0,0
1082606,2,fe93fd9d,2017,2017,24,34,6,0,0,0
1082612,2,ce820073,2017,2017,18,39,4,2,0,0
1082613,2,7dc35884,2017,2017,18,31,5,0,0,0
1082615,1,f19ccfad,2017,2017,18,19,5,2,0,0
1082623,2,73ad96ed,2017,2017,6,17,1,0,0,0
1082624,1,350bb1b1,2017,2017,24,35,10,2,0,0
1082624,1,57ee1fde,2017,2017,12,25,1,0,0,0
1082624,2,23eeb873,2017,2017,12,18,3,0,0,0
1082626,2,fb66ce1f,2017,2017,12,13,6,0,0,0
1082628,1,a12e1d51,2017,2017,24,31,9,0,0,0
1082628,2,350bb1b1,2017,2017,12,29,1,1,0,0
1082629,1,f19ccfad,2017,2017,12,12,8,0,0,0
1082629,1,e087956b,2017,2017,24,36,9,0,0,0
1082630,2,1c914163,2017,2017,6,16,0,0,0,0
1082632,2,f18ba07f,2017,2017,12,26,2,0,0,0
1082637,1,fe93fd9d,2017,2017,12,19,1,1,0,0
1082643,1,62af8546,2017,2017,18,17,8,0,0,0
1082643,2,9fc0ef64,2017,2017,24,37,10,0,0,0
1082645,2,759ac88f,2017,2017,6,6,3,0,0,0
1082650,2,119678fd,2017,2017,24,18,12,2,0,0
1136564,2,b2a79f17,2018,2018,13,20,4,0,1,0
1136565,2,bbd41817,2018,2018,24,35,7,0,0,0
1136566,1,fb66ce1f,2018,2018,18,34,4,0,0,0
1136569,2,5b16a806,2018,2018,24,47,6,1,0,0
1136571,2,d2a989fc,2018,2018,6,14,1,0,0,0
1136572,2,1c914163,2018,2018,6,10,0,1,0,0
1136575,2,1e66c162,2018,2018,18,34,4,0,0,0
1136578,2,bbd41817,2018,2018,11,31,2,0,0,0
1136578,2,e86754b2,2018,2018,1,6,0,0,0,0
1136594,1,5b8c830e,2018,2018,6,10,1,0,0,0
1136594,2,495d42a5,2018,2018,24,23,7,0,0,0
1136596,2,eef2536f,2018,2018,18,47,5,0,1,0
1136596,2,b681e71e,2018,2018,6,4,2,0,0,0
1136597,2,2e11c706,2018,2018,12,23,4,0,0,0
1136600,2,da934ee8,2018,2018,12,19,1,0,0,0
1136601,1,bbd41817,2018,2018,12,16,4,2,0,0
1136606,1,4329fbb5,2018,2018,12,15,5,1,0,0
1136610,2,dbe50b21,2018,2018,24,42,5,2,0,0
1136614,2,2e81a32d,2018,2018,24,33,9,1,0,0
1136616,2,7c7d63a2,2018,2018,24,47,6,5,0,0
1136619,1,bbd41817,2018,2018,6,9,3,0,0,0
1175363,2,90de905a,2019,2019,12,25,1,0,0,0
1175366,1,cc1e8c68,2019,2019,24,47,7,0,0,0
1175366,2,5f547c8b,2019,2019,24,25,10,0,0,0
1175368,2,7d92277a,2019,2019,24,36,7,1,0,0
1175371,2,fb66ce1f,2019,2019,18,26,6,0,0,0
1178395,2,57ee1fde,2019,2019,24,36,11,2,0,0
1178396,1,9d430b40,2019,2019,24,22,9,1,0,0
1178396,2,90de905a,2019,2019,6,22,1,0,0,0
1178398,2,e412cb64,2019,2019,12,20,3,0,1,0
1178400,1,acee4cc4,2019,2019,24,28,6,0,0,0
1178401,2,98ae73b1,2019,2019,17,35,1,0,0,0
1178402,2,b0946605,2019,2019,18,53,5,0,0,0
1178403,2,7c7d63a2,2019,2019,24,40,6,0,0,0
1178407,2,7d92277a,2019,2019,18,24,7,5,0,0
1178408,1,2e81a32d,2019,2019,24,21,11,0,0,0
1178409,2,81049310,2019,2019,24,25,9,0,0,0
1178411,2,5b8c830e,2019,2019,12,24,1,0,0,0
1178414,2,d9273ee7,2019,2019,18,20,6,1,0,0
1178416,2,a2f46292,2019,2019,24,26,11,0,0,0
1178417,1,db31895a,2019,2019,24,46,7,0,2,0
1178425,2,87e562a9,2019,2019,18,18,6,0,0,0
1178426,1,5f547c8b,2019,2019,24,21,10,0,0,0
1178427,1,9d430b40,2019,2019,24,29,6,0,0,0
1178431,2,cdc6bdba,2019,2019,24,25,10,0,1,0
1181768,1,87e562a9,2019,2019,18,24,7,1,0,0
1216497,1,46a9bea1,2020/21,2021,24,40,10,1,0,0
1216500,1,0a3d54b9,2020/21,2021,12,25,4,0,1,0
1216506,2,db584dad,2020/21,2021,5,5,0,0,0,0
1216510,1,8fd1a8f5,2020/21,2021,24,57,5,1,0,0
1216510,1,f19ccfad,2020/21,2021,12,13,2,0,0,0
1216513,1,23eeb873,2020/21,2021,18,17,8,0,0,0
1216517,1,e2db2409,2020/21,2021,18,28,6,0,0,0
1216518,2,5d2eea49,2020/21,2021,19,42,7,2,0,0
1216519,2,f986ca1a,2020/21,2021,24,43,4,3,0,0
1216520,2,ded9240e,2020/21,2021,24,31,13,0,0,0
1216521,1,5b8c830e,2020/21,2021,18,16,8,2,0,0
1216523,2,fb2d1dda,2020/21,2021,6,7,0,0,0,0
1216527,1,1e66c162,2020/21,2021,18,30,5,4,0,0
1216533,2,98ae73b1,2020/21,2021,18,32,5,0,0,0
1216536,2,2f9d0389,2020/21,2021,24,54,4,2,1,0
1216537,1,7a8bd078,2020/21,2021,6,10,1,0,0,0
1216539,1,23eeb873,2020/21,2021,24,38,4,1,0,0
1216540,1,5b7ab5a9,2020/21,2021,24,25,7,0,0,0
1216542,2,8e514b4c,2020/21,2021,6,28,1,0,0,0
1216545,2,62af8546,2020/21,2021,24,23,4,3,0,0
1216547,2,21d4e29b,2020/21,2021,24,43,8,2,0,0
1254063,2,2a2e6343,2021,2021,6,7,1,0,0,0
1254071,2,244048f6,2021,2021,22,31,5,2,0,0
1254071,2,73ad96ed,2021,2021,24,22,12,0,0,0
1254073,2,2cdce1be,2021,2021,24,35,6,1,0,0
1254082,2,5b7ab5a9,2021,2021,24,34,5,2,0,0
1254084,1,d2a989fc,2021,2021,24,48,7,2,0,0
1254089,1,b483905d,2021,2021,24,39,7,0,0,0
1254091,1,bb351c23,2021,2021,6,5,2,0,0,0
1254102,1,9eb1455b,2021,2021,24,46,4,1,0,0
1254103,2,da934ee8,2021,2021,12,13,3,1,0,0
1254106,1,0a8fce53,2021,2021,24,31,7,1,0,0
1254113,2,21d4e29b,2021,2021,12,25,3,0,0,0
1254115,2,be869ccf,2021,2021,18,29,4,0,0,0
1254117,1,5b7ab5a9,2021,2021,24,38,5,0,1,0
1304052,1,7f048519,2022,2022,12,7,5,0,0,0
1304055,2,04a418e8,2022,2022,6,11,1,0,0,0
1304056,2,0a3d54b9,2022,2022,6,7,1,0,0,0
1304058,2,df064e1a,2022,2022,24,29,5,1,1,0
1304067,2,cd8d2859,2022,2022,13,22,4,1,0,0
1304075,1,2f9d0389,2022,2022,24,46,5,0,0,0
1304075,1,5f547c8b,2022,2022,24,29,5,0,0,0
1304082,2,a97c8ec2,2022,2022,6,7,2,0,0,0
1304083,1,1e66c162,2022,2022,24,36,5,0,0,0
1304086,1,2f9d0389,2022,2022,24,52,6,2,0,0
1304086,2,81c36ee9,2022,2022,24,63,4,6,0,0
1304086,2,f19ccfad,2022,2022,24,34,4,2,0,0
1304088,1,244048f6,2022,2022,24,23,7,0,0,0
1304090,2,eade4650,2022,2022,6,20,0,0,0,0
1304093,2,495d42a5,2022,2022,24,33,5,0,0,0
1304093,2,57ee1fde,2022,2022,24,31,3,0,0,0
1304098,2,ce820073,2022,2022,24,41,10,1,0,0
1304102,2,a24be938,2022,2022,6,8,1,0,0,0
1304104,2,85e0cf10,2022,2022,18,20,11,0,0,0
1304110,2,ad427b5c,2022,2022,6,6,4,1,0,0
1304112,1,5b7ab5a9,2022,2022,24,38,9,0,1,0
1359487,2,7210d461,2023,2023,24,69,4,0,0,0
1359488,2,e94915e6,2023,2023,18,14,8,0,0,0
1359491,2,0f721006,2023,2023,18,37,3,1,0,0
1359499,2,0c9652b0,2023,2023,6,12,1,0,0,0
1359504,2,8cf9814c,2023,2023,18,18,8,0,0,0
1359510,2,cc1e8c68,2023,2023,6,19,0,0,0,0
1359511,1,b483905d,2023,2023,12,32,3,0,0,0
1359515,1,e62dd25d,2023,2023,24,34,7,1,0,0
1359515,1,50c6bc2b,2023,2023,6,16,0,0,0,0
1359517,1,5b8c830e,2023,2023,24,21,8,0,0,0
1359523,2,266849c1,2023,2023,24,33,6,0,0,0
1359524,1,2e171977,2023,2023,18,17,7,0,0,0
1359526,2,e2db2409,2023,2023,18,42,3,0,0,0
1359527,1,7c3b3b78,2023,2023,18,32,8,1,0,0
1359528,2,f986ca1a,2023,2023,21,41,2,1,1,0
1359543,2,5d2eea49,2023,2023,17,41,4,0,3,0
1370352,1,4933f499,2023,2023,24,28,8,0,0,0
1370352,1,eaa76d3c,2023,2023,18,35,3,0,0,0
1422120,2,2e171977,2024,2024,24,25,4,0,0,0
1422121,2,3fb19989,2024,2024,24,53,8,6,0,0
1422121,2,9440ef41,2024,2024,12,18,3,0,0,0
1422129,2,cf0ccafa,2024,2024,12,21,5,0,0,0
1422131,1,23eeb873,2024,2024,24,42,9,0,0,0
1422136,2,46a9bea1,2024,2024,12,20,3,0,0,0
1422138,1,5bb1a1c4,2024,2024,18,40,5,8,0,0
1422138,2,4bd09374,2024,2024,24,45,9,0,1,0
1422138,2,62af8546,2024,2024,12,17,1,0,0,0
1426266,2,5b8c830e,2024,2024,6,14,1,0,0,0
1426266,2,df064e1a,2024,2024,16,17,6,2,0,0
1426267,1,62af8546,2024,2024,18,19,7,0,0,0
1426274,1,119678fd,2024,2024,24,33,6,0,0,0
1426282,2,df064e1a,2024,2024,6,16,1,0,0,0
1426283,2,efc04be7,2024,2024,24,43,5,1,0,0
1426283,2,759ac88f,2024,2024,12,41,3,0,1,0
1426288,1,a818c1be,2024,2024,24,33,8,1,0,0
1426297,2,efc04be7,2024,2024,12,25,3,0,0,0
598040,1,96fd40ae,2013,2013,24,37,9,1,0,1
598042,2,32198ae0,2013,2013,24,44,7,0,0,1
598044,2,7c503806,2013,2013,18,11,10,1,0,2
598045,1,1a0c3177,2013,2013,24,39,12,0,1,3
598045,2,91a4a398,2013,2013,24,30,11,2,0,1
598046,2,f5180fe6,2013,2013,18,27,9,6,0,3
598051,2,759ac88f,2013,2013,24,28,12,1,0,2
598053,2,85aae393,2013,2013,24,26,9,0,0,2
598055,1,f5180fe6,2013,2013,24,8,16,0,0,2
598056,2,0f12f9df,2013,2013,24,19,10,0,0,1
598065,1,4329fbb5,2013,2013,18,19,7,0,0,1
598065,1,3d7e087f,2013,2013,24,20,6,0,0,1
598073,1,c3d35165,2013,2013,18,12,11,0,0,2
729281,1,3fb19989,2014,2014,24,33,10,1,1,1
729285,1,33a364a6,2014,2014,24,22,7,0,0,2
729291,1,1a0c3177,2014,2014,24,40,9,1,0,1
729297,1,33a364a6,2014,2014,24,13,11,0,0,2
729297,2,fe93fd9d,2014,2014,24,33,9,0,0,4
733987,1,35205dfc,2014,2014,18,36,4,1,0,1
733991,1,57ee1fde,2014,2014,24,23,7,0,0,2
733991,2,f5180fe6,2014,2014,24,25,12,0,0,1
734001,2,32198ae0,2014,2014,18,23,7,3,0,1
734003,1,495d42a5,2014,2014,24,39,5,3,0,1
734005,2,3fb19989,2014,2014,24,26,10,1,0,2
734007,2,119678fd,2014,2014,24,46,8,0,0,1
734011,1,2e8994e7,2014,2014,18,25,3,2,0,1
734011,2,33a364a6,2014,2014,18,18,7,1,0,2
734013,2,fe93fd9d,2014,2014,24,31,12,1,0,1
734015,1,cc1e8c68,2014,2014,24,26,10,2,0,3
734015,2,8fd1a8f5,2014,2014,24,24,10,0,0,1
734021,1,119678fd,2014,2014,18,27,8,0,0,1
734027,1,2af1b6d2,2014,2014,24,33,9,0,0,1
734031,1,3a60e0b5,2014,2014,21,26,9,1,0,1
734039,1,2e171977,2014,2014,24,28,12,0,0,2
829709,1,2e171977,2015,2015,24,34,8,2,0,1
829709,2,13c35c9e,2015,2015,24,36,12,3,0,2
829719,1,e938e1bc,2015,2015,24,34,11,0,0,1
829723,1,98ae73b1,2015,2015,24,21,13,0,0,1
829723,1,bbd41817,2015,2015,24,20,9,0,0,2
829725,2,ce820073,2015,2015,24,30,12,3,0,1
829729,1,e0407c01,2015,2015,18,22,12,1,0,1
829731,1,2e81a32d,2015,2015,24,21,9,1,0,1
829731,2,acee4cc4,2015,2015,24,35,6,0,0,1
829741,2,6aed7e79,2015,2015,18,20,4,0,0,1
829749,2,4329fbb5,2015,2015,18,23,6,0,0,1
829753,2,96fd40ae,2015,2015,24,16,15,0,0,2
829759,1,2e171977,2015,2015,24,25,8,0,0,2
829761,1,acee4cc4,2015,2015,24,46,5,6,0,2
829761,2,98ae73b1,2015,2015,24,32,8,0,0,4
829765,2,495d42a5,2015,2015,12,5,8,0,0,2
829773,1,1dc12ab9,2015,2015,24,29,10,2,0,1
829773,1,f62772e5,2015,2015,12,20,3,0,0,1
829775,1,69be866a,2015,2015,24,30,10,2,0,1
829777,1,896d78ad,2015,2015,24,27,8,0,0,1
829779,1,3fb19989,2015,2015,24,24,13,1,0,3
829791,2,2e171977,2015,2015,24,33,10,1,0,1
829803,1,f986ca1a,2015,2015,12,12,4,0,0,2
829805,2,51a3c5ef,2015,2015,24,31,8,3,0,1
829805,2,4125d931,2015,2015,12,23,2,0,0,1
829807,1,3fb19989,2015,2015,18,26,3,0,0,1
829807,2,e938e1bc,2015,2015,6,10,2,0,0,1
829815,1,51a3c5ef,2015,2015,24,16,13,1,0,3
829817,1,759ac88f,2015,2015,18,33,5,3,0,1
829821,1,495d42a5,2015,2015,24,13,16,0,0,1
829823,1,35205dfc,2015,2015,12,17,4,0,0,1
829823,2,8b5b6769,2015,2015,24,34,7,1,0,2
980901,1,3d8feaf8,2016,2016,24,21,13,1,0,2
980907,2,4329fbb5,2016,2016,24,30,9,1,0,2
980907,2,9170ff49,2016,2016,24,31,9,0,0,1
980927,2,dfc4d8b5,2016,2016,18,25,8,0,0,1
980929,1,0a8fce53,2016,2016,24,19,10,0,0,1
980933,1,dbe50b21,2016,2016,6,7,2,0,0,1
980943,1,0f12f9df,2016,2016,24,32,8,0,0,1
980943,2,2e81a32d,2016,2016,18,17,10,3,0,1
980945,1,acee4cc4,2016,2016,24,24,7,0,0,3
980945,1,2e8994e7,2016,2016,6,4,2,0,0,1
980951,2,e342e5fb,2016,2016,24,47,3,0,6,3
980953,2,2e81a32d,2016,2016,24,36,6,1,0,1
980953,2,0a8fce53,2016,2016,24,34,7,0,0,1
980957,1,8b5b6769,2016,2016,24,25,5,2,0,1
980963,2,98ae73b1,2016,2016,24,27,11,1,0,2
980967,2,d2a989fc,2016,2016,24,17,16,0,0,2
980975,2,bbd41817,2016,2016,18,21,11,5,0,1
980979,2,d8b2f218,2016,2016,24,26,9,0,0,1
980979,2,32198ae0,2016,2016,18,20,4,0,0,1
980985,1,2e171977,2016,2016,24,30,9,0,0,1
980987,1,d2a989fc,2016,2016,18,33,7,0,0,1
980991,1,2e81a32d,2016,2016,24,32,9,0,0,2
981005,1,14f96089,2016,2016,24,32,5,0,0,1
981011,1,ffe699c0,2016,2016,12,10,7,0,1,1
981015,1,0f721006,2016,2016,24,33,7,2,0,2
981019,1,57ee1fde,2016,2016,24,35,4,0,0,1
1426306,2,7210d461,2024,2024,24,42,9,0,0,2
1426311,2,ded9240e,2024,2024,24,30,10,1,0,1
1473441,2,df064e1a,2025,2025,24,53,8,0,0,2
1473443,1,77b1aa15,2025,2025,24,36,11,0,0,2
1473444,2,f986ca1a,2025,2025,12,28,2,4,0,1
1473446,2,c7a995d3,2025,2025,24,37,6,1,0,1
1473448,1,495d42a5,2025,2025,24,46,6,1,0,1
1473449,1,dbe50b21,2025,2025,12,10,6,0,0,1
1473450,1,b681e71e,2025,2025,18,22,8,0,0,1
1473452,1,36619795,2025,2025,18,25,6,0,0,1
1473455,1,244048f6,2025,2025,24,35,10,1,0,1
1473458,2,7210d461,2025,2025,24,46,8,0,0,2
1473460,2,85e0cf10,2025,2025,24,24,12,0,0,3
1473460,2,fa2f1dde,2025,2025,18,29,4,1,0,1
1473461,1,5ffc0565,2025,2025,24,18,12,0,0,2
1473462,2,fcc21ace,2025,2025,12,19,4,0,1,1
1473467,2,eef2536f,2025,2025,21,32,6,1,0,1
1473467,2,df064e1a,2025,2025,18,18,8,2,0,2
1473470,2,ded9240e,2025,2025,24,26,13,1,0,3
1473471,1,57ee1fde,2025,2025,18,11,7,0,0,2
1473476,1,7c3b3b78,2025,2025,24,44,7,1,0,1
1473478,2,1e66c162,2025,2025,18,25,7,0,0,1
1473480,1,ded9240e,2025,2025,24,21,8,0,0,2
1473487,2,a818c1be,2025,2025,13,28,5,1,0,3
1473499,1,25228673,2025,2025,24,44,5,1,0,1
1473500,2,fcc21ace,2025,2025,18,21,8,0,0,1
1473501,1,0a8fce53,2025,2025,24,30,10,0,0,1
1473501,2,9caf69a1,2025,2025,6,16,2,0,1,1
1473502,1,c7a995d3,2025,2025,18,34,6,0,0,1
1485779,1,2cffab74,2025,2025,24,49,9,4,0,1
1527678,1,2e171977,2026,2026,18,17,8,0,0,1
1527679,2,25228673,2026,2026,12,17,3,2,0,1
1527680,2,e84ac20c,2026,2026,24,54,5,0,0,2
1527681,1,5ffc0565,2026,2026,18,24,7,1,0,1
1527682,1,e62dd25d,2026,2026,24,42,11,3,0,2
1527686,1,9ca68676,2026,2026,12,21,4,1,0,2
1527686,2,46a9bea1,2026,2026,12,29,2,1,0,1
1527690,2,25228673,2026,2026,24,38,5,2,0,1
1527692,1,2f49c897,2026,2026,24,19,11,1,0,1
1529264,2,5750bcb4,2026,2026,24,31,6,1,0,2
1529270,1,cc61ee8f,2026,2026,24,34,12,1,0,1
1529271,2,02dfebbe,2026,2026,24,25,10,0,0,1
1529279,2,5574750c,2026,2026,24,34,13,1,0,2
1529282,2,68c56d09,2026,2026,18,42,6,0,0,1
1529284,1,280fff14,2026,2026,18,39,4,1,0,1
1529288,1,7c3b3b78,2026,2026,18,25,6,1,0,1
1529290,1,5b615e7c,2026,2026,24,36,6,0,0,1
1529291,1,efc04be7,2026,2026,18,22,6,0,0,2
1529293,1,03806cf8,2026,2026,24,49,9,3,0,1
1529296,2,eef2536f,2026,2026,24,44,7,4,0,1
1529297,1,b8527c3d,2026,2026,24,42,6,0,0,1
1529299,2,0f721006,2026,2026,24,20,15,1,0,3
1529306,2,efc04be7,2026,2026,24,40,7,0,0,1
1529307,2,c33d8116,2026,2026,24,31,8,0,0,1
1529308,1,eaa76d3c,2026,2026,18,23,9,0,0,2
1529313,2,f834dcfc,2026,2026,22,27,10,0,0,3
1535462,2,dadbdb68,2026,2026,24,39,11,1,0,3
1535463,1,5750bcb4,2026,2026,24,40,9,1,0,1
335982,2,fa463154,2007/08,2008,24,25,15,4,0,3
335987,2,5fa06777,2007/08,2008,24,21,11,2,0,1
335990,2,bcce309e,2007/08,2008,24,42,8,0,0,1
335992,1,bb18be76,2007/08,2008,24,23,14,0,0,1
335995,1,034b4b7d,2007/08,2008,24,29,10,0,0,3
336002,1,0c2730df,2007/08,2008,24,33,10,5,0,1
336004,1,93a17209,2007/08,2008,24,33,10,0,0,3
336007,2,c3d35165,2007/08,2008,24,26,13,1,0,1
336008,1,87e562a9,2007/08,2008,14,12,6,4,0,2
336009,2,e03b66ec,2007/08,2008,24,33,5,0,0,1
336011,1,3d7e087f,2007/08,2008,18,8,10,0,0,1
336013,2,c3d35165,2007/08,2008,24,25,10,0,0,1
336014,1,bcce309e,2007/08,2008,18,36,5,0,0,1
336014,1,c3d1402f,2007/08,2008,24,59,5,1,0,1
336021,1,88fccd6c,2007/08,2008,24,12,17,1,0,3
336022,2,ee7d0c82,2007/08,2008,12,18,4,0,0,1
336023,2,64d43928,2007/08,2008,24,10,18,3,0,3
336024,2,a45a5e8d,2007/08,2008,18,18,8,0,0,1
336034,1,57efa3be,2007/08,2008,24,29,8,1,0,1
336034,1,0dc00542,2007/08,2008,24,23,6,0,0,1
336036,1,3d7e087f,2007/08,2008,24,31,5,2,0,2
336038,2,4329fbb5,2007/08,2008,18,10,12,1,0,3
336038,2,3d7e087f,2007/08,2008,18,20,8,0,0,1
336039,1,ae78bc32,2007/08,2008,24,14,16,1,0,2
392181,1,ddc0828d,2009,2009,24,44,5,0,0,1
392182,2,e938e1bc,2009,2009,18,7,15,2,1,2
392182,2,0c2730df,2009,2009,19,5,13,0,0,5
392186,1,66b30f71,2009,2009,24,34,9,1,0,1
392188,1,39f01cdb,2009,2009,24,31,6,0,0,2
392190,1,69be866a,2009,2009,24,35,14,2,0,2
392191,1,98ae73b1,2009,2009,24,19,11,0,0,1
392192,2,a7c226e1,2009,2009,24,27,10,4,0,2
392194,2,e32d22f6,2009,2009,24,31,7,1,0,2
392195,2,98ae73b1,2009,2009,24,22,10,0,0,2
392199,2,b57f8a9a,2009,2009,24,29,6,0,0,3
392202,1,3c6ffae8,2009,2009,18,17,9,0,0,2
392203,1,b57f8a9a,2009,2009,12,13,2,0,0,1
392203,2,91a4a398,2009,2009,24,31,10,1,1,3
392206,1,c404f58a,2009,2009,24,27,12,2,0,3
392206,1,33a364a6,2009,2009,18,17,6,0,0,2
392207,2,b57f8a9a,2009,2009,12,13,4,1,0,1
392209,1,c3d1402f,2009,2009,24,36,9,2,0,1
392210,1,98ae73b1,2009,2009,24,30,12,0,0,2
392212,1,d2a989fc,2009,2009,24,21,13,2,0,1
392213,1,d872f52a,2009,2009,6,6,4,1,0,1
392217,2,bb18be76,2009,2009,24,27,14,5,0,1
392222,1,29e95537,2009,2009,6,5,2,0,0,1
392222,2,98ae73b1,2009,2009,24,32,11,0,0,1
392223,2,33a364a6,2009,2009,16,15,6,0,0,4
392224,2,b2b50355,2009,2009,24,32,7,1,0,1
392225,1,f24ca2ba,2009,2009,6,4,2,0,0,1
392229,1,c3d1402f,2009,2009,24,26,9,2,0,3
392230,2,c404f58a,2009,2009,24,33,10,3,0,1
392233,2,f0f628c7,2009,2009,24,14,19,0,1,2
392235,1,33a364a6,2009,2009,24,29,8,2,0,1
392236,1,6c6591ab,2009,2009,24,32,8,0,0,2
392239,2,6c6591ab,2009,2009,24,28,9,0,0,3
392239,2,2a72fd4f,2009,2009,24,23,12,0,0,2
419106,2,896d78ad,2009/10,2010,24,27,9,1,1,1
419107,1,3edb58fc,2009/10,2010,24,34,7,0,0,2
419111,1,c404f58a,2009/10,2010,24,27,11,1,0,1
419117,1,2049f3a0,2009/10,2010,24,39,6,0,0,1
419119,1,e938e1bc,2009/10,2010,24,37,7,1,0,1
419119,1,86dc8f2e,2009/10,2010,24,35,7,0,0,1
419120,1,6b19d823,2009/10,2010,18,12,10,0,1,1
419121,2,98ae73b1,2009/10,2010,24,27,6,0,0,1
419123,1,c3d35165,2009/10,2010,24,28,11,0,0,1
419125,2,9f961c14,2009/10,2010,12,23,4,1,1,1
419126,2,6c6591ab,2009/10,2010,18,40,7,7,0,1
419129,2,bb18be76,2009/10,2010,24,34,6,0,0,1
419133,2,0c2730df,2009/10,2010,24,16,11,0,0,1
419133,2,41eb4a4f,2009/10,2010,17,31,5,0,2,1
419134,1,bb18be76,2009/10,2010,24,26,8,0,0,1
419134,2,fb693839,2009/10,2010,24,37,13,1,0,1
419141,1,35205dfc,2009/10,2010,17,22,5,0,0,1
419141,2,bb18be76,2009/10,2010,24,21,12,0,0,4
419146,2,a12e1d51,2009/10,2010,24,36,12,0,0,2
419147,1,bd77eb62,2009/10,2010,24,23,9,0,0,1
419148,1,8fd1a8f5,2009/10,2010,24,27,13,1,0,1
419149,2,6b19d823,2009/10,2010,24,15,11,0,0,1
419150,1,4329fbb5,2009/10,2010,24,37,10,1,0,3
419150,2,91a4a398,2009/10,2010,24,17,14,0,0,2
419150,2,8b5b6769,2009/10,2010,24,21,8,2,0,1
419151,2,12eddf28,2009/10,2010,22,34,9,3,0,2
419154,2,bb18be76,2009/10,2010,24,28,13,0,0,1
419155,1,5bdcdb72,2009/10,2010,24,19,11,0,0,1
419156,1,c3d1402f,2009/10,2010,24,51,8,1,0,1
419163,1,12eddf28,2009/10,2010,24,29,9,1,0,3
419165,2,45c2196c,2009/10,2010,24,31,10,0,0,1
501198,1,86dc8f2e,2011,2011,18,34,5,0,0,2
501198,2,1dc12ab9,2011,2011,6,3,3,0,0,1
501208,1,6821ac10,2011,2011,24,30,14,1,2,1
501208,2,2a2e6343,2011,2011,24,22,8,2,0,1
501211,2,13c35c9e,2011,2011,24,32,9,1,0,1
501213,1,9d80c5e1,2011,2011,24,39,9,1,0,2
501215,1,c3d1402f,2011,2011,24,24,15,1,0,1
501216,2,2a72fd4f,2011,2011,24,27,13,5,0,2
501219,2,c3d1402f,2011,2011,24,25,10,0,0,2
501220,1,addfb70e,2011,2011,24,22,11,3,1,3
501240,1,c3d35165,2011,2011,24,24,11,0,0,2
501241,2,a12e1d51,2011,2011,24,25,13,5,0,3
501246,2,a757b0d8,2011,2011,15,24,4,0,0,2
501248,2,2049f3a0,2011,2011,18,20,12,1,1,2
501251,2,2049f3a0,2011,2011,12,17,4,1,0,1
501253,2,45c2196c,2011,2011,24,38,7,0,0,1
501257,1,260fd380,2011,2011,24,40,7,1,0,2
501257,2,25eeb281,2011,2011,24,34,8,0,0,1
501262,1,3c6ffae8,2011,2011,24,23,8,0,0,2
501268,2,957532de,2011,2011,18,32,7,0,0,1
501269,2,dd09ff8e,2011,2011,24,37,8,0,0,1
548308,1,6c6591ab,2012,2012,24,23,13,0,0,1
548308,1,a757b0d8,2012,2012,24,31,3,2,0,1
548308,2,5d9a1a73,2012,2012,24,16,12,1,0,1
548319,2,896d78ad,2012,2012,18,20,9,0,0,1
548320,1,9d430b40,2012,2012,24,22,10,0,0,1
548325,1,9d80c5e1,2012,2012,24,16,15,1,0,2
548327,1,f986ca1a,2012,2012,24,29,8,0,0,1
548330,2,87e562a9,2012,2012,24,28,6,1,0,2
548331,1,f986ca1a,2012,2012,24,44,5,1,0,1
548342,1,26ff4c29,2012,2012,24,37,11,0,0,3
548342,2,fa463154,2012,2012,24,32,6,1,0,1
548346,1,f0f628c7,2012,2012,24,23,12,1,0,1
548348,1,f846de6a,2012,2012,18,33,5,0,0,1
548349,1,f62772e5,2012,2012,24,18,13,1,0,4
548351,1,2e81a32d,2012,2012,18,9,8,0,0,2
548351,2,8b5b6769,2012,2012,24,18,13,1,0,2
548358,1,7c503806,2012,2012,24,25,9,0,0,1
548362,2,91a4a398,2012,2012,24,21,11,0,0,2
548367,2,4ba44e19,2012,2012,24,16,10,1,0,1
548370,1,c3d1402f,2012,2012,24,33,11,2,1,2
548370,2,86dc8f2e,2012,2012,24,32,11,0,0,2
548373,1,d718440b,2012,2012,24,31,8,1,0,2
548373,2,7c503806,2012,2012,24,30,8,1,0,1
548374,1,bbd41817,2012,2012,24,51,5,1,0,1
548375,1,3a60e0b5,2012,2012,24,18,12,0,1,2
548379,1,d2a989fc,2012,2012,24,46,8,2,0,3
597998,1,b2b50355,2013,2013,24,20,10,0,0,1
598003,1,98ae73b1,2013,2013,24,19,11,0,0,1
598006,2,f5180fe6,2013,2013,24,49,8,1,0,2
598014,1,557153ca,2013,2013,18,33,7,5,0,2
598016,2,ae78bc32,2013,2013,24,18,15,2,0,1
598016,2,1a0c3177,2013,2013,24,39,7,0,0,2
598018,2,119678fd,2013,2013,18,13,8,0,0,1
598019,2,808f425a,2013,2013,20,16,11,1,0,3
598023,1,1e66c162,2013,2013,24,32,6,0,0,1
598025,2,ea0cdc12,2013,2013,24,38,7,0,0,1
598028,2,ce820073,2013,2013,24,23,14,0,0,3
598033,1,c64c2443,2013,2013,24,43,1,0,0,1
598035,1,5d9a1a73,2013,2013,18,23,7,0,0,1
598035,2,5fa06777,2013,2013,24,29,12,0,0,2
598039,2,f5180fe6,2013,2013,18,21,8,0,0,1
1082594,1,d9273ee7,2017,2017,18,28,5,3,0,1
1082597,1,51a3c5ef,2017,2017,24,51,8,3,1,1
1082597,2,9d430b40,2017,2017,24,22,12,0,0,1
1082599,1,acee4cc4,2017,2017,24,24,7,1,0,1
1082603,2,acee4cc4,2017,2017,24,53,6,0,0,1
1082607,1,f62772e5,2017,2017,18,12,6,1,0,1
1082607,2,acee4cc4,2017,2017,24,27,6,2,0,1
1082608,2,ded9240e,2017,2017,24,39,5,1,0,2
1082609,2,dcf81436,2017,2017,22,26,7,3,0,1
1082613,2,8d2c70ad,2017,2017,24,33,7,0,0,2
1082615,2,5f547c8b,2017,2017,24,17,10,0,0,1
1082617,1,f62772e5,2017,2017,18,15,10,1,0,2
1082618,1,462411b3,2017,2017,24,29,9,0,0,2
1082621,1,808f425a,2017,2017,18,15,4,0,0,1
1082629,1,1e66c162,2017,2017,23,29,8,0,0,3
1082629,2,871e9faf,2017,2017,24,35,7,1,0,2
1082631,1,f19ccfad,2017,2017,12,18,5,0,0,2
1082632,1,ded9240e,2017,2017,24,30,8,0,0,2
1082632,2,fe93fd9d,2017,2017,12,28,4,0,0,1
1082635,1,e62dd25d,2017,2017,24,33,8,4,0,1
1082638,1,dcf81436,2017,2017,24,24,8,0,0,3
1082641,1,51a3c5ef,2017,2017,24,54,4,2,2,1
1082642,2,8cf9814c,2017,2017,24,37,7,2,0,2
1082643,1,2f49c897,2017,2017,24,32,10,0,0,4
1082646,2,f62772e5,2017,2017,12,10,7,0,0,3
1082649,2,cc1e8c68,2017,2017,15,23,5,1,0,1
1136563,1,f5180fe6,2018,2018,24,30,12,0,0,1
1136566,1,9d80c5e1,2018,2018,24,34,4,0,0,2
1136568,2,495d42a5,2018,2018,24,30,11,0,0,2
1136569,1,a818c1be,2018,2018,24,39,5,1,0,2
1136571,1,57ee1fde,2018,2018,24,22,10,1,0,2
1136581,2,51a3c5ef,2018,2018,18,32,5,1,0,1
1136583,1,0a8fce53,2018,2018,22,18,12,0,0,1
1136584,1,87e562a9,2018,2018,24,33,12,1,0,2
1136585,2,871e9faf,2018,2018,14,14,5,0,0,2
1136588,1,5574750c,2018,2018,24,26,8,0,0,3
1136588,2,dcf81436,2018,2018,24,23,7,0,0,2
1136592,2,6b19d823,2018,2018,12,12,5,0,0,1
1136593,1,98ae73b1,2018,2018,24,35,11,0,0,2
1136593,2,798cc28e,2018,2018,18,32,11,1,0,1
1136600,1,7c7d63a2,2018,2018,24,34,7,0,0,4
1136603,2,7f048519,2018,2018,24,47,5,1,0,1
1136608,1,bb351c23,2018,2018,13,13,5,0,0,1
1136613,1,cc1e8c68,2018,2018,24,25,12,0,0,3
1136613,2,641ac5ff,2018,2018,24,31,6,0,0,1
1136617,1,87e562a9,2018,2018,24,25,9,4,0,2
1175356,2,2f49c897,2019,2019,12,5,8,0,0,1
1175357,2,ce820073,2019,2019,24,42,7,2,0,1
1175358,2,2e171977,2019,2019,18,42,2,0,0,1
1175359,1,90de905a,2019,2019,24,32,8,1,0,1
1175363,1,9d80c5e1,2019,2019,18,36,2,0,0,1
1175363,2,1e66c162,2019,2019,18,26,5,2,0,1
1175365,2,98ae73b1,2019,2019,24,36,5,0,0,1
1175366,2,62af8546,2019,2019,24,11,15,0,0,4
1175368,1,fb66ce1f,2019,2019,24,30,9,1,0,3
1175368,2,e94915e6,2019,2019,14,11,6,1,0,4
1178402,2,462411b3,2019,2019,24,23,11,0,0,2
1178405,1,a2f46292,2019,2019,24,30,12,1,0,3
1178410,1,9d430b40,2019,2019,24,32,6,1,0,1
1178412,2,a316d663,2019,2019,24,39,7,1,0,2
1178415,2,7a8bd078,2019,2019,24,47,8,0,1,2
1178421,2,2e171977,2019,2019,24,26,8,0,0,1
1178421,2,6b19d823,2019,2019,24,29,8,1,0,2
1178423,1,495d42a5,2019,2019,24,30,5,1,0,2
1178428,2,7a8bd078,2019,2019,24,21,13,0,0,2
1178431,2,85e0cf10,2019,2019,18,22,8,0,0,1
1216492,2,a818c1be,2020/21,2021,20,23,12,0,0,1
1216496,2,39a2dfa8,2020/21,2021,24,37,7,0,0,3
1216500,1,7c7d63a2,2020/21,2021,24,50,5,2,1,1
1216503,1,90de905a,2020/21,2021,24,45,6,0,0,1
1216504,1,39a2dfa8,2020/21,2021,6,6,3,0,0,1
1216504,2,8d2c70ad,2020/21,2021,18,20,7,0,0,1
1216505,1,e62dd25d,2020/21,2021,24,30,9,0,0,2
1216509,1,e62dd25d,2020/21,2021,24,33,12,1,1,1
1216510,2,8cf9814c,2020/21,2021,18,14,9,0,0,1
1216511,1,7a8bd078,2020/21,2021,24,28,10,0,0,2
1216516,1,23eeb873,2020/21,2021,24,31,11,2,0,2
1216516,1,98ae73b1,2020/21,2021,18,20,7,0,0,1
1216516,2,2e81a32d,2020/21,2021,19,20,9,0,0,1
1216520,1,b681e71e,2020/21,2021,12,21,4,0,0,1
1216522,2,5d2eea49,2020/21,2021,24,32,8,3,0,1
1216522,2,39a2dfa8,2020/21,2021,24,30,8,5,1,1
1216525,2,f19ccfad,2020/21,2021,18,16,7,0,0,2
1216527,2,8cf9814c,2020/21,2021,24,53,8,1,0,3
1216536,1,f834dcfc,2020/21,2021,24,34,8,1,0,2
1216541,2,f752db61,2020/21,2021,20,40,9,2,0,2
1216543,2,46a9bea1,2020/21,2021,24,37,5,3,1,2
1216544,1,23eeb873,2020/21,2021,24,31,8,0,0,2
1216545,1,ded9240e,2020/21,2021,24,19,11,0,0,1
1254059,1,4c5d73db,2021,2021,18,18,10,0,0,2
1254061,2,244048f6,2021,2021,24,35,9,0,0,3
1254065,1,87e562a9,2021,2021,12,10,6,0,0,1
1254068,1,e62dd25d,2021,2021,24,43,7,0,0,1
1254069,2,bb351c23,2021,2021,18,7,10,0,0,3
1254073,1,f19ccfad,2021,2021,18,23,3,0,0,1
1254074,1,df064e1a,2021,2021,24,21,9,0,0,2
1254075,2,5b7ab5a9,2021,2021,24,32,8,0,0,2
1254082,1,d9273ee7,2021,2021,6,7,2,0,0,1
1254083,1,57ee1fde,2021,2021,24,34,9,0,0,1
1254085,2,fb66ce1f,2021,2021,24,29,8,3,0,3
1254091,1,1abb78f8,2021,2021,24,37,7,1,1,1
1254092,2,eef2536f,2021,2021,18,13,8,0,0,3
1254096,1,9d430b40,2021,2021,24,20,9,0,0,1
1254098,1,1abb78f8,2021,2021,24,20,10,0,0,2
1254103,1,f986ca1a,2021,2021,24,34,10,1,0,3
1254110,1,2e171977,2021,2021,24,18,6,0,0,2
1254110,2,1abb78f8,2021,2021,24,13,12,0,0,2
1254114,2,eef2536f,2021,2021,24,47,7,1,0,1
1304048,1,a2f46292,2022,2022,24,27,13,0,0,2
1304048,2,e2db2409,2022,2022,24,14,14,0,0,2
1304049,2,a97c8ec2,2022,2022,24,40,10,2,0,1
1304052,1,2f49c897,2022,2022,24,25,11,0,0,1
1304054,1,cc1e8c68,2022,2022,24,23,12,0,1,4
1304054,1,c38d3503,2022,2022,12,39,4,2,0,1
1304054,2,e62dd25d,2022,2022,18,23,8,1,0,1
1304057,1,ffe699c0,2022,2022,24,23,12,1,0,2
1304059,2,a818c1be,2022,2022,24,34,9,0,0,2
1304059,2,57ee1fde,2022,2022,24,15,12,0,0,2
1304061,1,df064e1a,2022,2022,24,22,11,0,0,2
1304066,1,90de905a,2022,2022,24,30,9,0,0,2
1304067,1,2e81a32d,2022,2022,24,37,8,12,0,2
1304069,1,e2db2409,2022,2022,24,34,4,0,0,1
1304069,2,23cca426,2022,2022,18,30,9,2,0,4
1304070,2,2f9d0389,2022,2022,24,23,12,0,0,3
1304073,2,2f49c897,2022,2022,24,31,10,0,0,2
1304074,1,4125d931,2022,2022,24,28,10,1,0,1
1304075,1,b0946605,2022,2022,24,34,10,1,0,2
1304083,1,caf69bf7,2022,2022,24,40,9,5,0,1
1304089,1,8cf9814c,2022,2022,24,39,7,1,0,1
1304093,1,e4cdf230,2022,2022,24,28,7,0,0,1
1304093,1,13c35c9e,2022,2022,24,46,5,3,0,2
1304098,1,495d42a5,2022,2022,24,32,8,1,0,1
1304099,2,eef2536f,2022,2022,18,19,11,2,0,3
1304100,1,5d2eea49,2022,2022,24,42,10,3,1,1
1304102,1,e2db2409,2022,2022,24,35,10,1,0,1
1304102,1,462411b3,2022,2022,24,10,18,0,0,5
1304103,1,c33d8116,2022,2022,24,18,10,0,0,1
1304106,2,2ed569a0,2022,2022,24,37,10,3,0,2
1304107,2,cc1e8c68,2022,2022,24,19,13,0,0,1
1304108,1,8cf9814c,2022,2022,24,19,9,0,0,2
1304109,2,a818c1be,2022,2022,24,18,13,0,0,2
1304114,1,495d42a5,2022,2022,24,28,9,2,0,1
1359478,1,ce794613,2023,2023,18,23,6,0,0,2
1359479,1,119678fd,2023,2023,24,32,7,1,0,2
1359479,1,e38bce7a,2023,2023,12,16,6,0,0,1
1359479,2,eaa76d3c,2023,2023,12,30,4,0,0,1
1359481,1,5f547c8b,2023,2023,24,31,9,0,0,3
1359485,2,ce820073,2023,2023,24,20,11,1,0,1
1359494,1,2e171977,2023,2023,18,25,9,0,0,1
1359495,2,8d92a2c3,2023,2023,24,35,9,2,0,2
1359496,1,64775749,2023,2023,24,40,9,0,0,1
1359499,2,44aac2f0,2023,2023,17,18,7,3,0,1
1359499,2,64775749,2023,2023,24,33,9,4,0,2
1359504,1,c0c411cb,2023,2023,24,19,11,0,0,1
1359505,1,eaa76d3c,2023,2023,24,41,9,0,0,2
1359509,2,efc04be7,2023,2023,24,37,10,0,0,3
1359510,1,2f49c897,2023,2023,24,33,11,0,0,1
1359517,1,90de905a,2023,2023,12,10,5,0,0,1
1359517,2,2f49c897,2023,2023,18,24,10,3,1,1
1359518,1,8cf9814c,2023,2023,24,11,19,0,0,4
1359518,2,a2f46292,2023,2023,24,24,12,0,0,2
1359521,1,5d2eea49,2023,2023,12,30,5,2,1,1
1359521,2,1abb78f8,2023,2023,18,23,6,0,0,2
1359523,1,fe93fd9d,2023,2023,24,37,5,2,0,1
1359524,1,a2f46292,2023,2023,24,45,6,2,0,1
1359527,1,5b7ab5a9,2023,2023,24,26,11,1,0,3
1359527,1,fb2d1dda,2023,2023,6,7,3,0,0,1
1359527,2,9eb1455b,2023,2023,24,29,6,0,0,1
1359532,1,6b19d823,2023,2023,24,40,8,1,0,1
1359536,2,7210d461,2023,2023,24,31,11,4,0,1
1370350,2,fe93fd9d,2023,2023,24,18,12,0,0,2
1422121,1,ded9240e,2024,2024,24,32,8,0,0,1
1422127,1,8d2c70ad,2024,2024,24,41,5,2,0,1
1422129,1,2ed569a0,2024,2024,18,42,1,0,0,1
1422129,2,c33d8116,2024,2024,24,34,10,1,0,2
1422129,2,b1ad996b,2024,2024,24,27,11,0,0,3
1422130,1,759ac88f,2024,2024,24,25,6,0,0,3
1422137,2,2f49c897,2024,2024,24,35,5,1,0,1
1422138,1,acdc62f5,2024,2024,24,65,7,3,1,2
1422138,2,c5aef772,2024,2024,24,54,4,1,0,1
1426261,2,ce794613,2024,2024,24,33,8,0,0,1
1426265,2,244048f6,2024,2024,23,45,8,1,0,1
1426268,2,a9fd84fb,2024,2024,24,46,5,3,0,2
1426273,1,2e171977,2024,2024,24,29,4,0,0,1
1426273,2,a9fd84fb,2024,2024,12,26,3,2,0,2
1426275,1,5f547c8b,2024,2024,24,15,11,0,0,1
1426275,2,e94915e6,2024,2024,12,18,4,0,0,1
1426281,1,98ae73b1,2024,2024,24,36,7,2,0,1
1426284,2,0a8fce53,2024,2024,17,19,6,0,0,2
1426285,1,9d430b40,2024,2024,24,24,9,0,0,1
1426287,2,402f8494,2024,2024,23,30,9,1,1,1
1426289,2,3fb19989,2024,2024,23,33,12,3,0,4
1426292,2,9d430b40,2024,2024,24,22,8,1,0,1
598040,2,9d430b40,2013,2013,24,14,14,0,0,0
598043,2,3d7e087f,2013,2013,18,24,4,1,0,0
598054,1,cc1e8c68,2013,2013,24,65,2,1,0,0
598054,2,c64c2443,2013,2013,6,20,0,1,0,0
598054,2,db584dad,2013,2013,6,8,2,0,0,0
598060,2,8fd1a8f5,2013,2013,24,23,11,0,0,0
598066,1,740742ef,2013,2013,2,1,1,0,0,0
598070,2,495d42a5,2013,2013,12,17,4,0,0,0
729283,2,759ac88f,2014,2014,17,35,5,0,0,0
729285,1,6aed7e79,2014,2014,24,23,8,1,0,0
729291,2,6aed7e79,2014,2014,24,26,6,0,0,0
729291,2,33a364a6,2014,2014,18,38,2,1,0,0
729297,1,13c35c9e,2014,2014,24,27,10,1,0,0
729311,1,fe93fd9d,2014,2014,18,23,3,0,0,0
729313,2,1c914163,2014,2014,12,13,3,0,0,0
729315,2,85aae393,2014,2014,12,17,2,0,0,0
729317,1,6c6591ab,2014,2014,18,43,3,10,0,0
733971,2,e0407c01,2014,2014,12,20,3,0,0,0
734001,1,8abdf100,2014,2014,12,17,7,3,0,0
734017,2,a757b0d8,2014,2014,6,11,3,0,0,0
734019,1,26a85969,2014,2014,24,42,6,0,0,0
829705,2,a12e1d51,2015,2015,24,27,11,1,0,0
829709,2,bd17b45f,2015,2015,12,15,6,2,0,0
829713,2,bbd41817,2015,2015,12,16,5,0,0,0
829715,1,13c35c9e,2015,2015,24,36,4,1,0,0
829715,1,808f425a,2015,2015,24,55,7,1,0,0
829717,1,a757b0d8,2015,2015,6,11,1,0,0,0
829719,2,c03c6200,2015,2015,12,18,1,0,0,0
829725,1,56ab442f,2015,2015,18,14,13,1,0,0
829729,1,495d42a5,2015,2015,6,13,2,0,0,0
829729,2,41eb4a4f,2015,2015,12,18,5,0,0,0
829737,1,0a3d54b9,2015,2015,24,50,12,7,0,0
829749,2,d2a989fc,2015,2015,24,26,6,0,0,0
829757,2,56ab442f,2015,2015,21,30,10,1,0,0
829761,2,cc1e8c68,2015,2015,24,29,12,3,0,0
829765,1,ded9240e,2015,2015,24,25,12,2,0,0
829771,1,f986ca1a,2015,2015,12,22,6,1,0,0
829787,1,fb66ce1f,2015,2015,24,38,8,7,0,0
829789,2,759ac88f,2015,2015,12,19,3,0,0,0
829793,1,c3d35165,2015,2015,18,35,2,0,0,0
829797,1,4329fbb5,2015,2015,12,19,5,1,0,0
829805,1,98ae73b1,2015,2015,6,9,3,0,0,0
829815,1,41eb4a4f,2015,2015,18,21,5,0,0,0
829817,1,f62772e5,2015,2015,24,46,3,0,0,0
829821,1,fe93fd9d,2015,2015,6,13,1,0,0,0
980909,1,4125d931,2016,2016,12,31,0,2,0,0
980917,2,dbe50b21,2016,2016,12,16,5,2,0,0
980923,2,51a3c5ef,2016,2016,21,33,10,0,0,0
980923,2,dbe50b21,2016,2016,18,29,3,0,0,0
980927,2,f986ca1a,2016,2016,12,20,4,0,0,0
980931,1,24d94623,2016,2016,24,31,4,1,0,0
980935,1,d8b2f218,2016,2016,24,33,6,0,0,0
980939,1,98ae73b1,2016,2016,18,26,4,0,0,0
980941,2,8b5b6769,2016,2016,24,31,8,0,0,0
980943,1,e2db2409,2016,2016,6,6,1,0,0,0
980943,2,c18496e1,2016,2016,6,17,0,0,0,0
980945,2,fe93fd9d,2016,2016,6,14,0,0,0,0
980949,2,495d42a5,2016,2016,24,37,4,1,0,0
980959,1,9d430b40,2016,2016,24,45,7,0,0,0
980961,2,808f425a,2016,2016,6,9,2,0,0,0
980977,2,bd17b45f,2016,2016,12,16,1,1,0,0
980979,1,66b30f71,2016,2016,24,26,12,1,0,0
980979,2,1c914163,2016,2016,6,10,1,0,0,0
980981,1,8b5b6769,2016,2016,18,19,5,0,0,0
980981,2,bd17b45f,2016,2016,6,2,4,0,0,0
980983,1,2e8994e7,2016,2016,12,19,5,1,0,0
980987,1,87e562a9,2016,2016,18,46,1,0,1,0
980995,2,7dc35884,2016,2016,24,39,4,1,0,0
981003,2,32198ae0,2016,2016,12,18,3,0,0,0
981009,1,32198ae0,2016,2016,12,14,1,0,0,0
981019,1,85aae393,2016,2016,6,10,1,0,0,0
1473440,1,fe93fd9d,2025,2025,18,21,8,0,0,0
1473443,2,5574750c,2025,2025,15,33,7,4,0,0
1473443,2,46a9bea1,2025,2025,6,7,2,0,0,0
1473444,2,30df8c66,2025,2025,12,28,5,0,0,0
1473444,2,752f7486,2025,2025,1,4,0,0,0,0
1473451,2,b8527c3d,2025,2025,18,35,5,0,0,0
1473451,2,50c6bc2b,2025,2025,6,12,2,0,0,0
1473455,2,4885bbe6,2025,2025,12,20,5,3,0,0
1473458,1,9caf69a1,2025,2025,6,10,2,0,0,0
1473459,2,81c36ee9,2025,2025,24,48,2,0,1,0
1473461,2,50c6bc2b,2025,2025,6,14,0,0,0,0
1473462,2,495d42a5,2025,2025,18,30,6,0,0,0
1473464,1,ded9240e,2025,2025,24,40,8,2,0,0
1473464,2,b681e71e,2025,2025,18,40,3,3,0,0
1473466,1,759ac88f,2025,2025,18,40,2,1,0,0
1473476,1,bb351c23,2025,2025,18,27,6,0,0,0
1473479,2,9440ef41,2025,2025,24,31,8,0,0,0
1473487,2,172dff15,2025,2025,18,29,9,0,0,0
1473490,1,a97c8ec2,2025,2025,24,35,4,1,0,0
1473493,2,9caf69a1,2025,2025,6,15,3,1,0,0
1473499,1,ded9240e,2025,2025,24,34,7,1,0,0
1473499,2,0a67aec0,2025,2025,18,33,4,5,0,0
1473507,2,f9e6e7ef,2025,2025,18,39,3,0,0,0
1485779,1,759ac88f,2025,2025,24,47,5,1,1,0
1527679,2,6c79c098,2026,2026,12,35,0,0,0,0
1527679,2,f29185a1,2026,2026,6,15,1,0,0,0
1527684,1,a2f46292,2026,2026,24,37,8,1,0,0
1527687,1,ce794613,2026,2026,24,34,4,0,0,0
1527688,1,8cf9814c,2026,2026,24,27,8,1,0,0
1527691,1,7c3c0337,2026,2026,12,17,4,1,0,0
1527691,1,2cffab74,2026,2026,24,37,7,1,0,0
1527691,2,4d7f517e,2026,2026,12,20,6,0,2,0
1529265,2,59559bc2,2026,2026,18,32,6,2,0,0
1529271,2,133bbd61,2026,2026,10,21,4,1,0,0
1529272,1,872b03f7,2026,2026,6,14,0,0,0,0
1529274,2,aad0c365,2026,2026,24,57,5,1,0,0
1529275,1,b1ad996b,2026,2026,24,56,6,1,0,0
1529277,1,b8527c3d,2026,2026,18,28,3,0,0,0
1529278,1,54e52590,2026,2026,18,48,4,1,0,0
1529278,1,57ee1fde,2026,2026,24,42,3,2,1,0
1529278,2,7c3c0337,2026,2026,12,41,3,1,1,0
1529303,1,e62dd25d,2026,2026,24,40,9,1,0,0
1529303,1,12314277,2026,2026,6,22,2,0,0,0
1529304,1,26989d80,2026,2026,12,20,1,0,0,0
1529307,2,80b2fb19,2026,2026,24,43,8,1,0,0
1529309,2,0f721006,2026,2026,12,27,2,0,0,0
1529311,2,80b2fb19,2026,2026,18,32,4,1,0,0
1529311,2,13fc5c6d,2026,2026,18,39,1,0,0,0
335984,2,3d7e087f,2007/08,2008,18,32,6,3,0,0
335990,2,6c6591ab,2007/08,2008,12,23,3,0,0,0
335994,2,d2a989fc,2007/08,2008,6,8,4,0,0,0
335996,2,3eac9d95,2007/08,2008,24,27,10,2,0,0
335997,2,725529bc,2007/08,2008,12,14,1,0,0,0
335998,1,ba607b88,2007/08,2008,6,11,0,0,0,0
335998,2,93a17209,2007/08,2008,24,28,7,0,1,0
335998,2,64c34cd0,2007/08,2008,6,8,1,0,0,0
336005,1,3c6ffae8,2007/08,2008,12,9,6,0,0,0
336009,1,4ba44e19,2007/08,2008,24,25,6,3,0,0
336014,1,6c6591ab,2007/08,2008,12,25,3,1,0,0
336024,2,7d3937ed,2007/08,2008,6,8,1,0,0,0
336026,2,91a4a398,2007/08,2008,18,37,5,5,0,0
336026,2,86dc8f2e,2007/08,2008,12,16,3,0,0,0
392183,2,5f26df4f,2009,2009,6,11,1,0,0,0
392201,2,35205dfc,2009,2009,6,8,4,0,0,0
392202,2,4ba44e19,2009,2009,24,33,8,1,0,0
392207,2,66b30f71,2009,2009,12,26,4,2,0,0
392210,2,fe93fd9d,2009,2009,6,6,2,0,0,0
392212,2,12eddf28,2009,2009,24,25,11,0,0,0
392217,1,c24a2c5d,2009,2009,12,12,5,0,0,0
392220,1,5bb5a915,2009,2009,18,20,8,1,0,0
392223,2,6b19d823,2009,2009,18,39,4,0,0,0
392226,2,5bdcdb72,2009,2009,6,7,2,0,0,0
392229,2,6b8eb6e5,2009,2009,12,10,8,0,0,0
392234,2,ae78bc32,2009,2009,12,9,6,0,0,0
419110,2,aaa1b522,2009/10,2010,6,8,1,0,0,0
419116,2,9fc0ef64,2009/10,2010,24,46,9,0,0,0
419120,1,cc1e8c68,2009/10,2010,24,36,6,0,0,0
419126,2,bcce309e,2009/10,2010,18,29,5,0,0,0
419130,1,bd77eb62,2009/10,2010,24,40,6,1,0,0
419137,1,3c6ffae8,2009/10,2010,24,44,5,0,0,0
419137,2,c24a2c5d,2009/10,2010,24,45,7,2,0,0
419138,1,bd77eb62,2009/10,2010,24,32,5,1,0,0
419138,2,87e562a9,2009/10,2010,12,12,5,0,0,0
419144,1,9fc0ef64,2009/10,2010,18,30,8,1,0,0
419147,2,b2ae53f5,2009/10,2010,24,27,10,2,0,0
419152,1,6b19d823,2009/10,2010,18,30,4,0,0,0
419153,2,896d78ad,2009/10,2010,6,15,1,1,0,0
419159,2,034b4b7d,2009/10,2010,18,40,4,2,1,0
501198,1,fb693839,2011,2011,18,29,7,0,0,0
501200,2,c3d1402f,2011,2011,18,29,4,4,0,0
501210,2,8b5b6769,2011,2011,24,33,6,0,0,0
501228,2,5d9a1a73,2011,2011,24,27,4,1,0,0
501234,2,e938e1bc,2011,2011,12,14,7,0,0,0
501236,1,5bb1a1c4,2011,2011,24,41,9,0,1,0
501236,2,f5f18a18,2011,2011,24,34,9,1,0,0
501243,1,5bb5a915,2011,2011,24,37,9,0,0,0
501244,1,8b9704ae,2011,2011,18,39,3,0,0,0
501244,2,66cf56a5,2011,2011,18,29,7,1,0,0
501253,2,1dc12ab9,2011,2011,24,16,11,1,0,0
501255,1,db584dad,2011,2011,6,11,1,0,0,0
501259,2,c42aaf71,2011,2011,18,19,6,0,0,0
501264,1,dc4686e6,2011,2011,18,33,3,0,0,0
501270,1,8b5b6769,2011,2011,24,40,9,1,0,0
548311,2,495d42a5,2012,2012,18,12,10,0,0,0
548314,2,d2340a43,2012,2012,12,9,4,0,0,0
548315,2,33a364a6,2012,2012,24,30,6,0,0,0
548316,1,9d80c5e1,2012,2012,18,9,10,0,0,0
548318,1,87e562a9,2012,2012,24,30,9,1,0,0
548321,1,5fa06777,2012,2012,24,27,10,0,0,0
548321,2,2e8994e7,2012,2012,18,33,5,0,0,0
548322,2,1dc12ab9,2012,2012,24,22,7,0,0,0
548325,2,94eac556,2012,2012,18,24,5,0,0,0
548325,2,a757b0d8,2012,2012,5,6,2,3,0,0
548327,2,5d9a1a73,2012,2012,12,35,1,0,0,0
548329,2,1c2a64cd,2012,2012,12,29,3,0,0,0
548331,2,9a158001,2012,2012,21,30,6,1,0,0
548343,1,495d42a5,2012,2012,24,25,8,1,0,0
548343,1,1dc12ab9,2012,2012,6,8,1,0,0,0
548344,1,d92e42f5,2012,2012,18,27,6,2,0,0
548350,1,1a0c3177,2012,2012,24,48,4,2,0,0
548350,1,fd835ab3,2012,2012,12,9,2,0,0,0
548357,2,9d80c5e1,2012,2012,24,32,7,0,0,0
548358,1,4329fbb5,2012,2012,24,28,4,1,0,0
548358,2,96fd40ae,2012,2012,18,33,6,0,0,0
548360,2,8b5b6769,2012,2012,24,18,10,0,0,0
548365,2,bd17b45f,2012,2012,12,17,2,0,0,0
548366,1,98ae73b1,2012,2012,18,27,4,0,0,0
548371,1,98ae73b1,2012,2012,6,12,2,0,0,0
548373,2,addfb70e,2012,2012,22,35,10,4,0,0
548374,2,1a0c3177,2012,2012,18,40,9,0,0,0
548375,1,725529bc,2012,2012,12,17,3,0,1,0
548377,2,99b202b3,2012,2012,12,24,3,0,0,0
598001,1,5fa06777,2013,2013,24,31,7,0,0,0
598007,1,db31895a,2013,2013,6,10,1,0,0,0
598007,2,98ae73b1,2013,2013,24,21,7,0,0,0
598014,2,12eddf28,2013,2013,24,30,13,2,0,0
598018,1,896d78ad,2013,2013,24,29,5,0,0,0
598020,1,8ba8195d,2013,2013,6,9,0,0,0,0
598023,2,addfb70e,2013,2013,18,30,7,8,0,0
598024,1,5fa06777,2013,2013,24,24,11,0,0,0
598024,2,8b5b6769,2013,2013,18,30,1,0,0,0
598025,1,e938e1bc,2013,2013,24,36,9,3,0,0
598033,2,f5180fe6,2013,2013,24,27,12,0,0,0
598037,1,fd835ab3,2013,2013,12,32,3,1,0,0
598039,1,8fd1a8f5,2013,2013,24,27,10,2,0,0
1082596,2,d2a989fc,2017,2017,12,17,2,0,0,0
1082596,2,1da489ff,2017,2017,24,29,7,1,0,0
1082598,2,4329fbb5,2017,2017,12,28,0,0,0,0
1082602,2,957532de,2017,2017,24,21,10,1,0,0
1082602,2,f62772e5,2017,2017,12,28,1,2,0,0
1082607,1,57ee1fde,2017,2017,6,11,3,3,0,0
1082611,1,81049310,2017,2017,12,16,2,0,1,0
1082614,1,91a4a398,2017,2017,24,36,7,1,0,0
1082620,1,94d7f855,2017,2017,12,14,2,0,0,0
1082626,2,e62dd25d,2017,2017,12,18,5,1,0,0
1082632,2,1dc12ab9,2017,2017,12,24,3,0,0,0
1082632,2,35205dfc,2017,2017,6,11,0,0,0,0
1082634,1,2e81a32d,2017,2017,24,39,5,2,0,0
1082634,2,f19ccfad,2017,2017,18,19,9,0,0,0
1082636,1,98ae73b1,2017,2017,12,13,1,0,0,0
1082639,1,db31895a,2017,2017,12,17,1,0,0,0
1082640,2,fe93fd9d,2017,2017,24,31,10,0,0,0
1082645,2,5bb1a1c4,2017,2017,6,12,1,0,0,0
1082646,1,8cf9814c,2017,2017,24,31,11,1,0,0
1082650,2,a12e1d51,2017,2017,24,21,11,1,0,0
1136570,2,c38d3503,2018,2018,6,10,1,0,0,0
1136574,2,dbe50b21,2018,2018,6,4,2,0,0,0
1136577,1,e087956b,2018,2018,18,39,4,0,0,0
1136580,1,6834d1f2,2018,2018,24,38,12,2,0,0
1136584,1,23eeb873,2018,2018,12,20,4,0,0,0
1136584,1,4329fbb5,2018,2018,12,21,2,1,0,0
1136584,2,8abdf100,2018,2018,22,58,1,2,0,0
1136585,1,7c7d63a2,2018,2018,24,28,8,0,0,0
1136590,1,eef2536f,2018,2018,24,28,10,1,0,0
1136593,1,c38d3503,2018,2018,18,21,6,1,0,0
1136596,2,a818c1be,2018,2018,24,30,8,3,0,0
1136602,2,0994d0ae,2018,2018,6,14,1,1,0,0
1136603,1,1e66c162,2018,2018,24,34,8,4,0,0
1136611,1,7dc35884,2018,2018,24,35,5,0,0,0
1136613,2,5574750c,2018,2018,24,37,10,1,0,0
1175356,2,21d4e29b,2019,2019,24,24,15,1,1,0
1175360,2,75224f22,2019,2019,18,20,6,1,1,0
1175361,1,c3a96caf,2019,2019,6,18,1,0,0,0
1175362,1,94d7f855,2019,2019,18,27,2,1,0,0
1175362,1,bb351c23,2019,2019,6,13,1,0,0,0
1175362,2,51a3c5ef,2019,2019,12,24,2,0,0,0
1175363,2,5574750c,2019,2019,24,42,9,2,0,0
1175369,1,0a3d54b9,2019,2019,6,16,0,0,0,0
1178393,1,7c7d63a2,2019,2019,24,38,7,1,0,0
1178397,1,e94915e6,2019,2019,24,30,6,0,0,0
1178404,2,85e0cf10,2019,2019,24,30,11,1,0,0
1178405,1,73ad96ed,2019,2019,6,8,1,0,0,0
1178407,1,7a8bd078,2019,2019,24,31,4,0,0,0
1178409,1,75224f22,2019,2019,18,37,4,0,1,0
1178415,1,d014d5ac,2019,2019,6,16,1,2,0,0
1178416,1,fe93fd9d,2019,2019,24,33,5,0,0,0
1178422,1,a12e1d51,2019,2019,24,48,7,0,0,0
1178423,1,7d92277a,2019,2019,24,66,4,7,0,0
1178425,1,a818c1be,2019,2019,24,37,11,2,0,0
1178425,1,6b19d823,2019,2019,18,16,6,0,0,0
1178427,1,98ae73b1,2019,2019,24,43,4,0,0,0
1178428,1,2e171977,2019,2019,24,16,12,0,0,0
1178430,1,495d42a5,2019,2019,24,23,7,0,0,0
1178431,2,e412cb64,2019,2019,18,20,7,1,0,0
1216494,1,fb66ce1f,2020/21,2021,24,16,14,1,0,0
1216501,1,23eeb873,2020/21,2021,24,47,4,2,0,0
1216505,2,fb66ce1f,2020/21,2021,12,19,3,0,0,0
1216513,2,a1d053dd,2020/21,2021,18,30,5,2,0,0
1216515,1,ded9240e,2020/21,2021,24,49,2,0,0,0
1216516,1,fe93fd9d,2020/21,2021,12,16,5,0,0,0
1216517,2,5b8c830e,2020/21,2021,12,12,5,0,0,0
1216519,1,21d4e29b,2020/21,2021,18,48,3,0,1,0
1216522,2,5574750c,2020/21,2021,22,38,8,1,0,0
1216531,1,df064e1a,2020/21,2021,18,29,5,3,0,0
1216535,1,81049310,2020/21,2021,18,18,6,0,0,0
1216536,1,e94915e6,2020/21,2021,18,21,8,0,0,0
1216545,1,8d2c70ad,2020/21,2021,12,15,3,0,0,0
1216545,2,f29185a1,2020/21,2021,6,11,0,0,0,0
1216547,1,462411b3,2020/21,2021,24,42,7,1,0,0
1254059,1,6b19d823,2021,2021,18,27,4,0,0,0
1254060,1,0994d0ae,2021,2021,6,14,0,0,0,0
1254072,2,1abb78f8,2021,2021,19,48,5,5,0,0
1254080,2,a2f46292,2021,2021,24,36,7,1,0,0
1254080,2,4125d931,2021,2021,18,45,2,0,0,0
1254081,1,81049310,2021,2021,18,37,3,3,0,0
1254081,1,56ab442f,2021,2021,24,35,7,0,1,0
1254090,1,df064e1a,2021,2021,24,35,9,1,0,0
1254090,2,2a2e6343,2021,2021,6,11,1,0,0,0
1254094,2,fe93fd9d,2021,2021,6,9,2,0,0,0
1254098,1,e94915e6,2021,2021,24,56,5,2,1,0
1304049,2,7f048519,2022,2022,18,28,5,0,0,0
1304055,1,caf69bf7,2022,2022,24,32,10,2,0,0
1304059,2,85e0cf10,2022,2022,24,40,8,2,0,0
1304059,2,6c19c6e5,2022,2022,1,6,0,0,0,0
1304061,2,acdc62f5,2022,2022,14,35,2,0,2,0
1304065,1,b8527c3d,2022,2022,6,10,2,0,0,0
1304069,1,245c97cb,2022,2022,24,37,6,2,0,0
1304074,2,7c3b3b78,2022,2022,23,35,8,0,0,0
1304074,2,244048f6,2022,2022,24,32,7,2,0,0
1304078,1,1abb78f8,2022,2022,12,20,4,0,0,0
1304084,1,fe93fd9d,2022,2022,12,18,1,2,0,0
1304091,1,8d2c70ad,2022,2022,18,29,3,0,0,0
1304100,1,81c08fa3,2022,2022,12,25,4,0,0,0
1304109,1,d9273ee7,2022,2022,6,15,2,0,0,0
1304110,1,c05edf8e,2022,2022,18,29,5,0,0,0
1304111,2,f29185a1,2022,2022,6,10,0,0,0,0
1304113,2,2f9d0389,2022,2022,10,21,2,0,0,0
1304115,2,a2f46292,2022,2022,19,24,11,1,1,0
1312197,1,b0946605,2022,2022,12,27,4,0,0,0
1359479,1,b681e71e,2023,2023,6,16,0,1,0,0
1359482,2,c05edf8e,2023,2023,12,15,5,0,0,0
1359483,1,0a67aec0,2023,2023,12,30,3,1,2,0
1359486,2,12314277,2023,2023,13,35,2,4,0,0
1359486,2,eaa76d3c,2023,2023,18,20,6,1,0,0
1359487,1,cc1e8c68,2023,2023,18,24,6,1,0,0
1359499,1,f19ccfad,2023,2023,24,33,10,0,0,0
1359500,2,4885bbe6,2023,2023,12,27,6,5,0,0
1359505,2,e94915e6,2023,2023,18,41,2,1,0,0
1359507,1,9d430b40,2023,2023,12,23,3,0,0,0
1359509,2,9061a703,2023,2023,12,18,2,0,0,0
1359515,2,b483905d,2023,2023,18,35,4,1,0,0
1359516,1,eaa76d3c,2023,2023,18,31,10,7,0,0
1359516,2,57ee1fde,2023,2023,18,32,4,0,0,0
1359520,1,eaa76d3c,2023,2023,12,15,7,0,0,0
1359527,2,244048f6,2023,2023,24,39,10,1,0,0
1359528,1,98ae73b1,2023,2023,24,41,8,0,0,0
1359530,1,495d42a5,2023,2023,24,32,6,0,0,0
1359530,2,fb2d1dda,2023,2023,6,26,0,0,0,0
1359530,2,9440ef41,2023,2023,18,22,6,0,0,0
1359539,1,3a60e0b5,2023,2023,24,35,5,0,0,0
1359539,2,f29185a1,2023,2023,18,28,4,1,0,0
1359543,2,81c08fa3,2023,2023,18,41,2,0,0,0
1422119,1,fe93fd9d,2024,2024,24,21,7,0,0,0
1422137,1,a818c1be,2024,2024,18,30,4,1,0,0
1426260,2,3fb19989,2024,2024,18,29,7,2,0,0
1426263,1,c5aef772,2024,2024,12,22,0,0,0,0
1426274,2,9440ef41,2024,2024,12,33,2,1,0,0
1426275,1,8f6dd463,2024,2024,12,13,7,0,0,0
1426276,1,495d42a5,2024,2024,24,31,4,1,0,0
1426277,1,d9273ee7,2024,2024,24,49,4,1,0,0
1426277,1,5b8c830e,2024,2024,12,15,2,0,0,0
1426278,1,7dcb9bc9,2024,2024,6,8,2,0,0,0
1426280,2,be24ead0,2024,2024,4,9,0,0,0,0
1426281,2,2e171977,2024,2024,12,24,1,0,0,0
1426282,2,e84ac20c,2024,2024,18,32,5,0,0,0
1426283,1,119678fd,2024,2024,18,38,4,1,0,0
1426288,2,81c36ee9,2024,2024,24,44,10,4,2,0
1426291,1,c05edf8e,2024,2024,6,19,1,0,0,0
1426294,2,5bb1a1c4,2024,2024,18,34,7,1,0,0
598040,2,dd09ff8e,2013,2013,24,26,11,1,0,1
598043,1,9d430b40,2013,2013,24,20,10,0,0,1
598043,2,29d72eb2,2013,2013,18,28,6,1,0,1
598046,1,495d42a5,2013,2013,12,11,6,0,0,1
598053,2,86dc8f2e,2013,2013,24,27,8,0,1,2
598055,2,dfc4d8b5,2013,2013,23,28,12,1,0,1
598059,2,05c2ca46,2013,2013,24,17,13,0,0,1
598066,1,8b5b6769,2013,2013,24,33,5,0,0,1
598069,2,8cf9814c,2013,2013,24,32,8,6,0,1
598073,2,a12e1d51,2013,2013,24,22,13,2,0,2
729279,2,5bb5a915,2014,2014,24,16,16,0,0,1
729283,2,35205dfc,2014,2014,12,25,2,0,0,1
729285,1,d2a989fc,2014,2014,24,23,11,1,0,2
729287,1,3fb19989,2014,2014,24,21,11,0,0,2
729289,2,5bb5a915,2014,2014,24,41,10,3,0,2
729289,2,86dc8f2e,2014,2014,12,15,4,0,0,1
729293,1,1e66c162,2014,2014,24,32,8,0,0,3
729293,2,f3171936,2014,2014,12,9,7,0,0,1
729295,2,b2b50355,2014,2014,24,13,12,1,0,4
729297,2,f3171936,2014,2014,24,32,11,1,0,1
729305,2,57ee1fde,2014,2014,18,17,13,0,0,1
729307,1,5bb5a915,2014,2014,24,26,13,0,1,1
729311,1,759ac88f,2014,2014,24,27,6,0,0,2
729311,2,5bb1a1c4,2014,2014,24,37,11,0,0,2
729313,1,f5180fe6,2014,2014,24,19,12,0,1,2
729313,1,26a85969,2014,2014,24,14,11,0,0,2
729315,2,dfc4d8b5,2014,2014,24,28,11,1,0,1
733975,2,3a60e0b5,2014,2014,24,35,10,2,0,1
733981,1,f3171936,2014,2014,24,34,13,1,0,1
733997,1,5bb5a915,2014,2014,24,20,16,0,0,2
734005,1,dcf81436,2014,2014,24,37,11,1,0,1
734005,2,4ba44e19,2014,2014,24,25,8,0,0,2
734005,2,2af1b6d2,2014,2014,24,40,5,1,2,1
734013,1,2af1b6d2,2014,2014,24,18,7,0,0,1
734013,2,495d42a5,2014,2014,24,16,17,0,0,2
734021,1,5fa06777,2014,2014,18,28,6,0,0,1
734025,1,7a8bd078,2014,2014,24,32,9,0,0,2
734031,1,acee4cc4,2014,2014,24,37,6,1,0,3
734041,1,8b5b6769,2014,2014,24,43,7,0,0,1
829705,2,462411b3,2015,2015,18,38,7,1,0,1
829705,2,8b5b6769,2015,2015,24,38,4,0,0,1
829707,1,2c76b512,2015,2015,18,18,9,0,0,1
829711,2,e0407c01,2015,2015,18,26,5,0,0,1
829721,2,41eb4a4f,2015,2015,18,13,11,0,0,1
829727,2,a818c1be,2015,2015,24,31,10,2,0,1
829727,2,7ca5e05d,2015,2015,24,18,12,0,0,2
829729,1,96fd40ae,2015,2015,24,23,13,1,0,3
829733,2,f5180fe6,2015,2015,23,41,8,0,0,1
829737,2,51a3c5ef,2015,2015,24,43,12,3,2,1
829737,2,8b5b6769,2015,2015,24,27,13,0,0,3
829741,1,6f49cc6e,2015,2015,18,44,3,0,0,1
829745,2,fe93fd9d,2015,2015,24,37,7,0,0,1
829747,2,acee4cc4,2015,2015,24,22,13,2,0,3
829757,1,aa8d28ae,2015,2015,20,18,8,1,0,2
829759,2,e938e1bc,2015,2015,24,34,6,2,0,1
829763,1,d2a989fc,2015,2015,24,36,11,2,0,1
829763,1,bd17b45f,2015,2015,24,32,12,0,0,1
829765,1,f708a0bc,2015,2015,24,18,9,0,0,1
829769,1,dec8e038,2015,2015,24,40,4,2,0,1
829769,2,a12e1d51,2015,2015,24,34,3,0,0,1
829787,2,119678fd,2015,2015,18,28,5,0,0,1
829791,1,9d430b40,2015,2015,24,19,13,0,0,4
829803,1,aa8d28ae,2015,2015,12,17,4,0,0,1
829805,2,a757b0d8,2015,2015,6,6,4,1,0,1
829809,1,f62772e5,2015,2015,24,25,10,1,0,2
829809,2,26a85969,2015,2015,12,12,7,2,0,1
980901,1,c3d1402f,2016,2016,18,30,7,1,0,1
980909,2,bbd41817,2016,2016,24,52,8,0,0,1
980913,2,ce820073,2016,2016,12,6,9,0,0,1
980931,2,dfc4d8b5,2016,2016,18,13,11,0,0,3
980931,2,f986ca1a,2016,2016,24,46,6,3,0,1
980937,2,dfc4d8b5,2016,2016,24,53,5,6,0,1
980943,1,495d42a5,2016,2016,24,14,11,0,0,1
980947,1,13c35c9e,2016,2016,24,38,7,0,0,2
980949,2,33a364a6,2016,2016,18,26,3,0,0,1
980961,2,1da489ff,2016,2016,24,29,9,0,0,1
980977,1,2e171977,2016,2016,24,27,8,0,0,1
980981,1,5b8c830e,2016,2016,24,15,11,0,0,1
980983,1,8cf9814c,2016,2016,18,26,2,0,0,1
980983,2,96fd40ae,2016,2016,18,23,9,0,0,1
980985,2,51a3c5ef,2016,2016,18,24,9,2,0,2
980987,2,dc9dd038,2016,2016,4,4,3,0,0,2
980997,1,14f96089,2016,2016,24,21,7,0,0,3
980997,2,fb66ce1f,2016,2016,12,12,7,1,1,1
981007,2,462411b3,2016,2016,24,42,9,3,0,1
981015,2,2e81a32d,2016,2016,24,19,10,0,0,3
981019,1,ffe699c0,2016,2016,24,45,7,6,0,3
981019,2,d8b2f218,2016,2016,18,41,6,2,0,1
1426307,1,ce794613,2024,2024,24,33,8,2,0,2
1426310,1,495d42a5,2024,2024,24,19,9,2,0,2
1426312,1,3fb19989,2024,2024,18,14,11,0,0,2
1426312,1,5b7ab5a9,2024,2024,12,9,6,0,0,1
1473439,2,30df8c66,2025,2025,18,46,7,2,1,2
1473440,2,23eeb873,2025,2025,12,18,5,0,0,1
1473446,2,e62dd25d,2025,2025,24,42,6,1,0,1
1473448,1,64839cb3,2025,2025,24,28,10,5,0,2
1473449,2,bbd41817,2025,2025,17,35,4,0,1,2
1473450,2,13fc5c6d,2025,2025,24,30,10,0,0,2
1473455,1,81c36ee9,2025,2025,24,45,6,1,0,1
1473456,2,eef2536f,2025,2025,24,45,10,0,0,1
1473457,1,c7a995d3,2025,2025,24,24,6,0,0,2
1473459,2,b681e71e,2025,2025,12,11,4,0,0,1
1473461,2,7210d461,2025,2025,23,45,5,6,0,1
1473463,2,f19ccfad,2025,2025,24,28,9,0,0,1
1473468,1,77b1aa15,2025,2025,18,25,12,2,0,3
1473468,2,57ee1fde,2025,2025,24,28,14,1,0,4
1473469,2,3fb19989,2025,2025,24,36,6,2,0,1
1473472,1,85e0cf10,2025,2025,24,41,7,2,0,4
1473476,1,77b1aa15,2025,2025,24,45,5,2,0,1
1473482,1,80b2fb19,2025,2025,24,44,8,1,0,1
1473482,2,a818c1be,2025,2025,24,20,10,0,0,3
1473485,2,e4cdf230,2025,2025,24,27,8,1,0,1
1473487,2,23eeb873,2025,2025,12,13,9,7,0,1
1473489,1,efc04be7,2025,2025,24,26,12,0,0,1
1473490,1,5574750c,2025,2025,24,30,10,1,0,1
1473490,2,7c3b3b78,2025,2025,24,50,8,0,0,1
1473494,2,7c3b3b78,2025,2025,18,48,7,2,0,3
1473494,2,bb351c23,2025,2025,12,23,3,0,0,1
1473499,2,1abb78f8,2025,2025,24,39,3,0,0,1
1473501,2,23eeb873,2025,2025,18,22,8,0,0,1
1473503,2,ded9240e,2025,2025,24,28,10,2,0,3
1473504,2,a2f46292,2025,2025,18,17,11,1,0,1
1473505,2,5750bcb4,2025,2025,22,31,10,1,0,3
1473505,2,25228673,2025,2025,24,34,10,0,0,3
1473508,2,d621b427,2025,2025,12,27,1,0,0,1
1473511,1,57ee1fde,2025,2025,24,37,3,0,0,1
1527681,2,172dff15,2026,2026,19,39,6,1,0,1
1527683,1,cf0ccafa,2026,2026,24,29,10,1,0,1
1527686,1,1abb78f8,2026,2026,12,36,2,3,0,1
1527689,1,ce820073,2026,2026,24,47,7,2,0,1
1529264,2,ece7b6b3,2026,2026,24,34,14,2,0,4
1529265,2,efc04be7,2026,2026,24,21,7,0,0,3
1529266,2,eef2536f,2026,2026,24,23,10,0,0,2
1529267,1,81c36ee9,2026,2026,24,30,7,1,0,1
1529267,2,9ca68676,2026,2026,24,31,8,0,0,2
1529268,2,5b7ab5a9,2026,2026,24,34,5,0,0,2
1529271,1,5b7ab5a9,2026,2026,24,14,12,0,0,3
1529272,1,cf0ccafa,2026,2026,18,35,2,0,0,2
1529275,2,133bbd61,2026,2026,18,18,7,1,0,2
1529276,1,e4a0deae,2026,2026,24,44,8,2,0,1
1529276,2,765a4731,2026,2026,24,31,11,3,0,1
1529277,2,2f49c897,2026,2026,18,25,8,0,0,1
1529277,2,025c4400,2026,2026,12,19,4,0,0,1
1529280,1,e62dd25d,2026,2026,24,25,15,0,0,3
1529281,2,eaa76d3c,2026,2026,12,12,6,0,0,1
1529283,1,5574750c,2026,2026,24,40,9,0,0,1
1529287,1,dee07622,2026,2026,18,24,6,0,0,1
1529293,1,b8527c3d,2026,2026,24,53,4,1,0,1
1529293,2,8cf9814c,2026,2026,24,33,12,3,0,1
1529295,1,fe93fd9d,2026,2026,24,34,5,0,0,1
1529295,2,5f547c8b,2026,2026,24,33,11,0,0,4
1529297,1,03806cf8,2026,2026,24,33,10,1,0,1
1529297,2,ba6b2f91,2026,2026,18,39,4,6,1,1
1529300,1,2e81a32d,2026,2026,24,34,9,0,0,1
1529301,1,23eeb873,2026,2026,24,36,10,0,0,2
1529301,2,8f6dd463,2026,2026,24,36,8,1,0,2
1529304,2,c5aef772,2026,2026,6,8,2,0,0,1
1529308,2,23eeb873,2026,2026,18,23,9,2,0,1
1529309,1,fcc21ace,2026,2026,24,56,3,1,0,1
1529310,2,12b610c2,2026,2026,6,7,1,0,0,1
1529311,1,8f6dd463,2026,2026,18,29,7,1,0,1
1529311,1,81c36ee9,2026,2026,24,33,9,1,0,2
1529312,1,23eeb873,2026,2026,24,43,10,0,0,2
1529312,1,9ca68676,2026,2026,18,45,4,3,0,1
1535464,2,465aa633,2026,2026,24,35,6,7,0,1
1535465,2,2f49c897,2026,2026,24,36,9,1,0,1
335982,2,b1451597,2007/08,2008,7,12,3,3,0,1
335983,1,3dba85c2,2007/08,2008,12,24,2,2,0,1
335986,1,fa463154,2007/08,2008,12,19,6,0,0,2
335989,1,d2a989fc,2007/08,2008,18,25,7,0,1,1
335991,1,8b5b6769,2007/08,2008,24,32,8,2,0,3
335992,2,91a4a398,2007/08,2008,24,24,14,0,0,1
335993,1,ae78bc32,2007/08,2008,24,40,9,0,1,2
335993,1,6ad3a659,2007/08,2008,24,29,10,0,0,2
335994,1,0dc00542,2007/08,2008,24,32,10,0,1,2
335996,2,ae78bc32,2007/08,2008,24,34,10,0,0,3
335997,1,87e562a9,2007/08,2008,24,25,11,1,0,1
335999,1,5fa06777,2007/08,2008,24,30,8,1,0,2
336000,2,64d43928,2007/08,2008,24,30,7,2,0,2
336001,1,ee7d0c82,2007/08,2008,24,21,11,0,0,1
336004,1,8ba8195d,2007/08,2008,6,2,4,0,0,1
336004,2,d2a989fc,2007/08,2008,17,18,8,0,1,2
336011,1,4329fbb5,2007/08,2008,18,22,7,0,1,1
336012,1,96fd40ae,2007/08,2008,18,21,8,0,0,1
336016,1,5fa06777,2007/08,2008,24,23,9,1,0,1
336017,2,b1451597,2007/08,2008,5,6,4,5,0,3
336019,2,6b8eb6e5,2007/08,2008,18,44,5,1,0,1
336020,1,acd4f5dc,2007/08,2008,24,24,11,0,0,1
336027,1,f0f628c7,2007/08,2008,24,22,14,0,0,2
336028,2,98ae73b1,2007/08,2008,24,22,11,0,0,1
336032,2,96fd40ae,2007/08,2008,23,30,8,0,0,1
336033,2,f0f628c7,2007/08,2008,24,55,3,0,1,1
336035,2,6b8eb6e5,2007/08,2008,24,33,10,0,0,2
336037,1,4ba44e19,2007/08,2008,24,22,8,2,0,1
336037,2,6c6591ab,2007/08,2008,24,28,8,2,0,1
336038,1,e03b66ec,2007/08,2008,24,32,9,0,0,1
336038,2,f0f628c7,2007/08,2008,24,17,16,0,0,3
392181,2,87e562a9,2009,2009,24,27,13,1,0,1
392184,1,c3d1402f,2009,2009,22,22,14,0,0,4
392186,1,5bb1a1c4,2009,2009,24,24,13,0,0,1
392189,1,c3d35165,2009,2009,24,41,7,0,0,1
392191,1,4353bba5,2009,2009,24,31,11,3,0,4
392194,1,9fc0ef64,2009,2009,24,32,9,1,0,1
392196,2,4ba44e19,2009,2009,24,17,11,1,0,1
392198,1,3edb58fc,2009,2009,24,28,11,0,0,2
392199,1,39f01cdb,2009,2009,24,24,10,6,0,1
392201,2,6c6591ab,2009,2009,24,24,6,1,0,1
392202,1,f0f628c7,2009,2009,24,25,10,0,0,2
392205,2,6c6591ab,2009,2009,24,27,9,1,0,1
392208,1,d7a57f75,2009,2009,24,32,12,0,1,3
392210,1,5fa06777,2009,2009,24,40,8,0,0,1
392215,2,a12e1d51,2009,2009,24,30,11,4,0,1
392216,1,6b8eb6e5,2009,2009,24,37,10,0,0,1
392218,2,a12e1d51,2009,2009,24,37,7,5,0,1
392223,2,c404f58a,2009,2009,24,31,10,1,0,1
392224,2,c24a2c5d,2009,2009,12,21,4,1,0,1
392226,2,9fc0ef64,2009,2009,24,42,12,0,0,1
392230,2,ab89348d,2009,2009,24,27,9,0,0,2
392234,1,98ae73b1,2009,2009,12,13,5,0,0,1
392236,2,05c2ca46,2009,2009,24,32,6,2,0,1
392237,2,6b19d823,2009,2009,24,19,13,0,0,3
419107,1,fdcb08c2,2009/10,2010,24,41,6,2,0,2
419107,2,ef5da05c,2009/10,2010,24,46,7,0,0,1
419110,2,bd77eb62,2009/10,2010,18,29,4,0,0,2
419112,1,8fd1a8f5,2009/10,2010,24,36,7,2,0,1
419112,1,86dc8f2e,2009/10,2010,24,39,9,1,0,1
419114,1,6b19d823,2009/10,2010,24,44,6,1,0,1
419117,1,1c914163,2009/10,2010,24,21,11,0,0,2
419118,1,4f629497,2009/10,2010,24,32,6,0,0,2
419118,2,3c6ffae8,2009/10,2010,24,23,10,0,0,2
419121,2,1c914163,2009/10,2010,12,18,4,1,0,1
419122,1,8b5b6769,2009/10,2010,24,17,7,0,0,1
419132,2,2049f3a0,2009/10,2010,24,27,12,3,0,1
419133,1,b2ae53f5,2009/10,2010,24,30,10,1,0,1
419134,2,8ba8195d,2009/10,2010,4,2,2,0,0,1
419136,1,8fd1a8f5,2009/10,2010,24,31,8,1,0,1
419137,2,c3d35165,2009/10,2010,24,56,4,0,0,2
419140,2,ab89348d,2009/10,2010,24,28,8,0,0,1
419142,1,a757b0d8,2009/10,2010,24,27,4,0,0,2
419142,2,c8179c68,2009/10,2010,24,27,8,1,0,1
419142,2,1dc12ab9,2009/10,2010,15,12,5,1,0,1
419151,1,41eb4a4f,2009/10,2010,18,19,7,0,0,1
419151,2,6c6591ab,2009/10,2010,24,22,11,0,0,2
419156,2,5f26df4f,2009/10,2010,13,23,5,1,0,1
419156,2,1c914163,2009/10,2010,12,22,3,0,0,1
419158,2,6ef60d3a,2009/10,2010,12,13,7,2,0,2
419160,1,cc1e8c68,2009/10,2010,24,24,12,1,0,2
419160,2,6c6591ab,2009/10,2010,24,16,11,0,0,2
419165,2,4ba44e19,2009/10,2010,24,17,9,0,0,1
501200,2,6b8eb6e5,2011,2011,18,28,6,1,2,1
501201,2,5bb5a915,2011,2011,24,29,7,3,0,1
501202,2,a45a5e8d,2011,2011,19,27,8,2,0,1
501207,1,5d9a1a73,2011,2011,24,18,13,0,0,1
501208,1,91a4a398,2011,2011,24,32,9,1,0,3
501211,2,495d42a5,2011,2011,24,23,11,2,0,1
501212,1,25eeb281,2011,2011,24,29,9,1,0,4
501216,1,9d80c5e1,2011,2011,18,24,5,0,0,1
501218,1,a12e1d51,2011,2011,24,28,12,2,1,2
501220,2,12eddf28,2011,2011,24,34,7,1,0,1
501224,1,6b19d823,2011,2011,24,14,14,0,0,2
501225,1,7c503806,2011,2011,24,19,10,1,0,1
501225,2,fe93fd9d,2011,2011,18,24,9,0,0,1
501226,1,b552a935,2011,2011,24,29,7,1,0,2
501227,1,91a4a398,2011,2011,24,27,12,2,0,1
501228,1,469ea22b,2011,2011,18,26,7,1,0,1
501232,2,957532de,2011,2011,24,35,10,3,0,1
501233,1,5d096f3d,2011,2011,12,20,5,0,0,1
501236,1,2a72fd4f,2011,2011,18,26,4,0,1,1
501240,1,495d42a5,2011,2011,24,36,7,1,0,1
501240,1,c8179c68,2011,2011,24,22,8,0,0,2
501242,1,1e66c162,2011,2011,24,25,12,1,0,2
501244,1,98ae73b1,2011,2011,24,37,11,0,0,2
501245,1,3c6ffae8,2011,2011,24,25,9,1,0,1
501245,2,495d42a5,2011,2011,18,12,12,1,0,2
501247,1,957532de,2011,2011,24,20,13,1,0,2
501247,1,d7c6af50,2011,2011,24,24,10,0,0,2
501251,2,c18496e1,2011,2011,12,15,3,2,0,1
501256,2,d2340a43,2011,2011,18,27,7,4,0,3
501256,2,6b19d823,2011,2011,24,18,10,0,0,1
501260,2,25eeb281,2011,2011,24,30,6,0,0,1
501265,1,0af3426f,2011,2011,6,6,4,1,0,1
501266,1,66cf56a5,2011,2011,24,35,8,1,0,1
501266,1,ba607b88,2011,2011,6,8,3,1,0,1
501267,1,2af1b6d2,2011,2011,24,32,12,0,0,2
501268,2,66cf56a5,2011,2011,18,32,6,1,1,1
548310,2,16043342,2012,2012,12,11,5,0,0,1
548310,2,4ba44e19,2012,2012,24,25,9,0,0,3
548312,2,29d72eb2,2012,2012,24,23,12,1,0,2
548314,1,a757b0d8,2012,2012,24,33,7,2,0,2
548314,2,6b19d823,2012,2012,24,31,9,0,0,1
548315,1,91a4a398,2012,2012,24,31,12,0,0,2
548316,1,5fa06777,2012,2012,24,25,12,0,0,1
548316,2,495d42a5,2012,2012,20,21,5,0,0,1
548329,1,5bb5a915,2012,2012,24,32,8,1,0,1
548329,1,0a3d54b9,2012,2012,24,30,12,0,0,2
548330,2,45c2196c,2012,2012,18,30,6,0,0,1
548332,2,f708a0bc,2012,2012,24,18,9,0,0,1
548334,2,6c6591ab,2012,2012,18,28,4,5,0,2
548339,2,1a0c3177,2012,2012,24,39,8,1,0,3
548343,2,fd835ab3,2012,2012,6,3,2,0,0,1
548344,2,3c6ffae8,2012,2012,24,19,14,0,0,1
548345,1,e32d22f6,2012,2012,24,25,11,0,0,2
548348,2,0a476045,2012,2012,6,9,3,0,0,1
548349,1,cc1e8c68,2012,2012,24,28,5,1,0,1
548350,1,12eddf28,2012,2012,12,21,5,0,0,1
548352,2,1dc12ab9,2012,2012,6,5,3,0,0,1
548354,2,addfb70e,2012,2012,24,18,13,4,0,2
548356,2,d718440b,2012,2012,18,34,3,1,0,1
548357,2,0a3d54b9,2012,2012,22,20,8,2,0,1
548375,2,33a364a6,2012,2012,18,14,5,0,0,1
548377,1,a12e1d51,2012,2012,24,32,6,0,1,1
548379,2,495d42a5,2012,2012,18,18,5,0,0,1
548380,1,0a3d54b9,2012,2012,24,63,7,3,0,2
598000,2,1c2a64cd,2013,2013,12,21,2,0,0,1
598001,1,96fd40ae,2013,2013,24,35,10,5,0,2
598001,2,557153ca,2013,2013,24,30,6,2,0,3
598002,2,f0f628c7,2013,2013,24,29,12,1,0,3
598006,1,5fa06777,2013,2013,24,37,8,0,0,1
598010,1,5bb1a1c4,2013,2013,24,35,11,2,1,2
598011,2,a757b0d8,2013,2013,18,19,8,1,0,1
598012,1,87e562a9,2013,2013,24,32,6,4,0,1
598016,1,b2b50355,2013,2013,24,39,10,2,0,1
598020,2,759ac88f,2013,2013,18,10,11,2,0,3
598021,1,119678fd,2013,2013,18,19,9,0,0,2
598027,2,c3d1402f,2013,2013,24,20,14,0,0,1
598027,2,41eb4a4f,2013,2013,24,24,10,0,0,1
598028,1,5bb5a915,2013,2013,24,22,12,0,0,1
598028,2,1a0c3177,2013,2013,24,28,12,0,3,1
598031,1,33a364a6,2013,2013,12,17,2,0,0,1
598032,1,bd17b45f,2013,2013,24,25,10,2,0,1
1082593,1,98ae73b1,2017,2017,24,33,7,1,0,1
1082594,1,ce794613,2017,2017,18,26,4,0,0,1
1082598,2,245c97cb,2017,2017,12,22,4,0,0,1
1082600,1,51a3c5ef,2017,2017,24,42,7,0,0,1
1082601,1,94d7f855,2017,2017,12,15,7,0,2,1
1082605,1,ce820073,2017,2017,24,41,10,0,0,1
1082606,1,51a3c5ef,2017,2017,24,24,12,2,0,2
1082613,1,871e9faf,2017,2017,24,44,7,0,0,1
1082613,2,4c5d73db,2017,2017,12,20,3,0,0,1
1082614,1,ded9240e,2017,2017,24,20,9,1,0,2
1082614,2,dbe50b21,2017,2017,18,23,4,2,0,1
1082615,1,acee4cc4,2017,2017,18,23,5,0,1,1
1082616,2,edb3d4f8,2017,2017,24,24,8,0,0,2
1082621,1,871e9faf,2017,2017,24,34,10,1,0,1
1082621,2,76388dc8,2017,2017,18,29,9,0,0,2
1082622,2,e62dd25d,2017,2017,20,20,8,1,0,2
1082628,2,f62772e5,2017,2017,24,17,9,0,0,2
1082631,1,1e66c162,2017,2017,24,28,15,0,0,2
1082631,2,8d2c70ad,2017,2017,24,35,10,0,0,1
1082633,2,2e171977,2017,2017,18,11,7,0,0,3
1082633,2,b681e71e,2017,2017,18,15,5,1,0,2
1082634,1,dcf81436,2017,2017,24,29,8,1,0,4
1082636,1,9d430b40,2017,2017,24,29,8,0,0,2
1082638,2,462411b3,2017,2017,20,23,8,0,0,1
1082641,2,ce820073,2017,2017,24,42,8,4,0,1
1082644,2,dbe50b21,2017,2017,24,22,9,0,0,2
1082647,1,51a3c5ef,2017,2017,24,46,9,4,1,1
1082647,2,1abb78f8,2017,2017,24,37,7,1,0,3
1082648,1,cc1e8c68,2017,2017,24,21,12,3,0,2
1082648,1,56ab442f,2017,2017,24,20,10,0,0,3
1082648,2,ffe699c0,2017,2017,6,9,2,1,0,1
1136567,1,7dc35884,2018,2018,24,34,9,1,0,1
1136568,1,57ee1fde,2018,2018,24,38,5,0,0,1
1136568,2,7d92277a,2018,2018,24,29,10,0,0,1
1136569,1,2a2e6343,2018,2018,18,35,5,0,0,2
1136571,1,4c5d73db,2018,2018,24,47,6,2,0,2
1136572,1,8b5b6769,2018,2018,24,41,8,0,0,1
1136573,2,9d430b40,2018,2018,18,18,6,0,0,3
1136575,1,8d2c70ad,2018,2018,24,23,8,0,0,1
1136575,1,e86754b2,2018,2018,12,19,3,0,1,2
1136576,1,dcf81436,2018,2018,24,33,4,0,0,1
1136578,1,495d42a5,2018,2018,24,33,5,1,0,1
1136579,1,57ee1fde,2018,2018,18,22,9,1,0,2
1136580,1,5f547c8b,2018,2018,24,49,5,0,0,1
1136581,1,1e66c162,2018,2018,24,31,9,0,0,1
1136581,2,5b8c830e,2018,2018,24,33,5,2,0,1
1136581,2,0a8fce53,2018,2018,24,35,6,0,1,1
1136584,2,f62772e5,2018,2018,18,36,7,0,0,1
1136584,2,57ee1fde,2018,2018,24,26,10,2,1,2
1136586,2,eef2536f,2018,2018,24,29,12,1,0,2
1136586,2,6b19d823,2018,2018,24,23,9,0,0,2
1136590,1,0994d0ae,2018,2018,12,22,4,2,1,1
1136598,1,db31895a,2018,2018,18,37,3,0,0,1
1136600,2,90de905a,2018,2018,18,12,9,1,0,2
1136603,1,5574750c,2018,2018,24,42,5,5,1,2
1136604,2,8d2c70ad,2018,2018,12,29,2,1,0,1
1136612,1,fe93fd9d,2018,2018,24,19,10,0,0,1
1136612,2,6b19d823,2018,2018,24,20,12,0,0,2
1136613,1,2f49c897,2018,2018,24,33,6,0,0,1
1136616,2,495d42a5,2018,2018,24,36,5,1,0,2
1136618,1,90de905a,2018,2018,18,15,9,0,0,2
1136619,1,8d2c70ad,2018,2018,24,29,7,0,0,2
1175356,1,fe93fd9d,2019,2019,24,15,14,0,0,2
1175356,1,87e562a9,2019,2019,1,0,1,0,0,1
1175358,1,2e11c706,2019,2019,12,27,2,0,0,1
1175358,2,39a2dfa8,2019,2019,8,12,4,0,0,1
1175359,2,7d92277a,2019,2019,24,31,11,1,0,2
1175364,1,7c7d63a2,2019,2019,24,40,4,2,0,1
1175365,1,f986ca1a,2019,2019,24,40,7,1,1,2
1175367,1,5574750c,2019,2019,24,17,13,0,0,2
1175367,1,1e66c162,2019,2019,24,54,5,3,0,1
1175368,1,e62dd25d,2019,2019,24,32,11,0,0,2
1175368,2,8cf9814c,2019,2019,24,27,12,0,0,2
1175370,1,87e562a9,2019,2019,24,49,5,1,1,1
1175370,2,dbe50b21,2019,2019,24,20,13,1,0,3
1175371,2,2e171977,2019,2019,24,18,9,1,0,1
1178395,2,2f49c897,2019,2019,11,14,4,0,0,1
1178397,1,8cf9814c,2019,2019,24,30,12,0,0,1
1178399,1,dbe50b21,2019,2019,24,57,5,3,0,2
1178402,1,1e66c162,2019,2019,24,36,6,2,0,1
1178406,2,bb351c23,2019,2019,24,18,12,0,0,2
1178409,1,6b19d823,2019,2019,18,18,7,0,0,1
1178412,1,2e171977,2019,2019,18,22,5,0,0,2
1178419,2,462411b3,2019,2019,18,10,11,1,0,2
1178421,2,5bb1a1c4,2019,2019,24,40,8,0,0,1
1178429,1,57ee1fde,2019,2019,24,24,10,1,0,1
1216492,1,23eeb873,2020/21,2021,24,32,7,1,0,2
1216498,2,ffe699c0,2020/21,2021,24,17,12,2,0,3
1216500,1,5d2eea49,2020/21,2021,24,35,8,1,0,1
1216501,1,87e562a9,2020/21,2021,24,37,8,2,0,3
1216501,2,b4f5c2d9,2020/21,2021,18,21,6,0,0,1
1216501,2,bbd41817,2020/21,2021,12,18,5,0,0,1
1216502,1,ce794613,2020/21,2021,24,11,14,0,0,1
1216502,1,9d80c5e1,2020/21,2021,24,35,3,0,0,1
1216502,2,21d4e29b,2020/21,2021,12,30,5,2,0,1
1216508,2,2ed569a0,2020/21,2021,24,26,11,0,0,2
1216510,2,b681e71e,2020/21,2021,12,10,5,0,0,1
1216517,2,462411b3,2020/21,2021,24,24,12,1,0,3
1216524,2,ce794613,2020/21,2021,24,26,11,0,0,2
1216527,2,a1d053dd,2020/21,2021,18,52,8,3,0,1
1216531,1,244048f6,2020/21,2021,12,20,3,1,0,1
1216536,2,ded9240e,2020/21,2021,24,31,10,5,0,2
1216537,2,e2db2409,2020/21,2021,24,43,7,0,0,1
1216540,2,57ee1fde,2020/21,2021,24,12,11,0,0,1
1216547,1,a818c1be,2020/21,2021,24,34,7,0,0,2
1216547,2,f19ccfad,2020/21,2021,24,12,13,0,0,1
1237180,2,e62dd25d,2020/21,2021,24,29,12,2,0,4
1254060,2,bbd41817,2021,2021,18,32,5,1,0,1
1254063,1,0f721006,2021,2021,24,30,13,4,0,3
1254065,2,8cf9814c,2021,2021,24,21,11,0,0,2
1254072,2,e94915e6,2021,2021,24,58,9,1,0,1
1254076,2,1abb78f8,2021,2021,24,11,16,0,0,1
1254083,1,caf69bf7,2021,2021,24,24,11,2,0,1
1254083,1,68c56d09,2021,2021,18,32,7,1,0,2
1254084,2,fe93fd9d,2021,2021,18,29,5,0,0,1
1254093,2,0a8fce53,2021,2021,14,32,6,1,0,1
1254095,1,be869ccf,2021,2021,12,29,3,2,0,1
1254100,1,5f547c8b,2021,2021,24,31,6,1,0,1
1254102,2,9d430b40,2021,2021,24,34,5,2,0,1
1254103,1,f9e6e7ef,2021,2021,12,10,2,0,0,2
1254105,1,2e171977,2021,2021,24,21,9,0,0,2
1254106,2,2f9d0389,2021,2021,24,18,17,0,0,3
1254108,1,462411b3,2021,2021,24,36,11,2,0,3
1254110,2,03806cf8,2021,2021,24,27,10,0,0,1
1254116,1,c38d3503,2021,2021,24,27,9,1,0,1
1254117,2,03806cf8,2021,2021,24,29,10,2,0,2
1304049,1,2ed569a0,2022,2022,24,22,7,1,0,1
1304050,1,5f547c8b,2022,2022,24,27,8,0,0,1
1304050,2,5b8c830e,2022,2022,24,17,11,0,0,1
1304052,1,0a67aec0,2022,2022,23,45,10,0,1,3
1304052,2,9d430b40,2022,2022,24,12,13,0,0,1
1304054,1,9d430b40,2022,2022,24,23,13,3,0,1
1304056,2,5f547c8b,2022,2022,24,30,9,5,0,1
1304060,1,5b7ab5a9,2022,2022,24,32,8,0,0,1
1304062,2,2ed569a0,2022,2022,24,41,6,2,0,1
1304065,2,a2f46292,2022,2022,24,25,13,0,0,3
1304067,1,81c08fa3,2022,2022,24,39,8,5,0,1
1304067,2,dbe50b21,2022,2022,24,27,10,0,0,1
1304068,2,fe93fd9d,2022,2022,24,39,10,0,0,3
1304069,2,7c3b3b78,2022,2022,24,43,9,2,0,1
1304070,1,57ee1fde,2022,2022,24,32,6,1,0,1
1304080,1,a2f46292,2022,2022,24,47,12,1,0,1
1304086,2,81c08fa3,2022,2022,24,25,11,1,0,5
1304088,2,df064e1a,2022,2022,24,41,10,2,1,1
1304090,2,85e0cf10,2022,2022,24,29,11,1,0,1
1304093,1,c38d3503,2022,2022,24,33,7,1,1,1
1304095,2,b681e71e,2022,2022,24,22,8,0,0,2
1304096,2,acdc62f5,2022,2022,24,35,10,3,0,1
1304101,2,bb351c23,2022,2022,24,13,16,0,0,3
1304103,2,8cf9814c,2022,2022,18,5,14,1,0,1
1304104,1,2cdce1be,2022,2022,24,23,9,3,0,2
1304107,2,bbd41817,2022,2022,24,22,14,2,0,3
1304110,1,244048f6,2022,2022,24,37,5,0,1,3
1304110,2,1abb78f8,2022,2022,24,36,10,3,0,4
1304110,2,8d2c70ad,2022,2022,18,14,9,0,0,2
1304112,2,d9273ee7,2022,2022,12,23,4,0,0,3
1304116,1,9eb1455b,2022,2022,24,40,9,1,1,3
1304116,2,e9c7f0d0,2022,2022,24,32,7,1,0,2
1312197,1,c7a995d3,2022,2022,24,43,4,1,0,1
1312197,2,529eb9e0,2022,2022,24,40,4,3,1,1
1312199,1,529eb9e0,2022,2022,24,23,10,1,0,3
1359478,1,e9c7f0d0,2023,2023,24,41,10,0,0,2
1359478,2,a818c1be,2023,2023,24,21,15,0,0,2
1359480,2,e4a0deae,2023,2023,24,21,8,0,0,1
1359483,1,2f49c897,2023,2023,24,44,10,7,1,1
1359485,1,650d5e49,2023,2023,12,18,4,1,1,1
1359486,1,46a9bea1,2023,2023,18,31,8,1,0,2
1359490,1,98ae73b1,2023,2023,24,22,9,0,0,3
1359493,2,81c36ee9,2023,2023,24,37,12,4,2,2
1359495,2,df064e1a,2023,2023,15,18,7,1,0,2
1359496,2,9440ef41,2023,2023,24,27,11,0,0,2
1359498,2,46a9bea1,2023,2023,24,45,8,3,0,3
1359499,1,2e81a32d,2023,2023,24,31,8,0,0,1
1359500,2,eef2536f,2023,2023,24,25,11,0,0,3
1359500,2,d9273ee7,2023,2023,24,28,11,0,0,2
1359501,2,2f49c897,2023,2023,24,21,12,0,0,4
1359504,2,759ac88f,2023,2023,18,17,5,0,0,2
1359505,2,9eb1455b,2023,2023,24,44,5,0,0,1
1359507,1,fa2f1dde,2023,2023,18,44,5,0,1,2
1359509,1,44aac2f0,2023,2023,12,9,7,0,0,1
1359509,1,f6d8a7ab,2023,2023,24,39,7,0,0,1
1359520,1,98ae73b1,2023,2023,24,29,7,0,0,2
1359528,2,54e52590,2023,2023,18,37,7,1,1,2
1359531,1,5f547c8b,2023,2023,24,30,10,0,0,4
1359533,1,5bb1a1c4,2023,2023,18,27,7,0,0,2
1359540,1,a818c1be,2023,2023,24,35,12,1,0,1
1359542,1,5b7ab5a9,2023,2023,24,38,9,0,0,1
1370352,2,759ac88f,2023,2023,14,10,8,0,0,5
1370353,1,64839cb3,2023,2023,24,44,5,2,0,2
1422121,2,bbd41817,2024,2024,12,25,3,0,0,2
1422122,2,495d42a5,2024,2024,24,35,4,5,0,1
1422122,2,ce820073,2024,2024,18,22,5,1,0,1
1422131,2,a2f46292,2024,2024,24,21,14,4,0,2
1422131,2,2cffab74,2024,2024,18,21,8,1,0,3
1422133,2,d9273ee7,2024,2024,6,9,3,5,0,1
1422134,1,3d8feaf8,2024,2024,18,37,4,4,0,1
1422136,1,f9e6e7ef,2024,2024,6,11,3,0,0,1
1426260,1,f24c6701,2024,2024,24,28,13,0,0,1
1426261,1,e62dd25d,2024,2024,24,32,12,1,0,1
1426263,1,3204c99f,2024,2024,24,42,13,3,0,1
1426263,1,4bd09374,2024,2024,24,57,7,3,0,1
1426264,1,2cffab74,2024,2024,24,41,5,1,0,1
1426264,2,df064e1a,2024,2024,24,25,12,0,0,2
1426266,1,bbd41817,2024,2024,6,16,2,0,0,1
1426267,1,dbe50b21,2024,2024,18,43,6,2,0,2
1426267,2,0a8fce53,2024,2024,24,55,5,3,0,1
1426269,1,a818c1be,2024,2024,24,31,11,0,0,1
1426274,1,2f49c897,2024,2024,24,40,9,2,0,1
1426275,2,f986ca1a,2024,2024,18,15,8,0,0,3
1426278,1,efc04be7,2024,2024,18,36,4,1,0,1
1426284,2,fe93fd9d,2024,2024,24,22,8,0,0,1
1426285,1,7c3b3b78,2024,2024,24,29,13,2,1,2
1426287,1,2ed569a0,2024,2024,24,16,9,0,0,2
1426289,1,462411b3,2024,2024,23,18,15,0,0,3
1426293,1,462411b3,2024,2024,24,23,9,1,0,1
1426298,1,98ae73b1,2024,2024,18,28,7,0,0,2
1426298,2,9d430b40,2024,2024,18,21,10,0,0,1
1426302,1,12314277,2024,2024,18,45,5,5,0,1
1426303,2,a818c1be,2024,2024,18,27,7,0,0,1
598044,2,9d80c5e1,2013,2013,12,7,6,0,0,0
598047,1,bd17b45f,2013,2013,12,19,7,1,0,0
598050,1,9d430b40,2013,2013,24,29,10,1,0,0
598051,1,119678fd,2013,2013,12,19,4,1,0,0
598052,2,1a0c3177,2013,2013,24,39,7,2,0,0
598058,2,fe93fd9d,2013,2013,7,9,3,0,0,0
598072,1,f5180fe6,2013,2013,18,23,11,1,0,0
729281,2,2e8994e7,2014,2014,12,10,6,0,0,0
729287,2,6c6591ab,2014,2014,24,37,5,0,0,0
729289,1,9219eff0,2014,2014,12,26,2,2,0,0
729289,2,7dc35884,2014,2014,18,25,5,2,0,0
729303,2,91a4a398,2014,2014,24,31,9,0,0,0
733975,1,d2a989fc,2014,2014,18,18,6,0,0,0
733983,1,3fb19989,2014,2014,24,29,6,1,0,0
733983,2,740742ef,2014,2014,6,6,0,0,0,0
733991,1,1c914163,2014,2014,6,19,1,1,0,0
734013,1,57ee1fde,2014,2014,24,27,9,0,0,0
734017,1,33a364a6,2014,2014,24,39,4,0,0,0
734021,2,3fb19989,2014,2014,22,31,5,1,0,0
734035,1,1dc12ab9,2014,2014,24,27,8,1,0,0
734037,1,cc1e8c68,2014,2014,18,32,6,1,0,0
734047,1,fe93fd9d,2014,2014,24,48,4,1,0,0
829711,1,119678fd,2015,2015,24,51,7,0,0,0
829719,2,f986ca1a,2015,2015,12,23,3,1,0,0
829719,2,2af1b6d2,2015,2015,24,41,11,5,2,0
829725,1,1c914163,2015,2015,6,9,0,1,0,0
829729,1,fe93fd9d,2015,2015,24,49,8,2,0,0
829743,1,7c503806,2015,2015,24,26,8,1,0,0
829747,1,8b5b6769,2015,2015,24,34,5,0,0,0
829757,2,2e8994e7,2015,2015,6,7,2,0,0,0
829765,2,1dc12ab9,2015,2015,18,12,8,1,0,0
829767,2,ce820073,2015,2015,18,10,12,0,0,0
829773,1,b2b23612,2015,2015,12,28,2,1,0,0
829775,1,2e171977,2015,2015,18,24,3,0,0,0
829775,2,51a3c5ef,2015,2015,24,25,7,1,0,0
829785,1,1647bd37,2015,2015,12,41,1,2,0,0
829793,1,6b19d823,2015,2015,18,34,2,0,0,0
829797,2,96fd40ae,2015,2015,24,29,10,0,0,0
829807,1,57ee1fde,2015,2015,12,34,1,0,0,0
829809,2,69be866a,2015,2015,17,30,4,0,0,0
829813,1,aa8d28ae,2015,2015,24,39,2,0,0,0
829815,2,e938e1bc,2015,2015,12,13,6,2,0,0
829817,1,495d42a5,2015,2015,18,22,9,0,0,0
829819,1,24d94623,2015,2015,18,28,6,0,0,0
980903,2,fb66ce1f,2016,2016,24,21,13,1,0,0
980905,2,2e171977,2016,2016,12,17,2,1,0,0
980907,2,f986ca1a,2016,2016,24,33,10,1,0,0
980921,1,fb66ce1f,2016,2016,24,29,8,0,0,0
980921,2,f986ca1a,2016,2016,18,32,4,0,0,0
980937,2,85aae393,2016,2016,24,41,5,1,0,0
980941,2,5b8c830e,2016,2016,12,20,1,0,0,0
980941,2,a757b0d8,2016,2016,12,25,0,0,0,0
980963,1,ce820073,2016,2016,24,25,9,3,0,0
980963,1,6eb146d2,2016,2016,6,8,1,0,0,0
980967,1,96fd40ae,2016,2016,24,23,13,0,0,0
980967,2,1da489ff,2016,2016,24,25,9,1,0,0
980969,1,bd17b45f,2016,2016,12,17,4,0,0,0
980971,2,759ac88f,2016,2016,24,21,12,0,0,0
980975,1,87e562a9,2016,2016,24,39,8,2,0,0
980977,1,69be866a,2016,2016,18,15,6,0,0,0
980981,2,4329fbb5,2016,2016,18,38,6,3,0,0
981001,2,3c6ffae8,2016,2016,6,6,3,0,0,0
981003,1,81049310,2016,2016,24,37,8,0,0,0
981019,2,32198ae0,2016,2016,18,40,5,0,0,0
1426305,2,e84ac20c,2024,2024,12,24,4,2,0,0
1426306,1,f24c6701,2024,2024,24,25,11,1,0,0
1426309,2,aad0c365,2024,2024,6,13,1,0,0,0
1426311,1,495d42a5,2024,2024,24,43,4,0,0,0
1426312,2,6a26221c,2024,2024,6,5,2,0,0,0
1473438,2,83c3e8e3,2025,2025,14,31,6,0,0,0
1473440,2,fffa744b,2025,2025,18,12,7,0,0,0
1473455,1,d9273ee7,2025,2025,24,48,3,0,0,0
1473461,2,5b8c830e,2025,2025,12,19,1,0,0,0
1473462,2,a2f46292,2025,2025,18,40,8,2,0,0
1473463,2,c7a995d3,2025,2025,9,35,0,0,0,0
1473466,2,a818c1be,2025,2025,12,21,5,5,0,0
1473469,2,85b3fab2,2025,2025,6,12,2,0,0,0
1473470,2,8cf9814c,2025,2025,18,28,6,0,0,0
1473473,2,13fc5c6d,2025,2025,24,30,7,0,0,0
1473473,2,df064e1a,2025,2025,18,19,7,1,0,0
1473474,1,03806cf8,2025,2025,24,39,6,0,0,0
1473474,2,3b53243a,2025,2025,18,28,8,0,0,0
1473476,1,9d430b40,2025,2025,24,36,4,0,1,0
1473484,1,a97c8ec2,2025,2025,24,39,5,1,0,0
1473487,1,5574750c,2025,2025,24,42,6,0,0,0
1473488,2,c7a995d3,2025,2025,4,1,2,0,0,0
1473492,1,f29185a1,2025,2025,6,5,2,0,0,0
1473495,1,2e171977,2025,2025,12,25,2,0,0,0
1473495,1,8d2c70ad,2025,2025,12,29,1,1,0,0
1473499,1,36619795,2025,2025,12,22,0,1,0,0
1473500,2,64839cb3,2025,2025,13,22,3,1,0,0
1473505,2,aad0c365,2025,2025,6,6,1,1,0,0
1527677,2,2f49c897,2026,2026,12,15,6,0,0,0
1527687,1,2e171977,2026,2026,18,32,2,1,0,0
1527689,2,2e81a32d,2026,2026,24,37,9,0,0,0
1527691,1,ce794613,2026,2026,24,54,3,1,0,0
1529264,2,7b44eb3e,2026,2026,18,28,5,0,0,0
1529273,1,f19ccfad,2026,2026,6,13,1,0,0,0
1529276,1,e48a4814,2026,2026,12,31,5,0,0,0
1529277,1,5b8c830e,2026,2026,24,50,4,1,0,0
1529279,1,7b44eb3e,2026,2026,12,31,3,0,0,0
1529280,1,0f721006,2026,2026,24,22,13,1,0,0
1529288,2,f986ca1a,2026,2026,12,17,2,1,0,0
1529290,1,23eeb873,2026,2026,24,43,5,2,0,0
1529294,2,2cffab74,2026,2026,2,7,0,0,0,0
1529296,2,8cf9814c,2026,2026,24,37,6,0,0,0
1529297,1,5b8c830e,2026,2026,18,26,1,1,0,0
1529297,2,9caf69a1,2026,2026,12,13,3,1,0,0
1529300,2,11061889,2026,2026,13,21,5,0,0,0
1529300,2,e4cdf230,2026,2026,18,36,3,6,0,0
1529305,2,02dfebbe,2026,2026,24,29,5,1,0,0
1529309,2,12314277,2026,2026,12,24,4,2,0,0
335984,2,f0f628c7,2007/08,2008,18,25,10,0,0,0
335987,2,98ae73b1,2007/08,2008,12,27,4,0,0,0
335993,1,4ba44e19,2007/08,2008,24,12,14,3,0,0
335998,1,e938e1bc,2007/08,2008,24,24,7,0,0,0
336005,2,ae78bc32,2007/08,2008,18,25,7,0,0,0
336008,2,64d43928,2007/08,2008,19,13,13,4,0,0
336013,1,2498e163,2007/08,2008,24,36,6,2,0,0
336014,1,57efa3be,2007/08,2008,18,28,9,0,0,0
336015,1,bb18be76,2007/08,2008,24,47,6,0,0,0
336016,2,ba607b88,2007/08,2008,6,9,0,0,0,0
336020,1,0dc00542,2007/08,2008,6,18,0,0,0,0
336028,2,5fa06777,2007/08,2008,24,37,8,2,0,0
336031,2,acd4f5dc,2007/08,2008,12,24,5,0,0,0
336032,2,f233bbb4,2007/08,2008,24,35,4,0,0,0
336033,1,4ba44e19,2007/08,2008,24,31,7,1,0,0
336035,1,fd835ab3,2007/08,2008,24,36,7,0,0,0
336036,2,88fccd6c,2007/08,2008,24,26,9,1,0,0
336040,2,b2b50355,2007/08,2008,24,42,7,2,0,0
392184,2,5bb1a1c4,2009,2009,18,13,13,0,0,0
392196,2,ae78bc32,2009,2009,6,20,1,1,0,0
392200,1,d2c2b2d5,2009,2009,6,7,0,1,0,0
392204,1,5d096f3d,2009,2009,6,8,1,0,0,0
392206,1,5bdcdb72,2009,2009,18,23,4,0,0,0
392213,2,41eb4a4f,2009,2009,6,9,3,1,0,0
392215,2,d2c2b2d5,2009,2009,6,19,1,0,0,0
392217,1,1dc12ab9,2009,2009,18,21,5,0,0,0
392219,1,33a364a6,2009,2009,6,13,0,0,0,0
392219,2,abfeb126,2009,2009,24,20,7,0,0,0
392225,1,2e8994e7,2009,2009,18,17,7,0,0,0
392226,2,d7c6af50,2009,2009,19,15,10,0,0,0
392227,1,c8179c68,2009,2009,18,26,3,0,0,0
392230,1,fe93fd9d,2009,2009,12,13,2,0,0,0
392230,1,c69a7b5c,2009,2009,6,10,1,0,0,0
392230,2,5bdcdb72,2009,2009,6,10,1,0,0,0
392231,1,fa463154,2009,2009,24,45,5,5,0,0
392232,1,ba607b88,2009,2009,12,12,4,1,0,0
392235,1,6b19d823,2009,2009,24,42,4,0,1,0
419106,1,bd77eb62,2009/10,2010,24,26,6,2,0,0
419111,2,2815fe50,2009/10,2010,1,2,0,0,0,0
419122,1,a12e1d51,2009/10,2010,24,28,7,2,0,0
419122,1,87e562a9,2009/10,2010,24,36,5,2,0,0
419127,1,7ca5e05d,2009/10,2010,12,18,2,0,0,0
419129,2,287686fd,2009/10,2010,18,49,2,1,0,0
419129,2,864c199e,2009/10,2010,6,8,1,0,0,0
419132,2,a1f1829d,2009/10,2010,6,7,1,0,0,0
419133,1,c3d35165,2009/10,2010,24,40,2,0,0,0
419136,2,98ae73b1,2009/10,2010,12,22,2,0,0,0
419144,2,896d78ad,2009/10,2010,18,43,2,0,0,0
419144,2,725529bc,2009/10,2010,6,12,0,1,0,0
419145,1,2a72fd4f,2009/10,2010,6,13,3,2,0,0
419145,1,c3d1402f,2009/10,2010,24,38,8,1,0,0
419149,1,5d096f3d,2009/10,2010,24,25,17,11,0,0
419149,2,ab89348d,2009/10,2010,12,16,3,0,0,0
419155,2,1dc12ab9,2009/10,2010,18,15,9,0,0,0
419158,2,3c6ffae8,2009/10,2010,18,32,4,3,0,0
419162,2,91a4a398,2009/10,2010,24,34,8,0,0,0
419164,2,bd77eb62,2009/10,2010,18,17,7,0,0,0
501199,1,7c503806,2011,2011,24,31,6,0,0,0
501199,2,6c6591ab,2011,2011,23,44,3,0,0,0
501204,1,7c503806,2011,2011,24,36,9,0,0,0
501205,1,ef5da05c,2011,2011,24,26,7,0,0,0
501206,2,c8179c68,2011,2011,13,28,0,0,0,0
501209,2,bb18be76,2011,2011,24,28,9,0,0,0
501213,2,dddca1d6,2011,2011,18,38,4,2,0,0
501215,2,c8179c68,2011,2011,18,30,4,0,0,0
501216,1,5bb5a915,2011,2011,24,31,7,1,0,0
501224,1,8fd1a8f5,2011,2011,24,39,8,0,0,0
501224,2,8b5b6769,2011,2011,24,27,8,0,0,0
501225,2,c3d1402f,2011,2011,12,11,4,0,0,0
501228,1,1dc12ab9,2011,2011,18,16,8,0,0,0
501229,1,b2570b38,2011,2011,6,4,2,0,0,0
501234,2,98ae73b1,2011,2011,20,29,7,4,0,0
501238,2,fa463154,2011,2011,18,18,7,0,0,0
501239,2,3c6ffae8,2011,2011,18,19,4,1,0,0
501241,1,dddca1d6,2011,2011,18,22,5,1,0,0
501242,1,85aae393,2011,2011,12,16,3,0,0,0
501243,2,5451a2c1,2011,2011,6,20,1,0,0,0
501246,1,fa463154,2011,2011,24,31,7,0,0,0
501251,1,a757b0d8,2011,2011,12,11,2,0,0,0
501252,2,7c503806,2011,2011,24,42,7,0,0,0
501252,2,e32d22f6,2011,2011,12,23,3,0,0,0
501254,2,41eb4a4f,2011,2011,18,28,8,1,0,0
501255,2,b2b50355,2011,2011,8,10,5,4,0,0
501263,2,f0f628c7,2011,2011,18,23,5,1,0,0
501263,2,8b5b6769,2011,2011,12,27,5,1,0,0
501271,1,91a4a398,2011,2011,24,30,7,0,0,0
548306,1,2af1b6d2,2012,2012,12,17,5,1,0,0
548313,2,abfeb126,2012,2012,18,23,4,1,1,0
548316,2,87e562a9,2012,2012,6,5,3,0,0,0
548318,2,7d3720ba,2012,2012,12,35,0,0,0,0
548319,1,1a0c3177,2012,2012,24,18,10,0,0,0
548329,1,9d80c5e1,2012,2012,24,39,5,0,0,0
548329,2,2f3817ce,2012,2012,22,43,10,0,1,0
548329,2,6b19d823,2012,2012,24,44,4,0,1,0
548330,1,896d78ad,2012,2012,6,12,1,0,0,0
548333,2,5d9a1a73,2012,2012,12,20,3,0,0,0
548337,1,9d80c5e1,2012,2012,24,22,8,0,0,0
548341,1,96fd40ae,2012,2012,24,29,4,0,0,0
548346,2,2a2e6343,2012,2012,18,14,10,2,0,0
548353,2,3c6ffae8,2012,2012,12,23,5,1,0,0
548354,1,1a0c3177,2012,2012,24,34,6,2,0,0
548356,1,c64c2443,2012,2012,18,27,4,0,0,0
548374,2,e938e1bc,2012,2012,24,33,14,5,0,0
548381,1,85aae393,2012,2012,6,9,2,0,0,0
598005,1,86dc8f2e,2013,2013,24,28,5,0,1,0
598006,1,cc1e8c68,2013,2013,18,28,7,3,0,0
598008,2,9fc0ef64,2013,2013,12,34,3,2,1,0
598011,1,5d9a1a73,2013,2013,24,27,11,0,0,0
598013,2,b2b50355,2013,2013,24,30,4,0,0,0
598016,1,33a364a6,2013,2013,24,30,1,0,0,0
598023,2,99b202b3,2013,2013,24,21,10,0,0,0
598026,2,557153ca,2013,2013,24,49,3,0,0,0
598026,2,4329fbb5,2013,2013,11,21,1,0,0,0
598031,1,9d430b40,2013,2013,24,22,9,0,0,0
598031,2,98ae73b1,2013,2013,24,33,6,0,0,0
598034,2,fe93fd9d,2013,2013,12,13,5,0,0,0
598036,1,99b202b3,2013,2013,24,39,5,0,0,0
598039,1,0f12f9df,2013,2013,24,37,9,2,1,0
1082598,1,d9273ee7,2017,2017,18,28,2,1,0,0
1082599,2,8abdf100,2017,2017,6,10,2,0,0,0
1082606,1,5b8c830e,2017,2017,18,18,4,0,0,0
1082616,2,d9273ee7,2017,2017,6,12,0,1,0,0
1082622,1,4c5d73db,2017,2017,18,20,5,0,0,0
1082626,2,8cf9814c,2017,2017,12,19,6,1,0,0
1082629,2,fe93fd9d,2017,2017,12,19,7,0,0,0
1082631,1,1abb78f8,2017,2017,18,21,6,0,0,0
1082635,2,dbe50b21,2017,2017,6,2,4,0,0,0
1082643,2,f0f628c7,2017,2017,18,22,3,0,0,0
1082645,2,ce820073,2017,2017,12,12,5,1,0,0
1136561,1,87e562a9,2018,2018,24,25,8,0,0,0
1136566,2,d2a989fc,2018,2018,6,4,2,1,0,0
1136567,2,5b8c830e,2018,2018,12,10,3,0,0,0
1136569,2,462411b3,2018,2018,24,27,9,0,0,0
1136569,2,a9fd84fb,2018,2018,18,42,2,0,0,0
1136571,1,fa2f1dde,2018,2018,18,40,4,1,0,0
1136577,2,fe93fd9d,2018,2018,6,6,1,0,0,0
1136579,1,2f49c897,2018,2018,24,35,9,2,0,0
1136585,2,dcf81436,2018,2018,24,25,8,0,0,0
1136586,2,39a2dfa8,2018,2018,6,11,3,0,0,0
1136587,2,4329fbb5,2018,2018,24,41,8,1,0,0
1136588,2,7dc35884,2018,2018,24,30,4,0,0,0
1136589,2,57ee1fde,2018,2018,24,29,10,0,0,0
1136591,2,57ee1fde,2018,2018,24,23,12,7,0,0
1136593,2,4329fbb5,2018,2018,12,19,6,1,0,0
1136593,2,87e562a9,2018,2018,10,22,2,2,0,0
1136595,1,87e562a9,2018,2018,12,17,3,0,0,0
1136599,1,94d7f855,2018,2018,6,8,2,1,0,0
1136600,1,2e171977,2018,2018,18,24,7,0,0,0
1136600,1,495d42a5,2018,2018,24,34,4,0,0,0
1136605,1,13c35c9e,2018,2018,24,41,7,2,1,0
1136608,1,13c35c9e,2018,2018,12,19,6,0,0,0
1136609,2,90de905a,2018,2018,12,32,1,0,0,0
1136611,2,cc1e8c68,2018,2018,24,31,10,0,0,0
1136611,2,94d7f855,2018,2018,12,34,0,0,0,0
1136613,1,13c35c9e,2018,2018,24,37,4,1,0,0
1136614,1,98ae73b1,2018,2018,12,19,2,0,0,0
1136614,2,ce820073,2018,2018,12,30,4,2,0,0
1136615,1,dbe50b21,2018,2018,24,36,7,1,0,0
1136618,2,9d430b40,2018,2018,24,39,9,1,0,0
1136620,2,2e81a32d,2018,2018,24,17,16,0,0,0
1136620,2,5f547c8b,2018,2018,24,24,7,0,0,0
1175361,1,495d42a5,2019,2019,24,47,5,1,0,0
1175361,2,9d430b40,2019,2019,12,26,3,0,0,0
1175363,1,dcf81436,2019,2019,24,32,7,1,1,0
1175364,1,495d42a5,2019,2019,24,26,8,1,0,0
1175369,1,bd17b45f,2019,2019,6,6,1,0,0,0
1178393,1,8cf9814c,2019,2019,24,41,6,1,0,0
1178396,1,98ae73b1,2019,2019,24,19,13,0,0,0
1178399,1,2ed569a0,2019,2019,24,27,12,0,0,0
1178400,2,7a8bd078,2019,2019,24,31,3,0,0,0
1178410,1,98ae73b1,2019,2019,6,10,1,0,0,0
1178412,1,d014d5ac,2019,2019,6,5,1,0,0,0
1178413,2,e412cb64,2019,2019,12,16,2,1,0,0
1178418,2,e342e5fb,2019,2019,12,16,6,3,0,0
1178420,2,dcf81436,2019,2019,24,48,7,2,0,0
1178426,1,871e9faf,2019,2019,24,40,5,0,1,0
1178427,2,244048f6,2019,2019,12,24,3,0,0,0
1178428,1,75224f22,2019,2019,19,15,8,1,0,0
1216505,2,57ee1fde,2020/21,2021,24,29,4,0,0,0
1216507,1,39a2dfa8,2020/21,2021,24,35,8,1,0,0
1216507,1,e087956b,2020/21,2021,6,7,2,0,0,0
1216507,2,0994d0ae,2020/21,2021,18,22,3,2,0,0
1216510,2,9219eff0,2020/21,2021,12,13,5,1,0,0
1216514,1,14f96089,2020/21,2021,18,27,3,0,0,0
1216515,1,9d430b40,2020/21,2021,12,26,1,0,0,0
1216518,1,ce820073,2020/21,2021,24,31,8,0,0,0
1216521,2,acee4cc4,2020/21,2021,18,22,5,0,0,0
1216521,2,1abb78f8,2020/21,2021,14,26,4,0,0,0
1216524,1,2e171977,2020/21,2021,24,36,6,1,0,0
1216525,2,21d4e29b,2020/21,2021,24,18,16,3,0,0
1216527,1,7a8bd078,2020/21,2021,24,44,4,1,0,0
1216533,2,e94915e6,2020/21,2021,6,6,1,0,0,0
1216534,1,ce820073,2020/21,2021,24,36,7,0,0,0
1216537,2,244048f6,2020/21,2021,18,34,3,0,0,0
1216538,1,d027ba9f,2020/21,2021,12,24,0,0,0,0
1216541,2,462411b3,2020/21,2021,24,38,5,1,0,0
1216542,1,7d92277a,2020/21,2021,24,39,6,0,0,0
1237178,2,a4e37e47,2020/21,2021,6,7,2,0,0,0
1237181,2,ed5a5510,2020/21,2021,18,29,5,0,0,0
1254058,2,2ed569a0,2021,2021,24,43,4,0,0,0
1254059,2,23eeb873,2021,2021,24,36,8,0,0,0
1254062,2,81c36ee9,2021,2021,12,17,5,0,0,0
1254064,2,d9273ee7,2021,2021,6,15,0,0,0,0
1254066,1,2e81a32d,2021,2021,24,45,6,0,0,0
1254073,2,7a8bd078,2021,2021,18,35,6,0,0,0
1254080,1,1abb78f8,2021,2021,24,44,4,1,0,0
1254080,2,ce820073,2021,2021,21,24,8,1,0,0
1254081,2,39a2dfa8,2021,2021,18,30,3,1,0,0
1254082,2,9d430b40,2021,2021,24,36,6,1,0,0
1254084,1,9219eff0,2021,2021,12,26,3,0,0,0
1254085,1,2e81a32d,2021,2021,24,37,7,1,0,0
1254086,1,d9273ee7,2021,2021,6,6,0,0,0,0
1254086,2,df064e1a,2021,2021,24,42,7,0,0,0
1254089,1,a9fd84fb,2021,2021,18,26,4,0,0,0
1254091,2,f29185a1,2021,2021,12,9,6,0,0,0
1254097,1,da934ee8,2021,2021,6,5,4,0,0,0
1254098,2,a24be938,2021,2021,6,5,2,0,0,0
1254102,1,b52ffbbd,2021,2021,24,38,5,0,0,0
1254102,2,13c35c9e,2021,2021,24,40,5,1,0,0
1254103,2,39a2dfa8,2021,2021,18,23,4,0,0,0
1254103,2,04a418e8,2021,2021,1,4,0,0,0,0
1254104,1,5b8c830e,2021,2021,12,27,2,5,0,0
1254105,1,eef2536f,2021,2021,24,27,12,2,1,0
1254105,1,495d42a5,2021,2021,17,22,4,1,1,0
1254105,2,ce820073,2021,2021,18,26,8,0,0,0
1304050,2,c33d8116,2022,2022,12,18,4,0,0,0
1304058,1,81c08fa3,2022,2022,18,39,4,0,0,0
1304058,2,7c7d63a2,2022,2022,24,39,5,1,0,0
1304059,2,495d42a5,2022,2022,24,39,9,3,1,0
1304063,2,bb351c23,2022,2022,6,10,1,0,0,0
1304073,1,0a8fce53,2022,2022,24,48,8,1,0,0
1304075,2,bb351c23,2022,2022,12,17,3,0,0,0
1304076,1,5b7ab5a9,2022,2022,12,30,1,1,0,0
1304079,2,0c9652b0,2022,2022,24,23,11,1,0,0
1304085,2,a818c1be,2022,2022,18,20,8,0,0,0
1304085,2,eade4650,2022,2022,6,7,1,1,0,0
1304089,2,b681e71e,2022,2022,6,10,2,0,0,0
1304091,1,0a8fce53,2022,2022,24,37,6,2,0,0
1304091,1,2cdce1be,2022,2022,24,44,4,3,0,0
1304095,1,30df8c66,2022,2022,12,21,6,1,0,0
1304108,2,765a4731,2022,2022,18,28,5,0,0,0
1304111,2,ce794613,2022,2022,24,60,4,2,0,0
1304114,2,64839cb3,2022,2022,22,28,10,8,0,0
1304116,1,244048f6,2022,2022,24,25,10,0,0,0
1312197,2,57ee1fde,2022,2022,24,32,5,0,0,0
1359475,2,e4a0deae,2023,2023,24,32,7,0,0,0
1359477,2,90de905a,2023,2023,24,23,9,1,0,0
1359478,2,798cc28e,2023,2023,18,15,9,1,0,0
1359484,2,6a26221c,2023,2023,12,14,5,0,0,0
1359486,2,0c9652b0,2023,2023,12,19,4,0,0,0
1359489,1,5b8c830e,2023,2023,24,35,4,0,0,0
1359491,2,2e78f685,2023,2023,12,8,3,0,0,0
1359496,1,44aac2f0,2023,2023,12,17,5,1,0,0
1359504,2,dbe50b21,2023,2023,6,7,2,0,0,0
1359507,1,cc1e8c68,2023,2023,18,35,7,0,0,0
1359508,2,3d8feaf8,2023,2023,12,16,3,0,1,0
1359509,2,8cf9814c,2023,2023,24,18,14,1,0,0
1359514,1,8d2c70ad,2023,2023,18,27,4,0,0,0
1359517,2,da934ee8,2023,2023,6,4,2,0,0,0
1359518,1,dbe50b21,2023,2023,6,10,3,0,1,0
1359520,1,f6d8a7ab,2023,2023,18,24,2,3,0,0
1359522,1,759ac88f,2023,2023,5,5,0,0,0,0
1359528,1,4bd09374,2023,2023,12,23,1,0,1,0
1359536,1,6a26221c,2023,2023,6,13,0,0,0,0
1359536,1,f29185a1,2023,2023,6,13,2,1,0,0
1359537,1,4bd09374,2023,2023,24,30,6,2,0,0
1359537,2,c0c411cb,2023,2023,24,37,8,0,1,0
1359541,1,8d2c70ad,2023,2023,18,34,2,0,0,0
1359543,2,1b7b0fa7,2023,2023,6,19,1,1,1,0
1422121,1,f9e6e7ef,2024,2024,6,14,2,0,1,0
1422126,1,107c26fb,2024,2024,24,66,6,3,0,0
1422129,1,f986ca1a,2024,2024,24,45,5,4,0,0
1422138,1,ad427b5c,2024,2024,6,15,1,0,0,0
1422139,1,83c3e8e3,2024,2024,24,32,11,1,0,0
1426263,1,dbe50b21,2024,2024,6,13,2,2,0,0
1426273,1,ad427b5c,2024,2024,12,41,1,0,0,0
1426275,1,cdc6bdba,2024,2024,6,21,2,0,1,0
1426275,1,7dcb9bc9,2024,2024,6,7,1,0,0,0
1426276,2,62af8546,2024,2024,18,30,5,0,0,0
1426277,2,1abb78f8,2024,2024,18,42,0,1,0,0
1426279,1,f9e6e7ef,2024,2024,18,14,7,0,0,0
1426280,2,327b58d3,2024,2024,18,48,5,1,0,0
1426280,2,e4cdf230,2024,2024,12,36,2,0,0,0
1426282,1,57ee1fde,2024,2024,24,41,3,1,0,0
1426283,2,8f6dd463,2024,2024,12,18,6,0,0,0
1426285,1,bbd41817,2024,2024,6,10,3,0,0,0
1426287,2,23eeb873,2024,2024,2,4,1,0,0,0
1426288,1,495d42a5,2024,2024,24,36,10,1,0,0
1426294,1,eef2536f,2024,2024,12,42,0,0,0,0
1426299,1,1abb78f8,2024,2024,24,32,6,0,0,0
1426302,1,5b8c830e,2024,2024,12,20,3,1,0,0
598041,2,87e562a9,2013,2013,24,34,6,0,0,3
598044,2,9868bc75,2013,2013,18,16,8,0,0,1
598049,1,808f425a,2013,2013,24,38,7,1,0,1
598049,2,dcf81436,2013,2013,23,23,9,0,0,1
598051,2,fb66ce1f,2013,2013,12,24,3,1,0,1
598052,2,c18496e1,2013,2013,24,21,11,0,0,1
598053,1,2e81a32d,2013,2013,24,25,10,1,0,3
598057,1,b2b50355,2013,2013,24,22,11,1,0,2
598060,2,119678fd,2013,2013,18,22,8,1,0,2
598063,1,808f425a,2013,2013,24,32,8,1,0,2
598066,2,e938e1bc,2013,2013,18,15,10,1,0,1
598068,1,759ac88f,2013,2013,6,14,2,1,0,1
598071,2,c03c6200,2013,2013,20,27,7,0,0,2
598072,1,a757b0d8,2013,2013,6,6,3,0,0,2
729285,2,8fd1a8f5,2014,2014,24,29,11,0,0,2
729287,1,c3d35165,2014,2014,18,23,9,5,1,1
729287,2,91a4a398,2014,2014,24,21,12,1,0,2
729293,1,9219eff0,2014,2014,24,29,7,1,0,1
729297,2,e0407c01,2014,2014,24,22,14,0,0,1
729297,2,759ac88f,2014,2014,12,13,4,0,0,1
729299,1,3fb19989,2014,2014,24,33,8,1,0,2
729301,1,9d80c5e1,2014,2014,24,24,12,1,0,1
729303,2,6c6591ab,2014,2014,24,25,14,0,0,1
729313,1,ce820073,2014,2014,18,15,12,0,0,3
729317,2,2e81a32d,2014,2014,24,17,16,3,0,2
733975,1,dfc4d8b5,2014,2014,24,39,8,1,0,1
733981,2,3a60e0b5,2014,2014,24,25,11,0,0,1
733989,1,6aed7e79,2014,2014,24,21,7,1,0,1
733989,2,2e81a32d,2014,2014,24,14,17,2,0,4
733989,2,32198ae0,2014,2014,12,11,5,0,0,1
734001,2,2e81a32d,2014,2014,24,21,12,0,0,2
734005,2,57ee1fde,2014,2014,24,45,7,0,0,1
734007,1,6f49cc6e,2014,2014,24,31,11,0,0,1
734011,2,bd17b45f,2014,2014,12,14,4,0,0,1
734023,2,fe93fd9d,2014,2014,18,23,5,0,0,1
734027,2,9d430b40,2014,2014,24,20,9,0,0,4
734031,2,8b5b6769,2014,2014,24,30,10,0,0,1
734033,1,808f425a,2014,2014,18,39,5,0,1,1
734037,1,5bb5a915,2014,2014,24,32,15,6,0,1
734037,1,4ec07775,2014,2014,6,7,4,0,0,1
734047,1,495d42a5,2014,2014,24,44,6,4,0,1
734049,1,98ae73b1,2014,2014,24,44,7,0,0,2
734049,2,f5180fe6,2014,2014,24,41,8,2,0,2
829707,1,acee4cc4,2015,2015,24,27,8,0,0,1
829709,2,808f425a,2015,2015,24,26,10,0,0,3
829717,1,4125d931,2015,2015,24,41,5,1,0,1
829717,2,ce820073,2015,2015,24,12,14,0,0,1
829723,1,ded9240e,2015,2015,24,54,6,6,0,1
829729,2,a12e1d51,2015,2015,24,40,9,3,1,1
829747,1,a12e1d51,2015,2015,24,23,11,2,1,1
829747,1,462411b3,2015,2015,24,55,5,0,0,1
829749,1,57ee1fde,2015,2015,19,25,7,0,0,2
829761,1,1c914163,2015,2015,12,14,3,0,0,1
829761,2,f708a0bc,2015,2015,18,27,5,0,0,1
829765,1,bbd41817,2015,2015,24,26,11,6,0,2
829773,1,87e562a9,2015,2015,24,25,11,0,0,3
829777,1,56ab442f,2015,2015,24,38,7,0,0,1
829777,2,d2a989fc,2015,2015,24,43,8,3,0,2
829779,2,87e562a9,2015,2015,22,17,12,0,0,2
829783,1,a12e1d51,2015,2015,24,33,11,0,0,2
829783,1,4125d931,2015,2015,18,24,6,0,0,1
829783,2,6b19d823,2015,2015,24,25,7,2,0,1
829787,2,32198ae0,2015,2015,18,29,6,1,0,1
829799,1,6eb146d2,2015,2015,18,27,6,0,0,1
829801,1,c3d35165,2015,2015,18,21,7,0,0,2
829807,2,32198ae0,2015,2015,6,3,4,1,0,2
829811,2,808f425a,2015,2015,24,45,6,4,0,1
980913,2,2e171977,2016,2016,18,25,6,0,0,1
980915,2,0a8fce53,2016,2016,24,29,7,1,0,1
980921,2,957532de,2016,2016,18,32,5,6,0,1
980923,1,d8b2f218,2016,2016,24,28,12,4,0,3
980925,2,9a0146b3,2016,2016,24,18,10,0,0,2
980939,2,c3d35165,2016,2016,18,36,5,3,0,2
980939,2,0f12f9df,2016,2016,21,28,8,0,0,2
980941,1,ce820073,2016,2016,24,20,13,1,0,1
980945,2,87e562a9,2016,2016,24,40,7,1,0,1
980945,2,808f425a,2016,2016,12,23,3,0,0,1
980955,1,e938e1bc,2016,2016,17,25,7,0,0,2
980955,1,1da489ff,2016,2016,24,20,10,1,0,3
980955,2,ce820073,2016,2016,24,31,11,1,0,1
980957,1,462411b3,2016,2016,24,29,9,0,0,3
980967,1,2e81a32d,2016,2016,24,28,11,0,0,2
980967,1,0a8fce53,2016,2016,24,17,14,0,0,2
980971,1,fb66ce1f,2016,2016,24,30,7,1,0,2
980975,1,35205dfc,2016,2016,12,14,5,1,0,1
980977,1,edb3d4f8,2016,2016,18,16,5,0,0,2
980993,2,41eb4a4f,2016,2016,24,33,10,0,0,1
981003,1,56ab442f,2016,2016,24,36,7,0,0,1
981009,1,d8b2f218,2016,2016,24,31,6,1,0,1
981009,1,73ad96ed,2016,2016,12,16,3,0,0,2
981011,2,fb66ce1f,2016,2016,18,31,9,5,0,1
981017,1,2e81a32d,2016,2016,24,27,9,2,0,2
981017,1,c18496e1,2016,2016,18,21,8,0,0,1
1426305,2,c0c411cb,2024,2024,24,50,8,1,1,2
1426306,2,b681e71e,2024,2024,24,25,7,5,0,1
1426309,2,ce794613,2024,2024,18,22,10,1,0,1
1473440,1,a2f46292,2025,2025,24,29,15,0,1,3
1473440,2,1e030637,2025,2025,24,32,9,0,0,3
1473441,1,3fb19989,2025,2025,24,42,9,0,0,3
1473446,1,a818c1be,2025,2025,24,34,6,0,0,1
1473452,2,bbd41817,2025,2025,10,21,3,1,0,2
1473458,1,dbe50b21,2025,2025,24,45,7,3,0,2
1473460,2,c7a995d3,2025,2025,14,20,3,1,0,2
1473462,1,9d430b40,2025,2025,24,13,11,0,0,3
1473463,1,eef2536f,2025,2025,24,32,6,0,0,1
1473463,2,5f547c8b,2025,2025,24,35,7,1,0,1
1473474,1,9440ef41,2025,2025,24,26,6,0,0,2
1473474,2,57ee1fde,2025,2025,24,36,5,0,0,1
1473475,1,23eeb873,2025,2025,24,32,11,2,0,1
1473479,2,2e81a32d,2025,2025,24,50,11,0,0,1
1473483,1,03806cf8,2025,2025,24,36,10,1,0,2
1473487,2,462411b3,2025,2025,24,15,14,0,0,2
1473492,1,ded9240e,2025,2025,24,19,14,1,0,3
1473493,1,85e0cf10,2025,2025,24,37,9,0,0,1
1473493,1,c7a995d3,2025,2025,24,34,5,1,0,2
1473499,1,5750bcb4,2025,2025,24,28,10,0,0,2
1473502,2,b483905d,2025,2025,19,29,5,0,0,1
1473503,2,aad0c365,2025,2025,12,13,4,0,0,1
1473504,1,7dcb9bc9,2025,2025,6,13,1,0,0,1
1473507,2,eef2536f,2025,2025,18,32,5,2,0,1
1473508,1,7210d461,2025,2025,24,26,11,0,1,2
1473508,1,03806cf8,2025,2025,19,21,10,0,0,3
1527677,1,54e52590,2026,2026,24,34,7,1,0,3
1527677,1,57ee1fde,2026,2026,24,28,8,1,0,2
1527680,1,81c36ee9,2026,2026,24,43,11,6,0,1
1527681,1,ce794613,2026,2026,18,24,4,0,0,1
1527682,1,2f49c897,2026,2026,24,48,10,1,0,1
1527682,2,46a9bea1,2026,2026,18,24,7,1,0,1
1527685,1,3b53243a,2026,2026,10,9,8,0,0,2
1527688,2,eaa76d3c,2026,2026,12,28,4,1,1,1
1527689,2,03806cf8,2026,2026,24,44,7,0,0,2
1527692,2,8cf9814c,2026,2026,24,36,12,0,0,1
1527693,1,1abb78f8,2026,2026,12,32,3,6,0,1
1529264,1,04a418e8,2026,2026,6,5,1,0,0,1
1529271,2,465aa633,2026,2026,12,20,4,0,0,1
1529272,1,80b2fb19,2026,2026,24,25,10,0,0,2
1529274,2,280fff14,2026,2026,24,29,8,0,0,1
1529277,2,0f721006,2026,2026,23,35,8,1,0,1
1529281,2,5b7ab5a9,2026,2026,24,33,10,2,0,2
1529294,1,9d430b40,2026,2026,24,17,14,0,0,1
1529294,2,2e171977,2026,2026,24,27,9,0,0,1
1529296,1,59559bc2,2026,2026,24,36,10,2,0,3
1529298,2,244048f6,2026,2026,24,21,14,4,0,2
1529299,1,ded9240e,2026,2026,24,20,12,0,0,1
1529299,2,85e0cf10,2026,2026,18,23,10,0,0,2
1529303,2,eaa76d3c,2026,2026,18,25,5,0,0,1
1529306,2,4d7f517e,2026,2026,18,21,7,1,0,1
1529307,2,b483905d,2026,2026,18,54,7,9,0,1
1529309,2,5f547c8b,2026,2026,12,18,6,1,0,3
1529310,1,9440ef41,2026,2026,18,36,6,1,0,1
1529312,2,02dfebbe,2026,2026,24,44,7,1,0,2
1535463,2,465aa633,2026,2026,18,26,10,6,0,2
1535464,1,0f721006,2026,2026,24,27,14,1,0,2
1535465,1,03806cf8,2026,2026,24,37,7,1,0,2
335982,1,86dc8f2e,2007/08,2008,24,48,8,1,0,1
335984,1,d7c6af50,2007/08,2008,24,35,8,0,0,1
335988,1,33a364a6,2007/08,2008,24,27,9,0,0,2
335992,1,3d7e087f,2007/08,2008,24,29,12,2,0,1
335996,1,e938e1bc,2007/08,2008,24,29,8,0,0,1
335997,2,fa463154,2007/08,2008,24,23,13,3,1,1
336006,1,5fa06777,2007/08,2008,20,13,14,1,0,1
336007,1,6c6591ab,2007/08,2008,24,22,10,1,0,1
336007,2,4ba44e19,2007/08,2008,24,24,11,1,0,1
336008,1,5f4e9e8f,2007/08,2008,18,19,6,1,0,2
336013,1,98ae73b1,2007/08,2008,18,36,5,1,0,1
336023,1,0c2730df,2007/08,2008,24,32,8,0,0,1
336023,2,3d7e087f,2007/08,2008,12,23,3,2,0,1
336027,1,3d7e087f,2007/08,2008,18,26,7,0,0,1
336034,1,6c6591ab,2007/08,2008,24,28,4,0,0,2
336037,1,c3d35165,2007/08,2008,24,37,4,3,0,2
336038,1,6b19d823,2007/08,2008,24,37,8,1,0,2
392184,2,66b30f71,2009,2009,18,24,9,0,0,1
392185,2,c3d35165,2009,2009,12,12,7,1,0,1
392188,2,a7c226e1,2009,2009,24,39,10,1,0,1
392188,2,6c6591ab,2009,2009,24,27,9,0,0,1
392189,2,9fc0ef64,2009,2009,24,28,8,2,1,3
392190,1,ea0cdc12,2009,2009,24,19,9,1,0,2
392192,2,c3d1402f,2009,2009,24,27,12,1,1,2
392200,2,5d096f3d,2009,2009,24,23,11,2,0,1
392201,1,6b19d823,2009,2009,24,32,5,0,0,1
392205,1,3d7e087f,2009,2009,12,13,4,0,0,1
392212,1,87e562a9,2009,2009,18,16,8,0,0,1
392213,2,d7a57f75,2009,2009,18,24,6,0,0,1
392214,2,b2b50355,2009,2009,24,41,2,1,0,1
392217,1,c3d35165,2009,2009,18,24,8,0,1,1
392218,1,05c2ca46,2009,2009,18,17,7,0,0,1
392221,1,af7dadf7,2009,2009,18,32,3,2,0,1
392222,1,a12e1d51,2009,2009,24,32,14,6,1,1
392222,2,dd09ff8e,2009,2009,24,25,15,4,2,1
392228,1,740742ef,2009,2009,12,15,4,0,0,1
419106,2,b57f8a9a,2009/10,2010,12,14,4,0,0,1
419110,1,495d42a5,2009/10,2010,24,26,9,2,0,1
419110,2,740742ef,2009/10,2010,24,27,10,0,0,1
419117,1,5fa06777,2009/10,2010,18,16,7,0,0,1
419120,1,c404f58a,2009/10,2010,24,39,8,0,0,1
419127,2,896d78ad,2009/10,2010,24,26,6,0,0,1
419132,1,91a4a398,2009/10,2010,24,34,7,1,0,3
419132,2,98ae73b1,2009/10,2010,18,32,7,5,0,1
419137,2,4ba44e19,2009/10,2010,24,52,8,1,0,1
419140,1,d92e42f5,2009/10,2010,24,24,10,0,0,1
419146,2,a757b0d8,2009/10,2010,6,9,2,1,0,1
419148,2,66b30f71,2009/10,2010,19,15,10,0,0,2
419155,2,c8179c68,2009/10,2010,18,14,9,0,0,1
419159,1,1dc12ab9,2009/10,2010,24,33,6,0,0,1
419159,2,dec8e038,2009/10,2010,24,43,2,1,0,1
419162,1,39f01cdb,2009/10,2010,24,20,8,0,0,1
419163,1,bd77eb62,2009/10,2010,24,18,10,1,0,1
419163,1,6c6591ab,2009/10,2010,24,27,7,0,0,1
419164,1,e938e1bc,2009/10,2010,24,18,12,0,0,2
419164,1,8fd1a8f5,2009/10,2010,18,11,15,2,0,1
501198,1,85aae393,2011,2011,24,26,7,0,0,1
501199,1,bb18be76,2011,2011,24,21,13,4,0,2
501200,1,d7c6af50,2011,2011,24,17,11,0,0,1
501204,2,5fa06777,2011,2011,18,32,8,1,0,1
501207,1,b552a935,2011,2011,18,31,6,0,0,1
501209,1,3c6ffae8,2011,2011,6,4,3,0,0,2
501213,1,2498e163,2011,2011,24,26,9,1,0,1
501215,1,b2570b38,2011,2011,12,20,4,0,0,1
501223,2,fa463154,2011,2011,24,47,5,1,0,2
501229,2,ae78bc32,2011,2011,18,19,8,0,0,1
501232,1,5d9a1a73,2011,2011,24,27,8,0,0,2
501232,2,c64c2443,2011,2011,12,26,3,1,0,1
501233,1,6b8eb6e5,2011,2011,24,10,15,2,0,2
501237,1,12eddf28,2011,2011,24,33,7,0,0,2
501239,1,8fd1a8f5,2011,2011,24,31,8,0,0,1
501240,2,7c503806,2011,2011,24,22,9,0,0,1
501241,1,b552a935,2011,2011,24,53,9,2,1,1
501248,2,12eddf28,2011,2011,24,26,13,4,0,1
501249,2,87e562a9,2011,2011,24,36,7,1,0,1
501250,2,6b19d823,2011,2011,20,26,12,0,1,1
501254,1,2049f3a0,2011,2011,24,34,8,6,0,1
501254,1,98ae73b1,2011,2011,24,30,10,6,0,1
501259,1,2a2e6343,2011,2011,18,13,14,0,0,2
501262,1,85aae393,2011,2011,18,12,11,1,0,1
501268,1,c8179c68,2011,2011,24,37,6,0,0,1
501269,1,8b5b6769,2011,2011,24,26,9,1,0,1
501269,1,a12e1d51,2011,2011,24,19,10,1,0,1
501271,2,1dc12ab9,2011,2011,24,39,10,0,0,1
548308,2,3a60e0b5,2012,2012,18,18,9,0,0,1
548312,2,7c503806,2012,2012,24,34,9,2,0,1
548313,1,808f425a,2012,2012,24,31,8,0,0,1
548313,2,66b30f71,2012,2012,18,13,8,1,0,1
548318,1,45c2196c,2012,2012,18,24,11,1,0,3
548320,2,7c503806,2012,2012,24,22,15,1,0,1
548324,1,91a4a398,2012,2012,24,15,17,0,0,1
548325,1,5bb5a915,2012,2012,24,22,14,1,0,2
548326,1,3d7e087f,2012,2012,24,27,10,3,0,1
548327,2,66b30f71,2012,2012,24,28,6,3,1,1
548327,2,f846de6a,2012,2012,12,5,7,0,0,1
548330,1,f846de6a,2012,2012,24,39,8,0,0,3
548334,1,e938e1bc,2012,2012,24,36,10,0,0,2
548335,2,24d94623,2012,2012,24,19,11,0,0,1
548342,1,a12e1d51,2012,2012,24,31,10,3,0,2
548346,1,c3d1402f,2012,2012,18,20,9,0,0,1
548346,2,2e8994e7,2012,2012,6,8,1,0,0,1
548352,1,2a2e6343,2012,2012,24,35,5,1,0,1
548355,1,a12e1d51,2012,2012,24,25,11,1,0,3
548359,2,1a0c3177,2012,2012,24,27,10,1,0,2
548361,2,e32d22f6,2012,2012,24,34,12,1,0,2
548362,2,d92e42f5,2012,2012,24,30,8,1,0,1
548366,1,1a0c3177,2012,2012,24,41,6,1,0,1
548367,1,c3d1402f,2012,2012,24,23,12,1,0,1
548370,2,9d430b40,2012,2012,19,15,12,0,0,4
548374,1,5bb5a915,2012,2012,24,20,16,5,0,4
548374,2,9a158001,2012,2012,20,23,12,1,0,2
548376,1,4ba44e19,2012,2012,24,30,10,1,0,1
548381,1,7dc35884,2012,2012,18,25,5,1,0,1
597999,1,f5180fe6,2013,2013,18,15,11,2,0,1
598000,1,1c914163,2013,2013,12,8,6,0,0,1
598001,2,6b8eb6e5,2013,2013,24,18,14,0,0,1
598001,2,de4b0555,2013,2013,18,27,5,3,0,1
598002,1,c404f58a,2013,2013,24,18,8,0,0,1
598002,2,8b5b6769,2013,2013,24,31,10,0,0,2
598003,2,5d9a1a73,2013,2013,18,20,8,0,0,1
598004,2,4ba44e19,2013,2013,24,18,8,1,0,1
598005,1,33a364a6,2013,2013,18,21,6,0,0,1
598007,1,87e562a9,2013,2013,24,27,11,2,0,3
598008,2,b2b50355,2013,2013,21,33,11,2,0,1
598010,2,7c503806,2013,2013,18,11,10,0,0,1
598012,1,495d42a5,2013,2013,24,28,7,1,0,1
598013,2,9d430b40,2013,2013,24,31,6,0,0,1
598015,1,87e562a9,2013,2013,24,35,8,1,0,2
598017,2,96fd40ae,2013,2013,24,31,12,1,0,1
598018,2,8fd1a8f5,2013,2013,24,34,10,0,0,1
598020,1,5fa06777,2013,2013,24,30,10,0,0,1
598021,1,5bb1a1c4,2013,2013,24,29,10,2,0,2
598022,1,fe93fd9d,2013,2013,24,20,10,0,0,3
598025,2,2e81a32d,2013,2013,24,31,8,0,0,1
598026,1,87e562a9,2013,2013,24,36,5,1,1,2
598030,2,6b19d823,2013,2013,24,26,11,0,0,3
598031,1,b2b50355,2013,2013,24,44,9,0,0,1
598032,1,808f425a,2013,2013,24,20,13,0,0,5
598032,1,557153ca,2013,2013,24,42,8,4,0,1
598033,2,35205dfc,2013,2013,12,20,5,0,1,2
598034,2,759ac88f,2013,2013,24,23,10,0,0,1
598040,1,5fa06777,2013,2013,24,16,15,1,0,1
1082591,1,18e6906e,2017,2017,24,55,5,3,1,1
1082595,2,4329fbb5,2017,2017,24,21,12,0,0,1
1082597,1,a12e1d51,2017,2017,24,36,5,2,0,2
1082602,1,dbe50b21,2017,2017,12,9,3,0,0,1
1082603,1,7c7d63a2,2017,2017,24,17,10,1,0,5
1082604,1,96fd40ae,2017,2017,24,35,11,3,0,1
1082605,1,759ac88f,2017,2017,24,37,9,0,2,1
1082606,2,e938e1bc,2017,2017,15,25,7,7,0,1
1082607,1,350bb1b1,2017,2017,24,27,9,0,0,2
1082607,2,1abb78f8,2017,2017,24,35,10,0,0,3
1082607,2,e087956b,2017,2017,24,18,11,1,0,3
1082620,1,98ae73b1,2017,2017,24,36,6,0,0,1
1082623,2,96fd40ae,2017,2017,24,42,9,0,0,3
1082627,2,2e81a32d,2017,2017,24,29,6,0,0,2
1082631,1,e087956b,2017,2017,24,24,9,0,0,1
1082633,1,957532de,2017,2017,12,13,6,0,0,1
1082636,1,4c5d73db,2017,2017,24,39,8,1,0,1
1082637,2,ce794613,2017,2017,16,32,3,2,0,1
1082638,1,62af8546,2017,2017,24,13,15,0,0,1
1082640,1,8cf9814c,2017,2017,24,36,10,2,0,1
1082641,2,39a2dfa8,2017,2017,12,17,5,0,0,1
1082644,2,119678fd,2017,2017,18,26,8,0,0,1
1082650,1,1e66c162,2017,2017,24,19,10,0,0,2
1136563,1,98ae73b1,2018,2018,24,31,10,0,0,1
1136563,2,cc1e8c68,2018,2018,24,27,12,2,0,2
1136568,1,4c5d73db,2018,2018,20,36,7,3,0,2
1136569,1,39a2dfa8,2018,2018,24,36,8,1,0,2
1136570,2,f5180fe6,2018,2018,18,30,9,4,0,1
1136572,1,1abb78f8,2018,2018,18,33,4,0,0,2
1136576,2,7c7d63a2,2018,2018,24,23,9,0,0,2
1136577,2,4329fbb5,2018,2018,18,13,9,1,0,1
1136581,1,d2a989fc,2018,2018,24,32,12,2,0,2
1136582,2,7c7d63a2,2018,2018,24,25,9,2,0,2
1136583,1,51a3c5ef,2018,2018,18,22,10,5,0,2
1136583,2,dcf81436,2018,2018,24,23,12,0,0,3
1136584,2,cc1e8c68,2018,2018,24,23,12,0,0,1
1136588,1,90de905a,2018,2018,24,18,10,0,0,2
1136588,1,641ac5ff,2018,2018,18,25,3,0,0,1
1136590,2,fe93fd9d,2018,2018,24,31,5,1,0,1
1136592,1,5574750c,2018,2018,19,31,9,1,0,1
1136593,2,fe93fd9d,2018,2018,24,39,7,6,0,1
1136593,2,8b5b6769,2018,2018,18,20,10,0,0,1
1136594,1,a9fd84fb,2018,2018,18,29,6,1,0,1
1136601,1,e86754b2,2018,2018,18,33,5,1,1,1
1136601,2,dbe50b21,2018,2018,18,16,11,0,0,2
1136606,1,23eeb873,2018,2018,24,16,12,3,0,1
1136609,1,9d430b40,2018,2018,24,29,12,1,0,1
1136609,2,e087956b,2018,2018,24,15,13,1,0,3
1136610,1,7c7d63a2,2018,2018,24,16,15,1,0,4
1136611,1,dcf81436,2018,2018,24,44,6,0,0,2
1136611,2,57ee1fde,2018,2018,24,28,9,1,0,1
1136614,2,e342e5fb,2018,2018,16,21,6,1,0,2
1136617,1,1abb78f8,2018,2018,24,50,9,3,0,1
1136619,1,98ae73b1,2018,2018,18,22,7,0,0,1
1175358,2,e62dd25d,2019,2019,24,23,9,4,0,2
1175361,1,8cf9814c,2019,2019,24,44,9,0,1,1
1175361,2,98ae73b1,2019,2019,18,26,5,0,0,1
1175368,2,495d42a5,2019,2019,24,31,8,3,0,2
1175371,1,ce820073,2019,2019,24,25,10,0,0,1
1178394,1,5f547c8b,2019,2019,24,27,13,3,0,1
1178395,2,21d4e29b,2019,2019,24,24,13,1,1,2
1178397,2,dcf81436,2019,2019,24,42,5,0,0,1
1178399,2,495d42a5,2019,2019,24,37,10,0,0,1
1178401,1,e62dd25d,2019,2019,24,42,10,0,0,2
1178404,1,e4a0deae,2019,2019,24,30,8,5,0,1
1178404,2,9d430b40,2019,2019,24,19,12,1,0,2
1178405,2,e62dd25d,2019,2019,23,22,11,2,0,4
1178410,1,8d2c70ad,2019,2019,24,59,6,1,0,1
1178412,1,b410bd3d,2019,2019,24,40,12,0,0,3
1178414,2,21d4e29b,2019,2019,24,24,14,0,1,1
1178414,2,57ee1fde,2019,2019,24,24,7,0,0,1
1178415,1,2e171977,2019,2019,24,39,5,0,0,1
1178421,2,d014d5ac,2019,2019,6,6,1,0,0,1
1178422,2,e412cb64,2019,2019,24,37,9,0,0,2
1178422,2,bbd41817,2019,2019,24,25,10,0,0,2
1178426,1,a2f46292,2019,2019,24,42,9,0,0,3
1178427,2,495d42a5,2019,2019,24,38,9,1,0,1
1181764,1,81049310,2019,2019,18,25,8,0,1,1
1216493,1,df064e1a,2020/21,2021,24,22,9,1,0,1
1216494,1,21d4e29b,2020/21,2021,18,23,11,0,0,1
1216497,1,e62dd25d,2020/21,2021,24,33,10,3,0,2
1216497,2,ded9240e,2020/21,2021,24,17,16,0,0,3
1216497,2,2f9d0389,2020/21,2021,24,30,8,0,0,1
1216499,2,2f49c897,2020/21,2021,19,28,9,1,0,2
1216501,2,c38d3503,2020/21,2021,18,32,3,0,0,1
1216504,2,c38d3503,2020/21,2021,24,20,12,0,0,2
1216509,2,23eeb873,2020/21,2021,24,18,9,0,0,2
1216509,2,1abb78f8,2020/21,2021,24,39,5,0,0,1
1216510,2,df064e1a,2020/21,2021,24,32,12,3,0,3
1216511,1,5d2eea49,2020/21,2021,24,36,7,3,0,1
1216515,2,d9273ee7,2020/21,2021,24,46,5,1,0,1
1216521,1,a818c1be,2020/21,2021,24,18,17,1,0,4
1216527,2,e2db2409,2020/21,2021,9,16,2,0,0,1
1216528,2,1abb78f8,2020/21,2021,12,10,4,1,0,1
1216530,1,5d2eea49,2020/21,2021,24,36,9,0,0,2
1216536,1,fe93fd9d,2020/21,2021,18,20,6,0,0,1
1216536,1,119678fd,2020/21,2021,24,35,9,0,0,1
1216541,1,5574750c,2020/21,2021,24,31,11,1,0,2
1216543,2,e62dd25d,2020/21,2021,24,28,9,0,0,1
1216543,2,495d42a5,2020/21,2021,24,17,10,0,0,1
1216543,2,2e171977,2020/21,2021,24,32,8,0,0,1
1216544,2,57ee1fde,2020/21,2021,24,21,6,0,0,1
1237180,1,5f547c8b,2020/21,2021,24,26,4,0,0,1
1254060,2,ded9240e,2021,2021,24,30,9,0,0,1
1254062,1,5b7ab5a9,2021,2021,24,27,9,1,0,1
1254062,2,5b8c830e,2021,2021,24,13,13,2,0,1
1254063,1,2e81a32d,2021,2021,24,30,9,1,0,1
1254063,2,f9e6e7ef,2021,2021,12,7,6,0,0,3
1254065,1,23eeb873,2021,2021,24,13,18,1,0,4
1254065,1,bb351c23,2021,2021,18,17,6,0,0,1
1254067,2,57ee1fde,2021,2021,24,34,10,0,0,2
1254068,2,244048f6,2021,2021,18,22,2,0,0,1
1254072,1,9d430b40,2021,2021,24,34,10,0,1,1
1254074,1,73ad96ed,2021,2021,18,15,9,0,0,1
1254075,1,1e66c162,2021,2021,24,25,11,0,0,1
1254076,1,f986ca1a,2021,2021,24,51,9,1,1,3
1254078,1,85e0cf10,2021,2021,24,30,12,2,0,3
1254078,2,244048f6,2021,2021,16,27,4,0,0,1
1254083,2,df064e1a,2021,2021,24,17,9,2,0,2
1254087,1,bbd41817,2021,2021,18,9,9,0,0,3
1254088,2,98ae73b1,2021,2021,24,38,3,0,0,1
1254090,1,32198ae0,2021,2021,24,12,11,0,0,3
1254091,1,87e562a9,2021,2021,24,17,10,3,0,2
1254092,1,a24be938,2021,2021,24,29,7,2,0,2
1254094,2,1abb78f8,2021,2021,18,28,10,0,0,3
1254101,1,2f49c897,2021,2021,24,25,9,0,0,2
1254104,2,23eeb873,2021,2021,24,19,13,0,0,2
1254104,2,1abb78f8,2021,2021,24,29,9,2,0,1
1254107,1,ce820073,2021,2021,24,20,11,0,0,1
1254111,1,8cf9814c,2021,2021,24,21,13,0,0,3
1254113,2,b681e71e,2021,2021,12,17,3,0,0,1
1254114,1,fe93fd9d,2021,2021,18,23,4,0,0,1
1254115,2,57ee1fde,2021,2021,24,16,7,0,0,2
1254116,2,acdc62f5,2021,2021,24,31,10,5,0,2
1304050,1,8cf9814c,2022,2022,24,25,13,0,0,3
1304052,2,13c35c9e,2022,2022,24,20,16,2,0,3
1304055,2,495d42a5,2022,2022,24,30,6,0,0,1
1304057,2,244048f6,2022,2022,12,13,5,0,0,1
1304063,2,87e562a9,2022,2022,16,29,4,3,0,1
1304064,2,844e79d1,2022,2022,3,8,1,0,0,1
1304068,2,765a4731,2022,2022,18,40,4,2,0,1
1304072,1,1e66c162,2022,2022,24,32,8,1,0,2
1304072,2,0f721006,2022,2022,24,34,6,2,0,1
1304073,1,a2f46292,2022,2022,24,36,9,0,0,1
1304075,2,87e562a9,2022,2022,24,23,12,0,0,3
1304078,1,2e171977,2022,2022,24,10,14,0,0,2
1304079,1,87e562a9,2022,2022,24,36,7,2,0,2
1304082,1,2e81a32d,2022,2022,13,8,8,0,0,1
1304084,2,ce820073,2022,2022,24,40,10,3,0,1
1304090,1,f6d8a7ab,2022,2022,24,19,9,0,0,1
1304091,2,90de905a,2022,2022,12,23,3,0,0,1
1304096,1,1a2676c5,2022,2022,24,47,7,3,0,1
1304099,1,13c35c9e,2022,2022,24,28,11,0,0,1
1304101,1,acdc62f5,2022,2022,24,42,6,0,1,3
1304105,2,bb351c23,2022,2022,11,17,4,0,0,1
1304115,2,acdc62f5,2022,2022,24,37,10,0,0,2
1312197,1,7210d461,2022,2022,24,46,11,2,1,1
1312200,1,7210d461,2022,2022,18,18,9,0,0,1
1312200,1,c7a995d3,2022,2022,12,20,3,0,0,2
1359475,1,5f547c8b,2023,2023,24,26,9,0,0,2
1359476,1,9d430b40,2023,2023,24,40,8,1,0,1
1359476,2,9eb1455b,2023,2023,18,27,7,0,2,1
1359479,1,0a67aec0,2023,2023,18,29,7,0,0,1
1359480,2,46a9bea1,2023,2023,24,45,7,4,3,2
1359482,1,0f721006,2023,2023,24,29,7,0,0,2
1359482,2,244048f6,2023,2023,24,47,10,3,0,2
1359487,1,9440ef41,2023,2023,24,35,6,1,0,1
1359489,2,119678fd,2023,2023,18,48,4,1,0,1
1359490,1,0c9652b0,2023,2023,24,43,10,5,1,1
1359491,1,46a9bea1,2023,2023,24,37,7,1,0,2
1359492,1,9061a703,2023,2023,24,31,10,3,0,1
1359492,1,5f547c8b,2023,2023,24,26,12,0,0,1
1359494,2,2f49c897,2023,2023,24,23,14,0,0,2
1359495,2,4885bbe6,2023,2023,18,19,10,0,0,2
1359495,2,90de905a,2023,2023,24,31,10,1,0,1
1359496,1,8dc152d1,2023,2023,24,53,6,4,0,1
1359497,1,a818c1be,2023,2023,24,46,6,2,0,1
1359511,1,46a9bea1,2023,2023,24,42,10,0,0,2
1359516,2,ce820073,2023,2023,24,35,5,2,0,1
1359517,1,df064e1a,2023,2023,24,21,7,0,0,2
1359518,2,8d2c70ad,2023,2023,24,15,9,0,0,1
1359519,1,fe93fd9d,2023,2023,18,11,8,0,0,1
1359528,1,ffe699c0,2023,2023,24,48,7,1,0,1
1359529,1,a2f46292,2023,2023,24,32,8,2,0,1
1359529,1,2e171977,2023,2023,24,27,8,0,0,2
1359532,2,f29185a1,2023,2023,18,42,6,1,0,1
1359534,1,14f96089,2023,2023,24,25,10,0,0,2
1359536,2,759ac88f,2023,2023,24,28,12,0,0,4
1359539,2,ce794613,2023,2023,24,34,6,1,0,1
1359540,2,244048f6,2023,2023,24,40,10,3,0,1
1370350,2,46a9bea1,2023,2023,24,43,11,2,0,1
1370352,1,98ae73b1,2023,2023,18,45,0,1,0,1
1422123,2,759ac88f,2024,2024,24,32,7,1,0,2
1422124,2,e94915e6,2024,2024,18,30,7,0,0,1
1422125,2,46a9bea1,2024,2024,24,21,11,0,0,2
1422126,1,dbe50b21,2024,2024,24,46,5,0,0,1
1422130,1,5f547c8b,2024,2024,24,33,7,0,0,1
1422133,1,8db7f47f,2024,2024,24,39,11,1,0,1
1422135,2,efc04be7,2024,2024,24,32,9,3,0,2
1422139,1,5f547c8b,2024,2024,24,28,4,0,0,1
1426261,1,e94915e6,2024,2024,24,41,9,1,0,2
1426262,1,5f547c8b,2024,2024,24,18,10,0,0,1
1426264,2,4b31f3a3,2024,2024,24,31,11,0,0,1
1426265,2,50c6bc2b,2024,2024,18,21,9,1,0,1
1426271,1,e62dd25d,2024,2024,24,42,6,0,0,1
1426275,2,244048f6,2024,2024,13,17,3,0,0,1
1426275,2,50c6bc2b,2024,2024,24,19,8,1,0,2
1426279,1,a9fd84fb,2024,2024,18,42,2,1,0,1
1426279,2,7210d461,2024,2024,18,18,8,3,0,1
1426279,2,119678fd,2024,2024,24,29,10,2,0,2
1426284,1,2e81a32d,2024,2024,24,38,6,0,0,1
1426285,1,5b7ab5a9,2024,2024,24,16,13,0,0,3
1426286,1,df064e1a,2024,2024,24,28,8,1,0,1
1426286,2,dbe50b21,2024,2024,24,26,8,1,0,2
1426287,2,1abb78f8,2024,2024,22,48,3,1,1,1
1426289,2,bbd41817,2024,2024,24,30,9,1,0,2
1426296,1,244048f6,2024,2024,18,41,5,2,0,1
1426302,1,c0c411cb,2024,2024,24,51,6,1,0,2
1426302,2,5bb1a1c4,2024,2024,24,34,10,2,0,3
1426302,2,8d2c70ad,2024,2024,24,33,9,0,0,1
598042,1,896d78ad,2013,2013,12,23,3,10,0,0
598045,2,32198ae0,2013,2013,13,29,4,1,0,0
598047,1,4329fbb5,2013,2013,24,29,12,1,0,0
598048,1,1e66c162,2013,2013,24,29,6,0,0,0
598049,2,f62772e5,2013,2013,24,28,3,2,0,0
598051,2,fe93fd9d,2013,2013,12,14,6,0,0,0
598056,2,119678fd,2013,2013,6,6,3,0,0,0
598057,1,3c6ffae8,2013,2013,6,6,0,0,0,0
598059,1,fd835ab3,2013,2013,24,14,9,0,0,0
598060,2,6b19d823,2013,2013,18,36,2,0,1,0
598061,2,cca50cd6,2013,2013,6,11,1,0,0,0
598062,1,5fa06777,2013,2013,18,24,8,1,0,0
598064,1,0164b064,2013,2013,24,62,5,0,1,0
598064,1,98ae73b1,2013,2013,24,26,9,1,0,0
598069,2,9d430b40,2013,2013,24,11,17,1,0,0
598070,1,8b5b6769,2013,2013,24,26,6,0,0,0
729291,2,bd17b45f,2014,2014,6,4,3,0,0,0
729303,2,8abdf100,2014,2014,12,23,2,0,0,0
729317,1,a757b0d8,2014,2014,24,36,3,0,1,0
733971,1,9d430b40,2014,2014,24,26,7,0,1,0
733993,2,acee4cc4,2014,2014,6,7,1,2,0,0
733999,2,c3d35165,2014,2014,12,20,5,0,0,0
734005,1,2e8994e7,2014,2014,24,25,10,0,0,0
734007,2,8fd1a8f5,2014,2014,24,51,6,0,0,0
734009,1,cc1e8c68,2014,2014,18,24,5,0,0,0
734009,2,a757b0d8,2014,2014,6,7,1,0,0,0
734013,2,759ac88f,2014,2014,12,13,5,0,0,0
734023,2,759ac88f,2014,2014,18,28,5,0,0,0
734027,2,7dc35884,2014,2014,24,27,5,1,0,0
734037,1,9d430b40,2014,2014,24,19,10,0,0,0
734041,1,6c6591ab,2014,2014,24,31,10,1,0,0
734049,2,b2b50355,2014,2014,24,41,6,0,0,0
829705,2,6c6591ab,2015,2015,12,23,1,0,0,0
829715,2,56ab442f,2015,2015,24,42,9,1,0,0
829721,1,808f425a,2015,2015,18,29,9,0,0,0
829721,2,cedc1d9a,2015,2015,24,45,6,0,3,0
829733,1,98ae73b1,2015,2015,24,29,6,0,0,0
829735,1,73ad96ed,2015,2015,12,22,2,2,0,0
829739,2,6b19d823,2015,2015,19,22,6,0,0,0
829741,2,808f425a,2015,2015,24,41,6,0,0,0
829749,1,aa8d28ae,2015,2015,24,27,5,0,0,0
829753,1,ce820073,2015,2015,24,32,11,0,0,0
829753,1,f5180fe6,2015,2015,24,40,10,2,0,0
829753,2,87e562a9,2015,2015,18,13,5,0,0,0
829769,2,8b5b6769,2015,2015,24,34,6,1,0,0
829785,1,69be866a,2015,2015,24,25,6,0,0,0
829787,2,e938e1bc,2015,2015,24,40,9,0,0,0
829801,2,fe93fd9d,2015,2015,16,16,6,0,0,0
829805,2,dbe50b21,2015,2015,6,10,1,0,0,0
829811,1,5bb5a915,2015,2015,24,38,6,1,0,0
829823,1,fe93fd9d,2015,2015,12,26,3,0,0,0
980925,2,a9da7784,2016,2016,18,32,4,2,0,0
980929,2,8fd1a8f5,2016,2016,12,17,5,1,0,0
980929,2,d2a989fc,2016,2016,6,9,1,0,0,0
980935,1,73ad96ed,2016,2016,24,30,11,3,0,0
980941,1,b681e71e,2016,2016,6,11,1,0,0,0
980947,1,5b8c830e,2016,2016,12,21,1,0,0,0
980957,1,5b8c830e,2016,2016,12,28,4,1,0,0
980963,2,f708a0bc,2016,2016,12,28,1,0,0,0
980965,2,81049310,2016,2016,24,25,8,0,0,0
980969,1,0a3d54b9,2016,2016,18,31,5,0,0,0
980983,2,73ad96ed,2016,2016,6,5,1,0,0,0
980987,1,fe93fd9d,2016,2016,24,34,9,0,0,0
980987,2,0a3d54b9,2016,2016,12,19,4,2,0,0
980991,1,1c914163,2016,2016,6,11,1,0,0,0
980995,1,bd17b45f,2016,2016,6,8,2,0,0,0
980995,1,4329fbb5,2016,2016,24,46,5,2,0,0
980995,2,bbd41817,2016,2016,15,32,4,0,0,0
981001,1,fe93fd9d,2016,2016,12,17,3,0,0,0
981003,1,91a4a398,2016,2016,24,26,10,0,0,0
981003,2,1c914163,2016,2016,6,7,1,0,0,0
981015,2,0a8fce53,2016,2016,24,28,7,0,0,0
1426306,1,30df8c66,2024,2024,6,19,0,2,0,0
1473441,2,f9e6e7ef,2025,2025,9,22,1,1,0,0
1473442,1,2f49c897,2025,2025,24,54,7,3,0,0
1473446,1,e4a0deae,2025,2025,18,25,5,0,0,0
1473448,2,f24c6701,2025,2025,24,30,4,0,0,0
1473450,2,cf0ccafa,2025,2025,18,28,2,2,0,0
1473455,1,b681e71e,2025,2025,6,6,3,0,0,0
1473459,2,57ee1fde,2025,2025,6,9,0,0,0,0
1473463,1,6a26221c,2025,2025,6,15,0,1,0,0
1473465,1,9440ef41,2025,2025,24,39,4,1,0,0
1473472,1,5f547c8b,2025,2025,24,38,3,0,0,0
1473492,1,36619795,2025,2025,18,30,6,0,0,0
1473493,2,119678fd,2025,2025,12,13,3,0,0,0
1473504,1,12314277,2025,2025,12,42,1,1,0,0
1473505,2,f29185a1,2025,2025,12,25,3,0,0,0
1473508,1,5b8c830e,2025,2025,6,10,2,0,0,0
1473510,2,8db7f47f,2025,2025,18,40,6,0,0,0
1527674,1,5b8c830e,2026,2026,12,26,1,0,0,0
1527675,1,9ca68676,2026,2026,24,51,5,1,0,0
1527677,1,244048f6,2026,2026,24,42,9,8,1,0
1527678,2,6a26221c,2026,2026,6,13,2,0,0,0
1527683,2,aad0c365,2026,2026,6,14,1,0,0,0
1527684,1,e84ac20c,2026,2026,18,36,2,0,0,0
1527685,1,244048f6,2026,2026,12,16,2,0,0,0
1527686,1,23eeb873,2026,2026,6,22,1,0,0,0
1527687,2,50c09020,2026,2026,18,45,2,2,0,0
1527687,2,f19ccfad,2026,2026,6,11,1,0,0,0
1527690,2,5750bcb4,2026,2026,18,46,6,2,0,0
1527690,2,f986ca1a,2026,2026,12,39,2,0,0,0
1527690,2,f29185a1,2026,2026,5,7,1,0,0,0
1527692,2,e5437608,2026,2026,18,28,5,0,0,0
1527692,2,6a26221c,2026,2026,10,15,2,0,0,0
1529268,2,e4cdf230,2026,2026,18,37,3,1,0,0
1529270,2,f29185a1,2026,2026,6,13,0,0,0,0
1529271,2,04a418e8,2026,2026,6,10,1,1,0,0
1529274,1,ce794613,2026,2026,24,40,3,3,0,0
1529278,1,d9273ee7,2026,2026,6,11,2,2,0,0
1529280,1,5f547c8b,2026,2026,6,21,1,5,0,0
1529280,2,59559bc2,2026,2026,12,28,2,1,0,0
1529282,2,327b58d3,2026,2026,12,18,5,0,0,0
1529283,2,2f9d0389,2026,2026,24,57,7,1,0,0
1529305,2,350bb1b1,2026,2026,20,41,2,2,0,0
1529307,2,b1ad996b,2026,2026,24,50,9,0,0,0
1529307,2,f9e6e7ef,2026,2026,1,6,0,0,0,0
1535463,2,133bbd61,2026,2026,18,31,5,1,1,0
1535465,2,0f721006,2026,2026,12,16,5,0,0,0
335982,1,e938e1bc,2007/08,2008,24,38,10,1,0,0
335985,1,670709ec,2007/08,2008,12,10,5,0,0,0
335985,2,88fccd6c,2007/08,2008,24,17,10,0,0,0
335986,2,0604ef16,2007/08,2008,18,19,13,6,0,0
335990,1,3d7e087f,2007/08,2008,18,37,2,0,1,0
335992,2,0c2730df,2007/08,2008,24,22,10,1,0,0
335993,2,fd835ab3,2007/08,2008,6,10,2,0,0,0
335995,1,98ae73b1,2007/08,2008,24,29,12,2,0,0
335998,1,670709ec,2007/08,2008,6,19,0,0,0,0
336005,1,3d7e087f,2007/08,2008,12,17,4,0,0,0
336005,2,20a941bb,2007/08,2008,18,17,9,0,0,0
336005,2,1dc12ab9,2007/08,2008,8,10,2,0,0,0
336006,2,0c2730df,2007/08,2008,20,36,7,2,0,0
336012,2,0c2730df,2007/08,2008,24,45,5,0,0,0
336022,1,034b4b7d,2007/08,2008,12,33,1,0,1,0
336022,2,33a364a6,2007/08,2008,6,8,2,0,0,0
336023,1,86dc8f2e,2007/08,2008,24,39,6,5,0,0
336024,2,5f4e9e8f,2007/08,2008,12,19,4,1,0,0
336033,2,e32d22f6,2007/08,2008,24,30,9,1,0,0
336039,2,5d096f3d,2007/08,2008,18,28,6,1,0,0
336040,1,3d7e087f,2007/08,2008,12,21,2,0,0,0
392188,1,0c2730df,2009,2009,24,39,6,0,0,0
392189,2,26e5cabf,2009,2009,6,11,0,0,0,0
392192,1,d2a989fc,2009,2009,6,18,1,0,0,0
392198,1,fe93fd9d,2009,2009,12,17,2,0,0,0
392198,2,c404f58a,2009,2009,21,23,12,2,0,0
392204,1,98ae73b1,2009,2009,24,29,7,1,0,0
392210,1,a1f1829d,2009,2009,6,11,1,0,0,0
392211,2,5bb1a1c4,2009,2009,24,43,10,0,0,0
392215,1,9fc0ef64,2009,2009,24,18,9,1,0,0
392215,2,87e562a9,2009,2009,6,2,4,0,0,0
392216,1,1c914163,2009,2009,6,11,2,0,0,0
392217,2,63bff7f9,2009,2009,12,22,6,1,0,0
392217,2,fe93fd9d,2009,2009,14,14,4,0,0,0
392219,2,b57f8a9a,2009,2009,6,2,5,0,0,0
392220,2,bd77eb62,2009,2009,24,30,9,0,0,0
392222,2,5fa06777,2009,2009,20,14,10,0,0,0
392223,2,5bdcdb72,2009,2009,12,8,4,0,0,0
392224,1,af7dadf7,2009,2009,6,2,4,0,0,0
392235,2,2e8994e7,2009,2009,9,14,4,0,0,0
392237,1,740742ef,2009,2009,18,26,1,1,0,0
392239,1,05c2ca46,2009,2009,24,28,8,0,0,0
419109,2,86dc8f2e,2009/10,2010,18,34,5,0,0,0
419112,2,5fa06777,2009/10,2010,18,33,7,0,0,0
419112,2,4353bba5,2009/10,2010,17,36,4,1,0,0
419118,2,864c199e,2009/10,2010,6,5,2,0,0,0
419119,2,a757b0d8,2009/10,2010,12,24,2,0,0,0
419125,1,91a4a398,2009/10,2010,24,45,4,1,1,0
419126,2,c3d1402f,2009/10,2010,12,22,4,0,0,0
419126,2,740742ef,2009/10,2010,12,17,4,0,0,0
419129,2,3d7e087f,2009/10,2010,24,18,10,0,0,0
419135,1,fe763256,2009/10,2010,6,10,1,0,0,0
419137,1,addfb70e,2009/10,2010,24,44,7,1,0,0
419146,1,1c914163,2009/10,2010,12,15,1,0,0,0
419152,2,87e562a9,2009/10,2010,12,26,1,1,0,0
419154,2,864c199e,2009/10,2010,6,17,1,0,0,0
419160,1,5bdcdb72,2009/10,2010,6,14,2,0,0,0
419160,2,bd77eb62,2009/10,2010,12,8,5,0,0,0
501200,1,3ae3f034,2011,2011,12,19,3,6,0,0
501201,1,a757b0d8,2011,2011,18,18,5,1,0,0
501210,1,c3d1402f,2011,2011,24,15,10,0,0,0
501210,1,0f12f9df,2011,2011,24,38,7,1,0,0
501212,1,5f26df4f,2011,2011,12,13,3,0,0,0
501214,1,33a364a6,2011,2011,6,4,2,0,0,0
501222,1,db584dad,2011,2011,12,9,5,0,1,0
501223,2,662c47a6,2011,2011,6,16,1,0,0,0
501232,1,91ffa6c6,2011,2011,12,20,3,0,0,0
501232,2,66cf56a5,2011,2011,24,26,8,0,0,0
501239,1,5bb1a1c4,2011,2011,24,37,9,0,1,0
501242,1,fb693839,2011,2011,6,13,1,0,1,0
501244,2,ba607b88,2011,2011,6,7,2,0,1,0
501253,2,c8179c68,2011,2011,12,19,5,2,0,0
501256,2,6c6591ab,2011,2011,24,16,16,0,0,0
501260,1,66cf56a5,2011,2011,18,29,5,0,2,0
501262,2,90edaaa9,2011,2011,4,2,2,0,0,0
501263,2,cf73ad76,2011,2011,1,4,0,0,0,0
501264,1,e938e1bc,2011,2011,18,26,6,1,0,0
501267,2,3c6ffae8,2011,2011,6,7,2,0,0,0
501271,1,66cf56a5,2011,2011,12,22,2,0,0,0
548308,1,cf73ad76,2012,2012,6,12,0,0,0,0
548309,1,c18496e1,2012,2012,24,28,7,6,0,0
548319,2,f846de6a,2012,2012,22,27,11,0,0,0
548321,2,24d94623,2012,2012,13,18,6,1,0,0
548323,2,e938e1bc,2012,2012,24,22,10,2,0,0
548326,1,5b040b81,2012,2012,24,55,8,8,0,0
548326,1,f708a0bc,2012,2012,24,33,6,0,0,0
548327,1,d92e42f5,2012,2012,12,23,1,1,0,0
548341,1,b552a935,2012,2012,24,27,6,0,0,0
548343,2,dc4686e6,2012,2012,12,13,8,0,0,0
548345,2,cc1e8c68,2012,2012,24,35,8,1,0,0
548350,1,a45a5e8d,2012,2012,6,16,0,0,0,0
548356,1,66cf56a5,2012,2012,18,33,5,1,0,0
548359,2,5d096f3d,2012,2012,18,32,3,0,0,0
548361,2,addfb70e,2012,2012,19,20,14,9,1,0
548361,2,7c503806,2012,2012,24,23,8,0,0,0
548362,1,27e71d47,2012,2012,24,33,10,0,0,0
548363,1,dd09ff8e,2012,2012,24,44,9,1,0,0
548369,1,5bb5a915,2012,2012,24,32,11,0,0,0
548377,1,c3d1402f,2012,2012,18,32,8,3,1,0
548379,1,35205dfc,2012,2012,6,6,4,0,0,0
598000,2,d0513f63,2013,2013,6,2,4,0,0,0
598001,1,bbd41817,2013,2013,18,31,4,1,0,0
598001,2,bd17b45f,2013,2013,6,11,1,0,0,0
598003,2,2e81a32d,2013,2013,12,16,7,0,0,0
598004,1,24d94623,2013,2013,12,17,5,0,0,0
598009,1,3d8feaf8,2013,2013,6,10,1,0,0,0
598011,1,2e81a32d,2013,2013,12,16,5,0,0,0
598012,1,fe93fd9d,2013,2013,12,20,1,0,0,0
598012,2,c3d1402f,2013,2013,23,41,6,0,2,0
598019,1,a12e1d51,2013,2013,24,30,8,0,0,0
598020,1,fa463154,2013,2013,24,29,8,2,0,0
598029,2,85aae393,2013,2013,24,35,9,0,0,0
598034,1,3c6ffae8,2013,2013,12,18,2,0,0,0
598038,1,66b30f71,2013,2013,24,41,5,0,0,0
598038,2,c3d35165,2013,2013,18,20,8,0,0,0
1082593,1,9d430b40,2017,2017,24,33,7,0,0,0
1082593,2,c8179c68,2017,2017,18,30,2,6,0,0
1082601,2,759ac88f,2017,2017,18,30,3,0,0,0
1082606,1,462411b3,2017,2017,24,45,4,0,1,0
1082612,1,dbe50b21,2017,2017,12,18,3,0,0,0
1082614,1,fb66ce1f,2017,2017,24,33,10,1,0,0
1082616,1,1dc12ab9,2017,2017,6,6,3,0,0,0
1082625,2,1dc12ab9,2017,2017,24,28,6,0,0,0
1082628,1,dbe50b21,2017,2017,6,5,2,0,0,0
1082628,2,957532de,2017,2017,12,21,1,0,0,0
1082636,2,12b610c2,2017,2017,7,11,1,0,0,0
1082637,1,808f425a,2017,2017,24,43,2,0,0,0
1082638,2,dbe50b21,2017,2017,6,13,1,0,0,0
1082643,2,808f425a,2017,2017,12,24,0,0,0,0
1082646,1,6b19d823,2017,2017,12,26,3,0,0,0
1082648,1,9d430b40,2017,2017,24,20,13,0,0,0
1082650,1,1abb78f8,2017,2017,12,7,6,1,0,0
1136561,1,8b5b6769,2018,2018,12,14,3,0,0,0
1136563,1,bbd41817,2018,2018,12,10,2,0,0,0
1136579,2,39a2dfa8,2018,2018,18,26,2,0,0,0
1136580,1,dcf81436,2018,2018,24,33,7,1,0,0
1136580,2,4329fbb5,2018,2018,12,23,2,0,0,0
1136581,1,e087956b,2018,2018,18,31,5,0,1,0
1136589,1,9d430b40,2018,2018,24,38,9,0,0,0
1136592,1,e087956b,2018,2018,18,28,3,2,0,0
1136592,2,9a963804,2018,2018,18,37,5,0,0,0
1136604,1,495d42a5,2018,2018,16,36,3,1,0,0
1136606,2,7dc35884,2018,2018,24,41,5,0,0,0
1136620,1,23eeb873,2018,2018,24,25,10,1,1,0
1175363,1,2e81a32d,2019,2019,24,55,7,3,0,0
1175369,1,90de905a,2019,2019,24,19,9,0,0,0
1175370,2,462411b3,2019,2019,24,27,11,0,1,0
1175372,1,98ae73b1,2019,2019,24,32,4,0,0,0
1178393,2,acee4cc4,2019,2019,24,20,7,0,0,0
1178396,2,d2a989fc,2019,2019,18,31,7,1,0,0
1178398,1,fef92afc,2019,2019,24,34,10,1,0,0
1178401,2,e342e5fb,2019,2019,6,13,0,0,0,0
1178407,2,c3a96caf,2019,2019,6,8,0,0,0,0
1178411,2,a12e1d51,2019,2019,19,27,4,0,0,0
1178411,2,a9fd84fb,2019,2019,12,24,4,0,0,0
1178414,1,1abb78f8,2019,2019,24,40,7,1,0,0
1178420,1,04a418e8,2019,2019,18,24,1,0,0,0
1178422,1,5b8c830e,2019,2019,18,27,5,0,0,0
1178424,1,0a3d54b9,2019,2019,6,23,0,0,0,0
1178424,2,cc1e8c68,2019,2019,6,10,4,0,0,0
1178428,2,04a418e8,2019,2019,6,14,2,0,0,0
1178430,2,87e562a9,2019,2019,24,27,7,4,0,0
1181764,1,a12e1d51,2019,2019,18,26,6,1,1,0
1216501,2,ded9240e,2020/21,2021,24,25,10,2,0,0
1216505,1,caf69bf7,2020/21,2021,24,40,8,3,0,0
1216506,1,23eeb873,2020/21,2021,18,30,5,0,0,0
1216509,2,119678fd,2020/21,2021,18,34,3,0,0,0
1216517,1,73ad96ed,2020/21,2021,6,9,1,0,0,0
1216520,2,9d430b40,2020/21,2021,24,27,9,0,0,0
1216522,2,1e66c162,2020/21,2021,24,46,8,1,0,0
1216529,2,f986ca1a,2020/21,2021,12,20,1,0,0,0
1216532,1,5bb1a1c4,2020/21,2021,18,26,4,2,0,0
1216533,1,db31895a,2020/21,2021,6,8,2,0,0,0
1216534,1,3d8feaf8,2020/21,2021,4,6,1,0,0,0
1216538,2,2ed569a0,2020/21,2021,6,16,1,0,0,0
1216540,1,ded9240e,2020/21,2021,24,38,10,2,0,0
1237177,2,2ed569a0,2020/21,2021,12,35,1,0,0,0
1237180,1,9d80c5e1,2020/21,2021,24,48,3,0,2,0
1237181,1,a757b0d8,2020/21,2021,6,13,2,1,0,0
1254058,1,57ee1fde,2021,2021,24,41,8,0,0,0
1254058,1,f9e6e7ef,2021,2021,6,14,0,0,0,0
1254059,1,d9273ee7,2021,2021,12,26,2,0,1,0
1254060,2,8b5b6769,2021,2021,6,8,3,0,0,0
1254064,1,39a2dfa8,2021,2021,18,27,6,0,0,0
1254068,2,249abedf,2021,2021,18,27,5,0,0,0
1254070,1,495d42a5,2021,2021,24,31,11,0,0,0
1254071,2,e2db2409,2021,2021,24,22,6,1,0,0
1254072,1,b4f5c2d9,2021,2021,12,25,2,0,0,0
1254074,2,5b8c830e,2021,2021,18,31,7,3,0,0
1254090,1,6a26221c,2021,2021,6,5,4,0,0,0
1254103,2,fb66ce1f,2021,2021,24,50,5,0,0,0
1254103,2,5d2eea49,2021,2021,12,23,3,4,0,0
1254105,2,2e81a32d,2021,2021,18,21,8,0,0,0
1254114,2,2e171977,2021,2021,18,23,7,0,0,0
1304047,2,fe93fd9d,2022,2022,24,25,8,0,0,0
1304053,1,5b8c830e,2022,2022,18,36,2,1,0,0
1304056,1,1abb78f8,2022,2022,24,42,6,2,1,0
1304061,2,2e171977,2022,2022,12,11,5,0,0,0
1304064,2,e2db2409,2022,2022,18,26,8,1,0,0
1304067,2,8cf9814c,2022,2022,24,32,8,0,0,0
1304070,2,5f547c8b,2022,2022,24,24,10,0,0,0
1304071,2,5b7ab5a9,2022,2022,18,45,2,0,0,0
1304071,2,9d430b40,2022,2022,24,23,8,0,0,0
1304072,2,5b8c830e,2022,2022,12,16,1,0,0,0
1304077,2,a97c8ec2,2022,2022,12,20,3,0,0,0
1304080,1,2e171977,2022,2022,12,21,5,0,0,0
1304084,2,2ed569a0,2022,2022,18,30,3,1,0,0
1304085,1,f9e6e7ef,2022,2022,18,35,4,2,0,0
1304092,2,30df8c66,2022,2022,12,24,4,0,1,0
1304111,2,e9c7f0d0,2022,2022,24,31,11,3,0,0
1304112,1,9d430b40,2022,2022,24,27,8,0,0,0
1304113,2,7210d461,2022,2022,24,35,6,1,0,0
1304114,1,85e0cf10,2022,2022,24,32,12,0,0,0
1304115,2,3d8feaf8,2022,2022,12,7,8,0,0,0
1312199,1,57ee1fde,2022,2022,24,45,2,4,0,0
1312199,2,2f49c897,2022,2022,12,31,5,0,0,0
1359481,1,7210d461,2023,2023,6,12,0,0,0,0
1359484,1,73ad96ed,2023,2023,6,8,1,0,0,0
1359485,1,acdc62f5,2023,2023,24,44,10,0,0,0
1359485,2,e2db2409,2023,2023,6,11,0,0,1,0
1359494,2,f9e6e7ef,2023,2023,6,11,0,0,0,0
1359504,1,df064e1a,2023,2023,24,49,4,0,0,0
1359507,1,bbd41817,2023,2023,6,17,0,2,0,0
1359509,1,eaa76d3c,2023,2023,12,39,0,0,0,0
1359510,2,7c3b3b78,2023,2023,12,22,1,2,0,0
1359513,2,9440ef41,2023,2023,24,37,6,0,0,0
1359517,1,4b31f3a3,2023,2023,12,12,6,2,0,0
1359520,2,e94915e6,2023,2023,18,41,3,1,0,0
1359524,1,5bb1a1c4,2023,2023,18,29,4,2,0,0
1359525,1,983f2f61,2023,2023,6,7,1,0,0,0
1359529,2,bb351c23,2023,2023,24,16,12,0,0,0
1359531,1,b0946605,2023,2023,24,52,5,0,0,0
1359539,1,119678fd,2023,2023,18,45,0,1,0,0
1422119,1,46a9bea1,2024,2024,24,47,10,6,0,0
1422119,2,a457cfb5,2024,2024,12,6,6,0,0,0
1422122,1,5b8c830e,2024,2024,24,19,5,0,0,0
1422122,1,4b31f3a3,2024,2024,18,43,3,1,1,0
1422125,1,cc1e8c68,2024,2024,12,27,5,1,0,0
1422126,2,81c08fa3,2024,2024,6,15,2,1,0,0
1422127,2,a818c1be,2024,2024,18,29,8,0,0,0
1422128,2,b0946605,2024,2024,12,34,5,0,0,0
1422128,2,eaa76d3c,2024,2024,6,7,2,0,0,0
1422131,2,5bb1a1c4,2024,2024,18,23,7,1,1,0
1422133,2,df064e1a,2024,2024,18,33,6,2,0,0
1426260,2,5b7ab5a9,2024,2024,24,26,10,0,0,0
1426262,2,495d42a5,2024,2024,24,40,3,0,0,0
1426264,1,2e171977,2024,2024,24,26,6,0,0,0
1426266,1,77b1aa15,2024,2024,24,35,9,2,0,0
1426267,2,1abb78f8,2024,2024,24,35,9,0,0,0
1426268,2,f29185a1,2024,2024,6,10,2,0,0,0
1426278,1,8f6dd463,2024,2024,24,33,10,0,0,0
1426280,1,c05edf8e,2024,2024,12,21,3,0,0,0
1426283,2,cdc6bdba,2024,2024,6,15,1,2,0,0
1426283,2,5f547c8b,2024,2024,24,51,4,0,0,0
1426287,1,e94915e6,2024,2024,18,37,5,0,1,0
1426292,1,5b8c830e,2024,2024,12,26,2,6,0,0
1426293,1,ee1b6c27,2024,2024,24,42,6,4,1,0
1426294,1,04a418e8,2024,2024,12,17,4,1,0,0
1426295,1,f9e6e7ef,2024,2024,12,9,4,0,0,0
598043,1,85aae393,2013,2013,18,22,5,0,0,1
598044,2,96fd40ae,2013,2013,12,14,5,1,0,1
598047,2,3a60e0b5,2013,2013,23,27,9,0,0,3
598048,2,0f12f9df,2013,2013,18,35,5,2,0,1
598049,1,bd17b45f,2013,2013,12,3,9,0,0,1
598052,2,98ae73b1,2013,2013,24,27,8,0,0,1
598054,2,32198ae0,2013,2013,12,21,5,0,0,1
598055,1,8b5b6769,2013,2013,24,14,10,0,0,1
598059,2,96fd40ae,2013,2013,18,28,5,0,0,1
598064,2,41eb4a4f,2013,2013,24,48,4,0,1,1
598068,2,d68e7f48,2013,2013,12,20,2,1,0,1
598072,1,a12e1d51,2013,2013,24,43,6,6,2,1
598072,2,808f425a,2013,2013,24,36,10,2,0,1
598072,2,bd17b45f,2013,2013,6,11,1,0,0,1
729281,1,c3d35165,2014,2014,18,18,7,0,0,1
729289,1,8cf9814c,2014,2014,24,33,9,9,0,1
729289,2,9d430b40,2014,2014,24,18,9,0,0,1
729291,1,abfeb126,2014,2014,24,51,5,1,0,1
729293,2,e0407c01,2014,2014,24,23,13,0,0,2
729293,2,759ac88f,2014,2014,18,17,6,0,0,1
729299,1,c3d35165,2014,2014,12,21,4,1,0,1
729303,2,8b5b6769,2014,2014,24,27,10,1,0,2
729305,2,3fb19989,2014,2014,24,29,14,1,0,2
729309,1,3a60e0b5,2014,2014,24,17,17,2,1,1
729317,1,a12e1d51,2014,2014,24,28,7,0,0,1
733973,2,b2b50355,2014,2014,24,38,8,0,0,1
733975,1,6aed7e79,2014,2014,24,25,8,0,0,2
733987,2,b681e71e,2014,2014,12,21,2,1,0,1
733999,1,dfc4d8b5,2014,2014,24,43,11,0,0,2
734003,1,fe93fd9d,2014,2014,24,18,10,0,0,2
734003,2,557153ca,2014,2014,24,25,8,0,0,1
734009,1,5bb5a915,2014,2014,24,35,14,5,1,2
734009,1,98ae73b1,2014,2014,24,32,8,0,0,1
734011,2,808f425a,2014,2014,6,6,3,0,0,1
734027,2,cc1e8c68,2014,2014,24,45,7,0,1,1
734033,1,39a2dfa8,2014,2014,24,24,10,1,0,1
829707,2,759ac88f,2015,2015,24,33,8,1,0,1
829709,1,69be866a,2015,2015,24,23,12,0,0,3
829713,1,f986ca1a,2015,2015,24,37,8,1,0,1
829717,1,a12e1d51,2015,2015,24,34,7,1,0,2
829719,1,2e81a32d,2015,2015,23,30,11,1,0,2
829719,1,119678fd,2015,2015,24,20,7,0,0,1
829723,2,b2b23612,2015,2015,23,31,2,1,0,1
829731,2,896d78ad,2015,2015,24,38,9,0,0,1
829735,1,808f425a,2015,2015,24,26,11,1,0,1
829737,2,a12e1d51,2015,2015,24,35,12,3,0,1
829741,1,69be866a,2015,2015,24,41,6,0,0,1
829743,2,32198ae0,2015,2015,6,9,3,1,0,1
829751,2,4125d931,2015,2015,24,25,9,0,0,1
829753,2,495d42a5,2015,2015,24,14,14,4,0,2
829759,2,119678fd,2015,2015,24,22,6,0,0,1
829761,1,91a4a398,2015,2015,24,34,10,2,0,1
829765,2,96fd40ae,2015,2015,24,38,6,0,0,1
829767,1,56ab442f,2015,2015,24,20,13,1,0,4
829775,2,8b5b6769,2015,2015,24,27,8,0,0,1
829781,2,bbd41817,2015,2015,12,10,8,0,0,1
829783,1,dbe50b21,2015,2015,12,13,7,0,0,1
829783,2,896d78ad,2015,2015,24,33,8,0,0,1
829785,2,57ee1fde,2015,2015,16,24,7,0,0,1
829789,1,8b5b6769,2015,2015,24,36,6,0,0,1
829793,1,91a4a398,2015,2015,24,33,10,2,0,1
829797,1,24d94623,2015,2015,24,31,10,5,0,1
829821,1,759ac88f,2015,2015,24,22,9,0,0,1
980901,1,495d42a5,2016,2016,6,7,2,0,0,1
980911,2,e2db2409,2016,2016,24,31,8,4,0,2
980919,1,ce820073,2016,2016,24,23,11,1,0,2
980923,2,13c35c9e,2016,2016,24,24,10,1,0,3
980927,2,85aae393,2016,2016,24,40,6,1,0,3
980933,2,fb66ce1f,2016,2016,24,27,7,1,0,1
980939,1,9d430b40,2016,2016,24,32,7,0,0,1
980941,1,759ac88f,2016,2016,24,38,7,2,0,3
980943,1,66b30f71,2016,2016,24,23,15,2,0,3
980951,1,9d430b40,2016,2016,18,22,9,1,0,1
980953,2,32198ae0,2016,2016,24,40,5,0,0,1
980957,2,66b30f71,2016,2016,18,33,7,1,0,1
980961,1,91a4a398,2016,2016,24,27,12,1,0,1
980961,1,6b19d823,2016,2016,18,19,4,0,0,1
980971,2,ce820073,2016,2016,24,36,6,0,0,1
980973,2,32198ae0,2016,2016,24,18,9,0,0,1
980985,2,13c35c9e,2016,2016,24,22,13,1,0,1
980991,2,ce820073,2016,2016,24,35,6,0,0,1
980995,1,957532de,2016,2016,24,41,5,0,0,2
981005,2,26a85969,2016,2016,18,21,5,1,0,1
981009,2,7dc35884,2016,2016,24,34,8,2,0,1
981011,1,957532de,2016,2016,24,28,7,0,0,1
981013,1,ffe699c0,2016,2016,24,26,7,2,0,2
981015,1,5bb5a915,2016,2016,24,31,11,0,0,2
1426305,2,5b8c830e,2024,2024,24,29,10,1,0,1
1426309,1,77b1aa15,2024,2024,24,27,9,1,0,1
1426312,1,9d430b40,2024,2024,24,16,8,0,0,1
1473441,1,5ffc0565,2025,2025,12,35,3,0,0,1
1473441,1,8d2c70ad,2025,2025,24,20,14,0,0,2
1473442,2,b681e71e,2025,2025,12,26,2,1,0,1
1473445,1,a2f46292,2025,2025,24,28,12,0,0,1
1473445,1,64839cb3,2025,2025,24,36,9,3,0,2
1473445,2,50c6bc2b,2025,2025,24,28,5,0,0,2
1473446,1,c27b5a0e,2025,2025,18,40,3,4,0,1
1473448,1,a2f46292,2025,2025,24,38,11,1,0,2
1473450,1,2f9d0389,2025,2025,18,26,6,2,0,1
1473451,1,12314277,2025,2025,12,17,5,1,0,1
1473452,1,08548b13,2025,2025,6,4,2,0,0,1
1473456,2,13fc5c6d,2025,2025,24,33,6,2,0,1
1473457,1,2f49c897,2025,2025,24,17,17,0,0,4
1473458,2,03806cf8,2025,2025,24,37,12,1,0,2
1473462,2,efc04be7,2025,2025,12,8,7,0,0,1
1473463,1,13fc5c6d,2025,2025,24,30,5,0,0,1
1473464,1,f986ca1a,2025,2025,24,42,7,6,0,4
1473467,2,13fc5c6d,2025,2025,24,23,10,2,0,1
1473473,2,6a26221c,2025,2025,12,18,4,0,0,1
1473480,2,a2f46292,2025,2025,18,21,9,1,0,1
1473484,1,f24c6701,2025,2025,24,35,4,3,0,2
1473484,2,85e0cf10,2025,2025,24,47,7,0,0,1
1473486,1,81c36ee9,2025,2025,24,30,10,2,0,2
1473486,1,8f6dd463,2025,2025,24,39,6,3,0,1
1473488,1,36619795,2025,2025,24,42,4,1,0,1
1473491,1,80b2fb19,2025,2025,24,43,7,1,0,1
1473491,2,244048f6,2025,2025,24,16,14,1,0,3
1473499,1,aad0c365,2025,2025,12,28,4,3,0,1
1473503,1,f834dcfc,2025,2025,24,51,4,0,0,1
1473503,2,5750bcb4,2025,2025,24,37,9,0,0,2
1473506,1,81c36ee9,2025,2025,24,34,12,4,0,2
1473507,2,b483905d,2025,2025,24,40,6,0,0,1
1527674,1,2e81a32d,2026,2026,24,31,7,2,0,1
1527674,1,c5aef772,2026,2026,24,54,5,1,0,3
1527676,1,133bbd61,2026,2026,18,17,10,2,0,1
1527682,1,5f547c8b,2026,2026,24,39,4,6,0,1
1527683,2,5750bcb4,2026,2026,24,30,9,0,0,1
1527684,1,fcc21ace,2026,2026,24,52,6,1,1,1
1527684,1,a4e37e47,2026,2026,12,30,2,1,0,1
1527684,2,5b8c830e,2026,2026,18,36,7,0,0,2
1527687,2,5f547c8b,2026,2026,24,17,10,0,0,3
1527688,2,7c3b3b78,2026,2026,24,38,11,0,0,2
1527692,1,e62dd25d,2026,2026,24,54,7,0,0,1
1527692,1,50c09020,2026,2026,24,32,10,2,0,2
1527693,2,dadbdb68,2026,2026,24,58,10,4,0,1
1529265,2,a2f46292,2026,2026,23,24,11,0,0,1
1529266,1,b8527c3d,2026,2026,24,24,12,0,0,4
1529268,2,7c3b3b78,2026,2026,24,35,6,1,0,1
1529268,2,9d430b40,2026,2026,24,28,11,0,0,1
1529269,2,2e81a32d,2026,2026,24,26,8,0,0,3
1529276,1,d45c29b1,2026,2026,24,37,8,1,0,2
1529276,2,efc04be7,2026,2026,24,24,8,2,0,2
1529277,2,5f547c8b,2026,2026,24,49,7,1,0,2
1529279,1,aad0c365,2026,2026,12,20,4,2,0,1
1529283,2,57ee1fde,2026,2026,24,36,7,1,1,3
1529285,2,2e81a32d,2026,2026,24,28,11,0,0,3
1529286,1,ce794613,2026,2026,24,54,5,3,0,1
1529288,1,5d2eea49,2026,2026,24,30,9,1,0,2
1529288,1,eaa76d3c,2026,2026,18,34,8,1,0,1
1529288,2,7b44eb3e,2026,2026,24,31,6,0,0,1
1529289,1,0f721006,2026,2026,24,24,10,1,0,4
1529298,2,e1b9f3a9,2026,2026,24,51,6,5,0,1
1529301,2,57ee1fde,2026,2026,24,32,7,1,0,1
1529305,2,3ff033bb,2026,2026,18,29,3,0,0,1
1529308,1,5d2eea49,2026,2026,24,37,10,0,0,2
1529308,2,172dff15,2026,2026,18,30,7,0,1,3
1529310,2,280fff14,2026,2026,24,31,9,0,0,1
1529312,1,1abb78f8,2026,2026,24,41,7,0,2,2
335982,1,b69e69ed,2007/08,2008,24,40,6,5,0,1
335984,1,ab89348d,2007/08,2008,24,11,10,0,0,2
335986,1,66b30f71,2007/08,2008,18,18,9,0,1,1
335990,1,3c6ffae8,2007/08,2008,12,20,6,0,0,2
335995,1,dd09ff8e,2007/08,2008,24,33,4,0,0,1
335996,1,91a4a398,2007/08,2008,24,38,11,0,0,3
335997,1,342d8ade,2007/08,2008,24,41,7,2,0,1
335997,2,66b30f71,2007/08,2008,24,12,15,0,0,1
335998,1,91a4a398,2007/08,2008,24,42,7,0,0,1
336006,1,98ae73b1,2007/08,2008,24,25,12,5,0,3
336007,1,acd4f5dc,2007/08,2008,18,17,11,0,0,1
336009,2,93a17209,2007/08,2008,24,40,7,2,0,2
336010,1,91a4a398,2007/08,2008,18,27,7,1,0,1
336011,1,bb18be76,2007/08,2008,24,20,9,0,0,2
336011,2,6c6591ab,2007/08,2008,24,47,6,6,0,1
336019,2,2498e163,2007/08,2008,18,29,6,0,0,2
336025,1,20a941bb,2007/08,2008,24,21,14,0,1,4
336026,2,8fd1a8f5,2007/08,2008,24,26,10,0,0,1
336026,2,0c2730df,2007/08,2008,24,18,12,0,0,2
336027,2,5bb1a1c4,2007/08,2008,18,23,6,0,0,1
336027,2,16dfcc19,2007/08,2008,21,30,11,3,0,2
336028,2,1c914163,2007/08,2008,12,12,3,0,0,2
336031,2,6c6591ab,2007/08,2008,24,30,8,3,0,2
336033,1,1dc12ab9,2007/08,2008,12,20,2,0,0,1
336039,1,4ba44e19,2007/08,2008,24,19,12,1,0,1
336040,1,64d43928,2007/08,2008,24,40,6,1,0,1
336040,2,c3d35165,2007/08,2008,24,25,9,3,2,2
392181,1,ae78bc32,2009,2009,24,32,7,1,0,2
392181,2,8b5b6769,2009,2009,18,15,7,0,0,1
392185,2,4ba44e19,2009,2009,24,11,16,0,0,3
392186,1,32198ae0,2009,2009,24,32,9,1,0,1
392196,2,b2b50355,2009,2009,21,41,9,1,0,1
392198,2,96fd40ae,2009,2009,24,23,15,1,0,1
392199,1,e938e1bc,2009,2009,24,25,10,1,0,1
392201,2,c3d1402f,2009,2009,18,20,11,2,0,1
392205,2,c3d1402f,2009,2009,24,18,15,0,1,2
392209,1,aaa1b522,2009,2009,18,29,3,0,0,1
392215,1,33a364a6,2009,2009,24,15,11,1,0,3
392215,2,2e8994e7,2009,2009,24,15,11,2,0,1
392216,1,98ae73b1,2009,2009,18,26,6,0,0,1
392222,1,2e8994e7,2009,2009,24,15,13,0,0,2
392224,1,41eb4a4f,2009,2009,18,30,5,1,0,2
392226,2,ab89348d,2009,2009,24,29,13,2,4,2
392227,2,87e562a9,2009,2009,19,19,12,2,0,1
392230,2,96fd40ae,2009,2009,18,8,13,1,0,1
392230,2,260fd380,2009,2009,24,19,12,1,0,2
392234,1,6b8eb6e5,2009,2009,24,23,13,1,0,2
392235,1,260fd380,2009,2009,24,27,10,2,0,1
392238,1,05c2ca46,2009,2009,24,23,5,2,0,1
419111,2,3edb58fc,2009/10,2010,24,31,9,0,0,2
419115,1,e938e1bc,2009/10,2010,24,18,15,2,0,3
419116,2,c404f58a,2009/10,2010,24,18,12,3,0,1
419116,2,cc1e8c68,2009/10,2010,24,38,8,2,0,1
419117,2,bd77eb62,2009/10,2010,24,22,9,0,0,1
419122,2,5bb1a1c4,2009/10,2010,24,44,10,1,0,2
419123,2,0c2730df,2009/10,2010,24,15,11,0,0,1
419126,1,addfb70e,2009/10,2010,24,22,10,3,0,3
419127,2,4f629497,2009/10,2010,24,24,13,1,0,2
419127,2,fa463154,2009/10,2010,24,32,9,0,0,2
419128,2,6b19d823,2009/10,2010,24,23,6,0,0,2
419129,2,3c6ffae8,2009/10,2010,24,26,6,2,0,1
419144,2,66b30f71,2009/10,2010,24,21,12,1,0,2
419145,2,e938e1bc,2009/10,2010,24,37,10,1,0,1
419147,2,c8179c68,2009/10,2010,24,29,11,0,0,1
419147,2,1dc12ab9,2009/10,2010,19,25,5,1,0,1
419149,1,8b9704ae,2009/10,2010,12,19,3,2,0,1
419152,1,96fd40ae,2009/10,2010,24,30,9,1,0,1
419153,1,c8179c68,2009/10,2010,24,23,10,1,0,1
419157,2,8b5b6769,2009/10,2010,24,28,6,0,0,2
419158,1,b1451597,2009/10,2010,24,30,5,0,0,1
419160,2,3d8feaf8,2009/10,2010,12,19,5,0,1,1
419163,1,2a72fd4f,2009/10,2010,24,22,9,0,0,1
419163,2,45c2196c,2009/10,2010,24,13,17,0,0,4
419164,2,5d9a1a73,2009/10,2010,18,24,4,0,0,1
419165,1,342d8ade,2009/10,2010,24,23,12,2,0,2
419165,2,c8179c68,2009/10,2010,18,26,4,0,0,2
501199,1,5b040b81,2011,2011,24,35,11,0,0,3
501203,2,85aae393,2011,2011,24,24,12,0,0,3
501204,2,66b30f71,2011,2011,21,34,9,0,2,1
501204,2,5bb5a915,2011,2011,24,11,13,0,0,1
501206,1,98ae73b1,2011,2011,18,33,5,0,0,1
501215,2,45c2196c,2011,2011,18,18,8,0,0,1
501221,2,f0f628c7,2011,2011,24,40,11,1,0,1
501222,1,d7c6af50,2011,2011,24,28,10,1,0,1
501226,1,5d9a1a73,2011,2011,24,27,9,0,0,1
501230,1,5bb5a915,2011,2011,24,42,11,1,0,1
501231,1,5b040b81,2011,2011,24,14,15,1,0,2
501231,1,7c503806,2011,2011,12,6,7,0,0,3
501246,1,5fa06777,2011,2011,24,23,15,1,0,1
501246,2,d2a989fc,2011,2011,24,27,10,1,0,1
501249,1,7c503806,2011,2011,24,23,12,1,0,1
501249,2,495d42a5,2011,2011,24,24,10,0,0,2
501250,1,1c914163,2011,2011,24,17,9,0,0,2
501252,1,d1c94b25,2011,2011,24,26,11,0,1,1
501256,1,d2a989fc,2011,2011,24,26,5,3,0,3
501256,2,2e8994e7,2011,2011,12,3,9,0,0,1
501257,1,5fa06777,2011,2011,24,28,12,1,0,3
501257,2,e938e1bc,2011,2011,24,32,15,6,0,1
501264,2,6c6591ab,2011,2011,18,25,7,0,0,1
501268,1,45c2196c,2011,2011,24,20,11,1,0,1
501271,2,87e562a9,2011,2011,12,15,3,0,0,1
548306,1,cf73ad76,2012,2012,12,18,2,0,0,1
548308,1,a12e1d51,2012,2012,24,16,12,1,0,2
548309,1,2a72fd4f,2012,2012,18,23,7,2,0,1
548309,2,5b040b81,2012,2012,24,26,7,1,0,1
548312,1,33a364a6,2012,2012,24,27,6,0,0,1
548313,1,2a72fd4f,2012,2012,20,24,9,0,2,3
548314,1,f0f628c7,2012,2012,24,20,12,0,0,4
548315,1,41eb4a4f,2012,2012,24,18,12,0,0,2
548320,2,8291f939,2012,2012,6,3,3,0,0,1
548321,1,5bb5a915,2012,2012,24,23,8,1,0,3
548323,2,3edb58fc,2012,2012,24,34,7,0,0,1
548325,1,cc1e8c68,2012,2012,24,11,15,0,2,2
548334,2,a757b0d8,2012,2012,24,14,14,0,0,2
548341,1,2e81a32d,2012,2012,24,34,6,0,0,1
548343,1,469ea22b,2012,2012,24,29,10,3,0,1
548344,1,41eb4a4f,2012,2012,24,31,9,1,0,2
548346,2,d718440b,2012,2012,24,28,11,1,0,1
548347,1,dd09ff8e,2012,2012,24,34,7,0,0,1
548348,2,d718440b,2012,2012,24,31,10,0,0,1
548349,2,4329fbb5,2012,2012,24,29,10,0,0,1
548349,2,f708a0bc,2012,2012,24,32,6,1,0,2
548353,2,9d430b40,2012,2012,24,13,14,0,0,1
548355,1,c3d1402f,2012,2012,24,28,12,1,0,3
548356,2,d2340a43,2012,2012,23,44,6,2,0,1
548358,1,addfb70e,2012,2012,24,13,14,0,0,3
548359,2,98ae73b1,2012,2012,24,33,7,0,0,1
548362,1,5d9a1a73,2012,2012,24,31,8,1,0,1
548370,2,85aae393,2012,2012,24,23,9,0,0,1
548371,2,c3d35165,2012,2012,21,28,10,2,0,1
548372,2,4ba44e19,2012,2012,24,44,2,1,0,1
548375,2,b2b50355,2012,2012,24,20,9,3,0,1
548379,1,a757b0d8,2012,2012,18,26,4,0,0,1
598000,2,0f12f9df,2013,2013,24,29,11,1,0,2
598004,1,8fd1a8f5,2013,2013,24,37,9,6,0,1
598004,2,32198ae0,2013,2013,18,14,9,1,0,2
598006,1,5bb5a915,2013,2013,24,43,8,0,1,1
598008,1,c3d1402f,2013,2013,24,27,10,1,0,3
598009,2,0bf15e52,2013,2013,24,34,12,1,0,1
598010,1,8fd1a8f5,2013,2013,24,11,15,1,0,2
598011,2,f5180fe6,2013,2013,24,33,12,1,0,3
598012,2,d68e7f48,2013,2013,24,31,12,2,0,3
598014,1,6b8eb6e5,2013,2013,24,20,13,2,1,2
598015,2,66b30f71,2013,2013,24,34,7,0,0,2
598015,2,3d8feaf8,2013,2013,24,35,7,1,0,2
598017,1,16043342,2013,2013,12,17,4,0,0,1
598018,2,0f12f9df,2013,2013,24,20,13,0,0,3
598019,1,8b5b6769,2013,2013,24,26,7,1,0,1
598019,2,557153ca,2013,2013,18,25,3,1,0,1
598020,2,87e562a9,2013,2013,9,8,4,0,0,1
598026,2,99b202b3,2013,2013,18,16,7,0,0,1
598031,1,86dc8f2e,2013,2013,24,14,11,0,0,2
598035,1,66b30f71,2013,2013,24,31,14,0,0,3
598037,2,d2a989fc,2013,2013,24,44,11,1,1,2
598038,1,5d9a1a73,2013,2013,24,27,8,0,0,1
598040,1,9d80c5e1,2013,2013,24,23,11,0,0,1
1082592,1,acee4cc4,2017,2017,24,28,8,0,0,3
1082592,2,51a3c5ef,2017,2017,24,36,9,0,0,1
1082595,2,6834d1f2,2017,2017,24,29,12,1,0,2
1082596,1,96fd40ae,2017,2017,24,27,8,0,0,1
1082600,2,2e81a32d,2017,2017,24,21,11,0,0,3
1082604,1,2e81a32d,2017,2017,24,20,11,0,0,3
1082604,2,9d430b40,2017,2017,24,18,10,0,0,1
1082606,2,7c7d63a2,2017,2017,24,34,6,1,0,2
1082607,2,1e66c162,2017,2017,24,25,12,1,0,2
1082608,1,4c5d73db,2017,2017,24,31,4,0,0,1
1082610,1,871e9faf,2017,2017,24,31,11,0,0,1
1082610,2,350bb1b1,2017,2017,24,43,5,3,0,1
1082615,2,2e81a32d,2017,2017,24,39,9,1,0,1
1082621,1,7c7d63a2,2017,2017,24,12,12,0,0,3
1082624,1,f62772e5,2017,2017,24,18,12,1,0,1
1082624,2,1e66c162,2017,2017,24,19,10,1,0,1
1082624,2,2f9d0389,2017,2017,24,7,17,1,0,2
1082628,1,51a3c5ef,2017,2017,24,34,9,0,0,3
1082632,2,9fc0ef64,2017,2017,24,43,9,1,0,1
1082635,1,6b19d823,2017,2017,24,37,9,0,0,1
1082635,2,119678fd,2017,2017,22,11,13,1,0,3
1082641,1,119678fd,2017,2017,18,32,4,0,0,1
1082646,1,91a4a398,2017,2017,24,31,9,1,0,1
1082647,2,f19ccfad,2017,2017,24,16,13,0,0,3
1082650,2,f5180fe6,2017,2017,24,26,8,0,0,3
1136561,1,acee4cc4,2018,2018,12,23,4,0,0,1
1136561,2,462411b3,2018,2018,24,37,10,0,1,1
1136561,2,a9fd84fb,2018,2018,24,23,10,0,0,3
1136562,1,759ac88f,2018,2018,24,33,4,0,0,2
1136562,1,2e171977,2018,2018,18,35,3,0,0,1
1136563,1,41eb4a4f,2018,2018,12,30,6,0,0,2
1136564,1,5f547c8b,2018,2018,24,23,10,0,0,1
1136566,1,8cf9814c,2018,2018,23,29,10,1,0,1
1136569,2,5b8c830e,2018,2018,18,21,8,0,0,2
1136570,2,8d2c70ad,2018,2018,24,23,8,0,0,1
1136573,1,39a2dfa8,2018,2018,18,18,10,0,0,3
1136573,1,8cf9814c,2018,2018,24,53,5,1,0,1
1136573,2,98ae73b1,2018,2018,12,16,4,1,0,1
1136574,1,4c5d73db,2018,2018,18,31,9,1,0,1
1136577,2,87e562a9,2018,2018,12,16,2,2,0,2
1136578,1,d8b2f218,2018,2018,24,50,7,2,0,2
1136584,1,acee4cc4,2018,2018,24,35,5,0,0,2
1136588,1,1e66c162,2018,2018,18,33,4,0,0,1
1136592,1,d2a989fc,2018,2018,18,37,9,3,0,1
1136597,1,9d430b40,2018,2018,24,35,8,0,0,2
1136597,2,51a3c5ef,2018,2018,24,30,10,0,0,1
1136597,2,a9fd84fb,2018,2018,18,25,9,0,0,1
1136598,1,2e171977,2018,2018,24,21,6,0,0,1
1136599,2,dcf81436,2018,2018,24,25,5,0,0,1
1136601,2,5b8c830e,2018,2018,19,12,12,0,0,2
1136604,1,7c7d63a2,2018,2018,24,41,7,2,0,4
1136605,2,b410bd3d,2018,2018,24,25,9,0,0,1
1136607,2,dbe50b21,2018,2018,24,52,7,0,0,2
1136612,1,1abb78f8,2018,2018,24,27,10,0,0,1
1136612,2,b410bd3d,2018,2018,24,21,10,0,0,1
1136614,2,7dc35884,2018,2018,18,30,4,0,0,1
1136615,2,b410bd3d,2018,2018,24,36,10,1,0,3
1136615,2,6b19d823,2018,2018,24,19,13,0,0,3
1136616,2,759ac88f,2018,2018,19,28,7,1,0,1
1136620,1,1abb78f8,2018,2018,18,31,4,2,0,1
1136620,2,e342e5fb,2018,2018,15,27,3,1,0,1
1175357,1,98ae73b1,2019,2019,18,23,10,0,0,1
1175358,1,462411b3,2019,2019,24,40,7,0,0,1
1175360,1,acee4cc4,2019,2019,12,20,3,0,0,1
1175361,2,bbd41817,2019,2019,18,21,7,0,0,2
1178393,2,23eeb873,2019,2019,24,40,8,1,2,1
1178396,1,e412cb64,2019,2019,24,25,9,1,0,2
1178405,1,2e81a32d,2019,2019,24,33,9,1,1,2
1178409,2,462411b3,2019,2019,24,18,12,0,0,2
1178413,1,2e81a32d,2019,2019,24,35,12,1,0,2
1178415,2,04a418e8,2019,2019,18,25,4,0,0,1
1178418,1,1e66c162,2019,2019,24,50,7,1,0,1
1178419,1,acee4cc4,2019,2019,24,37,5,0,0,1
1178419,2,dbe50b21,2019,2019,12,22,5,1,1,1
1178425,2,23eeb873,2019,2019,18,32,6,0,0,1
1178426,2,5b8c830e,2019,2019,24,22,6,1,0,2
1178427,2,8cf9814c,2019,2019,18,15,8,0,0,1
1181767,2,2e171977,2019,2019,24,32,10,0,0,1
1181768,2,5b8c830e,2019,2019,18,39,8,0,0,1
1216496,1,f834dcfc,2020/21,2021,24,56,7,2,2,1
1216497,2,5b7ab5a9,2020/21,2021,24,20,9,1,0,5
1216504,1,e86754b2,2020/21,2021,24,37,7,4,0,1
1216504,2,ded9240e,2020/21,2021,18,13,11,0,0,1
1216508,1,bbd41817,2020/21,2021,12,17,4,0,0,1
1216508,2,462411b3,2020/21,2021,24,32,13,1,0,2
1216511,2,a818c1be,2020/21,2021,24,26,12,0,0,2
1216512,1,5f547c8b,2020/21,2021,24,28,9,0,0,1
1216514,2,5574750c,2020/21,2021,24,18,14,0,0,1
1216522,1,fb66ce1f,2020/21,2021,24,26,12,4,0,4
1216524,1,acdc62f5,2020/21,2021,24,37,10,3,0,1
1216525,1,1abb78f8,2020/21,2021,24,40,8,1,1,2
1216525,2,57ee1fde,2020/21,2021,24,35,6,1,0,1
1216533,2,23eeb873,2020/21,2021,24,18,16,0,0,2
1216534,1,0994d0ae,2020/21,2021,8,14,4,1,2,1
1216534,1,f29185a1,2020/21,2021,12,16,2,0,0,1
1216535,1,462411b3,2020/21,2021,24,17,15,1,0,3
1216535,2,acdc62f5,2020/21,2021,14,25,6,0,0,1
1216538,2,a818c1be,2020/21,2021,24,28,11,0,0,2
1216540,2,2f49c897,2020/21,2021,18,24,9,0,0,1
1216544,1,e4a0deae,2020/21,2021,24,23,7,0,0,1
1216546,1,b681e71e,2020/21,2021,24,31,5,0,0,1
1216546,1,9219eff0,2020/21,2021,12,17,4,0,0,1
1216546,2,495d42a5,2020/21,2021,24,27,8,1,0,1
1216547,1,2ed569a0,2020/21,2021,24,31,7,1,0,1
1237177,1,acdc62f5,2020/21,2021,24,50,9,0,0,1
1237178,1,ce794613,2020/21,2021,24,33,6,0,0,2
1237180,1,ce820073,2020/21,2021,24,30,7,0,0,1
1237180,1,0f721006,2020/21,2021,24,50,6,0,0,1
1254058,2,5b8c830e,2021,2021,24,25,9,0,0,1
1254066,2,5b8c830e,2021,2021,18,30,8,0,0,1
1254067,1,5b7ab5a9,2021,2021,24,39,6,0,1,2
1254068,1,4c5d73db,2021,2021,24,42,8,0,1,1
1254071,1,dcf81436,2021,2021,22,27,7,0,1,1
1254071,2,b52ffbbd,2021,2021,24,22,13,1,0,1
1254074,1,244048f6,2021,2021,18,28,7,2,0,1
1254075,1,2cdce1be,2021,2021,24,31,7,4,1,1
1254077,2,eef2536f,2021,2021,24,34,9,3,0,3
1254078,2,8cf9814c,2021,2021,24,25,17,1,0,1
1254078,2,73ad96ed,2021,2021,12,20,3,0,0,1
1254081,1,2ed569a0,2021,2021,24,33,7,0,0,2
1254084,2,bb351c23,2021,2021,6,1,5,0,0,1
1254085,1,5f547c8b,2021,2021,24,24,8,0,0,1
1254086,2,ffe699c0,2021,2021,12,21,4,0,0,1
1254091,1,03806cf8,2021,2021,24,24,11,0,0,3
1254091,2,5f547c8b,2021,2021,24,27,12,1,0,1
1254100,1,2e81a32d,2021,2021,24,28,8,1,0,1
1254102,1,df064e1a,2021,2021,24,22,9,0,0,2
1254104,1,a818c1be,2021,2021,24,35,12,0,0,2
1254108,2,b681e71e,2021,2021,24,23,8,1,0,2
1254109,2,0f721006,2021,2021,24,32,8,0,0,2
1254112,2,56ab442f,2021,2021,24,19,10,0,0,1
1254115,1,9d430b40,2021,2021,24,21,11,1,0,4
1304054,1,bbd41817,2022,2022,2,0,2,0,0,1
1304063,1,2e81a32d,2022,2022,24,36,9,4,0,1
1304064,2,1e66c162,2022,2022,24,30,9,0,0,1
1304065,1,cc1e8c68,2022,2022,24,48,7,0,1,1
1304067,1,ce794613,2022,2022,24,34,8,1,0,2
1304069,2,e62dd25d,2022,2022,24,29,15,0,0,2
1304071,1,81c08fa3,2022,2022,24,27,13,0,0,2
1304072,1,b52ffbbd,2022,2022,24,46,6,0,0,1
1304073,1,1abb78f8,2022,2022,24,27,12,1,0,1
1304076,1,bbd41817,2022,2022,12,29,3,1,0,1
1304076,2,495d42a5,2022,2022,24,38,8,0,0,1
1304081,1,cc1e8c68,2022,2022,24,31,9,0,0,1
1304088,1,ce820073,2022,2022,24,18,14,2,0,1
1304096,1,2e81a32d,2022,2022,24,25,14,0,0,1
1304099,2,327b58d3,2022,2022,18,14,11,0,0,1
1304101,2,30df8c66,2022,2022,24,27,13,1,0,2
1304102,2,bbd41817,2022,2022,15,22,6,0,0,2
1304103,2,c7a995d3,2022,2022,12,7,5,0,0,2
1304104,1,3d8feaf8,2022,2022,18,25,5,0,0,2
1304109,1,df064e1a,2022,2022,24,31,9,1,0,2
1304114,1,529eb9e0,2022,2022,24,20,11,2,0,2
1312200,2,a818c1be,2022,2022,24,14,16,2,0,1
1359476,2,244048f6,2023,2023,18,19,10,0,0,3
1359477,2,8d92a2c3,2023,2023,24,14,17,1,1,5
1359478,2,0f721006,2023,2023,18,16,10,0,0,1
1359478,2,495d42a5,2023,2023,24,27,10,2,0,1
1359481,1,b0946605,2023,2023,24,29,13,1,0,2
1359484,1,5b8c830e,2023,2023,24,18,15,0,0,3
1359484,2,2e81a32d,2023,2023,12,19,7,5,0,1
1359489,1,6b19d823,2023,2023,12,18,2,0,0,1
1359489,2,3a60e0b5,2023,2023,24,41,6,3,0,3
1359497,2,dbe50b21,2023,2023,24,24,14,0,0,1
1359499,2,98ae73b1,2023,2023,24,43,5,0,0,2
1359501,2,f986ca1a,2023,2023,20,22,9,1,1,1
1359505,1,5574750c,2023,2023,24,42,7,1,0,1
1359505,2,50c6bc2b,2023,2023,12,23,2,0,0,1
1359508,1,2e81a32d,2023,2023,24,11,14,0,0,2
1359508,2,5bb1a1c4,2023,2023,18,18,8,0,0,1
1359511,2,495d42a5,2023,2023,24,35,7,0,0,2
1359516,1,64775749,2023,2023,24,51,7,2,0,1
1359522,1,8cf9814c,2023,2023,24,27,13,2,0,1
1359525,2,5f547c8b,2023,2023,24,34,6,0,0,1
1359525,2,efc04be7,2023,2023,24,26,10,1,0,1
1359530,1,ce820073,2023,2023,24,34,12,0,0,1
1359532,1,4885bbe6,2023,2023,18,24,7,1,0,1
1359533,2,9eb1455b,2023,2023,24,26,6,1,0,2
1359534,2,b681e71e,2023,2023,6,3,4,0,0,1
1359535,1,5b7ab5a9,2023,2023,24,36,5,2,0,2
1370350,1,8cf9814c,2023,2023,24,28,9,0,1,2
1370353,2,759ac88f,2023,2023,18,36,4,0,0,3
1422123,1,98ae73b1,2024,2024,18,31,4,5,0,1
1422128,1,9d430b40,2024,2024,24,40,6,0,0,1
1422128,2,a457cfb5,2024,2024,17,23,5,0,0,1
1426263,2,54e52590,2024,2024,18,32,6,0,0,1
1426264,1,8d2c70ad,2024,2024,24,20,10,1,0,3
1426264,2,c0c411cb,2024,2024,18,24,5,0,0,1
1426266,1,5b7ab5a9,2024,2024,24,30,9,2,0,1
1426268,1,8db7f47f,2024,2024,24,68,3,2,0,1
1426268,2,ded9240e,2024,2024,24,43,10,1,0,3
1426270,2,5f547c8b,2024,2024,12,12,6,0,0,1
1426279,2,983f2f61,2024,2024,18,40,3,0,1,2
1426281,1,65b6943c,2024,2024,24,68,5,0,0,1
1426284,1,ce794613,2024,2024,24,43,8,3,0,1
1426286,2,62af8546,2024,2024,8,16,1,0,0,1
1426290,1,2f49c897,2024,2024,24,29,13,3,0,2
1426290,1,eaa76d3c,2024,2024,24,28,11,0,0,1
1426295,1,ded9240e,2024,2024,24,47,5,0,0,1
1426296,1,e94915e6,2024,2024,18,50,2,2,0,1
1426296,2,983f2f61,2024,2024,18,28,7,0,0,2
1426297,2,5f547c8b,2024,2024,24,38,8,0,0,2
1426300,1,5bb1a1c4,2024,2024,18,31,5,3,0,1
598041,1,fd835ab3,2013,2013,24,31,6,1,0,0
598059,2,cc1e8c68,2013,2013,18,19,9,0,0,0
598060,2,c03c6200,2013,2013,12,15,3,2,0,0
598061,2,ef5da05c,2013,2013,24,34,4,0,0,0
598070,1,f0f628c7,2013,2013,18,32,3,0,0,0
729279,2,86dc8f2e,2014,2014,18,23,4,0,0,0
729281,2,9d80c5e1,2014,2014,16,32,4,1,1,0
729293,1,4b57e452,2014,2014,6,13,2,0,0,0
729305,2,66b30f71,2014,2014,12,8,7,0,0,0
733971,1,98ae73b1,2014,2014,18,31,6,0,0,0
733979,2,33a364a6,2014,2014,18,30,1,0,0,0
733981,1,35205dfc,2014,2014,6,9,1,0,0,0
733985,2,8cf9814c,2014,2014,24,23,8,0,0,0
733999,2,0a3d54b9,2014,2014,17,41,5,2,0,0
734013,2,1dc12ab9,2014,2014,24,20,9,0,0,0
734021,1,fe763256,2014,2014,6,7,2,0,0,0
734027,1,1c914163,2014,2014,12,21,3,0,0,0
734037,2,2e81a32d,2014,2014,14,22,7,1,0,0
734045,2,e938e1bc,2014,2014,24,27,6,0,0,0
829709,1,1647bd37,2015,2015,24,43,4,0,0,0
829713,1,c03c6200,2015,2015,6,7,1,0,0,0
829715,2,1e66c162,2015,2015,18,30,7,0,0,0
829725,2,b681e71e,2015,2015,6,10,1,0,0,0
829727,1,fb66ce1f,2015,2015,18,23,10,0,0,0
829735,2,495d42a5,2015,2015,12,21,0,0,0,0
829745,2,495d42a5,2015,2015,6,17,1,1,0,0
829747,1,dbe50b21,2015,2015,12,14,4,0,0,0
829749,2,fb66ce1f,2015,2015,18,23,5,0,0,0
829751,2,8b5b6769,2015,2015,24,36,11,0,0,0
829759,1,4b57e452,2015,2015,18,16,3,0,0,0
829765,1,cc1e8c68,2015,2015,24,36,11,1,0,0
829767,1,896d78ad,2015,2015,18,19,6,1,0,0
829771,1,0a3d54b9,2015,2015,12,29,3,0,0,0
829771,2,cc1e8c68,2015,2015,12,31,2,1,0,0
829783,1,51a3c5ef,2015,2015,24,37,7,1,0,0
829791,1,cc1e8c68,2015,2015,24,36,8,2,0,0
829793,2,5bb1a1c4,2015,2015,24,39,9,0,0,0
829797,1,33a364a6,2015,2015,18,23,4,0,0,0
829807,2,119678fd,2015,2015,6,14,0,0,0,0
980903,1,cc1e8c68,2016,2016,18,21,9,0,0,0
980903,1,af2c687b,2016,2016,6,7,4,0,0,0
980909,1,13c35c9e,2016,2016,24,43,7,3,0,0
980915,1,98ae73b1,2016,2016,6,13,2,0,0,0
980917,2,13c35c9e,2016,2016,24,31,11,0,0,0
980927,2,4329fbb5,2016,2016,24,40,8,1,0,0
980933,2,8cf9814c,2016,2016,18,24,9,0,0,0
980963,2,7dc35884,2016,2016,18,21,6,0,0,0
980975,2,cc1e8c68,2016,2016,12,18,3,0,0,0
980987,1,6aed7e79,2016,2016,12,25,3,0,0,0
980989,1,9d430b40,2016,2016,22,10,13,0,0,0
980991,1,2e11c706,2016,2016,7,11,2,0,0,0
981003,2,119678fd,2016,2016,18,25,2,0,0,0
981007,2,dbe50b21,2016,2016,6,10,3,1,0,0
981009,2,3c6ffae8,2016,2016,6,4,3,0,0,0
1426311,2,1e66c162,2024,2024,6,5,2,1,0,0
1426312,2,ce794613,2024,2024,12,29,2,2,0,0
1473439,1,fb2d1dda,2025,2025,6,9,0,0,0,0
1473440,2,a818c1be,2025,2025,18,27,4,1,0,0
1473441,1,2e171977,2025,2025,18,18,7,0,0,0
1473441,1,85b3fab2,2025,2025,6,28,1,0,0,0
1473443,2,04a418e8,2025,2025,24,25,6,0,0,0
1473447,1,2cffab74,2025,2025,12,17,3,2,0,0
1473447,2,c96f6ac5,2025,2025,6,16,1,0,0,0
1473448,2,46a9bea1,2025,2025,24,45,8,2,0,0
1473449,2,77b1aa15,2025,2025,12,28,5,1,1,0
1473449,2,9d430b40,2025,2025,18,32,5,0,0,0
1473450,1,d9273ee7,2025,2025,12,15,5,0,0,0
1473457,2,36619795,2025,2025,24,33,4,0,0,0
1473458,1,e4a0deae,2025,2025,24,40,6,1,0,0
1473459,1,64839cb3,2025,2025,24,52,4,1,0,0
1473469,1,ce820073,2025,2025,24,33,7,5,1,0
1473469,2,2cffab74,2025,2025,18,31,5,0,0,0
1473471,2,9440ef41,2025,2025,18,25,8,0,0,0
1473472,2,2e171977,2025,2025,12,18,3,0,0,0
1473475,2,efc04be7,2025,2025,18,36,3,0,0,0
1473478,1,e4a0deae,2025,2025,24,19,9,0,0,0
1473478,2,ded9240e,2025,2025,18,31,7,0,0,0
1473483,2,2cffab74,2025,2025,21,51,7,0,1,0
1473484,1,04a418e8,2025,2025,6,14,0,0,0,0
1473490,2,bbd41817,2025,2025,6,11,0,0,0,0
1473494,1,495d42a5,2025,2025,18,19,10,0,0,0
1473499,2,eef2536f,2025,2025,18,25,4,2,0,0
1527674,2,f986ca1a,2026,2026,16,39,2,1,0,0
1527675,2,449f4e3c,2026,2026,18,34,6,0,0,0
1527675,2,5b7ab5a9,2026,2026,24,48,5,1,0,0
1527675,2,e4cdf230,2026,2026,7,15,1,1,0,0
1527678,2,acdc62f5,2026,2026,24,39,7,7,0,0
1527679,1,5b7ab5a9,2026,2026,12,31,1,1,0,0
1527680,1,244048f6,2026,2026,24,41,8,3,0,0
1527680,2,a2f46292,2026,2026,18,28,9,3,0,0
1527680,2,efc04be7,2026,2026,24,38,6,1,1,0
1527681,2,1abb78f8,2026,2026,18,41,3,1,0,0
1527682,2,fe93fd9d,2026,2026,12,25,1,0,0,0
1527686,1,462411b3,2026,2026,18,32,5,1,0,0
1527689,2,f1f99156,2026,2026,6,18,1,0,0,0
1529266,2,e5437608,2026,2026,7,9,1,0,0,0
1529267,2,23eeb873,2026,2026,15,45,2,3,0,0
1529271,1,eaa76d3c,2026,2026,12,27,5,4,0,0
1529277,1,c5aef772,2026,2026,6,17,0,0,0,0
1529278,1,81c36ee9,2026,2026,24,45,7,0,0,0
1529280,2,cc61ee8f,2026,2026,18,36,1,0,0,0
1529280,2,a4e37e47,2026,2026,6,7,2,0,0,0
1529281,1,8cf9814c,2026,2026,24,34,8,1,0,0
1529283,2,81c36ee9,2026,2026,20,41,3,1,0,0
1529287,2,a818c1be,2026,2026,19,37,5,2,0,0
1529287,2,e48a4814,2026,2026,12,22,4,0,0,0
1529299,1,aad0c365,2026,2026,18,27,8,0,0,0
1529299,1,7b44eb3e,2026,2026,12,19,2,2,0,0
1529302,1,b1ad996b,2026,2026,24,26,12,3,0,0
1529302,2,cc61ee8f,2026,2026,18,34,4,0,0,0
1529306,1,7b44eb3e,2026,2026,18,20,3,0,0,0
1529306,2,83c3e8e3,2026,2026,18,26,8,0,0,0
1529306,2,a4e37e47,2026,2026,6,12,1,1,0,0
1529307,1,133bbd61,2026,2026,24,44,8,2,1,0
1535464,2,46a9bea1,2026,2026,18,34,4,0,0,0
335987,1,3c6ffae8,2007/08,2008,6,13,3,0,0,0
335989,1,a45a5e8d,2007/08,2008,6,14,2,0,0,0
336000,2,3c6ffae8,2007/08,2008,12,14,3,0,0,0
336002,2,c3d1402f,2007/08,2008,18,15,9,0,0,0
336003,1,5bb1a1c4,2007/08,2008,24,41,7,0,1,0
336004,2,5f4e9e8f,2007/08,2008,12,13,3,0,0,0
336022,1,5fa06777,2007/08,2008,12,13,8,0,0,0
336022,2,ab89348d,2007/08,2008,6,11,0,0,0,0
336026,1,93a17209,2007/08,2008,24,25,12,1,0,0
336026,2,af7dadf7,2007/08,2008,20,21,6,0,0,0
336033,1,20a941bb,2007/08,2008,24,43,8,0,1,0
336035,2,5d096f3d,2007/08,2008,12,14,7,1,0,0
336037,2,57efa3be,2007/08,2008,18,16,6,0,0,0
336039,2,6b8eb6e5,2007/08,2008,6,7,3,1,0,0
392181,2,5f4e9e8f,2009,2009,6,15,0,0,0,0
392182,1,3c6ffae8,2009,2009,12,17,5,1,0,0
392184,2,fa463154,2009,2009,6,17,1,1,0,0
392184,2,db584dad,2009,2009,6,14,2,0,0,0
392185,1,41eb4a4f,2009,2009,6,12,1,0,0,0
392188,2,2a72fd4f,2009,2009,24,44,7,4,0,0
392192,2,2a72fd4f,2009,2009,6,19,1,0,0,0
392192,2,740742ef,2009,2009,6,8,3,0,0,0
392196,2,9f961c14,2009,2009,6,14,0,0,0,0
392197,1,725529bc,2009,2009,6,16,2,1,0,0
392204,2,d92e42f5,2009,2009,12,10,4,0,0,0
392205,2,8a668774,2009,2009,12,19,3,0,0,0
392208,2,d2c2b2d5,2009,2009,12,21,2,0,0,0
392211,1,6b19d823,2009,2009,24,18,14,0,0,0
392212,2,35205dfc,2009,2009,6,13,2,0,0,0
392213,1,c69a7b5c,2009,2009,6,6,1,0,0,0
392222,2,6b8eb6e5,2009,2009,6,21,1,0,0,0
392226,1,5d096f3d,2009,2009,18,20,6,2,0,0
392227,2,8b5b6769,2009,2009,18,22,4,0,0,0
392231,1,69be866a,2009,2009,6,12,2,2,0,0
392231,1,ea0cdc12,2009,2009,24,38,4,0,0,0
392233,2,fe93fd9d,2009,2009,12,13,4,0,0,0
392233,2,0a4ebc61,2009,2009,12,10,5,0,0,0
392236,1,d7b3a420,2009,2009,18,32,8,1,0,0
392238,2,b2b50355,2009,2009,12,16,4,0,0,0
419109,2,8fd1a8f5,2009/10,2010,24,38,10,2,0,0
419110,1,6581d753,2009/10,2010,13,15,6,1,0,0
419111,2,addfb70e,2009/10,2010,24,26,11,5,0,0
419119,2,87e562a9,2009/10,2010,19,35,5,0,0,0
419126,1,2815fe50,2009/10,2010,6,16,2,2,0,0
419126,2,bd77eb62,2009/10,2010,12,9,7,0,0,0
419133,1,4ba44e19,2009/10,2010,24,21,9,0,0,0
419134,1,3c6ffae8,2009/10,2010,18,25,4,0,0,0
419135,2,86ae8ef2,2009/10,2010,18,33,4,1,0,0
419139,2,fd835ab3,2009/10,2010,6,13,0,0,0,0
419141,2,3c6ffae8,2009/10,2010,12,3,9,0,0,0
419142,1,a12e1d51,2009/10,2010,24,36,7,6,0,0
419146,2,626c5379,2009/10,2010,12,14,3,1,0,0
419156,2,2049f3a0,2009/10,2010,24,36,9,2,0,0
419157,1,41eb4a4f,2009/10,2010,18,26,8,0,0,0
419158,2,3d7e087f,2009/10,2010,12,16,5,0,0,0
419159,1,c24a2c5d,2009/10,2010,12,24,5,1,0,0
419161,1,725529bc,2009/10,2010,6,13,1,0,0,0
419162,1,41eb4a4f,2009/10,2010,12,25,4,1,0,0
419162,1,86dc8f2e,2009/10,2010,12,25,1,0,0,0
419165,1,a12e1d51,2009/10,2010,24,33,11,5,0,0
501203,2,4ec07775,2011,2011,6,7,0,1,0,0
501213,2,b552a935,2011,2011,12,22,6,0,0,0
501214,2,4329fbb5,2011,2011,24,20,12,1,0,0
501215,1,41eb4a4f,2011,2011,18,16,8,0,0,0
501227,1,db584dad,2011,2011,12,20,2,0,0,0
501231,2,a757b0d8,2011,2011,12,16,4,1,0,0
501233,2,cc1e8c68,2011,2011,18,28,8,0,0,0
501234,2,25eeb281,2011,2011,12,13,5,0,0,0
501239,1,0a476045,2011,2011,6,4,2,0,0,0
501246,2,bd77eb62,2011,2011,12,23,3,0,0,0
501250,1,dddca1d6,2011,2011,6,8,4,0,0,0
501259,2,3d8feaf8,2011,2011,18,30,6,1,0,0
501267,1,67af6f81,2011,2011,18,33,1,0,0,0
548307,1,5fa06777,2012,2012,6,9,3,0,0,0
548314,1,8b5b6769,2012,2012,24,18,12,0,0,0
548314,2,24d94623,2012,2012,24,18,14,0,0,0
548316,2,fe93fd9d,2012,2012,12,19,2,0,0,0
548320,1,b2b50355,2012,2012,24,27,13,3,0,0
548327,1,5bdcdb72,2012,2012,12,24,2,0,0,0
548328,1,86dc8f2e,2012,2012,18,23,3,0,0,0
548332,1,fe93fd9d,2012,2012,18,32,5,10,0,0
548332,2,8291f939,2012,2012,12,10,7,0,0,0
548333,2,91ffa6c6,2012,2012,6,18,1,0,0,0
548334,1,fd835ab3,2012,2012,6,12,0,0,0,0
548345,2,fa463154,2012,2012,24,33,3,1,0,0
548347,2,93a17209,2012,2012,6,11,0,2,0,0
548347,2,fe93fd9d,2012,2012,12,13,2,1,0,0
548348,1,725529bc,2012,2012,18,39,1,0,0,0
548355,2,c3d35165,2012,2012,18,34,8,0,0,0
548356,1,91a4a398,2012,2012,24,32,10,1,0,0
548360,2,a12e1d51,2012,2012,24,20,14,1,0,0
548364,1,fe93fd9d,2012,2012,6,11,0,0,0,0
548368,2,3c6ffae8,2012,2012,12,14,4,0,0,0
548369,2,2a72fd4f,2012,2012,18,22,4,0,0,0
548371,1,fd835ab3,2012,2012,18,23,6,0,0,0
548371,2,495d42a5,2012,2012,24,27,10,0,0,0
548380,1,bbd41817,2012,2012,24,30,8,0,0,0
598006,1,9d80c5e1,2013,2013,18,26,3,0,0,0
598007,2,12eddf28,2013,2013,24,30,10,0,0,0
598012,1,759ac88f,2013,2013,12,13,5,0,0,0
598013,1,6b19d823,2013,2013,18,28,7,0,0,0
598019,2,29d72eb2,2013,2013,18,10,12,1,0,0
598025,1,98ae73b1,2013,2013,24,33,5,0,0,0
598026,2,3d7e087f,2013,2013,18,32,0,2,0,0
598027,1,e0407c01,2013,2013,12,33,2,0,1,0
598031,2,dc4686e6,2013,2013,18,21,8,1,0,0
598032,1,3d7e087f,2013,2013,18,26,7,2,0,0
598035,1,2e81a32d,2013,2013,24,30,13,8,0,0
598035,1,dfc4d8b5,2013,2013,24,38,10,1,0,0
598035,1,cca50cd6,2013,2013,6,16,0,2,0,0
1082591,2,32198ae0,2017,2017,12,20,1,0,1,0
1082592,2,a757b0d8,2017,2017,11,30,0,1,0,0
1082601,1,a818c1be,2017,2017,24,36,10,0,0,0
1082603,2,24d94623,2017,2017,6,16,1,0,0,0
1082603,2,2f9d0389,2017,2017,24,44,9,2,0,0
1082606,1,dbe50b21,2017,2017,6,15,1,0,0,0
1082610,1,7c7d63a2,2017,2017,24,34,8,0,0,0
1082610,1,fe93fd9d,2017,2017,24,57,4,0,0,0
1082614,2,8b5b6769,2017,2017,24,26,9,0,0,0
1082614,2,5b8c830e,2017,2017,6,8,1,0,0,0
1082616,2,ce794613,2017,2017,18,22,4,2,0,0
1082621,2,18e6906e,2017,2017,12,21,5,2,0,0
1082630,2,32198ae0,2017,2017,13,36,1,1,0,0
1082635,1,91a4a398,2017,2017,24,29,5,0,0,0
1082636,1,db31895a,2017,2017,24,25,6,0,0,0
1082637,2,759ac88f,2017,2017,24,35,4,0,0,0
1082637,2,2e171977,2017,2017,18,29,1,0,0,0
1082643,2,f18ba07f,2017,2017,13,31,1,0,0,0
1082645,1,e087956b,2017,2017,18,10,12,1,0,0
1082648,1,3c6ffae8,2017,2017,6,7,2,0,0,0
1136570,1,5f547c8b,2018,2018,24,31,5,0,0,0
1136575,1,9d430b40,2018,2018,24,48,6,0,0,0
1136577,1,bd17b45f,2018,2018,12,33,2,1,1,0
1136581,1,90de905a,2018,2018,18,20,5,0,0,0
1136589,1,c38d3503,2018,2018,18,21,6,2,0,0
1136593,2,119678fd,2018,2018,6,11,0,0,0,0
1136594,2,2e171977,2018,2018,6,9,1,0,0,0
1136595,2,2f49c897,2018,2018,12,18,5,0,0,0
1136596,1,2e81a32d,2018,2018,24,33,7,0,0,0
1136602,2,b681e71e,2018,2018,6,9,1,0,0,0
1136603,2,119678fd,2018,2018,6,10,1,0,0,0
1136606,1,fe93fd9d,2018,2018,12,24,2,0,0,0
1136607,1,90de905a,2018,2018,12,23,5,2,0,0
1136607,2,5b8c830e,2018,2018,24,24,8,0,0,0
1136612,1,8b5b6769,2018,2018,12,24,4,0,0,0
1136619,2,2e81a32d,2018,2018,24,38,8,0,0,0
1175357,2,2e81a32d,2019,2019,24,37,10,0,0,0
1175358,1,b8527c3d,2019,2019,24,42,8,1,2,0
1175359,1,7a8bd078,2019,2019,6,5,2,0,0,0
1175366,1,441c72ae,2019,2019,24,56,2,0,0,0
1175366,2,0994d0ae,2019,2019,12,13,6,2,1,0
1175367,1,7a8bd078,2019,2019,18,23,5,0,0,0
1175367,2,fe93fd9d,2019,2019,12,23,1,0,0,0
1175369,1,e087956b,2019,2019,18,29,4,0,0,0
1175369,2,21d4e29b,2019,2019,24,35,10,1,0,0
1175372,2,d9273ee7,2019,2019,10,28,2,1,0,0
1178393,1,e94915e6,2019,2019,24,35,6,1,0,0
1178401,1,2e171977,2019,2019,24,30,10,0,0,0
1178402,1,7a8bd078,2019,2019,24,21,10,0,0,0
1178402,1,50c6bc2b,2019,2019,6,13,3,0,0,0
1178413,2,edb3d4f8,2019,2019,12,34,1,1,0,0
1178413,2,bbd41817,2019,2019,6,8,1,0,0,0
1178420,2,2e81a32d,2019,2019,24,22,13,1,0,0
1178422,1,d8b2f218,2019,2019,12,27,4,0,0,0
1178426,2,a12e1d51,2019,2019,24,43,7,0,0,0
1178428,1,d014d5ac,2019,2019,5,2,3,0,0,0
1181764,2,fe93fd9d,2019,2019,24,18,13,0,0,0
1181768,1,8b5b6769,2019,2019,24,27,7,1,0,0
1181768,1,fe93fd9d,2019,2019,12,12,3,0,0,0
1216493,1,ffe699c0,2020/21,2021,24,56,8,3,1,0
1216493,1,90de905a,2020/21,2021,24,39,5,0,0,0
1216498,1,a2f46292,2020/21,2021,24,31,7,0,0,0
1216500,1,7a8bd078,2020/21,2021,12,23,4,0,0,0
1216507,2,ce794613,2020/21,2021,24,32,8,0,0,0
1216513,2,8cf9814c,2020/21,2021,22,35,7,6,0,0
1216514,1,f19ccfad,2020/21,2021,24,20,8,0,0,0
1216516,2,a2f46292,2020/21,2021,23,34,9,2,0,0
1216517,2,a818c1be,2020/21,2021,24,48,6,1,0,0
1216521,2,fe93fd9d,2020/21,2021,6,15,1,0,0,0
1216526,2,ded9240e,2020/21,2021,18,28,8,0,0,0
1216528,2,98ae73b1,2020/21,2021,6,8,0,0,0,0
1216531,2,ac5ae4af,2020/21,2021,12,14,3,1,0,0
1216532,1,d9273ee7,2020/21,2021,18,22,3,0,0,0
1216534,1,5f547c8b,2020/21,2021,24,31,3,0,0,0
1216537,1,5d2eea49,2020/21,2021,24,47,9,0,1,0
1216541,2,a818c1be,2020/21,2021,24,40,7,0,0,0
1216543,1,39a2dfa8,2020/21,2021,18,23,5,0,0,0
1216547,1,a757b0d8,2020/21,2021,6,13,0,0,0,0
1237177,1,caf69bf7,2020/21,2021,24,44,4,0,0,0
1237178,2,bb351c23,2020/21,2021,6,4,3,0,0,0
1237181,1,5b8c830e,2020/21,2021,18,30,3,1,0,0
1254059,2,bb351c23,2021,2021,18,33,2,0,1,0
1254067,1,7dc35884,2021,2021,12,24,2,0,0,0
1254069,1,04a418e8,2021,2021,6,16,2,1,0,0
1254071,1,0994d0ae,2021,2021,6,6,3,0,0,0
1254078,2,ffe699c0,2021,2021,18,24,7,0,0,0
1254080,1,23eeb873,2021,2021,18,21,7,1,0,0
1254087,2,f986ca1a,2021,2021,12,13,3,1,0,0
1254089,1,9a46c4e5,2021,2021,6,3,3,0,0,0
1254090,1,244048f6,2021,2021,18,42,6,4,0,0
1254096,1,bbd41817,2021,2021,18,37,4,1,0,0
1254104,1,a757b0d8,2021,2021,12,15,4,1,0,0
1254104,2,bb351c23,2021,2021,18,16,4,0,0,0
1254106,1,1e66c162,2021,2021,24,35,8,1,0,0
1254111,1,73ad96ed,2021,2021,12,37,2,0,0,0
1304048,1,1abb78f8,2022,2022,24,47,7,1,0,0
1304048,1,b4f5c2d9,2022,2022,12,29,4,1,0,0
1304049,1,ce820073,2022,2022,24,37,9,0,0,0
1304051,1,f19ccfad,2022,2022,18,47,3,0,1,0
1304058,1,8e514b4c,2022,2022,6,8,1,0,0,0
1304059,1,2f49c897,2022,2022,24,43,8,2,0,0
1304060,2,b0482a1d,2022,2022,6,6,3,0,0,0
1304063,2,f24c6701,2022,2022,24,31,8,0,0,0
1304065,1,a24be938,2022,2022,6,14,0,0,0,0
1304068,1,0a67aec0,2022,2022,24,58,5,4,0,0
1304070,1,495d42a5,2022,2022,24,33,9,1,0,0
1304070,2,0994d0ae,2022,2022,3,1,2,0,0,0
1304073,2,f9e6e7ef,2022,2022,12,19,3,2,0,0
1304077,1,eef2536f,2022,2022,24,33,7,1,0,0
1304077,2,f9e6e7ef,2022,2022,24,25,9,0,0,0
1304079,1,fe93fd9d,2022,2022,24,30,8,0,0,0
1304080,2,04a418e8,2022,2022,6,22,0,2,0,0
1304084,1,11614d87,2022,2022,24,50,4,2,0,0
1304085,1,b681e71e,2022,2022,6,4,2,0,0,0
1304087,2,a24be938,2022,2022,6,14,0,0,0,0
1304092,1,26989d80,2022,2022,6,10,0,0,0,0
1304098,2,2ed569a0,2022,2022,22,39,5,3,0,0
1304103,2,dbe50b21,2022,2022,6,8,2,0,0,0
1304106,1,2f49c897,2022,2022,12,36,3,0,1,0
1304109,1,c33d8116,2022,2022,24,43,9,1,0,0
1304111,1,33ffc3dd,2022,2022,12,23,6,2,0,0
1304111,1,a9fd84fb,2022,2022,18,31,2,0,0,0
1304113,2,8cf9814c,2022,2022,12,23,6,5,0,0
1359476,1,1abb78f8,2023,2023,24,43,7,0,1,0
1359478,2,21d4e29b,2023,2023,12,34,2,0,3,0
1359482,1,a818c1be,2023,2023,24,38,8,2,0,0
1359482,2,2ed569a0,2023,2023,24,31,5,0,0,0
1359483,1,f9e6e7ef,2023,2023,6,6,3,0,0,0
1359483,2,13c35c9e,2023,2023,12,25,5,0,0,0
1359489,1,1e66c162,2023,2023,12,27,3,1,0,0
1359492,2,2ed569a0,2023,2023,18,24,3,0,0,0
1359499,1,a9fd84fb,2023,2023,24,35,9,1,0,0
1359500,1,57ee1fde,2023,2023,24,41,5,0,0,0
1359508,1,81c36ee9,2023,2023,12,27,4,0,0,0
1359510,1,f9e6e7ef,2023,2023,6,25,1,0,0,0
1359510,2,fb2d1dda,2023,2023,6,8,1,0,0,0
1359512,1,26d041c4,2023,2023,6,17,2,0,0,0
1359512,2,73c18486,2023,2023,6,4,5,0,0,0
1359515,2,f24c6701,2023,2023,24,36,4,2,0,0
1359516,2,0f721006,2023,2023,21,55,4,2,0,0
1359523,1,bb351c23,2023,2023,6,10,1,0,0,0
1359523,2,12314277,2023,2023,10,28,3,0,0,0
1359527,1,bbd41817,2023,2023,6,19,1,0,1,0
1359527,2,26a85969,2023,2023,12,15,5,0,0,0
1359537,1,ffe699c0,2023,2023,24,50,7,2,0,0
1359544,2,52294a79,2023,2023,18,28,2,0,0,0
1370351,2,eaa76d3c,2023,2023,18,15,7,0,0,0
1422132,2,3204c99f,2024,2024,15,36,4,0,0,0
1422134,1,2e171977,2024,2024,6,18,0,0,0,0
1422136,1,a9fd84fb,2024,2024,12,21,0,0,0,0
1422139,1,759ac88f,2024,2024,18,34,2,0,0,0
1426260,2,e4cdf230,2024,2024,10,18,4,0,0,0
1426261,1,c05edf8e,2024,2024,24,48,6,0,0,0
1426262,2,a818c1be,2024,2024,12,8,7,0,0,0
1426262,2,0b60eb09,2024,2024,12,16,3,0,0,0
1426265,2,c05edf8e,2024,2024,18,22,2,0,0,0
1426267,1,462411b3,2024,2024,24,27,8,2,0,0
1426270,2,efc04be7,2024,2024,11,14,5,0,0,0
1426272,1,e84ac20c,2024,2024,18,26,6,0,0,0
1426276,2,b0482a1d,2024,2024,4,8,0,0,0,0
1426280,1,e62dd25d,2024,2024,18,52,2,4,0,0
1426280,2,5b7ab5a9,2024,2024,18,46,2,0,0,0
1426281,2,a1d95bd8,2024,2024,18,34,6,8,1,0
1426282,2,c33d8116,2024,2024,24,52,5,0,0,0
1426284,1,ded9240e,2024,2024,24,49,3,1,0,0
1426287,2,bb351c23,2024,2024,12,22,4,0,0,0
1426290,1,983f2f61,2024,2024,6,1,5,0,0,0
1426291,1,e62dd25d,2024,2024,18,24,7,1,0,0
1426291,2,402f8494,2024,2024,24,41,10,2,0,0
1426295,1,03a83c50,2024,2024,24,27,8,0,0,0
1426298,2,3fb19989,2024,2024,6,11,2,0,0,0
598040,2,86dc8f2e,2013,2013,18,29,6,0,0,1
598043,1,4c4fa80b,2013,2013,24,26,11,2,0,2
598044,1,5bb1a1c4,2013,2013,18,11,13,3,0,1
598048,1,41eb4a4f,2013,2013,24,43,6,1,1,1
598048,1,abfeb126,2013,2013,18,21,6,1,0,1
598054,1,9d80c5e1,2013,2013,24,23,10,2,0,1
598056,1,2a72fd4f,2013,2013,24,39,8,0,0,1
598058,2,0f721006,2013,2013,24,20,14,0,0,2
598064,2,d68e7f48,2013,2013,24,27,10,0,0,1
598065,2,119678fd,2013,2013,24,33,7,0,0,2
598066,1,a12e1d51,2013,2013,24,39,10,1,0,3
598067,1,9d80c5e1,2013,2013,24,21,8,1,0,1
598070,2,c3d35165,2013,2013,18,26,6,1,0,1
598071,2,5bb1a1c4,2013,2013,18,31,7,0,0,1
598072,1,8b5b6769,2013,2013,24,23,10,1,0,3
598073,1,759ac88f,2013,2013,24,26,13,0,0,1
729285,2,6b19d823,2014,2014,24,26,8,0,0,2
729293,1,8cf9814c,2014,2014,24,45,8,1,0,1
729293,2,35205dfc,2014,2014,12,14,4,1,0,1
729295,1,c03c6200,2014,2014,12,22,4,0,1,1
729297,2,495d42a5,2014,2014,23,27,9,1,0,1
729305,1,6aed7e79,2014,2014,24,20,14,0,0,4
733971,2,495d42a5,2014,2014,24,21,11,0,0,1
733979,2,6aed7e79,2014,2014,24,26,7,1,0,3
733981,1,495d42a5,2014,2014,24,29,4,4,0,1
733981,2,b1451597,2014,2014,24,31,11,1,0,1
733987,1,f3171936,2014,2014,24,36,10,2,0,1
733987,2,26a85969,2014,2014,12,23,2,1,0,1
733989,2,8fd1a8f5,2014,2014,24,31,11,2,0,2
733989,2,119678fd,2014,2014,24,20,6,0,0,1
733991,2,b2b50355,2014,2014,18,43,6,1,1,2
733993,2,de4b0555,2014,2014,6,13,1,0,0,1
733999,1,6aed7e79,2014,2014,24,38,7,1,0,1
733999,2,57ee1fde,2014,2014,24,24,8,0,0,1
734003,2,808f425a,2014,2014,22,37,6,3,0,1
734013,1,0a3d54b9,2014,2014,18,29,7,1,0,2
734013,2,fd835ab3,2014,2014,17,38,5,2,0,2
734021,1,2e81a32d,2014,2014,24,27,9,0,0,2
734021,1,9170ff49,2014,2014,24,26,9,3,0,1
734023,1,ded9240e,2014,2014,24,29,12,0,0,1
734025,2,2e171977,2014,2014,24,27,11,1,0,1
734035,1,fe93fd9d,2014,2014,12,14,2,2,0,1
734037,1,41eb4a4f,2014,2014,24,32,12,1,0,1
734045,1,759ac88f,2014,2014,24,42,7,0,0,3
734047,1,759ac88f,2014,2014,24,46,6,1,0,1
829705,2,8abdf100,2015,2015,12,21,5,0,0,1
829707,1,56ab442f,2015,2015,24,30,11,0,1,3
829721,2,7a8bd078,2015,2015,13,23,2,0,0,1
829725,1,6b19d823,2015,2015,24,34,5,1,0,1
829733,2,ce820073,2015,2015,24,25,15,0,0,4
829735,1,24d94623,2015,2015,18,26,8,0,0,1
829737,1,aa8d28ae,2015,2015,24,33,8,1,0,4
829737,2,462411b3,2015,2015,24,39,9,5,0,1
829739,1,5bb5a915,2015,2015,24,30,14,2,0,2
829741,1,f5180fe6,2015,2015,24,33,9,1,1,1
829749,1,3fb19989,2015,2015,24,22,13,2,0,3
829751,1,2e81a32d,2015,2015,24,26,13,4,0,3
829753,1,69be866a,2015,2015,24,40,5,5,1,1
829759,2,2e81a32d,2015,2015,24,23,11,1,0,2
829761,1,c3d35165,2015,2015,18,25,7,1,0,1
829769,1,13c35c9e,2015,2015,24,36,10,0,0,1
829769,1,d2a989fc,2015,2015,18,26,9,2,0,2
829769,1,24d94623,2015,2015,24,29,5,1,0,1
829773,2,2e81a32d,2015,2015,24,32,9,1,0,2
829779,1,57ee1fde,2015,2015,24,36,7,0,0,1
829779,1,f986ca1a,2015,2015,24,19,13,3,0,2
829787,1,808f425a,2015,2015,24,37,8,1,0,1
829787,1,6aed7e79,2015,2015,24,32,11,0,0,1
829793,2,119678fd,2015,2015,18,12,11,0,0,2
829799,2,a818c1be,2015,2015,24,45,7,1,0,1
829803,2,69be866a,2015,2015,12,21,4,0,1,2
829805,1,5bb5a915,2015,2015,24,27,11,2,1,1
829811,2,4329fbb5,2015,2015,24,38,11,5,0,2
829815,2,119678fd,2015,2015,17,38,3,0,0,1
829817,2,41eb4a4f,2015,2015,18,26,6,2,0,2
829821,1,1dc12ab9,2015,2015,18,36,3,2,0,1
829823,2,51a3c5ef,2015,2015,24,25,15,0,0,3
980905,2,f5180fe6,2016,2016,24,35,9,2,0,1
980909,2,8d2c70ad,2016,2016,24,37,8,5,0,1
980915,1,5bb5a915,2016,2016,24,35,11,3,1,2
980925,1,3c6ffae8,2016,2016,6,6,2,2,0,1
980933,2,6b19d823,2016,2016,24,24,7,0,0,2
980935,2,759ac88f,2016,2016,18,20,8,3,0,1
980947,2,7dc35884,2016,2016,24,30,9,0,0,1
980961,1,9d80c5e1,2016,2016,18,23,7,1,0,2
980977,2,57ee1fde,2016,2016,24,30,6,0,0,1
980983,1,6b19d823,2016,2016,18,19,7,0,0,2
980985,1,d9273ee7,2016,2016,24,15,11,0,0,4
980987,2,ffe699c0,2016,2016,18,11,9,2,0,4
980989,1,db31895a,2016,2016,12,14,2,1,0,1
980993,2,5b8c830e,2016,2016,13,15,6,1,0,2
980999,1,2e171977,2016,2016,18,46,6,3,0,1
981001,1,35205dfc,2016,2016,24,8,18,1,0,4
981001,1,87e562a9,2016,2016,24,29,10,1,0,1
981003,1,e342e5fb,2016,2016,24,27,9,1,0,2
981013,1,4329fbb5,2016,2016,24,29,13,2,0,4
981015,2,32198ae0,2016,2016,18,17,5,0,0,2
1426306,1,46a9bea1,2024,2024,24,49,10,4,0,1
1426307,1,ded9240e,2024,2024,24,36,7,0,0,1
1426309,1,9d430b40,2024,2024,24,40,7,0,0,1
1473439,2,8cf9814c,2025,2025,18,33,8,1,0,1
1473439,2,14f96089,2025,2025,24,48,7,1,0,1
1473442,1,5f547c8b,2025,2025,24,48,7,0,0,1
1473445,2,2e81a32d,2025,2025,18,20,9,1,0,1
1473445,2,7210d461,2025,2025,18,18,6,0,0,2
1473446,1,23eeb873,2025,2025,24,39,9,2,0,1
1473446,2,85e0cf10,2025,2025,24,18,14,0,0,2
1473447,1,8d2c70ad,2025,2025,24,22,13,0,0,3
1473452,2,7c3b3b78,2025,2025,24,29,12,0,0,3
1473453,1,dbe50b21,2025,2025,24,36,10,4,0,5
1473454,2,2cffab74,2025,2025,24,36,3,1,0,1
1473455,2,5574750c,2025,2025,24,25,12,1,0,3
1473457,1,85e0cf10,2025,2025,24,25,8,2,0,2
1473459,1,a2f46292,2025,2025,24,45,8,0,1,2
1473460,1,f24c6701,2025,2025,24,54,5,5,0,2
1473460,2,2f49c897,2025,2025,24,30,15,4,0,1
1473462,1,7c3b3b78,2025,2025,24,31,10,2,0,1
1473465,2,f6d8a7ab,2025,2025,18,25,6,2,0,1
1473466,1,5ffc0565,2025,2025,24,41,10,2,0,2
1473468,2,81c36ee9,2025,2025,19,17,12,0,0,3
1473470,1,462411b3,2025,2025,24,21,8,1,0,1
1473470,1,dbe50b21,2025,2025,24,42,5,1,1,1
1473471,1,244048f6,2025,2025,18,23,8,0,0,2
1473471,1,3b53243a,2025,2025,18,26,9,0,0,1
1473480,1,1e66c162,2025,2025,17,21,7,1,0,2
1473480,1,f986ca1a,2025,2025,24,28,13,1,1,4
1473482,2,9caf69a1,2025,2025,12,18,4,0,0,2
1473486,2,fe93fd9d,2025,2025,18,32,6,0,0,1
1473489,2,7210d461,2025,2025,24,41,4,0,1,1
1473489,2,f834dcfc,2025,2025,24,30,9,0,0,3
1473492,1,5750bcb4,2025,2025,24,28,6,0,0,1
1473500,2,495d42a5,2025,2025,24,41,6,0,0,2
1473502,2,eef2536f,2025,2025,23,51,4,0,0,2
1473503,1,9440ef41,2025,2025,18,45,2,0,0,1
1473503,2,f986ca1a,2025,2025,23,39,9,1,1,1
1473504,1,c7a995d3,2025,2025,12,23,3,0,0,1
1473504,2,fe93fd9d,2025,2025,18,17,5,0,0,2
1473505,1,7c3b3b78,2025,2025,24,39,9,4,0,1
1473506,1,c05edf8e,2025,2025,24,36,5,0,0,1
1473507,1,2e81a32d,2025,2025,24,46,7,1,0,1
1473510,1,68c56d09,2025,2025,24,30,8,1,0,1
1527674,2,25228673,2026,2026,18,35,4,0,0,1
1527675,2,7c3b3b78,2026,2026,24,52,7,1,0,1
1527677,1,81c36ee9,2026,2026,24,20,8,0,0,1
1527677,2,e62dd25d,2026,2026,18,34,7,0,0,1
1527677,2,5f547c8b,2026,2026,24,29,10,0,0,1
1527678,2,8cf9814c,2026,2026,24,28,12,4,0,1
1527680,2,fcc21ace,2026,2026,22,43,9,1,1,2
1527681,2,23eeb873,2026,2026,18,20,10,0,0,1
1527681,2,e4a0deae,2026,2026,18,22,7,0,0,1
1527682,1,85e0cf10,2026,2026,24,43,9,1,0,1
1527683,2,25228673,2026,2026,24,18,11,0,0,2
1527684,2,9440ef41,2026,2026,24,21,9,0,0,1
1527688,1,13fc5c6d,2026,2026,24,25,8,0,0,1
1527689,1,5574750c,2026,2026,18,33,6,0,0,2
1527692,2,13fc5c6d,2026,2026,24,31,6,1,0,1
1529267,2,1abb78f8,2026,2026,18,42,2,4,0,1
1529270,1,59559bc2,2026,2026,24,37,4,1,0,3
1529270,2,5750bcb4,2026,2026,24,29,9,1,0,3
1529278,2,8d2c70ad,2026,2026,24,46,8,2,0,2
1529279,2,f0af99a7,2026,2026,6,14,1,0,0,1
1529284,2,9ca68676,2026,2026,24,51,5,0,0,2
1529285,1,0f721006,2026,2026,24,29,7,0,0,2
1529289,2,81c36ee9,2026,2026,24,33,10,1,0,1
1529295,1,02dfebbe,2026,2026,24,37,4,2,0,1
1529296,1,fcc21ace,2026,2026,24,47,8,1,1,2
1529296,1,efc04be7,2026,2026,24,24,9,0,0,1
1529297,2,23eeb873,2026,2026,24,33,10,2,0,2
1529297,2,172dff15,2026,2026,24,26,14,0,0,4
1529304,1,57ee1fde,2026,2026,18,42,4,0,1,1
1529313,1,9d430b40,2026,2026,24,38,8,0,0,1
1535463,1,aad0c365,2026,2026,12,12,7,0,0,1
335982,2,66b30f71,2007/08,2008,18,9,11,2,0,2
335983,1,2498e163,2007/08,2008,24,53,7,0,0,1
335985,1,af7dadf7,2007/08,2008,18,17,6,0,0,2
335985,2,f233bbb4,2007/08,2008,24,39,3,0,0,1
335986,1,5bb1a1c4,2007/08,2008,18,9,12,3,0,1
335987,1,f0f628c7,2007/08,2008,24,36,12,0,0,1
335988,1,93a17209,2007/08,2008,24,35,6,0,1,1
335998,1,8fd1a8f5,2007/08,2008,24,29,10,1,1,1
335998,2,d7c6af50,2007/08,2008,24,19,8,0,0,1
335999,1,98ae73b1,2007/08,2008,24,28,8,0,0,3
336006,1,034b4b7d,2007/08,2008,24,33,10,1,0,1
336006,2,91a4a398,2007/08,2008,24,29,12,3,0,2
336008,2,bb18be76,2007/08,2008,12,19,5,4,0,1
336012,2,8fd1a8f5,2007/08,2008,24,14,17,3,0,1
336013,2,4ba44e19,2007/08,2008,24,32,9,1,0,1
336026,1,5bdcdb72,2007/08,2008,6,3,3,0,0,1
336026,2,e938e1bc,2007/08,2008,12,33,1,0,0,1
336029,1,c3d35165,2007/08,2008,24,32,8,0,0,4
336033,1,c3d35165,2007/08,2008,24,35,6,0,0,2
336034,2,91a4a398,2007/08,2008,24,24,9,0,0,2
336035,2,2498e163,2007/08,2008,12,23,4,0,0,1
392183,1,260fd380,2009,2009,12,17,4,0,0,1
392195,1,6ef60d3a,2009,2009,24,15,14,3,0,2
392196,1,c3d1402f,2009,2009,18,32,9,2,3,1
392197,2,a12e1d51,2009,2009,14,11,9,1,2,3
392197,2,a45a5e8d,2009,2009,18,13,8,0,0,3
392200,1,8b5b6769,2009,2009,24,23,8,0,0,1
392201,2,8a668774,2009,2009,24,20,12,0,0,2
392202,2,3eac9d95,2009,2009,24,27,8,0,0,2
392203,1,db584dad,2009,2009,24,21,9,2,0,1
392210,2,3c6ffae8,2009,2009,24,28,8,0,0,1
392212,2,c3d1402f,2009,2009,24,19,13,1,0,2
392213,1,fe93fd9d,2009,2009,24,15,10,0,0,3
392218,2,87e562a9,2009,2009,24,27,12,1,0,1
392221,2,ea0cdc12,2009,2009,24,21,9,0,1,1
392224,2,3eac9d95,2009,2009,10,12,2,0,0,2
392225,2,f0f628c7,2009,2009,23,22,13,0,0,2
392227,1,c3d35165,2009,2009,24,31,11,1,1,1
392227,1,c24a2c5d,2009,2009,18,29,9,0,0,1
392231,2,4ba44e19,2009,2009,24,16,15,0,0,1
392234,2,1dc12ab9,2009,2009,24,17,11,1,0,2
392238,1,86dc8f2e,2009,2009,24,26,11,1,0,1
392238,2,4ba44e19,2009,2009,24,15,13,0,0,1
392239,2,bd77eb62,2009,2009,18,18,8,0,0,2
419106,2,5bb1a1c4,2009/10,2010,24,31,9,1,1,1
419108,1,c404f58a,2009/10,2010,24,12,14,2,0,2
419113,2,c3d35165,2009/10,2010,12,6,9,1,0,1
419113,2,b2b50355,2009/10,2010,14,9,8,0,0,2
419122,1,91a4a398,2009/10,2010,24,27,14,0,0,2
419123,1,4ba44e19,2009/10,2010,24,25,13,1,0,3
419124,2,3c6ffae8,2009/10,2010,12,9,3,0,0,2
419125,2,c8179c68,2009/10,2010,24,30,7,0,0,1
419126,1,bb18be76,2009/10,2010,24,15,11,0,0,1
419129,1,b2ae53f5,2009/10,2010,24,28,11,1,0,2
419130,1,c3d1402f,2009/10,2010,24,31,9,1,0,3
419131,2,6b19d823,2009/10,2010,24,18,10,0,0,1
419137,1,4329fbb5,2009/10,2010,24,47,8,1,0,2
419138,2,a12e1d51,2009/10,2010,20,20,11,1,0,1
419139,1,dec8e038,2009/10,2010,24,36,7,0,1,1
419141,2,3d7e087f,2009/10,2010,17,16,8,1,0,3
419142,1,8b5b6769,2009/10,2010,24,23,11,1,1,1
419143,1,4329fbb5,2009/10,2010,24,19,13,1,0,1
419147,1,2a72fd4f,2009/10,2010,24,21,9,0,0,1
419148,1,86dc8f2e,2009/10,2010,24,31,9,1,0,2
419148,1,41eb4a4f,2009/10,2010,18,23,9,1,0,3
419149,1,dec8e038,2009/10,2010,12,11,2,0,0,1
419155,1,96fd40ae,2009/10,2010,24,26,13,0,0,3
419156,2,5fa06777,2009/10,2010,18,35,6,1,0,1
419158,1,66b30f71,2009/10,2010,24,24,10,0,0,2
419159,1,495d42a5,2009/10,2010,24,20,11,0,0,1
419160,1,a386e91b,2009/10,2010,18,23,4,0,0,1
419161,1,66b30f71,2009/10,2010,24,20,11,1,0,1
419162,2,8b5b6769,2009/10,2010,24,44,5,3,0,2
501200,1,5bdcdb72,2011,2011,24,30,7,0,0,1
501202,1,dddca1d6,2011,2011,18,16,11,3,0,3
501203,1,2e8994e7,2011,2011,12,23,5,0,0,1
501204,2,05c2ca46,2011,2011,24,41,5,0,0,1
501205,1,a757b0d8,2011,2011,24,25,8,1,0,2
501211,2,c8179c68,2011,2011,18,36,3,1,0,1
501213,1,66b30f71,2011,2011,24,42,10,1,0,2
501214,1,7dc35884,2011,2011,24,21,10,0,0,2
501214,2,bb18be76,2011,2011,24,17,9,0,0,1
501218,1,f0f628c7,2011,2011,14,8,10,0,0,3
501218,1,cf73ad76,2011,2011,18,32,6,0,2,1
501218,2,dddca1d6,2011,2011,12,9,5,0,0,1
501219,2,41eb4a4f,2011,2011,24,21,10,0,0,1
501219,2,fe93fd9d,2011,2011,24,25,10,1,0,2
501220,2,dc4686e6,2011,2011,18,20,6,0,0,2
501221,1,45c2196c,2011,2011,24,30,12,6,0,2
501223,2,0a3d54b9,2011,2011,24,36,6,0,0,1
501226,2,495d42a5,2011,2011,24,19,12,0,0,2
501229,1,41eb4a4f,2011,2011,24,25,10,0,0,3
501229,2,8fd1a8f5,2011,2011,21,16,16,2,0,3
501230,1,fa463154,2011,2011,24,34,7,1,0,1
501233,2,5fa06777,2011,2011,24,27,10,5,0,2
501234,2,dc4686e6,2011,2011,24,22,11,0,0,2
501236,2,45c2196c,2011,2011,24,26,10,0,0,2
501245,1,b2b50355,2011,2011,24,33,4,1,0,1
501246,2,a12e1d51,2011,2011,20,18,12,1,2,2
501249,1,5b040b81,2011,2011,24,40,5,0,0,1
501252,1,957532de,2011,2011,24,34,9,0,0,3
501255,1,91a4a398,2011,2011,18,17,10,0,0,1
501255,2,86dc8f2e,2011,2011,18,16,8,1,0,2
501255,2,85aae393,2011,2011,18,18,8,0,0,1
501258,2,6ec424a9,2011,2011,8,15,4,0,0,1
501264,2,2a2e6343,2011,2011,18,21,9,1,0,2
501267,2,b2b50355,2011,2011,18,51,1,2,0,1
501271,2,495d42a5,2011,2011,24,16,10,0,0,3
501271,2,45c2196c,2011,2011,18,28,5,1,0,1
548307,2,33a364a6,2012,2012,7,7,3,0,0,1
548312,2,3d7e087f,2012,2012,24,25,10,0,0,2
548315,1,4ba44e19,2012,2012,24,31,6,2,0,2
548319,1,3edb58fc,2012,2012,24,25,10,1,0,5
548319,1,2a72fd4f,2012,2012,18,23,9,1,0,2
548319,2,66b30f71,2012,2012,18,18,10,0,0,1
548321,2,2a2e6343,2012,2012,24,35,8,2,0,1
548322,1,896d78ad,2012,2012,12,18,3,0,0,1
548325,2,6c6591ab,2012,2012,24,19,11,0,0,1
548327,2,96fd40ae,2012,2012,24,54,8,0,1,1
548328,2,98ae73b1,2012,2012,24,19,11,0,0,2
548329,2,0a476045,2012,2012,12,27,4,1,0,1
548333,2,b552a935,2012,2012,24,22,13,0,0,3
548346,1,a12e1d51,2012,2012,22,16,12,2,0,4
548351,2,6c6591ab,2012,2012,24,24,9,1,0,1
548356,2,1c2a64cd,2012,2012,24,36,11,1,0,1
548363,2,6c6591ab,2012,2012,18,26,6,0,0,1
548366,2,8fd1a8f5,2012,2012,24,26,10,0,0,2
548367,1,8b5b6769,2012,2012,18,33,4,2,0,1
548369,2,1a0c3177,2012,2012,24,22,14,0,0,3
548373,2,99b202b3,2012,2012,24,20,12,0,0,1
548378,1,5fa06777,2012,2012,24,20,11,1,0,1
548378,2,33a364a6,2012,2012,12,16,5,0,0,1
548379,2,c8179c68,2012,2012,24,25,11,1,0,1
548380,1,cc1e8c68,2012,2012,24,27,7,0,0,1
548380,2,f3171936,2012,2012,18,17,8,2,0,1
548381,2,495d42a5,2012,2012,24,41,6,0,0,1
598005,2,6b8eb6e5,2013,2013,24,25,13,1,0,1
598005,2,addfb70e,2013,2013,24,29,11,2,0,1
598009,1,5d9a1a73,2013,2013,24,16,10,0,0,2
598009,1,1c914163,2013,2013,24,27,7,1,0,2
598010,2,5fa06777,2013,2013,20,19,11,1,0,1
598011,2,8b5b6769,2013,2013,18,20,9,0,0,1
598013,2,86dc8f2e,2013,2013,24,13,13,1,0,3
598014,1,3d7e087f,2013,2013,24,21,9,0,0,2
598015,2,a45a5e8d,2013,2013,18,21,6,0,0,1
598016,1,86dc8f2e,2013,2013,24,24,8,0,0,3
598016,1,9d430b40,2013,2013,24,33,12,1,0,3
598021,2,98ae73b1,2013,2013,24,25,9,0,0,1
598023,2,808f425a,2013,2013,24,21,10,1,0,1
598025,1,ae78bc32,2013,2013,24,32,9,0,0,1
598026,2,808f425a,2013,2013,24,20,8,0,0,3
598028,1,96fd40ae,2013,2013,24,38,12,0,0,2
598032,1,99b202b3,2013,2013,18,13,13,0,0,2
598034,2,87e562a9,2013,2013,24,37,6,3,0,1
598037,2,a12e1d51,2013,2013,24,39,8,1,0,1
1082591,2,c18496e1,2017,2017,6,4,2,0,0,1
1082593,1,a818c1be,2017,2017,24,40,8,1,0,1
1082595,1,91a4a398,2017,2017,24,31,9,1,0,2
1082599,2,9d80c5e1,2017,2017,24,23,10,1,0,1
1082602,2,57ee1fde,2017,2017,18,31,4,0,0,1
1082603,2,2ed569a0,2017,2017,18,26,8,0,0,1
1082604,2,a818c1be,2017,2017,24,33,10,0,0,1
1082606,2,f0f628c7,2017,2017,24,35,7,0,0,1
1082607,1,4329fbb5,2017,2017,24,44,9,2,0,1
1082612,2,759ac88f,2017,2017,15,29,5,1,0,1
1082612,2,d9273ee7,2017,2017,12,28,1,1,0,1
1082613,2,56ab442f,2017,2017,20,41,6,0,1,2
1082617,1,245c97cb,2017,2017,24,31,13,6,0,2
1082620,2,2a2e6343,2017,2017,24,31,7,2,0,1
1082628,2,4329fbb5,2017,2017,23,28,6,1,0,1
1082630,1,8cf9814c,2017,2017,24,36,7,1,0,2
1082631,1,acee4cc4,2017,2017,24,36,6,0,0,1
1082636,1,cc1e8c68,2017,2017,24,36,12,1,0,3
1082637,1,871e9faf,2017,2017,24,48,2,0,0,1
1082637,2,b681e71e,2017,2017,12,21,3,0,0,1
1082647,1,a12e1d51,2017,2017,18,14,8,0,0,1
1082648,1,a818c1be,2017,2017,24,30,7,1,0,1
1082649,1,462411b3,2017,2017,18,7,14,0,0,3
1082649,1,119678fd,2017,2017,24,16,11,1,0,4
1136562,1,495d42a5,2018,2018,24,23,4,1,0,1
1136565,1,8b5b6769,2018,2018,12,11,5,0,0,1
1136565,2,9d430b40,2018,2018,24,17,8,0,0,1
1136565,2,8d2c70ad,2018,2018,18,27,4,1,0,1
1136570,2,98ae73b1,2018,2018,24,20,10,0,0,1
1136571,2,b2a79f17,2018,2018,24,46,5,1,0,1
1136572,2,759ac88f,2018,2018,24,47,8,1,0,1
1136573,1,fb66ce1f,2018,2018,24,41,10,1,0,2
1136574,1,8abdf100,2018,2018,24,47,10,3,0,2
1136574,2,5b8c830e,2018,2018,24,28,9,1,0,3
1136578,2,9d430b40,2018,2018,18,23,9,0,0,1
1136579,1,8abdf100,2018,2018,6,10,3,0,0,1
1136580,2,119678fd,2018,2018,18,30,5,0,0,1
1136582,1,2a2e6343,2018,2018,18,17,6,0,0,1
1136583,2,62af8546,2018,2018,18,23,8,0,0,1
1136585,1,7d92277a,2018,2018,24,17,11,2,0,1
1136591,1,462411b3,2018,2018,24,22,9,0,0,1
1136592,1,7a8bd078,2018,2018,12,26,6,0,0,1
1136599,1,13c35c9e,2018,2018,24,30,7,1,0,3
1136600,2,1e66c162,2018,2018,24,36,6,0,1,1
1136611,1,5f547c8b,2018,2018,24,27,12,0,0,3
1136616,1,23eeb873,2018,2018,24,30,11,2,1,1
1136616,1,87e562a9,2018,2018,24,39,6,0,0,2
1136619,1,9d430b40,2018,2018,24,24,7,0,0,1
1175356,2,bb351c23,2019,2019,24,19,15,0,0,1
1175357,1,bbd41817,2019,2019,18,32,3,0,0,2
1175359,1,e087956b,2019,2019,24,48,6,3,0,2
1175360,1,23eeb873,2019,2019,24,20,12,1,0,1
1175371,2,b410bd3d,2019,2019,24,32,10,0,0,1
1175372,2,21d4e29b,2019,2019,24,34,12,1,1,2
1175372,2,57ee1fde,2019,2019,24,24,7,0,0,1
1178397,1,495d42a5,2019,2019,24,30,7,0,0,1
1178398,1,acee4cc4,2019,2019,24,21,15,0,0,2
1178401,2,fb2d1dda,2019,2019,12,12,2,0,0,1
1178404,1,1abb78f8,2019,2019,24,18,13,1,0,2
1178405,1,f29185a1,2019,2019,6,10,1,0,0,1
1178407,2,e2db2409,2019,2019,24,24,6,1,0,1
1178408,2,acee4cc4,2019,2019,24,20,13,0,0,2
1178410,1,bbd41817,2019,2019,18,17,8,0,0,1
1178412,1,e62dd25d,2019,2019,24,23,11,0,0,2
1178417,2,cc1e8c68,2019,2019,24,36,11,3,0,3
1178420,2,7dc35884,2019,2019,19,26,5,0,0,1
1178423,1,244048f6,2019,2019,24,42,4,3,0,1
1178423,2,5f547c8b,2019,2019,24,21,12,0,0,3
1178424,1,7a8bd078,2019,2019,6,12,3,0,0,3
1178425,1,4125d931,2019,2019,24,28,11,0,0,2
1178427,1,e412cb64,2019,2019,24,41,7,0,0,1
1178429,2,a2f46292,2019,2019,24,37,8,4,0,3
1178430,1,e94915e6,2019,2019,24,35,8,1,0,3
1178431,1,462411b3,2019,2019,24,31,12,0,1,2
1181764,2,23eeb873,2019,2019,21,30,10,0,0,1
1181768,1,23eeb873,2019,2019,24,26,17,1,0,3
1216495,1,ce820073,2020/21,2021,24,34,14,0,0,3
1216497,1,d9273ee7,2020/21,2021,24,41,8,2,0,2
1216498,2,8cf9814c,2020/21,2021,24,34,11,1,0,1
1216501,1,119678fd,2020/21,2021,24,25,5,0,0,2
1216503,2,462411b3,2020/21,2021,24,18,12,0,0,2
1216510,2,a1d053dd,2020/21,2021,18,17,12,2,0,2
1216519,1,bb351c23,2020/21,2021,12,21,2,2,0,1
1216524,1,495d42a5,2020/21,2021,18,35,4,0,0,1
1216526,2,c38d3503,2020/21,2021,18,24,9,0,0,1
1216528,1,a2f46292,2020/21,2021,24,45,8,1,0,2
1216528,2,fe93fd9d,2020/21,2021,18,21,5,0,0,1
1216529,2,d9273ee7,2020/21,2021,16,31,2,0,0,1
1216531,1,e2db2409,2020/21,2021,24,23,7,0,0,2
1216541,1,7a8bd078,2020/21,2021,24,30,8,0,0,2
1216543,1,7a8bd078,2020/21,2021,24,31,4,2,0,1
1216544,1,e94915e6,2020/21,2021,18,19,6,2,1,3
1254059,2,1abb78f8,2021,2021,22,53,6,2,0,2
1254065,2,244048f6,2021,2021,12,7,8,0,0,1
1254067,2,68c56d09,2021,2021,18,41,7,1,0,3
1254069,1,fb66ce1f,2021,2021,24,33,10,2,0,2
1254070,1,eef2536f,2021,2021,12,15,4,0,0,2
1254070,2,2ed569a0,2021,2021,24,29,8,1,0,1
1254073,1,dfc4d8b5,2021,2021,18,29,5,1,0,1
1254075,1,0a8fce53,2021,2021,24,22,12,0,0,1
1254075,1,fb66ce1f,2021,2021,24,23,18,1,0,4
1254075,2,c38d3503,2021,2021,24,19,15,3,0,1
1254078,1,c38d3503,2021,2021,24,13,14,1,0,1
1254083,2,64775749,2021,2021,20,29,7,0,0,1
1254084,2,e94915e6,2021,2021,24,34,11,1,0,3
1254085,2,5d2eea49,2021,2021,24,32,13,1,0,1
1254087,2,57ee1fde,2021,2021,12,23,5,0,0,1
1254089,1,39a2dfa8,2021,2021,24,39,5,2,0,3
1254089,2,798cc28e,2021,2021,13,18,2,0,1,1
1254096,1,2f9d0389,2021,2021,24,27,9,0,0,2
1254097,1,5d2eea49,2021,2021,24,40,8,5,0,1
1254099,1,2ed569a0,2021,2021,24,27,6,0,0,1
1254102,2,5b7ab5a9,2021,2021,24,24,7,0,0,2
1254103,2,0a8fce53,2021,2021,18,20,7,0,0,2
1254104,2,03806cf8,2021,2021,24,34,8,0,0,1
1254105,1,acdc62f5,2021,2021,24,12,12,0,0,2
1254107,2,8cf9814c,2021,2021,24,14,17,0,0,2
1254109,2,dcf81436,2021,2021,22,17,11,0,0,1
1254111,1,fdf7491e,2021,2021,24,39,7,2,0,1
1254116,2,495d42a5,2021,2021,23,27,7,1,0,2
1254117,1,9d430b40,2021,2021,24,26,6,1,0,2
1304048,2,245c97cb,2022,2022,18,26,6,2,0,1
1304056,1,8d2c70ad,2022,2022,24,32,10,0,0,1
1304058,1,f19ccfad,2022,2022,24,28,10,0,0,2
1304058,1,ce794613,2022,2022,24,26,5,0,0,2
1304065,1,9d430b40,2022,2022,24,21,11,0,0,2
1304067,2,5f547c8b,2022,2022,24,28,5,0,0,1
1304068,2,87e562a9,2022,2022,24,42,6,6,1,1
1304071,1,81c36ee9,2022,2022,24,26,11,1,0,1
1304072,2,d9273ee7,2022,2022,12,13,4,0,0,1
1304073,1,8d2c70ad,2022,2022,24,46,7,3,0,1
1304074,1,2e81a32d,2022,2022,24,22,13,0,0,3
1304076,1,9d430b40,2022,2022,24,21,10,2,0,2
1304080,2,85e0cf10,2022,2022,24,22,14,0,0,3
1304080,2,57ee1fde,2022,2022,24,28,8,1,0,1
1304081,2,2f9d0389,2022,2022,24,33,13,1,0,1
1304083,1,462411b3,2022,2022,24,31,9,0,0,1
1304083,1,a757b0d8,2022,2022,12,8,5,0,0,2
1304084,1,87e562a9,2022,2022,24,42,5,2,2,2
1304085,1,03806cf8,2022,2022,24,19,16,0,0,2
1304087,1,2cdce1be,2022,2022,18,17,5,0,0,1
1304088,1,2ed569a0,2022,2022,24,30,10,0,0,2
1304090,1,0c9652b0,2022,2022,18,47,8,0,0,2
1304091,2,df064e1a,2022,2022,24,28,10,0,0,1
1304095,1,f24c6701,2022,2022,24,27,8,0,0,3
1304095,2,03806cf8,2022,2022,24,19,10,0,0,1
1304096,2,3d8feaf8,2022,2022,24,36,9,1,0,1
1304100,2,03806cf8,2022,2022,24,17,13,0,0,2
1304101,1,a2f46292,2022,2022,24,28,10,3,0,2
1304102,2,5b7ab5a9,2022,2022,18,22,5,0,0,1
1304103,2,7210d461,2022,2022,12,24,5,0,0,2
1304105,1,caf69bf7,2022,2022,24,16,18,6,0,3
1304105,1,64775749,2022,2022,18,27,11,5,0,2
1304105,2,30df8c66,2022,2022,24,22,16,5,0,1
1304106,1,f9e6e7ef,2022,2022,24,40,5,0,0,1
1304109,1,0f721006,2022,2022,12,12,3,0,0,1
1304109,2,57ee1fde,2022,2022,24,42,6,1,0,1
1304109,2,495d42a5,2022,2022,24,24,7,1,0,1
1304113,1,03806cf8,2022,2022,24,39,9,0,0,2
1304114,2,30df8c66,2022,2022,18,18,8,0,0,1
1312198,1,5b8c830e,2022,2022,24,39,4,1,0,1
1359480,1,df064e1a,2023,2023,24,28,13,1,0,3
1359483,2,1abb78f8,2023,2023,12,15,4,0,0,1
1359484,2,81c08fa3,2023,2023,12,22,7,8,0,1
1359489,2,f986ca1a,2023,2023,24,48,4,0,0,2
1359490,2,0a8fce53,2023,2023,24,38,11,0,0,1
1359491,1,fe93fd9d,2023,2023,24,21,11,7,0,2
1359496,1,98ae73b1,2023,2023,24,19,10,0,0,1
1359496,2,5b7ab5a9,2023,2023,24,38,10,1,0,1
1359502,2,5b7ab5a9,2023,2023,24,16,13,0,0,2
1359503,1,64839cb3,2023,2023,24,22,8,1,0,1
1359505,1,44aac2f0,2023,2023,18,48,4,4,1,1
1359509,1,4933f499,2023,2023,24,37,8,2,0,1
1359517,2,a97c8ec2,2023,2023,24,20,14,0,0,1
1359525,1,c33d8116,2023,2023,18,42,4,2,0,1
1359525,1,eef2536f,2023,2023,24,34,7,0,0,1
1359525,2,759ac88f,2023,2023,24,29,9,1,0,4
1359526,1,81c36ee9,2023,2023,24,44,4,1,0,1
1359526,2,57ee1fde,2023,2023,24,29,11,0,0,4
1359528,1,eaa76d3c,2023,2023,12,15,6,0,0,1
1359529,1,3d8feaf8,2023,2023,18,18,6,3,0,3
1359530,1,a818c1be,2023,2023,18,15,12,0,0,2
1359542,1,1abb78f8,2023,2023,12,27,3,1,1,2
1359543,1,ffe699c0,2023,2023,24,42,4,1,0,1
1359543,2,2e81a32d,2023,2023,24,26,8,0,0,1
1370350,2,23eeb873,2023,2023,24,29,9,3,0,2
1370351,1,4b31f3a3,2023,2023,24,34,11,2,0,3
1422119,2,119678fd,2024,2024,12,24,4,0,0,1
1422119,2,eaa76d3c,2024,2024,18,27,5,3,0,2
1422120,2,8d2c70ad,2024,2024,24,20,6,0,0,2
1422121,2,77b1aa15,2024,2024,24,33,12,0,0,3
1422124,2,f986ca1a,2024,2024,24,45,6,3,0,1
1422125,2,23eeb873,2024,2024,24,28,11,3,0,2
1422126,2,f9e6e7ef,2024,2024,18,39,4,0,0,1
1422132,1,eef2536f,2024,2024,24,30,9,1,0,1
1422133,1,b681e71e,2024,2024,24,23,12,1,0,2
1422133,2,c0c411cb,2024,2024,22,25,13,1,0,2
1422135,1,c05edf8e,2024,2024,24,33,10,0,0,1
1422136,2,f24c6701,2024,2024,24,27,8,0,0,1
1422137,2,7210d461,2024,2024,24,37,10,0,0,1
1426262,2,57ee1fde,2024,2024,24,43,3,1,0,2
1426266,1,3fb19989,2024,2024,24,28,12,1,0,3
1426268,2,ce794613,2024,2024,24,47,5,4,0,1
1426271,1,f986ca1a,2024,2024,24,31,8,2,0,3
1426271,1,e94915e6,2024,2024,24,41,9,2,0,2
1426277,1,4b31f3a3,2024,2024,24,47,9,1,0,1
1426282,1,495d42a5,2024,2024,24,39,5,6,0,1
1426284,2,46a9bea1,2024,2024,18,27,6,0,0,4
1426289,1,98ae73b1,2024,2024,18,15,8,0,0,1
1426293,1,98ae73b1,2024,2024,24,33,7,2,0,3
1426294,1,ce820073,2024,2024,24,42,7,0,0,1
1426299,1,30df8c66,2024,2024,24,26,13,4,0,3
1426299,2,465aa633,2024,2024,18,21,7,0,0,1
1426303,1,9eb1455b,2024,2024,24,24,10,0,0,1
598044,2,5fa06777,2013,2013,6,6,3,0,0,0
598049,2,5bb5a915,2013,2013,24,40,6,0,0,0
598050,1,b2b50355,2013,2013,18,7,13,2,0,0
598052,2,ae78bc32,2013,2013,12,22,4,0,0,0
598060,1,8b5b6769,2013,2013,18,19,7,3,0,0
598061,1,9d430b40,2013,2013,24,26,11,0,0,0
598064,2,db584dad,2013,2013,6,22,1,1,0,0
598068,1,495d42a5,2013,2013,12,21,4,0,0,0
598069,2,86dc8f2e,2013,2013,6,13,1,0,0,0
598070,1,6c6591ab,2013,2013,12,20,1,0,0,0
729285,2,119678fd,2014,2014,12,8,5,0,0,0
729307,1,cc1e8c68,2014,2014,24,28,9,0,0,0
729309,2,6c6591ab,2014,2014,24,26,8,0,0,0
729311,1,495d42a5,2014,2014,24,17,9,2,0,0
733975,2,5d9a1a73,2014,2014,18,32,4,0,0,0
734001,2,8fd1a8f5,2014,2014,24,29,10,0,0,0
734001,2,119678fd,2014,2014,16,25,5,0,0,0
734021,2,57ee1fde,2014,2014,24,32,9,0,0,0
734023,1,7dc35884,2014,2014,24,30,9,1,0,0
734023,2,f3171936,2014,2014,18,38,4,1,0,0
734023,2,1dc12ab9,2014,2014,6,9,0,0,0,0
734025,1,6c6591ab,2014,2014,24,28,11,2,0,0
734029,2,f62772e5,2014,2014,24,38,3,0,0,0
734035,2,c8179c68,2014,2014,22,41,4,0,0,0
734039,2,2e8994e7,2014,2014,12,15,5,5,0,0
734041,2,808f425a,2014,2014,22,54,4,1,0,0
734045,1,e0407c01,2014,2014,18,25,6,0,0,0
829705,2,41eb4a4f,2015,2015,21,21,10,0,0,0
829707,1,c3d35165,2015,2015,18,28,6,1,0,0
829723,2,fe93fd9d,2015,2015,12,25,1,0,0,0
829725,2,26a85969,2015,2015,18,23,5,2,0,0
829727,1,13c35c9e,2015,2015,24,30,10,1,0,0
829741,1,b681e71e,2015,2015,6,15,1,0,0,0
829743,1,98ae73b1,2015,2015,6,15,0,0,0,0
829747,2,2e8994e7,2015,2015,6,14,1,0,0,0
829749,2,73ad96ed,2015,2015,1,4,0,0,0,0
829757,2,896d78ad,2015,2015,6,3,3,0,0,0
829777,2,33a364a6,2015,2015,12,23,3,0,0,0
829783,2,1c914163,2015,2015,6,5,2,0,0,0
829785,1,f5180fe6,2015,2015,24,43,11,2,0,0
829799,1,69be866a,2015,2015,24,37,9,0,0,0
829809,1,1dc12ab9,2015,2015,6,8,2,1,0,0
980901,2,51a3c5ef,2016,2016,18,27,10,0,0,0
980905,1,9fc0ef64,2016,2016,12,21,6,0,0,0
980909,2,012829ff,2016,2016,24,31,9,2,0,0
980917,2,8b5b6769,2016,2016,12,20,4,0,0,0
980919,1,b681e71e,2016,2016,6,3,3,0,0,0
980921,2,aa8d28ae,2016,2016,24,49,6,2,1,0
980923,2,8b5b6769,2016,2016,24,38,6,1,0,0
980927,1,13c35c9e,2016,2016,24,25,11,0,0,0
980927,2,0a3d54b9,2016,2016,24,37,9,0,1,0
980931,2,bd17b45f,2016,2016,12,23,2,0,0,0
980933,1,13c35c9e,2016,2016,18,21,5,3,0,0
980933,1,462411b3,2016,2016,24,42,5,1,1,0
980933,2,acee4cc4,2016,2016,24,29,7,0,0,0
980935,2,b681e71e,2016,2016,12,16,4,0,0,0
980943,2,0a8fce53,2016,2016,12,21,5,2,0,0
980949,2,e2db2409,2016,2016,18,22,6,0,0,0
980951,1,98ae73b1,2016,2016,12,24,1,0,1,0
980955,2,edb3d4f8,2016,2016,18,15,7,0,0,0
980957,2,e2db2409,2016,2016,15,25,3,0,0,0
980971,2,2e171977,2016,2016,24,32,4,0,0,0
980989,2,66b30f71,2016,2016,6,13,1,0,0,0
980989,2,14f96089,2016,2016,6,8,2,5,0,0
980991,1,119678fd,2016,2016,24,26,6,0,0,0
980991,2,d9273ee7,2016,2016,18,28,5,1,0,0
980997,2,91a4a398,2016,2016,18,19,10,2,0,0
980999,2,dc9dd038,2016,2016,6,4,2,0,0,0
1473438,2,77b1aa15,2025,2025,18,32,4,0,0,0
1473439,1,e9c7f0d0,2025,2025,18,49,3,0,0,0
1473441,1,759ac88f,2025,2025,24,42,6,3,1,0
1473442,1,85e0cf10,2025,2025,18,41,6,0,0,0
1473456,1,9d430b40,2025,2025,18,38,5,1,0,0
1473463,2,12314277,2025,2025,12,11,7,0,0,0
1473469,2,759ac88f,2025,2025,24,38,5,1,0,0
1473470,2,36619795,2025,2025,19,35,8,1,1,0
1473477,1,8d2c70ad,2025,2025,24,33,4,1,0,0
1473489,1,fcc21ace,2025,2025,18,25,7,0,0,0
1473493,2,dbe50b21,2025,2025,6,18,1,3,2,0
1473498,2,ce794613,2025,2025,18,49,1,0,0,0
1473498,2,327b58d3,2025,2025,12,22,3,1,0,0
1473504,1,3204c99f,2025,2025,18,34,3,0,0,0
1473504,2,a4e37e47,2025,2025,12,33,1,5,0,0
1473506,2,dbe50b21,2025,2025,12,29,1,1,0,0
1473508,2,c05edf8e,2025,2025,12,18,2,0,0,0
1527684,2,c5aef772,2026,2026,6,19,0,0,0,0
1527686,1,a818c1be,2026,2026,6,22,0,1,0,0
1527686,1,dbe50b21,2026,2026,12,17,3,0,0,0
1527687,1,5ffc0565,2026,2026,6,23,1,0,1,0
1527690,1,81c36ee9,2026,2026,24,40,5,1,0,0
1529264,1,465aa633,2026,2026,24,31,11,0,0,0
1529265,1,eaa76d3c,2026,2026,12,30,2,2,0,0
1529266,1,9440ef41,2026,2026,24,34,7,0,0,0
1529267,1,3b53243a,2026,2026,24,39,2,0,0,0
1529273,2,e48a4814,2026,2026,12,10,6,0,0,0
1529276,1,dbe50b21,2026,2026,12,38,4,2,1,0
1529294,2,8d2c70ad,2026,2026,18,41,6,0,0,0
1529295,2,c7a995d3,2026,2026,6,8,1,0,0,0
1529299,1,5750bcb4,2026,2026,24,46,4,1,0,0
1529302,2,efc04be7,2026,2026,24,21,8,0,0,0
1529305,1,2cffab74,2026,2026,12,40,2,1,0,0
1529308,2,9caf69a1,2026,2026,5,7,3,0,0,0
1529311,1,244048f6,2026,2026,18,52,5,4,0,0
1529311,1,54e52590,2026,2026,18,26,5,1,0,0
1535464,2,02dfebbe,2026,2026,12,29,2,0,0,0
335988,2,0604ef16,2007/08,2008,12,30,3,1,0,0
335990,1,0264c10e,2007/08,2008,6,9,2,0,0,0
335991,1,87e562a9,2007/08,2008,18,27,6,0,0,0
335994,2,96fd40ae,2007/08,2008,12,19,5,0,0,0
336000,1,fd835ab3,2007/08,2008,12,26,1,0,0,0
336000,2,f0f628c7,2007/08,2008,24,29,6,0,0,0
336001,1,64c34cd0,2007/08,2008,6,11,1,2,0,0
336003,1,fa463154,2007/08,2008,18,26,5,1,0,0
336009,1,cfad138c,2007/08,2008,6,15,0,0,0,0
336014,1,fe763256,2007/08,2008,24,24,10,1,0,0
336014,2,abfeb126,2007/08,2008,18,29,6,0,0,0
336018,1,7d3937ed,2007/08,2008,6,10,3,1,0,0
336025,2,5bb1a1c4,2007/08,2008,12,16,5,0,0,0
336029,2,af7dadf7,2007/08,2008,6,4,2,0,0,0
336035,1,66b30f71,2007/08,2008,12,18,4,0,0,0
336037,2,c3d1402f,2007/08,2008,24,32,12,3,0,0
336039,2,034b4b7d,2007/08,2008,12,14,6,0,0,0
392183,1,c404f58a,2009,2009,18,24,7,3,0,0
392197,1,ea0cdc12,2009,2009,24,39,4,0,0,0
392199,2,fa463154,2009,2009,12,23,3,4,0,0
392199,2,db584dad,2009,2009,23,31,8,0,0,0
392205,2,35205dfc,2009,2009,12,21,3,0,0,0
392205,2,740742ef,2009,2009,12,14,3,1,0,0
392208,2,87e562a9,2009,2009,18,32,4,1,0,0
392209,1,12eddf28,2009,2009,24,39,7,0,0,0
392211,2,abfeb126,2009,2009,24,18,8,0,0,0
392214,2,1dc12ab9,2009,2009,12,8,2,0,0,0
392216,2,bd77eb62,2009,2009,6,20,0,1,0,0
392221,2,fd835ab3,2009,2009,6,10,2,0,0,0
392228,1,c3d1402f,2009,2009,19,30,8,2,2,0
419107,1,bb18be76,2009/10,2010,18,29,3,1,0,0
419109,2,0c2730df,2009/10,2010,24,19,14,0,0,0
419111,2,fdcb08c2,2009/10,2010,12,25,2,0,0,0
419114,1,c404f58a,2009/10,2010,24,35,8,3,1,0
419118,2,addfb70e,2009/10,2010,24,29,9,1,0,0
419119,2,f233bbb4,2009/10,2010,12,16,2,0,0,0
419124,1,5fa06777,2009/10,2010,24,45,6,0,0,0
419126,1,3c6ffae8,2009/10,2010,12,12,2,2,0,0
419127,1,dd09ff8e,2009/10,2010,24,39,7,0,1,0
419129,1,9f961c14,2009/10,2010,12,23,1,0,0,0
419132,2,dd09ff8e,2009/10,2010,15,24,5,6,0,0
419137,1,287686fd,2009/10,2010,12,41,2,0,0,0
419137,2,c8179c68,2009/10,2010,18,37,3,0,0,0
419142,1,626c5379,2009/10,2010,6,5,2,0,0,0
419148,1,64a4c383,2009/10,2010,12,24,2,0,0,0
419158,2,bb18be76,2009/10,2010,18,20,6,1,0,0
419162,1,ba607b88,2009/10,2010,6,10,2,0,0,0
419164,2,12eddf28,2009/10,2010,18,14,12,1,0,0
419165,1,8b5b6769,2009/10,2010,24,30,9,0,0,0
501199,2,2a2e6343,2011,2011,18,25,6,0,0,0
501200,2,4ba44e19,2011,2011,24,27,10,0,0,0
501201,2,cc1e8c68,2011,2011,12,16,2,0,0,0
501202,1,5d9a1a73,2011,2011,12,12,5,0,0,0
501203,1,b720a5d6,2011,2011,6,9,1,0,0,0
501203,2,3c6ffae8,2011,2011,18,22,7,0,0,0
501206,1,c654af19,2011,2011,24,31,5,0,1,0
501210,1,41eb4a4f,2011,2011,24,48,6,3,0,0
501210,1,fe93fd9d,2011,2011,24,29,7,1,0,0
501212,1,e938e1bc,2011,2011,24,29,9,0,0,0
501212,2,2a2e6343,2011,2011,16,28,5,0,0,0
501213,2,3a60e0b5,2011,2011,12,26,4,6,0,0
501215,2,13c35c9e,2011,2011,18,38,5,2,0,0
501221,1,9f961c14,2011,2011,18,34,5,2,0,0
501222,2,85aae393,2011,2011,12,12,7,1,0,0
501225,2,4ba44e19,2011,2011,19,28,10,1,0,0
501226,2,1dc12ab9,2011,2011,12,11,4,0,0,0
501228,2,3d8feaf8,2011,2011,6,7,0,0,0,0
501240,2,6ec424a9,2011,2011,12,24,4,0,0,0
501243,2,2e8994e7,2011,2011,6,11,1,0,0,0
501252,2,8291f939,2011,2011,12,16,5,0,0,0
501256,1,aaa1b522,2011,2011,12,15,2,0,0,0
501260,2,e938e1bc,2011,2011,18,11,13,0,0,0
501262,2,5d9a1a73,2011,2011,24,29,11,0,0,0
548307,2,dd09ff8e,2012,2012,12,15,4,0,0,0
548307,2,85aae393,2012,2012,6,8,3,0,0,0
548308,2,2e81a32d,2012,2012,12,13,5,0,0,0
548317,2,8b5b6769,2012,2012,24,43,5,0,0,0
548321,1,39f01cdb,2012,2012,12,16,5,1,0,0
548327,1,91a4a398,2012,2012,24,34,4,1,0,0
548327,2,2e81a32d,2012,2012,24,27,10,0,0,0
548328,2,dc4686e6,2012,2012,21,32,4,0,0,0
548329,2,24d94623,2012,2012,6,16,1,0,0,0
548333,1,9d80c5e1,2012,2012,24,44,5,3,0,0
548334,1,dc4686e6,2012,2012,18,33,4,0,0,0
548334,2,8b5b6769,2012,2012,24,34,5,1,0,0
548344,1,5bdcdb72,2012,2012,12,19,2,0,0,0
548350,2,d7c6af50,2012,2012,24,29,5,0,0,0
548351,1,f842c2cf,2012,2012,12,9,3,0,0,0
548355,1,35205dfc,2012,2012,12,26,2,0,0,0
548358,2,abfeb126,2012,2012,18,32,8,0,0,0
548359,1,39f82db3,2012,2012,12,15,4,0,0,0
548360,2,740742ef,2012,2012,6,16,1,0,0,0
548364,1,87e562a9,2012,2012,24,22,8,2,0,0
548368,1,1dc12ab9,2012,2012,12,17,3,0,0,0
548379,1,a12e1d51,2012,2012,24,41,6,1,0,0
597999,1,f0f628c7,2013,2013,24,40,10,0,0,0
598000,2,5bb1a1c4,2013,2013,24,22,13,1,0,0
598007,2,626c5379,2013,2013,6,15,0,0,0,0
598008,2,86dc8f2e,2013,2013,24,30,14,1,1,0
598015,2,b8d490fd,2013,2013,6,9,0,0,0,0
598017,1,d68e7f48,2013,2013,24,28,11,0,1,0
598023,2,3d7e087f,2013,2013,23,26,10,2,0,0
598027,1,b8d490fd,2013,2013,6,29,0,0,0,0
598032,1,4329fbb5,2013,2013,12,16,5,1,0,0
1082601,2,ce820073,2017,2017,18,28,8,1,0,0
1082601,2,d9273ee7,2017,2017,9,14,2,0,0,0
1082605,1,b681e71e,2017,2017,6,7,2,0,0,0
1082608,2,8cf9814c,2017,2017,18,28,5,6,0,0
1082610,1,35205dfc,2017,2017,6,17,0,1,0,0
1082611,2,2e81a32d,2017,2017,24,29,7,1,0,0
1082612,2,2e171977,2017,2017,12,20,3,1,0,0
1082622,2,8abdf100,2017,2017,17,27,3,0,0,0
1082624,1,957532de,2017,2017,24,30,7,0,0,0
1082625,2,5fa06777,2017,2017,12,26,4,0,0,0
1082625,2,fe93fd9d,2017,2017,6,11,1,0,0,0
1082626,1,ce794613,2017,2017,12,7,9,1,0,0
1082627,2,32198ae0,2017,2017,18,31,1,0,0,0
1082631,2,56ab442f,2017,2017,18,41,8,2,0,0
1082633,2,ce794613,2017,2017,6,15,2,0,0,0
1082633,2,0a3d54b9,2017,2017,24,28,13,2,0,0
1082637,1,f18ba07f,2017,2017,18,27,3,0,0,0
1082640,1,91a4a398,2017,2017,24,30,7,0,0,0
1082640,1,8abdf100,2017,2017,12,19,3,1,0,0
1082640,2,35205dfc,2017,2017,6,17,1,0,0,0
1082642,1,1abb78f8,2017,2017,18,35,6,0,0,0
1082642,2,f846de6a,2017,2017,6,12,2,0,0,0
1082644,1,94d7f855,2017,2017,12,16,7,2,0,0
1082644,1,cc1e8c68,2017,2017,24,40,8,0,0,0
1082644,1,9d430b40,2017,2017,24,37,8,2,0,0
1136564,2,7a8bd078,2018,2018,18,18,6,0,0,0
1136564,2,1a156c88,2018,2018,12,9,6,0,0,0
1136565,2,41eb4a4f,2018,2018,11,35,2,1,1,0
1136566,2,90de905a,2018,2018,6,10,2,0,0,0
1136574,1,f19ccfad,2018,2018,12,32,2,5,0,0
1136583,1,5b8c830e,2018,2018,12,14,3,1,0,0
1136584,1,fe93fd9d,2018,2018,12,22,3,0,0,0
1136585,1,d8b2f218,2018,2018,18,27,8,0,1,0
1136587,1,a9fd84fb,2018,2018,18,30,4,1,0,0
1136589,1,98ae73b1,2018,2018,18,22,10,0,0,0
1136590,2,4329fbb5,2018,2018,12,27,2,0,0,0
1136591,1,5b8c830e,2018,2018,24,24,10,0,0,0
1136595,1,1abb78f8,2018,2018,12,19,5,0,0,0
1136596,1,ce820073,2018,2018,24,35,6,1,0,0
1136596,1,7dc35884,2018,2018,24,34,6,0,0,0
1136598,2,7a8bd078,2018,2018,18,26,5,0,0,0
1136605,1,94d7f855,2018,2018,6,12,0,0,0,0
1136608,2,495d42a5,2018,2018,6,9,0,0,0,0
1136610,2,2e11c706,2018,2018,6,15,0,0,0,0
1136611,2,13c35c9e,2018,2018,24,45,6,1,0,0
1136612,1,87e562a9,2018,2018,24,52,3,2,0,0
1136618,1,641ac5ff,2018,2018,24,15,11,0,0,0
1175360,1,8b5b6769,2019,2019,24,30,10,2,0,0
1175360,2,39a2dfa8,2019,2019,12,20,3,0,0,0
1175361,2,85e0cf10,2019,2019,24,42,10,1,0,0
1175362,1,21d4e29b,2019,2019,24,40,12,0,1,0
1175366,1,94d7f855,2019,2019,6,16,0,0,0,0
1175370,2,2ed569a0,2019,2019,12,11,5,1,0,0
1175372,2,2f49c897,2019,2019,14,36,5,1,2,0
1178396,2,e087956b,2019,2019,5,3,2,1,0,0
1178403,2,f088b960,2019,2019,2,6,0,0,0,0
1178405,2,6b19d823,2019,2019,18,13,8,0,0,0
1178413,2,98ae73b1,2019,2019,18,38,5,0,0,0
1178416,1,87e562a9,2019,2019,24,34,3,1,0,0
1178420,1,bd17b45f,2019,2019,6,10,1,1,0,0
1178426,2,2ed569a0,2019,2019,24,21,10,0,0,0
1178429,1,cc1e8c68,2019,2019,24,46,8,0,1,0
1178429,2,62af8546,2019,2019,14,26,2,0,0,0
1178431,1,2ed569a0,2019,2019,6,12,4,0,0,0
1178431,2,9d430b40,2019,2019,24,33,9,1,0,0
1181764,1,462411b3,2019,2019,24,31,6,0,1,0
1181766,2,62af8546,2019,2019,24,29,10,0,0,0
1181766,2,871e9faf,2019,2019,24,41,7,0,0,0
1181768,2,dbe50b21,2019,2019,6,3,4,1,0,0
1216495,2,f752db61,2020/21,2021,18,29,3,0,0,0
1216513,2,ffe699c0,2020/21,2021,18,42,2,0,0,0
1216514,1,a4e37e47,2020/21,2021,6,4,2,0,0,0
1216514,2,04a418e8,2020/21,2021,6,13,3,2,0,0
1216515,1,c38d3503,2020/21,2021,18,40,2,0,0,0
1216517,2,56ab442f,2020/21,2021,24,33,9,0,0,0
1216518,2,e087956b,2020/21,2021,12,24,4,2,0,0
1216523,2,5b7ab5a9,2020/21,2021,24,27,5,0,0,0
1216525,1,fe93fd9d,2020/21,2021,12,7,6,0,0,0
1216529,1,f752db61,2020/21,2021,18,37,6,3,0,0
1216529,1,462411b3,2020/21,2021,24,26,7,0,0,0
1216537,1,0a3d54b9,2020/21,2021,24,47,12,5,1,0
1216541,2,a757b0d8,2020/21,2021,12,18,3,3,0,0
1216543,1,e087956b,2020/21,2021,12,24,2,0,2,0
1216544,2,f19ccfad,2020/21,2021,24,27,8,0,0,0
1216545,1,b4f5c2d9,2020/21,2021,12,17,1,1,0,0
1216546,1,244048f6,2020/21,2021,18,30,4,0,0,0
1216547,1,f752db61,2020/21,2021,24,51,9,0,0,0
1237180,1,ce794613,2020/21,2021,24,32,4,3,0,0
1254060,2,5b7ab5a9,2021,2021,24,36,4,0,0,0
1254065,2,1ee08e9a,2021,2021,18,21,9,0,0,0
1254071,2,8cf9814c,2021,2021,12,16,5,0,0,0
1254074,2,a818c1be,2021,2021,16,30,7,0,1,0
1254076,1,2f49c897,2021,2021,24,32,9,0,0,0
1254076,1,68c56d09,2021,2021,18,31,5,1,0,0
1254079,2,f19ccfad,2021,2021,24,28,5,0,0,0
1254080,1,fe93fd9d,2021,2021,18,23,6,1,0,0
1254080,2,dcf81436,2021,2021,24,32,8,0,0,0
1254081,2,a4e37e47,2021,2021,6,6,2,1,0,0
1254086,2,73ad96ed,2021,2021,12,11,3,0,0,0
1254088,2,5b8c830e,2021,2021,6,16,1,0,1,0
1254090,1,c05edf8e,2021,2021,24,26,13,0,0,0
1254091,2,2e81a32d,2021,2021,24,34,12,2,0,0
1254092,1,5b7ab5a9,2021,2021,24,24,7,1,0,0
1254093,1,a818c1be,2021,2021,24,24,10,2,0,0
1254093,2,030f3089,2021,2021,12,16,4,0,0,0
1254099,2,c05edf8e,2021,2021,6,11,1,0,0,0
1254102,2,fb2d1dda,2021,2021,6,7,1,0,0,0
1254117,1,7dc35884,2021,2021,18,33,5,0,0,0
1304047,2,46a9bea1,2022,2022,18,23,9,0,0,0
1304049,1,50c6bc2b,2022,2022,6,14,1,1,0,0
1304060,1,b8527c3d,2022,2022,18,18,6,0,0,0
1304067,1,f19ccfad,2022,2022,18,14,7,0,0,0
1304067,2,2f9d0389,2022,2022,24,46,7,2,0,0
1304068,1,2f49c897,2022,2022,24,37,11,0,1,0
1304080,1,ad427b5c,2022,2022,24,41,7,0,0,0
1304091,2,d9273ee7,2022,2022,6,14,3,1,0,0
1304092,1,2e81a32d,2022,2022,24,22,7,0,0,0
1304094,1,ce820073,2022,2022,24,17,15,1,0,0
1304094,2,9fc0ef64,2022,2022,12,23,4,0,0,0
1304094,2,5f547c8b,2022,2022,24,21,8,0,0,0
1304095,1,fe93fd9d,2022,2022,24,20,6,0,0,0
1304095,2,2f49c897,2022,2022,12,22,2,0,0,0
1304098,1,2e78f685,2022,2022,24,42,8,2,0,0
1304102,1,a757b0d8,2022,2022,12,26,3,1,0,0
1304107,1,f19ccfad,2022,2022,24,40,8,0,0,0
1304108,2,30df8c66,2022,2022,18,26,8,1,0,0
1304112,1,cc1e8c68,2022,2022,24,34,7,0,0,0
1304112,1,fb2d1dda,2022,2022,6,9,0,0,0,0
1304112,2,eef2536f,2022,2022,24,60,6,3,1,0
1304115,1,0c9652b0,2022,2022,24,34,11,2,0,0
1312200,1,2f9d0389,2022,2022,18,22,5,0,0,0
1359480,2,e087956b,2023,2023,6,18,0,0,0,0
1359484,2,ce794613,2023,2023,18,23,6,1,0,0
1359485,2,0f721006,2023,2023,18,28,3,1,0,0
1359488,1,f19ccfad,2023,2023,6,6,3,0,0,0
1359488,2,9eb1455b,2023,2023,18,28,5,0,0,0
1359489,1,eef2536f,2023,2023,24,53,7,0,0,0
1359489,1,df064e1a,2023,2023,24,39,5,1,0,0
1359493,1,9d430b40,2023,2023,24,28,7,2,0,0
1359494,1,0a8fce53,2023,2023,18,41,2,0,0,0
1359496,2,cc1e8c68,2023,2023,12,19,6,0,0,0
1359502,2,bbd41817,2023,2023,6,12,3,0,1,0
1359503,2,6a26221c,2023,2023,6,11,2,0,0,0
1359505,1,0c9652b0,2023,2023,18,24,6,0,1,0
1359506,2,54e52590,2023,2023,12,24,4,1,0,0
1359520,1,5574750c,2023,2023,24,56,3,6,1,0
1359520,2,2ed569a0,2023,2023,18,30,5,0,0,0
1359527,2,50c6bc2b,2023,2023,12,27,2,0,0,0
1359528,2,2f49c897,2023,2023,18,31,9,1,0,0
1359530,2,77b1aa15,2023,2023,12,22,5,2,0,0
1370353,1,46a9bea1,2023,2023,24,56,4,0,0,0
1370353,1,f24c6701,2023,2023,24,36,8,0,0,0
1370353,2,9061a703,2023,2023,12,30,1,0,0,0
1422123,1,fffa744b,2024,2024,6,13,0,0,0,0
1422124,2,244048f6,2024,2024,20,40,7,3,0,0
1422124,2,2ed569a0,2024,2024,6,16,1,0,0,0
1422126,2,2e81a32d,2024,2024,24,53,6,0,0,0
1426260,2,bbd41817,2024,2024,6,8,2,1,0,0
1426264,2,d9273ee7,2024,2024,6,10,2,0,0,0
1426271,1,50c6bc2b,2024,2024,12,16,4,0,0,0
1426271,2,c5aef772,2024,2024,12,20,5,0,0,0
1426277,2,bb351c23,2024,2024,12,21,1,0,0,0
1426278,2,a2f46292,2024,2024,12,26,2,1,0,0
1426284,1,aad0c365,2024,2024,6,8,1,1,0,0
1426292,2,7c3b3b78,2024,2024,12,21,4,1,0,0
1426295,1,1e66c162,2024,2024,12,19,4,0,0,0
1426296,1,50c6bc2b,2024,2024,18,28,4,1,0,0
1426297,1,e4a0deae,2024,2024,12,31,2,0,0,0
1426299,1,f24c6701,2024,2024,24,28,9,0,0,0
1426300,1,2e171977,2024,2024,18,24,5,0,0,0
1426302,2,9f77963a,2024,2024,6,12,1,0,0,0
598045,1,9a158001,2013,2013,24,24,11,0,1,2
598047,2,2e81a32d,2013,2013,24,38,11,1,0,1
598051,2,87e562a9,2013,2013,24,25,9,0,0,1
598055,2,ea0cdc12,2013,2013,24,15,12,0,0,1
598058,1,557153ca,2013,2013,24,32,8,0,0,2
598060,1,a12e1d51,2013,2013,24,26,7,1,0,2
598065,1,808f425a,2013,2013,24,16,12,2,0,5
598066,2,1a0c3177,2013,2013,24,29,8,0,0,1
598067,1,dcf81436,2013,2013,24,27,9,0,0,2
598069,1,6b19d823,2013,2013,24,20,8,0,0,1
598069,1,119678fd,2013,2013,18,15,10,0,0,1
598071,2,119678fd,2013,2013,12,24,4,0,0,1
729285,1,dfc4d8b5,2014,2014,24,25,8,2,0,2
729287,1,57ee1fde,2014,2014,24,17,9,0,0,2
729299,2,86dc8f2e,2014,2014,24,26,10,0,0,1
729301,2,c03c6200,2014,2014,18,34,5,0,0,1
729307,1,86dc8f2e,2014,2014,24,32,5,1,0,1
729311,2,119678fd,2014,2014,24,35,6,0,0,1
729317,2,5fa06777,2014,2014,12,10,4,1,0,2
733989,1,4329fbb5,2014,2014,12,13,7,0,0,3
733993,1,32198ae0,2014,2014,18,26,7,0,0,2
734003,2,24d94623,2014,2014,24,20,12,0,0,2
734029,2,fe93fd9d,2014,2014,22,42,5,3,0,1
734033,1,5f26df4f,2014,2014,18,29,7,1,0,1
734035,1,759ac88f,2014,2014,18,16,9,0,0,1
734039,2,acee4cc4,2014,2014,23,32,8,2,0,1
734043,2,98ae73b1,2014,2014,24,23,7,0,0,1
734047,1,96fd40ae,2014,2014,24,51,7,2,0,2
829705,1,7dc35884,2015,2015,24,48,7,2,0,1
829709,1,f5180fe6,2015,2015,24,34,14,9,0,2
829719,1,a818c1be,2015,2015,24,36,15,6,0,3
829731,1,e938e1bc,2015,2015,24,38,9,2,0,1
829731,2,56ab442f,2015,2015,24,26,10,0,0,1
829731,2,2e8994e7,2015,2015,18,17,6,1,0,4
829733,1,bbd41817,2015,2015,24,39,7,2,0,2
829739,1,9d430b40,2015,2015,24,38,10,0,0,1
829739,2,acee4cc4,2015,2015,24,30,5,0,0,1
829747,2,2c76b512,2015,2015,12,7,8,0,0,1
829751,2,a12e1d51,2015,2015,24,23,13,0,1,4
829757,1,3fb19989,2015,2015,24,20,14,1,0,3
829759,1,f5180fe6,2015,2015,24,39,7,0,0,2
829777,2,bd17b45f,2015,2015,12,27,6,3,0,2
829777,2,808f425a,2015,2015,24,22,10,1,0,2
829795,1,a12e1d51,2015,2015,24,27,11,1,0,1
829795,2,57ee1fde,2015,2015,24,51,6,0,0,2
829801,2,e0407c01,2015,2015,24,27,14,0,0,2
829813,1,f986ca1a,2015,2015,24,30,9,0,0,2
829821,1,87e562a9,2015,2015,18,21,8,2,0,1
829821,2,957532de,2015,2015,24,25,9,0,0,1
829823,2,41eb4a4f,2015,2015,24,39,10,1,0,1
980911,1,87e562a9,2016,2016,24,43,6,0,0,1
980921,2,4329fbb5,2016,2016,24,25,10,1,0,2
980935,1,32198ae0,2016,2016,24,33,7,1,0,2
980939,1,626c5379,2016,2016,18,20,4,0,0,1
980939,2,e2db2409,2016,2016,24,32,10,1,0,1
980945,2,d2a989fc,2016,2016,24,19,14,0,0,3
980953,1,dfc4d8b5,2016,2016,24,45,10,0,0,2
980955,1,87e562a9,2016,2016,24,33,6,0,0,2
980955,2,759ac88f,2016,2016,24,32,7,0,0,3
980959,1,98ae73b1,2016,2016,24,32,6,0,0,2
980971,2,edb3d4f8,2016,2016,24,37,6,1,0,1
980971,2,d9273ee7,2016,2016,24,40,6,2,0,3
980973,1,51a3c5ef,2016,2016,24,38,5,1,0,1
980975,2,7dc35884,2016,2016,18,38,6,0,0,1
980977,2,4329fbb5,2016,2016,24,22,10,0,0,2
980981,2,57ee1fde,2016,2016,24,16,9,0,0,1
980989,1,7dc35884,2016,2016,18,21,5,0,0,1
980993,2,462411b3,2016,2016,24,13,12,0,0,3
981005,2,ce820073,2016,2016,24,29,11,2,0,1
981013,2,d2a989fc,2016,2016,24,14,13,0,0,4
1426310,1,ce820073,2024,2024,24,48,3,0,0,1
1473443,1,83c3e8e3,2025,2025,24,42,9,3,0,1
1473448,1,fe93fd9d,2025,2025,12,10,3,0,0,1
1473449,1,23eeb873,2025,2025,12,19,6,1,0,2
1473451,1,c7a995d3,2025,2025,24,22,11,1,0,2
1473451,2,03806cf8,2025,2025,23,43,10,1,0,1
1473455,2,ce820073,2025,2025,24,21,8,1,0,2
1473456,2,1abb78f8,2025,2025,24,52,9,8,0,2
1473459,1,495d42a5,2025,2025,24,48,7,1,0,2
1473460,2,12314277,2025,2025,12,19,5,1,0,1
1473464,1,5750bcb4,2025,2025,24,45,5,2,0,2
1473465,1,5b8c830e,2025,2025,24,29,6,0,0,1
1473469,1,5574750c,2025,2025,24,32,9,2,0,2
1473473,2,eef2536f,2025,2025,24,37,6,0,0,3
1473477,2,6a26221c,2025,2025,18,30,4,1,0,2
1473480,1,08548b13,2025,2025,18,26,7,0,0,1
1473481,1,bbd41817,2025,2025,18,27,4,0,0,1
1473485,1,5ffc0565,2025,2025,24,41,7,1,1,2
1473486,1,244048f6,2025,2025,20,25,12,6,0,2
1473486,2,efc04be7,2025,2025,24,39,5,0,0,1
1473486,2,64839cb3,2025,2025,24,45,5,2,0,2
1473492,1,1e66c162,2025,2025,24,13,11,0,0,1
1473497,1,04a418e8,2025,2025,18,26,5,2,0,1
1473504,2,fcc21ace,2025,2025,15,13,9,0,0,3
1473506,2,462411b3,2025,2025,24,23,14,0,0,1
1473507,1,c5aef772,2025,2025,24,51,6,2,0,1
1473509,2,462411b3,2025,2025,24,27,10,1,0,1
1473511,1,54e52590,2025,2025,24,30,5,2,0,1
1527674,1,82c10dac,2026,2026,18,38,7,0,0,1
1527674,2,1e66c162,2026,2026,18,29,4,1,0,1
1527675,1,dbe50b21,2026,2026,18,39,6,2,0,1
1527676,1,ce820073,2026,2026,16,22,2,0,0,1
1527679,2,1e66c162,2026,2026,18,21,7,0,0,3
1527687,1,f834dcfc,2026,2026,24,24,11,2,0,1
1527693,1,dbe50b21,2026,2026,24,39,7,1,1,1
1527693,2,b8527c3d,2026,2026,17,23,8,0,0,1
1529264,1,5574750c,2026,2026,24,37,13,0,0,2
1529265,2,fcc21ace,2026,2026,24,32,9,2,0,2
1529269,1,2cffab74,2026,2026,24,32,10,4,1,1
1529269,2,5b8c830e,2026,2026,24,24,5,0,0,1
1529272,2,81c36ee9,2026,2026,24,37,5,0,0,2
1529273,1,2f49c897,2026,2026,24,25,9,0,0,1
1529276,2,fcc21ace,2026,2026,18,10,12,1,0,1
1529282,1,03806cf8,2026,2026,21,12,15,0,0,4
1529284,2,dbe50b21,2026,2026,22,39,7,3,0,1
1529288,2,280fff14,2026,2026,18,17,7,2,0,1
1529289,1,2f49c897,2026,2026,24,28,11,1,0,2
1529291,1,4d7f517e,2026,2026,24,19,14,0,0,1
1529293,1,5b8c830e,2026,2026,24,31,12,1,0,1
1529293,2,80b2fb19,2026,2026,24,33,7,0,0,3
1529294,1,e4cdf230,2026,2026,24,31,10,2,0,2
1529294,1,7c3b3b78,2026,2026,18,29,5,0,0,1
1529299,1,280fff14,2026,2026,24,37,7,3,0,2
1529300,1,03806cf8,2026,2026,24,35,7,0,0,1
1529300,1,b8527c3d,2026,2026,24,35,6,1,0,1
1529304,2,2e81a32d,2026,2026,24,38,10,1,0,2
1529308,1,11061889,2026,2026,24,34,12,2,0,2
1529309,2,2f49c897,2026,2026,18,26,10,0,0,3
1529313,1,e4cdf230,2026,2026,12,23,3,2,0,1
1535463,2,fe93fd9d,2026,2026,18,21,5,2,0,2
1535464,1,2f49c897,2026,2026,24,42,10,5,0,1
1535465,1,2e81a32d,2026,2026,24,29,11,0,0,2
335983,1,5fa06777,2007/08,2008,24,47,6,0,0,2
335985,2,8b5b6769,2007/08,2008,24,36,6,1,0,2
335986,2,bcce309e,2007/08,2008,18,9,11,0,0,2
335986,2,6c6591ab,2007/08,2008,24,18,11,2,0,2
335987,1,bb18be76,2007/08,2008,24,19,11,0,0,3
335991,2,034b4b7d,2007/08,2008,24,40,10,1,0,1
335992,1,4329fbb5,2007/08,2008,24,20,15,0,1,2
335992,2,e938e1bc,2007/08,2008,18,42,5,0,0,1
336000,2,4329fbb5,2007/08,2008,19,22,10,2,0,2
336000,2,bb18be76,2007/08,2008,12,20,2,1,0,1
336003,1,9ab63e7b,2007/08,2008,18,28,5,0,0,1
336004,2,96fd40ae,2007/08,2008,24,25,10,0,0,3
336004,2,7d3937ed,2007/08,2008,12,15,3,0,0,1
336007,1,0604ef16,2007/08,2008,24,36,9,0,0,1
336007,2,ae78bc32,2007/08,2008,18,15,9,0,0,1
336019,2,98ae73b1,2007/08,2008,24,35,7,0,0,3
336022,2,9fc0ef64,2007/08,2008,6,12,3,1,0,1
336031,1,6b8eb6e5,2007/08,2008,24,29,10,0,0,1
336031,2,740742ef,2007/08,2008,24,25,6,1,0,1
336032,1,93a17209,2007/08,2008,24,36,11,0,0,4
336035,1,ea0cdc12,2007/08,2008,24,24,9,0,0,1
336037,1,ae78bc32,2007/08,2008,24,21,12,0,0,1
336037,2,acd4f5dc,2007/08,2008,20,32,7,1,0,1
392184,1,57efa3be,2009,2009,24,32,12,0,0,2
392191,1,5fa06777,2009,2009,24,35,10,0,0,3
392197,1,b57f8a9a,2009,2009,18,29,4,0,0,1
392197,2,87e562a9,2009,2009,18,31,8,1,0,2
392198,1,6ef60d3a,2009,2009,24,35,8,1,0,1
392199,1,d92e42f5,2009,2009,18,30,3,0,0,1
392200,1,87e562a9,2009,2009,18,24,7,2,0,1
392201,1,96fd40ae,2009,2009,24,30,5,0,1,2
392202,2,c3d35165,2009,2009,24,21,10,0,0,2
392207,2,5bb1a1c4,2009,2009,24,27,10,0,0,2
392211,2,fa463154,2009,2009,18,24,6,0,0,1
392212,1,a12e1d51,2009,2009,24,24,10,2,0,1
392214,1,5fa06777,2009,2009,24,38,6,0,0,1
392217,2,5b040b81,2009,2009,18,25,10,0,0,1
392218,1,41eb4a4f,2009,2009,24,30,9,1,0,1
392220,1,3c6ffae8,2009,2009,24,34,8,0,0,3
392223,1,bcce309e,2009,2009,24,52,10,5,2,2
392224,2,c3d35165,2009,2009,24,13,16,1,0,2
392224,2,4ba44e19,2009,2009,24,24,14,0,0,1
392225,2,3d7e087f,2009,2009,24,19,10,0,1,2
392226,2,96fd40ae,2009,2009,24,6,19,0,0,1
392231,2,c8179c68,2009,2009,24,36,6,0,0,1
392232,1,05c2ca46,2009,2009,24,31,3,0,0,1
392232,2,662c47a6,2009,2009,12,20,3,0,1,2
419107,1,addfb70e,2009/10,2010,24,46,9,10,0,1
419109,1,896d78ad,2009/10,2010,24,19,10,0,0,4
419110,2,bcce309e,2009/10,2010,24,21,13,0,0,3
419114,1,ab89348d,2009/10,2010,24,50,4,5,1,2
419114,2,8b5b6769,2009/10,2010,15,23,6,1,0,2
419116,1,495d42a5,2009/10,2010,24,40,4,1,0,1
419121,1,c3d35165,2009/10,2010,24,23,13,0,0,2
419121,1,4ba44e19,2009/10,2010,24,16,15,0,0,3
419123,2,41eb4a4f,2009/10,2010,24,40,10,1,0,4
419130,2,91a4a398,2009/10,2010,18,21,10,0,0,3
419132,1,87e562a9,2009/10,2010,18,22,6,0,0,1
419132,2,5fa06777,2009/10,2010,18,20,5,1,0,1
419135,1,6c6591ab,2009/10,2010,24,38,10,2,0,2
419142,2,b2ae53f5,2009/10,2010,15,16,7,1,2,2
419144,1,33a364a6,2009/10,2010,24,30,6,1,0,1
419151,2,bd77eb62,2009/10,2010,24,33,5,0,0,1
419153,2,db584dad,2009/10,2010,18,35,8,10,0,1
419155,1,c404f58a,2009/10,2010,19,25,8,3,1,1
419157,1,86dc8f2e,2009/10,2010,24,41,8,1,0,2
419157,1,39f01cdb,2009/10,2010,6,10,1,0,0,1
419159,1,c3d35165,2009/10,2010,24,48,5,1,0,1
419160,1,96fd40ae,2009/10,2010,24,32,9,0,0,2
419165,2,c3d35165,2009/10,2010,18,20,8,1,0,1
501198,2,f5f18a18,2011,2011,24,33,9,1,0,1
501200,1,91a4a398,2011,2011,24,28,7,0,0,1
501200,2,fe93fd9d,2011,2011,24,28,8,1,0,1
501203,1,6b19d823,2011,2011,24,19,11,0,0,2
501204,1,addfb70e,2011,2011,24,40,9,0,2,2
501207,1,91ffa6c6,2011,2011,12,8,5,0,0,1
501208,2,ae78bc32,2011,2011,24,31,7,0,0,3
501211,2,c3d35165,2011,2011,24,34,11,1,0,2
501216,2,2a2e6343,2011,2011,24,38,9,0,0,2
501218,2,b552a935,2011,2011,24,16,14,0,0,1
501219,1,7dc35884,2011,2011,24,28,9,0,0,3
501221,2,8b5b6769,2011,2011,24,18,10,1,0,5
501224,2,a757b0d8,2011,2011,12,20,4,6,0,1
501226,1,4180d897,2011,2011,24,30,11,2,0,3
501229,2,5bb1a1c4,2011,2011,18,12,12,1,0,5
501231,2,f0f628c7,2011,2011,24,18,17,0,0,2
501237,2,a12e1d51,2011,2011,24,19,10,0,0,2
501238,2,05c2ca46,2011,2011,18,15,8,2,0,1
501244,2,db584dad,2011,2011,24,21,7,0,0,3
501252,2,bb18be76,2011,2011,24,26,10,0,0,1
501255,2,dd09ff8e,2011,2011,18,31,7,1,0,1
501258,1,b57f8a9a,2011,2011,24,13,16,0,0,4
501259,1,6c6591ab,2011,2011,24,35,14,0,0,2
501259,2,3a60e0b5,2011,2011,20,27,9,7,0,1
501260,2,98ae73b1,2011,2011,24,17,15,0,0,4
501261,1,c3d1402f,2011,2011,24,34,6,0,0,1
501266,2,495d42a5,2011,2011,24,18,12,0,0,1
501271,1,c64c2443,2011,2011,18,39,3,0,0,1
548308,2,abfeb126,2012,2012,18,14,8,0,0,2
548310,1,b681e71e,2012,2012,12,10,5,0,0,1
548311,2,45c2196c,2012,2012,13,20,6,2,0,2
548311,2,1dc12ab9,2012,2012,12,10,2,0,0,1
548312,2,5b040b81,2012,2012,24,30,9,0,0,2
548313,2,96fd40ae,2012,2012,18,20,9,0,0,1
548324,2,e32d22f6,2012,2012,24,18,14,0,0,2
548328,1,b2b50355,2012,2012,24,20,9,0,0,1
548331,1,16043342,2012,2012,24,25,4,1,0,2
548332,1,c8179c68,2012,2012,12,12,6,0,0,1
548333,2,725529bc,2012,2012,24,27,5,0,0,2
548336,2,d92e42f5,2012,2012,24,19,14,2,0,4
548337,1,5fa06777,2012,2012,24,23,12,0,0,1
548339,2,9a158001,2012,2012,23,23,8,0,0,2
548342,2,cc1e8c68,2012,2012,24,36,8,1,0,2
548343,2,9a158001,2012,2012,24,25,8,0,0,3
548344,2,9d430b40,2012,2012,24,11,13,0,0,1
548345,1,5b040b81,2012,2012,24,41,6,1,0,2
548350,2,16043342,2012,2012,24,25,9,0,0,2
548353,1,abfeb126,2012,2012,24,22,11,2,0,1
548357,1,dd09ff8e,2012,2012,24,39,8,1,0,1
548358,2,f842c2cf,2012,2012,12,12,4,0,0,1
548359,1,1c2a64cd,2012,2012,24,39,7,3,0,2
548363,2,a757b0d8,2012,2012,24,29,6,1,0,1
548367,2,41eb4a4f,2012,2012,24,36,10,2,0,1
548367,2,f986ca1a,2012,2012,24,25,11,1,0,1
548369,2,e938e1bc,2012,2012,24,28,10,0,0,1
548373,1,8fd1a8f5,2012,2012,24,16,12,0,0,2
548378,1,cc1e8c68,2012,2012,24,37,6,1,0,1
548381,1,33a364a6,2012,2012,18,23,4,0,0,1
598002,1,db31895a,2013,2013,18,25,7,1,0,1
598003,1,1a0c3177,2013,2013,24,16,14,0,0,1
598004,2,41eb4a4f,2013,2013,24,27,7,0,0,1
598005,2,557153ca,2013,2013,24,15,11,1,0,3
598006,2,a12e1d51,2013,2013,24,20,12,0,0,1
598006,2,a757b0d8,2013,2013,24,35,7,2,0,2
598011,2,6c6591ab,2013,2013,12,20,4,2,0,1
598017,1,1e66c162,2013,2013,24,24,12,2,0,2
598019,2,99b202b3,2013,2013,12,6,5,0,0,2
598020,2,c3d35165,2013,2013,18,13,11,1,0,1
598020,2,495d42a5,2013,2013,24,18,11,0,0,2
598023,1,c3d1402f,2013,2013,24,13,17,0,0,3
598023,1,41eb4a4f,2013,2013,24,18,13,0,0,3
598027,2,abfeb126,2013,2013,18,25,7,2,0,1
598028,2,98ae73b1,2013,2013,24,44,6,0,0,2
598030,2,5bb1a1c4,2013,2013,24,34,8,1,1,1
598034,2,fb66ce1f,2013,2013,18,29,6,0,0,1
1082594,2,2ed569a0,2017,2017,24,32,8,4,0,1
1082602,1,51a3c5ef,2017,2017,24,20,11,1,0,2
1082606,1,a12e1d51,2017,2017,24,51,6,6,1,1
1082607,1,76388dc8,2017,2017,24,32,7,0,0,1
1082608,2,91a4a398,2017,2017,24,28,9,0,0,2
1082608,2,fb66ce1f,2017,2017,24,30,6,0,0,1
1082612,1,5b8c830e,2017,2017,24,29,4,2,0,1
1082617,1,76388dc8,2017,2017,24,33,10,0,0,1
1082617,1,bd17b45f,2017,2017,6,9,3,0,0,1
1082620,1,8d2c70ad,2017,2017,24,31,8,0,0,2
1082622,1,cc1e8c68,2017,2017,24,38,8,1,0,1
1082623,2,dcf81436,2017,2017,24,36,7,0,1,3
1082624,2,f19ccfad,2017,2017,12,7,5,0,0,1
1082625,2,808f425a,2017,2017,24,34,7,0,0,2
1082628,1,5b8c830e,2017,2017,24,34,7,1,0,2
1082639,1,4c5d73db,2017,2017,24,20,11,1,0,2
1082640,1,6b19d823,2017,2017,12,27,2,0,0,1
1082642,2,91a4a398,2017,2017,24,25,7,1,0,2
1082643,1,2e81a32d,2017,2017,20,25,8,1,0,2
1082646,1,9d80c5e1,2017,2017,12,12,4,1,0,1
1136563,1,fb2d1dda,2018,2018,6,11,3,0,0,2
1136564,1,6834d1f2,2018,2018,24,29,7,1,0,1
1136566,2,1e66c162,2018,2018,12,24,5,0,0,1
1136570,1,6834d1f2,2018,2018,24,21,15,0,0,2
1136573,2,c38d3503,2018,2018,12,14,4,1,0,1
1136575,1,98ae73b1,2018,2018,24,18,10,0,0,1
1136575,1,c38d3503,2018,2018,24,40,9,3,0,1
1136582,1,eef2536f,2018,2018,24,36,9,0,0,2
1136583,2,7dc35884,2018,2018,18,16,8,0,0,1
1136585,2,5f547c8b,2018,2018,24,19,11,0,0,3
1136586,1,bbd41817,2018,2018,18,28,6,1,0,1
1136589,2,2f49c897,2018,2018,24,40,8,4,0,2
1136589,2,e2db2409,2018,2018,24,36,7,1,0,2
1136590,1,b681e71e,2018,2018,6,5,2,0,0,1
1136590,2,798cc28e,2018,2018,18,43,5,1,0,2
1136591,1,dbe50b21,2018,2018,18,28,8,0,1,3
1136594,2,d9273ee7,2018,2018,18,37,6,0,0,1
1136595,1,fe93fd9d,2018,2018,24,18,8,0,0,3
1136597,2,5b8c830e,2018,2018,18,29,7,0,0,1
1136601,1,9d430b40,2018,2018,24,27,10,0,0,1
1136601,2,51a3c5ef,2018,2018,18,24,11,0,0,1
1136603,1,641ac5ff,2018,2018,24,29,7,0,0,1
1136607,1,5574750c,2018,2018,24,16,13,3,0,2
1136607,1,e087956b,2018,2018,24,26,10,1,0,2
1136614,2,dcf81436,2018,2018,24,26,12,1,0,2
1136615,1,462411b3,2018,2018,24,29,8,3,0,1
1136616,1,1abb78f8,2018,2018,22,33,8,2,0,2
1136618,1,5574750c,2018,2018,24,33,12,3,1,2
1136618,1,b2a79f17,2018,2018,18,35,5,2,0,2
1136618,2,98ae73b1,2018,2018,24,24,7,0,0,2
1136619,2,dcf81436,2018,2018,24,32,7,0,0,2
1136620,1,f834dcfc,2018,2018,24,26,11,0,0,1
1175363,2,e087956b,2019,2019,18,40,2,0,0,1
1175367,1,d2a989fc,2019,2019,24,37,12,1,1,1
1175367,2,23eeb873,2019,2019,24,19,12,1,0,2
1175367,2,87e562a9,2019,2019,24,32,8,2,0,2
1175372,1,fb2d1dda,2019,2019,12,22,6,2,0,1
1178395,2,f62772e5,2019,2019,18,27,6,1,0,1
1178399,2,db31895a,2019,2019,24,52,8,0,1,1
1178399,2,8cf9814c,2019,2019,24,21,13,3,0,3
1178400,1,e4a0deae,2019,2019,24,25,11,5,0,1
1178400,2,d2a989fc,2019,2019,18,14,11,0,0,1
1178401,1,75224f22,2019,2019,24,46,3,0,1,2
1178407,1,641ac5ff,2019,2019,24,41,4,1,0,1
1178409,2,a12e1d51,2019,2019,24,37,4,1,0,1
1178410,1,e412cb64,2019,2019,24,42,8,3,0,1
1178414,1,acee4cc4,2019,2019,24,31,7,0,0,1
1178417,1,e2db2409,2019,2019,24,31,7,0,0,1
1178418,1,c6097d68,2019,2019,24,32,6,0,1,1
1178419,1,23eeb873,2019,2019,24,46,7,1,0,1
1178421,1,21d4e29b,2019,2019,24,44,9,0,0,1
1178423,1,e2db2409,2019,2019,24,32,5,2,0,1
1178426,1,62af8546,2019,2019,24,24,9,0,0,1
1181766,2,73ad96ed,2019,2019,6,13,0,1,0,1
1216492,2,5b8c830e,2020/21,2021,24,37,2,1,0,1
1216493,2,495d42a5,2020/21,2021,6,2,4,0,0,2
1216493,2,2e171977,2020/21,2021,24,14,11,0,0,1
1216494,1,2f49c897,2020/21,2021,24,8,15,0,0,3
1216499,1,a757b0d8,2020/21,2021,6,5,2,0,0,1
1216503,1,a1d053dd,2020/21,2021,24,20,14,1,0,1
1216505,1,acdc62f5,2020/21,2021,24,33,10,0,0,3
1216507,2,a2f46292,2020/21,2021,23,37,9,0,0,2
1216509,1,acdc62f5,2020/21,2021,24,44,10,0,0,2
1216509,2,87e562a9,2020/21,2021,18,23,4,1,0,1
1216511,1,5574750c,2020/21,2021,24,34,11,0,1,1
1216513,1,fe93fd9d,2020/21,2021,24,30,7,0,0,1
1216515,1,5b7ab5a9,2020/21,2021,24,49,6,0,0,1
1216517,1,244048f6,2020/21,2021,18,35,7,1,0,2
1216517,2,2ed569a0,2020/21,2021,24,33,9,0,0,2
1216518,1,0994d0ae,2020/21,2021,18,15,8,0,0,1
1216526,2,5b7ab5a9,2020/21,2021,24,23,10,0,0,1
1216528,1,ce820073,2020/21,2021,24,19,13,0,0,2
1216532,1,6b19d823,2020/21,2021,24,35,6,0,0,2
1216534,1,ce794613,2020/21,2021,24,34,6,0,0,1
1216535,1,56ab442f,2020/21,2021,12,14,6,0,0,1
1216536,1,e4a0deae,2020/21,2021,18,30,5,0,0,1
1216540,2,fb66ce1f,2020/21,2021,24,17,10,0,0,2
1216543,1,1e66c162,2020/21,2021,18,32,5,0,0,2
1216546,1,8cf9814c,2020/21,2021,24,28,12,2,0,2
1237177,2,a757b0d8,2020/21,2021,24,36,8,3,0,1
1254064,2,4c5d73db,2021,2021,24,22,12,0,0,2
1254066,1,a2f46292,2021,2021,24,24,11,1,1,1
1254067,1,85e0cf10,2021,2021,24,31,10,0,1,1
1254069,2,1abb78f8,2021,2021,18,20,9,2,0,1
1254079,1,eef2536f,2021,2021,24,24,11,1,0,1
1254080,1,e94915e6,2021,2021,24,30,8,1,0,1
1254082,1,eef2536f,2021,2021,24,31,7,0,0,1
1254084,1,a757b0d8,2021,2021,12,12,4,1,0,2
1254085,2,0a8fce53,2021,2021,24,20,11,2,0,3
1254088,1,0f721006,2021,2021,24,52,9,7,0,4
1254088,1,81c08fa3,2021,2021,24,48,7,1,0,1
1254091,1,fe93fd9d,2021,2021,18,14,5,0,0,1
1254091,2,0f721006,2021,2021,24,27,9,0,0,3
1254094,1,8cf9814c,2021,2021,24,22,14,1,0,1
1254097,1,2cdce1be,2021,2021,24,33,7,1,0,2
1254101,1,2a2e6343,2021,2021,12,19,5,0,0,1
1254106,1,fb66ce1f,2021,2021,24,28,9,5,0,1
1254107,1,8e514b4c,2021,2021,6,9,1,0,0,1
1254109,1,5b7ab5a9,2021,2021,24,26,12,0,0,2
1254110,2,23eeb873,2021,2021,18,34,9,2,0,1
1254113,1,87e562a9,2021,2021,24,24,10,1,0,3
1254114,1,03806cf8,2021,2021,24,29,13,0,0,2
1254115,2,f986ca1a,2021,2021,24,19,9,1,0,2
1254117,2,fe93fd9d,2021,2021,24,37,9,1,0,2
1304050,1,0a3d54b9,2022,2022,24,45,5,3,0,2
1304051,1,c5aef772,2022,2022,24,33,12,1,0,1
1304051,1,81c08fa3,2022,2022,24,39,10,2,1,2
1304051,2,85e0cf10,2022,2022,24,16,16,0,0,2
1304053,1,7c7d63a2,2022,2022,24,40,8,1,0,2
1304053,2,87e562a9,2022,2022,24,35,5,3,0,1
1304054,2,23cca426,2022,2022,12,39,4,0,1,1
1304056,1,0a8fce53,2022,2022,24,23,4,1,0,3
1304057,1,11614d87,2022,2022,24,30,10,4,0,2
1304060,1,cc1e8c68,2022,2022,24,25,11,0,0,1
1304060,2,245c97cb,2022,2022,18,38,5,0,0,2
1304064,1,a97c8ec2,2022,2022,24,28,10,0,0,2
1304065,1,bbd41817,2022,2022,12,16,3,0,0,1
1304066,1,eef2536f,2022,2022,24,31,9,1,0,1
1304069,1,462411b3,2022,2022,24,28,5,2,0,1
1304070,2,7210d461,2022,2022,24,40,13,0,0,3
1304074,1,81c08fa3,2022,2022,24,28,15,0,0,4
1304078,2,2ed569a0,2022,2022,15,21,4,0,0,1
1304081,2,7210d461,2022,2022,24,42,10,2,1,2
1304083,2,df064e1a,2022,2022,18,28,7,1,0,1
1304084,2,244048f6,2022,2022,24,23,8,1,0,1
1304086,1,8cf9814c,2022,2022,24,39,14,10,0,3
1304090,1,caf69bf7,2022,2022,24,32,10,6,0,1
1304093,2,2e78f685,2022,2022,19,28,12,4,0,1
1304095,2,f9e6e7ef,2022,2022,18,27,6,0,0,1
1304096,2,a2f46292,2022,2022,24,30,14,0,0,3
1304100,2,b681e71e,2022,2022,12,13,7,0,0,1
1304106,1,f986ca1a,2022,2022,24,34,8,1,0,4
1304107,1,81c36ee9,2022,2022,24,30,10,0,0,1
1304109,1,eef2536f,2022,2022,18,20,9,0,0,1
1304111,1,caf69bf7,2022,2022,24,39,7,0,0,1
1304112,2,c33d8116,2022,2022,24,20,16,1,0,3
1304112,2,90de905a,2022,2022,12,23,4,0,0,1
1304114,2,bb351c23,2022,2022,24,21,8,0,0,1
1312198,1,eef2536f,2022,2022,24,44,10,6,0,1
1312200,1,8cf9814c,2022,2022,24,33,11,0,0,1
1312200,2,85e0cf10,2022,2022,24,40,13,6,0,1
1359477,1,a2f46292,2023,2023,24,30,14,1,0,2
1359477,1,2cdce1be,2023,2023,24,53,8,3,0,2
1359478,2,57ee1fde,2023,2023,24,17,11,0,0,4
1359480,1,eef2536f,2023,2023,18,39,4,5,0,1
1359489,1,8d92a2c3,2023,2023,24,32,10,2,0,1
1359491,2,ce820073,2023,2023,18,30,6,2,0,1
1359492,1,b0946605,2023,2023,24,32,11,5,0,1
1359499,2,eaa76d3c,2023,2023,24,29,6,1,0,1
1359503,1,b483905d,2023,2023,18,17,10,0,0,1
1359505,1,98ae73b1,2023,2023,18,15,12,1,0,2
1359505,2,244048f6,2023,2023,24,29,12,1,0,4
1359506,2,2f49c897,2023,2023,24,39,7,4,0,1
1359507,2,f24c6701,2023,2023,24,32,8,1,0,2
1359507,2,64839cb3,2023,2023,24,27,11,3,0,1
1359509,1,98ae73b1,2023,2023,24,34,7,1,0,2
1359510,1,a97c8ec2,2023,2023,24,24,10,0,0,2
1359512,1,244048f6,2023,2023,24,54,4,2,0,1
1359512,2,c0c411cb,2023,2023,24,30,10,1,1,3
1359512,2,4b31f3a3,2023,2023,23,37,8,1,0,4
1359513,1,8cf9814c,2023,2023,24,33,12,0,0,3
1359515,2,fe93fd9d,2023,2023,24,32,8,0,0,2
1359516,1,12314277,2023,2023,18,39,4,4,0,3
1359516,2,a818c1be,2023,2023,24,43,7,2,0,1
1359517,1,6b19d823,2023,2023,18,21,4,0,0,2
1359517,2,03806cf8,2023,2023,18,15,13,0,1,2
1359518,1,5f547c8b,2023,2023,24,28,11,1,0,1
1359522,1,efc04be7,2023,2023,18,25,7,3,0,2
1359523,1,23eeb873,2023,2023,18,18,10,0,0,2
1359523,1,64839cb3,2023,2023,24,15,11,0,0,3
1359528,1,4933f499,2023,2023,24,36,9,0,0,3
1359529,1,ad427b5c,2023,2023,18,34,5,0,0,1
1359529,2,64839cb3,2023,2023,24,37,10,4,0,3
1359531,2,4933f499,2023,2023,24,37,8,1,0,1
1359532,2,a9fd84fb,2023,2023,18,39,2,0,0,1
1359533,1,2cffab74,2023,2023,6,3,3,0,0,1
1359538,2,2e171977,2023,2023,18,27,3,0,0,1
1359539,2,2e81a32d,2023,2023,24,48,10,1,0,1
1359540,2,e62dd25d,2023,2023,24,40,12,1,1,2
1359542,1,77b1aa15,2023,2023,18,21,11,0,0,1
1359544,1,7210d461,2023,2023,24,39,7,0,0,1
1422123,2,c7a995d3,2024,2024,24,24,9,0,0,1
1422126,1,98ae73b1,2024,2024,12,34,1,0,0,1
1422127,1,a2f46292,2024,2024,24,24,14,2,0,1
1422127,1,acdc62f5,2024,2024,24,48,6,0,0,1
1422128,2,54e52590,2024,2024,24,23,6,0,0,1
1422130,2,a9fd84fb,2024,2024,18,33,4,2,0,1
1422132,1,57ee1fde,2024,2024,24,11,16,0,0,3
1422135,1,f986ca1a,2024,2024,24,44,3,3,0,1
1422135,2,8f6dd463,2024,2024,24,41,5,1,0,1
1422139,2,5b8c830e,2024,2024,24,11,13,0,0,3
1426260,1,0a8fce53,2024,2024,24,22,15,2,1,2
1426263,1,462411b3,2024,2024,24,21,12,0,0,5
1426267,1,7a8bd078,2024,2024,6,9,2,0,0,1
1426272,1,d9273ee7,2024,2024,12,7,6,0,0,1
1426273,2,aad0c365,2024,2024,13,17,3,1,0,2
1426274,1,7210d461,2024,2024,24,56,6,3,1,2
1426274,2,3fb19989,2024,2024,18,55,5,1,0,1
1426277,2,23eeb873,2024,2024,12,11,7,0,0,1
1426278,2,2cffab74,2024,2024,24,41,6,0,1,1
1426279,1,ded9240e,2024,2024,24,55,1,1,0,1
1426282,1,ce820073,2024,2024,24,31,7,1,0,2
1426287,1,e62dd25d,2024,2024,24,23,8,1,0,1
1426287,1,244048f6,2024,2024,24,52,8,5,0,1
1426290,1,119678fd,2024,2024,18,42,5,0,0,1
1426291,1,f986ca1a,2024,2024,24,24,10,2,0,3
1426292,2,3fb19989,2024,2024,12,22,5,0,0,1
1426293,2,ded9240e,2024,2024,24,35,12,1,0,1
1426297,1,46a9bea1,2024,2024,24,33,6,2,0,2
1426300,1,2cffab74,2024,2024,18,23,8,0,0,1
1426303,1,e94915e6,2024,2024,18,24,11,0,0,2
1426303,2,57ee1fde,2024,2024,24,31,5,1,0,2
598043,1,287686fd,2013,2013,12,17,6,2,0,0
598043,2,808f425a,2013,2013,24,16,13,0,0,0
598044,2,cc1e8c68,2013,2013,17,27,7,1,0,0
598047,2,5d9a1a73,2013,2013,24,38,6,1,0,0
598051,1,5bb1a1c4,2013,2013,24,66,5,3,0,0
598053,1,896d78ad,2013,2013,24,31,8,0,0,0
598053,2,4ec07775,2013,2013,6,3,3,0,0,0
598058,1,3d7e087f,2013,2013,12,22,4,1,0,0
598058,2,495d42a5,2013,2013,6,23,0,1,0,0
729283,2,fe93fd9d,2014,2014,24,43,6,0,0,0
729299,1,66b30f71,2014,2014,24,26,4,1,0,0
733971,1,86dc8f2e,2014,2014,6,10,1,0,0,0
733973,1,a757b0d8,2014,2014,15,32,1,1,0,0
733973,2,2e171977,2014,2014,24,40,5,0,0,0
733979,1,bbd41817,2014,2014,18,27,4,0,1,0
733981,2,9d80c5e1,2014,2014,24,27,10,0,0,0
733985,2,b1451597,2014,2014,12,19,2,1,0,0
733987,1,e0407c01,2014,2014,24,41,7,0,0,0
733987,2,2e171977,2014,2014,24,28,4,0,0,0
733993,2,b1451597,2014,2014,2,7,0,0,0,0
733995,2,462411b3,2014,2014,24,33,7,1,0,0
733997,2,2e171977,2014,2014,24,20,12,0,0,0
734007,2,32198ae0,2014,2014,12,36,1,0,0,0
734019,1,6f49cc6e,2014,2014,24,32,5,0,0,0
734019,2,1e66c162,2014,2014,24,31,10,1,0,0
734023,1,cc1e8c68,2014,2014,24,29,7,1,1,0
734023,2,495d42a5,2014,2014,24,24,9,0,0,0
734029,1,c03c6200,2014,2014,6,11,1,1,0,0
734031,2,a757b0d8,2014,2014,6,4,2,0,0,0
734037,2,8fd1a8f5,2014,2014,24,43,11,1,0,0
734041,2,4329fbb5,2014,2014,12,33,2,0,0,0
734043,1,1a0c3177,2014,2014,24,33,9,0,0,0
734045,2,462411b3,2014,2014,22,40,8,1,0,0
734045,2,a757b0d8,2014,2014,6,10,1,1,1,0
734047,2,b681e71e,2014,2014,6,4,3,0,0,0
734049,1,7dc35884,2014,2014,24,26,7,0,0,0
829705,1,cc1e8c68,2015,2015,18,36,5,0,0,0
829709,2,6aed7e79,2015,2015,18,15,7,0,0,0
829711,1,7ca5e05d,2015,2015,24,29,7,0,0,0
829711,2,96fd40ae,2015,2015,24,31,8,2,0,0
829713,2,9d430b40,2015,2015,24,26,9,0,0,0
829721,1,73ad96ed,2015,2015,6,3,3,0,0,0
829733,2,69be866a,2015,2015,24,37,6,0,0,0
829733,2,2e171977,2015,2015,12,22,4,0,0,0
829773,1,759ac88f,2015,2015,24,58,4,0,1,0
829787,1,d2a989fc,2015,2015,12,19,6,1,0,0
829791,1,7c503806,2015,2015,6,9,2,0,0,0
829791,1,98ae73b1,2015,2015,18,35,2,0,0,0
829791,2,ce820073,2015,2015,24,35,8,1,0,0
829813,1,66b30f71,2015,2015,18,39,3,1,0,0
829813,1,db584dad,2015,2015,12,15,3,1,0,0
829823,1,495d42a5,2015,2015,12,21,6,0,1,0
980911,1,e938e1bc,2016,2016,12,12,6,0,0,0
980911,1,808f425a,2016,2016,12,15,3,0,0,0
980919,2,495d42a5,2016,2016,24,27,8,0,0,0
980925,1,7dc35884,2016,2016,24,28,8,1,0,0
980929,2,e938e1bc,2016,2016,12,31,2,6,0,0
980929,2,87e562a9,2016,2016,18,26,4,0,0,0
980929,2,1dc12ab9,2016,2016,12,16,3,1,0,0
980929,2,6aed7e79,2016,2016,12,17,1,1,0,0
980931,2,85aae393,2016,2016,18,22,0,1,0,0
980933,1,a757b0d8,2016,2016,6,11,1,0,0,0
980945,2,35205dfc,2016,2016,12,26,1,0,0,0
980947,2,626c5379,2016,2016,12,30,3,2,0,0
980949,1,fe93fd9d,2016,2016,24,37,6,2,0,0
980955,1,808f425a,2016,2016,12,19,1,0,0,0
980961,2,e938e1bc,2016,2016,12,20,4,1,0,0
980977,1,759ac88f,2016,2016,18,33,4,3,0,0
980983,2,2e81a32d,2016,2016,24,32,9,2,0,0
980987,2,bd17b45f,2016,2016,12,13,5,0,0,0
980987,2,db584dad,2016,2016,12,3,10,0,1,0
981003,2,2e81a32d,2016,2016,24,33,11,7,0,0
981003,2,73ad96ed,2016,2016,12,16,0,0,0,0
981005,1,23eeb873,2016,2016,18,28,7,3,0,0
981005,2,a9da7784,2016,2016,18,25,8,0,0,0
981013,2,35205dfc,2016,2016,6,14,1,0,0,0
981015,1,9d430b40,2016,2016,24,35,11,2,0,0
1473440,2,e4a0deae,2025,2025,13,24,5,0,0,0
1473454,2,2e171977,2025,2025,6,5,1,0,0,0
1473459,1,fe93fd9d,2025,2025,18,18,7,0,1,0
1473461,1,3fb19989,2025,2025,18,35,7,5,1,0
1473473,2,80b2fb19,2025,2025,24,39,9,0,0,0
1473475,1,9caf69a1,2025,2025,6,4,3,0,0,0
1473478,2,f986ca1a,2025,2025,18,21,6,0,0,0
1473480,2,64839cb3,2025,2025,18,27,9,5,0,0
1473487,1,f6d8a7ab,2025,2025,12,22,4,0,0,0
1473489,2,9440ef41,2025,2025,24,43,2,0,0,0
1473494,1,a2f46292,2025,2025,12,14,7,1,0,0
1473497,2,244048f6,2025,2025,24,60,9,5,0,0
1473497,2,57ee1fde,2025,2025,24,30,8,0,0,0
1473500,2,fe93fd9d,2025,2025,12,27,3,0,0,0
1473504,1,2f49c897,2025,2025,24,47,9,2,0,0
1473505,1,77b1aa15,2025,2025,18,40,3,0,0,0
1473508,2,8f6dd463,2025,2025,6,10,3,0,0,0
1473509,1,5f547c8b,2025,2025,24,31,8,0,0,0
1485779,2,8f6dd463,2025,2025,24,46,6,0,0,0
1527674,2,5750bcb4,2026,2026,12,35,3,4,0,0
1527678,2,8e514b4c,2026,2026,1,6,0,0,0,0
1527679,2,7b44eb3e,2026,2026,24,41,8,0,0,0
1527683,2,f986ca1a,2026,2026,18,16,6,0,0,0
1527689,1,465aa633,2026,2026,18,32,6,5,0,0
1527689,2,82c10dac,2026,2026,18,54,2,2,0,0
1529267,1,57ee1fde,2026,2026,18,45,3,1,0,0
1529267,2,462411b3,2026,2026,24,41,9,1,1,0
1529269,2,c5aef772,2026,2026,5,17,0,0,0,0
1529273,1,50c09020,2026,2026,18,38,7,0,0,0
1529275,1,13fc5c6d,2026,2026,24,26,5,0,0,0
1529279,2,df064e1a,2026,2026,6,16,1,0,0,0
1529282,2,2e171977,2026,2026,6,5,1,0,0,0
1529289,1,12314277,2026,2026,18,29,5,2,0,0
1529290,2,80b2fb19,2026,2026,18,24,6,1,0,0
1529291,2,3fb19989,2026,2026,24,30,9,1,0,0
1529294,1,5b7ab5a9,2026,2026,24,28,10,0,0,0
1529295,2,f19ccfad,2026,2026,12,10,6,0,0,0
1529296,1,4d7f517e,2026,2026,24,49,4,0,0,0
1529300,2,7c3b3b78,2026,2026,24,48,2,2,0,0
1529304,1,2f9d0389,2026,2026,18,43,4,2,0,0
1529304,2,5b8c830e,2026,2026,18,27,1,1,0,0
1529305,2,f0af99a7,2026,2026,6,16,0,0,0,0
1529307,1,ce820073,2026,2026,18,43,3,0,0,0
1529307,1,3ff033bb,2026,2026,6,10,1,1,0,0
1529312,1,5b615e7c,2026,2026,18,25,5,0,0,0
335982,1,670709ec,2007/08,2008,18,26,4,0,0,0
335986,2,bd77eb62,2007/08,2008,12,20,3,6,1,0
335988,1,ee7d0c82,2007/08,2008,24,22,15,0,0,0
335994,1,6c6591ab,2007/08,2008,12,14,4,0,0,0
335994,1,94bc776b,2007/08,2008,12,23,2,0,0,0
335996,1,8fd1a8f5,2007/08,2008,24,40,11,3,0,0
335999,2,c3d1402f,2007/08,2008,23,36,6,2,0,0
336002,1,86dc8f2e,2007/08,2008,8,19,1,1,0,0
336002,1,af7dadf7,2007/08,2008,18,39,5,0,0,0
336002,2,fe763256,2007/08,2008,6,18,0,0,0,0
336010,2,66b30f71,2007/08,2008,18,20,8,1,0,0
336017,1,ee7d0c82,2007/08,2008,24,22,8,0,0,0
336019,1,e32d22f6,2007/08,2008,18,48,3,1,1,0
336020,1,fe763256,2007/08,2008,12,23,1,1,0,0
336020,2,e03b66ec,2007/08,2008,24,51,3,2,0,0
336027,2,fa463154,2007/08,2008,18,30,6,0,0,0
336029,1,20a941bb,2007/08,2008,24,27,12,0,0,0
392189,2,c404f58a,2009,2009,24,32,9,0,0,0
392190,1,fa463154,2009,2009,6,14,2,1,0,0
392192,2,35205dfc,2009,2009,12,15,3,0,0,0
392195,2,1c914163,2009,2009,12,9,6,0,0,0
392197,2,d2c2b2d5,2009,2009,12,11,1,0,0,0
392199,2,725529bc,2009,2009,12,17,2,0,0,0
392206,2,b2b50355,2009,2009,18,26,6,0,0,0
392206,2,3eac9d95,2009,2009,6,14,2,0,0,0
392210,1,6b8eb6e5,2009,2009,24,44,7,0,3,0
392212,2,8a668774,2009,2009,12,19,4,0,0,0
392216,2,c3d1402f,2009,2009,17,26,4,0,0,0
392216,2,6c6591ab,2009,2009,24,24,5,1,0,0
392217,2,3c6ffae8,2009,2009,24,28,9,1,0,0
392221,1,86dc8f2e,2009,2009,24,40,11,0,2,0
392223,1,c3d1402f,2009,2009,24,26,9,1,0,0
392231,1,b57f8a9a,2009,2009,12,12,3,0,0,0
392231,2,1dc12ab9,2009,2009,18,25,4,0,0,0
392232,2,d7c6af50,2009,2009,24,32,5,0,0,0
392233,1,b57f8a9a,2009,2009,6,22,0,0,0,0
392237,1,2a72fd4f,2009,2009,18,15,6,0,0,0
392239,2,740742ef,2009,2009,6,9,0,0,0,0
419110,1,c3d35165,2009/10,2010,24,41,7,1,0,0
419115,2,bb18be76,2009/10,2010,12,12,6,0,0,0
419123,1,c24a2c5d,2009/10,2010,24,19,13,1,0,0
419123,2,8fd1a8f5,2009/10,2010,24,25,12,3,0,0
419132,1,c654af19,2009/10,2010,18,29,7,0,1,0
419132,1,8b5b6769,2009/10,2010,24,26,7,5,0,0
419133,2,e938e1bc,2009/10,2010,18,42,5,1,0,0
419141,2,4329fbb5,2009/10,2010,18,40,4,4,0,0
419143,2,5d096f3d,2009/10,2010,12,18,5,0,0,0
419146,2,c654af19,2009/10,2010,12,13,5,0,0,0
419149,2,96fd40ae,2009/10,2010,12,8,6,0,0,0
419150,1,bb18be76,2009/10,2010,24,34,6,1,0,0
419154,2,4329fbb5,2009/10,2010,24,24,13,0,0,0
419156,1,3d8feaf8,2009/10,2010,24,32,9,0,0,0
419156,1,bd77eb62,2009/10,2010,12,16,5,0,0,0
419159,1,45c2196c,2009/10,2010,24,39,9,1,0,0
419159,1,c8179c68,2009/10,2010,6,14,0,0,0,0
419160,1,c404f58a,2009/10,2010,24,22,11,0,0,0
419161,2,ef5da05c,2009/10,2010,24,27,11,5,0,0
419164,2,6c6591ab,2009/10,2010,23,22,12,0,0,0
501198,1,33a364a6,2011,2011,18,19,2,0,0,0
501201,2,66b30f71,2011,2011,12,7,7,0,0,0
501201,2,b8d490fd,2011,2011,12,13,5,1,0,0
501206,1,a45a5e8d,2011,2011,12,24,1,0,0,0
501209,1,33a364a6,2011,2011,6,12,0,0,0,0
501215,2,c3d35165,2011,2011,12,17,8,0,0,0
501216,2,8fd1a8f5,2011,2011,24,24,12,1,0,0
501218,2,abfeb126,2011,2011,24,29,6,2,0,0
501220,2,25eeb281,2011,2011,12,19,2,0,0,0
501221,1,495d42a5,2011,2011,24,26,8,1,0,0
501223,1,2049f3a0,2011,2011,24,46,7,6,0,0
501224,1,2a2e6343,2011,2011,24,48,3,0,0,0
501225,1,4329fbb5,2011,2011,24,23,9,0,1,0
501225,2,b2570b38,2011,2011,6,9,1,0,0,0
501226,2,f5f18a18,2011,2011,24,23,11,0,0,0
501228,2,b552a935,2011,2011,21,24,9,2,0,0
501231,2,ef5da05c,2011,2011,24,15,14,0,0,0
501232,1,c42aaf71,2011,2011,6,9,1,0,0,0
501235,1,5b040b81,2011,2011,18,29,4,0,0,0
501236,1,2a2e6343,2011,2011,18,12,8,0,0,0
501237,1,25eeb281,2011,2011,6,10,1,0,0,0
501238,1,fe93fd9d,2011,2011,12,16,2,2,0,0
501240,2,bb18be76,2011,2011,18,14,8,0,0,0
501241,1,91ffa6c6,2011,2011,6,11,0,0,0,0
501241,2,bd77eb62,2011,2011,6,7,4,0,0,0
501242,1,dd09ff8e,2011,2011,24,42,9,0,1,0
501242,1,86dc8f2e,2011,2011,18,21,6,1,0,0
501243,1,5fa06777,2011,2011,18,18,6,0,0,0
501245,1,33a364a6,2011,2011,12,10,3,0,0,0
501245,1,1e66c162,2011,2011,6,11,1,0,0,0
501247,2,0c432afb,2011,2011,13,44,3,0,1,0
501249,1,8291f939,2011,2011,12,17,3,1,0,0
501252,1,16605a1b,2011,2011,12,21,2,1,0,0
501252,2,4329fbb5,2011,2011,12,19,4,2,0,0
501254,1,dc4686e6,2011,2011,24,36,9,3,0,0
501257,1,2498e163,2011,2011,18,27,8,0,0,0
501263,1,29d72eb2,2011,2011,24,17,14,0,0,0
501263,1,3d7e087f,2011,2011,6,9,1,0,0,0
501263,2,a12e1d51,2011,2011,24,42,10,0,0,0
501265,1,5d9a1a73,2011,2011,6,4,3,0,0,0
501269,2,3c6ffae8,2011,2011,12,18,4,0,0,0
501271,1,d7c6af50,2011,2011,24,34,5,0,0,0
548306,2,fe93fd9d,2012,2012,6,16,1,0,0,0
548309,1,e938e1bc,2012,2012,24,42,6,2,0,0
548310,1,5fa06777,2012,2012,24,47,5,0,0,0
548310,1,cc1e8c68,2012,2012,12,8,5,0,0,0
548315,2,dd09ff8e,2012,2012,24,21,17,0,0,0
548316,2,45c2196c,2012,2012,12,18,3,0,0,0
548320,1,3c6ffae8,2012,2012,18,19,10,5,0,0
548320,2,29d72eb2,2012,2012,20,32,7,3,0,0
548322,2,469ea22b,2012,2012,24,38,6,1,0,0
548325,2,f0f628c7,2012,2012,18,15,10,0,0,0
548326,2,8fd1a8f5,2012,2012,22,44,6,0,0,0
548332,1,87e562a9,2012,2012,18,32,7,0,0,0
548336,1,99b202b3,2012,2012,24,29,9,0,0,0
548337,1,f62772e5,2012,2012,24,22,8,0,0,0
548337,2,abfeb126,2012,2012,24,26,6,1,0,0
548339,2,dc4686e6,2012,2012,24,34,3,0,1,0
548343,2,1a0c3177,2012,2012,24,34,5,1,0,0
548353,1,66b30f71,2012,2012,12,28,3,1,0,0
548353,1,f842c2cf,2012,2012,12,14,4,0,0,0
548356,1,4ba44e19,2012,2012,24,18,10,0,0,0
548356,1,5bdcdb72,2012,2012,6,17,2,0,0,0
548357,2,5fa06777,2012,2012,18,28,5,1,0,0
548366,1,12eddf28,2012,2012,24,32,6,0,0,0
548368,1,87e562a9,2012,2012,18,22,4,1,0,0
548368,2,b2b50355,2012,2012,24,33,11,1,0,0
597999,2,2a2e6343,2013,2013,24,42,8,0,1,0
598001,2,3d7e087f,2013,2013,24,35,3,0,0,0
598013,1,8fd1a8f5,2013,2013,24,29,10,1,0,0
598015,1,c404f58a,2013,2013,24,42,7,1,0,0
598019,1,f5180fe6,2013,2013,24,41,8,2,0,0
598021,1,0f12f9df,2013,2013,24,25,10,0,0,0
598024,1,9d80c5e1,2013,2013,24,20,8,0,0,0
598024,2,a757b0d8,2013,2013,6,11,1,0,0,0
598027,1,2e81a32d,2013,2013,24,23,15,1,0,0
598028,1,cc1e8c68,2013,2013,24,38,8,0,0,0
598030,1,fb66ce1f,2013,2013,18,24,6,0,0,0
598030,2,c03c6200,2013,2013,18,31,4,1,0,0
598039,2,a12e1d51,2013,2013,18,23,7,0,0,0
1082592,1,66b30f71,2017,2017,24,57,8,3,0,0
1082593,2,e938e1bc,2017,2017,12,13,2,0,0,0
1082593,2,1da489ff,2017,2017,24,40,9,0,0,0
1082594,2,33a364a6,2017,2017,12,20,3,2,0,0
1082595,1,e342e5fb,2017,2017,12,29,1,1,0,0
1082610,1,1da489ff,2017,2017,18,36,4,1,0,0
1082611,1,6b19d823,2017,2017,18,33,2,0,0,0
1082612,2,983f2f61,2017,2017,12,22,1,0,0,0
1082615,2,2f49c897,2017,2017,24,42,5,0,0,0
1082615,2,32198ae0,2017,2017,6,4,2,0,0,0
1082623,1,edb3d4f8,2017,2017,24,42,3,2,0,0
1082626,2,9d80c5e1,2017,2017,5,9,1,0,0,0
1082636,2,76388dc8,2017,2017,18,40,4,0,0,0
1082639,1,94d7f855,2017,2017,24,37,8,2,0,0
1082642,2,8abdf100,2017,2017,6,4,2,0,0,0
1082645,2,b681e71e,2017,2017,12,15,3,0,0,0
1082647,1,dbe50b21,2017,2017,6,15,0,0,0,0
1082650,1,f19ccfad,2017,2017,24,13,15,0,0,0
1082650,1,2f9d0389,2017,2017,12,21,5,1,0,0
1136568,2,759ac88f,2018,2018,21,45,3,0,0,0
1136576,1,ffe699c0,2018,2018,24,31,10,1,0,0
1136590,1,a818c1be,2018,2018,24,48,9,0,0,0
1136590,1,39a2dfa8,2018,2018,12,23,1,0,0,0
1136592,1,90de905a,2018,2018,12,27,2,0,0,0
1136599,1,bb351c23,2018,2018,18,19,5,0,0,0
1136602,2,a818c1be,2018,2018,23,43,5,0,0,0
1136603,1,24d94623,2018,2018,6,11,1,0,0,0
1136603,1,e087956b,2018,2018,24,31,7,1,0,0
1136606,1,7f048519,2018,2018,12,24,3,0,0,0
1136606,2,5f547c8b,2018,2018,24,25,10,0,0,0
1136607,1,7a8bd078,2018,2018,12,21,2,0,0,0
1136608,2,d9273ee7,2018,2018,6,12,0,0,0,0
1136609,2,69be866a,2018,2018,6,10,0,0,0,0
1175359,2,8cf9814c,2019,2019,24,33,8,0,0,0
1175360,1,1abb78f8,2019,2019,12,19,4,0,0,0
1175364,2,51a3c5ef,2019,2019,24,35,8,1,0,0
1175364,2,a9fd84fb,2019,2019,6,12,1,1,0,0
1175365,2,fb2d1dda,2019,2019,6,8,1,0,0,0
1175369,2,d9273ee7,2019,2019,18,28,3,0,0,0
1178394,2,5b8c830e,2019,2019,12,9,4,0,0,0
1178399,1,b0946605,2019,2019,12,22,4,1,0,0
1178400,2,04a418e8,2019,2019,18,24,6,0,0,0
1178404,2,8d2c70ad,2019,2019,18,28,5,0,0,0
1178408,2,fe93fd9d,2019,2019,24,22,8,0,0,0
1178412,1,6b19d823,2019,2019,24,41,2,0,0,0
1178416,1,acee4cc4,2019,2019,24,38,5,0,0,0
1178417,2,13c35c9e,2019,2019,18,33,7,1,0,0
1178422,2,cdc6bdba,2019,2019,24,29,10,0,0,0
1178427,2,e2db2409,2019,2019,12,24,0,0,0,0
1178430,1,7c7d63a2,2019,2019,18,37,2,0,0,0
1216495,2,2ed569a0,2020/21,2021,24,36,7,0,0,0
1216496,1,fe93fd9d,2020/21,2021,24,40,6,2,0,0
1216502,2,2f49c897,2020/21,2021,6,12,3,0,0,0
1216506,2,9219eff0,2020/21,2021,18,26,8,1,0,0
1216507,2,ce820073,2020/21,2021,24,32,7,0,0,0
1216513,2,df064e1a,2020/21,2021,24,33,10,2,0,0
1216514,2,39a2dfa8,2020/21,2021,24,28,7,0,0,0
1216520,1,244048f6,2020/21,2021,12,18,5,1,0,0
1216523,2,ded9240e,2020/21,2021,24,29,6,0,0,0
1216528,1,9d80c5e1,2020/21,2021,24,29,7,0,0,0
1216529,1,a757b0d8,2020/21,2021,6,10,0,0,0,0
1216537,2,8cf9814c,2020/21,2021,18,36,5,0,0,0
1216544,1,fb24e76c,2020/21,2021,12,20,4,3,1,0
1216546,2,46a9bea1,2020/21,2021,12,41,2,1,0,0
1237181,2,2e171977,2020/21,2021,24,16,11,0,0,0
1254060,1,ce820073,2021,2021,18,35,5,0,0,0
1254061,1,7a8bd078,2021,2021,18,40,3,0,0,0
1254067,1,bbd41817,2021,2021,12,38,3,2,0,0
1254068,1,495d42a5,2021,2021,24,28,7,0,0,0
1254072,1,ded9240e,2021,2021,24,58,5,7,0,0
1254072,1,85e0cf10,2021,2021,24,49,10,1,2,0
1254077,1,f29185a1,2021,2021,6,14,2,1,0,0
1254081,1,5b8c830e,2021,2021,6,12,0,0,0,0
1254081,2,1e66c162,2021,2021,24,33,7,0,0,0
1254084,2,23eeb873,2021,2021,24,37,8,2,0,0
1254085,1,a2f46292,2021,2021,24,41,8,0,0,0
1254087,2,a97c8ec2,2021,2021,12,20,4,0,0,0
1254089,2,e94915e6,2021,2021,24,55,4,2,1,0
1254091,2,ce820073,2021,2021,18,18,7,0,0,0
1254092,2,2e171977,2021,2021,18,13,10,0,0,0
1254093,2,7a8bd078,2021,2021,6,9,2,0,0,0
1254095,1,2f49c897,2021,2021,18,17,11,1,0,0
1254096,2,2ed569a0,2021,2021,18,34,6,0,0,0
1254107,2,9eb1455b,2021,2021,24,32,9,1,0,0
1254110,1,e62dd25d,2021,2021,24,21,12,0,0,0
1254111,1,249d60c9,2021,2021,18,35,6,0,0,0
1254112,1,e62dd25d,2021,2021,24,33,9,1,1,0
1304054,1,5b7ab5a9,2022,2022,24,14,14,2,0,0
1304056,1,2e171977,2022,2022,24,37,7,0,0,0
1304056,2,39a2dfa8,2022,2022,12,22,3,0,0,0
1304064,1,2f49c897,2022,2022,24,51,10,1,1,0
1304064,2,a757b0d8,2022,2022,18,24,3,1,0,0
1304065,2,0a8fce53,2022,2022,24,21,13,0,0,0
1304075,2,ffe699c0,2022,2022,23,58,3,0,1,0
1304076,1,cc1e8c68,2022,2022,24,44,10,0,1,0
1304081,1,5b7ab5a9,2022,2022,18,26,5,2,0,0
1304084,1,e4a0deae,2022,2022,12,8,6,0,0,0
1304088,1,50c6bc2b,2022,2022,12,23,1,1,0,0
1304091,1,ad427b5c,2022,2022,6,16,1,0,0,0
1304097,1,8cf9814c,2022,2022,24,42,8,2,0,0
1304097,1,39a2dfa8,2022,2022,6,11,0,0,0,0
1304100,1,e9c7f0d0,2022,2022,24,47,6,0,0,0
1304100,2,f9e6e7ef,2022,2022,12,20,3,2,0,0
1304104,1,1abb78f8,2022,2022,24,27,11,1,0,0
1312197,1,5f547c8b,2022,2022,24,15,10,0,0,0
1312197,2,85e0cf10,2022,2022,21,40,9,5,0,0
1359475,1,dbe50b21,2023,2023,18,28,5,0,0,0
1359476,2,26a85969,2023,2023,6,15,2,0,0,0
1359479,2,5574750c,2023,2023,24,33,10,0,0,0
1359480,1,90de905a,2023,2023,6,20,2,0,0,0
1359480,1,4b31f3a3,2023,2023,24,36,3,0,1,0
1359484,1,1e66c162,2023,2023,18,26,9,1,0,0
1359485,1,a2f46292,2023,2023,12,31,3,3,0,0
1359487,1,1abb78f8,2023,2023,18,40,2,1,0,0
1359492,2,a90e53ec,2023,2023,6,8,1,0,0,0
1359493,1,1abb78f8,2023,2023,5,14,0,0,0,0
1359497,1,495d42a5,2023,2023,24,37,4,0,0,0
1359501,2,54e52590,2023,2023,18,29,6,1,0,0
1359502,2,cc1e8c68,2023,2023,6,6,3,0,0,0
1359503,1,bb351c23,2023,2023,12,18,2,0,0,0
1359503,2,2e81a32d,2023,2023,12,10,6,0,0,0
1359504,1,eef2536f,2023,2023,18,21,6,0,0,0
1359508,2,2cffab74,2023,2023,18,27,4,0,0,0
1359510,1,7f048519,2023,2023,18,31,5,1,0,0
1359511,1,64839cb3,2023,2023,24,48,4,2,0,0
1359511,2,ce820073,2023,2023,24,24,10,0,0,0
1359512,2,eef2536f,2023,2023,12,28,1,0,0,0
1359513,1,dbe50b21,2023,2023,18,34,9,1,0,0
1359513,1,5f547c8b,2023,2023,24,54,3,1,0,0
1359515,2,bb351c23,2023,2023,6,10,2,0,0,0
1359522,2,a818c1be,2023,2023,18,28,8,0,0,0
1359524,2,a97c8ec2,2023,2023,24,32,9,0,0,0
1359534,1,57ee1fde,2023,2023,24,37,4,1,0,0
1359536,1,a9fd84fb,2023,2023,18,27,3,0,0,0
1359539,2,5d2eea49,2023,2023,8,21,1,1,0,0
1359542,1,fb2d1dda,2023,2023,6,3,4,0,0,0
1370351,1,5b8c830e,2023,2023,24,38,6,0,0,0
1422128,1,e4cdf230,2024,2024,12,6,7,0,0,0
1422129,2,df064e1a,2024,2024,18,25,7,0,0,0
1422130,1,cd8d2859,2024,2024,12,18,2,1,0,0
1422135,1,26d041c4,2024,2024,12,22,2,0,0,0
1422137,1,04a418e8,2024,2024,6,10,1,0,0,0
1422139,2,cf0ccafa,2024,2024,24,29,10,2,3,0
1426268,1,7210d461,2024,2024,24,51,5,3,1,0
1426268,2,2e81a32d,2024,2024,24,60,5,4,0,0
1426269,2,bbd41817,2024,2024,6,17,0,0,0,0
1426272,2,fe93fd9d,2024,2024,18,32,1,1,0,0
1426276,2,ee1b6c27,2024,2024,18,28,2,0,0,0
1426277,1,df064e1a,2024,2024,12,19,2,0,0,0
1426277,2,fe93fd9d,2024,2024,12,16,2,0,1,0
1426279,2,2f49c897,2024,2024,24,20,10,2,0,0
1426283,1,eaa76d3c,2024,2024,18,42,2,1,0,0
1426290,2,5f547c8b,2024,2024,10,25,1,0,0,0
1426292,1,c33d8116,2024,2024,12,28,4,1,0,0
1426295,2,4b31f3a3,2024,2024,16,47,4,1,0,0
1426297,1,eade4650,2024,2024,24,52,2,1,0,0
1426299,2,ce820073,2024,2024,18,30,4,1,0,0
1426299,2,eef2536f,2024,2024,12,12,3,1,0,0
1426302,1,4885bbe6,2024,2024,12,28,3,0,0,0
1426302,2,b8527c3d,2024,2024,18,30,5,0,0,0
1426305,1,fffa744b,2024,2024,4,17,0,0,0,0
1426305,2,12314277,2024,2024,12,11,7,3,0,0
598041,2,759ac88f,2013,2013,24,31,11,0,0,2
598045,2,1e66c162,2013,2013,24,34,8,0,0,1
598046,2,cedc1d9a,2013,2013,18,21,9,1,0,1
598047,1,3d7e087f,2013,2013,24,33,10,1,0,1
598054,2,41eb4a4f,2013,2013,24,43,5,1,0,1
598056,1,1a0c3177,2013,2013,24,35,11,0,0,1
598059,1,1a0c3177,2013,2013,24,21,11,0,0,1
598063,2,8b5b6769,2013,2013,24,29,10,6,0,1
598064,1,1a0c3177,2013,2013,24,28,8,1,0,1
598067,1,5fa06777,2013,2013,24,34,11,0,0,1
598067,2,896d78ad,2013,2013,18,14,9,0,0,3
598068,2,41eb4a4f,2013,2013,6,10,2,0,0,1
598071,2,6b19d823,2013,2013,24,16,15,0,0,1
598073,2,8b5b6769,2013,2013,18,14,11,0,0,2
598073,2,a757b0d8,2013,2013,24,34,11,3,0,1
729279,2,9d430b40,2014,2014,24,20,13,0,0,4
729281,1,0a3d54b9,2014,2014,18,9,12,3,0,1
729281,2,8cf9814c,2014,2014,24,30,14,2,0,1
729283,2,495d42a5,2014,2014,24,41,6,4,0,2
729285,2,5bb1a1c4,2014,2014,24,29,9,1,0,1
729293,1,9d80c5e1,2014,2014,18,29,2,0,0,1
729293,2,495d42a5,2014,2014,12,3,10,1,0,2
729307,2,26a85969,2014,2014,24,24,7,2,0,1
733971,1,bbd41817,2014,2014,12,25,2,0,0,1
733983,1,f986ca1a,2014,2014,24,28,10,0,0,1
733991,1,c3d35165,2014,2014,24,20,12,0,0,1
733995,1,495d42a5,2014,2014,24,30,7,2,0,3
733997,1,98ae73b1,2014,2014,24,19,7,0,0,3
734009,1,9d430b40,2014,2014,24,18,10,0,0,1
734011,1,acee4cc4,2014,2014,24,25,7,0,0,2
734011,2,6aed7e79,2014,2014,18,24,2,2,0,1
734015,1,9d430b40,2014,2014,24,21,13,0,0,1
734017,2,7a8bd078,2014,2014,24,25,9,1,0,2
734029,2,1dc12ab9,2014,2014,12,17,5,0,0,1
734037,2,0f721006,2014,2014,18,35,6,0,2,1
734041,2,d2a989fc,2014,2014,18,42,7,2,0,2
734043,2,cc1e8c68,2014,2014,24,13,15,1,0,3
734047,2,1a0c3177,2014,2014,24,59,8,0,1,2
734049,1,9d430b40,2014,2014,24,46,9,0,1,1
829721,1,d2a989fc,2015,2015,18,15,10,0,1,1
829725,1,acee4cc4,2015,2015,24,43,6,0,0,3
829727,2,119678fd,2015,2015,18,19,7,0,0,1
829729,2,8b5b6769,2015,2015,24,44,9,0,0,2
829733,1,cc1e8c68,2015,2015,24,33,11,1,0,3
829733,2,0f12f9df,2015,2015,24,33,9,1,0,1
829739,2,56ab442f,2015,2015,24,30,9,1,0,1
829743,1,5bb5a915,2015,2015,24,31,8,0,0,2
829743,2,2e81a32d,2015,2015,18,24,2,2,0,1
829745,1,3fb19989,2015,2015,24,24,12,0,0,1
829745,2,87e562a9,2015,2015,18,25,5,0,0,1
829759,2,32198ae0,2015,2015,24,30,4,0,0,1
829761,2,bbd41817,2015,2015,24,24,13,1,0,1
829767,1,6b19d823,2015,2015,12,10,5,0,0,1
829769,2,41eb4a4f,2015,2015,24,39,6,0,1,1
829775,1,1647bd37,2015,2015,24,30,7,0,0,1
829781,1,32198ae0,2015,2015,18,20,5,0,0,1
829781,1,119678fd,2015,2015,24,29,7,0,0,2
829787,2,2e81a32d,2015,2015,24,44,9,0,0,3
829791,1,bbd41817,2015,2015,24,50,6,1,0,1
829791,2,69be866a,2015,2015,23,56,4,0,0,2
829791,2,6eb146d2,2015,2015,18,17,8,2,0,2
829797,2,759ac88f,2015,2015,24,25,11,1,1,3
829809,1,96fd40ae,2015,2015,18,17,12,0,0,1
829809,1,fe93fd9d,2015,2015,18,18,6,0,0,1
829815,1,a757b0d8,2015,2015,12,14,3,0,0,1
829821,1,96fd40ae,2015,2015,24,28,14,1,0,3
829821,2,3fb19989,2015,2015,24,27,6,0,0,1
980903,1,012829ff,2016,2016,16,6,13,0,0,2
980909,1,dbe50b21,2016,2016,12,22,1,1,0,1
980909,2,98ae73b1,2016,2016,19,29,5,0,0,1
980913,1,6b19d823,2016,2016,18,11,13,1,0,4
980915,2,1c2a64cd,2016,2016,12,14,4,0,0,1
980927,1,5b8c830e,2016,2016,24,27,8,8,0,2
980929,1,d8b2f218,2016,2016,24,36,5,0,0,1
980943,2,96fd40ae,2016,2016,18,21,11,6,0,1
980961,2,fe93fd9d,2016,2016,14,21,3,0,1,1
980963,2,5bb5a915,2016,2016,24,27,11,1,0,1
980965,2,6b19d823,2016,2016,24,28,8,1,2,1
980971,1,8cf9814c,2016,2016,18,34,5,1,0,1
980973,1,8b5b6769,2016,2016,24,29,13,1,0,2
980973,2,2e81a32d,2016,2016,18,23,9,1,0,1
980977,1,ce820073,2016,2016,24,49,6,1,0,2
980979,1,14f96089,2016,2016,24,19,11,0,0,6
980983,1,81049310,2016,2016,24,32,8,1,0,1
980993,1,91a4a398,2016,2016,24,23,10,1,0,1
981005,1,66b30f71,2016,2016,18,16,9,0,0,1
981005,1,495d42a5,2016,2016,24,34,8,0,0,4
981007,1,d2a989fc,2016,2016,24,41,10,0,0,2
981013,2,fe93fd9d,2016,2016,24,21,9,0,0,2
1426305,2,df064e1a,2024,2024,24,37,9,0,0,2
1426306,2,2f9d0389,2024,2024,18,39,6,0,2,1
1426307,2,244048f6,2024,2024,24,37,9,1,0,2
1426309,1,bbd41817,2024,2024,9,15,2,0,0,1
1426309,1,5b7ab5a9,2024,2024,24,26,9,1,1,2
1426310,1,57ee1fde,2024,2024,24,43,7,0,0,1
1473439,1,ce820073,2025,2025,24,51,5,0,0,1
1473444,1,df064e1a,2025,2025,24,42,8,0,0,1
1473447,2,36619795,2025,2025,24,42,5,0,0,3
1473448,1,efc04be7,2025,2025,24,28,9,1,0,2
1473449,1,a818c1be,2025,2025,24,23,14,0,0,1
1473449,1,e4a0deae,2025,2025,20,17,11,2,0,1
1473451,1,5bb1a1c4,2025,2025,12,27,4,0,0,1
1473453,1,d45c29b1,2025,2025,18,39,5,2,0,1
1473465,1,2e81a32d,2025,2025,24,32,7,1,0,1
1473469,2,8d2c70ad,2025,2025,24,33,7,0,0,1
1473470,1,a818c1be,2025,2025,24,29,6,2,0,1
1473475,1,d45c29b1,2025,2025,12,42,1,0,0,1
1473476,1,bbd41817,2025,2025,6,13,2,0,0,1
1473476,2,85e0cf10,2025,2025,24,25,12,1,0,2
1473479,2,03806cf8,2025,2025,24,33,15,1,0,4
1473480,2,efc04be7,2025,2025,24,42,7,5,2,2
1473482,2,462411b3,2025,2025,24,22,14,1,0,4
1473483,2,2e171977,2025,2025,24,19,9,1,0,2
1473484,1,ce820073,2025,2025,24,33,6,4,0,1
1473485,1,3fb19989,2025,2025,24,43,9,1,0,3
1473485,2,7c3b3b78,2025,2025,12,19,5,1,0,1
1473490,1,f24c6701,2025,2025,24,41,9,0,0,1
1473490,1,04a418e8,2025,2025,18,21,3,1,0,1
1473490,2,5b7ab5a9,2025,2025,24,32,10,0,0,2
1473491,2,8f6dd463,2025,2025,24,33,11,3,0,2
1473493,1,3204c99f,2025,2025,12,10,6,0,0,1
1473494,1,fe93fd9d,2025,2025,24,34,8,0,0,1
1473499,2,13fc5c6d,2025,2025,24,37,8,1,0,2
1473500,1,46a9bea1,2025,2025,24,33,9,0,0,1
1473500,1,4bd09374,2025,2025,24,29,7,5,0,3
1473500,2,efc04be7,2025,2025,18,42,4,6,1,1
1473501,1,327b58d3,2025,2025,24,54,6,0,0,1
1473502,2,cb9b8664,2025,2025,24,27,7,0,0,3
1473502,2,872b03f7,2025,2025,6,4,2,0,0,2
1473503,1,2e81a32d,2025,2025,24,43,7,0,0,1
1473503,1,5b8c830e,2025,2025,24,38,5,0,0,1
1473503,2,25228673,2025,2025,12,20,3,0,0,1
1473510,1,57ee1fde,2025,2025,24,39,7,0,0,1
1473510,2,d45c29b1,2025,2025,24,55,9,2,1,2
1473510,2,dbe50b21,2025,2025,12,19,4,0,0,1
1473511,2,7210d461,2025,2025,18,18,7,0,0,1
1485779,1,0a8fce53,2025,2025,24,33,8,0,0,3
1527675,2,5d2eea49,2026,2026,24,43,8,0,1,1
1527676,2,fcc21ace,2026,2026,18,27,8,0,0,2
1527677,2,50c09020,2026,2026,18,31,8,2,0,1
1527677,2,f19ccfad,2026,2026,19,27,6,0,0,1
1527681,1,2e171977,2026,2026,24,22,8,1,0,1
1527682,2,df064e1a,2026,2026,24,41,9,0,1,4
1527683,1,8cf9814c,2026,2026,24,9,18,1,0,2
1527683,1,13fc5c6d,2026,2026,24,46,5,1,0,1
1527688,1,80b2fb19,2026,2026,24,47,5,3,0,1
1527689,1,df064e1a,2026,2026,24,32,7,0,0,2
1527691,2,fcc21ace,2026,2026,24,35,11,0,1,3
1527693,2,9440ef41,2026,2026,24,47,6,0,0,2
1529264,1,ce820073,2026,2026,24,52,6,4,0,1
1529264,1,46a9bea1,2026,2026,24,55,7,4,0,1
1529270,1,765a4731,2026,2026,12,21,5,0,0,2
1529270,2,280fff14,2026,2026,24,32,5,9,0,1
1529274,2,5750bcb4,2026,2026,24,32,10,2,0,4
1529277,1,2e81a32d,2026,2026,24,31,6,0,0,1
1529278,1,244048f6,2026,2026,24,49,3,0,0,1
1529278,2,5ffc0565,2026,2026,12,24,3,1,0,1
1529280,1,025c4400,2026,2026,18,22,9,2,0,1
1529280,2,4d7f517e,2026,2026,22,46,6,0,0,1
1529288,1,9d430b40,2026,2026,24,31,12,0,0,2
1529288,2,ded9240e,2026,2026,24,47,6,7,0,1
1529289,2,244048f6,2026,2026,24,24,10,0,0,2
1529291,1,765a4731,2026,2026,24,31,10,1,0,1
1529292,1,54e52590,2026,2026,24,54,2,0,0,1
1529292,2,ded9240e,2026,2026,24,34,10,0,1,2
1529298,1,2cffab74,2026,2026,24,31,7,2,0,1
1529301,1,ba6b2f91,2026,2026,6,11,3,2,0,1
1529310,2,5750bcb4,2026,2026,24,33,10,0,0,2
1535462,1,0f721006,2026,2026,24,39,5,0,0,2
335982,1,91a4a398,2007/08,2008,24,38,8,0,0,1
335983,2,9f961c14,2007/08,2008,24,47,5,1,0,1
335986,1,9ab63e7b,2007/08,2008,24,8,14,0,1,1
335987,1,3d7e087f,2007/08,2008,24,25,12,0,0,2
335988,1,e03b66ec,2007/08,2008,24,19,16,0,0,2
335990,2,c3d1402f,2007/08,2008,24,44,8,1,1,1
335990,2,94bc776b,2007/08,2008,18,30,4,0,0,1
335996,2,9f961c14,2007/08,2008,22,27,4,1,0,2
336000,1,fa463154,2007/08,2008,24,46,6,0,0,1
336000,1,16dfcc19,2007/08,2008,24,31,6,1,2,3
336001,1,33a364a6,2007/08,2008,6,11,1,0,0,1
336001,2,9f961c14,2007/08,2008,18,35,4,0,1,1
336004,2,88fccd6c,2007/08,2008,24,16,15,0,0,2
336006,1,6b8eb6e5,2007/08,2008,24,16,17,2,0,2
336007,1,0dc00542,2007/08,2008,18,27,5,0,0,1
336008,1,88fccd6c,2007/08,2008,18,19,7,0,0,1
336008,1,d2a989fc,2007/08,2008,18,21,10,0,0,2
336017,1,93a17209,2007/08,2008,24,34,8,3,1,2
336018,2,9f961c14,2007/08,2008,18,24,8,3,0,1
336020,1,6c6591ab,2007/08,2008,12,19,3,1,0,2
336020,2,6b19d823,2007/08,2008,24,17,11,0,0,5
336024,2,87e562a9,2007/08,2008,24,24,12,1,0,3
336028,2,6b8eb6e5,2007/08,2008,24,35,11,7,0,2
336029,1,b2b50355,2007/08,2008,24,34,7,0,0,1
336031,2,57efa3be,2007/08,2008,24,36,6,0,0,1
336035,1,16dfcc19,2007/08,2008,24,23,13,2,0,4
336036,1,bb18be76,2007/08,2008,24,30,7,1,0,1
336039,1,c3d35165,2007/08,2008,24,27,12,0,0,2
392182,2,91ffa6c6,2009,2009,24,14,14,1,0,2
392184,1,6c6591ab,2009,2009,24,14,13,0,0,2
392190,1,5bb1a1c4,2009,2009,24,36,11,0,0,2
392190,2,bb18be76,2009,2009,24,25,9,2,0,2
392190,2,6ef60d3a,2009,2009,24,18,10,3,0,3
392194,1,96fd40ae,2009,2009,24,34,10,1,1,2
392194,1,6b19d823,2009,2009,24,19,9,2,0,1
392199,2,5bb1a1c4,2009,2009,24,15,14,1,0,2
392200,2,5fa06777,2009,2009,24,20,10,2,0,2
392202,2,1dc12ab9,2009,2009,12,11,5,0,0,1
392203,1,5bb1a1c4,2009,2009,24,24,9,2,1,1
392203,1,66b30f71,2009,2009,18,27,5,1,0,1
392204,2,e938e1bc,2009,2009,24,27,13,2,0,2
392206,1,9fc0ef64,2009,2009,18,41,5,1,0,1
392208,2,91a4a398,2009,2009,12,12,9,2,0,1
392210,1,5d096f3d,2009,2009,18,33,7,0,0,1
392210,2,63bff7f9,2009,2009,24,26,15,11,0,1
392213,2,86dc8f2e,2009,2009,24,20,12,1,0,1
392215,2,8b5b6769,2009,2009,24,21,9,0,0,1
392220,2,bcce309e,2009,2009,24,19,14,1,0,2
392223,1,35205dfc,2009,2009,24,25,8,0,0,1
392227,1,1dc12ab9,2009,2009,24,22,7,0,0,1
392229,1,aaa1b522,2009,2009,24,23,10,0,1,1
392230,1,7c503806,2009,2009,24,23,8,1,0,1
392232,1,86dc8f2e,2009,2009,24,17,11,0,0,1
392234,1,5d096f3d,2009,2009,24,19,9,0,0,1
392234,2,4ba44e19,2009,2009,24,8,16,0,0,2
392235,2,a12e1d51,2009,2009,24,38,9,1,1,1
392238,2,ae78bc32,2009,2009,12,23,6,0,1,1
419106,2,d1c94b25,2009/10,2010,24,26,10,3,0,2
419108,1,5bdcdb72,2009/10,2010,6,7,2,0,0,1
419110,2,c3d1402f,2009/10,2010,18,30,6,2,0,1
419112,1,e938e1bc,2009/10,2010,24,43,9,4,0,1
419113,2,ae78bc32,2009/10,2010,18,33,7,0,0,1
419119,1,0c2730df,2009/10,2010,24,18,11,0,0,1
419119,2,91a4a398,2009/10,2010,24,18,11,0,0,1
419124,1,98ae73b1,2009/10,2010,24,29,6,0,0,1
419125,2,4ba44e19,2009/10,2010,24,32,9,1,0,2
419127,1,2049f3a0,2009/10,2010,18,23,9,4,0,2
419128,1,8fd1a8f5,2009/10,2010,24,42,8,2,0,1
419128,2,cc1e8c68,2009/10,2010,24,27,10,0,1,1
419129,1,c8179c68,2009/10,2010,24,30,8,0,0,2
419131,1,db584dad,2009/10,2010,24,38,6,0,0,1
419137,2,45c2196c,2009/10,2010,24,15,14,1,1,2
419138,2,a757b0d8,2009/10,2010,24,26,6,2,1,2
419140,2,9fc0ef64,2009/10,2010,24,22,7,0,0,3
419141,1,2a72fd4f,2009/10,2010,24,25,13,1,0,2
419144,1,d7c6af50,2009/10,2010,24,30,6,1,0,1
419146,1,98ae73b1,2009/10,2010,24,24,9,0,0,3
419147,2,495d42a5,2009/10,2010,24,13,17,1,0,2
419150,2,a757b0d8,2009/10,2010,12,19,3,0,0,1
419154,1,e32d22f6,2009/10,2010,24,27,12,0,0,2
419157,1,0c2730df,2009/10,2010,24,38,4,2,0,1
419157,2,a757b0d8,2009/10,2010,24,28,5,2,0,3
419162,1,8fd1a8f5,2009/10,2010,24,43,10,3,0,2
419163,2,c8179c68,2009/10,2010,24,44,8,6,0,2
501199,2,8fd1a8f5,2011,2011,24,18,16,0,1,2
501200,1,c404f58a,2011,2011,18,31,5,1,0,1
501206,2,c3d35165,2011,2011,18,38,2,0,0,1
501207,1,3a60e0b5,2011,2011,24,35,10,5,0,3
501211,1,6821ac10,2011,2011,24,49,5,1,0,2
501212,1,12eddf28,2011,2011,24,31,6,0,0,1
501212,2,6b19d823,2011,2011,24,28,12,0,0,2
501213,2,5d9a1a73,2011,2011,24,29,6,0,0,1
501214,1,b2b50355,2011,2011,18,15,10,0,0,3
501218,1,ef5da05c,2011,2011,24,18,13,0,0,2
501219,2,4ba44e19,2011,2011,24,18,10,2,0,1
501223,2,2498e163,2011,2011,24,43,4,0,0,1
501224,2,f0f628c7,2011,2011,24,35,10,0,0,1
501228,1,13c35c9e,2011,2011,24,33,11,2,0,1
501228,2,91ffa6c6,2011,2011,12,21,3,1,0,1
501233,1,fe93fd9d,2011,2011,24,27,11,3,0,1
501236,2,c3d35165,2011,2011,24,38,8,2,0,3
501237,2,8b5b6769,2011,2011,24,25,9,0,0,2
501239,1,6b19d823,2011,2011,18,22,6,1,0,1
501240,2,3d7e087f,2011,2011,22,37,3,3,0,1
501246,1,2498e163,2011,2011,24,45,7,0,0,1
501247,2,41eb4a4f,2011,2011,18,18,10,0,0,1
501249,2,1dc12ab9,2011,2011,3,0,3,0,0,2
501251,2,dc4686e6,2011,2011,17,22,9,1,0,4
501253,1,0a3d54b9,2011,2011,24,20,11,1,0,1
501255,2,1e66c162,2011,2011,12,30,3,0,0,1
501257,2,98ae73b1,2011,2011,24,16,14,0,0,3
501259,1,6b19d823,2011,2011,24,26,8,1,0,2
501269,2,7dc35884,2011,2011,20,24,8,0,0,2
501270,1,a757b0d8,2011,2011,18,24,5,2,0,1
501271,2,c8179c68,2011,2011,24,21,9,0,1,2
548309,1,98ae73b1,2012,2012,24,33,8,0,0,1
548309,2,3d7e087f,2012,2012,24,32,8,0,1,1
548311,2,c8179c68,2012,2012,12,14,3,0,0,2
548312,2,557153ca,2012,2012,24,28,7,2,0,3
548313,2,5d9a1a73,2012,2012,24,34,10,0,0,2
548315,1,f986ca1a,2012,2012,24,46,6,0,0,1
548317,1,f708a0bc,2012,2012,24,31,9,0,0,2
548320,2,f708a0bc,2012,2012,24,20,12,1,0,1
548323,2,dc4686e6,2012,2012,24,24,7,0,0,2
548323,2,2a72fd4f,2012,2012,24,27,5,0,0,1
548326,2,2a2e6343,2012,2012,24,43,7,2,0,1
548330,2,469ea22b,2012,2012,12,10,9,0,0,2
548339,1,c3d1402f,2012,2012,24,27,11,1,0,1
548341,2,dec8e038,2012,2012,24,37,9,2,1,2
548344,2,86dc8f2e,2012,2012,24,31,10,1,1,2
548355,1,cf73ad76,2012,2012,6,8,1,0,0,1
548356,2,6b19d823,2012,2012,24,28,7,0,0,2
548357,1,86dc8f2e,2012,2012,24,20,11,0,0,2
548358,2,3a60e0b5,2012,2012,12,12,6,0,0,1
548359,1,d718440b,2012,2012,24,45,8,2,0,1
548363,2,f0f628c7,2012,2012,24,32,10,0,0,1
548363,2,35205dfc,2012,2012,24,32,6,0,1,1
548365,2,7c503806,2012,2012,24,25,6,0,0,2
548371,1,9a158001,2012,2012,24,28,15,0,0,2
548373,1,6b19d823,2012,2012,24,20,9,0,1,2
548375,1,2e81a32d,2012,2012,24,23,10,0,0,1
548376,1,41eb4a4f,2012,2012,24,22,11,2,0,3
548380,2,495d42a5,2012,2012,23,23,12,1,0,3
598001,1,cc1e8c68,2013,2013,24,24,11,0,0,4
598001,1,9d80c5e1,2013,2013,24,22,5,0,0,1
598002,1,495d42a5,2013,2013,24,21,14,0,0,1
598003,1,e938e1bc,2013,2013,24,31,9,1,0,2
598005,1,9d430b40,2013,2013,24,28,11,0,0,2
598007,1,fb66ce1f,2013,2013,24,27,10,0,0,2
598013,1,119678fd,2013,2013,12,13,5,0,0,1
598013,2,33a364a6,2013,2013,24,33,6,3,0,2
598015,1,fe93fd9d,2013,2013,24,27,10,0,0,1
598015,1,fb66ce1f,2013,2013,24,25,9,0,0,2
598016,2,e938e1bc,2013,2013,24,26,11,2,0,2
598018,1,66b30f71,2013,2013,24,25,11,2,0,1
598020,1,5bb5a915,2013,2013,24,42,8,1,0,1
598022,1,fb66ce1f,2013,2013,18,12,9,0,0,1
598022,1,87e562a9,2013,2013,12,14,6,0,0,1
598025,2,1c914163,2013,2013,12,15,4,0,0,1
598026,1,495d42a5,2013,2013,24,20,7,0,0,2
598030,1,87e562a9,2013,2013,24,37,9,0,0,2
598031,2,9a158001,2013,2013,24,35,13,0,0,3
598033,2,8b5b6769,2013,2013,24,21,10,0,0,2
598034,1,33a364a6,2013,2013,24,31,4,0,0,1
598036,1,3d7e087f,2013,2013,18,20,3,0,0,1
598036,2,41eb4a4f,2013,2013,23,39,7,0,0,1
1082591,2,5f547c8b,2017,2017,24,36,8,0,0,2
1082594,1,2e171977,2017,2017,24,27,6,2,0,1
1082597,1,462411b3,2017,2017,24,39,7,0,2,1
1082597,2,4c5d73db,2017,2017,24,34,8,4,0,1
1082599,2,91a4a398,2017,2017,18,20,8,1,0,3
1082599,2,6b19d823,2017,2017,18,11,10,0,0,3
1082600,1,462411b3,2017,2017,24,24,9,0,0,3
1082600,2,96fd40ae,2017,2017,24,46,7,0,0,1
1082604,1,2e11c706,2017,2017,24,41,3,1,0,1
1082612,1,51a3c5ef,2017,2017,24,46,10,0,1,2
1082614,1,6b19d823,2017,2017,24,18,13,1,0,2
1082614,2,51a3c5ef,2017,2017,24,24,11,1,0,3
1082615,1,1e66c162,2017,2017,24,41,6,0,0,1
1082616,1,b822e99c,2017,2017,12,7,7,0,0,1
1082621,2,f62772e5,2017,2017,12,24,4,1,0,1
1082624,1,bd17b45f,2017,2017,12,17,2,0,0,1
1082626,1,ce820073,2017,2017,24,20,14,2,0,4
1082627,2,5f547c8b,2017,2017,24,38,7,3,0,1
1082629,1,2a2e6343,2017,2017,18,27,2,1,0,1
1082630,1,6b19d823,2017,2017,24,23,9,1,0,1
1082631,1,2a2e6343,2017,2017,18,23,6,0,0,1
1082633,2,ce820073,2017,2017,24,22,15,0,0,3
1082633,2,759ac88f,2017,2017,24,24,8,0,0,2
1082638,2,51a3c5ef,2017,2017,24,26,8,1,0,1
1082639,1,9d430b40,2017,2017,24,27,8,0,0,1
1082639,2,759ac88f,2017,2017,18,24,8,0,0,2
1082642,1,e087956b,2017,2017,24,31,9,3,0,2
1082646,2,f986ca1a,2017,2017,24,43,8,1,0,3
1082647,2,1e66c162,2017,2017,24,24,10,0,0,1
1082647,2,2f9d0389,2017,2017,18,21,9,5,0,1
1082649,1,a12e1d51,2017,2017,23,24,9,0,0,1
1082649,2,98ae73b1,2017,2017,24,34,9,1,0,2
1136563,1,9d430b40,2018,2018,24,30,8,0,0,1
1136566,2,b2a79f17,2018,2018,12,20,3,0,0,2
1136567,1,dcf81436,2018,2018,24,29,9,0,1,2
1136567,2,a9fd84fb,2018,2018,24,23,10,0,0,4
1136572,2,7c7d63a2,2018,2018,24,47,5,1,0,2
1136572,2,495d42a5,2018,2018,24,32,5,2,0,1
1136573,2,e86754b2,2018,2018,12,21,4,0,0,1
1136577,2,acee4cc4,2018,2018,24,44,4,1,0,1
1136578,1,7c7d63a2,2018,2018,24,30,9,1,1,2
1136586,2,a818c1be,2018,2018,24,44,9,2,0,2
1136588,2,ce820073,2018,2018,24,15,14,0,0,1
1136591,2,2f49c897,2018,2018,24,28,7,3,0,2
1136594,2,7c7d63a2,2018,2018,24,35,7,1,0,1
1136598,2,e087956b,2018,2018,18,22,4,0,0,1
1136601,2,a9fd84fb,2018,2018,24,26,9,0,0,1
1136604,1,759ac88f,2018,2018,24,40,8,1,0,1
1136607,1,d2a989fc,2018,2018,24,43,8,0,0,1
1136608,1,57ee1fde,2018,2018,12,6,5,0,0,1
1136609,1,8d2c70ad,2018,2018,24,20,8,0,0,4
1136610,2,462411b3,2018,2018,24,15,11,1,0,3
1136614,1,bbd41817,2018,2018,18,31,9,1,1,1
1136615,1,a9fd84fb,2018,2018,12,21,2,0,0,1
1136615,2,a818c1be,2018,2018,24,33,8,1,0,1
1136617,2,dcf81436,2018,2018,24,32,9,1,0,2
1136619,2,7dc35884,2018,2018,18,16,6,0,0,1
1136620,1,87e562a9,2018,2018,24,46,5,2,0,1
1175356,1,acee4cc4,2019,2019,24,9,18,0,0,3
1175358,2,5bb1a1c4,2019,2019,24,34,12,0,0,2
1175363,2,7a8bd078,2019,2019,24,27,8,0,0,3
1175364,1,a316d663,2019,2019,24,40,6,0,0,2
1175370,2,4933f499,2019,2019,24,22,14,1,0,2
1175371,1,2e81a32d,2019,2019,24,27,11,1,0,2
1178397,2,5f547c8b,2019,2019,24,20,9,0,0,1
1178401,1,5bb1a1c4,2019,2019,24,21,13,2,0,1
1178402,1,d2a989fc,2019,2019,24,38,6,0,0,1
1178406,1,a12e1d51,2019,2019,24,31,7,0,0,4
1178407,2,244048f6,2019,2019,24,43,8,2,0,2
1178407,2,495d42a5,2019,2019,24,24,6,1,0,2
1178408,1,5f547c8b,2019,2019,24,17,13,0,0,2
1178409,2,2ed569a0,2019,2019,24,19,15,2,0,3
1178414,1,23eeb873,2019,2019,24,25,15,1,0,2
1178415,1,fb66ce1f,2019,2019,24,41,6,1,0,1
1178417,2,d9273ee7,2019,2019,12,13,3,0,0,1
1178428,1,6b19d823,2019,2019,24,17,11,0,0,3
1178430,2,fe93fd9d,2019,2019,12,16,5,0,0,1
1181768,1,acee4cc4,2019,2019,18,23,7,0,0,2
1216495,1,5f547c8b,2020/21,2021,24,32,4,0,0,1
1216499,2,fb66ce1f,2020/21,2021,24,36,10,1,0,1
1216503,2,a818c1be,2020/21,2021,24,42,5,0,0,1
1216505,2,f9e6e7ef,2020/21,2021,24,26,5,1,0,2
1216508,1,9d430b40,2020/21,2021,24,22,8,0,0,1
1216508,2,f752db61,2020/21,2021,24,25,13,1,0,2
1216508,2,a757b0d8,2020/21,2021,18,21,4,1,0,1
1216521,1,56ab442f,2020/21,2021,24,25,14,5,0,1
1216523,1,8cf9814c,2020/21,2021,24,30,9,0,0,1
1216524,2,9d80c5e1,2020/21,2021,6,8,2,1,0,1
1216525,1,23eeb873,2020/21,2021,18,10,10,1,0,1
1216529,1,a818c1be,2020/21,2021,24,36,9,2,0,1
1216538,2,5b8c830e,2020/21,2021,24,35,8,5,0,1
1216539,1,98ae73b1,2020/21,2021,24,33,8,0,0,2
1216540,2,21d4e29b,2020/21,2021,18,17,8,3,0,1
1216542,1,244048f6,2020/21,2021,24,33,9,3,1,2
1216542,2,a2f46292,2020/21,2021,18,24,8,0,0,2
1216544,2,fb66ce1f,2020/21,2021,22,36,10,1,0,1
1216545,1,bbd41817,2020/21,2021,12,16,2,1,0,1
1216546,2,2e171977,2020/21,2021,24,27,8,0,0,1
1216547,2,57ee1fde,2020/21,2021,24,48,2,0,0,1
1237178,1,0f721006,2020/21,2021,24,25,10,2,0,3
1237178,1,9d80c5e1,2020/21,2021,24,30,4,1,1,1
1237178,2,57ee1fde,2020/21,2021,24,24,7,0,0,1
1254060,1,62af8546,2021,2021,24,32,9,0,0,2
1254062,1,ded9240e,2021,2021,24,24,12,0,0,2
1254062,2,2ed569a0,2021,2021,24,27,10,0,0,4
1254063,2,2f49c897,2021,2021,24,25,13,1,0,2
1254064,1,0a8fce53,2021,2021,24,29,11,2,0,2
1254064,2,e62dd25d,2021,2021,24,30,12,0,0,2
1254065,2,e2db2409,2021,2021,18,32,5,1,0,1
1254066,2,462411b3,2021,2021,24,14,12,0,0,1
1254067,2,f19ccfad,2021,2021,24,33,7,2,0,1
1254068,1,eef2536f,2021,2021,24,33,8,0,0,1
1254071,1,5f547c8b,2021,2021,24,17,9,0,0,1
1254079,2,2f49c897,2021,2021,24,44,4,0,0,1
1254081,1,a818c1be,2021,2021,24,37,7,0,0,1
1254083,1,f9e6e7ef,2021,2021,12,11,2,0,0,1
1254083,2,8cf9814c,2021,2021,22,28,7,0,0,1
1254086,1,e62dd25d,2021,2021,24,36,6,0,0,3
1254086,1,2e171977,2021,2021,24,21,10,0,0,1
1254088,2,462411b3,2021,2021,24,39,8,7,0,2
1254089,2,1abb78f8,2021,2021,24,30,11,2,0,2
1254092,2,e62dd25d,2021,2021,18,28,10,0,1,1
1254093,1,462411b3,2021,2021,24,14,18,0,1,2
1254094,1,df064e1a,2021,2021,24,25,10,1,0,1
1254094,2,23eeb873,2021,2021,24,48,5,3,0,1
1254095,1,2a2e6343,2021,2021,18,14,8,0,0,2
1254097,2,eef2536f,2021,2021,24,29,6,1,0,1
1254097,2,acdc62f5,2021,2021,24,18,12,0,0,2
1254098,1,03806cf8,2021,2021,24,40,6,2,0,2
1254098,2,85e0cf10,2021,2021,24,41,9,0,0,1
1254099,1,462411b3,2021,2021,24,24,9,0,0,2
1254099,2,9eb1455b,2021,2021,18,12,10,0,0,1
1254101,1,f986ca1a,2021,2021,24,34,8,3,0,1
1254102,1,8cf9814c,2021,2021,24,23,9,1,0,1
1254103,1,2a2e6343,2021,2021,12,21,3,0,0,1
1254104,1,462411b3,2021,2021,24,33,10,2,0,2
1254107,1,0f721006,2021,2021,24,19,9,1,0,3
1254112,2,a818c1be,2021,2021,24,24,7,1,0,1
1254113,2,57ee1fde,2021,2021,24,26,10,1,0,1
1254115,2,2f49c897,2021,2021,24,19,10,0,0,2
1254117,2,1abb78f8,2021,2021,24,38,11,4,1,3
1304047,1,5b7ab5a9,2022,2022,24,23,11,1,0,1
1304051,2,a818c1be,2022,2022,24,23,15,3,0,2
1304058,2,eef2536f,2022,2022,24,24,15,1,0,4
1304062,2,e62dd25d,2022,2022,24,35,6,0,1,2
1304066,2,57ee1fde,2022,2022,24,41,7,2,0,4
1304069,1,1e66c162,2022,2022,24,44,8,2,0,1
1304070,1,2e78f685,2022,2022,24,51,6,0,0,1
1304070,2,dbe50b21,2022,2022,15,18,4,2,0,1
1304071,1,2e81a32d,2022,2022,24,37,10,1,0,1
1304072,1,e2db2409,2022,2022,24,33,8,0,0,1
1304076,2,85e0cf10,2022,2022,24,43,5,5,0,1
1304076,2,57ee1fde,2022,2022,24,40,7,4,0,5
1304077,1,5b8c830e,2022,2022,24,29,6,0,0,1
1304077,1,0f721006,2022,2022,24,25,8,2,0,2
1304079,1,765a4731,2022,2022,18,19,12,1,0,3
1304081,1,bbd41817,2022,2022,6,5,4,0,0,4
1304081,2,5f547c8b,2022,2022,24,22,11,0,0,2
1304082,1,81c08fa3,2022,2022,24,13,19,1,1,1
1304082,2,f986ca1a,2022,2022,12,18,5,0,0,1
1304084,2,e62dd25d,2022,2022,24,23,12,0,0,2
1304084,2,26a85969,2022,2022,24,39,9,2,0,2
1304085,1,2f49c897,2022,2022,24,30,12,0,0,2
1304087,2,77b1aa15,2022,2022,18,24,8,0,1,1
1304093,1,cc1e8c68,2022,2022,24,24,17,1,1,1
1304093,2,85e0cf10,2022,2022,24,37,9,5,0,1
1304096,1,7a8bd078,2022,2022,18,34,7,0,0,1
1304101,1,3d8feaf8,2022,2022,18,34,3,3,0,1
1304102,1,caf69bf7,2022,2022,24,26,13,3,0,1
1304103,1,eef2536f,2022,2022,24,26,8,1,0,2
1304107,1,81c08fa3,2022,2022,24,33,10,2,0,3
1304107,2,13c35c9e,2022,2022,24,23,9,0,0,2
1304108,1,c7a995d3,2022,2022,24,31,7,1,0,1
1304111,1,be24ead0,2022,2022,18,20,5,1,0,3
1312199,1,85e0cf10,2022,2022,24,22,15,1,0,3
1359475,1,8cf9814c,2023,2023,24,29,12,0,1,2
1359475,1,9061a703,2023,2023,24,41,9,0,0,1
1359479,1,2f49c897,2023,2023,24,21,16,6,0,1
1359483,1,119678fd,2023,2023,18,26,6,0,0,2
1359483,1,f986ca1a,2023,2023,18,38,5,1,0,1
1359483,2,9d430b40,2023,2023,24,16,11,0,0,2
1359487,2,8cf9814c,2023,2023,24,28,10,0,0,1
1359488,2,244048f6,2023,2023,18,20,10,0,0,1
1359493,2,2e81a32d,2023,2023,24,29,9,1,0,1
1359494,1,3d8feaf8,2023,2023,12,18,4,0,0,2
1359494,2,54e52590,2023,2023,24,20,11,0,0,3
1359504,2,5f547c8b,2023,2023,24,33,9,0,0,1
1359508,1,ce794613,2023,2023,18,21,3,0,0,1
1359508,2,2e171977,2023,2023,24,21,8,0,0,2
1359512,1,e62dd25d,2023,2023,24,52,11,2,2,2
1359512,2,d9273ee7,2023,2023,11,21,4,4,0,1
1359514,2,ce794613,2023,2023,24,34,4,0,0,1
1359514,2,a9fd84fb,2023,2023,24,20,7,0,0,2
1359521,1,ce794613,2023,2023,24,30,9,2,0,2
1359522,2,57ee1fde,2023,2023,23,22,7,0,0,1
1359524,2,119678fd,2023,2023,18,33,3,0,0,1
1359530,1,57ee1fde,2023,2023,24,25,11,0,0,4
1359531,2,f6d8a7ab,2023,2023,18,37,8,2,0,2
1359534,2,119678fd,2023,2023,9,19,5,0,0,2
1359536,2,8cf9814c,2023,2023,24,21,13,0,0,4
1359537,1,98ae73b1,2023,2023,18,26,5,0,0,1
1359544,1,efc04be7,2023,2023,24,39,5,2,0,2
1370351,1,c0c411cb,2023,2023,24,38,9,3,0,4
1422120,1,e62dd25d,2024,2024,24,36,10,1,0,1
1422120,1,f986ca1a,2024,2024,24,47,6,0,0,2
1422122,1,c33d8116,2024,2024,24,45,8,1,0,1
1422122,1,df064e1a,2024,2024,24,38,5,0,0,1
1422123,1,462411b3,2024,2024,24,14,13,0,0,3
1422123,1,3204c99f,2024,2024,24,27,5,0,0,2
1422126,2,ded9240e,2024,2024,24,35,7,1,0,2
1422130,2,ded9240e,2024,2024,24,28,7,1,0,1
1422135,2,cc1e8c68,2024,2024,18,35,6,0,0,1
1422135,2,5f547c8b,2024,2024,24,40,5,0,0,1
1426260,1,fe93fd9d,2024,2024,24,18,11,1,0,3
1426260,2,7c3b3b78,2024,2024,24,28,11,0,0,2
1426261,2,ded9240e,2024,2024,24,22,11,0,0,1
1426261,2,1e66c162,2024,2024,24,49,7,3,0,1
1426265,1,eef2536f,2024,2024,24,34,7,0,0,2
1426272,1,5b8c830e,2024,2024,18,16,6,0,0,2
1426274,2,9d430b40,2024,2024,24,34,9,0,0,2
1426276,1,a818c1be,2024,2024,24,32,9,3,0,2
1426277,1,e84ac20c,2024,2024,24,28,9,0,0,1
1426279,1,ce794613,2024,2024,24,39,6,1,0,2
1426280,1,f986ca1a,2024,2024,18,48,5,1,1,1
1426285,1,77b1aa15,2024,2024,24,28,10,1,0,2
1426285,2,a1d95bd8,2024,2024,18,38,6,1,1,1
1426286,1,d9273ee7,2024,2024,18,19,10,1,0,1
1426286,2,3204c99f,2024,2024,18,29,5,3,0,1
1426288,2,ded9240e,2024,2024,24,34,12,0,0,2
1426289,1,dbe50b21,2024,2024,24,44,9,1,0,2
1426289,2,5b7ab5a9,2024,2024,24,22,11,0,0,2
1426292,1,4b31f3a3,2024,2024,24,46,7,3,0,1
1426293,2,81c36ee9,2024,2024,18,45,3,6,0,1
1426294,1,495d42a5,2024,2024,24,24,6,0,0,3
1426294,2,2e171977,2024,2024,18,25,9,0,0,1
1426296,2,2f49c897,2024,2024,24,43,9,3,0,3
1426297,2,759ac88f,2024,2024,24,31,10,2,0,3
1426298,1,ee1b6c27,2024,2024,18,31,6,2,0,1
1426300,2,2f9d0389,2024,2024,24,23,8,0,0,2
598041,1,626c5379,2013,2013,12,26,1,0,0,0
598043,2,f708a0bc,2013,2013,20,31,5,2,0,0
598047,1,99b202b3,2013,2013,12,23,1,0,0,0
598051,1,8fd1a8f5,2013,2013,24,17,13,0,0,0
598052,1,6b8eb6e5,2013,2013,12,18,6,0,0,0
598052,1,3d7e087f,2013,2013,12,18,2,0,0,0
598053,1,27e71d47,2013,2013,12,19,3,1,0,0
598055,1,b681e71e,2013,2013,6,5,1,0,0,0
598061,1,33a364a6,2013,2013,18,26,5,0,0,0
598065,2,5bb1a1c4,2013,2013,24,22,12,2,0,0
598068,1,0f721006,2013,2013,6,20,1,0,0,0
598069,1,c03c6200,2013,2013,6,9,3,0,0,0
598072,1,26a85969,2013,2013,24,30,6,0,0,0
729281,1,66b30f71,2014,2014,24,51,2,1,0,0
729283,1,26a85969,2014,2014,18,21,5,0,0,0
729285,2,c03c6200,2014,2014,12,19,3,1,0,0
729305,1,13c35c9e,2014,2014,18,16,9,0,0,0
729311,1,e0407c01,2014,2014,18,22,4,0,0,0
729311,2,6b19d823,2014,2014,21,27,5,0,0,0
733979,1,cc1e8c68,2014,2014,18,31,5,0,0,0
733985,2,2e8994e7,2014,2014,12,24,1,0,0,0
733991,2,b681e71e,2014,2014,6,24,0,3,0,0
733995,1,fe93fd9d,2014,2014,24,33,8,0,0,0
733999,1,33a364a6,2014,2014,6,13,0,0,0,0
734001,1,462411b3,2014,2014,24,24,9,0,0,0
734017,1,557153ca,2014,2014,18,27,7,0,1,0
734021,1,c03c6200,2014,2014,6,19,0,1,0,0
734029,1,5fa06777,2014,2014,18,34,5,0,0,0
734033,1,557153ca,2014,2014,24,25,4,0,0,0
829705,1,bbd41817,2015,2015,18,21,7,0,0,0
829715,1,73ad96ed,2015,2015,24,20,8,3,0,0
829731,2,6b19d823,2015,2015,12,14,3,0,0,0
829737,1,2af1b6d2,2015,2015,24,59,7,1,0,0
829753,1,1647bd37,2015,2015,24,43,10,1,0,0
829771,2,ded9240e,2015,2015,12,18,4,2,0,0
829775,1,ce820073,2015,2015,18,24,6,0,0,0
829781,2,4ec07775,2015,2015,6,4,3,1,0,0
829785,1,b681e71e,2015,2015,12,23,3,1,0,0
829789,2,96fd40ae,2015,2015,18,45,3,0,0,0
829797,1,6aed7e79,2015,2015,18,24,8,0,0,0
829799,1,ce820073,2015,2015,24,33,9,0,0,0
829803,2,26a85969,2015,2015,12,18,0,0,0,0
829805,1,bbd41817,2015,2015,24,37,7,0,1,0
829809,2,2e171977,2015,2015,18,28,3,1,0,0
829813,2,91a4a398,2015,2015,1,0,1,0,0,0
829817,2,a757b0d8,2015,2015,18,22,1,0,0,0
980901,2,7a8bd078,2016,2016,18,18,4,0,0,0
980901,2,dbe50b21,2016,2016,4,12,2,0,0,0
980903,2,91a4a398,2016,2016,13,24,4,2,0,0
980905,1,e938e1bc,2016,2016,24,25,7,0,0,0
980905,1,808f425a,2016,2016,24,39,6,2,0,0
980909,2,f708a0bc,2016,2016,24,37,8,1,0,0
980911,2,495d42a5,2016,2016,24,26,13,2,0,0
980913,1,e342e5fb,2016,2016,24,33,10,0,0,0
980913,2,759ac88f,2016,2016,12,10,6,1,0,0
980919,2,5fa06777,2016,2016,6,7,3,0,0,0
980929,2,fe93fd9d,2016,2016,17,20,5,0,0,0
980945,1,91a4a398,2016,2016,24,48,6,0,0,0
980945,2,6aed7e79,2016,2016,6,17,1,0,0,0
980955,2,d9273ee7,2016,2016,24,23,9,0,0,0
980957,1,13c35c9e,2016,2016,24,35,7,1,0,0
980963,1,759ac88f,2016,2016,24,39,4,0,0,0
980967,2,9fc0ef64,2016,2016,12,28,3,1,0,0
980969,2,66b30f71,2016,2016,21,26,6,0,0,0
980969,2,495d42a5,2016,2016,6,7,2,0,0,0
980975,1,fe93fd9d,2016,2016,18,25,2,0,0,0
980979,2,0a8fce53,2016,2016,24,26,6,0,0,0
980983,2,1c914163,2016,2016,7,11,2,0,0,0
980985,1,edb3d4f8,2016,2016,24,36,11,1,0,0
980987,2,4329fbb5,2016,2016,6,3,3,1,0,0
980987,2,ba607b88,2016,2016,6,13,1,0,2,0
980993,1,acee4cc4,2016,2016,24,59,2,0,0,0
980995,2,5bb5a915,2016,2016,12,20,6,0,0,0
980999,1,759ac88f,2016,2016,18,33,4,0,0,0
981011,2,6b19d823,2016,2016,24,33,8,0,0,0
981013,1,bd17b45f,2016,2016,6,4,2,0,0,0
981015,1,3c6ffae8,2016,2016,18,17,6,0,0,0
981017,1,d8b2f218,2016,2016,18,28,8,1,0,0
981017,2,1dc12ab9,2016,2016,12,15,5,0,0,0
1473440,2,c27b5a0e,2025,2025,6,13,0,1,0,0
1473442,2,d9273ee7,2025,2025,12,31,3,0,0,0
1473442,2,54e52590,2025,2025,18,28,7,5,0,0
1473446,2,5bb1a1c4,2025,2025,12,17,5,2,0,0
1473458,1,23eeb873,2025,2025,12,29,2,1,0,0
1473460,1,e9c7f0d0,2025,2025,24,38,8,0,0,0
1473463,1,0a67aec0,2025,2025,18,33,4,1,0,0
1473464,2,81c36ee9,2025,2025,12,39,2,0,0,0
1473466,2,dbe50b21,2025,2025,12,21,4,0,0,0
1473467,1,efc04be7,2025,2025,24,13,13,1,0,0
1473474,1,7210d461,2025,2025,12,22,3,0,0,0
1473479,1,46a9bea1,2025,2025,12,36,2,2,0,0
1473480,1,36619795,2025,2025,18,27,4,0,0,0
1473481,2,81c36ee9,2025,2025,6,6,3,1,0,0
1473485,1,8d2c70ad,2025,2025,18,27,7,0,0,0
1473485,2,77b1aa15,2025,2025,24,49,8,0,0,0
1473487,1,4bd09374,2025,2025,24,39,5,1,0,0
1473488,2,f19ccfad,2025,2025,6,6,1,1,0,0
1473494,2,bbd41817,2025,2025,16,22,5,0,0,0
1473505,2,ded9240e,2025,2025,12,25,6,1,0,0
1473506,2,23eeb873,2025,2025,18,28,10,1,0,0
1473509,1,3204c99f,2025,2025,18,51,5,3,0,0
1527675,1,a9fd84fb,2026,2026,6,16,1,0,0,0
1527677,1,3b53243a,2026,2026,24,36,9,1,0,0
1527678,2,f9e6e7ef,2026,2026,6,16,0,0,0,0
1529271,1,7c3b3b78,2026,2026,24,37,5,1,0,0
1529274,1,fb2d1dda,2026,2026,24,55,7,2,0,0
1529274,2,7b44eb3e,2026,2026,12,28,2,0,0,0
1529281,1,6a26221c,2026,2026,12,9,4,0,0,0
1529286,1,8d2c70ad,2026,2026,24,41,3,0,0,0
1529294,2,f834dcfc,2026,2026,12,7,5,0,0,0
1529303,2,64839cb3,2026,2026,8,9,4,2,0,0
1529303,2,5b7ab5a9,2026,2026,24,47,3,1,0,0
1529312,2,fe93fd9d,2026,2026,12,24,2,0,0,0
335992,2,86dc8f2e,2007/08,2008,6,7,2,0,0,0
335999,1,034b4b7d,2007/08,2008,24,34,5,0,0,0
335999,2,0604ef16,2007/08,2008,24,26,9,0,0,0
336001,2,c3d35165,2007/08,2008,24,40,6,1,0,0
336002,2,1be70c88,2007/08,2008,6,21,0,0,0,0
336009,2,64c34cd0,2007/08,2008,12,28,2,3,0,0
336011,2,fe763256,2007/08,2008,6,15,0,2,0,0
336012,1,88fccd6c,2007/08,2008,24,23,9,0,0,0
336012,2,e938e1bc,2007/08,2008,12,21,6,6,0,0
336016,1,2498e163,2007/08,2008,12,22,4,0,0,0
336020,1,c3d1402f,2007/08,2008,24,50,6,1,0,0
336024,1,e0351c86,2007/08,2008,18,37,4,0,1,0
336028,2,034b4b7d,2007/08,2008,24,56,4,0,1,0
336033,2,3c6ffae8,2007/08,2008,18,31,5,0,0,0
336034,1,0604ef16,2007/08,2008,6,14,0,0,0,0
336035,1,5bb1a1c4,2007/08,2008,24,49,8,7,0,0
336036,2,35205dfc,2007/08,2008,12,16,3,0,0,0
392183,1,9fc0ef64,2009,2009,12,19,3,0,0,0
392186,2,4353bba5,2009,2009,12,20,5,2,0,0
392189,1,ddc0828d,2009,2009,24,50,5,0,0,0
392192,1,91a4a398,2009,2009,24,32,5,1,0,0
392192,2,fe763256,2009,2009,24,33,5,0,0,0
392199,1,e32d22f6,2009,2009,6,14,3,0,0,0
392200,2,3dba85c2,2009,2009,6,3,4,0,0,0
392208,2,f233bbb4,2009,2009,12,20,3,0,0,0
392215,2,5f4e9e8f,2009,2009,11,22,3,0,0,0
392225,2,fe93fd9d,2009,2009,6,18,0,2,0,0
392228,1,2a72fd4f,2009,2009,23,40,5,0,0,0
392237,2,c404f58a,2009,2009,18,38,4,2,0,0
392237,2,8ba8195d,2009,2009,6,25,1,0,1,0
392238,2,1dc12ab9,2009,2009,18,23,5,0,0,0
392238,2,3eac9d95,2009,2009,5,14,1,0,1,0
419107,1,2815fe50,2009/10,2010,12,27,3,0,0,0
419107,2,91a4a398,2009/10,2010,24,27,9,1,0,0
419107,2,f233bbb4,2009/10,2010,6,19,0,0,0,0
419108,2,5d096f3d,2009/10,2010,6,16,0,0,0,0
419113,1,896d78ad,2009/10,2010,18,29,2,0,0,0
419115,2,5bb5a915,2009/10,2010,18,34,6,4,0,0
419117,1,6b8eb6e5,2009/10,2010,24,51,5,1,0,0
419118,2,bb18be76,2009/10,2010,24,27,3,0,0,0
419125,2,0f12f9df,2009/10,2010,6,19,0,0,0,0
419130,2,87e562a9,2009/10,2010,12,16,7,0,0,0
419134,1,3d7e087f,2009/10,2010,24,35,2,0,0,0
419139,1,2049f3a0,2009/10,2010,18,35,7,2,0,0
419139,2,896d78ad,2009/10,2010,18,32,3,0,0,0
419139,2,fa463154,2009/10,2010,18,35,4,0,0,0
419145,2,86dc8f2e,2009/10,2010,24,32,8,0,0,0
419147,1,35205dfc,2009/10,2010,6,14,1,0,0,0
419149,2,8ba8195d,2009/10,2010,6,3,3,0,0,0
419158,2,864c199e,2009/10,2010,6,16,1,1,0,0
419159,2,5fa06777,2009/10,2010,22,44,6,0,0,0
419159,2,1c914163,2009/10,2010,6,7,2,0,0,0
419163,1,c3d1402f,2009/10,2010,24,33,9,1,0,0
501206,2,495d42a5,2011,2011,24,37,5,1,0,0
501207,1,dddca1d6,2011,2011,12,10,8,0,0,0
501209,1,86dc8f2e,2011,2011,24,31,8,2,0,0
501209,2,8291f939,2011,2011,12,18,5,2,0,0
501209,2,6ec424a9,2011,2011,12,23,2,0,0,0
501210,2,626c5379,2011,2011,6,11,0,0,0,0
501212,1,a45a5e8d,2011,2011,6,10,0,0,0,0
501213,2,2815fe50,2011,2011,6,11,1,1,0,0
501218,2,1c914163,2011,2011,6,5,2,0,0,0
501223,1,12eddf28,2011,2011,24,48,9,5,0,0
501226,1,5673a3fc,2011,2011,12,12,6,0,0,0
501230,2,86dc8f2e,2011,2011,12,11,6,0,0,0
501231,2,8b5b6769,2011,2011,18,20,8,0,0,0
501238,2,5fa06777,2011,2011,24,38,11,7,0,0
501247,1,5bdcdb72,2011,2011,6,8,3,2,0,0
501247,2,c3d1402f,2011,2011,12,13,6,2,0,0
501250,1,2e81a32d,2011,2011,18,24,3,0,0,0
501250,2,2e8994e7,2011,2011,12,22,6,0,0,0
501251,1,aaa1b522,2011,2011,18,23,5,0,0,0
501254,2,0c432afb,2011,2011,12,23,4,1,0,0
501258,1,bae11797,2011,2011,6,7,3,0,0,0
501258,2,29d72eb2,2011,2011,6,10,3,0,0,0
501262,1,86dc8f2e,2011,2011,12,18,3,0,0,0
548307,2,3c6ffae8,2012,2012,6,7,0,0,0,0
548309,2,7c503806,2012,2012,24,36,5,0,0,0
548315,1,ba607b88,2012,2012,6,13,1,0,0,0
548319,1,e938e1bc,2012,2012,24,19,17,3,0,0
548319,2,96fd40ae,2012,2012,18,22,7,0,0,0
548319,2,91ffa6c6,2012,2012,12,12,5,0,0,0
548333,1,8ba8195d,2012,2012,6,9,3,0,0,0
548333,1,662c47a6,2012,2012,6,10,1,2,0,0
548335,1,3c6ffae8,2012,2012,12,19,1,0,0,0
548335,2,2e8994e7,2012,2012,0,1,0,1,0,0
548337,2,b552a935,2012,2012,12,14,5,1,0,0
548339,1,26ff4c29,2012,2012,6,3,3,0,0,0
548350,2,3ae3f034,2012,2012,6,14,2,0,0,0
548354,1,e938e1bc,2012,2012,24,32,7,1,0,0
548362,1,f842c2cf,2012,2012,6,5,4,0,0,0
548363,2,8b5b6769,2012,2012,6,7,3,0,0,0
548365,1,91ffa6c6,2012,2012,6,15,2,0,0,0
548374,1,5fa06777,2012,2012,24,25,12,0,0,0
548375,1,ef5da05c,2012,2012,12,11,5,0,0,0
548376,1,5bdcdb72,2012,2012,6,6,1,1,0,0
597998,2,cc1e8c68,2013,2013,18,23,6,2,0,0
598001,2,76388dc8,2013,2013,24,34,7,1,0,0
598003,2,3d8feaf8,2013,2013,20,24,7,1,1,0
598007,2,e938e1bc,2013,2013,14,18,8,1,0,0
598012,2,2a2e6343,2013,2013,12,13,6,0,1,0
598014,1,bd17b45f,2013,2013,6,4,2,0,0,0
598016,2,98ae73b1,2013,2013,18,28,1,0,0,0
598023,2,6b8eb6e5,2013,2013,6,9,3,0,0,0
598029,2,b2b50355,2013,2013,24,24,7,0,0,0
598033,2,a757b0d8,2013,2013,12,19,2,0,0,0
598038,2,495d42a5,2013,2013,12,20,5,0,0,0
1082592,2,462411b3,2017,2017,24,29,6,0,0,0
1082594,2,e087956b,2017,2017,24,32,10,1,0,0
1082598,2,85aae393,2017,2017,12,19,3,1,0,0
1082601,2,5bb1a1c4,2017,2017,12,16,6,2,0,0
1082608,1,8d2c70ad,2017,2017,18,29,4,0,0,0
1082613,1,fe93fd9d,2017,2017,24,31,4,0,0,0
1082620,1,4c5d73db,2017,2017,18,38,3,1,0,0
1082622,1,94d7f855,2017,2017,6,15,0,0,0,0
1082622,2,fb66ce1f,2017,2017,18,39,3,0,0,0
1082623,2,32198ae0,2017,2017,18,39,2,0,0,0
1082629,2,f18ba07f,2017,2017,24,16,12,1,0,0
1082630,1,81049310,2017,2017,24,26,11,0,0,0
1082641,2,e84ac20c,2017,2017,12,40,2,1,0,0
1082649,1,5b8c830e,2017,2017,18,25,5,0,0,0
1136562,2,8cf9814c,2018,2018,12,26,3,0,0,0
1136563,1,8d2c70ad,2018,2018,18,33,4,5,0,0
1136563,2,57ee1fde,2018,2018,18,29,6,1,0,0
1136563,2,fa2f1dde,2018,2018,23,34,4,4,0,0
1136566,1,39a2dfa8,2018,2018,24,29,6,1,0,0
1136575,2,d2a989fc,2018,2018,12,20,5,0,0,0
1136578,1,1c914163,2018,2018,6,13,0,0,0,0
1136581,2,a9fd84fb,2018,2018,12,15,3,0,0,0
1136585,2,62af8546,2018,2018,12,24,4,0,0,0
1136586,1,f5180fe6,2018,2018,24,42,9,0,0,0
1136587,2,acee4cc4,2018,2018,16,26,4,1,0,0
1136589,2,13c35c9e,2018,2018,24,34,7,2,0,0
1136592,2,9d80c5e1,2018,2018,6,13,0,0,0,0
1136594,1,2e8994e7,2018,2018,6,8,1,0,0,0
1136594,2,db31895a,2018,2018,18,31,8,0,0,0
1136597,1,8d2c70ad,2018,2018,12,17,4,0,0,0
1136604,1,7d92277a,2018,2018,14,28,4,0,0,0
1136605,2,1cb14aa4,2018,2018,18,34,7,1,0,0
1136606,2,2e81a32d,2018,2018,24,38,8,0,0,0
1136606,2,dcf81436,2018,2018,18,40,3,0,0,0
1136610,2,5b8c830e,2018,2018,24,36,3,0,0,0
1136615,1,2e11c706,2018,2018,24,36,4,1,0,0
1136618,2,99ed60f8,2018,2018,6,13,1,0,0,0
1175372,1,bbd41817,2019,2019,6,16,0,0,0,0
1178397,2,62af8546,2019,2019,23,42,5,0,0,0
1178399,2,a316d663,2019,2019,24,34,6,7,0,0
1178403,1,cc1e8c68,2019,2019,24,42,7,2,0,0
1178408,1,ce820073,2019,2019,24,33,6,2,0,0
1178410,2,2f49c897,2019,2019,24,38,13,7,0,0
1178421,2,b410bd3d,2019,2019,18,36,1,0,0,0
1178423,2,f29185a1,2019,2019,6,11,0,0,1,0
1178428,2,c6097d68,2019,2019,6,13,2,0,0,0
1178431,1,5b8c830e,2019,2019,24,14,11,1,0,0
1178431,2,bbd41817,2019,2019,13,34,3,0,0,0
1216495,2,d2a989fc,2020/21,2021,18,22,6,2,0,0
1216495,2,56ab442f,2020/21,2021,24,27,12,1,0,0
1216506,2,8cf9814c,2020/21,2021,24,29,11,5,0,0
1216506,2,df064e1a,2020/21,2021,24,39,5,1,0,0
1216509,2,fe93fd9d,2020/21,2021,11,35,0,1,0,0
1216510,1,cc1e8c68,2020/21,2021,18,35,6,1,1,0
1216511,1,db31895a,2020/21,2021,18,42,5,1,1,0
1216514,2,e86754b2,2020/21,2021,19,40,3,0,0,0
1216516,2,f29185a1,2020/21,2021,6,4,2,0,0,0
1216518,2,db31895a,2020/21,2021,6,11,4,1,0,0
1216521,2,23eeb873,2020/21,2021,24,34,11,0,0,0
1216540,1,b4f5c2d9,2020/21,2021,24,36,4,0,0,0
1216541,1,db31895a,2020/21,2021,24,60,6,4,0,0
1216541,1,39a2dfa8,2020/21,2021,24,25,8,0,0,0
1237178,2,f19ccfad,2020/21,2021,12,21,4,0,1,0
1254064,2,e86754b2,2021,2021,22,35,6,1,0,0
1254067,1,8b5b6769,2021,2021,24,38,10,1,1,0
1254069,1,1e66c162,2021,2021,24,40,7,0,0,0
1254073,2,0a8fce53,2021,2021,21,34,7,5,0,0
1254075,2,ded9240e,2021,2021,23,36,4,1,0,0
1254078,1,bbd41817,2021,2021,6,2,4,0,0,0
1254079,2,caf69bf7,2021,2021,12,15,4,0,0,0
1254094,1,c05edf8e,2021,2021,24,22,12,3,0,0
1254094,2,87e562a9,2021,2021,12,32,0,2,0,0
1254096,2,350bb1b1,2021,2021,18,29,6,1,0,0
1254096,2,740742ef,2021,2021,1,4,0,0,0,0
1254098,1,23eeb873,2021,2021,24,32,8,1,0,0
1254099,2,6a26221c,2021,2021,18,18,5,1,0,0
1254101,1,be869ccf,2021,2021,18,20,5,0,1,0
1254101,2,e62dd25d,2021,2021,24,37,4,0,0,0
1254101,2,495d42a5,2021,2021,6,11,1,0,0,0
1254104,1,2ed569a0,2021,2021,24,22,10,0,0,0
1254107,1,a2f46292,2021,2021,18,22,4,1,0,0
1254115,2,2a2e6343,2021,2021,10,29,1,2,0,0
1304047,1,c38d3503,2022,2022,24,35,12,1,1,0
1304047,2,350bb1b1,2022,2022,15,19,9,0,0,0
1304048,1,ad427b5c,2022,2022,12,15,2,0,0,0
1304048,2,462411b3,2022,2022,20,43,4,0,0,0
1304049,1,c05edf8e,2022,2022,18,38,5,2,0,0
1304050,1,2f9d0389,2022,2022,24,24,11,1,0,0
1304050,1,dbe50b21,2022,2022,24,37,10,0,0,0
1304051,1,f29185a1,2022,2022,6,15,1,0,0,0
1304051,2,495d42a5,2022,2022,24,21,8,0,0,0
1304053,2,765a4731,2022,2022,21,39,8,3,0,0
1304062,1,39a2dfa8,2022,2022,6,24,0,0,0,0
1304065,2,2e171977,2022,2022,18,32,3,0,0,0
1304066,1,327b58d3,2022,2022,24,22,13,2,0,0
1304066,1,df064e1a,2022,2022,24,29,7,3,0,0
1304067,1,6a26221c,2022,2022,6,9,2,0,0,0
1304069,2,2ed569a0,2022,2022,24,44,6,0,0,0
1304071,2,378daa89,2022,2022,6,13,1,0,0,0
1304073,2,b681e71e,2022,2022,12,14,4,0,0,0
1304076,2,a818c1be,2022,2022,24,48,7,0,0,0
1304078,2,7c3b3b78,2022,2022,12,31,2,0,0,0
1304086,1,5f547c8b,2022,2022,24,45,2,0,0,0
1304089,2,2f49c897,2022,2022,24,35,10,2,0,0
1304096,1,5d2eea49,2022,2022,24,37,10,1,1,0
1304097,2,64775749,2022,2022,24,32,7,1,0,0
1304100,1,f29185a1,2022,2022,12,13,2,0,0,0
1304102,1,64775749,2022,2022,18,35,5,5,0,0
1304104,1,2e171977,2022,2022,12,25,5,0,0,0
1304105,2,87e562a9,2022,2022,12,16,3,1,0,0
1304113,1,f986ca1a,2022,2022,6,6,3,0,0,0
1304116,1,50c6bc2b,2022,2022,24,25,8,0,0,0
1359481,1,dbe50b21,2023,2023,18,18,5,0,0,0
1359481,2,2cffab74,2023,2023,24,42,8,1,0,0
1359487,1,5b7ab5a9,2023,2023,12,27,1,5,0,0
1359498,2,fe93fd9d,2023,2023,24,37,3,0,0,0
1359500,2,6b19d823,2023,2023,12,15,2,0,0,0
1359503,2,a457cfb5,2023,2023,18,21,5,0,0,0
1359521,2,9d430b40,2023,2023,12,16,1,0,0,0
1359523,2,5574750c,2023,2023,24,24,10,1,0,0
1359524,2,2f49c897,2023,2023,12,28,3,1,0,0
1359530,2,5b7ab5a9,2023,2023,18,28,10,1,0,0
1359531,2,eaa76d3c,2023,2023,6,13,3,0,0,0
1359532,2,ce794613,2023,2023,24,31,8,0,0,0
1359538,1,2ed569a0,2023,2023,24,35,7,0,0,0
1359541,1,ad427b5c,2023,2023,12,32,1,2,0,0
1359541,1,2e171977,2023,2023,18,32,3,0,0,0
1359542,1,9440ef41,2023,2023,6,12,2,0,0,0
1359542,1,bbd41817,2023,2023,6,12,1,0,0,0
1422123,1,65b6943c,2024,2024,12,25,3,1,1,0
1422123,2,5f547c8b,2024,2024,24,23,11,0,0,0
1422124,1,eaa76d3c,2024,2024,12,19,3,1,0,0
1422128,1,3fb19989,2024,2024,24,47,7,1,0,0
1422130,2,1e66c162,2024,2024,19,33,5,0,0,0
1422131,2,3d8feaf8,2024,2024,6,14,0,1,0,0
1422132,1,495d42a5,2024,2024,24,27,6,1,0,0
1422135,1,244048f6,2024,2024,24,33,5,0,0,0
1426266,2,4b31f3a3,2024,2024,12,25,3,1,0,0
1426267,2,fe93fd9d,2024,2024,24,37,8,0,0,0
1426268,2,f9e6e7ef,2024,2024,6,18,1,0,0,0
1426271,1,c05edf8e,2024,2024,18,21,3,0,0,0
1426275,2,c05edf8e,2024,2024,24,35,7,0,0,0
1426286,1,73ad96ed,2024,2024,12,13,3,0,0,0
1426287,2,0a8fce53,2024,2024,24,22,14,5,0,0
1426288,2,aad0c365,2024,2024,6,12,1,2,0,0
1426297,2,5d2eea49,2024,2024,24,51,4,2,0,0
598040,2,b2b50355,2013,2013,24,35,5,0,0,1
598044,1,119678fd,2013,2013,12,9,5,0,0,1
598046,1,87e562a9,2013,2013,18,19,7,1,0,1
598050,1,c654af19,2013,2013,24,60,7,6,0,2
598054,2,1e66c162,2013,2013,24,25,13,1,0,5
598056,2,c03c6200,2013,2013,24,22,11,0,0,4
598057,1,4c4fa80b,2013,2013,24,18,10,0,0,1
598057,1,86dc8f2e,2013,2013,24,17,10,0,0,2
598058,2,87e562a9,2013,2013,18,35,7,0,0,1
598061,1,b2b50355,2013,2013,24,41,9,0,0,1
598062,2,759ac88f,2013,2013,24,22,15,1,0,2
598064,1,ae78bc32,2013,2013,24,41,9,0,0,2
598066,2,9a158001,2013,2013,24,24,11,0,0,2
598069,1,8fd1a8f5,2013,2013,24,24,13,5,0,2
598070,2,759ac88f,2013,2013,22,32,12,0,0,2
598071,2,8fd1a8f5,2013,2013,24,23,15,4,0,1
729283,1,2e171977,2014,2014,24,34,9,7,0,1
729291,1,f5180fe6,2014,2014,24,29,11,0,1,1
729295,2,2e171977,2014,2014,24,20,10,0,0,2
729299,2,9d430b40,2014,2014,24,17,14,0,0,1
729305,1,bd17b45f,2014,2014,6,1,5,0,0,1
729307,1,9d430b40,2014,2014,24,24,11,0,0,3
729311,1,35205dfc,2014,2014,12,11,4,0,0,1
729313,2,0a3d54b9,2014,2014,23,29,9,1,1,2
733975,1,808f425a,2014,2014,24,26,8,0,0,2
733987,2,f5180fe6,2014,2014,24,37,9,0,0,2
733991,2,ce820073,2014,2014,24,25,15,0,0,3
733991,2,2e171977,2014,2014,24,22,7,0,0,1
733997,1,cc1e8c68,2014,2014,24,34,4,1,0,1
734005,1,de4b0555,2014,2014,24,41,9,1,2,1
734007,1,26a85969,2014,2014,24,42,5,7,0,2
734009,1,7dc35884,2014,2014,24,21,13,0,0,1
734019,2,acee4cc4,2014,2014,24,22,11,2,0,3
734019,2,2e8994e7,2014,2014,24,27,7,2,0,2
734025,1,e938e1bc,2014,2014,24,20,16,1,0,1
734043,1,f5180fe6,2014,2014,24,31,10,2,0,2
734043,2,7dc35884,2014,2014,24,43,7,0,0,1
734049,2,1647bd37,2014,2014,24,54,9,3,0,4
829711,1,a818c1be,2015,2015,24,34,11,1,0,1
829717,1,8b5b6769,2015,2015,24,20,9,0,0,2
829729,2,a757b0d8,2015,2015,10,26,2,2,1,1
829735,2,fe93fd9d,2015,2015,24,29,7,0,0,1
829741,2,73ad96ed,2015,2015,18,35,3,0,0,1
829743,1,cc1e8c68,2015,2015,24,40,8,0,1,1
829743,1,bbd41817,2015,2015,6,6,4,0,0,1
829745,1,aa8d28ae,2015,2015,24,46,7,1,0,1
829751,2,51a3c5ef,2015,2015,24,20,13,1,0,3
829753,2,fe93fd9d,2015,2015,24,22,9,0,0,3
829771,1,3fb19989,2015,2015,12,15,4,3,1,1
829771,2,bbd41817,2015,2015,10,22,1,1,0,1
829779,2,96fd40ae,2015,2015,24,19,13,1,0,3
829785,1,2e171977,2015,2015,24,50,9,2,0,1
829785,2,957532de,2015,2015,24,27,14,0,0,4
829793,2,9170ff49,2015,2015,24,20,9,0,0,1
829799,2,2e81a32d,2015,2015,24,34,10,0,0,1
829801,1,91a4a398,2015,2015,24,9,18,0,0,2
829801,1,1558d83b,2015,2015,24,33,4,0,0,1
829803,2,ce820073,2015,2015,12,20,5,2,0,1
829805,1,7dc35884,2015,2015,24,22,12,1,0,2
829809,2,ce820073,2015,2015,12,9,7,0,0,1
829817,1,96fd40ae,2015,2015,24,28,15,2,1,1
829817,2,51a3c5ef,2015,2015,18,46,5,3,0,1
829817,2,4125d931,2015,2015,12,18,5,0,0,1
829819,2,aa8d28ae,2015,2015,24,32,8,1,0,2
829821,2,aa8d28ae,2015,2015,24,30,5,2,0,1
829823,1,87e562a9,2015,2015,24,36,7,0,0,2
980907,2,350bb1b1,2016,2016,24,43,7,5,0,1
980907,2,57ee1fde,2016,2016,24,43,12,2,0,2
980913,1,fb66ce1f,2016,2016,24,19,12,1,0,1
980917,2,5b8c830e,2016,2016,24,20,8,0,0,1
980919,2,24d94623,2016,2016,24,27,8,2,0,1
980921,1,8cf9814c,2016,2016,24,34,6,1,0,2
980931,2,a03bba42,2016,2016,24,36,6,0,0,1
980935,1,0a8fce53,2016,2016,24,9,17,0,0,2
980937,2,a03bba42,2016,2016,24,21,9,0,0,1
980941,1,f5180fe6,2016,2016,24,43,8,0,1,1
980943,2,32198ae0,2016,2016,12,16,5,0,0,1
980945,1,fb66ce1f,2016,2016,24,35,7,1,0,2
980949,2,66b30f71,2016,2016,24,40,8,3,0,2
980953,1,4329fbb5,2016,2016,24,33,5,1,0,1
980957,2,495d42a5,2016,2016,18,21,6,0,0,1
980961,1,fb66ce1f,2016,2016,24,32,8,1,0,1
980969,2,14f96089,2016,2016,24,35,7,0,0,2
980975,2,98ae73b1,2016,2016,24,30,11,0,0,1
980981,2,957532de,2016,2016,24,23,10,0,0,1
980981,2,0a3d54b9,2016,2016,22,37,9,3,1,2
981013,1,57ee1fde,2016,2016,24,42,6,0,0,1
1426306,1,e4a0deae,2024,2024,24,23,10,0,0,1
1426307,2,f986ca1a,2024,2024,24,49,6,2,1,2
1426311,1,ce820073,2024,2024,24,25,9,1,0,2
1473439,1,f24c6701,2025,2025,24,52,8,3,2,2
1473440,1,9eb1455b,2025,2025,24,38,5,1,0,1
1473443,1,5b7ab5a9,2025,2025,24,17,13,0,0,2
1473444,1,80b2fb19,2025,2025,24,29,7,4,0,1
1473444,2,14f96089,2025,2025,24,46,3,1,0,1
1473445,1,495d42a5,2025,2025,12,22,3,1,0,1
1473445,1,efc04be7,2025,2025,24,36,7,1,0,3
1473447,1,3fb19989,2025,2025,22,35,12,5,1,5
1473448,2,ce820073,2025,2025,24,42,2,1,0,1
1473450,1,57ee1fde,2025,2025,24,36,8,0,0,1
1473452,1,f986ca1a,2025,2025,24,43,6,2,0,1
1473453,2,eef2536f,2025,2025,24,40,8,1,0,1
1473454,1,64839cb3,2025,2025,24,31,4,4,0,1
1473455,1,2f9d0389,2025,2025,24,37,10,3,0,2
1473455,2,f6d8a7ab,2025,2025,12,21,4,0,0,1
1473458,2,2e81a32d,2025,2025,24,48,9,1,0,1
1473461,2,9440ef41,2025,2025,24,25,12,0,0,1
1473466,2,119678fd,2025,2025,24,36,7,1,0,3
1473467,1,a2f46292,2025,2025,24,38,12,0,0,1
1473467,2,6a26221c,2025,2025,24,25,6,0,0,1
1473470,1,9caf69a1,2025,2025,18,14,9,2,0,2
1473474,1,c5aef772,2025,2025,12,18,3,1,0,1
1473474,2,c05edf8e,2025,2025,24,27,6,0,0,1
1473477,1,3fb19989,2025,2025,24,25,9,0,0,1
1473484,2,5f547c8b,2025,2025,24,24,9,0,0,1
1473488,1,ded9240e,2025,2025,24,40,6,1,0,1
1473490,2,77b1aa15,2025,2025,24,41,9,2,1,2
1473493,2,462411b3,2025,2025,24,19,15,1,0,2
1473495,1,ce794613,2025,2025,7,4,4,0,0,1
1473504,1,85e0cf10,2025,2025,24,22,13,2,0,2
1473508,1,2e81a32d,2025,2025,12,17,5,0,0,1
1473508,1,9440ef41,2025,2025,18,17,10,5,0,3
1473509,1,c7a995d3,2025,2025,24,42,6,0,0,2
1473509,2,e4a0deae,2025,2025,6,10,2,0,0,1
1485779,2,81c36ee9,2025,2025,24,41,7,1,1,1
1527679,1,449f4e3c,2026,2026,24,41,6,2,0,4
1527679,2,5750bcb4,2026,2026,12,14,5,5,0,2
1527679,2,aad0c365,2026,2026,12,17,5,0,0,2
1527688,1,eef2536f,2026,2026,24,44,9,1,0,1
1527693,1,e4a0deae,2026,2026,24,43,9,1,0,1
1529267,1,244048f6,2026,2026,24,22,13,1,0,3
1529271,2,df064e1a,2026,2026,24,41,4,4,0,1
1529276,2,cc61ee8f,2026,2026,12,7,6,0,0,1
1529281,2,7c3b3b78,2026,2026,24,24,11,1,0,2
1529283,1,02dfebbe,2026,2026,24,41,6,0,0,2
1529287,1,efc04be7,2026,2026,24,26,8,0,0,2
1529287,2,9ca68676,2026,2026,24,40,9,0,0,1
1529288,1,e4cdf230,2026,2026,6,8,3,0,0,1
1529290,1,172dff15,2026,2026,12,20,5,1,1,2
1529290,2,c33d8116,2026,2026,24,47,8,1,0,1
1529292,1,57ee1fde,2026,2026,24,32,3,1,0,1
1529294,1,5d2eea49,2026,2026,24,25,10,0,0,2
1529296,2,f9e6e7ef,2026,2026,18,30,3,0,0,2
1529298,2,d9273ee7,2026,2026,18,44,3,2,0,1
1529299,2,e62dd25d,2026,2026,24,28,13,0,0,3
1529300,2,9d430b40,2026,2026,24,31,7,0,0,1
1529302,1,b483905d,2026,2026,24,26,11,1,0,3
1529302,1,f9e6e7ef,2026,2026,24,45,5,0,0,1
1529305,1,fb5f69e4,2026,2026,24,27,8,4,0,2
1529306,1,ece7b6b3,2026,2026,18,37,8,3,0,1
1529306,2,765a4731,2026,2026,24,36,9,3,0,2
1529313,2,2e171977,2026,2026,24,38,8,0,0,1
1535462,2,b8527c3d,2026,2026,18,24,10,3,1,2
335982,2,5bb1a1c4,2007/08,2008,18,7,10,1,0,1
335983,2,4ba44e19,2007/08,2008,24,33,5,2,0,1
335987,2,2498e163,2007/08,2008,24,33,10,1,0,1
335989,2,6ad3a659,2007/08,2008,24,57,6,0,0,1
335991,1,96fd40ae,2007/08,2008,18,22,7,0,0,2
335991,2,5fa06777,2007/08,2008,24,19,15,2,0,2
335994,1,0604ef16,2007/08,2008,24,34,8,0,0,2
335995,1,1c914163,2007/08,2008,12,11,5,1,0,1
335999,1,890de8cb,2007/08,2008,24,37,10,0,0,1
335999,2,94bc776b,2007/08,2008,18,34,4,2,0,1
336001,1,93a17209,2007/08,2008,24,31,13,0,2,1
336001,2,ae78bc32,2007/08,2008,24,39,8,1,0,1
336003,2,890de8cb,2007/08,2008,24,43,6,0,0,1
336007,1,c3d1402f,2007/08,2008,18,12,10,2,0,2
336010,2,5bb1a1c4,2007/08,2008,24,25,10,0,0,1
336013,1,034b4b7d,2007/08,2008,24,35,9,1,1,1
336017,1,9fc0ef64,2007/08,2008,24,29,11,3,0,1
336022,2,6b19d823,2007/08,2008,12,21,2,0,0,1
336023,2,bb18be76,2007/08,2008,24,23,9,0,0,3
336026,1,ab89348d,2007/08,2008,24,13,11,0,0,2
336028,1,facb9086,2007/08,2008,24,40,6,5,0,2
336029,2,e938e1bc,2007/08,2008,24,26,15,1,0,1
336031,1,890de8cb,2007/08,2008,18,33,5,0,0,1
336035,2,98ae73b1,2007/08,2008,24,36,8,0,0,2
336040,1,3c6ffae8,2007/08,2008,24,22,10,0,0,3
392181,1,3eac9d95,2009,2009,24,30,9,0,0,1
392183,1,93a17209,2009,2009,12,25,3,1,0,1
392185,1,e938e1bc,2009,2009,24,37,7,0,0,2
392185,2,ddc0828d,2009,2009,18,11,10,0,0,1
392188,1,91ffa6c6,2009,2009,18,29,8,1,0,1
392188,2,c3d1402f,2009,2009,24,17,13,0,0,2
392189,2,d7c6af50,2009,2009,24,29,8,0,0,2
392198,1,f0f628c7,2009,2009,24,14,12,0,1,2
392198,1,bb18be76,2009,2009,24,32,8,0,0,2
392198,2,6b19d823,2009,2009,25,34,9,0,1,3
392201,1,d7c6af50,2009,2009,18,23,6,2,0,1
392204,1,1c914163,2009,2009,24,22,13,1,0,3
392205,1,fe93fd9d,2009,2009,24,22,8,3,0,1
392209,2,c24a2c5d,2009,2009,12,9,9,1,0,1
392211,1,9fc0ef64,2009,2009,24,29,11,0,1,2
392214,1,98ae73b1,2009,2009,18,28,10,0,0,1
392217,2,3d7e087f,2009,2009,18,23,7,1,0,1
392222,1,d2a989fc,2009,2009,18,24,7,0,0,1
392223,1,6c6591ab,2009,2009,24,26,8,1,0,2
392237,1,bd77eb62,2009,2009,18,20,9,0,0,1
419108,1,ab89348d,2009/10,2010,24,37,11,2,0,2
419109,2,05c2ca46,2009/10,2010,24,27,8,3,0,2
419112,2,c18496e1,2009/10,2010,18,37,5,0,0,1
419114,2,a757b0d8,2009/10,2010,24,24,10,1,0,1
419115,1,0c2730df,2009/10,2010,23,9,13,0,0,3
419116,1,9f961c14,2009/10,2010,24,43,9,0,1,1
419117,2,d7b3a420,2009/10,2010,6,12,3,0,0,1
419118,1,66b30f71,2009/10,2010,24,28,10,0,0,2
419120,1,662c47a6,2009/10,2010,18,28,7,0,0,1
419120,1,fb693839,2009/10,2010,12,20,5,0,0,1
419120,2,5d9a1a73,2009/10,2010,24,42,4,0,0,2
419125,1,c654af19,2009/10,2010,24,23,11,3,0,1
419134,1,287686fd,2009/10,2010,24,36,10,1,0,3
419135,1,bd77eb62,2009/10,2010,24,26,11,0,0,2
419135,2,db584dad,2009/10,2010,6,9,2,0,0,1
419139,1,5fa06777,2009/10,2010,24,36,7,1,0,1
419142,2,495d42a5,2009/10,2010,24,22,10,2,0,2
419145,2,41eb4a4f,2009/10,2010,20,39,2,0,0,1
419146,1,5fa06777,2009/10,2010,24,29,9,0,0,3
419146,2,2e8994e7,2009/10,2010,18,15,8,0,0,1
419152,1,9fc0ef64,2009/10,2010,24,35,11,2,2,2
419153,1,1dc12ab9,2009/10,2010,12,18,4,0,0,1
419155,2,495d42a5,2009/10,2010,24,24,9,0,0,1
419156,1,5d9a1a73,2009/10,2010,18,18,8,1,0,1
419158,1,abfeb126,2009/10,2010,24,31,8,0,0,1
419164,1,0c2730df,2009/10,2010,21,16,13,0,0,4
501207,2,fe93fd9d,2011,2011,24,28,8,1,0,1
501207,2,b57f8a9a,2011,2011,12,14,6,1,0,2
501208,1,ce4cc4d5,2011,2011,18,34,3,0,0,1
501210,1,b2570b38,2011,2011,18,29,6,1,0,1
501210,2,a12e1d51,2011,2011,24,42,11,3,0,2
501214,1,dd09ff8e,2011,2011,14,12,6,0,1,1
501216,2,6c6591ab,2011,2011,18,21,5,0,0,1
501221,2,a757b0d8,2011,2011,24,30,9,2,1,1
501223,1,e938e1bc,2011,2011,24,45,6,3,0,1
501225,1,3d7e087f,2011,2011,24,19,11,0,0,3
501226,2,c3d35165,2011,2011,24,29,11,1,2,3
501227,1,957532de,2011,2011,24,30,9,1,0,1
501230,1,cc1e8c68,2011,2011,24,29,10,1,0,2
501230,1,2498e163,2011,2011,24,25,5,3,0,1
501230,2,1e66c162,2011,2011,24,24,13,0,0,1
501232,1,4180d897,2011,2011,24,44,9,1,0,1
501234,1,85aae393,2011,2011,24,19,14,0,0,2
501237,1,c18496e1,2011,2011,24,22,11,2,0,1
501238,1,0c432afb,2011,2011,24,29,14,0,0,2
501238,2,5bb5a915,2011,2011,18,29,7,2,1,1
501241,1,4180d897,2011,2011,24,34,7,0,0,2
501242,1,3c6ffae8,2011,2011,18,16,6,1,0,1
501251,2,12eddf28,2011,2011,12,13,5,0,0,1
501253,1,fa463154,2011,2011,24,49,7,0,0,1
501256,1,8b5b6769,2011,2011,24,26,9,0,0,1
501258,2,3eac9d95,2011,2011,12,32,2,0,0,1
501265,1,808f425a,2011,2011,12,9,7,0,0,1
501267,1,cf73ad76,2011,2011,24,35,7,0,0,2
501268,2,91a4a398,2011,2011,24,31,15,2,0,2
548310,1,9d80c5e1,2012,2012,24,26,8,0,0,1
548317,1,29d72eb2,2012,2012,24,41,8,0,0,1
548319,1,98ae73b1,2012,2012,24,23,8,0,0,1
548320,1,7dc35884,2012,2012,24,17,11,0,0,3
548321,1,cc1e8c68,2012,2012,18,33,4,2,1,1
548322,1,5d9a1a73,2012,2012,18,16,5,0,0,2
548323,1,9d430b40,2012,2012,24,19,13,1,0,5
548324,2,3d7e087f,2012,2012,24,25,8,2,0,4
548330,1,96fd40ae,2012,2012,24,23,8,0,0,2
548331,2,98ae73b1,2012,2012,24,21,9,0,0,1
548332,1,45c2196c,2012,2012,24,31,11,1,0,1
548335,2,d2340a43,2012,2012,12,11,4,1,0,1
548336,1,e32d22f6,2012,2012,24,32,11,0,0,1
548342,2,5bb5a915,2012,2012,24,21,10,1,0,1
548344,2,b1451597,2012,2012,6,5,4,0,0,1
548348,1,3a60e0b5,2012,2012,24,25,11,0,0,1
548348,2,24d94623,2012,2012,12,9,5,0,0,1
548352,1,2815fe50,2012,2012,18,13,8,0,0,1
548354,1,98ae73b1,2012,2012,24,38,8,0,0,2
548362,2,41eb4a4f,2012,2012,24,32,8,0,0,3
548363,1,7dc35884,2012,2012,24,27,12,0,0,1
548364,1,f3171936,2012,2012,24,27,14,2,0,3
548365,1,896d78ad,2012,2012,24,29,9,0,0,1
548365,2,4329fbb5,2012,2012,18,19,8,1,0,2
548369,2,98ae73b1,2012,2012,24,33,10,0,0,1
548370,1,f0f628c7,2012,2012,24,17,13,0,0,1
548379,1,cf73ad76,2012,2012,6,12,2,0,0,1
597998,1,dd09ff8e,2013,2013,24,40,9,1,0,2
598005,1,dd09ff8e,2013,2013,24,20,14,1,0,1
598005,1,b1451597,2013,2013,12,14,5,0,0,1
598005,2,3d7e087f,2013,2013,24,23,12,0,0,3
598006,1,96fd40ae,2013,2013,24,49,6,0,0,2
598009,1,2e81a32d,2013,2013,24,41,9,2,1,1
598013,2,4c4fa80b,2013,2013,24,18,6,1,0,1
598014,2,98ae73b1,2013,2013,20,22,5,0,0,1
598018,1,5d9a1a73,2013,2013,24,21,12,0,0,2
598019,2,3d7e087f,2013,2013,24,17,14,0,0,1
598022,1,495d42a5,2013,2013,24,21,14,0,0,2
598023,1,abfeb126,2013,2013,24,35,8,0,0,1
598025,1,1a0c3177,2013,2013,24,38,12,1,0,1
598027,2,1e66c162,2013,2013,24,37,6,0,0,2
598029,1,f5180fe6,2013,2013,24,26,13,1,0,2
598032,2,8fd1a8f5,2013,2013,24,15,16,1,0,1
598037,1,ae78bc32,2013,2013,24,43,8,1,1,1
598039,1,6b19d823,2013,2013,24,24,10,0,0,2
1082591,1,245c97cb,2017,2017,24,31,10,2,0,1
1082591,2,96fd40ae,2017,2017,24,42,8,1,0,2
1082591,2,2e81a32d,2017,2017,24,27,11,1,0,2
1082592,1,14f96089,2017,2017,18,26,4,1,0,1
1082595,1,ded9240e,2017,2017,24,29,9,1,0,1
1082599,1,14f96089,2017,2017,24,45,8,0,0,1
1082599,2,fb66ce1f,2017,2017,12,19,5,1,0,1
1082600,1,dbe50b21,2017,2017,18,22,8,3,0,1
1082601,2,0a3d54b9,2017,2017,12,23,4,2,0,1
1082602,1,5b8c830e,2017,2017,24,21,8,0,0,1
1082602,2,bd17b45f,2017,2017,12,14,3,1,0,1
1082603,1,fe93fd9d,2017,2017,24,40,3,0,0,1
1082603,1,35205dfc,2017,2017,12,10,6,0,0,1
1082605,2,fb66ce1f,2017,2017,24,23,8,1,0,3
1082605,2,ded9240e,2017,2017,24,23,9,0,0,2
1082605,2,6b19d823,2017,2017,18,16,9,0,0,1
1082605,2,8abdf100,2017,2017,18,23,3,0,0,1
1082608,1,56ab442f,2017,2017,24,22,12,1,0,3
1082615,2,c18496e1,2017,2017,24,30,9,0,0,1
1082616,1,fe93fd9d,2017,2017,24,32,6,0,0,1
1082617,2,cc1e8c68,2017,2017,18,15,11,0,0,1
1082618,1,f5180fe6,2017,2017,24,34,9,1,0,1
1082620,1,cc1e8c68,2017,2017,18,28,7,4,0,1
1082621,1,f18ba07f,2017,2017,18,28,6,1,0,1
1082623,2,2e81a32d,2017,2017,24,27,7,0,0,2
1082625,2,f18ba07f,2017,2017,24,16,13,1,0,1
1082628,2,18e6906e,2017,2017,24,32,9,1,0,1
1082629,1,1abb78f8,2017,2017,18,25,4,1,0,1
1082635,1,8abdf100,2017,2017,12,29,1,2,0,1
1082635,2,a12e1d51,2017,2017,12,5,9,0,0,2
1082637,1,9fc0ef64,2017,2017,18,28,8,0,0,1
1082638,2,a12e1d51,2017,2017,24,34,5,1,0,1
1082642,1,14f96089,2017,2017,24,29,9,1,0,1
1082642,2,ded9240e,2017,2017,24,31,11,1,0,1
1082645,1,1abb78f8,2017,2017,24,19,16,2,0,3
1082645,1,14f96089,2017,2017,23,22,8,0,0,2
1082647,1,119678fd,2017,2017,24,30,10,0,0,1
1082650,1,14f96089,2017,2017,24,32,7,1,0,2
1136561,2,51a3c5ef,2018,2018,24,44,5,1,0,1
1136562,1,7d92277a,2018,2018,24,28,9,1,0,2
1136564,1,2e81a32d,2018,2018,24,30,10,3,0,1
1136564,1,dcf81436,2018,2018,24,17,10,1,0,2
1136569,1,8cf9814c,2018,2018,24,36,10,0,0,1
1136569,2,0a8fce53,2018,2018,24,25,10,0,0,1
1136571,2,90de905a,2018,2018,24,36,8,0,0,1
1136572,1,acee4cc4,2018,2018,24,34,11,0,0,2
1136573,2,8d2c70ad,2018,2018,20,32,6,0,0,3
1136574,2,462411b3,2018,2018,24,28,11,1,0,2
1136577,1,7a8bd078,2018,2018,24,20,12,1,0,3
1136577,2,119678fd,2018,2018,9,13,2,0,0,2
1136580,2,87e562a9,2018,2018,18,37,5,0,0,1
1136583,1,dbe50b21,2018,2018,18,20,9,2,0,2
1136583,1,a9fd84fb,2018,2018,18,15,10,0,0,2
1136588,2,3c6ffae8,2018,2018,12,14,2,0,0,1
1136591,1,a9fd84fb,2018,2018,18,28,6,0,0,1
1136596,1,dcf81436,2018,2018,24,37,5,1,0,1
1136600,1,7d92277a,2018,2018,24,21,7,0,0,2
1136600,2,5574750c,2018,2018,24,32,8,0,0,1
1136604,1,d8b2f218,2018,2018,18,48,5,0,0,1
1136605,1,2f49c897,2018,2018,24,46,7,0,0,1
1136607,1,1e66c162,2018,2018,24,37,8,1,0,1
1136612,2,f986ca1a,2018,2018,24,23,9,0,0,1
1136617,2,5f547c8b,2018,2018,24,11,14,0,0,2
1136620,2,ce820073,2018,2018,24,52,8,2,0,1
1175365,2,8d2c70ad,2019,2019,24,41,6,0,0,2
1175367,2,1abb78f8,2019,2019,24,42,7,1,0,2
1175371,1,5f547c8b,2019,2019,24,18,12,0,0,1
1175371,2,5bb1a1c4,2019,2019,6,5,2,1,0,1
1175372,1,9d430b40,2019,2019,24,30,7,1,0,1
1178394,1,dcf81436,2019,2019,24,34,10,0,1,2
1178397,2,ce820073,2019,2019,24,21,9,0,0,2
1178399,2,e94915e6,2019,2019,24,54,7,1,0,1
1178400,2,1e66c162,2019,2019,18,23,8,0,0,1
1178403,2,495d42a5,2019,2019,24,30,3,1,0,1
1178409,2,dbe50b21,2019,2019,12,17,7,0,0,1
1178414,2,cc1e8c68,2019,2019,24,47,10,1,0,2
1178416,1,23eeb873,2019,2019,24,30,11,2,0,1
1178416,1,8b5b6769,2019,2019,24,39,9,0,0,2
1178416,2,ce820073,2019,2019,23,54,3,1,0,1
1178419,2,a12e1d51,2019,2019,22,37,8,0,0,4
1178420,2,5f547c8b,2019,2019,24,30,10,0,0,1
1178425,2,fe93fd9d,2019,2019,18,9,9,0,0,3
1178426,1,2e81a32d,2019,2019,24,29,10,1,0,1
1178427,2,7c7d63a2,2019,2019,18,41,4,2,0,1
1178428,1,a818c1be,2019,2019,24,27,10,3,0,2
1216493,2,759ac88f,2020/21,2021,24,45,7,0,1,1
1216494,1,f19ccfad,2020/21,2021,24,14,14,0,0,1
1216495,1,9d80c5e1,2020/21,2021,24,19,11,0,0,2
1216498,1,ce820073,2020/21,2021,24,29,10,1,0,2
1216498,1,0f721006,2020/21,2021,24,27,5,2,0,2
1216498,2,244048f6,2020/21,2021,23,23,9,1,0,3
1216499,1,462411b3,2020/21,2021,24,14,15,1,0,3
1216499,2,57ee1fde,2020/21,2021,24,37,8,0,0,2
1216500,1,39a2dfa8,2020/21,2021,24,20,10,1,0,1
1216502,1,5f547c8b,2020/21,2021,24,24,13,6,0,1
1216503,1,8cf9814c,2020/21,2021,24,36,9,2,0,1
1216504,1,db31895a,2020/21,2021,24,39,7,4,0,1
1216508,1,c38d3503,2020/21,2021,24,32,9,3,0,2
1216509,2,e94915e6,2020/21,2021,24,35,10,1,0,1
1216511,2,2ed569a0,2020/21,2021,18,24,6,1,0,1
1216512,1,0994d0ae,2020/21,2021,24,20,13,0,0,1
1216515,2,acdc62f5,2020/21,2021,24,33,9,0,0,3
1216518,1,0f721006,2020/21,2021,24,33,11,2,0,3
1216528,1,ce794613,2020/21,2021,24,41,6,1,0,2
1216528,2,e94915e6,2020/21,2021,18,18,11,0,0,1
1216530,1,5574750c,2020/21,2021,24,19,14,0,0,1
1216537,2,ffe699c0,2020/21,2021,21,44,5,2,0,1
1216539,2,e62dd25d,2020/21,2021,24,26,10,0,0,3
1216542,2,ce794613,2020/21,2021,23,24,10,1,0,2
1216545,1,5b7ab5a9,2020/21,2021,24,25,9,0,0,1
1216545,2,a2f46292,2020/21,2021,18,28,9,0,0,1
1237177,2,a818c1be,2020/21,2021,12,9,9,0,0,2
1237177,2,462411b3,2020/21,2021,24,14,17,1,0,4
1237177,2,5b8c830e,2020/21,2021,24,22,11,1,0,1
1237178,2,2f49c897,2020/21,2021,24,28,12,3,0,2
1254059,2,87e562a9,2021,2021,24,28,7,1,0,1
1254064,1,1e66c162,2021,2021,24,15,15,0,0,3
1254068,2,1ee08e9a,2021,2021,24,41,8,1,0,2
1254069,1,0a8fce53,2021,2021,24,37,9,2,1,1
1254073,1,f986ca1a,2021,2021,24,47,8,3,0,3
1254076,2,e94915e6,2021,2021,24,35,9,1,0,1
1254077,1,5f547c8b,2021,2021,24,31,7,0,0,1
1254078,2,32198ae0,2021,2021,6,5,4,0,0,1
1254082,1,ad427b5c,2021,2021,18,13,6,0,0,2
1254085,1,0994d0ae,2021,2021,18,42,4,5,0,1
1254087,1,85e0cf10,2021,2021,24,24,14,1,2,1
1254088,2,56ab442f,2021,2021,24,40,7,0,0,2
1254088,2,9219eff0,2021,2021,18,28,3,0,0,2
1254090,1,8cf9814c,2021,2021,24,39,6,0,0,3
1254093,1,56ab442f,2021,2021,24,14,16,0,0,4
1254095,1,f986ca1a,2021,2021,24,33,8,0,1,3
1254095,2,dcf81436,2021,2021,24,24,12,0,0,1
1254101,2,2e171977,2021,2021,24,39,8,0,0,1
1254102,1,244048f6,2021,2021,24,32,8,2,0,3
1254107,1,2e81a32d,2021,2021,24,34,9,1,0,1
1254107,2,df064e1a,2021,2021,24,24,9,1,0,3
1254108,2,57ee1fde,2021,2021,24,11,16,0,0,3
1254110,1,acdc62f5,2021,2021,24,37,7,6,0,1
1254112,2,81049310,2021,2021,24,31,9,1,0,1
1304047,2,e4a0deae,2022,2022,24,31,5,0,0,1
1304055,1,245c97cb,2022,2022,24,35,10,0,0,3
1304056,2,2f9d0389,2022,2022,24,28,11,1,0,4
1304059,2,21d4e29b,2022,2022,18,36,1,1,0,1
1304060,2,caf69bf7,2022,2022,18,50,4,0,1,1
1304061,2,ad427b5c,2022,2022,24,21,9,0,0,1
1304061,2,1abb78f8,2022,2022,22,29,9,0,0,1
1304066,2,2e78f685,2022,2022,24,35,8,0,0,1
1304071,1,4125d931,2022,2022,18,32,6,0,0,1
1304071,2,ded9240e,2022,2022,23,40,8,6,0,1
1304078,1,ad427b5c,2022,2022,12,11,8,0,0,2
1304080,1,0a8fce53,2022,2022,24,43,6,0,0,1
1304083,1,64775749,2022,2022,24,40,8,1,0,2
1304083,2,5b8c830e,2022,2022,24,19,10,1,0,3
1304087,1,8d2c70ad,2022,2022,18,14,7,0,0,4
1304092,2,e4a0deae,2022,2022,18,36,4,0,0,1
1304092,2,11614d87,2022,2022,24,40,4,1,0,1
1304094,2,2f9d0389,2022,2022,18,29,8,7,0,1
1304096,2,1abb78f8,2022,2022,24,44,10,6,0,2
1304098,1,85e0cf10,2022,2022,24,48,5,2,1,1
1304103,2,5f547c8b,2022,2022,23,24,11,2,0,4
1304104,2,a818c1be,2022,2022,24,32,11,2,0,1
1304104,2,57ee1fde,2022,2022,24,43,6,1,0,1
1304106,2,c05edf8e,2022,2022,24,33,11,2,0,1
1304107,2,5b7ab5a9,2022,2022,24,25,13,1,0,1
1304108,1,b0946605,2022,2022,18,15,9,0,0,1
1304115,1,caf69bf7,2022,2022,24,30,9,1,0,1
1312200,2,57ee1fde,2022,2022,24,20,10,0,0,1
1359475,2,c3c92b42,2023,2023,24,36,10,3,1,3
1359476,2,2ed569a0,2023,2023,12,12,5,0,0,1
1359484,2,249d60c9,2023,2023,18,23,8,0,0,2
1359486,1,8361e524,2023,2023,24,37,3,0,0,1
1359486,1,fe93fd9d,2023,2023,24,20,9,0,0,3
1359486,2,f6d8a7ab,2023,2023,24,24,6,0,0,1
1359488,1,2e81a32d,2023,2023,24,33,12,3,0,1
1359491,2,14f96089,2023,2023,24,43,5,2,0,1
1359493,2,81c08fa3,2023,2023,12,36,3,0,0,1
1359497,2,8cf9814c,2023,2023,24,25,17,1,0,3
1359500,1,a818c1be,2023,2023,24,16,16,0,0,1
1359500,1,0f721006,2023,2023,24,38,5,0,0,1
1359502,1,2cffab74,2023,2023,24,34,15,4,0,1
1359503,2,a9fd84fb,2023,2023,24,23,8,0,0,2
1359509,2,dbe50b21,2023,2023,12,10,7,0,0,1
1359510,1,54e52590,2023,2023,24,41,3,3,0,2
1359513,2,77b1aa15,2023,2023,18,25,6,1,0,1
1359518,1,759ac88f,2023,2023,24,33,7,0,0,2
1359519,1,64839cb3,2023,2023,20,22,6,6,0,2
1359523,2,4bd09374,2023,2023,6,4,2,0,0,1
1359527,2,c05edf8e,2023,2023,6,4,2,0,0,1
1359528,1,f6d8a7ab,2023,2023,24,35,5,1,0,1
1359531,2,98ae73b1,2023,2023,24,36,7,0,0,2
1359532,2,9a46c4e5,2023,2023,12,10,5,0,0,1
1359535,1,9d430b40,2023,2023,24,15,10,0,0,2
1359536,1,e9c7f0d0,2023,2023,18,31,3,1,0,1
1359541,2,f24c6701,2023,2023,24,23,11,0,0,2
1359541,2,64839cb3,2023,2023,24,22,10,6,0,2
1359543,1,4bd09374,2023,2023,24,37,7,0,1,4
1370350,1,cd8d2859,2023,2023,24,44,8,0,1,1
1422120,1,244048f6,2024,2024,24,28,15,2,0,2
1422122,2,57ee1fde,2024,2024,18,25,6,1,0,1
1422124,1,b681e71e,2024,2024,18,29,6,0,0,2
1422125,1,83c3e8e3,2024,2024,24,35,8,0,0,1
1422125,1,759ac88f,2024,2024,24,36,4,1,0,1
1422125,2,eade4650,2024,2024,12,18,2,1,0,1
1422126,2,1e66c162,2024,2024,24,47,6,2,0,2
1422132,1,465aa633,2024,2024,24,32,14,1,0,2
1422132,2,4bd09374,2024,2024,24,20,8,1,0,3
1422136,1,ded9240e,2024,2024,24,29,9,0,0,1
1422139,2,df064e1a,2024,2024,12,8,5,1,0,1
1426262,2,eef2536f,2024,2024,24,48,3,2,0,1
1426263,2,9caf69a1,2024,2024,12,24,2,0,0,1
1426270,1,2cffab74,2024,2024,15,14,8,1,2,3
1426270,2,83c3e8e3,2024,2024,12,22,6,2,0,1
1426271,2,dbe50b21,2024,2024,24,33,9,3,0,1
1426271,2,7a8bd078,2024,2024,12,26,1,0,0,1
1426272,1,4b31f3a3,2024,2024,24,45,5,0,0,1
1426272,1,df064e1a,2024,2024,24,44,6,0,0,1
1426282,1,a818c1be,2024,2024,24,41,9,6,0,1
1426286,1,b1ad996b,2024,2024,19,31,10,2,1,1
1426291,2,1abb78f8,2024,2024,12,12,3,1,0,1
1426293,2,2e81a32d,2024,2024,24,22,14,1,0,1
1426299,2,495d42a5,2024,2024,24,35,8,1,0,2
1426302,1,df064e1a,2024,2024,24,26,9,0,0,1
598045,1,ce820073,2013,2013,24,36,10,0,1,0
598046,1,759ac88f,2013,2013,24,20,16,1,0,0
598047,2,27e71d47,2013,2013,18,29,7,1,0,0
598048,2,1c2a64cd,2013,2013,6,12,1,0,0,0
598049,2,cc1e8c68,2013,2013,18,28,7,6,0,0
598050,1,86dc8f2e,2013,2013,18,21,5,1,0,0
598053,1,3a60e0b5,2013,2013,24,40,5,2,0,0
598055,2,2e81a32d,2013,2013,12,12,6,3,0,0
598055,2,9170ff49,2013,2013,6,5,1,0,0,0
598056,2,94253925,2013,2013,12,5,8,1,0,0
598056,2,6b19d823,2013,2013,12,20,5,0,0,0
598059,2,fa463154,2013,2013,6,4,2,0,0,0
598060,1,a757b0d8,2013,2013,6,10,0,0,0,0
598060,2,0f12f9df,2013,2013,21,55,6,1,0,0
598062,1,96fd40ae,2013,2013,24,37,9,0,0,0
598062,1,7c503806,2013,2013,12,23,1,1,0,0
598064,1,e938e1bc,2013,2013,24,28,10,2,0,0
598066,1,d2a989fc,2013,2013,4,12,1,0,0,0
598069,2,3c6ffae8,2013,2013,24,29,8,1,0,0
598069,2,9fc0ef64,2013,2013,12,17,4,0,0,0
729279,2,41eb4a4f,2014,2014,12,15,5,0,0,0
729287,1,1c914163,2014,2014,6,6,1,1,0,0
729295,1,119678fd,2014,2014,24,37,7,1,0,0
729301,1,2e8994e7,2014,2014,12,19,3,0,0,0
729301,2,fe763256,2014,2014,6,9,1,0,0,0
729303,1,e0407c01,2014,2014,24,21,12,0,0,0
729309,2,91a4a398,2014,2014,17,17,7,0,0,0
729317,1,8b5b6769,2014,2014,24,16,9,0,0,0
733977,2,5bb1a1c4,2014,2014,18,35,6,1,0,0
733977,2,c03c6200,2014,2014,12,25,3,0,0,0
733979,1,4ec07775,2014,2014,12,14,3,0,0,0
733979,2,808f425a,2014,2014,24,27,7,0,1,0
733993,2,8cf9814c,2014,2014,6,6,3,0,1,0
733995,2,8b5b6769,2014,2014,24,22,10,0,0,0
733997,1,86dc8f2e,2014,2014,18,38,4,1,0,0
733997,1,4ec07775,2014,2014,6,6,3,0,0,0
734009,2,6c6591ab,2014,2014,24,25,10,0,0,0
734013,2,76388dc8,2014,2014,18,15,7,1,0,0
734017,1,d2a989fc,2014,2014,24,27,8,1,0,0
734027,2,5bb5a915,2014,2014,24,21,14,0,0,0
734031,1,dcf81436,2014,2014,12,21,3,1,0,0
734033,1,6aed7e79,2014,2014,24,36,4,0,0,0
734035,2,57ee1fde,2014,2014,24,24,8,0,0,0
734041,1,8abdf100,2014,2014,12,14,6,0,0,0
734049,1,5bb5a915,2014,2014,24,40,8,0,0,0
829715,2,1c914163,2015,2015,6,11,0,0,0,0
829725,2,f5180fe6,2015,2015,24,42,5,1,0,0
829727,2,1c2a64cd,2015,2015,6,5,2,0,0,0
829735,2,759ac88f,2015,2015,24,33,7,0,0,0
829739,2,896d78ad,2015,2015,18,33,2,2,0,0
829767,2,69be866a,2015,2015,18,24,6,2,1,0
829773,2,e938e1bc,2015,2015,24,33,4,2,0,0
829779,2,f62772e5,2015,2015,12,19,4,0,0,0
829783,2,acee4cc4,2015,2015,15,27,4,3,0,0
829789,2,f62772e5,2015,2015,24,34,11,0,0,0
829803,1,957532de,2015,2015,12,31,2,1,0,0
829811,1,7dc35884,2015,2015,24,36,9,1,0,0
829813,1,3fb19989,2015,2015,24,35,7,1,0,0
980909,1,462411b3,2016,2016,24,32,7,0,0,0
980913,1,f62772e5,2016,2016,6,10,3,0,0,0
980921,1,6b19d823,2016,2016,18,26,3,0,0,0
980925,1,bbd41817,2016,2016,6,18,0,0,0,0
980939,2,24d94623,2016,2016,18,26,5,3,0,0
980945,1,9d80c5e1,2016,2016,24,32,8,0,0,0
980949,1,d2a989fc,2016,2016,18,25,4,1,0,0
980951,1,0f721006,2016,2016,24,35,8,1,0,0
980957,2,0f12f9df,2016,2016,24,35,8,0,0,0
980961,1,2e8994e7,2016,2016,12,14,4,0,0,0
980973,1,13c35c9e,2016,2016,24,35,5,0,0,0
980975,2,5bb5a915,2016,2016,24,38,8,0,0,0
980987,1,35205dfc,2016,2016,6,13,0,0,0,0
980997,1,0f12f9df,2016,2016,18,27,7,0,0,0
980997,1,5fa06777,2016,2016,18,17,9,0,0,0
980999,2,bd17b45f,2016,2016,6,11,1,0,0,0
981011,1,bd17b45f,2016,2016,12,15,2,1,0,0
981011,1,85aae393,2016,2016,12,14,2,0,0,0
1426307,2,26a85969,2024,2024,18,35,4,1,0,0
1426310,2,7210d461,2024,2024,18,37,5,0,0,0
1426311,1,57ee1fde,2024,2024,24,34,9,2,0,0
1426311,2,6a26221c,2024,2024,6,10,2,0,1,0
1426312,2,1e66c162,2024,2024,6,9,1,0,0,0
1473442,1,12314277,2025,2025,6,21,1,1,0,0
1473445,1,fe93fd9d,2025,2025,18,37,5,1,0,0
1473450,2,eef2536f,2025,2025,18,30,5,1,0,0
1473453,1,23eeb873,2025,2025,12,23,2,1,0,0
1473455,1,57ee1fde,2025,2025,18,32,2,5,0,0
1473459,2,244048f6,2025,2025,24,39,6,1,0,0
1473461,1,2e171977,2025,2025,24,52,8,1,0,0
1473466,1,3fb19989,2025,2025,18,43,5,1,0,0
1473467,1,59559bc2,2025,2025,12,24,3,0,0,0
1473472,2,5ffc0565,2025,2025,24,34,9,1,0,0
1473477,1,5ffc0565,2025,2025,6,14,0,0,0,0
1473477,2,1abb78f8,2025,2025,12,28,2,1,0,0
1473477,2,eef2536f,2025,2025,18,19,9,1,0,0
1473479,1,e9c7f0d0,2025,2025,18,30,3,1,0,0
1473481,1,77b1aa15,2025,2025,12,27,4,0,0,0
1473483,2,8d2c70ad,2025,2025,24,28,8,0,0,0
1473484,2,2f49c897,2025,2025,12,24,4,2,0,0
1473486,2,fcc21ace,2025,2025,12,20,2,0,0,0
1473488,1,8cf9814c,2025,2025,18,48,2,0,0,0
1473497,2,3b53243a,2025,2025,6,12,3,0,0,0
1473500,1,04a418e8,2025,2025,12,26,3,3,0,0
1473506,2,9caf69a1,2025,2025,6,11,1,2,0,0
1473507,1,7210d461,2025,2025,18,44,2,1,0,0
1473511,2,9440ef41,2025,2025,12,19,3,0,0,0
1485779,2,d9273ee7,2025,2025,9,21,1,1,0,0
1527687,2,e62dd25d,2026,2026,24,32,9,2,0,0
1527688,2,21d4e29b,2026,2026,18,37,5,1,0,0
1527689,2,c5aef772,2026,2026,12,18,0,0,0,0
1527693,1,462411b3,2026,2026,24,35,6,1,0,0
1529264,2,aad0c365,2026,2026,12,19,3,1,0,0
1529274,1,2cffab74,2026,2026,24,53,6,1,0,0
1529279,2,fe93fd9d,2026,2026,6,11,2,1,0,0
1529281,1,80b2fb19,2026,2026,24,24,10,3,0,0
1529282,1,c5aef772,2026,2026,12,21,3,0,0,0
1529284,2,9caf69a1,2026,2026,6,19,1,0,0,0
1529290,1,462411b3,2026,2026,24,45,7,3,3,0
1529291,1,fcc21ace,2026,2026,24,49,7,0,0,0
1529293,1,9440ef41,2026,2026,12,21,2,0,0,0
1529293,1,c5aef772,2026,2026,6,16,1,0,0,0
1529295,1,46a9bea1,2026,2026,24,52,7,3,0,0
1529296,2,6a26221c,2026,2026,2,14,0,2,0,0
1529298,1,f834dcfc,2026,2026,24,46,7,0,0,0
1529300,1,5b8c830e,2026,2026,24,39,5,1,0,0
1529301,1,9caf69a1,2026,2026,6,9,4,1,0,0
1529303,2,5d2eea49,2026,2026,24,59,5,0,0,0
1529308,2,5b615e7c,2026,2026,12,23,1,0,0,0
1529309,1,efc04be7,2026,2026,18,41,4,2,0,0
1529310,1,03806cf8,2026,2026,24,55,5,4,0,0
1529310,2,f986ca1a,2026,2026,24,37,3,0,0,0
1529313,2,7c3c0337,2026,2026,12,23,6,0,0,0
335983,1,a1f1829d,2007/08,2008,12,25,2,0,0,0
335984,2,3c6ffae8,2007/08,2008,13,17,4,1,0,0
335985,1,41eb4a4f,2007/08,2008,24,41,8,0,0,0
335986,2,57efa3be,2007/08,2008,24,19,14,1,0,0
335988,2,0dc00542,2007/08,2008,12,17,3,0,0,0
335999,2,0dc00542,2007/08,2008,18,28,3,0,0,0
336006,2,8fd1a8f5,2007/08,2008,24,16,14,2,0,0
336010,2,abfeb126,2007/08,2008,12,24,2,0,0,0
336013,1,1c914163,2007/08,2008,6,8,1,0,0,0
336016,2,91a4a398,2007/08,2008,24,35,10,0,0,0
336018,1,96fd40ae,2007/08,2008,24,31,11,1,0,0
336018,2,ae78bc32,2007/08,2008,18,31,10,3,0,0
336026,1,9fc0ef64,2007/08,2008,18,51,5,7,0,0
336026,1,33a364a6,2007/08,2008,24,47,6,0,0,0
336031,2,c3d1402f,2007/08,2008,21,37,3,1,0,0
336038,1,ee7d0c82,2007/08,2008,24,38,12,1,0,0
392182,2,41eb4a4f,2009,2009,18,25,8,1,0,0
392183,2,5fa06777,2009,2009,6,9,4,1,0,0
392191,2,91ffa6c6,2009,2009,12,23,2,0,0,0
392195,2,5d096f3d,2009,2009,12,10,2,1,0,0
392202,2,c24a2c5d,2009,2009,12,8,7,1,0,0
392203,2,f233bbb4,2009,2009,6,13,0,2,0,0
392207,2,db584dad,2009,2009,18,20,6,0,0,0
392208,1,86dc8f2e,2009,2009,24,23,11,3,0,0
392208,2,a45a5e8d,2009,2009,24,26,11,4,0,0
392209,1,740742ef,2009,2009,6,8,3,0,0,0
392209,2,b2b50355,2009,2009,6,18,1,0,0,0
392211,1,c404f58a,2009,2009,24,49,4,1,0,0
392212,1,8b5b6769,2009,2009,12,23,3,0,0,0
392213,1,5bb5a915,2009,2009,24,20,12,1,0,0
392213,1,bb18be76,2009,2009,24,23,10,0,0,0
392213,2,e938e1bc,2009,2009,24,31,13,1,0,0
392213,2,05c2ca46,2009,2009,6,11,1,0,0,0
392215,2,d2a989fc,2009,2009,18,9,9,0,0,0
392218,1,0c2730df,2009,2009,24,32,5,0,0,0
392219,2,fa463154,2009,2009,18,19,10,2,0,0
392220,1,c69a7b5c,2009,2009,6,13,0,0,0,0
392221,2,5bb1a1c4,2009,2009,24,40,11,3,1,0
392228,2,5bb1a1c4,2009,2009,24,23,12,0,0,0
392228,2,e186f49c,2009,2009,24,58,6,2,2,0
392229,1,12eddf28,2009,2009,24,31,12,2,0,0
392229,2,dd09ff8e,2009,2009,24,31,11,0,2,0
392231,1,abfeb126,2009,2009,18,27,4,5,0,0
392231,2,c3d35165,2009,2009,18,39,5,0,1,0
392231,2,c24a2c5d,2009,2009,18,29,9,0,0,0
392235,2,7c390b03,2009,2009,6,11,1,0,0,0
392236,2,e938e1bc,2009,2009,24,45,6,1,0,0
419108,2,1c914163,2009/10,2010,18,11,7,0,0,0
419109,1,725529bc,2009/10,2010,12,18,1,0,0,0
419110,1,c24a2c5d,2009/10,2010,11,39,0,0,2,0
419116,1,1dc12ab9,2009/10,2010,6,12,0,0,0,0
419118,1,abfeb126,2009/10,2010,24,25,8,1,0,0
419126,1,3d7e087f,2009/10,2010,18,35,2,0,0,0
419135,1,78eb4223,2009/10,2010,24,48,6,1,1,0
419138,1,d7b3a420,2009/10,2010,12,28,1,1,0,0
419139,1,98ae73b1,2009/10,2010,12,26,1,0,0,0
419140,1,41eb4a4f,2009/10,2010,24,35,8,0,0,0
419141,2,5bb5a915,2009/10,2010,24,32,9,0,0,0
419142,1,2af1b6d2,2009/10,2010,12,26,3,6,0,0
419143,1,3c6ffae8,2009/10,2010,24,26,8,1,0,0
419146,2,8b5b6769,2009/10,2010,24,34,6,1,0,0
419148,1,e938e1bc,2009/10,2010,18,37,5,2,0,0
419152,1,a386e91b,2009/10,2010,24,27,5,0,0,0
419155,1,cc1e8c68,2009/10,2010,6,11,4,3,0,0
501199,1,3eac9d95,2011,2011,12,13,6,0,0,0
501203,1,6c6591ab,2011,2011,24,26,9,1,0,0
501205,1,f0f628c7,2011,2011,18,10,7,0,0,0
501205,2,d7c6af50,2011,2011,24,18,11,0,0,0
501208,1,d7c6af50,2011,2011,24,29,7,0,0,0
501210,1,5d096f3d,2011,2011,6,12,2,0,0,0
501211,1,ba607b88,2011,2011,18,23,3,0,0,0
501211,2,1dc12ab9,2011,2011,6,10,0,1,0,0
501214,2,3d7e087f,2011,2011,6,8,1,0,0,0
501215,1,fe93fd9d,2011,2011,6,14,2,0,0,0
501222,2,33a364a6,2011,2011,18,28,5,0,0,0
501231,1,4329fbb5,2011,2011,24,25,10,2,0,0
501234,1,33a364a6,2011,2011,24,18,13,1,0,0
501235,1,8291f939,2011,2011,6,10,2,0,0,0
501236,1,6b19d823,2011,2011,18,34,6,0,0,0
501236,2,495d42a5,2011,2011,24,23,8,0,0,0
501241,2,d2a989fc,2011,2011,24,20,12,1,0,0
501244,1,a45a5e8d,2011,2011,6,9,2,0,0,0
501245,1,86dc8f2e,2011,2011,6,9,1,0,0,0
501247,2,5d096f3d,2011,2011,12,27,3,0,0,0
501249,2,c8179c68,2011,2011,24,30,6,1,0,0
501253,1,16043342,2011,2011,12,23,5,0,0,0
501258,1,fe93fd9d,2011,2011,6,5,2,1,0,0
501265,1,b552a935,2011,2011,18,15,9,0,0,0
501267,2,7dc35884,2011,2011,24,26,9,3,0,0
548306,1,8b5b6769,2012,2012,24,24,6,2,0,0
548306,2,495d42a5,2012,2012,24,20,10,0,0,0
548312,1,9d430b40,2012,2012,24,29,8,0,0,0
548317,2,6c6591ab,2012,2012,12,19,3,0,0,0
548320,2,3d7e087f,2012,2012,18,25,1,1,0,0
548323,1,1e66c162,2012,2012,18,32,2,0,0,0
548324,1,db584dad,2012,2012,6,21,0,1,0,0
548330,1,abfeb126,2012,2012,24,24,9,0,0,0
548330,1,2e81a32d,2012,2012,18,37,6,0,1,0
548330,1,5d9a1a73,2012,2012,24,28,9,0,0,0
548335,2,d0513f63,2012,2012,6,8,0,2,0,0
548337,1,cc1e8c68,2012,2012,24,40,6,0,0,0
548351,2,cf73ad76,2012,2012,18,20,5,0,0,0
548352,2,fe93fd9d,2012,2012,18,25,5,0,0,0
548353,1,3a60e0b5,2012,2012,24,37,4,1,1,0
548360,2,a757b0d8,2012,2012,18,33,3,1,0,0
548363,1,9d430b40,2012,2012,24,28,10,0,0,0
548366,1,fd835ab3,2012,2012,6,14,0,1,0,0
548367,1,a12e1d51,2012,2012,24,29,8,2,0,0
548372,2,f986ca1a,2012,2012,24,33,6,0,0,0
548377,1,8b5b6769,2012,2012,18,31,8,2,0,0
597999,1,a757b0d8,2013,2013,6,15,2,0,0,0
598001,1,7c503806,2013,2013,6,19,0,0,0,0
598005,1,8cf9814c,2013,2013,18,26,6,0,0,0
598009,1,896d78ad,2013,2013,24,27,7,0,0,0
598013,1,94253925,2013,2013,6,14,1,0,0,0
598019,1,26a85969,2013,2013,12,20,6,1,2,0
598021,2,3edb58fc,2013,2013,24,25,7,0,0,0
598022,1,c3d35165,2013,2013,24,36,6,1,0,0
598025,2,cca50cd6,2013,2013,17,35,2,0,0,0
598028,2,9a158001,2013,2013,24,40,6,0,0,0
598030,2,1c2a64cd,2013,2013,4,15,1,1,0,0
598032,2,c03c6200,2013,2013,18,17,8,0,0,0
598034,1,b2b50355,2013,2013,24,45,4,1,0,0
598034,1,86dc8f2e,2013,2013,24,50,2,0,0,0
598035,2,5bb5a915,2013,2013,24,36,8,1,0,0
598035,2,9d80c5e1,2013,2013,24,30,9,0,0,0
598037,1,1a0c3177,2013,2013,24,16,9,1,0,0
1082600,2,0a8fce53,2017,2017,16,34,3,1,0,0
1082602,1,462411b3,2017,2017,24,39,5,0,1,0
1082603,2,e087956b,2017,2017,18,18,8,1,0,0
1082608,1,94d7f855,2017,2017,6,12,0,0,0,0
1082615,2,dcf81436,2017,2017,18,45,1,0,0,0
1082616,1,871e9faf,2017,2017,24,44,5,1,0,0
1082620,2,1abb78f8,2017,2017,19,31,5,6,0,0
1082621,1,b822e99c,2017,2017,12,8,6,1,0,0
1082630,1,fb66ce1f,2017,2017,24,36,7,0,0,0
1082630,2,5f547c8b,2017,2017,24,24,7,0,0,0
1082634,1,32198ae0,2017,2017,17,15,7,0,0,0
1082638,1,2f49c897,2017,2017,18,32,5,3,0,0
1082642,2,6b19d823,2017,2017,18,26,4,1,0,0
1082647,2,14f96089,2017,2017,6,9,2,0,0,0
1136562,2,6b19d823,2018,2018,24,46,4,0,0,0
1136565,1,87e562a9,2018,2018,18,50,3,0,0,0
1136569,1,b681e71e,2018,2018,18,21,5,1,0,0
1136570,2,bbd41817,2018,2018,18,39,4,0,0,0
1136571,2,1e66c162,2018,2018,18,35,2,0,0,0
1136572,2,7d92277a,2018,2018,18,18,5,0,0,0
1136574,2,0a8fce53,2018,2018,24,55,3,0,1,0
1136575,2,e087956b,2018,2018,18,25,4,1,0,0
1136578,2,8d2c70ad,2018,2018,6,13,1,0,0,0
1136580,1,7dc35884,2018,2018,24,32,5,1,0,0
1136582,1,b681e71e,2018,2018,6,4,2,0,0,0
1136586,1,9d430b40,2018,2018,18,35,3,0,0,0
1136586,2,0994d0ae,2018,2018,6,10,1,0,0,0
1136597,1,fb2d1dda,2018,2018,12,17,5,1,0,0
1136602,1,ce820073,2018,2018,24,24,11,0,0,0
1136602,2,9a963804,2018,2018,24,41,2,0,0,0
1136608,2,db31895a,2018,2018,7,21,2,1,1,0
1136610,1,759ac88f,2018,2018,18,34,4,1,1,0
1136615,2,b681e71e,2018,2018,12,19,6,0,0,0
1136615,2,9a963804,2018,2018,18,27,5,2,0,0
1175356,1,1dc12ab9,2019,2019,6,6,1,0,0,0
1175356,2,a4e37e47,2019,2019,4,3,2,1,0,0
1175358,1,5b8c830e,2019,2019,12,21,3,0,0,0
1175359,1,5574750c,2019,2019,24,17,13,0,0,0
1175360,2,2e171977,2019,2019,24,16,15,0,0,0
1175364,2,dbe50b21,2019,2019,18,39,4,3,0,0
1175369,2,bb351c23,2019,2019,6,14,1,0,0,0
1175372,2,13c35c9e,2019,2019,24,61,6,5,0,0
1178395,1,5bb1a1c4,2019,2019,24,31,10,1,0,0
1178401,2,2f9d0389,2019,2019,18,37,5,1,0,0
1178402,2,4933f499,2019,2019,18,31,8,1,0,0
1178404,2,bbd41817,2019,2019,6,16,2,0,0,0
1178405,2,5bb1a1c4,2019,2019,18,19,8,1,0,0
1178406,2,cc1e8c68,2019,2019,12,25,6,1,0,0
1178410,2,bb351c23,2019,2019,6,13,3,0,0,0
1178411,1,d2a989fc,2019,2019,18,31,6,1,0,0
1178411,1,04a418e8,2019,2019,12,17,2,0,0,0
1178412,1,5bb1a1c4,2019,2019,24,29,11,2,0,0
1181764,2,87e562a9,2019,2019,18,25,1,0,0,0
1216494,2,5b7ab5a9,2020/21,2021,24,28,11,0,0,0
1216495,2,5b8c830e,2020/21,2021,19,37,2,5,0,0
1216497,2,85e0cf10,2020/21,2021,12,19,4,1,2,0
1216502,2,fb66ce1f,2020/21,2021,12,19,4,4,0,0
1216504,1,7a8bd078,2020/21,2021,24,43,7,0,0,0
1216506,2,e2db2409,2020/21,2021,24,17,8,0,0,0
1216507,1,7a8bd078,2020/21,2021,24,31,8,0,0,0
1216508,1,8d2c70ad,2020/21,2021,24,39,2,1,1,0
1216509,1,495d42a5,2020/21,2021,18,30,5,0,0,0
1216512,1,ce820073,2020/21,2021,24,27,6,0,0,0
1216513,2,c05edf8e,2020/21,2021,24,41,6,1,0,0
1216525,2,a4e37e47,2020/21,2021,6,14,0,1,0,0
1216528,2,23eeb873,2020/21,2021,24,28,8,2,0,0
1216533,2,fe93fd9d,2020/21,2021,9,11,2,0,0,0
1216534,2,cc1e8c68,2020/21,2021,24,48,7,2,0,0
1216537,1,39a2dfa8,2020/21,2021,18,22,6,0,0,0
1216538,1,8e514b4c,2020/21,2021,12,27,1,0,0,0
1216544,2,2f49c897,2020/21,2021,12,29,3,0,0,0
1216544,2,21d4e29b,2020/21,2021,18,19,10,0,0,0
1216545,1,9d430b40,2020/21,2021,24,31,4,0,0,0
1254058,1,2f49c897,2021,2021,24,22,12,1,0,0
1254061,1,e087956b,2021,2021,6,12,2,0,0,0
1254061,1,39a2dfa8,2021,2021,12,25,2,0,0,0
1254062,2,462411b3,2021,2021,24,28,7,0,1,0
1254066,2,350bb1b1,2021,2021,18,33,3,1,0,0
1254068,2,8cf9814c,2021,2021,24,53,8,0,2,0
1254069,2,23eeb873,2021,2021,18,32,7,1,0,0
1254073,1,57ee1fde,2021,2021,12,18,4,1,0,0
1254073,2,fb66ce1f,2021,2021,18,38,2,0,0,0
1254073,2,04a418e8,2021,2021,6,14,0,0,0,0
1254074,2,81049310,2021,2021,24,20,16,0,0,0
1254074,2,a757b0d8,2021,2021,6,11,1,0,0,0
1254088,1,dcf81436,2021,2021,24,56,5,0,0,0
1254094,2,03806cf8,2021,2021,18,22,10,0,0,0
1254095,1,f9e6e7ef,2021,2021,24,21,7,0,0,0
1254097,1,a03bba42,2021,2021,24,34,2,0,0,0
1254100,2,39a2dfa8,2021,2021,18,32,3,2,0,0
1254111,2,04a418e8,2021,2021,6,16,0,0,0,0
1254113,1,03806cf8,2021,2021,24,34,6,1,0,0
1304054,2,c05edf8e,2022,2022,12,20,4,1,0,0
1304055,1,871e9faf,2022,2022,6,26,1,0,0,0
1304056,2,0994d0ae,2022,2022,6,14,2,1,0,0
1304062,2,244048f6,2022,2022,24,31,9,1,0,0
1304064,1,7f048519,2022,2022,12,8,8,0,0,0
1304074,2,50c6bc2b,2022,2022,12,19,3,0,0,0
1304081,1,9d430b40,2022,2022,24,31,7,0,0,0
1304083,2,327b58d3,2022,2022,24,14,13,2,0,0
1304088,1,26a85969,2022,2022,12,13,5,0,0,0
1304092,2,fe93fd9d,2022,2022,18,15,8,0,0,0
1304099,1,e4cdf230,2022,2022,18,27,4,0,0,0
1304100,1,2e81a32d,2022,2022,24,34,6,0,0,0
1304104,2,2e78f685,2022,2022,19,32,5,0,0,0
1304110,1,26a85969,2022,2022,12,17,2,0,0,0
1304112,1,13c35c9e,2022,2022,24,57,5,1,0,0
1304113,2,dbe50b21,2022,2022,18,35,6,1,0,0
1312198,2,f9e6e7ef,2022,2022,24,35,5,2,0,0
1312199,2,f986ca1a,2022,2022,19,29,6,0,0,0
1312200,2,495d42a5,2022,2022,18,32,2,0,0,0
1359477,1,2cffab74,2023,2023,24,34,5,1,0,0
1359479,2,4933f499,2023,2023,18,37,6,0,0,0
1359479,2,0c9652b0,2023,2023,6,17,0,0,0,0
1359483,2,cc1e8c68,2023,2023,12,17,5,0,0,0
1359485,1,2e171977,2023,2023,24,38,6,0,0,0
1359488,2,c05edf8e,2023,2023,19,26,8,0,0,0
1359489,2,7f048519,2023,2023,24,32,6,1,0,0
1359489,2,f9e6e7ef,2023,2023,6,15,1,0,0,0
1359490,1,b0482a1d,2023,2023,6,7,3,1,0,0
1359491,1,f24c6701,2023,2023,24,42,4,0,0,0
1359493,2,f19ccfad,2023,2023,12,20,2,0,0,0
1359505,2,c05edf8e,2023,2023,12,15,5,0,0,0
1359507,1,aa8d28ae,2023,2023,18,38,3,0,0,0
1359511,2,0f721006,2023,2023,24,49,4,1,0,0
1359513,2,fb2d1dda,2023,2023,5,14,0,1,0,0
1359518,1,9061a703,2023,2023,18,27,6,0,0,0
1359520,1,4bd09374,2023,2023,18,37,1,0,1,0
1359525,1,4b31f3a3,2023,2023,24,48,4,1,0,0
1359525,2,dbe50b21,2023,2023,18,37,6,2,0,0
1359526,1,f29185a1,2023,2023,12,15,4,0,0,0
1359529,2,46a9bea1,2023,2023,18,18,8,0,0,0
1359530,2,9d430b40,2023,2023,12,13,5,0,0,0
1359533,2,244048f6,2023,2023,24,32,8,0,0,0
1359537,1,eaa76d3c,2023,2023,12,16,4,0,0,0
1359542,2,c0c411cb,2023,2023,24,46,8,0,0,0
1370352,1,ffe699c0,2023,2023,24,56,6,5,0,0
1422119,1,f24c6701,2024,2024,24,36,3,0,0,0
1422120,1,e94915e6,2024,2024,6,10,3,1,0,0
1422127,2,495d42a5,2024,2024,18,30,4,1,0,0
1422131,1,46a9bea1,2024,2024,24,24,12,2,0,0
1422132,2,98ae73b1,2024,2024,18,18,6,0,0,0
1422136,2,ba5e1069,2024,2024,6,3,3,0,0,0
1422138,2,98ae73b1,2024,2024,12,32,2,0,0,0
1422139,1,efc04be7,2024,2024,24,22,7,0,0,0
1426260,1,1abb78f8,2024,2024,18,27,3,1,1,0
1426263,2,8db7f47f,2024,2024,18,34,8,1,0,0
1426268,2,1e66c162,2024,2024,12,37,1,1,0,0
1426273,1,acdc62f5,2024,2024,18,31,6,1,0,0
1426273,2,f9e6e7ef,2024,2024,6,22,0,0,0,0
1426276,2,462411b3,2024,2024,24,37,10,1,1,0
1426293,2,aad0c365,2024,2024,12,16,5,0,0,0
1426295,2,90de905a,2024,2024,12,29,4,1,0,0
1426296,1,2ed569a0,2024,2024,18,47,5,0,1,0
1426298,1,dbe50b21,2024,2024,18,32,4,0,0,0
1426305,1,d1a60072,2024,2024,12,13,2,0,0,0
598042,1,66b30f71,2013,2013,24,52,7,0,0,2
598044,1,0f12f9df,2013,2013,19,11,13,0,1,2
598044,1,6b19d823,2013,2013,24,16,11,0,0,1
598046,2,a12e1d51,2013,2013,18,6,12,0,0,2
598051,1,0f12f9df,2013,2013,24,45,7,0,1,3
598052,1,557153ca,2013,2013,24,23,6,2,0,3
598053,2,33a364a6,2013,2013,18,19,4,0,0,1
598062,2,c3d35165,2013,2013,24,32,8,3,0,3
598063,1,4329fbb5,2013,2013,24,30,8,1,0,2
598064,2,abfeb126,2013,2013,18,24,5,1,0,2
598065,2,6b19d823,2013,2013,24,8,18,0,0,2
598067,2,ef5da05c,2013,2013,24,15,12,1,0,3
598073,2,f5180fe6,2013,2013,24,19,13,2,0,2
598073,2,26a85969,2013,2013,6,6,3,0,0,1
729291,2,dfc4d8b5,2014,2014,18,25,5,1,0,1
729299,2,41eb4a4f,2014,2014,24,26,6,1,0,2
729301,2,8fd1a8f5,2014,2014,24,33,7,0,0,2
729305,1,33a364a6,2014,2014,6,7,2,0,0,1
729307,1,98ae73b1,2014,2014,24,19,10,0,0,3
729307,2,ce820073,2014,2014,24,21,16,1,0,3
729309,1,1e66c162,2014,2014,24,29,7,0,0,2
729313,2,66b30f71,2014,2014,18,19,8,0,0,1
733975,2,9d80c5e1,2014,2014,24,30,9,0,0,1
733977,1,3fb19989,2014,2014,24,21,11,0,0,2
733977,1,0a3d54b9,2014,2014,24,33,10,3,1,2
733977,2,119678fd,2014,2014,24,17,14,0,0,3
733983,2,cedc1d9a,2014,2014,18,35,8,3,0,1
733985,2,3a60e0b5,2014,2014,24,21,11,0,0,2
733991,1,0a3d54b9,2014,2014,24,35,8,1,0,1
733995,1,e0407c01,2014,2014,24,34,15,2,0,1
734003,1,76388dc8,2014,2014,24,19,15,5,0,1
734019,1,b56dc5f7,2014,2014,24,36,9,0,0,3
734025,1,462411b3,2014,2014,24,31,9,0,0,2
734027,1,3fb19989,2014,2014,24,32,8,1,0,1
734033,2,26a85969,2014,2014,24,25,10,1,0,2
734037,1,7dc35884,2014,2014,24,25,12,0,0,1
734045,1,96fd40ae,2014,2014,24,34,9,0,0,2
734045,1,495d42a5,2014,2014,24,26,12,0,0,1
734045,2,6c6591ab,2014,2014,18,34,6,0,0,1
829707,1,2e8994e7,2015,2015,12,15,4,1,0,1
829709,1,ce820073,2015,2015,24,19,11,1,0,1
829713,1,2af1b6d2,2015,2015,24,28,8,0,0,1
829715,1,6aed7e79,2015,2015,18,18,8,0,0,1
829717,2,2e171977,2015,2015,24,30,8,0,0,2
829723,2,f62772e5,2015,2015,24,23,7,1,0,1
829725,1,2e8994e7,2015,2015,12,16,4,2,0,2
829725,2,69be866a,2015,2015,24,33,12,1,1,2
829737,1,57ee1fde,2015,2015,24,28,11,1,0,2
829741,2,39a2dfa8,2015,2015,18,31,6,0,0,1
829747,1,51a3c5ef,2015,2015,24,38,13,3,0,2
829747,2,6b19d823,2015,2015,24,32,7,2,0,2
829751,1,119678fd,2015,2015,24,30,5,0,0,1
829759,1,ce820073,2015,2015,24,35,14,0,0,1
829771,1,aa8d28ae,2015,2015,12,20,3,0,0,1
829775,2,a12e1d51,2015,2015,24,31,6,1,0,2
829781,1,2e81a32d,2015,2015,24,42,8,0,0,2
829781,2,7c503806,2015,2015,24,32,9,1,0,1
829783,2,91a4a398,2015,2015,24,32,8,3,0,1
829811,1,cc1e8c68,2015,2015,24,36,4,0,0,1
829819,1,fb66ce1f,2015,2015,24,42,9,1,0,1
980901,1,e2db2409,2016,2016,24,16,13,0,0,1
980913,1,81049310,2016,2016,24,23,12,1,0,1
980925,1,cc1e8c68,2016,2016,18,17,5,0,0,1
980925,1,9d430b40,2016,2016,24,22,9,1,0,2
980937,1,d2a989fc,2016,2016,24,39,6,0,0,1
980939,2,33a364a6,2016,2016,24,19,8,0,0,2
980947,2,9d430b40,2016,2016,24,22,11,0,0,2
980951,2,fb66ce1f,2016,2016,18,19,4,0,0,1
980963,2,bbd41817,2016,2016,24,20,13,1,0,4
980965,1,33a364a6,2016,2016,24,22,6,2,0,2
980969,1,ffe699c0,2016,2016,24,43,7,1,0,1
980979,2,2e81a32d,2016,2016,24,20,12,1,0,1
980991,2,2e171977,2016,2016,24,26,9,0,0,1
980995,2,9d430b40,2016,2016,24,34,11,0,0,1
980999,1,ce820073,2016,2016,18,29,8,0,0,1
981005,1,0f12f9df,2016,2016,12,24,3,0,0,1
981005,2,2e171977,2016,2016,24,43,10,2,0,1
981005,2,6eb146d2,2016,2016,12,15,4,1,0,2
981011,2,e342e5fb,2016,2016,19,18,6,0,0,1
981013,1,85aae393,2016,2016,24,38,10,1,0,2
981017,2,35205dfc,2016,2016,12,29,2,0,0,1
981019,1,957532de,2016,2016,24,30,9,0,0,2
981019,2,0a8fce53,2016,2016,24,37,8,0,0,1
1426310,2,2f49c897,2024,2024,24,33,6,3,0,2
1473440,2,9caf69a1,2025,2025,24,32,7,3,0,1
1473442,1,e62dd25d,2025,2025,24,41,7,2,0,1
1473444,1,eef2536f,2025,2025,24,45,5,0,0,1
1473444,2,ded9240e,2025,2025,18,29,9,3,0,2
1473448,2,5574750c,2025,2025,18,13,13,0,0,1
1473450,1,81c36ee9,2025,2025,24,28,9,1,0,1
1473451,1,2f49c897,2025,2025,24,19,12,1,0,3
1473452,1,ded9240e,2025,2025,24,44,9,0,0,1
1473453,1,1e030637,2025,2025,24,31,8,1,0,1
1473459,1,efc04be7,2025,2025,18,32,3,0,0,1
1473464,2,57ee1fde,2025,2025,24,56,3,1,0,1
1473466,1,2cffab74,2025,2025,24,38,9,1,0,1
1473468,1,9d430b40,2025,2025,18,14,9,1,0,2
1473470,2,5750bcb4,2025,2025,24,36,7,1,0,2
1473471,1,81c36ee9,2025,2025,18,10,11,0,0,2
1473471,2,03806cf8,2025,2025,18,14,9,0,0,3
1473472,1,2f49c897,2025,2025,24,47,7,3,0,1
1473475,1,462411b3,2025,2025,24,25,9,1,0,2
1473476,2,f19ccfad,2025,2025,18,36,2,1,0,1
1473478,1,a818c1be,2025,2025,24,26,12,1,0,4
1473480,2,fe93fd9d,2025,2025,22,22,8,0,0,1
1473485,1,2e171977,2025,2025,24,27,6,1,0,2
1473487,2,dbe50b21,2025,2025,6,2,4,0,0,1
1473487,2,119678fd,2025,2025,24,23,9,0,0,3
1473491,1,13fc5c6d,2025,2025,24,46,6,1,0,2
1473497,1,46a9bea1,2025,2025,24,37,9,1,0,2
1473499,1,f986ca1a,2025,2025,24,49,10,3,2,1
1473499,2,cb9b8664,2025,2025,14,31,5,0,0,1
1473500,1,4885bbe6,2025,2025,24,47,9,0,1,3
1473501,1,2cffab74,2025,2025,24,48,7,0,0,2
1473501,1,8d2c70ad,2025,2025,24,22,9,1,0,1
1473507,1,ee1b6c27,2025,2025,24,26,9,1,1,1
1473509,2,a818c1be,2025,2025,24,56,6,1,0,2
1485779,1,8d2c70ad,2025,2025,24,39,7,0,1,2
1527674,1,9440ef41,2026,2026,18,28,6,0,0,1
1527679,1,5d2eea49,2026,2026,24,48,6,2,0,1
1527679,1,e4cdf230,2026,2026,12,16,4,2,0,1
1527680,1,57ee1fde,2026,2026,18,21,4,3,1,1
1527681,1,2cffab74,2026,2026,18,26,10,1,0,2
1527686,2,ce820073,2026,2026,18,26,9,3,0,2
1527690,1,244048f6,2026,2026,24,50,10,6,0,2
1527691,2,efc04be7,2026,2026,18,36,4,3,0,1
1529264,2,280fff14,2026,2026,24,24,14,3,0,4
1529265,1,e4cdf230,2026,2026,18,21,9,4,0,1
1529266,1,03806cf8,2026,2026,24,20,11,1,0,1
1529268,1,5f547c8b,2026,2026,24,44,7,1,0,1
1529270,1,fcc21ace,2026,2026,18,22,8,0,0,3
1529273,1,85e0cf10,2026,2026,24,54,4,1,0,1
1529273,2,d45c29b1,2026,2026,24,24,14,2,0,4
1529273,2,e4a0deae,2026,2026,18,16,7,0,0,2
1529276,2,4d7f517e,2026,2026,24,17,14,0,0,4
1529281,1,e5437608,2026,2026,12,18,4,0,0,1
1529282,1,b8527c3d,2026,2026,12,21,3,0,0,1
1529285,1,e62dd25d,2026,2026,24,44,9,1,0,1
1529286,2,5574750c,2026,2026,24,46,9,2,0,1
1529289,2,54e52590,2026,2026,24,31,5,0,0,2
1529290,1,9caf69a1,2026,2026,12,34,2,1,0,1
1529291,1,59559bc2,2026,2026,6,5,1,0,0,1
1529292,1,244048f6,2026,2026,24,43,6,1,0,1
1529292,2,5750bcb4,2026,2026,24,36,11,1,0,1
1529292,2,280fff14,2026,2026,24,40,8,2,1,1
1529295,2,2f49c897,2026,2026,24,55,8,2,0,1
1529296,2,13fc5c6d,2026,2026,24,45,7,1,0,2
1529297,1,c5aef772,2026,2026,18,18,8,0,0,1
1529300,2,5d2eea49,2026,2026,24,32,11,1,0,3
1529301,2,81c36ee9,2026,2026,24,55,4,0,0,1
1529303,1,2f49c897,2026,2026,24,50,8,3,0,1
1529303,2,9d430b40,2026,2026,24,29,9,0,0,2
1529304,2,9440ef41,2026,2026,24,50,3,1,0,1
1529306,1,280fff14,2026,2026,24,34,12,3,0,2
1529306,2,fcc21ace,2026,2026,24,46,6,1,0,1
1529308,2,462411b3,2026,2026,24,26,11,1,0,1
1529309,2,e62dd25d,2026,2026,22,32,10,1,0,3
1529311,1,57ee1fde,2026,2026,24,25,7,0,0,2
1529311,1,26989d80,2026,2026,18,29,5,1,0,1
1535463,1,7b44eb3e,2026,2026,12,19,3,0,0,1
335986,1,abfeb126,2007/08,2008,22,17,14,0,0,3
335989,2,ae78bc32,2007/08,2008,24,18,12,0,1,1
335990,2,0dc00542,2007/08,2008,24,28,9,1,0,3
335991,2,98ae73b1,2007/08,2008,24,16,15,1,0,2
335994,1,e0351c86,2007/08,2008,24,30,11,1,1,1
335995,2,64c34cd0,2007/08,2008,21,32,8,2,1,1
335996,2,c3d35165,2007/08,2008,24,38,6,3,0,1
335996,2,6ad3a659,2007/08,2008,24,38,5,0,0,2
336004,1,64c34cd0,2007/08,2008,6,6,3,0,0,1
336007,1,57efa3be,2007/08,2008,18,24,8,1,0,1
336009,1,b2b50355,2007/08,2008,24,35,5,0,0,2
336014,2,16dfcc19,2007/08,2008,24,43,8,3,3,1
336018,1,88fccd6c,2007/08,2008,24,9,17,0,0,1
336018,1,87e562a9,2007/08,2008,24,37,9,0,0,2
336020,2,ee7d0c82,2007/08,2008,24,42,9,0,0,2
336021,2,10a91f35,2007/08,2008,12,29,4,1,0,1
336024,1,fe763256,2007/08,2008,18,25,6,2,0,2
336032,1,6b19d823,2007/08,2008,24,23,8,0,0,1
336038,2,bb18be76,2007/08,2008,24,21,11,0,0,2
392181,1,9f961c14,2009,2009,24,25,6,0,0,1
392181,2,a12e1d51,2009,2009,24,15,13,2,0,3
392184,1,2a72fd4f,2009,2009,24,23,10,1,0,1
392188,1,8fd1a8f5,2009,2009,18,21,9,0,0,1
392194,2,af7dadf7,2009,2009,6,8,2,0,0,1
392196,2,1dc12ab9,2009,2009,24,18,10,0,0,2
392200,2,5f26df4f,2009,2009,12,12,7,0,1,1
392200,2,4353bba5,2009,2009,24,19,15,3,0,2
392205,1,3c6ffae8,2009,2009,24,19,15,0,0,1
392205,1,63bff7f9,2009,2009,24,25,12,0,0,2
392205,2,a7c226e1,2009,2009,22,17,12,1,0,1
392209,2,4ba44e19,2009,2009,18,11,9,1,0,2
392215,1,96fd40ae,2009,2009,24,27,12,3,1,2
392216,2,8a668774,2009,2009,18,25,5,0,0,2
392217,1,4ba44e19,2009,2009,24,22,12,0,0,2
392218,2,f24ca2ba,2009,2009,24,32,6,0,0,1
392221,1,41eb4a4f,2009,2009,24,33,11,0,0,2
392224,1,0c2730df,2009,2009,24,12,14,0,0,2
392226,1,5fa06777,2009,2009,24,22,8,0,0,2
392228,2,b57f8a9a,2009,2009,18,23,6,0,0,1
392229,2,5d096f3d,2009,2009,12,11,7,1,0,2
392229,2,1c914163,2009,2009,24,13,15,0,0,3
392232,1,0c2730df,2009,2009,24,24,7,2,0,2
392236,1,bd77eb62,2009,2009,24,15,10,0,0,1
419113,2,495d42a5,2009/10,2010,24,22,11,0,0,1
419117,1,c18496e1,2009/10,2010,12,19,2,0,0,1
419117,2,bcce309e,2009/10,2010,24,27,14,1,0,2
419120,1,32198ae0,2009/10,2010,24,35,10,0,0,1
419124,2,3d7e087f,2009/10,2010,24,25,10,1,1,2
419125,2,b2b50355,2009/10,2010,24,47,7,5,0,1
419127,1,5fa06777,2009/10,2010,24,42,10,2,0,2
419127,2,db584dad,2009/10,2010,18,23,5,2,0,1
419128,2,16043342,2009/10,2010,24,42,6,0,0,2
419129,2,addfb70e,2009/10,2010,24,22,11,0,0,2
419131,2,cc1e8c68,2009/10,2010,24,27,8,2,1,2
419133,2,8fd1a8f5,2009/10,2010,24,20,8,1,0,1
419133,2,86dc8f2e,2009/10,2010,18,21,4,0,0,1
419134,2,a386e91b,2009/10,2010,6,6,1,0,0,1
419142,2,c24a2c5d,2009/10,2010,18,20,6,1,0,1
419148,2,896d78ad,2009/10,2010,18,25,4,0,0,1
419149,1,5fa06777,2009/10,2010,22,24,11,3,0,3
419150,2,d2a989fc,2009/10,2010,24,40,10,5,0,1
419151,1,0c2730df,2009/10,2010,24,27,9,0,1,1
419154,2,3d7e087f,2009/10,2010,22,32,8,0,0,2
419155,1,8ba8195d,2009/10,2010,24,18,13,0,0,2
419155,1,6b19d823,2009/10,2010,24,13,13,0,1,1
419156,2,98ae73b1,2009/10,2010,24,24,7,0,0,1
419160,1,6b19d823,2009/10,2010,24,28,9,0,0,1
419161,1,1e66c162,2009/10,2010,24,27,8,0,0,1
419161,2,626c5379,2009/10,2010,12,11,6,1,0,1
501200,2,b2570b38,2011,2011,6,20,1,0,0,1
501201,1,a12e1d51,2011,2011,22,13,16,1,0,5
501206,1,12eddf28,2011,2011,24,25,13,0,0,1
501207,2,41eb4a4f,2011,2011,18,15,9,3,0,1
501208,2,8fd1a8f5,2011,2011,24,24,13,0,2,3
501216,1,66b30f71,2011,2011,24,33,8,0,0,1
501219,1,dd09ff8e,2011,2011,24,33,9,1,0,1
501220,1,4329fbb5,2011,2011,24,24,10,0,0,2
501221,1,f5f18a18,2011,2011,18,31,8,3,0,1
501227,2,662c47a6,2011,2011,6,3,3,0,0,1
501230,2,b2b50355,2011,2011,24,38,8,0,0,2
501233,1,41eb4a4f,2011,2011,24,41,7,0,0,1
501236,1,6c6591ab,2011,2011,24,26,8,1,0,3
501238,1,c3d1402f,2011,2011,24,28,9,1,0,1
501239,2,dd09ff8e,2011,2011,24,30,9,0,0,1
501240,1,f5f18a18,2011,2011,24,32,9,0,0,1
501241,1,5d9a1a73,2011,2011,24,7,17,0,0,2
501241,2,f0f628c7,2011,2011,24,30,8,0,0,1
501242,1,33a364a6,2011,2011,18,22,2,0,0,1
501243,2,5bb1a1c4,2011,2011,24,16,16,1,1,2
501244,2,957532de,2011,2011,24,14,14,0,0,4
501245,1,85aae393,2011,2011,24,15,13,1,0,1
501250,1,5d9a1a73,2011,2011,24,24,5,0,0,1
501250,1,3d8feaf8,2011,2011,24,25,8,0,0,4
501251,2,e938e1bc,2011,2011,24,19,17,0,0,2
501255,1,d1c94b25,2011,2011,18,10,9,0,0,2
501260,2,12eddf28,2011,2011,18,28,10,4,0,3
501261,2,45c2196c,2011,2011,24,38,5,3,0,1
501262,1,b2b50355,2011,2011,6,7,2,0,1,2
501264,2,8fd1a8f5,2011,2011,18,13,11,0,0,1
501269,1,d2a989fc,2011,2011,24,32,9,2,0,1
501270,2,c64c2443,2011,2011,24,25,9,0,0,2
548306,2,45c2196c,2012,2012,23,34,9,1,0,1
548307,1,cc1e8c68,2012,2012,12,9,5,0,0,2
548308,1,f0f628c7,2012,2012,24,26,10,0,0,2
548310,2,d7c6af50,2012,2012,24,28,7,1,0,1
548311,1,8fd1a8f5,2012,2012,24,25,10,5,0,2
548312,1,dd09ff8e,2012,2012,24,29,14,0,1,2
548313,1,3edb58fc,2012,2012,24,23,9,0,0,1
548313,2,91ffa6c6,2012,2012,18,25,2,2,0,1
548318,2,4ba44e19,2012,2012,24,21,10,0,0,3
548322,1,96fd40ae,2012,2012,24,43,4,1,0,1
548324,2,7c503806,2012,2012,24,30,12,0,0,1
548326,2,6b19d823,2012,2012,24,32,6,1,0,3
548327,1,d7c6af50,2012,2012,24,34,6,0,0,1
548334,1,1a0c3177,2012,2012,24,23,11,4,0,2
548341,1,5d9a1a73,2012,2012,24,39,9,0,0,1
548341,2,1c2a64cd,2012,2012,24,32,6,0,0,2
548343,2,98ae73b1,2012,2012,24,20,11,1,0,2
548346,2,8fd1a8f5,2012,2012,24,10,17,3,0,2
548347,2,87e562a9,2012,2012,24,27,6,0,0,2
548352,1,1c2a64cd,2012,2012,12,16,3,0,1,1
548352,2,f3171936,2012,2012,24,31,8,0,0,1
548353,2,33a364a6,2012,2012,24,27,5,0,0,1
548354,2,3d7e087f,2012,2012,24,28,8,0,0,1
548357,1,9fc0ef64,2012,2012,24,42,5,5,0,1
548357,2,5bb5a915,2012,2012,24,35,6,1,0,1
548359,1,0a476045,2012,2012,12,8,4,0,0,1
548359,2,e938e1bc,2012,2012,24,15,12,0,0,2
548360,1,f986ca1a,2012,2012,24,24,10,0,0,2
548361,1,f3171936,2012,2012,24,8,15,0,0,2
548362,1,896d78ad,2012,2012,18,14,9,1,0,1
548366,2,6b19d823,2012,2012,18,31,5,0,0,1
548369,1,0a3d54b9,2012,2012,24,19,10,0,0,2
548370,2,7dc35884,2012,2012,24,25,12,1,0,1
548371,2,f3171936,2012,2012,24,20,15,0,0,1
548372,2,41eb4a4f,2012,2012,24,35,9,1,0,2
548377,1,d2a989fc,2012,2012,24,18,15,3,0,3
548381,2,c3d35165,2012,2012,24,38,5,2,0,1
597999,2,abfeb126,2013,2013,24,24,9,2,0,1
598000,1,66b30f71,2013,2013,24,29,10,1,0,2
598000,2,8fd1a8f5,2013,2013,23,11,14,0,0,3
598004,1,6b19d823,2013,2013,24,15,13,0,0,1
598004,1,1c2a64cd,2013,2013,6,7,2,0,0,1
598005,2,de4b0555,2013,2013,18,28,8,2,0,2
598006,2,8b5b6769,2013,2013,24,25,8,0,0,1
598014,1,808f425a,2013,2013,23,30,9,0,0,2
598014,2,e938e1bc,2013,2013,24,10,17,1,0,2
598019,1,a757b0d8,2013,2013,12,24,5,2,0,1
598020,2,fe93fd9d,2013,2013,24,21,8,0,0,1
598022,2,4c4fa80b,2013,2013,24,18,16,0,0,1
598024,2,a12e1d51,2013,2013,24,26,10,0,0,1
598029,1,6c6591ab,2013,2013,24,21,9,0,0,2
598029,2,33a364a6,2013,2013,23,32,5,0,0,1
598030,2,8fd1a8f5,2013,2013,24,45,9,1,0,1
598031,2,2a72fd4f,2013,2013,20,24,8,0,1,1
598034,1,9d430b40,2013,2013,24,35,8,0,0,1
598036,1,6b8eb6e5,2013,2013,24,35,11,0,2,1
598038,2,fe93fd9d,2013,2013,24,26,14,0,1,1
598039,1,5bb1a1c4,2013,2013,24,15,15,0,1,2
1082594,2,66b30f71,2017,2017,18,26,7,0,0,1
1082598,1,2e171977,2017,2017,24,12,13,0,0,1
1082599,2,ded9240e,2017,2017,19,24,6,1,0,2
1082600,1,8b5b6769,2017,2017,24,23,14,0,0,2
1082606,1,8b5b6769,2017,2017,24,22,9,0,0,1
1082608,2,6b19d823,2017,2017,17,26,6,1,0,1
1082609,2,2e81a32d,2017,2017,24,19,14,0,1,5
1082609,2,5f547c8b,2017,2017,24,42,9,1,0,2
1082613,1,e938e1bc,2017,2017,12,24,4,0,0,1
1082617,1,957532de,2017,2017,21,27,7,0,0,1
1082623,1,759ac88f,2017,2017,18,34,2,0,0,1
1082626,1,b681e71e,2017,2017,24,12,15,0,0,1
1082630,2,2f49c897,2017,2017,24,41,7,0,0,2
1082633,1,4329fbb5,2017,2017,24,43,5,1,0,1
1082634,1,5f547c8b,2017,2017,24,18,8,0,0,1
1082635,2,8b5b6769,2017,2017,24,22,15,0,0,3
1082639,2,39a2dfa8,2017,2017,24,18,8,1,0,2
1082641,2,b681e71e,2017,2017,12,8,4,0,0,1
1082643,2,e938e1bc,2017,2017,24,22,13,1,0,2
1082644,2,41eb4a4f,2017,2017,18,31,6,3,0,2
1082646,1,ded9240e,2017,2017,24,21,9,2,0,2
1136565,2,e86754b2,2018,2018,18,39,3,0,0,2
1136566,1,a818c1be,2018,2018,18,26,9,0,0,1
1136567,1,ce820073,2018,2018,24,25,13,0,0,2
1136570,2,9d430b40,2018,2018,24,17,11,1,0,2
1136573,1,9d80c5e1,2018,2018,24,43,7,0,0,1
1136574,1,cc1e8c68,2018,2018,24,36,9,1,0,2
1136574,2,a9fd84fb,2018,2018,24,25,7,1,0,1
1136575,1,fb2d1dda,2018,2018,12,11,4,0,0,2
1136576,1,5f547c8b,2018,2018,24,55,8,0,0,1
1136579,2,a818c1be,2018,2018,24,33,6,0,0,1
1136579,2,b681e71e,2018,2018,12,13,6,1,0,1
1136587,1,5b8c830e,2018,2018,24,32,9,1,0,2
1136587,2,8b5b6769,2018,2018,23,20,7,0,0,1
1136588,2,871e9faf,2018,2018,12,26,2,0,0,1
1136588,2,5f547c8b,2018,2018,24,31,4,0,0,1
1136590,2,f834dcfc,2018,2018,24,26,11,2,0,1
1136591,2,cc1e8c68,2018,2018,24,29,9,2,0,2
1136596,2,9a963804,2018,2018,24,27,6,1,0,1
1136600,2,641ac5ff,2018,2018,24,14,11,0,0,1
1136601,1,98ae73b1,2018,2018,24,48,9,0,0,3
1136603,2,8b5b6769,2018,2018,12,29,5,0,0,1
1136604,2,9d430b40,2018,2018,24,44,6,0,0,1
1136606,1,87e562a9,2018,2018,24,39,6,2,0,1
1136606,2,ce820073,2018,2018,24,36,8,1,0,1
1136608,1,cc1e8c68,2018,2018,24,23,15,0,0,3
1136609,1,bbd41817,2018,2018,18,13,8,0,0,2
1136613,2,7a8bd078,2018,2018,24,16,10,0,0,4
1136615,1,5b8c830e,2018,2018,12,11,4,0,0,1
1136616,1,fe93fd9d,2018,2018,18,23,4,0,0,1
1136617,1,23eeb873,2018,2018,24,31,12,2,0,1
1136617,1,f834dcfc,2018,2018,24,20,10,0,0,1
1175357,2,dcf81436,2019,2019,24,35,6,0,0,1
1175361,1,a316d663,2019,2019,24,36,10,2,0,1
1175361,1,7c7d63a2,2019,2019,24,37,7,0,0,1
1175363,1,5f547c8b,2019,2019,24,24,10,0,0,1
1175364,2,5b8c830e,2019,2019,24,43,2,1,0,2
1175370,2,a12e1d51,2019,2019,24,34,13,0,1,3
1175371,2,e62dd25d,2019,2019,21,32,7,0,0,1
1178395,1,fb66ce1f,2019,2019,24,28,10,1,1,2
1178400,2,e087956b,2019,2019,18,39,5,3,1,2
1178404,1,acee4cc4,2019,2019,24,27,9,1,0,4
1178408,1,a2f46292,2019,2019,24,22,12,1,0,1
1178414,1,fe93fd9d,2019,2019,24,29,8,0,0,2
1178414,1,87e562a9,2019,2019,24,34,7,0,0,2
1178415,1,e62dd25d,2019,2019,24,37,8,1,0,2
1178417,2,21d4e29b,2019,2019,24,33,10,0,0,2
1178418,2,85e0cf10,2019,2019,20,43,5,1,0,1
1178418,2,bbd41817,2019,2019,18,32,5,0,0,1
1178421,1,cc1e8c68,2019,2019,24,39,8,0,0,1
1178421,2,e62dd25d,2019,2019,24,31,8,1,0,2
1178428,1,5bb1a1c4,2019,2019,24,38,12,5,0,3
1181766,1,75224f22,2019,2019,24,32,9,5,1,3
1181767,1,23eeb873,2019,2019,24,28,10,1,0,2
1216492,1,f834dcfc,2020/21,2021,24,38,8,2,0,3
1216494,1,57ee1fde,2020/21,2021,24,15,13,0,0,2
1216496,1,23eeb873,2020/21,2021,24,31,7,0,0,1
1216498,1,5f547c8b,2020/21,2021,24,14,15,0,0,2
1216498,2,e2db2409,2020/21,2021,24,27,12,0,0,1
1216500,2,d9273ee7,2020/21,2021,12,17,6,1,0,2
1216501,1,e94915e6,2020/21,2021,24,26,8,0,0,2
1216501,1,1abb78f8,2020/21,2021,24,28,11,2,0,2
1216502,1,ce820073,2020/21,2021,24,20,9,1,0,2
1216502,1,0f721006,2020/21,2021,24,27,8,1,0,2
1216505,2,2f49c897,2020/21,2021,18,29,8,2,0,1
1216514,1,57ee1fde,2020/21,2021,24,24,9,0,0,3
1216515,1,bbd41817,2020/21,2021,24,29,11,0,0,2
1216515,2,e62dd25d,2020/21,2021,24,51,8,0,0,1
1216515,2,6b19d823,2020/21,2021,12,14,5,0,1,1
1216517,1,ffe699c0,2020/21,2021,18,32,6,0,0,1
1216519,1,2f49c897,2020/21,2021,24,34,11,1,1,2
1216520,1,ffe699c0,2020/21,2021,24,25,10,2,0,2
1216522,1,57ee1fde,2020/21,2021,24,34,8,1,2,2
1216522,2,7a8bd078,2020/21,2021,24,32,4,1,0,1
1216523,1,df064e1a,2020/21,2021,24,25,7,0,0,1
1216524,2,5f547c8b,2020/21,2021,24,7,17,0,0,3
1216532,2,5f547c8b,2020/21,2021,24,14,12,0,0,3
1216533,1,5574750c,2020/21,2021,24,20,11,0,0,1
1216533,1,7a8bd078,2020/21,2021,24,14,12,0,0,1
1216533,2,03806cf8,2020/21,2021,24,19,13,0,0,1
1216537,1,5574750c,2020/21,2021,24,26,13,0,0,2
1216540,2,ac5ae4af,2020/21,2021,12,19,4,0,0,1
1237178,2,14f96089,2020/21,2021,24,12,14,1,0,1
1237180,2,d9273ee7,2020/21,2021,18,26,5,1,0,3
1237181,1,81049310,2020/21,2021,24,25,7,0,0,1
1237181,2,acdc62f5,2020/21,2021,16,25,6,0,0,2
1254058,2,a818c1be,2021,2021,24,36,12,6,0,1
1254059,1,e86754b2,2021,2021,24,40,7,1,0,1
1254062,1,85e0cf10,2021,2021,24,42,7,0,0,1
1254064,1,fb66ce1f,2021,2021,18,27,7,2,0,1
1254066,2,a818c1be,2021,2021,22,28,12,0,0,3
1254069,1,39a2dfa8,2021,2021,18,21,8,0,0,1
1254070,2,a757b0d8,2021,2021,7,9,3,0,1,1
1254072,2,23eeb873,2021,2021,24,29,13,0,0,4
1254077,2,2e171977,2021,2021,24,26,10,0,0,2
1254079,2,f986ca1a,2021,2021,24,37,5,2,0,2
1254081,1,462411b3,2021,2021,24,15,11,0,0,1
1254081,2,fb66ce1f,2021,2021,24,33,6,0,0,2
1254086,2,64775749,2021,2021,22,35,6,3,0,1
1254088,1,5f547c8b,2021,2021,24,40,4,0,0,2
1254092,1,13c35c9e,2021,2021,24,29,9,1,0,1
1254093,1,9219eff0,2021,2021,24,12,13,0,0,3
1254094,1,ffe699c0,2021,2021,18,20,6,1,0,2
1254109,1,7dc35884,2021,2021,24,20,10,0,0,1
1254110,2,fe93fd9d,2021,2021,24,28,9,1,0,2
1254116,1,2f9d0389,2021,2021,24,26,11,0,0,1
1254116,2,eef2536f,2021,2021,24,22,9,0,0,1
1304048,2,871e9faf,2022,2022,24,35,10,3,0,3
1304051,1,ce794613,2022,2022,24,43,7,2,0,2
1304051,2,57ee1fde,2022,2022,24,22,8,0,0,3
1304055,2,21d4e29b,2022,2022,18,36,8,1,1,2
1304057,2,50c6bc2b,2022,2022,18,25,7,1,0,2
1304062,1,dbe50b21,2022,2022,24,36,9,1,0,1
1304063,2,765a4731,2022,2022,24,30,11,0,0,1
1304066,1,0f721006,2022,2022,24,50,9,0,0,2
1304069,1,871e9faf,2022,2022,24,47,6,2,0,2
1304071,1,ce794613,2022,2022,24,37,11,0,0,3
1304074,1,ce794613,2022,2022,24,38,8,5,0,1
1304075,1,7210d461,2022,2022,24,40,8,1,1,1
1304077,2,2f49c897,2022,2022,24,31,11,1,0,1
1304078,1,8d2c70ad,2022,2022,24,24,9,0,0,2
1304083,2,0f721006,2022,2022,24,36,8,2,0,1
1304088,1,e62dd25d,2022,2022,24,38,12,1,0,4
1304088,2,327b58d3,2022,2022,24,17,17,2,0,2
1304089,1,9fc0ef64,2022,2022,24,19,12,0,0,2
1304089,2,f9e6e7ef,2022,2022,18,26,4,0,1,2
1304090,2,2e78f685,2022,2022,20,29,6,1,0,1
1304095,1,bb351c23,2022,2022,24,28,7,3,0,2
1304097,1,5f547c8b,2022,2022,24,24,10,0,0,2
1304097,1,2f9d0389,2022,2022,24,34,11,0,1,1
1304098,2,244048f6,2022,2022,24,29,8,1,0,2
1304099,2,c33d8116,2022,2022,18,6,14,0,0,1
1304100,2,f986ca1a,2022,2022,20,20,8,1,0,1
1304105,2,765a4731,2022,2022,24,23,16,3,0,3
1304106,2,e62dd25d,2022,2022,24,21,15,3,0,3
1304109,2,85e0cf10,2022,2022,24,32,13,6,0,2
1304110,1,50c6bc2b,2022,2022,24,27,8,2,0,3
1304110,2,acdc62f5,2022,2022,24,29,11,1,1,1
1304114,1,a818c1be,2022,2022,24,44,10,0,0,1
1312198,1,c33d8116,2022,2022,24,25,13,1,0,1
1312199,1,a818c1be,2022,2022,24,28,13,0,0,1
1359476,2,26d041c4,2023,2023,18,25,4,1,0,1
1359478,1,81c08fa3,2023,2023,18,32,3,1,0,1
1359479,1,f986ca1a,2023,2023,24,43,6,2,1,1
1359481,1,8cf9814c,2023,2023,24,41,15,10,0,3
1359485,1,8d2c70ad,2023,2023,24,31,8,0,0,1
1359487,2,b0946605,2023,2023,24,27,13,0,0,2
1359488,2,2ed569a0,2023,2023,18,28,8,0,0,1
1359494,2,f986ca1a,2023,2023,24,32,7,3,0,1
1359495,1,26d041c4,2023,2023,12,19,2,0,1,1
1359498,2,f24c6701,2023,2023,24,41,3,1,0,1
1359501,1,9eb1455b,2023,2023,24,41,7,2,0,1
1359502,2,e4cdf230,2023,2023,24,19,13,2,0,2
1359504,2,efc04be7,2023,2023,24,18,13,0,0,2
1359507,2,b483905d,2023,2023,24,29,13,1,0,1
1359508,1,f19ccfad,2023,2023,24,28,10,0,0,3
1359508,2,8d2c70ad,2023,2023,24,22,6,0,0,1
1359510,2,bbd41817,2023,2023,24,29,11,0,0,2
1359513,1,9061a703,2023,2023,24,25,12,0,0,2
1359513,2,bbd41817,2023,2023,18,29,6,1,0,1
1359514,2,2e81a32d,2023,2023,24,45,5,3,0,1
1359515,1,2ed569a0,2023,2023,24,35,7,0,0,1
1359515,1,26d041c4,2023,2023,18,31,6,0,0,1
1359515,2,46a9bea1,2023,2023,24,49,8,2,0,3
1359518,2,5bb1a1c4,2023,2023,24,23,12,2,0,2
1359518,2,acdc62f5,2023,2023,24,39,11,2,0,1
1359520,2,26a85969,2023,2023,18,20,10,0,0,1
1359521,1,a9fd84fb,2023,2023,24,29,8,0,0,1
1359521,2,e4cdf230,2023,2023,18,26,6,1,0,1
1359532,1,4b31f3a3,2023,2023,24,28,11,0,0,1
1359533,1,2e171977,2023,2023,24,27,11,6,0,1
1359538,2,a2f46292,2023,2023,18,20,11,0,1,1
1359540,2,2ed569a0,2023,2023,22,28,5,0,0,1
1359541,1,a2f46292,2023,2023,24,45,8,2,1,1
1359541,2,46a9bea1,2023,2023,24,26,10,1,0,1
1359542,2,90de905a,2023,2023,24,26,9,2,0,1
1359542,2,df064e1a,2023,2023,24,23,10,0,0,2
1359542,2,4b31f3a3,2023,2023,18,31,7,3,0,2
1359544,1,8cf9814c,2023,2023,24,39,8,1,0,1
1359544,1,5f547c8b,2023,2023,24,24,5,0,0,1
1370352,1,4bd09374,2023,2023,24,52,7,0,2,1
1370352,2,9061a703,2023,2023,18,26,6,1,0,1
1422121,2,5b7ab5a9,2024,2024,24,55,8,0,0,1
1422123,2,83c3e8e3,2024,2024,12,25,3,0,0,2
1422125,1,c7a995d3,2024,2024,18,28,6,2,0,1
1422125,2,64839cb3,2024,2024,24,29,13,5,0,1
1422127,2,465aa633,2024,2024,18,29,8,0,0,2
1422127,2,eef2536f,2024,2024,24,29,8,1,0,1
1422128,1,bbd41817,2024,2024,24,29,11,1,0,2
1422131,1,fe93fd9d,2024,2024,24,43,5,0,0,1
1422131,2,2e171977,2024,2024,18,20,5,0,0,1
1422134,2,7c3b3b78,2024,2024,24,27,13,3,0,3
1422136,2,23eeb873,2024,2024,19,32,9,0,0,1
1422139,1,cc1e8c68,2024,2024,18,22,11,0,0,2
1426265,1,57ee1fde,2024,2024,24,31,5,2,1,1
1426265,2,f986ca1a,2024,2024,12,21,1,0,0,1
1426266,1,9d430b40,2024,2024,24,17,7,0,0,1
1426268,1,2f9d0389,2024,2024,24,52,6,0,0,2
1426272,2,64839cb3,2024,2024,24,29,7,2,0,1
1426277,2,64839cb3,2024,2024,24,35,7,2,0,2
1426278,1,cdc6bdba,2024,2024,18,15,12,1,0,3
1426278,2,acdc62f5,2024,2024,18,48,6,0,0,1
1426278,2,8d2c70ad,2024,2024,24,29,5,1,0,2
1426282,1,eef2536f,2024,2024,24,42,6,1,1,1
1426283,2,c7a995d3,2024,2024,18,30,4,0,0,1
1426288,1,eef2536f,2024,2024,24,39,12,3,0,2
1426291,1,244048f6,2024,2024,24,42,6,1,0,2
1426293,1,fcc21ace,2024,2024,24,42,8,1,2,1
1426294,2,8d2c70ad,2024,2024,24,25,10,0,1,2
1426294,2,b8527c3d,2024,2024,18,36,6,1,0,1
1426298,2,bbd41817,2024,2024,18,34,4,2,0,2
1426299,2,57ee1fde,2024,2024,24,22,8,1,0,1
1426300,2,983f2f61,2024,2024,6,9,2,0,0,1
1426300,2,eaa76d3c,2024,2024,24,19,12,2,0,1
1426303,1,244048f6,2024,2024,24,31,11,0,0,1
1426303,1,f986ca1a,2024,2024,24,28,8,1,0,2
598042,1,ea0cdc12,2013,2013,24,25,10,0,0,0
598045,1,98ae73b1,2013,2013,24,27,9,0,0,0
598048,2,6b19d823,2013,2013,24,42,7,2,0,0
598049,2,fa463154,2013,2013,12,22,3,0,0,0
598049,2,27af6414,2013,2013,6,12,1,1,0,0
598051,2,0f721006,2013,2013,18,28,8,1,0,0
598061,2,b2570b38,2013,2013,6,5,4,0,0,0
598063,1,bd17b45f,2013,2013,6,11,1,0,0,0
598064,2,c3d1402f,2013,2013,18,38,5,1,0,0
598065,1,b57f8a9a,2013,2013,6,3,3,0,0,0
598067,2,1c914163,2013,2013,12,17,1,0,0,0
729303,2,a757b0d8,2014,2014,6,10,0,0,0,0
729315,1,9d430b40,2014,2014,24,28,9,0,0,0
733971,2,1dc12ab9,2014,2014,6,10,2,0,0,0
733977,2,8fd1a8f5,2014,2014,24,39,10,1,0,0
733979,2,13c35c9e,2014,2014,18,33,6,2,0,0
733989,1,dfc4d8b5,2014,2014,24,28,8,0,0,0
733993,1,119678fd,2014,2014,18,29,7,1,0,0
734001,1,8b5b6769,2014,2014,24,27,12,1,0,0
734001,1,6c6591ab,2014,2014,24,32,11,0,0,0
734001,1,a757b0d8,2014,2014,12,21,4,1,0,0
734001,2,5fa06777,2014,2014,12,29,4,0,0,0
734001,2,6b19d823,2014,2014,18,33,3,0,0,0
734029,1,9170ff49,2014,2014,24,35,5,0,0,0
734031,2,462411b3,2014,2014,24,36,7,0,0,0
734035,2,90edaaa9,2014,2014,6,7,2,0,0,0
734039,2,9d80c5e1,2014,2014,12,24,2,1,0,0
829705,1,9d430b40,2015,2015,24,28,10,0,0,0
829709,2,fb66ce1f,2015,2015,24,21,14,1,0,0
829723,2,87e562a9,2015,2015,12,27,2,0,0,0
829731,1,119678fd,2015,2015,12,25,2,0,0,0
829749,2,808f425a,2015,2015,12,17,3,0,0,0
829763,1,6aed7e79,2015,2015,18,39,2,0,0,0
829769,1,bd17b45f,2015,2015,12,17,2,0,0,0
829781,1,8fd1a8f5,2015,2015,24,37,8,1,0,0
829783,1,41eb4a4f,2015,2015,18,31,5,0,0,0
829785,2,aa8d28ae,2015,2015,6,4,2,0,0,0
829787,1,73ad96ed,2015,2015,18,34,3,1,0,0
829791,1,f708a0bc,2015,2015,24,30,9,2,0,0
829807,2,8fd1a8f5,2015,2015,6,17,1,0,0,0
829819,1,4329fbb5,2015,2015,24,32,7,4,0,0
980901,2,462411b3,2016,2016,18,30,10,0,1,0
980921,2,57ee1fde,2016,2016,13,23,2,1,0,0
980923,1,c18496e1,2016,2016,24,40,6,0,0,0
980937,1,c8179c68,2016,2016,18,28,2,0,0,0
980939,1,bbd41817,2016,2016,12,16,3,0,0,0
980949,1,808f425a,2016,2016,12,22,0,0,0,0
980951,1,f708a0bc,2016,2016,24,39,1,0,0,0
980967,1,1c914163,2016,2016,12,13,2,1,0,0
980977,1,d9273ee7,2016,2016,18,35,2,0,0,0
980979,1,33a364a6,2016,2016,18,26,5,0,0,0
980983,2,0a8fce53,2016,2016,24,39,6,1,0,0
980985,2,5b8c830e,2016,2016,24,32,8,0,0,0
980985,2,462411b3,2016,2016,12,13,2,1,0,0
980991,2,4b57e452,2016,2016,6,8,2,1,0,0
980991,2,759ac88f,2016,2016,22,40,3,1,0,0
980993,2,fb2d1dda,2016,2016,6,3,3,0,0,0
980999,2,ffe699c0,2016,2016,6,12,1,0,0,0
981007,2,51a3c5ef,2016,2016,23,38,7,0,0,0
981017,2,e938e1bc,2016,2016,20,32,7,1,0,0
981019,1,4329fbb5,2016,2016,24,61,7,2,0,0
1426306,2,119678fd,2024,2024,6,14,0,0,0,0
1426307,2,2ed569a0,2024,2024,24,43,6,1,0,0
1426312,2,2e81a32d,2024,2024,12,25,5,1,0,0
1473439,2,f29185a1,2025,2025,12,17,6,0,0,0
1473443,2,fb2d1dda,2025,2025,6,9,0,0,0,0
1473447,1,5ffc0565,2025,2025,12,21,2,1,1,0
1473447,2,8cf9814c,2025,2025,18,31,6,1,0,0
1473454,2,759ac88f,2025,2025,18,27,3,3,1,0
1473457,2,1e66c162,2025,2025,12,16,2,0,0,0
1473457,2,08548b13,2025,2025,6,12,1,0,0,0
1473457,2,f29185a1,2025,2025,6,18,1,1,0,0
1473459,2,d9273ee7,2025,2025,6,10,2,1,0,0
1473464,1,36619795,2025,2025,24,41,4,2,0,0
1473464,2,4b31f3a3,2025,2025,15,40,3,2,1,0
1473465,2,5574750c,2025,2025,24,36,11,2,1,0
1473465,2,f24c6701,2025,2025,12,21,2,0,0,0
1473465,2,a97c8ec2,2025,2025,18,33,5,0,0,0
1473471,2,7210d461,2025,2025,13,18,5,2,0,0
1473484,2,62175638,2025,2025,6,30,0,0,0,0
1473489,1,fe93fd9d,2025,2025,18,26,7,1,0,0
1473491,2,54e52590,2025,2025,18,49,3,0,0,0
1473499,2,6a26221c,2025,2025,6,14,1,0,0,0
1473509,2,dbe50b21,2025,2025,18,37,3,0,0,0
1473510,1,244048f6,2025,2025,24,44,4,2,0,0
1527676,2,efc04be7,2026,2026,12,24,3,0,0,0
1527676,2,59559bc2,2026,2026,6,14,1,0,0,0
1527679,1,9d430b40,2026,2026,24,39,6,0,0,0
1527683,2,1e66c162,2026,2026,23,50,6,0,0,0
1529264,1,df064e1a,2026,2026,18,35,1,0,0,0
1529277,2,85e0cf10,2026,2026,12,31,1,0,0,0
1529283,1,fe93fd9d,2026,2026,24,32,2,0,0,0
1529284,1,ded9240e,2026,2026,24,39,5,1,0,0
1529288,2,f29185a1,2026,2026,12,14,4,0,0,0
1529292,1,81c36ee9,2026,2026,24,61,3,2,0,0
1529297,1,9440ef41,2026,2026,12,21,1,0,0,0
1529301,1,462411b3,2026,2026,24,35,8,2,0,0
1529301,2,244048f6,2026,2026,24,29,10,1,0,0
1529302,1,80b2fb19,2026,2026,24,49,6,2,0,0
1529303,1,0f721006,2026,2026,24,39,5,0,1,0
1529308,2,dbe50b21,2026,2026,12,13,6,1,0,0
1529310,1,2e81a32d,2026,2026,24,51,5,3,0,0
1529310,1,c5aef772,2026,2026,18,37,2,2,0,0
1529310,2,aad0c365,2026,2026,6,10,1,1,0,0
1535462,1,5f547c8b,2026,2026,18,29,3,0,0,0
1535462,1,fa2f1dde,2026,2026,12,31,3,1,2,0
335987,2,3dba85c2,2007/08,2008,6,12,1,0,0,0
335988,2,bcce309e,2007/08,2008,18,22,7,1,0,0
335989,1,87e562a9,2007/08,2008,18,36,3,1,0,0
335989,1,38f2c66c,2007/08,2008,6,16,1,5,0,0
335993,2,b1451597,2007/08,2008,12,18,2,0,0,0
335997,1,96fd40ae,2007/08,2008,6,9,3,0,0,0
336000,1,725529bc,2007/08,2008,6,14,1,0,0,0
336018,2,b2b50355,2007/08,2008,12,9,9,3,0,0
336018,2,4ba44e19,2007/08,2008,12,20,3,1,0,0
336023,1,888e32bf,2007/08,2008,12,29,5,5,1,0
336027,1,4329fbb5,2007/08,2008,24,36,7,1,0,0
336035,2,5fa06777,2007/08,2008,22,36,10,1,0,0
336036,2,a45a5e8d,2007/08,2008,6,4,2,0,0,0
392184,1,a7c226e1,2009,2009,24,6,17,0,0,0
392184,2,725529bc,2009,2009,6,8,1,0,0,0
392186,2,7ca5e05d,2009,2009,2,1,1,0,0,0
392190,2,3c6ffae8,2009,2009,24,27,12,4,0,0
392195,1,bb18be76,2009,2009,24,37,7,0,0,0
392196,2,3eac9d95,2009,2009,18,28,3,0,0,0
392201,1,5bdcdb72,2009,2009,6,15,1,0,0,0
392202,1,6ef60d3a,2009,2009,16,35,3,0,1,0
392208,1,e938e1bc,2009,2009,18,15,10,0,0,0
392210,1,1c914163,2009,2009,6,9,0,0,0,0
392211,2,b57f8a9a,2009,2009,12,18,4,7,0,0
392214,1,034b4b7d,2009,2009,12,36,3,0,0,0
392218,1,66cf56a5,2009,2009,24,42,7,3,0,0
392221,2,896d78ad,2009,2009,14,31,2,1,0,0
392222,2,1c914163,2009,2009,12,14,5,0,0,0
392230,1,5b040b81,2009,2009,18,23,6,0,0,0
392230,1,bb18be76,2009,2009,24,28,4,0,0,0
392232,2,260fd380,2009,2009,24,30,13,0,0,0
392235,2,a45a5e8d,2009,2009,12,25,3,0,0,0
392236,1,aaa1b522,2009,2009,6,18,1,0,0,0
392236,2,86dc8f2e,2009,2009,6,8,2,0,0,0
392237,2,9fc0ef64,2009,2009,16,21,7,1,0,0
392238,1,0c2730df,2009,2009,24,30,5,0,0,0
392239,1,e938e1bc,2009,2009,24,43,8,5,0,0
419106,1,6c6591ab,2009/10,2010,24,19,12,0,0,0
419109,1,9ff100a6,2009/10,2010,6,8,2,0,0,0
419113,2,1dc12ab9,2009/10,2010,6,6,2,0,0,0
419115,2,f0f628c7,2009/10,2010,18,23,8,0,0,0
419116,1,6581d753,2009/10,2010,6,14,0,0,0,0
419120,2,c3d1402f,2009/10,2010,18,31,6,0,0,0
419121,1,1dc12ab9,2009/10,2010,11,13,1,0,0,0
419127,1,5f26df4f,2009/10,2010,18,18,9,1,1,0
419132,1,a757b0d8,2009/10,2010,12,20,0,2,0,0
419136,1,e938e1bc,2009/10,2010,24,37,8,1,0,0
419136,1,39f01cdb,2009/10,2010,6,8,1,0,0,0
419137,2,1dc12ab9,2009/10,2010,6,8,0,0,0,0
419139,2,1e66c162,2009/10,2010,14,32,2,0,0,0
419148,2,5bb1a1c4,2009/10,2010,24,46,7,3,0,0
419151,1,ba607b88,2009/10,2010,12,16,3,0,0,0
419155,2,c3d35165,2009/10,2010,16,16,5,1,0,0
419158,2,4329fbb5,2009/10,2010,18,17,13,0,0,0
419165,2,495d42a5,2009/10,2010,24,24,13,2,0,0
501201,2,5fa06777,2011,2011,17,14,8,3,0,0
501202,2,98ae73b1,2011,2011,6,12,3,0,0,0
501205,1,cf73ad76,2011,2011,6,9,0,0,0,0
501206,2,57efa3be,2011,2011,6,13,1,0,0,0
501209,1,b2b50355,2011,2011,24,31,10,2,0,0
501211,1,d7c6af50,2011,2011,24,23,10,0,0,0
501212,2,8fd1a8f5,2011,2011,18,24,7,1,1,0
501218,2,3a60e0b5,2011,2011,24,28,8,0,0,0
501220,1,bd17b45f,2011,2011,12,18,1,1,0,0
501221,2,2af1b6d2,2011,2011,12,19,4,1,0,0
501221,2,740742ef,2011,2011,6,15,0,0,0,0
501222,1,5bdcdb72,2011,2011,12,15,3,1,0,0
501227,2,cc1e8c68,2011,2011,24,37,6,0,0,0
501229,2,2a2e6343,2011,2011,18,12,11,1,0,0
501234,1,26e5cabf,2011,2011,6,9,2,1,0,0
501234,2,12eddf28,2011,2011,12,13,6,5,0,0
501237,2,aaa1b522,2011,2011,6,12,0,0,0,0
501242,2,0c432afb,2011,2011,24,21,9,0,0,0
501243,1,fe763256,2011,2011,6,12,0,0,0,0
501243,2,943fd425,2011,2011,6,23,0,0,0,0
501251,1,8b5b6769,2011,2011,18,20,9,0,0,0
501251,1,d2a989fc,2011,2011,12,25,3,1,0,0
501252,2,3d7e087f,2011,2011,12,12,6,0,0,0
501254,2,b57f8a9a,2011,2011,12,26,2,0,0,0
501256,2,2a2e6343,2011,2011,18,21,7,3,0,0
501269,2,b2b50355,2011,2011,12,16,4,0,0,0
548311,1,39f82db3,2012,2012,6,11,0,0,0,0
548312,1,85aae393,2012,2012,12,16,2,0,0,0
548321,1,fa463154,2012,2012,18,42,3,1,0,0
548322,2,c3d35165,2012,2012,12,22,3,1,0,0
548328,1,3c6ffae8,2012,2012,6,7,2,0,0,0
548333,1,cc1e8c68,2012,2012,24,29,12,0,0,0
548333,2,896d78ad,2012,2012,12,32,1,2,0,0
548334,2,f0f628c7,2012,2012,24,41,6,0,0,0
548334,2,0f12f9df,2012,2012,9,19,0,0,0,0
548336,1,3d7e087f,2012,2012,24,44,7,0,1,0
548342,1,c3d1402f,2012,2012,24,41,6,2,0,0
548342,1,a757b0d8,2012,2012,6,23,0,1,0,0
548344,1,f986ca1a,2012,2012,18,35,3,0,0,0
548347,2,c8179c68,2012,2012,12,17,3,0,0,0
548348,2,8fd1a8f5,2012,2012,24,46,7,0,1,0
548349,2,5b040b81,2012,2012,6,12,1,0,0,0
548357,1,33a364a6,2012,2012,24,26,7,0,0,0
548358,2,30a45b23,2012,2012,2,5,0,0,0,0
548362,1,b552a935,2012,2012,24,46,6,1,1,0
548365,1,abfeb126,2012,2012,24,39,7,3,0,0
548372,1,bbd41817,2012,2012,24,41,7,0,1,0
548372,1,f62772e5,2012,2012,18,37,5,0,0,0
548377,2,bd17b45f,2012,2012,6,13,0,0,0,0
548379,1,c3d1402f,2012,2012,24,34,8,0,0,0
548381,2,c8179c68,2012,2012,24,38,5,0,0,0
597998,1,86dc8f2e,2013,2013,18,23,10,2,0,0
598010,2,cc1e8c68,2013,2013,18,32,5,0,0,0
598017,1,c64c2443,2013,2013,12,13,3,0,0,0
598021,1,94253925,2013,2013,6,2,4,0,0,0
598024,2,f0f628c7,2013,2013,24,36,7,0,0,0
598029,1,8b5b6769,2013,2013,12,35,2,0,1,0
598033,2,a12e1d51,2013,2013,24,25,11,0,0,0
598034,2,c404f58a,2013,2013,24,50,8,8,1,0
598037,2,a757b0d8,2013,2013,6,15,1,0,0,0
598038,1,a45a5e8d,2013,2013,18,23,3,2,0,0
598039,1,119678fd,2013,2013,24,25,8,0,0,0
1082591,1,4329fbb5,2017,2017,18,41,3,0,0,0
1082598,2,f62772e5,2017,2017,6,7,1,0,0,0
1082599,1,66b30f71,2017,2017,18,36,6,2,0,0
1082602,1,8b5b6769,2017,2017,24,23,11,0,0,0
1082604,1,c18496e1,2017,2017,12,20,6,1,0,0
1082609,2,d8b2f218,2017,2017,12,29,4,1,0,0
1082610,2,12b610c2,2017,2017,12,18,1,0,0,0
1082611,1,ded9240e,2017,2017,24,37,5,0,1,0
1082613,1,35205dfc,2017,2017,12,14,2,1,0,0
1082623,1,5bb1a1c4,2017,2017,24,41,7,0,0,0
1082623,1,2e171977,2017,2017,18,34,3,0,0,0
1082630,1,e62dd25d,2017,2017,24,59,4,0,1,0
1082634,2,2a2e6343,2017,2017,18,21,6,0,0,0
1082635,1,ded9240e,2017,2017,24,59,3,4,0,0
1082638,2,8b5b6769,2017,2017,24,23,8,0,0,0
1082641,1,8b5b6769,2017,2017,18,45,1,0,0,0
1082648,2,dcf81436,2017,2017,6,14,0,0,0,0
1082650,2,5b8c830e,2017,2017,24,31,8,0,0,0
1136561,1,fe93fd9d,2018,2018,6,9,3,0,0,0
1136564,2,d2a989fc,2018,2018,17,18,12,1,0,0
1136565,1,acee4cc4,2018,2018,24,26,10,0,0,0
1136569,1,9d80c5e1,2018,2018,12,22,4,2,0,0
1136572,1,23eeb873,2018,2018,18,37,8,1,0,0
1136575,2,7a8bd078,2018,2018,18,23,6,0,0,0
1136577,1,90de905a,2018,2018,18,35,3,0,0,0
1136578,2,c38d3503,2018,2018,18,29,8,2,0,0
1136581,1,7a8bd078,2018,2018,12,30,1,1,0,0
1136584,1,8b5b6769,2018,2018,12,24,6,0,0,0
1136585,1,26e5cabf,2018,2018,6,10,0,3,0,0
1136588,1,e087956b,2018,2018,18,20,7,0,0,0
1136590,2,87e562a9,2018,2018,18,43,3,1,0,0
1136591,2,f19ccfad,2018,2018,6,15,0,0,0,0
1136595,2,13c35c9e,2018,2018,18,30,6,0,0,0
1136596,2,2a2e6343,2018,2018,23,37,3,0,0,0
1136598,2,1e66c162,2018,2018,24,26,12,1,0,0
1136604,1,2e171977,2018,2018,24,52,4,1,0,0
1136617,2,e342e5fb,2018,2018,18,31,6,1,0,0
1136617,2,7dc35884,2018,2018,12,20,1,0,0,0
1136620,2,dcf81436,2018,2018,18,43,2,0,0,0
1175362,2,dbe50b21,2019,2019,18,37,5,0,0,0
1175366,1,2f49c897,2019,2019,24,38,7,0,0,0
1175367,2,e4a0deae,2019,2019,12,26,3,0,1,0
1178393,1,e2db2409,2019,2019,24,23,8,1,0,0
1178398,2,85e0cf10,2019,2019,24,23,12,0,1,0
1178405,1,ce820073,2019,2019,24,30,6,1,0,0
1178406,1,5b8c830e,2019,2019,6,10,1,0,0,0
1178415,2,1e66c162,2019,2019,20,36,4,0,0,0
1178417,2,57ee1fde,2019,2019,12,27,2,0,0,0
1178418,1,04a418e8,2019,2019,6,7,2,0,0,0
1178419,1,87e562a9,2019,2019,24,35,7,2,0,0
1178421,1,a4e37e47,2019,2019,6,5,1,0,0,0
1178422,1,462411b3,2019,2019,24,44,5,1,1,0
1178427,2,e94915e6,2019,2019,24,41,6,2,0,0
1178428,2,0a3d54b9,2019,2019,12,21,1,1,0,0
1178431,1,51a3c5ef,2019,2019,24,19,12,3,0,0
1181764,1,dbe50b21,2019,2019,12,13,3,0,0,0
1216493,2,acdc62f5,2020/21,2021,24,33,10,0,0,0
1216496,2,1e66c162,2020/21,2021,24,44,3,2,0,0
1216497,2,9d430b40,2020/21,2021,24,37,4,1,0,0
1216499,2,8fd1a8f5,2020/21,2021,24,43,9,3,0,0
1216503,1,df064e1a,2020/21,2021,24,37,8,1,0,0
1216510,1,21d4e29b,2020/21,2021,24,37,7,2,0,0
1216516,1,87e562a9,2020/21,2021,24,28,6,2,0,0
1216522,1,f19ccfad,2020/21,2021,18,25,7,0,0,0
1216525,1,87e562a9,2020/21,2021,18,29,2,2,0,0
1216526,2,85e0cf10,2020/21,2021,12,30,2,0,0,0
1216530,2,9d430b40,2020/21,2021,24,37,8,0,0,0
1216533,2,1abb78f8,2020/21,2021,24,34,8,1,0,0
1216535,2,495d42a5,2020/21,2021,24,18,11,0,0,0
1216535,2,d9273ee7,2020/21,2021,6,4,2,0,0,0
1216536,2,b4f5c2d9,2020/21,2021,18,34,6,0,0,0
1216542,1,b681e71e,2020/21,2021,12,26,2,0,0,0
1216545,1,c38d3503,2020/21,2021,12,15,6,1,0,0
1216546,2,d9273ee7,2020/21,2021,6,14,2,2,0,0
1237178,1,ce820073,2020/21,2021,24,21,9,0,0,0
1237180,2,495d42a5,2020/21,2021,18,33,3,2,0,0
1237181,1,462411b3,2020/21,2021,24,28,7,0,0,0
1254059,2,fe93fd9d,2021,2021,12,16,2,0,0,0
1254064,2,495d42a5,2021,2021,18,14,5,0,0,0
1254066,1,f29185a1,2021,2021,6,5,2,0,0,0
1254066,1,5f547c8b,2021,2021,24,22,10,1,0,0
1254071,2,32198ae0,2021,2021,6,7,4,0,0,0
1254077,2,495d42a5,2021,2021,24,27,12,1,0,0
1254086,1,ad427b5c,2021,2021,18,25,2,0,0,0
1254089,2,fe93fd9d,2021,2021,6,9,3,0,0,0
1254092,1,cdc6bdba,2021,2021,12,15,6,0,0,0
1254093,1,a757b0d8,2021,2021,12,9,3,0,0,0
1254094,1,32198ae0,2021,2021,6,9,1,1,0,0
1254099,2,244048f6,2021,2021,24,29,9,1,0,0
1254100,1,f29185a1,2021,2021,6,8,0,0,0,0
1254106,1,a4e37e47,2021,2021,12,18,1,0,0,0
1254113,2,2f49c897,2021,2021,18,23,5,0,0,0
1254115,2,b681e71e,2021,2021,18,25,4,0,0,0
1254116,1,9d430b40,2021,2021,24,27,8,1,0,0
1304047,1,9d430b40,2022,2022,24,15,10,0,0,0
1304052,2,bbd41817,2022,2022,14,36,6,5,1,0
1304055,1,e2db2409,2022,2022,18,32,6,3,0,0
1304058,1,2e81a32d,2022,2022,24,25,7,0,0,0
1304060,2,871e9faf,2022,2022,18,15,11,0,0,0
1304060,2,462411b3,2022,2022,18,26,7,0,0,0
1304061,1,7c7d63a2,2022,2022,18,28,8,1,0,0
1304062,2,50c6bc2b,2022,2022,6,12,1,0,0,0
1304068,1,b681e71e,2022,2022,18,29,9,0,0,0
1304068,1,f9e6e7ef,2022,2022,12,18,1,0,0,0
1304071,2,cc1e8c68,2022,2022,24,31,10,1,0,0
1304072,1,462411b3,2022,2022,24,24,8,2,0,0
1304078,2,e62dd25d,2022,2022,18,35,5,1,0,0
1304079,2,462411b3,2022,2022,24,29,8,2,0,0
1304080,1,1abb78f8,2022,2022,18,29,7,2,0,0
1304080,2,a818c1be,2022,2022,24,47,10,1,0,0
1304082,2,03806cf8,2022,2022,18,31,6,0,0,0
1304087,1,1abb78f8,2022,2022,18,32,2,2,0,0
1304088,2,eef2536f,2022,2022,18,26,9,1,0,0
1304089,2,03806cf8,2022,2022,21,36,5,1,0,0
1304096,1,6a26221c,2022,2022,6,11,0,0,0,0
1304098,1,a818c1be,2022,2022,24,36,10,1,0,0
1304102,2,9d430b40,2022,2022,24,21,8,1,0,0
1304105,1,0c9652b0,2022,2022,12,12,6,1,0,0
1304106,1,03806cf8,2022,2022,24,64,5,2,0,0
1304109,1,5b8c830e,2022,2022,12,16,4,0,0,0
1304113,1,f9e6e7ef,2022,2022,12,15,5,0,0,0
1304114,2,765a4731,2022,2022,24,41,8,0,0,0
1359480,2,c3c92b42,2023,2023,12,24,4,3,0,0
1359497,2,759ac88f,2023,2023,12,7,5,0,0,0
1359500,2,c0c411cb,2023,2023,24,19,10,1,0,0
1359501,1,2ed569a0,2023,2023,24,24,7,0,0,0
1359503,1,46a9bea1,2023,2023,18,26,7,1,0,0
1359504,2,81049310,2023,2023,24,26,8,0,0,0
1359508,1,a9fd84fb,2023,2023,24,34,7,2,0,0
1359512,2,6b19d823,2023,2023,12,23,1,0,0,0
1359518,2,2e171977,2023,2023,24,24,10,1,0,0
1359519,1,23eeb873,2023,2023,24,41,9,0,0,0
1359523,1,f24c6701,2023,2023,24,28,11,0,0,0
1359523,2,eaa76d3c,2023,2023,6,10,4,1,1,0
1359524,2,b681e71e,2023,2023,10,14,3,0,0,0
1359525,1,d9273ee7,2023,2023,6,20,0,0,0,0
1359526,1,a9fd84fb,2023,2023,24,51,7,0,0,0
1359528,2,03806cf8,2023,2023,18,32,7,1,0,0
1359529,1,5bb1a1c4,2023,2023,12,23,3,2,0,0
1359533,2,26d041c4,2023,2023,6,3,3,0,0,0
1359537,1,0c9652b0,2023,2023,18,20,8,0,0,0
1359537,2,5b8c830e,2023,2023,24,27,10,0,0,0
1359540,1,ce820073,2023,2023,24,46,6,2,1,0
1359544,2,3a60e0b5,2023,2023,19,42,7,1,1,0
1370351,1,90de905a,2023,2023,6,8,4,0,0,0
1370351,2,0c9652b0,2023,2023,6,18,1,1,0,0
1370353,2,dbe50b21,2023,2023,6,14,1,1,0,0
1422119,2,b0946605,2024,2024,22,38,3,4,0,0
1422120,2,8998a68f,2024,2024,8,19,2,2,0,0
1422123,1,9d704f6f,2024,2024,18,24,6,1,0,0
1422126,1,462411b3,2024,2024,24,36,4,1,1,0
1422128,1,5b7ab5a9,2024,2024,12,20,3,0,0,0
1422128,2,2f49c897,2024,2024,18,46,3,2,0,0
1422133,2,5b8c830e,2024,2024,6,10,0,0,0,0
1422134,2,a24be938,2024,2024,6,28,0,0,0,0
1422135,1,e94915e6,2024,2024,12,18,3,0,0,0
1422138,1,1ee08e9a,2024,2024,24,40,8,2,0,0
1426264,2,5b8c830e,2024,2024,18,45,3,7,0,0
1426271,1,244048f6,2024,2024,18,35,4,1,0,0
1426272,2,23eeb873,2024,2024,18,26,8,0,0,0
1426273,2,ded9240e,2024,2024,24,35,9,0,0,0
1426279,2,2f9d0389,2024,2024,12,28,2,0,0,0
1426281,1,dbe50b21,2024,2024,12,41,4,0,0,0
1426281,2,8d2c70ad,2024,2024,18,47,2,1,0,0
1426284,2,23eeb873,2024,2024,18,22,5,0,0,0
1426285,2,8d2c70ad,2024,2024,24,34,8,0,0,0
1426286,2,98ae73b1,2024,2024,18,23,5,0,0,0
1426289,1,3204c99f,2024,2024,12,24,3,0,0,0
1426296,2,9caf69a1,2024,2024,6,5,1,0,0,0
1426296,2,eaa76d3c,2024,2024,6,16,1,0,0,0
1426299,2,a818c1be,2024,2024,14,24,6,1,0,0
1426305,1,fcc21ace,2024,2024,18,48,4,4,0,0
1426305,1,c5aef772,2024,2024,12,30,5,4,0,0
598041,2,495d42a5,2013,2013,24,33,6,0,0,1
598044,1,8fd1a8f5,2013,2013,24,21,14,0,0,2
598047,2,896d78ad,2013,2013,18,34,2,0,0,1
598048,1,c3d1402f,2013,2013,24,27,10,2,0,3
598048,2,d0513f63,2013,2013,6,14,1,0,0,1
598049,1,4329fbb5,2013,2013,18,21,8,0,0,1
598053,2,b2b50355,2013,2013,21,19,11,3,0,3
598056,1,ce820073,2013,2013,24,21,12,0,0,3
598056,1,98ae73b1,2013,2013,24,20,10,0,0,1
598059,2,5fa06777,2013,2013,12,26,4,2,0,1
598060,1,f5180fe6,2013,2013,24,43,9,1,0,1
598061,2,2e81a32d,2013,2013,24,22,11,5,0,1
598061,2,3a60e0b5,2013,2013,24,34,13,6,0,2
598063,1,557153ca,2013,2013,24,27,10,1,0,1
598065,2,0f12f9df,2013,2013,18,25,6,0,0,2
598069,1,d2340a43,2013,2013,24,22,13,2,0,1
598070,1,a757b0d8,2013,2013,18,28,5,0,0,1
598070,2,fe93fd9d,2013,2013,24,31,7,0,0,3
598070,2,87e562a9,2013,2013,18,9,9,0,0,3
598073,1,fb66ce1f,2013,2013,24,25,9,1,0,1
729283,2,96fd40ae,2014,2014,18,24,6,0,0,1
729287,1,66b30f71,2014,2014,24,14,12,0,0,1
729295,2,f5180fe6,2014,2014,24,26,12,0,2,2
729303,1,f3171936,2014,2014,24,39,4,0,0,2
729307,2,f5180fe6,2014,2014,20,22,11,1,0,2
729309,2,8abdf100,2014,2014,12,16,2,0,0,1
729313,1,b2b50355,2014,2014,24,17,11,0,0,1
729315,1,5bb5a915,2014,2014,24,40,10,5,0,1
729315,2,33a364a6,2014,2014,24,29,6,1,0,1
729317,2,8fd1a8f5,2014,2014,24,20,15,1,0,2
729317,2,c03c6200,2014,2014,12,20,2,0,0,1
733973,1,8b5b6769,2014,2014,24,34,6,0,0,2
733979,1,9d430b40,2014,2014,24,28,9,0,0,2
733983,1,0a3d54b9,2014,2014,24,41,11,4,1,1
733983,2,462411b3,2014,2014,24,22,12,0,0,2
733983,2,a12e1d51,2014,2014,24,29,10,0,0,2
733985,1,7dc35884,2014,2014,24,13,12,0,0,1
733989,1,33a364a6,2014,2014,24,23,6,0,0,3
733991,2,6f49cc6e,2014,2014,24,26,12,0,0,2
734007,2,2e81a32d,2014,2014,22,38,8,0,0,1
734011,2,d2a989fc,2014,2014,24,24,10,2,0,1
734017,2,8b5b6769,2014,2014,24,13,17,1,0,2
734025,2,26a85969,2014,2014,24,30,6,1,0,1
734031,1,1e66c162,2014,2014,12,24,2,0,0,2
734031,2,d4eef961,2014,2014,24,32,7,1,1,2
734035,2,1c914163,2014,2014,24,30,6,0,0,1
734039,2,8cf9814c,2014,2014,18,26,8,2,0,1
734045,2,8b5b6769,2014,2014,24,27,10,2,0,2
829707,2,96fd40ae,2015,2015,24,25,12,1,0,3
829713,2,edb3d4f8,2015,2015,12,28,3,0,0,1
829717,2,f5180fe6,2015,2015,24,23,17,0,0,2
829721,1,6aed7e79,2015,2015,18,25,5,0,0,1
829723,1,cc1e8c68,2015,2015,12,16,7,0,0,1
829733,1,5bb5a915,2015,2015,24,27,11,0,0,2
829735,2,87e562a9,2015,2015,14,30,3,0,0,1
829741,1,2e171977,2015,2015,24,30,7,2,0,2
829743,2,7ca5e05d,2015,2015,6,7,2,0,0,1
829787,1,4329fbb5,2015,2015,18,36,5,0,0,2
829789,1,41eb4a4f,2015,2015,18,33,4,0,0,1
829797,2,fe93fd9d,2015,2015,24,11,11,0,0,4
829799,2,c18496e1,2015,2015,12,13,7,0,0,2
829799,2,32198ae0,2015,2015,24,16,10,2,0,3
829803,1,57ee1fde,2015,2015,12,25,2,1,0,2
829817,2,a12e1d51,2015,2015,24,23,8,0,0,3
980903,1,f708a0bc,2016,2016,24,19,16,5,0,3
980917,1,d2a989fc,2016,2016,24,19,16,0,0,2
980917,2,462411b3,2016,2016,24,32,8,1,1,2
980917,2,51a3c5ef,2016,2016,24,21,11,0,0,4
980919,1,a9da7784,2016,2016,24,38,7,1,0,1
980923,1,2e81a32d,2016,2016,24,17,14,0,0,1
980925,1,98ae73b1,2016,2016,18,18,8,1,0,1
980933,2,91a4a398,2016,2016,24,30,10,1,0,1
980937,1,6aed7e79,2016,2016,18,24,4,0,0,1
980937,2,57ee1fde,2016,2016,24,33,6,1,1,1
980941,2,13c35c9e,2016,2016,24,28,11,0,0,2
980941,2,51a3c5ef,2016,2016,24,32,7,2,1,2
980953,2,d8b2f218,2016,2016,24,36,7,1,0,1
980955,2,2e171977,2016,2016,24,21,12,1,0,4
980959,1,cc1e8c68,2016,2016,24,56,5,1,2,1
980961,1,8cf9814c,2016,2016,24,31,8,0,0,1
980965,2,acee4cc4,2016,2016,24,26,9,1,0,2
980969,1,4329fbb5,2016,2016,24,24,12,2,0,3
980979,2,96fd40ae,2016,2016,24,29,12,0,0,3
980993,1,6b19d823,2016,2016,24,42,9,0,0,1
980995,1,85aae393,2016,2016,24,22,8,1,0,1
980995,1,57ee1fde,2016,2016,24,38,8,2,0,1
980997,1,66b30f71,2016,2016,24,20,14,0,0,3
980999,2,57ee1fde,2016,2016,18,25,8,0,0,4
981007,1,e938e1bc,2016,2016,24,24,15,0,0,2
981007,1,87e562a9,2016,2016,24,22,8,2,0,2
981007,2,8b5b6769,2016,2016,24,36,7,0,0,1
1426306,2,2f49c897,2024,2024,24,35,6,1,0,1
1426307,1,03a83c50,2024,2024,24,37,7,0,0,1
1426307,2,c05edf8e,2024,2024,18,36,6,5,0,1
1426310,2,eaa76d3c,2024,2024,24,28,9,0,0,1
1426311,2,f9e6e7ef,2024,2024,24,23,13,0,0,3
1473439,2,f986ca1a,2025,2025,24,34,7,2,0,2
1473440,1,efc04be7,2025,2025,24,18,11,3,0,4
1473442,2,81c36ee9,2025,2025,24,44,4,1,0,1
1473443,2,a97c8ec2,2025,2025,18,34,2,0,0,1
1473444,1,13fc5c6d,2025,2025,24,40,8,0,1,1
1473449,1,1e030637,2025,2025,12,21,4,0,0,1
1473452,2,9d430b40,2025,2025,24,30,7,1,0,1
1473453,2,13fc5c6d,2025,2025,24,21,7,0,0,1
1473454,2,5ffc0565,2025,2025,24,27,9,0,0,2
1473460,1,5574750c,2025,2025,24,30,9,2,0,1
1473461,2,2e81a32d,2025,2025,24,26,12,1,0,2
1473462,1,5b7ab5a9,2025,2025,24,22,11,0,0,2
1473468,1,7c3b3b78,2025,2025,15,26,4,0,0,1
1473472,1,12314277,2025,2025,24,46,6,2,0,1
1473473,1,ce820073,2025,2025,24,55,6,0,0,1
1473478,1,dbe50b21,2025,2025,18,31,6,1,0,1
1473479,1,5574750c,2025,2025,24,33,12,6,0,1
1473479,1,ce820073,2025,2025,24,45,5,4,0,2
1473483,1,2e81a32d,2025,2025,24,33,9,0,0,3
1473483,1,7210d461,2025,2025,24,42,10,1,1,1
1473487,1,f24c6701,2025,2025,24,47,6,3,0,1
1473488,2,85e0cf10,2025,2025,24,19,8,1,0,2
1473493,1,2f49c897,2025,2025,18,29,7,0,0,1
1473501,2,e4a0deae,2025,2025,24,11,16,0,0,3
1473502,1,12314277,2025,2025,18,36,4,1,1,1
1473504,2,64839cb3,2025,2025,18,29,9,2,0,1
1473506,1,54e52590,2025,2025,24,44,10,7,0,2
1527678,2,80b2fb19,2026,2026,18,20,10,4,0,2
1527683,2,7b44eb3e,2026,2026,24,30,4,0,0,1
1527691,2,59559bc2,2026,2026,24,18,12,2,0,4
1529266,2,80b2fb19,2026,2026,18,32,8,1,0,3
1529268,2,be24ead0,2026,2026,4,5,1,1,0,1
1529275,2,465aa633,2026,2026,24,27,14,0,0,2
1529275,2,fe93fd9d,2026,2026,24,29,8,1,0,1
1529279,1,280fff14,2026,2026,24,62,6,2,0,1
1529282,1,2e81a32d,2026,2026,18,5,15,1,0,3
1529286,2,fe93fd9d,2026,2026,18,33,3,0,0,1
1529287,1,59559bc2,2026,2026,24,23,10,0,0,1
1529289,1,e62dd25d,2026,2026,24,22,15,2,0,2
1529289,2,d9273ee7,2026,2026,17,26,4,1,0,1
1529291,1,cc61ee8f,2026,2026,24,29,7,1,0,1
1529295,2,e62dd25d,2026,2026,18,33,9,0,0,2
1529299,1,ece7b6b3,2026,2026,18,17,10,0,0,2
1529299,2,2f49c897,2026,2026,18,11,13,0,0,1
1529301,1,1abb78f8,2026,2026,24,39,12,2,0,4
1529302,2,765a4731,2026,2026,18,24,5,1,0,1
1529302,2,83c3e8e3,2026,2026,24,39,11,2,0,1
1529305,1,3fb19989,2026,2026,24,40,9,1,0,4
1529306,1,ded9240e,2026,2026,24,28,15,1,0,3
1529309,1,83c3e8e3,2026,2026,24,47,7,6,1,1
1529312,2,133bbd61,2026,2026,24,26,9,0,1,2
1535462,2,2e81a32d,2026,2026,24,28,14,1,0,2
1535462,2,03806cf8,2026,2026,24,39,13,0,0,1
335983,1,dd09ff8e,2007/08,2008,24,35,11,0,1,1
335983,2,ae78bc32,2007/08,2008,24,42,6,2,0,1
335985,2,96fd40ae,2007/08,2008,24,45,7,2,0,1
335987,2,6b8eb6e5,2007/08,2008,19,38,9,3,2,1
335988,2,c3d1402f,2007/08,2008,18,27,7,1,0,1
335989,1,0d232ffd,2007/08,2008,18,29,3,0,0,2
335991,1,88fccd6c,2007/08,2008,24,40,8,1,0,1
335991,1,d2a989fc,2007/08,2008,24,37,9,1,1,2
335993,1,3eac9d95,2007/08,2008,24,32,9,0,0,3
335993,1,9f961c14,2007/08,2008,24,32,7,1,1,1
336002,2,b720a5d6,2007/08,2008,12,19,3,0,0,1
336004,1,33a364a6,2007/08,2008,12,22,5,0,0,1
336008,1,96fd40ae,2007/08,2008,18,13,12,0,0,3
336017,1,ab89348d,2007/08,2008,24,25,7,1,0,2
336019,2,5fa06777,2007/08,2008,24,10,17,0,0,1
336029,2,8fd1a8f5,2007/08,2008,24,28,18,7,1,2
336029,2,0c2730df,2007/08,2008,24,14,13,0,0,3
336031,1,034b4b7d,2007/08,2008,24,40,5,0,0,1
336033,2,64d43928,2007/08,2008,24,33,11,1,1,3
336036,2,5f4e9e8f,2007/08,2008,24,37,5,0,1,1
336040,2,4ba44e19,2007/08,2008,24,39,8,0,0,2
392181,1,b2ae53f5,2009,2009,24,32,8,0,0,1
392185,1,8fd1a8f5,2009,2009,24,35,9,2,0,1
392189,2,96fd40ae,2009,2009,24,33,5,1,0,1
392190,2,f0f628c7,2009,2009,18,36,4,0,1,1
392194,2,d92e42f5,2009,2009,24,24,8,0,0,1
392195,1,f0f628c7,2009,2009,24,24,13,2,0,2
392195,2,5fa06777,2009,2009,24,26,11,3,0,2
392197,1,b1451597,2009,2009,24,25,11,0,0,3
392199,1,0c2730df,2009,2009,24,16,12,0,0,2
392204,1,4353bba5,2009,2009,24,36,12,1,0,4
392204,2,05c2ca46,2009,2009,18,22,7,1,0,2
392206,2,c24a2c5d,2009,2009,18,18,10,0,1,2
392206,2,c8179c68,2009,2009,24,24,11,0,0,4
392213,1,5b040b81,2009,2009,24,19,14,1,1,4
392216,2,740742ef,2009,2009,12,12,4,0,0,2
392219,2,5bb1a1c4,2009,2009,24,23,11,2,0,2
392220,2,6c6591ab,2009,2009,21,25,6,0,0,1
392226,1,dd09ff8e,2009,2009,24,15,16,2,0,3
392228,1,12eddf28,2009,2009,24,20,12,0,0,2
392228,2,abfeb126,2009,2009,24,12,14,0,0,1
392230,2,6b19d823,2009,2009,24,33,7,0,2,3
392233,1,d1c94b25,2009,2009,24,15,16,1,0,3
392238,1,41eb4a4f,2009,2009,24,38,9,0,0,2
392239,2,12eddf28,2009,2009,24,34,13,1,0,1
419106,1,bcce309e,2009/10,2010,18,22,10,0,0,2
419109,1,d1c94b25,2009/10,2010,24,27,10,0,0,1
419114,2,87e562a9,2009/10,2010,12,11,6,0,0,2
419117,2,6c6591ab,2009/10,2010,24,31,7,0,0,1
419118,2,3d7e087f,2009/10,2010,24,26,9,0,0,1
419119,1,41eb4a4f,2009/10,2010,24,25,9,0,0,3
419122,2,abfeb126,2009/10,2010,24,21,8,0,0,1
419124,2,bb18be76,2009/10,2010,24,39,6,1,0,1
419125,1,8b5b6769,2009/10,2010,24,25,7,1,0,1
419130,1,d7b3a420,2009/10,2010,18,30,8,1,4,2
419131,1,5bb1a1c4,2009/10,2010,6,17,2,2,0,1
419132,1,a12e1d51,2009/10,2010,24,22,10,2,0,4
419135,1,d7b3a420,2009/10,2010,18,18,8,0,0,2
419136,2,c18496e1,2009/10,2010,24,26,7,0,0,1
419138,1,5d9a1a73,2009/10,2010,18,24,8,0,0,1
419140,2,33a364a6,2009/10,2010,24,24,5,0,0,1
419142,1,87e562a9,2009/10,2010,12,21,3,1,0,1
419142,2,45c2196c,2009/10,2010,24,39,11,1,0,1
419144,2,ea0cdc12,2009/10,2010,24,22,6,1,0,2
419145,1,6c6591ab,2009/10,2010,24,24,9,0,0,2
419145,1,bd77eb62,2009/10,2010,18,34,5,1,0,1
419151,2,c3d1402f,2009/10,2010,24,21,10,4,0,2
419158,1,4f629497,2009/10,2010,24,20,15,2,0,1
419159,2,5d096f3d,2009/10,2010,24,28,11,1,0,2
419160,2,bcce309e,2009/10,2010,24,19,9,0,0,1
419161,1,26e5cabf,2009/10,2010,6,11,2,1,0,1
419163,2,c3d35165,2009/10,2010,18,15,9,0,0,1
501198,2,495d42a5,2011,2011,24,26,11,5,0,1
501203,1,8fd1a8f5,2011,2011,24,33,11,1,0,1
501203,2,1e66c162,2011,2011,24,36,8,2,0,2
501211,1,91a4a398,2011,2011,24,33,9,0,0,1
501211,2,f5f18a18,2011,2011,24,24,6,0,0,2
501212,1,c654af19,2011,2011,18,33,5,0,1,2
501214,1,85aae393,2011,2011,18,18,10,1,0,1
501216,1,5fa06777,2011,2011,24,28,12,1,0,1
501221,2,a12e1d51,2011,2011,24,20,12,3,0,2
501223,1,98ae73b1,2011,2011,24,36,6,0,0,1
501224,1,5bb1a1c4,2011,2011,24,39,5,1,0,1
501226,2,45c2196c,2011,2011,24,20,8,1,0,2
501227,1,66cf56a5,2011,2011,24,37,10,3,2,2
501227,2,2498e163,2011,2011,24,25,8,1,0,1
501235,1,7c503806,2011,2011,24,23,12,0,0,1
501235,1,4329fbb5,2011,2011,24,19,9,2,0,1
501235,1,bb18be76,2011,2011,24,31,10,0,0,1
501237,2,bd77eb62,2011,2011,6,11,3,0,0,1
501238,1,41eb4a4f,2011,2011,24,25,8,1,0,2
501239,2,85aae393,2011,2011,24,34,6,0,0,2
501241,2,8b5b6769,2011,2011,18,17,10,0,0,1
501243,1,260fd380,2011,2011,24,26,10,1,0,1
501246,1,5bb5a915,2011,2011,24,49,7,3,0,1
501246,1,9d80c5e1,2011,2011,24,28,5,0,0,1
501246,2,f0f628c7,2011,2011,24,29,11,1,0,2
501249,2,c3d35165,2011,2011,18,21,6,1,0,1
501254,1,c18496e1,2011,2011,24,32,8,1,0,2
501257,2,12eddf28,2011,2011,24,16,14,1,0,1
501257,2,2049f3a0,2011,2011,24,39,11,1,0,2
501264,1,12eddf28,2011,2011,24,35,6,0,0,1
501264,2,2e8994e7,2011,2011,24,23,11,0,0,1
501267,2,85aae393,2011,2011,24,26,12,0,0,1
501270,2,d7c6af50,2011,2011,24,19,9,0,0,3
501271,1,957532de,2011,2011,18,39,5,2,0,2
548308,2,f846de6a,2012,2012,24,21,12,1,0,1
548309,2,29d72eb2,2012,2012,18,28,3,0,0,2
548310,2,91a4a398,2012,2012,24,36,8,1,0,1
548311,1,24d94623,2012,2012,18,28,9,0,0,1
548311,1,2f3817ce,2012,2012,24,46,3,2,0,1
548317,2,a12e1d51,2012,2012,24,13,17,0,0,2
548325,1,fa463154,2012,2012,20,27,8,1,0,2
548328,1,dd09ff8e,2012,2012,24,26,9,1,0,2
548330,2,495d42a5,2012,2012,24,35,8,5,1,1
548331,1,41eb4a4f,2012,2012,24,40,8,0,0,1
548332,2,557153ca,2012,2012,24,23,9,0,0,2
548335,1,9d430b40,2012,2012,24,26,10,0,0,2
548335,2,8fd1a8f5,2012,2012,24,24,13,1,0,2
548336,2,f986ca1a,2012,2012,24,32,9,1,0,2
548344,2,33a364a6,2012,2012,18,41,5,0,0,1
548345,1,f708a0bc,2012,2012,24,31,7,0,0,1
548346,1,8b5b6769,2012,2012,24,13,15,0,0,2
548347,2,495d42a5,2012,2012,22,22,9,1,0,2
548350,2,d92e42f5,2012,2012,18,30,6,0,0,1
548351,1,66b30f71,2012,2012,24,34,11,0,1,1
548352,2,c3d35165,2012,2012,18,16,7,0,0,1
548354,2,7c503806,2012,2012,24,21,9,1,0,2
548361,1,93a17209,2012,2012,24,21,10,3,0,2
548361,2,3d7e087f,2012,2012,24,18,13,1,0,2
548365,1,96fd40ae,2012,2012,24,23,13,0,0,3
548365,2,99b202b3,2012,2012,24,13,15,0,0,4
548368,1,c8179c68,2012,2012,24,26,12,0,0,2
548368,2,33a364a6,2012,2012,24,33,5,0,0,2
548371,1,12eddf28,2012,2012,24,24,11,1,0,1
548373,2,bd17b45f,2012,2012,6,8,1,0,0,1
548374,1,cc1e8c68,2012,2012,24,19,14,0,0,3
548376,2,d718440b,2012,2012,24,26,9,0,0,1
548378,2,b2b50355,2012,2012,12,11,5,2,0,1
548379,2,87e562a9,2012,2012,18,10,10,0,0,2
598000,2,6b19d823,2013,2013,24,19,10,0,0,3
598002,1,87e562a9,2013,2013,24,44,10,2,0,2
598003,1,12eddf28,2013,2013,24,12,17,0,0,1
598007,1,c404f58a,2013,2013,23,17,14,0,0,2
598007,1,495d42a5,2013,2013,18,22,3,0,0,1
598011,1,b8d490fd,2013,2013,12,11,5,0,0,1
598017,2,9d80c5e1,2013,2013,24,26,11,0,0,1
598021,2,ae78bc32,2013,2013,24,24,10,0,0,2
598028,2,e938e1bc,2013,2013,24,19,13,0,0,1
598029,2,4c4fa80b,2013,2013,24,50,6,0,0,1
598033,1,41eb4a4f,2013,2013,24,38,10,1,0,1
598033,2,d2a989fc,2013,2013,24,19,15,5,0,3
598038,1,cca50cd6,2013,2013,6,12,2,0,0,1
1082592,1,33a364a6,2017,2017,18,14,5,0,0,2
1082595,2,85aae393,2017,2017,18,36,3,3,0,2
1082596,1,5f547c8b,2017,2017,24,19,11,0,0,3
1082600,2,73ad96ed,2017,2017,12,18,2,0,0,1
1082601,1,9d430b40,2017,2017,24,19,14,8,0,1
1082601,2,2e171977,2017,2017,24,36,2,0,0,1
1082609,1,ce820073,2017,2017,24,35,7,0,0,1
1082611,2,2f49c897,2017,2017,24,39,9,0,0,2
1082611,2,dcf81436,2017,2017,24,32,9,0,0,1
1082614,1,e62dd25d,2017,2017,24,30,12,6,1,1
1082615,1,2a2e6343,2017,2017,24,20,10,0,0,1
1082616,1,7c7d63a2,2017,2017,24,35,6,0,0,2
1082616,2,ce820073,2017,2017,24,40,7,0,0,2
1082618,2,f19ccfad,2017,2017,24,26,8,0,0,1
1082627,2,dcf81436,2017,2017,24,26,11,0,0,2
1082632,2,871e9faf,2017,2017,24,40,8,3,0,1
1082637,2,ce820073,2017,2017,24,29,8,0,1,2
1082640,2,d2a989fc,2017,2017,24,30,10,0,0,1
1082640,2,9fc0ef64,2017,2017,18,35,7,0,0,1
1082642,1,f19ccfad,2017,2017,18,23,7,0,0,1
1082648,2,2e81a32d,2017,2017,6,11,3,0,0,1
1082650,1,2a2e6343,2017,2017,24,34,9,2,0,2
1136562,2,fb66ce1f,2018,2018,18,25,8,0,0,1
1136563,2,4c5d73db,2018,2018,24,36,15,2,0,3
1136564,1,7dc35884,2018,2018,24,23,8,0,0,2
1136564,2,1e66c162,2018,2018,18,28,8,1,0,1
1136565,2,98ae73b1,2018,2018,24,49,5,1,0,1
1136575,2,90de905a,2018,2018,24,23,12,0,0,2
1136577,2,1abb78f8,2018,2018,18,18,9,0,0,2
1136579,1,cc1e8c68,2018,2018,24,27,11,0,0,1
1136582,1,a818c1be,2018,2018,18,21,7,1,0,2
1136583,1,462411b3,2018,2018,24,25,9,0,0,1
1136583,2,ce820073,2018,2018,18,9,14,1,0,1
1136586,1,98ae73b1,2018,2018,24,33,10,0,0,1
1136587,2,87e562a9,2018,2018,18,21,4,1,0,1
1136591,1,51a3c5ef,2018,2018,24,34,12,1,1,1
1136592,1,1e66c162,2018,2018,24,46,7,0,0,3
1136592,2,a818c1be,2018,2018,18,26,5,3,0,2
1136597,2,462411b3,2018,2018,24,34,8,0,0,1
1136598,1,495d42a5,2018,2018,24,30,10,0,0,1
1136598,2,5574750c,2018,2018,22,43,7,1,0,1
1136599,1,57ee1fde,2018,2018,24,25,9,0,1,1
1136599,2,2e81a32d,2018,2018,24,27,9,0,0,1
1136600,2,e087956b,2018,2018,12,13,6,0,0,1
1136601,2,462411b3,2018,2018,18,17,10,0,0,1
1136602,2,f986ca1a,2018,2018,24,32,9,0,0,1
1136604,2,bbd41817,2018,2018,24,41,9,0,0,3
1136605,1,57ee1fde,2018,2018,24,28,9,0,0,2
1136605,1,bb351c23,2018,2018,24,25,9,2,0,1
1136605,2,a818c1be,2018,2018,24,40,5,0,0,2
1136605,2,f986ca1a,2018,2018,24,51,8,5,0,1
1136607,2,462411b3,2018,2018,18,34,6,5,0,1
1136611,1,ce820073,2018,2018,24,40,8,1,0,1
1136613,2,1e66c162,2018,2018,20,27,8,0,0,2
1136616,1,f834dcfc,2018,2018,24,10,15,1,0,4
1175356,1,8b5b6769,2019,2019,24,20,11,0,0,3
1175358,2,a818c1be,2019,2019,24,42,7,1,0,1
1175360,1,fe93fd9d,2019,2019,24,23,7,0,0,1
1175361,1,5b7ab5a9,2019,2019,18,35,8,0,0,1
1175362,2,462411b3,2019,2019,24,20,13,1,0,3
1175365,1,fb66ce1f,2019,2019,24,35,9,0,0,1
1175369,1,5574750c,2019,2019,24,47,5,0,1,1
1175369,2,57ee1fde,2019,2019,24,17,11,2,0,2
1175370,1,23eeb873,2019,2019,18,21,8,0,0,1
1175370,1,acee4cc4,2019,2019,24,25,9,0,0,1
1175370,1,fe93fd9d,2019,2019,12,10,6,0,0,1
1175371,1,dcf81436,2019,2019,24,35,9,1,0,2
1175371,2,39a2dfa8,2019,2019,18,10,12,1,0,1
1175372,1,8d2c70ad,2019,2019,24,31,6,0,0,1
1178394,2,462411b3,2019,2019,18,16,9,0,0,1
1178396,2,7a8bd078,2019,2019,24,35,8,0,0,2
1178398,2,9d430b40,2019,2019,20,24,10,6,0,2
1178402,2,2ed569a0,2019,2019,24,34,6,0,0,1
1178404,2,98ae73b1,2019,2019,22,32,8,0,0,2
1178405,2,75224f22,2019,2019,24,17,10,1,1,3
1178409,1,e62dd25d,2019,2019,24,38,7,2,0,2
1178409,2,5b8c830e,2019,2019,12,7,6,0,0,1
1178410,2,8fd1a8f5,2019,2019,24,40,11,0,0,2
1178410,2,d9273ee7,2019,2019,24,32,13,1,0,1
1178411,1,7a8bd078,2019,2019,24,21,8,0,0,2
1178411,2,2ed569a0,2019,2019,24,29,10,0,0,3
1178416,2,5f547c8b,2019,2019,24,44,6,1,0,1
1178417,1,8cf9814c,2019,2019,24,53,6,1,0,1
1178418,1,0a3d54b9,2019,2019,24,20,16,0,0,2
1178419,2,5b8c830e,2019,2019,18,7,12,0,0,2
1178420,1,0a3d54b9,2019,2019,24,36,8,1,0,2
1178420,1,7a8bd078,2019,2019,24,30,8,0,0,2
1178426,2,462411b3,2019,2019,24,31,9,0,0,2
1178427,1,bbd41817,2019,2019,18,29,7,1,0,1
1178430,1,8cf9814c,2019,2019,18,17,7,0,0,2
1181767,2,5bb1a1c4,2019,2019,24,24,9,0,0,1
1216492,1,fe93fd9d,2020/21,2021,24,42,5,0,0,2
1216495,1,0f721006,2020/21,2021,24,25,10,0,0,2
1216496,1,98ae73b1,2020/21,2021,24,55,4,0,1,1
1216496,2,5574750c,2020/21,2021,24,26,13,1,0,1
1216500,2,495d42a5,2020/21,2021,24,22,9,1,0,2
1216500,2,f986ca1a,2020/21,2021,24,29,8,1,0,1
1216503,2,2ed569a0,2020/21,2021,24,26,8,1,0,2
1216511,2,a757b0d8,2020/21,2021,12,24,3,0,0,1
1216512,1,871e9faf,2020/21,2021,24,46,5,0,0,1
1216512,2,2f9d0389,2020/21,2021,24,15,12,0,0,3
1216514,2,7a8bd078,2020/21,2021,24,27,5,0,0,1
1216516,1,1abb78f8,2020/21,2021,24,32,9,1,1,1
1216516,2,8e514b4c,2020/21,2021,24,41,7,5,0,1
1216519,1,ac5ae4af,2020/21,2021,24,40,2,1,0,1
1216519,2,e62dd25d,2020/21,2021,24,24,9,2,0,4
1216520,1,e2db2409,2020/21,2021,24,27,13,0,0,1
1216523,1,244048f6,2020/21,2021,24,25,15,2,0,1
1216525,2,ac5ae4af,2020/21,2021,24,30,5,0,0,1
1216526,1,a818c1be,2020/21,2021,24,32,10,1,0,1
1216526,1,2ed569a0,2020/21,2021,24,18,12,0,0,2
1216528,2,119678fd,2020/21,2021,24,37,5,3,0,2
1216529,2,2e171977,2020/21,2021,18,24,6,0,0,1
1216530,2,ded9240e,2020/21,2021,24,34,13,2,0,4
1216532,1,e62dd25d,2020/21,2021,24,21,9,0,0,2
1216538,1,5f547c8b,2020/21,2021,24,22,11,1,0,1
1216541,1,5d2eea49,2020/21,2021,24,45,6,0,0,1
1216542,1,df064e1a,2020/21,2021,18,29,7,0,0,3
1216542,2,5f547c8b,2020/21,2021,24,12,13,0,0,3
1216546,1,e2db2409,2020/21,2021,24,33,5,1,0,1
1254058,1,f986ca1a,2021,2021,24,27,12,0,1,5
1254058,2,81c36ee9,2021,2021,24,28,7,3,1,2
1254061,1,04a418e8,2021,2021,6,7,2,0,0,1
1254070,2,462411b3,2021,2021,24,32,7,3,2,1
1254076,1,57ee1fde,2021,2021,18,24,8,0,0,1
1254079,1,2e171977,2021,2021,24,33,5,0,0,1
1254086,1,eef2536f,2021,2021,24,39,7,3,0,1
1254088,1,f29185a1,2021,2021,6,4,3,1,0,2
1254088,2,a818c1be,2021,2021,24,30,8,0,0,1
1254090,2,be869ccf,2021,2021,24,27,10,2,1,1
1254090,2,f9e6e7ef,2021,2021,18,29,4,0,0,1
1254090,2,57ee1fde,2021,2021,24,29,8,2,0,3
1254092,1,2f9d0389,2021,2021,12,10,6,0,0,2
1254092,2,ad427b5c,2021,2021,18,35,5,0,0,1
1254093,2,2cdce1be,2021,2021,18,36,9,0,2,1
1254100,1,dcf81436,2021,2021,24,36,8,0,0,2
1254102,2,c38d3503,2021,2021,24,31,11,0,0,1
1254103,1,57ee1fde,2021,2021,24,18,10,0,0,2
1254106,1,2cdce1be,2021,2021,24,23,11,0,0,1
1254106,1,9a46c4e5,2021,2021,6,17,1,1,0,1
1254108,1,350bb1b1,2021,2021,24,48,6,0,1,1
1254108,1,2ed569a0,2021,2021,24,33,11,0,0,1
1254109,1,13c35c9e,2021,2021,24,26,9,0,0,2
1254112,1,eef2536f,2021,2021,24,15,16,1,0,3
1304049,2,0a67aec0,2022,2022,18,38,4,0,0,1
1304049,2,f986ca1a,2022,2022,24,36,10,5,0,1
1304050,2,327b58d3,2022,2022,18,22,10,1,0,2
1304059,1,7f048519,2022,2022,24,29,6,0,0,1
1304061,2,8d2c70ad,2022,2022,22,31,6,0,0,2
1304063,1,81c36ee9,2022,2022,24,30,11,0,0,1
1304063,1,6a26221c,2022,2022,6,8,3,0,0,1
1304065,2,1abb78f8,2022,2022,16,30,4,0,0,2
1304070,1,04a418e8,2022,2022,6,12,2,0,0,1
1304073,1,2e171977,2022,2022,24,29,7,2,0,1
1304080,2,529eb9e0,2022,2022,18,52,5,2,1,1
1304082,1,81c36ee9,2022,2022,24,25,14,3,0,3
1304082,1,ce794613,2022,2022,18,10,13,5,0,3
1304085,1,f986ca1a,2022,2022,24,33,6,0,0,1
1304087,2,9d430b40,2022,2022,24,19,13,1,0,1
1304089,1,b0946605,2022,2022,24,42,7,1,0,1
1304095,2,a97c8ec2,2022,2022,18,31,7,0,0,1
1304098,2,26a85969,2022,2022,18,25,5,0,0,1
1304099,2,df064e1a,2022,2022,18,30,8,0,0,1
1304100,1,4125d931,2022,2022,24,30,12,3,0,2
1304103,1,0f721006,2022,2022,24,41,4,3,0,1
1304106,1,b681e71e,2022,2022,12,17,5,0,0,1
1304106,1,a97c8ec2,2022,2022,24,15,12,0,0,2
1304114,1,57ee1fde,2022,2022,24,26,9,1,0,2
1304116,1,e62dd25d,2022,2022,24,38,9,7,0,1
1312197,1,dbe50b21,2022,2022,12,14,4,1,0,1
1312200,1,5f547c8b,2022,2022,24,18,9,0,0,1
1359477,1,2e171977,2023,2023,24,38,8,0,0,1
1359477,2,eef2536f,2023,2023,24,29,12,0,0,2
1359485,1,2cffab74,2023,2023,24,36,7,0,0,2
1359488,1,a9fd84fb,2023,2023,24,15,15,0,0,4
1359492,2,244048f6,2023,2023,24,33,7,0,0,1
1359494,2,a97c8ec2,2023,2023,18,37,4,0,0,1
1359495,1,e94915e6,2023,2023,24,31,9,2,0,3
1359497,1,14f96089,2023,2023,24,32,9,0,0,1
1359498,1,54e52590,2023,2023,24,62,3,0,0,1
1359498,1,a97c8ec2,2023,2023,12,21,1,0,0,1
1359503,1,f24c6701,2023,2023,24,27,4,0,0,1
1359504,1,6b19d823,2023,2023,12,9,4,0,0,1
1359506,2,f986ca1a,2023,2023,24,32,7,1,0,3
1359507,2,bb351c23,2023,2023,6,20,1,0,0,1
1359511,2,030f3089,2023,2023,18,18,4,0,0,1
1359513,2,9d430b40,2023,2023,18,24,3,0,0,1
1359514,1,5bb1a1c4,2023,2023,18,31,9,0,0,1
1359517,2,119678fd,2023,2023,24,20,12,0,0,2
1359521,1,2e81a32d,2023,2023,24,33,12,1,0,1
1359521,1,6a26221c,2023,2023,18,24,4,0,0,1
1359521,2,77b1aa15,2023,2023,24,27,11,2,0,1
1359521,2,bbd41817,2023,2023,6,15,4,0,1,1
1359523,2,85b3fab2,2023,2023,12,14,3,0,0,1
1359529,2,fe93fd9d,2023,2023,24,19,10,0,0,1
1359533,2,2ed569a0,2023,2023,24,16,17,1,0,2
1359535,1,1abb78f8,2023,2023,18,15,7,1,0,1
1359539,1,f986ca1a,2023,2023,24,37,4,2,0,1
1359544,2,54e52590,2023,2023,24,40,6,2,0,1
1370351,1,c33d8116,2023,2023,18,24,8,0,0,1
1422120,2,a2f46292,2024,2024,24,43,7,0,0,2
1422121,1,a9fd84fb,2024,2024,24,39,10,0,0,2
1422127,2,57ee1fde,2024,2024,18,19,7,0,0,2
1422131,1,64839cb3,2024,2024,24,31,9,2,0,3
1422133,2,b1ad996b,2024,2024,24,14,16,0,0,3
1422136,2,bb351c23,2024,2024,18,23,5,1,0,2
1422139,1,cd8d2859,2024,2024,12,21,2,0,0,2
1426260,1,46a9bea1,2024,2024,24,33,11,2,0,3
1426261,1,f986ca1a,2024,2024,24,30,8,1,0,2
1426265,1,0b60eb09,2024,2024,24,23,8,0,0,2
1426265,2,e94915e6,2024,2024,24,25,9,1,0,2
1426269,2,7c3b3b78,2024,2024,18,45,4,0,1,1
1426269,2,5b7ab5a9,2024,2024,24,36,11,1,0,2
1426273,2,ce794613,2024,2024,24,19,14,1,0,4
1426277,2,0a8fce53,2024,2024,21,51,8,0,1,1
1426279,2,eaa76d3c,2024,2024,12,12,7,1,0,2
1426282,2,4b31f3a3,2024,2024,24,50,4,2,0,1
1426285,2,2e171977,2024,2024,24,25,10,0,0,2
1426287,1,c05edf8e,2024,2024,24,17,10,1,0,2
1426288,1,ce820073,2024,2024,24,31,10,2,0,1
1426290,2,9061a703,2024,2024,24,45,9,1,0,4
1426290,2,efc04be7,2024,2024,24,23,12,0,0,2
1426294,2,a2f46292,2024,2024,24,47,9,7,0,2
1426296,1,f986ca1a,2024,2024,24,38,6,1,0,3
598041,1,ae78bc32,2013,2013,12,29,0,0,0,0
598042,1,2e81a32d,2013,2013,18,20,10,1,0,0
598042,1,5d9a1a73,2013,2013,24,36,3,0,0,0
598046,1,b2a79f17,2013,2013,24,46,5,0,0,0
598051,1,6b19d823,2013,2013,24,41,3,0,1,0
598054,2,d68e7f48,2013,2013,24,35,10,1,1,0
598055,1,6c6591ab,2013,2013,18,28,6,0,0,0
598056,2,5bb1a1c4,2013,2013,18,22,10,0,0,0
598058,1,808f425a,2013,2013,24,23,9,0,0,0
598061,1,4ec07775,2013,2013,6,7,0,0,0,0
598062,2,0f721006,2013,2013,24,39,10,0,0,0
598067,1,5bb5a915,2013,2013,24,36,7,0,0,0
598068,1,fb66ce1f,2013,2013,12,22,3,1,0,0
598070,1,f5180fe6,2013,2013,24,40,5,0,0,0
598072,1,6c6591ab,2013,2013,24,36,9,0,0,0
729281,2,9219eff0,2014,2014,12,22,3,0,0,0
729283,2,f62772e5,2014,2014,18,37,5,1,0,0
729285,1,808f425a,2014,2014,18,27,2,5,0,0
729295,1,5fa06777,2014,2014,12,28,3,0,0,0
729295,2,b681e71e,2014,2014,6,10,1,0,0,0
729297,1,4329fbb5,2014,2014,6,5,1,0,0,0
729297,2,1dc12ab9,2014,2014,12,6,6,0,0,0
729301,1,1e66c162,2014,2014,24,43,4,0,0,0
733975,1,4329fbb5,2014,2014,6,11,2,0,0,0
733975,2,1e66c162,2014,2014,21,36,7,1,0,0
733977,2,5fa06777,2014,2014,17,25,7,1,0,0
733989,1,808f425a,2014,2014,24,20,9,1,0,0
733997,2,26a85969,2014,2014,24,32,2,0,0,0
734021,2,2af1b6d2,2014,2014,14,22,4,0,0,0
734031,2,6c6591ab,2014,2014,24,33,6,1,0,0
734035,1,76388dc8,2014,2014,18,29,8,0,0,0
734041,2,6aed7e79,2014,2014,12,25,2,1,0,0
734049,2,2e171977,2014,2014,24,21,10,1,0,0
829711,1,5bb1a1c4,2015,2015,18,46,6,0,4,0
829721,2,4125d931,2015,2015,24,31,4,0,0,0
829729,2,4125d931,2015,2015,12,33,4,1,0,0
829739,2,2e8994e7,2015,2015,6,10,2,0,0,0
829757,2,2c76b512,2015,2015,6,14,3,0,0,0
829775,2,41eb4a4f,2015,2015,18,17,9,0,0,0
829775,2,a757b0d8,2015,2015,6,7,1,0,0,0
829777,2,13c35c9e,2015,2015,24,31,10,1,0,0
829795,1,51a3c5ef,2015,2015,24,40,7,1,0,0
829799,2,5bb1a1c4,2015,2015,24,49,7,1,0,0
829811,2,bd17b45f,2015,2015,6,10,2,0,0,0
829813,2,81049310,2015,2015,6,2,4,0,0,0
980903,2,56ab442f,2016,2016,24,32,13,0,0,0
980907,1,32198ae0,2016,2016,24,41,5,0,0,0
980919,1,2e171977,2016,2016,18,26,5,0,0,0
980921,2,9170ff49,2016,2016,18,28,5,0,0,0
980923,1,32198ae0,2016,2016,24,23,10,1,0,0
980925,2,759ac88f,2016,2016,19,29,7,1,0,0
980931,1,e2db2409,2016,2016,12,29,1,0,0,0
980941,1,9a0146b3,2016,2016,18,35,1,0,0,0
980945,2,1dc12ab9,2016,2016,12,17,1,0,0,0
980947,1,462411b3,2016,2016,24,34,8,0,0,0
980947,2,bbd41817,2016,2016,18,28,5,0,0,0
980957,1,dbe50b21,2016,2016,12,14,5,2,0,0
980957,2,d167edd3,2016,2016,18,23,6,1,0,0
980963,2,cc1e8c68,2016,2016,18,26,4,1,0,0
980965,2,8cf9814c,2016,2016,19,50,2,5,1,0
980973,1,462411b3,2016,2016,24,35,9,0,0,0
980973,1,5b8c830e,2016,2016,6,5,1,0,0,0
980989,1,5bb5a915,2016,2016,18,22,9,0,1,0
980991,2,b681e71e,2016,2016,6,11,2,0,0,0
980995,1,ffe699c0,2016,2016,18,22,4,1,0,0
981013,2,e938e1bc,2016,2016,20,32,9,6,0,0
981017,1,32198ae0,2016,2016,18,27,6,0,0,0
1473443,2,f24c6701,2025,2025,24,32,10,5,0,0
1473443,2,ce820073,2025,2025,12,11,4,0,0,0
1473453,2,df064e1a,2025,2025,24,40,4,0,0,0
1473464,1,8cf9814c,2025,2025,24,75,3,0,0,0
1473474,2,d9273ee7,2025,2025,6,13,2,0,0,0
1473475,1,a818c1be,2025,2025,24,43,6,1,0,0
1473477,2,13fc5c6d,2025,2025,24,24,8,0,0,0
1473477,2,80b2fb19,2025,2025,17,23,6,0,0,0
1473482,2,dbe50b21,2025,2025,6,10,2,0,0,0
1473483,2,5ffc0565,2025,2025,6,12,1,0,1,0
1473484,2,f19ccfad,2025,2025,11,34,1,0,0,0
1473487,1,e9c7f0d0,2025,2025,24,54,7,1,0,0
1473498,1,5f547c8b,2025,2025,24,32,3,1,0,0
1473502,1,e62dd25d,2025,2025,24,45,7,1,0,0
1473502,1,5f547c8b,2025,2025,12,36,2,1,0,0
1473503,1,7210d461,2025,2025,18,36,4,0,1,0
1473505,1,5b7ab5a9,2025,2025,18,54,2,3,0,0
1473507,2,872b03f7,2025,2025,4,9,1,0,0,0
1527676,2,e84ac20c,2026,2026,18,40,2,1,0,0
1527678,1,2cffab74,2026,2026,18,17,10,2,0,0
1527682,2,5574750c,2026,2026,24,38,9,5,0,0
1529265,2,cc61ee8f,2026,2026,7,23,1,1,0,0
1529270,1,efc04be7,2026,2026,24,33,5,1,0,0
1529271,1,be24ead0,2026,2026,12,26,0,4,0,0
1529279,2,465aa633,2026,2026,21,50,8,7,0,0
1529283,1,133bbd61,2026,2026,24,42,7,1,0,0
1529290,2,eef2536f,2026,2026,22,56,2,2,0,0
1529293,2,13fc5c6d,2026,2026,24,50,3,1,0,0
1529300,2,eaa76d3c,2026,2026,12,22,0,1,0,0
1529301,2,3b53243a,2026,2026,23,53,9,0,0,0
1529307,2,13fc5c6d,2026,2026,24,38,7,0,0,0
1529313,2,fb5f69e4,2026,2026,12,20,3,3,0,0
1535462,1,2f49c897,2026,2026,18,46,4,0,0,0
335983,2,3eac9d95,2007/08,2008,24,37,6,0,0,0
335989,1,88fccd6c,2007/08,2008,18,32,7,1,0,0
335991,1,0d232ffd,2007/08,2008,12,22,2,0,0,0
335992,2,41eb4a4f,2007/08,2008,12,15,4,1,0,0
335994,2,88fccd6c,2007/08,2008,12,33,3,0,0,0
335994,2,f233bbb4,2007/08,2008,12,17,3,0,0,0
335994,2,a45a5e8d,2007/08,2008,6,22,0,1,0,0
335996,1,af7dadf7,2007/08,2008,24,34,9,0,0,0
335997,2,9ab63e7b,2007/08,2008,6,16,1,5,0,0
335999,2,fe763256,2007/08,2008,6,9,1,0,0,0
336001,2,4ba44e19,2007/08,2008,24,27,9,0,1,0
336004,1,ee7d0c82,2007/08,2008,24,26,10,0,0,0
336006,1,2498e163,2007/08,2008,6,10,1,0,0,0
336006,2,86dc8f2e,2007/08,2008,18,14,5,0,0,0
336007,2,9f961c14,2007/08,2008,18,45,7,0,2,0
336008,1,f233bbb4,2007/08,2008,12,17,2,0,0,0
336009,2,8ba8195d,2007/08,2008,12,30,3,0,0,0
336015,2,9fc0ef64,2007/08,2008,24,33,5,0,0,0
336017,1,6b19d823,2007/08,2008,18,13,7,0,0,0
336017,2,5bb1a1c4,2007/08,2008,18,18,6,0,0,0
336017,2,725529bc,2007/08,2008,24,23,8,0,0,0
336019,1,0264c10e,2007/08,2008,18,23,7,0,0,0
336027,1,bb18be76,2007/08,2008,18,21,8,0,0,0
336028,1,38f2c66c,2007/08,2008,24,43,5,1,0,0
336033,2,0264c10e,2007/08,2008,6,14,0,0,1,0
336036,1,4329fbb5,2007/08,2008,18,30,9,1,1,0
336036,1,e32d22f6,2007/08,2008,12,25,2,1,0,0
336039,1,b2b50355,2007/08,2008,24,27,8,0,0,0
392181,2,91a4a398,2009,2009,24,34,7,0,0,0
392183,2,98ae73b1,2009,2009,5,12,0,1,0,0
392194,2,41eb4a4f,2009,2009,20,28,5,0,0,0
392196,2,c3d35165,2009,2009,18,29,3,0,5,0
392197,1,db584dad,2009,2009,12,24,0,0,0,0
392198,2,9fc0ef64,2009,2009,24,28,8,2,0,0
392198,2,d7c6af50,2009,2009,12,32,1,0,0,0
392203,1,b1451597,2009,2009,18,25,7,0,0,0
392204,1,5f26df4f,2009,2009,18,29,5,1,0,0
392204,2,91ffa6c6,2009,2009,24,24,12,0,0,0
392208,1,0c2730df,2009,2009,12,18,3,0,0,0
392211,1,33a364a6,2009,2009,24,35,4,0,0,0
392219,2,caa89a48,2009,2009,7,19,0,0,0,0
392220,2,35205dfc,2009,2009,6,4,2,0,0,0
392222,1,87e562a9,2009,2009,12,17,7,1,1,0
392222,1,f233bbb4,2009,2009,6,3,2,0,0,0
392225,2,7c503806,2009,2009,24,32,9,6,0,0
392228,2,fa463154,2009,2009,24,41,4,0,0,0
392228,2,fd835ab3,2009,2009,6,6,1,0,0,0
392229,2,98ae73b1,2009,2009,24,20,11,0,0,0
392231,2,b2b50355,2009,2009,18,40,2,0,0,0
392232,2,ab89348d,2009,2009,12,9,5,0,0,0
392232,2,16043342,2009,2009,18,22,2,0,0,0
419106,1,aaa1b522,2009/10,2010,6,16,1,0,1,0
419108,2,98ae73b1,2009/10,2010,24,33,7,0,0,0
419109,1,5bb1a1c4,2009/10,2010,24,27,11,1,0,0
419112,1,ba607b88,2009/10,2010,12,23,1,0,1,0
419112,2,1c914163,2009/10,2010,12,18,5,0,0,0
419113,1,4f629497,2009/10,2010,24,33,10,0,0,0
419118,1,896d78ad,2009/10,2010,18,33,3,0,0,0
419121,1,495d42a5,2009/10,2010,24,32,8,0,0,0
419122,1,c654af19,2009/10,2010,24,38,5,2,0,0
419122,2,896d78ad,2009/10,2010,21,29,5,1,0,0
419123,1,495d42a5,2009/10,2010,24,40,2,0,0,0
419123,2,86dc8f2e,2009/10,2010,24,29,10,0,0,0
419124,1,dec8e038,2009/10,2010,24,25,9,1,0,0
419126,2,5d9a1a73,2009/10,2010,22,30,8,0,0,0
419128,1,86dc8f2e,2009/10,2010,24,36,5,1,0,0
419128,1,0c2730df,2009/10,2010,24,30,3,0,0,0
419129,1,1dc12ab9,2009/10,2010,12,15,2,0,0,0
419138,1,740742ef,2009/10,2010,18,26,3,3,0,0
419140,1,39f01cdb,2009/10,2010,6,3,4,0,0,0
419143,2,6b8eb6e5,2009/10,2010,18,40,6,2,3,0
419144,1,a386e91b,2009/10,2010,12,19,2,1,0,0
419147,2,45c2196c,2009/10,2010,18,31,4,2,0,0
419148,2,ea0cdc12,2009/10,2010,24,44,6,5,0,0
419150,1,3c6ffae8,2009/10,2010,24,24,7,2,0,0
419151,1,86dc8f2e,2009/10,2010,24,40,9,0,0,0
419153,2,85aae393,2009/10,2010,15,21,7,0,0,0
419156,1,740742ef,2009/10,2010,6,8,1,0,0,0
419157,1,e32d22f6,2009/10,2010,24,54,9,7,0,0
419158,2,b8d490fd,2009/10,2010,7,5,3,0,0,0
419159,1,6581d753,2009/10,2010,6,12,0,0,0,0
419161,2,2e8994e7,2009/10,2010,15,22,5,0,0,0
501198,1,b2b50355,2011,2011,24,25,7,0,0,0
501199,2,5bb1a1c4,2011,2011,24,24,11,1,1,0
501201,1,cf73ad76,2011,2011,6,9,0,0,0,0
501206,1,dc4686e6,2011,2011,18,35,2,1,0,0
501207,2,c3d1402f,2011,2011,18,30,7,0,0,0
501209,2,7c503806,2011,2011,12,13,2,0,0,0
501210,2,a757b0d8,2011,2011,18,43,4,4,0,0
501212,2,2e8994e7,2011,2011,12,21,2,2,0,0
501221,1,1dc12ab9,2011,2011,12,22,1,0,0,0
501226,1,1c914163,2011,2011,12,14,3,0,0,0
501226,2,c8179c68,2011,2011,12,12,4,0,0,0
501231,1,3d7e087f,2011,2011,12,13,2,0,0,0
501234,1,dd09ff8e,2011,2011,24,27,10,1,0,0
501234,2,c18496e1,2011,2011,12,9,5,2,0,0
501235,2,5673a3fc,2011,2011,18,22,4,0,0,0
501237,2,2af1b6d2,2011,2011,18,22,3,0,0,0
501250,2,8fd1a8f5,2011,2011,24,30,12,1,0,0
501252,1,91a4a398,2011,2011,24,23,10,1,0,0
501258,2,addfb70e,2011,2011,18,36,9,2,2,0
501266,1,db584dad,2011,2011,18,27,6,0,0,0
501270,1,740742ef,2011,2011,6,14,1,0,0,0
501270,2,db584dad,2011,2011,18,11,10,0,0,0
501271,2,c3d35165,2011,2011,18,24,5,0,0,0
548306,2,c3d35165,2012,2012,24,20,13,1,0,0
548307,2,d4eef961,2012,2012,18,36,2,1,0,0
548314,1,6c6591ab,2012,2012,24,39,6,2,0,0
548316,1,39f01cdb,2012,2012,12,16,3,0,0,0
548321,2,6b19d823,2012,2012,12,26,5,1,0,0
548322,1,abfeb126,2012,2012,18,18,10,0,0,0
548324,1,4ba44e19,2012,2012,24,35,6,0,0,0
548331,2,e938e1bc,2012,2012,24,35,9,4,0,0
548331,2,2a72fd4f,2012,2012,24,46,2,1,0,0
548333,1,5fa06777,2012,2012,24,25,10,1,0,0
548346,1,26ff4c29,2012,2012,6,8,3,0,0,0
548348,1,abfeb126,2012,2012,12,16,4,0,0,0
548350,2,91a4a398,2012,2012,24,31,11,2,0,0
548351,1,abfeb126,2012,2012,18,27,4,5,0,0
548355,1,8b5b6769,2012,2012,18,14,7,2,0,0
548364,2,05c2ca46,2012,2012,18,17,7,0,0,0
548365,2,3d7e087f,2012,2012,18,24,3,0,0,0
548367,1,35205dfc,2012,2012,12,10,5,0,0,0
548368,2,86dc8f2e,2012,2012,18,25,4,0,0,0
548370,1,8b5b6769,2012,2012,18,24,2,0,0,0
548373,1,2e8994e7,2012,2012,12,13,4,1,0,0
548380,1,ee3dfa89,2012,2012,18,47,0,2,0,0
597998,2,bbd41817,2013,2013,18,24,5,1,0,0
598002,1,fe93fd9d,2013,2013,12,12,6,0,0,0
598003,2,66b30f71,2013,2013,12,28,3,1,0,0
598004,2,5bdcdb72,2013,2013,6,10,0,0,0,0
598007,2,9a158001,2013,2013,24,34,6,1,0,0
598009,2,3d7e087f,2013,2013,24,31,7,1,0,0
598012,2,abfeb126,2013,2013,18,29,2,0,0,0
598013,1,5bb1a1c4,2013,2013,24,33,8,1,0,0
598024,2,462411b3,2013,2013,18,38,5,1,2,0
598026,1,0f721006,2013,2013,24,30,6,2,0,0
598026,1,fe93fd9d,2013,2013,18,45,1,2,0,0
598026,2,bd17b45f,2013,2013,12,20,0,1,0,0
598031,2,e938e1bc,2013,2013,24,28,13,1,0,0
1082591,1,12b610c2,2017,2017,6,11,0,0,0,0
1082593,1,3c6ffae8,2017,2017,6,15,1,0,0,0
1082596,2,c28e9f12,2017,2017,21,33,6,0,0,0
1082596,2,871e9faf,2017,2017,12,21,3,2,0,0
1082597,2,a818c1be,2017,2017,23,47,6,1,0,0
1082598,2,6834d1f2,2017,2017,24,41,5,1,0,0
1082599,1,33a364a6,2017,2017,12,21,1,0,0,0
1082603,1,c8179c68,2017,2017,12,22,2,0,0,0
1082605,2,91a4a398,2017,2017,24,38,5,0,0,0
1082606,2,871e9faf,2017,2017,24,34,4,1,0,0
1082611,1,91a4a398,2017,2017,24,37,4,0,0,0
1082613,1,d2a989fc,2017,2017,12,23,3,0,0,0
1082618,1,51a3c5ef,2017,2017,24,36,9,1,0,0
1082621,2,57ee1fde,2017,2017,18,29,4,0,1,0
1082627,2,c18496e1,2017,2017,6,10,0,1,0,0
1082629,2,808f425a,2017,2017,17,30,3,0,0,0
1082631,2,94d7f855,2017,2017,2,7,0,0,0,0
1082638,2,119678fd,2017,2017,12,19,5,0,0,0
1082644,2,5b8c830e,2017,2017,12,14,2,0,0,0
1082649,2,9d430b40,2017,2017,24,21,13,0,0,0
1136562,1,7c7d63a2,2018,2018,24,38,6,1,1,0
1136573,1,0994d0ae,2018,2018,6,12,2,0,0,0
1136576,2,d8b2f218,2018,2018,24,22,11,3,1,0
1136576,2,7d92277a,2018,2018,24,27,5,1,0,0
1136587,2,23eeb873,2018,2018,13,19,6,1,0,0
1136587,2,1abb78f8,2018,2018,24,38,9,1,0,0
1136591,1,2e8994e7,2018,2018,12,28,5,0,0,0
1136595,2,57ee1fde,2018,2018,18,29,9,1,1,0
1136597,1,f5180fe6,2018,2018,18,25,6,2,0,0
1136601,1,8d2c70ad,2018,2018,18,43,5,0,0,0
1136604,2,98ae73b1,2018,2018,12,16,1,0,0,0
1136612,2,b681e71e,2018,2018,12,14,4,0,0,0
1136613,1,57ee1fde,2018,2018,24,26,10,0,0,0
1136615,1,0a8fce53,2018,2018,24,34,9,0,0,0
1136616,2,2e171977,2018,2018,24,28,6,0,0,0
1136619,2,a2f46292,2018,2018,18,38,6,1,0,0
1175369,1,d2a989fc,2019,2019,18,26,7,1,0,0
1178393,2,fe93fd9d,2019,2019,24,24,7,0,0,0
1178402,1,90de905a,2019,2019,18,39,3,0,0,0
1178404,1,23eeb873,2019,2019,24,36,10,0,0,0
1178405,1,0994d0ae,2019,2019,12,17,2,0,0,0
1178409,1,5bb1a1c4,2019,2019,18,17,4,0,0,0
1178412,2,e2db2409,2019,2019,18,20,5,3,1,0
1178415,2,bd17b45f,2019,2019,6,3,3,0,0,0
1178429,2,871e9faf,2019,2019,24,29,5,0,0,0
1178430,2,acee4cc4,2019,2019,24,36,8,0,0,0
1181766,1,2e171977,2019,2019,24,30,10,0,0,0
1181768,2,51a3c5ef,2019,2019,24,24,12,2,0,0
1216495,1,ce794613,2020/21,2021,24,38,7,0,0,0
1216508,1,ded9240e,2020/21,2021,18,49,3,4,0,0
1216511,1,39a2dfa8,2020/21,2021,12,13,4,0,0,0
1216515,2,495d42a5,2020/21,2021,12,26,1,1,0,0
1216519,1,57ee1fde,2020/21,2021,18,29,4,0,0,0
1216520,2,85e0cf10,2020/21,2021,18,24,7,0,0,0
1216524,1,d9273ee7,2020/21,2021,12,15,2,0,0,0
1216530,1,0a3d54b9,2020/21,2021,12,22,3,0,0,0
1216532,1,2e171977,2020/21,2021,12,14,2,1,0,0
1216532,2,f29185a1,2020/21,2021,24,34,4,2,0,0
1216533,1,e087956b,2020/21,2021,18,27,2,0,0,0
1216535,1,5b8c830e,2020/21,2021,18,13,7,1,0,0
1216535,2,ed5a5510,2020/21,2021,18,29,4,0,0,0
1216537,2,df064e1a,2020/21,2021,24,27,10,1,0,0
1216539,2,eef2536f,2020/21,2021,24,42,7,1,0,0
1216542,1,a1d053dd,2020/21,2021,18,33,6,6,0,0
1216544,1,acee4cc4,2020/21,2021,24,30,7,0,0,0
1216544,2,bb351c23,2020/21,2021,12,17,3,0,0,0
1216546,2,caf69bf7,2020/21,2021,24,30,10,1,1,0
1237180,2,acdc62f5,2020/21,2021,24,36,10,0,0,0
1237180,2,ed5a5510,2020/21,2021,12,14,3,0,0,0
1254059,2,e94915e6,2021,2021,12,24,2,0,0,0
1254061,1,a4e37e47,2021,2021,6,20,1,0,0,0
1254068,2,73ad96ed,2021,2021,12,18,1,0,0,0
1254075,1,a4e37e47,2021,2021,6,5,2,0,0,0
1254082,1,5bb1a1c4,2021,2021,24,34,5,0,0,0
1254082,2,c38d3503,2021,2021,6,25,0,1,0,0
1254082,2,85e0cf10,2021,2021,21,36,9,0,1,0
1254083,1,f986ca1a,2021,2021,24,53,5,0,0,0
1254084,1,2ed569a0,2021,2021,24,32,8,1,0,0
1254086,1,5bb1a1c4,2021,2021,24,37,9,0,0,0
1254086,2,8cf9814c,2021,2021,18,37,5,0,0,0
1254093,1,81049310,2021,2021,12,17,6,0,0,0
1254109,1,9d430b40,2021,2021,24,12,12,0,0,0
1254109,2,81c08fa3,2021,2021,24,27,13,2,0,0
1254113,1,fe93fd9d,2021,2021,24,31,7,0,0,0
1254114,1,1abb78f8,2021,2021,18,36,5,2,0,0
1304047,2,a4e37e47,2022,2022,6,11,0,0,0,0
1304048,1,2e171977,2022,2022,24,40,3,0,0,0
1304051,2,04a418e8,2022,2022,6,14,0,0,0,0
1304054,2,244048f6,2022,2022,18,32,8,0,1,0
1304059,1,0a67aec0,2022,2022,24,44,6,0,1,0
1304062,2,7c3b3b78,2022,2022,24,34,5,0,0,0
1304064,2,462411b3,2022,2022,24,31,6,0,0,0
1304067,2,39a2dfa8,2022,2022,6,10,1,0,0,0
1304069,2,50c6bc2b,2022,2022,6,11,1,0,0,0
1304070,2,39a2dfa8,2022,2022,6,9,2,0,0,0
1304074,1,81c36ee9,2022,2022,24,35,11,1,0,0
1304078,2,244048f6,2022,2022,6,17,1,3,0,0
1304082,2,2f49c897,2022,2022,12,15,6,1,0,0
1304084,1,765a4731,2022,2022,24,36,6,3,0,0
1304088,2,0f721006,2022,2022,6,8,1,0,0,0
1304091,2,0f721006,2022,2022,24,45,6,1,0,0
1304092,2,f24c6701,2022,2022,24,26,5,0,0,0
1304093,1,9d430b40,2022,2022,24,19,12,0,0,0
1304095,1,765a4731,2022,2022,18,30,8,1,0,0
1304105,2,f24c6701,2022,2022,18,24,5,0,0,0
1304113,1,dcf81436,2022,2022,24,43,6,0,0,0
1304113,1,da934ee8,2022,2022,6,11,1,0,0,0
1304113,2,c7a995d3,2022,2022,24,20,7,0,0,0
1312200,2,529eb9e0,2022,2022,19,26,5,0,0,0
1359480,1,73c18486,2023,2023,12,16,1,1,0,0
1359482,1,798cc28e,2023,2023,24,54,7,4,1,0
1359490,1,12314277,2023,2023,6,12,1,1,0,0
1359495,2,eef2536f,2023,2023,18,24,8,1,0,0
1359496,2,9d430b40,2023,2023,18,41,4,2,0,0
1359503,2,81c36ee9,2023,2023,18,37,4,0,0,0
1359512,1,2ed569a0,2023,2023,24,29,7,0,0,0
1359512,2,5b8c830e,2023,2023,6,13,2,1,0,0
1359513,1,759ac88f,2023,2023,6,12,1,0,0,0
1359527,2,e94915e6,2023,2023,18,44,5,1,0,0
1359530,1,a343262c,2023,2023,12,14,1,0,0,0
1359531,2,ffe699c0,2023,2023,24,34,8,0,0,0
1359532,2,e9c7f0d0,2023,2023,20,32,8,4,0,0
1359533,1,3d8feaf8,2023,2023,6,21,0,1,0,0
1359533,2,e94915e6,2023,2023,12,18,4,0,0,0
1359535,1,77b1aa15,2023,2023,12,19,5,0,0,0
1359535,1,9440ef41,2023,2023,18,29,6,0,1,0
1359535,2,64839cb3,2023,2023,18,23,8,6,1,0
1359536,2,5f547c8b,2023,2023,24,28,6,0,0,0
1359539,2,9a46c4e5,2023,2023,6,10,1,0,0,0
1359543,1,98ae73b1,2023,2023,24,39,4,0,0,0
1359543,2,6a26221c,2023,2023,1,1,0,0,0,0
1370351,1,df064e1a,2023,2023,24,30,4,1,0,0
1422119,2,b681e71e,2024,2024,6,7,4,0,0,0
1422127,2,ce820073,2024,2024,24,36,3,2,0,0
1422129,2,5b8c830e,2024,2024,18,26,5,0,0,0
1422130,2,2e81a32d,2024,2024,24,27,9,1,0,0
1422131,2,b8527c3d,2024,2024,12,25,1,0,0,0
1422136,1,f29185a1,2024,2024,6,7,2,0,0,0
1422137,2,52294a79,2024,2024,12,29,0,0,0,0
1426263,1,62af8546,2024,2024,6,7,2,0,0,0
1426263,2,2f49c897,2024,2024,18,37,7,0,0,0
1426266,2,12314277,2024,2024,12,24,4,2,0,0
1426267,1,c5aef772,2024,2024,12,33,1,0,0,0
1426269,2,3fb19989,2024,2024,24,50,7,9,0,0
1426279,1,f29185a1,2024,2024,6,10,0,0,0,0
1426285,2,b8527c3d,2024,2024,15,30,3,0,0,0
1426290,2,759ac88f,2024,2024,12,32,2,0,0,0
1426290,2,025c4400,2024,2024,12,26,4,0,0,0
1426295,1,ce794613,2024,2024,24,50,4,3,0,0
1426295,2,872b03f7,2024,2024,6,19,0,0,0,0
1426297,1,1abb78f8,2024,2024,24,25,9,0,0,0
598040,1,5bb5a915,2013,2013,24,22,14,1,0,1
598042,2,41eb4a4f,2013,2013,24,31,9,1,0,3
598043,1,86dc8f2e,2013,2013,18,25,5,1,1,1
598043,1,33a364a6,2013,2013,24,21,6,0,0,1
598043,2,4329fbb5,2013,2013,18,21,9,1,0,1
598048,2,5bb1a1c4,2013,2013,22,30,13,0,0,1
598050,2,2af1b6d2,2013,2013,18,18,11,0,0,1
598053,1,9170ff49,2013,2013,24,23,11,0,0,1
598057,2,41eb4a4f,2013,2013,20,17,11,1,0,2
598057,2,abfeb126,2013,2013,24,17,15,0,0,1
598061,2,e0407c01,2013,2013,12,17,5,0,0,1
598062,2,87e562a9,2013,2013,24,19,8,0,0,2
598063,2,d2a989fc,2013,2013,24,21,12,0,0,2
598066,2,2b6e6dec,2013,2013,1,0,1,0,0,1
598067,1,cc1e8c68,2013,2013,24,52,6,1,1,1
598071,1,4329fbb5,2013,2013,24,32,10,1,0,1
729297,1,bd17b45f,2014,2014,6,10,1,0,0,1
729299,1,0a3d54b9,2014,2014,24,16,13,1,0,3
729317,1,8abdf100,2014,2014,6,18,3,2,0,2
733971,2,759ac88f,2014,2014,18,22,7,0,0,3
733977,1,66b30f71,2014,2014,24,39,10,0,0,1
733977,1,f986ca1a,2014,2014,24,29,9,1,0,1
733983,1,66b30f71,2014,2014,18,38,6,6,0,1
733995,1,759ac88f,2014,2014,24,26,8,0,0,1
734001,1,a12e1d51,2014,2014,24,35,6,0,0,2
734005,1,8cf9814c,2014,2014,24,31,10,1,0,1
734011,1,9d80c5e1,2014,2014,24,35,8,2,0,2
734015,1,7dc35884,2014,2014,18,22,8,1,0,2
734017,1,24d94623,2014,2014,24,23,10,0,0,2
734021,2,0a3d54b9,2014,2014,24,36,9,1,0,2
734023,1,9d430b40,2014,2014,24,24,11,0,0,1
734041,1,a757b0d8,2014,2014,18,33,3,1,0,1
829707,1,6b19d823,2015,2015,24,21,10,0,0,1
829709,2,d2a989fc,2015,2015,18,21,10,1,0,1
829711,2,759ac88f,2015,2015,24,36,8,0,0,2
829711,2,495d42a5,2015,2015,24,22,8,0,0,1
829711,2,87e562a9,2015,2015,24,25,5,2,0,2
829717,2,69be866a,2015,2015,24,41,13,1,1,2
829725,1,896d78ad,2015,2015,18,23,7,1,0,1
829727,1,6aed7e79,2015,2015,24,21,12,0,0,2
829729,1,87e562a9,2015,2015,24,30,5,0,0,2
829751,1,e938e1bc,2015,2015,24,35,8,3,0,2
829759,1,69be866a,2015,2015,24,27,8,0,0,1
829767,2,1abb78f8,2015,2015,18,38,5,2,0,1
829771,1,57ee1fde,2015,2015,12,22,1,0,0,1
829775,2,4125d931,2015,2015,24,33,5,1,0,1
829793,1,56ab442f,2015,2015,24,25,12,0,0,2
829795,2,f986ca1a,2015,2015,24,36,7,1,0,2
829799,1,b56dc5f7,2015,2015,24,40,7,2,1,2
829803,1,3fb19989,2015,2015,12,20,1,1,0,1
829805,2,41eb4a4f,2015,2015,24,33,8,0,0,1
829805,2,8b5b6769,2015,2015,24,31,10,3,0,1
829807,1,aa8d28ae,2015,2015,12,20,3,2,0,2
829809,1,495d42a5,2015,2015,24,14,14,1,0,1
829811,1,bbd41817,2015,2015,24,32,8,0,0,3
829815,1,a12e1d51,2015,2015,24,17,12,1,0,2
829819,2,57ee1fde,2015,2015,24,20,9,0,0,2
829821,2,f986ca1a,2015,2015,23,26,10,1,0,1
980903,1,98ae73b1,2016,2016,24,21,16,5,0,2
980911,1,fe93fd9d,2016,2016,24,18,13,0,0,2
980915,1,bbd41817,2016,2016,24,19,10,0,0,1
980917,1,c8179c68,2016,2016,18,13,12,1,0,1
980917,1,87e562a9,2016,2016,24,39,6,1,0,1
980935,1,2e81a32d,2016,2016,24,37,6,0,0,1
980947,1,51a3c5ef,2016,2016,24,33,7,0,0,1
980949,2,0f12f9df,2016,2016,24,41,5,1,0,2
980951,1,bbd41817,2016,2016,24,26,11,0,0,3
980975,2,f708a0bc,2016,2016,12,19,5,0,0,1
980979,1,c3d1402f,2016,2016,18,23,10,1,0,1
980987,2,957532de,2016,2016,18,15,8,0,0,1
980991,1,0a8fce53,2016,2016,24,32,9,0,0,1
981005,2,759ac88f,2016,2016,24,39,8,1,0,1
981007,2,41eb4a4f,2016,2016,18,17,9,0,0,2
981011,1,db584dad,2016,2016,12,11,3,2,0,2
981011,2,91a4a398,2016,2016,24,30,12,5,0,1
981015,1,8d2c70ad,2016,2016,24,35,9,0,0,3
981017,2,1da489ff,2016,2016,24,22,11,0,0,2
981019,2,c18496e1,2016,2016,12,17,1,0,0,1
1426310,2,2f9d0389,2024,2024,24,37,9,0,0,1
1426311,1,a818c1be,2024,2024,24,45,7,2,0,3
1426312,1,bbd41817,2024,2024,15,19,7,1,0,3
1473439,1,46a9bea1,2025,2025,24,44,7,5,0,3
1473445,2,03806cf8,2025,2025,24,21,15,0,0,3
1473450,1,244048f6,2025,2025,24,43,8,3,0,3
1473452,2,77b1aa15,2025,2025,18,15,9,1,0,1
1473453,1,a818c1be,2025,2025,18,28,8,0,0,1
1473454,1,a2f46292,2025,2025,24,25,9,0,0,2
1473456,1,bbd41817,2025,2025,12,32,4,0,0,1
1473456,2,df064e1a,2025,2025,24,47,8,3,0,1
1473461,1,2cffab74,2025,2025,18,26,10,3,0,1
1473461,1,8d2c70ad,2025,2025,24,17,11,0,0,2
1473468,1,acdc62f5,2025,2025,18,23,9,0,0,1
1473472,2,2cffab74,2025,2025,24,40,5,2,1,1
1473472,2,8d2c70ad,2025,2025,24,30,7,1,0,1
1473477,1,327b58d3,2025,2025,18,25,4,0,0,1
1473478,1,23eeb873,2025,2025,24,12,16,1,0,2
1473480,1,8cf9814c,2025,2025,18,28,7,0,1,1
1473482,1,13fc5c6d,2025,2025,24,48,5,0,0,1
1473482,1,eef2536f,2025,2025,24,42,6,0,0,2
1473482,2,172dff15,2025,2025,24,26,14,3,0,1
1473483,2,327b58d3,2025,2025,18,24,3,1,0,1
1473485,2,bbd41817,2025,2025,12,22,4,1,1,1
1473486,1,c05edf8e,2025,2025,12,21,5,0,0,1
1473486,2,a2f46292,2025,2025,22,28,12,1,0,2
1473488,1,1e66c162,2025,2025,24,35,8,1,0,3
1473488,2,2f49c897,2025,2025,24,33,9,2,0,2
1473489,1,e94915e6,2025,2025,18,34,3,0,0,1
1473489,1,64839cb3,2025,2025,24,36,10,3,0,3
1473491,2,81c36ee9,2025,2025,24,31,13,1,0,1
1473493,1,5f547c8b,2025,2025,24,21,8,0,0,1
1473493,2,23eeb873,2025,2025,18,32,6,1,1,1
1473497,1,4bd09374,2025,2025,24,48,6,2,0,1
1473501,2,a818c1be,2025,2025,24,29,8,0,0,1
1473501,2,119678fd,2025,2025,18,31,4,0,0,1
1473507,2,cb9b8664,2025,2025,24,74,3,3,0,2
1473508,1,c5aef772,2025,2025,6,5,3,0,0,1
1473508,2,68c56d09,2025,2025,18,27,9,0,0,1
1485779,1,5ffc0565,2025,2025,24,38,5,1,0,2
1527674,1,dadbdb68,2026,2026,24,22,13,1,0,3
1527676,1,5574750c,2026,2026,24,19,16,1,0,2
1527676,1,465aa633,2026,2026,24,26,11,3,1,2
1527678,1,ce794613,2026,2026,24,29,8,0,0,3
1527678,1,8d2c70ad,2026,2026,24,31,8,0,0,2
1527679,1,7c3b3b78,2026,2026,24,47,9,2,0,2
1527681,1,f834dcfc,2026,2026,24,34,8,1,0,1
1527686,2,5574750c,2026,2026,12,17,3,0,0,1
1527687,2,2f49c897,2026,2026,24,52,8,4,0,1
1527687,2,85e0cf10,2026,2026,24,52,7,0,0,2
1527689,1,133bbd61,2026,2026,24,37,3,0,0,2
1527690,1,3b53243a,2026,2026,24,42,4,0,1,1
1527693,1,a818c1be,2026,2026,24,50,5,2,0,1
1529265,1,7c3b3b78,2026,2026,24,55,7,4,0,1
1529265,1,5d2eea49,2026,2026,24,35,9,1,0,2
1529269,1,8d2c70ad,2026,2026,24,32,6,1,0,2
1529270,2,ece7b6b3,2026,2026,24,60,6,2,2,1
1529272,2,244048f6,2026,2026,24,41,8,1,0,1
1529272,2,54e52590,2026,2026,24,30,9,3,1,1
1529274,2,25228673,2026,2026,12,12,4,0,0,3
1529276,1,462411b3,2026,2026,24,31,9,0,2,1
1529278,2,2e171977,2026,2026,24,44,5,1,0,1
1529279,1,ded9240e,2026,2026,24,27,12,0,0,1
1529280,2,efc04be7,2026,2026,24,29,6,1,0,1
1529281,2,e4cdf230,2026,2026,12,19,2,0,0,1
1529284,1,5750bcb4,2026,2026,24,29,5,4,0,1
1529284,2,a818c1be,2026,2026,24,41,8,2,0,1
1529286,1,3fb19989,2026,2026,24,40,11,3,0,3
1529287,2,462411b3,2026,2026,18,20,9,1,0,1
1529295,1,133bbd61,2026,2026,24,47,10,2,0,2
1529298,1,3fb19989,2026,2026,24,57,9,7,0,2
1529298,1,fb5f69e4,2026,2026,24,40,8,2,0,2
1529304,2,b8527c3d,2026,2026,24,36,12,3,0,3
1529308,1,9d430b40,2026,2026,24,13,15,0,0,1
1529308,2,9ca68676,2026,2026,24,25,8,0,0,1
1529311,2,44aac2f0,2026,2026,24,36,6,0,0,1
1529312,1,9caf69a1,2026,2026,12,12,7,2,0,1
1529313,2,3fb19989,2026,2026,18,26,9,0,0,2
1535462,1,85e0cf10,2026,2026,24,53,3,2,0,1
1535463,2,92500ad5,2026,2026,14,21,5,3,0,2
1535465,1,b8527c3d,2026,2026,24,27,8,0,0,3
335983,2,6ad3a659,2007/08,2008,24,42,1,0,0,1
335989,2,9f961c14,2007/08,2008,24,29,8,0,1,2
335991,2,6b8eb6e5,2007/08,2008,24,31,12,0,2,2
336002,1,8fd1a8f5,2007/08,2008,24,19,12,1,0,2
336002,1,ba607b88,2007/08,2008,22,25,6,1,1,2
336004,2,87e562a9,2007/08,2008,18,27,4,0,0,1
336009,1,c3d35165,2007/08,2008,24,35,7,0,2,2
336010,1,8fd1a8f5,2007/08,2008,24,27,10,1,0,3
336011,2,c3d1402f,2007/08,2008,24,24,13,1,0,1
336015,2,6b19d823,2007/08,2008,17,27,6,2,1,2
336019,1,4329fbb5,2007/08,2008,24,40,10,1,0,1
336021,1,5f4e9e8f,2007/08,2008,14,16,7,0,0,2
336021,1,7d3937ed,2007/08,2008,18,7,12,1,0,2
336021,2,5bb1a1c4,2007/08,2008,15,29,7,1,1,1
336026,1,ee7d0c82,2007/08,2008,24,15,16,1,0,2
336027,2,725529bc,2007/08,2008,12,24,5,0,0,1
336028,1,342d8ade,2007/08,2008,24,36,9,0,0,1
336033,2,bb18be76,2007/08,2008,24,35,7,1,0,2
336036,1,64d43928,2007/08,2008,24,14,14,1,0,4
336040,2,ae78bc32,2007/08,2008,24,30,8,0,0,1
392182,1,0a4ebc61,2009,2009,24,30,9,0,0,1
392204,1,5fa06777,2009,2009,24,19,14,0,0,2
392209,1,8a668774,2009,2009,12,14,4,0,0,1
392211,1,96fd40ae,2009,2009,24,23,11,2,0,1
392212,1,5f4e9e8f,2009,2009,18,25,4,0,0,1
392218,2,8b5b6769,2009,2009,24,15,10,2,0,2
392222,1,8b5b6769,2009,2009,24,9,15,0,0,1
392224,1,05c2ca46,2009,2009,24,29,6,0,0,1
392234,1,5fa06777,2009,2009,24,32,8,1,0,2
392237,1,12eddf28,2009,2009,24,27,15,1,1,3
392239,1,0c2730df,2009,2009,24,16,12,0,0,4
419107,2,a12e1d51,2009/10,2010,24,22,9,1,0,2
419107,2,626c5379,2009/10,2010,18,51,3,1,0,1
419108,1,6b19d823,2009/10,2010,24,23,10,0,0,1
419108,2,6b8eb6e5,2009/10,2010,24,24,10,0,0,2
419109,1,abfeb126,2009/10,2010,24,22,9,0,1,2
419113,1,b1451597,2009/10,2010,24,37,8,0,0,1
419120,2,bcce309e,2009/10,2010,24,21,12,0,0,1
419120,2,bd77eb62,2009/10,2010,24,21,9,1,0,3
419130,2,a12e1d51,2009/10,2010,22,12,13,1,0,3
419131,2,16043342,2009/10,2010,24,37,7,1,0,2
419131,2,33a364a6,2009/10,2010,24,28,6,1,0,1
419136,1,0c2730df,2009/10,2010,24,33,7,0,1,1
419136,2,2049f3a0,2009/10,2010,12,21,1,0,0,1
419138,2,8b5b6769,2009/10,2010,18,16,9,0,0,2
419140,1,66cf56a5,2009/10,2010,18,39,2,1,1,1
419140,2,d7c6af50,2009/10,2010,24,40,7,0,0,1
419143,1,dbc50253,2009/10,2010,24,36,7,2,0,2
419147,1,c3d1402f,2009/10,2010,12,18,3,1,0,1
419150,1,3d7e087f,2009/10,2010,24,35,6,1,0,1
419154,1,86dc8f2e,2009/10,2010,24,19,11,1,0,1
419154,2,6ef60d3a,2009/10,2010,18,30,8,0,0,1
419158,1,1e66c162,2009/10,2010,24,26,10,0,0,3
419161,1,abfeb126,2009/10,2010,24,20,9,0,0,2
419162,2,a757b0d8,2009/10,2010,24,17,10,2,0,3
419163,2,1dc12ab9,2009/10,2010,2,0,2,0,0,1
419164,1,86dc8f2e,2009/10,2010,12,3,9,0,0,2
501207,2,4ba44e19,2011,2011,23,42,7,1,0,1
501208,2,6b19d823,2011,2011,24,41,7,0,1,1
501213,2,91ffa6c6,2011,2011,20,34,6,0,0,1
501214,1,3c6ffae8,2011,2011,12,10,3,2,0,1
501219,2,5d096f3d,2011,2011,24,29,8,0,0,1
501222,1,c64c2443,2011,2011,24,20,12,0,0,1
501223,1,fd835ab3,2011,2011,6,19,2,0,0,1
501224,1,6c6591ab,2011,2011,24,29,8,1,0,1
501228,1,45c2196c,2011,2011,24,21,14,1,0,3
501229,1,0f12f9df,2011,2011,24,30,7,0,0,1
501231,1,8291f939,2011,2011,24,20,10,0,0,2
501233,2,5bb5a915,2011,2011,24,18,12,0,0,3
501237,2,a757b0d8,2011,2011,18,18,4,1,0,1
501239,1,6c6591ab,2011,2011,24,32,7,0,0,1
501243,1,fa463154,2011,2011,24,29,6,0,0,2
501243,2,8fd1a8f5,2011,2011,24,24,11,2,0,2
501246,2,8b5b6769,2011,2011,24,24,12,3,0,2
501247,1,66cf56a5,2011,2011,18,21,4,1,1,1
501250,1,3a60e0b5,2011,2011,24,38,5,1,0,1
501250,2,2a2e6343,2011,2011,18,21,10,1,0,2
501252,1,db584dad,2011,2011,18,23,8,5,1,1
501253,2,495d42a5,2011,2011,24,19,12,0,0,2
501254,2,c3d1402f,2011,2011,24,25,16,2,0,4
501255,1,957532de,2011,2011,18,18,7,0,0,1
501260,1,d1c94b25,2011,2011,24,48,7,3,0,2
501268,1,87e562a9,2011,2011,18,28,5,3,0,1
501269,2,86dc8f2e,2011,2011,24,18,14,1,0,2
548309,1,808f425a,2012,2012,24,41,6,1,0,2
548310,1,2e9fdf9b,2012,2012,24,32,10,1,0,3
548317,1,557153ca,2012,2012,24,43,7,0,0,1
548318,1,c3d35165,2012,2012,24,37,5,4,0,2
548318,2,91a4a398,2012,2012,24,32,7,1,0,1
548321,2,d718440b,2012,2012,24,31,9,0,0,1
548321,2,8fd1a8f5,2012,2012,24,19,12,0,0,2
548324,2,5b040b81,2012,2012,23,43,8,0,0,2
548324,2,f708a0bc,2012,2012,24,19,8,0,0,1
548331,2,1a0c3177,2012,2012,24,34,14,1,1,4
548339,1,94eac556,2012,2012,24,36,9,0,0,1
548344,1,91a4a398,2012,2012,24,48,8,1,0,1
548347,1,86dc8f2e,2012,2012,24,21,10,1,0,2
548353,2,86dc8f2e,2012,2012,12,16,3,1,0,1
548354,2,bd17b45f,2012,2012,6,8,2,0,0,1
548355,2,f3171936,2012,2012,24,34,13,0,0,2
548355,2,87e562a9,2012,2012,24,39,7,2,0,2
548357,1,9d430b40,2012,2012,24,23,14,5,0,2
548360,1,4ba44e19,2012,2012,24,24,8,0,0,2
548369,1,f62772e5,2012,2012,18,24,6,0,0,1
548370,1,a757b0d8,2012,2012,18,20,7,3,0,1
548370,2,b2b50355,2012,2012,24,11,15,1,0,2
548372,1,0a3d54b9,2012,2012,24,38,10,1,0,1
548373,2,3d7e087f,2012,2012,24,20,12,3,0,2
548376,2,6b19d823,2012,2012,24,26,10,0,0,2
548377,1,a757b0d8,2012,2012,18,29,7,3,0,1
548380,2,c3d35165,2012,2012,18,28,4,0,0,1
548380,2,87e562a9,2012,2012,18,24,5,4,0,1
548381,2,87e562a9,2012,2012,22,49,3,3,0,1
597998,1,33a364a6,2013,2013,24,23,8,1,0,2
597998,2,9d80c5e1,2013,2013,24,22,9,0,0,2
597999,1,462411b3,2013,2013,24,32,11,0,0,3
598000,1,5d9a1a73,2013,2013,24,21,9,0,0,1
598003,2,896d78ad,2013,2013,12,12,4,0,0,1
598004,1,0f12f9df,2013,2013,24,21,12,1,0,1
598004,2,1e66c162,2013,2013,24,24,9,1,0,2
598010,1,0f12f9df,2013,2013,24,31,7,0,0,2
598010,1,d2340a43,2013,2013,24,20,11,1,0,1
598012,2,41eb4a4f,2013,2013,24,36,7,1,0,1
598013,1,1c2a64cd,2013,2013,12,15,4,0,0,1
598016,1,4c4fa80b,2013,2013,24,28,8,0,0,2
598017,1,41eb4a4f,2013,2013,24,21,12,0,0,1
598017,2,5bb5a915,2013,2013,24,32,9,1,0,1
598020,1,cc1e8c68,2013,2013,24,33,8,1,0,1
598022,2,b2b50355,2013,2013,24,28,9,1,0,1
598023,1,d68e7f48,2013,2013,22,19,15,0,0,2
598036,2,c3d1402f,2013,2013,24,35,5,1,0,1
598037,1,e938e1bc,2013,2013,24,24,11,1,0,1
598038,2,759ac88f,2013,2013,24,21,11,1,0,3
598038,2,87e562a9,2013,2013,24,18,10,1,0,1
598039,2,8b5b6769,2013,2013,24,35,9,0,1,1
1082591,1,57ee1fde,2017,2017,24,22,5,0,0,1
1082592,1,e087956b,2017,2017,24,36,10,2,0,1
1082592,2,dbe50b21,2017,2017,24,36,4,0,0,1
1082594,1,ce820073,2017,2017,24,33,8,0,0,2
1082595,1,9d80c5e1,2017,2017,24,13,12,1,0,1
1082595,2,57ee1fde,2017,2017,24,19,10,0,0,1
1082598,1,ce820073,2017,2017,24,26,15,1,0,1
1082600,1,a12e1d51,2017,2017,24,30,7,1,0,1
1082601,1,cc1e8c68,2017,2017,24,33,11,3,0,4
1082605,2,9d80c5e1,2017,2017,12,13,6,0,0,2
1082610,1,d2a989fc,2017,2017,24,37,8,1,0,1
1082610,2,57ee1fde,2017,2017,24,31,8,1,0,3
1082611,2,1c914163,2017,2017,6,6,2,0,0,1
1082616,1,b51f72a5,2017,2017,24,42,7,0,0,1
1082616,2,759ac88f,2017,2017,24,25,8,1,0,1
1082616,2,2e171977,2017,2017,24,36,6,0,0,2
1082617,1,57ee1fde,2017,2017,24,16,10,1,0,3
1082617,2,94d7f855,2017,2017,10,4,7,0,0,3
1082618,1,8b5b6769,2017,2017,24,20,7,0,0,1
1082621,1,fe93fd9d,2017,2017,24,28,7,0,0,2
1082625,1,8b5b6769,2017,2017,24,23,11,1,0,1
1082625,1,462411b3,2017,2017,24,32,10,0,3,2
1082625,1,5b8c830e,2017,2017,24,14,15,1,0,3
1082631,2,4c5d73db,2017,2017,24,18,13,0,0,3
1082632,1,e62dd25d,2017,2017,24,28,11,0,0,2
1082632,1,8abdf100,2017,2017,18,36,3,4,0,1
1082637,1,d2a989fc,2017,2017,24,24,9,2,0,1
1082639,1,8d2c70ad,2017,2017,18,34,3,1,0,2
1082641,1,462411b3,2017,2017,24,24,9,0,0,1
1082642,1,1e66c162,2017,2017,24,29,10,0,0,2
1082642,2,9d80c5e1,2017,2017,18,21,11,0,0,1
1082645,1,1e66c162,2017,2017,18,12,14,0,0,2
1082646,2,eef2536f,2017,2017,24,23,11,0,0,1
1136562,2,a818c1be,2018,2018,23,34,11,0,1,1
1136563,2,f19ccfad,2018,2018,24,48,4,1,0,1
1136567,1,6834d1f2,2018,2018,24,42,13,1,0,2
1136568,1,fa2f1dde,2018,2018,24,33,7,0,0,2
1136571,2,1a156c88,2018,2018,6,10,1,0,0,1
1136576,1,2e81a32d,2018,2018,24,25,10,1,0,1
1136584,1,1abb78f8,2018,2018,24,46,10,2,0,2
1136590,1,6b19d823,2018,2018,24,30,4,0,0,1
1136593,2,f834dcfc,2018,2018,18,36,5,1,0,1
1136595,1,f834dcfc,2018,2018,24,24,13,1,0,1
1136595,2,cc1e8c68,2018,2018,18,15,12,0,0,2
1136602,1,2e81a32d,2018,2018,24,51,10,1,0,1
1136603,2,87e562a9,2018,2018,23,31,10,0,0,1
1136608,1,2f49c897,2018,2018,18,17,10,1,0,1
1136609,1,c38d3503,2018,2018,24,44,10,0,0,1
1136611,2,bb351c23,2018,2018,12,21,2,0,0,1
1136612,1,23eeb873,2018,2018,18,23,11,2,0,1
1136612,2,a818c1be,2018,2018,24,20,11,0,0,2
1136614,1,9d430b40,2018,2018,24,23,9,2,0,1
1136617,1,fe93fd9d,2018,2018,24,13,14,0,0,1
1136618,1,7a8bd078,2018,2018,24,34,8,0,0,1
1136619,2,e342e5fb,2018,2018,12,15,6,0,0,2
1175358,2,75224f22,2019,2019,18,21,8,2,0,1
1175364,1,e2db2409,2019,2019,24,25,10,0,0,2
1175367,2,acee4cc4,2019,2019,24,23,8,0,0,2
1175368,2,a316d663,2019,2019,18,22,9,0,0,1
1175371,1,62af8546,2019,2019,24,21,5,0,0,2
1178394,2,4933f499,2019,2019,24,28,11,0,0,1
1178399,1,462411b3,2019,2019,24,38,8,2,0,1
1178402,2,5b8c830e,2019,2019,24,34,8,1,0,3
1178406,1,4933f499,2019,2019,24,49,8,1,0,1
1178407,1,d2a989fc,2019,2019,24,37,10,0,0,1
1178407,1,5574750c,2019,2019,24,15,14,0,1,3
1178411,2,462411b3,2019,2019,24,21,7,0,0,1
1178412,2,8cf9814c,2019,2019,24,21,10,0,0,1
1178413,1,a2f46292,2019,2019,24,33,8,3,0,3
1178413,1,ce820073,2019,2019,24,37,6,0,0,1
1178413,1,5f547c8b,2019,2019,24,23,12,0,0,1
1178415,1,5bb1a1c4,2019,2019,24,29,11,0,0,1
1178417,2,bb351c23,2019,2019,18,22,6,0,0,1
1178418,1,7a8bd078,2019,2019,18,31,8,0,0,1
1178420,1,c6097d68,2019,2019,24,28,7,1,0,2
1178421,1,f19ccfad,2019,2019,24,29,6,0,0,1
1178424,2,57ee1fde,2019,2019,2,0,1,0,0,1
1178425,1,fb66ce1f,2019,2019,24,47,9,1,1,1
1178425,2,acee4cc4,2019,2019,20,12,12,0,0,4
1178427,1,fb2d1dda,2019,2019,6,8,3,0,0,1
1181764,1,5b8c830e,2019,2019,24,21,13,0,0,1
1181767,1,acee4cc4,2019,2019,24,28,6,0,0,1
1181768,1,1abb78f8,2019,2019,24,37,10,0,0,2
1181768,2,2ed569a0,2019,2019,24,14,13,0,0,1
1216492,2,f752db61,2020/21,2021,24,27,10,1,0,1
1216494,2,2f9d0389,2020/21,2021,24,17,14,1,0,1
1216496,2,e86754b2,2020/21,2021,24,54,5,0,1,1
1216499,1,a818c1be,2020/21,2021,24,40,10,1,0,1
1216501,2,5b7ab5a9,2020/21,2021,24,28,7,0,0,1
1216504,1,5574750c,2020/21,2021,24,18,14,0,0,2
1216504,2,b4f5c2d9,2020/21,2021,12,13,6,0,0,2
1216504,2,5b7ab5a9,2020/21,2021,24,25,7,0,0,2
1216506,1,acee4cc4,2020/21,2021,24,24,6,0,0,1
1216508,2,a818c1be,2020/21,2021,24,30,13,0,0,2
1216510,1,a4e37e47,2020/21,2021,18,33,3,0,0,2
1216512,2,5b7ab5a9,2020/21,2021,24,32,7,0,0,1
1216514,1,ac5ae4af,2020/21,2021,24,41,8,1,0,2
1216517,1,8cf9814c,2020/21,2021,24,30,12,0,0,2
1216524,2,ce820073,2020/21,2021,24,27,11,2,0,2
1216526,1,56ab442f,2020/21,2021,24,51,8,3,0,1
1216530,2,5b7ab5a9,2020/21,2021,24,20,9,0,0,2
1216531,1,ffe699c0,2020/21,2021,18,20,4,2,0,1
1216532,2,2e81a32d,2020/21,2021,24,25,12,1,0,2
1216534,2,8fd1a8f5,2020/21,2021,22,33,9,1,0,1
1216534,2,a4e37e47,2020/21,2021,18,15,6,0,0,2
1216535,1,a818c1be,2020/21,2021,24,21,16,0,0,3
1216539,2,acdc62f5,2020/21,2021,24,21,12,3,0,2
1216543,1,5574750c,2020/21,2021,24,19,12,3,0,3
1216543,2,acdc62f5,2020/21,2021,24,33,9,0,0,2
1216545,2,5f547c8b,2020/21,2021,24,25,8,0,0,1
1237180,2,2e171977,2020/21,2021,24,33,6,0,0,1
1237181,1,56ab442f,2020/21,2021,24,29,10,1,0,2
1254060,2,7dc35884,2021,2021,24,34,8,0,0,1
1254061,1,2cdce1be,2021,2021,24,31,13,0,1,3
1254061,1,fb66ce1f,2021,2021,24,41,8,1,0,2
1254067,2,f986ca1a,2021,2021,24,17,7,0,0,2
1254070,1,e62dd25d,2021,2021,18,25,7,0,0,1
1254070,1,6b19d823,2021,2021,24,24,11,0,0,4
1254071,1,f29185a1,2021,2021,24,24,10,1,0,2
1254074,2,2ed569a0,2021,2021,24,19,8,0,0,1
1254076,2,acee4cc4,2021,2021,24,16,14,2,0,2
1254079,1,6b19d823,2021,2021,18,27,2,0,0,1
1254085,2,39a2dfa8,2021,2021,24,45,2,0,0,1
1254086,2,c05edf8e,2021,2021,18,19,4,0,0,1
1254092,2,495d42a5,2021,2021,24,24,10,1,0,1
1254095,2,2e81a32d,2021,2021,24,25,11,0,0,1
1254106,1,39a2dfa8,2021,2021,6,11,1,1,0,1
1254106,2,c38d3503,2021,2021,19,21,10,0,0,4
1254109,1,c38d3503,2021,2021,24,29,12,0,1,2
1254113,2,f986ca1a,2021,2021,19,25,7,1,2,2
1304047,1,bbd41817,2022,2022,24,38,7,0,0,1
1304048,1,8d2c70ad,2022,2022,24,18,8,0,0,3
1304052,1,a97c8ec2,2022,2022,24,20,15,0,0,4
1304053,1,eef2536f,2022,2022,24,38,11,0,0,2
1304054,2,2ed569a0,2022,2022,24,13,13,1,0,2
1304057,1,87e562a9,2022,2022,18,32,8,2,0,1
1304057,2,e62dd25d,2022,2022,18,28,11,0,2,1
1304058,2,0f721006,2022,2022,24,34,8,2,0,3
1304065,2,8d2c70ad,2022,2022,24,35,8,2,0,4
1304066,2,85e0cf10,2022,2022,24,35,12,1,0,1
1304077,2,f986ca1a,2022,2022,24,47,7,7,0,2
1304079,1,f24c6701,2022,2022,24,35,4,0,0,1
1304081,1,13c35c9e,2022,2022,24,24,9,2,0,3
1304081,2,b0946605,2022,2022,24,31,12,2,0,1
1304087,1,2e171977,2022,2022,24,28,5,0,0,1
1304087,2,cc1e8c68,2022,2022,24,24,11,0,0,3
1304090,1,64775749,2022,2022,24,24,13,4,0,2
1304090,2,495d42a5,2022,2022,24,21,9,0,0,1
1304091,2,c33d8116,2022,2022,24,16,15,1,0,4
1304092,2,765a4731,2022,2022,24,46,9,1,0,4
1304093,2,a818c1be,2022,2022,24,25,9,2,0,1
1304094,2,8cf9814c,2022,2022,24,43,12,0,0,1
1304097,2,a757b0d8,2022,2022,12,13,3,0,0,1
1304099,2,0f721006,2022,2022,15,31,4,0,0,3
1304100,2,a97c8ec2,2022,2022,24,18,13,0,0,5
1304102,2,13c35c9e,2022,2022,18,10,11,0,0,1
1304111,1,64775749,2022,2022,24,44,6,2,0,1
1304111,2,2e81a32d,2022,2022,24,26,12,0,0,1
1304111,2,f19ccfad,2022,2022,24,36,4,0,0,1
1304114,2,c695b423,2022,2022,12,20,5,0,0,2
1304115,1,462411b3,2022,2022,24,25,11,0,0,3
1304116,2,81c08fa3,2022,2022,13,24,4,0,0,1
1312199,2,03806cf8,2022,2022,24,23,12,0,0,2
1359475,1,b0946605,2023,2023,24,33,8,0,0,2
1359477,1,8d2c70ad,2023,2023,24,35,5,0,0,1
1359481,2,3d8feaf8,2023,2023,19,24,4,1,0,1
1359482,1,57ee1fde,2023,2023,24,50,5,1,0,1
1359484,1,4b31f3a3,2023,2023,18,23,5,0,0,1
1359485,2,a818c1be,2023,2023,24,29,11,0,0,3
1359485,2,57ee1fde,2023,2023,24,27,7,2,0,3
1359487,1,9d430b40,2023,2023,24,33,8,1,0,3
1359490,2,2cffab74,2023,2023,12,30,6,0,0,2
1359491,1,bb351c23,2023,2023,12,21,3,0,0,1
1359492,1,759ac88f,2023,2023,24,18,12,0,0,2
1359493,1,5b7ab5a9,2023,2023,24,41,4,1,0,1
1359494,1,8d2c70ad,2023,2023,24,23,9,0,0,2
1359498,2,bb351c23,2023,2023,6,13,3,0,0,1
1359502,2,fb2d1dda,2023,2023,24,17,10,0,0,2
1359506,1,57ee1fde,2023,2023,24,28,7,2,0,1
1359509,2,759ac88f,2023,2023,24,38,7,0,0,2
1359512,2,df064e1a,2023,2023,24,41,8,0,1,2
1359516,1,98ae73b1,2023,2023,24,34,11,0,0,2
1359516,2,495d42a5,2023,2023,24,27,8,1,0,2
1359520,2,244048f6,2023,2023,23,66,4,2,0,1
1359521,1,81c36ee9,2023,2023,18,24,7,0,1,2
1359521,2,7c3b3b78,2023,2023,18,32,5,1,2,2
1359524,1,2cffab74,2023,2023,18,30,6,1,0,1
1359524,1,3d8feaf8,2023,2023,18,21,3,1,0,2
1359526,1,2e81a32d,2023,2023,24,44,7,2,0,1
1359537,2,df064e1a,2023,2023,24,26,9,1,0,2
1359538,2,5bb1a1c4,2023,2023,18,36,9,0,1,2
1359540,2,9eb1455b,2023,2023,24,34,8,1,0,1
1359544,2,2f49c897,2023,2023,24,32,10,2,0,2
1422119,1,0a8fce53,2024,2024,24,29,11,2,0,4
1422124,1,7210d461,2024,2024,24,23,12,2,0,1
1422124,1,b0946605,2024,2024,24,43,8,3,0,1
1422132,2,107c26fb,2024,2024,12,23,5,0,0,1
1422134,2,9d430b40,2024,2024,24,29,11,0,0,1
1422136,1,2e81a32d,2024,2024,24,28,11,0,0,1
1422137,1,57ee1fde,2024,2024,24,34,8,1,0,2
1422137,2,8db7f47f,2024,2024,24,27,9,1,0,2
1426261,2,2e81a32d,2024,2024,24,32,12,2,0,2
1426262,1,759ac88f,2024,2024,24,51,3,4,0,1
1426266,1,7c3b3b78,2024,2024,18,34,6,1,1,1
1426267,2,46a9bea1,2024,2024,24,29,9,0,0,1
1426269,1,eef2536f,2024,2024,24,35,9,1,0,2
1426269,1,57ee1fde,2024,2024,24,54,4,1,0,1
1426269,2,9d430b40,2024,2024,24,30,11,3,0,2
1426270,1,a2f46292,2024,2024,24,18,14,1,0,1
1426279,1,1e66c162,2024,2024,24,30,4,2,0,3
1426280,1,2ed569a0,2024,2024,24,33,8,0,0,1
1426281,2,2cffab74,2024,2024,24,59,5,0,0,3
1426286,1,c33d8116,2024,2024,24,36,10,0,0,2
1426288,2,2e81a32d,2024,2024,24,41,8,0,0,3
1426291,1,e94915e6,2024,2024,24,34,3,0,0,1
1426293,1,dbe50b21,2024,2024,24,31,7,1,0,3
1426294,1,57ee1fde,2024,2024,24,48,5,0,0,1
1426300,1,b8527c3d,2024,2024,18,23,5,3,0,2
1426302,2,85b3fab2,2024,2024,6,4,3,0,0,1
1426305,1,ee1b6c27,2024,2024,24,28,11,2,0,3
598041,1,e938e1bc,2013,2013,24,38,9,0,0,0
598041,2,fb66ce1f,2013,2013,18,31,2,0,0,0
598041,2,1dc12ab9,2013,2013,6,19,0,0,0,0
598042,1,1c914163,2013,2013,6,15,0,0,0,0
598042,2,4ba44e19,2013,2013,18,32,7,1,0,0
598047,2,1c914163,2013,2013,12,16,1,0,0,0
598048,1,32198ae0,2013,2013,6,18,1,0,0,0
598052,2,e938e1bc,2013,2013,24,27,9,3,0,0
598057,2,1e66c162,2013,2013,24,27,10,0,0,0
598059,1,98ae73b1,2013,2013,12,17,6,0,0,0
598064,2,32198ae0,2013,2013,18,29,6,1,0,0
598065,1,557153ca,2013,2013,24,39,3,0,0,0
598068,2,1e66c162,2013,2013,12,16,4,1,0,0
729279,1,8b5b6769,2014,2014,18,25,5,0,0,0
729289,1,2e8994e7,2014,2014,18,25,3,0,0,0
729291,1,b2b50355,2014,2014,24,46,7,0,0,0
729295,1,8fd1a8f5,2014,2014,24,26,11,1,0,0
729313,1,2e171977,2014,2014,12,11,5,0,0,0
729315,1,86dc8f2e,2014,2014,6,4,3,0,0,0
729315,2,4329fbb5,2014,2014,18,26,6,0,2,0
733971,1,41eb4a4f,2014,2014,18,26,5,0,0,0
733983,2,a757b0d8,2014,2014,24,37,8,1,0,0
733987,1,495d42a5,2014,2014,12,38,2,2,0,0
733993,1,5fa06777,2014,2014,18,18,2,0,0,0
733997,2,b681e71e,2014,2014,6,11,1,1,0,0
734003,1,0994d0ae,2014,2014,6,19,1,0,0,0
734005,1,acee4cc4,2014,2014,24,48,5,0,0,0
734009,1,3c6ffae8,2014,2014,6,10,1,0,0,0
734009,2,462411b3,2014,2014,18,23,6,0,0,0
734011,1,de4b0555,2014,2014,24,44,8,0,1,0
734015,1,4ec07775,2014,2014,6,8,3,0,0,0
734017,1,bd17b45f,2014,2014,6,12,1,0,0,0
734019,2,3a60e0b5,2014,2014,22,42,8,3,0,0
734025,2,ce820073,2014,2014,18,37,5,1,0,0
734027,1,57ee1fde,2014,2014,24,50,7,0,0,0
734027,2,41eb4a4f,2014,2014,24,44,2,0,0,0
734029,1,2e81a32d,2014,2014,24,36,7,0,0,0
734039,2,9219eff0,2014,2014,6,14,2,0,0,0
734043,1,26a85969,2014,2014,24,44,6,0,0,0
829735,2,96fd40ae,2015,2015,24,32,7,1,0,0
829739,1,bbd41817,2015,2015,18,21,8,0,0,0
829749,2,6aed7e79,2015,2015,24,36,6,0,0,0
829759,1,26a85969,2015,2015,6,7,2,0,0,0
829761,1,2e8994e7,2015,2015,6,16,1,0,0,0
829777,1,91a4a398,2015,2015,24,31,13,4,0,0
829789,1,dbe50b21,2015,2015,6,4,2,0,0,0
829793,1,2e8994e7,2015,2015,12,16,3,1,0,0
829799,1,2e171977,2015,2015,12,19,3,0,0,0
829801,2,495d42a5,2015,2015,24,24,13,0,0,0
829807,1,66b30f71,2015,2015,12,23,1,0,2,0
829807,2,2e81a32d,2015,2015,11,39,2,0,0,0
829809,2,6eb146d2,2015,2015,18,22,5,0,0,0
829809,2,b681e71e,2015,2015,6,8,3,2,0,0
829823,1,f62772e5,2015,2015,12,18,2,0,0,0
980903,2,e342e5fb,2016,2016,12,9,6,0,1,0
980905,1,fb693839,2016,2016,12,21,3,0,0,0
980905,2,759ac88f,2016,2016,16,24,5,0,0,0
980911,1,c8179c68,2016,2016,24,40,4,0,0,0
980915,2,119678fd,2016,2016,14,24,3,0,0,0
980923,2,462411b3,2016,2016,18,19,6,0,1,0
980927,1,dbe50b21,2016,2016,12,18,3,0,0,0
980931,1,5bb1a1c4,2016,2016,24,47,8,2,1,0
980931,1,495d42a5,2016,2016,18,22,5,6,0,0
980933,1,5b8c830e,2016,2016,24,25,3,1,0,0
980949,2,c3d35165,2016,2016,12,30,4,2,0,0
980951,2,8cf9814c,2016,2016,24,33,6,1,0,0
980955,2,6eb146d2,2016,2016,6,8,2,1,0,0
980961,2,35205dfc,2016,2016,12,12,4,0,0,0
980963,1,2e171977,2016,2016,24,24,7,0,0,0
980965,2,e342e5fb,2016,2016,12,17,2,0,0,0
980965,2,f62772e5,2016,2016,6,10,1,0,0,0
980969,2,0f12f9df,2016,2016,18,40,3,0,0,0
980969,2,33a364a6,2016,2016,24,45,2,0,0,0
980971,1,e342e5fb,2016,2016,12,20,1,0,0,0
980973,1,a757b0d8,2016,2016,12,23,2,1,0,0
980977,2,0a3d54b9,2016,2016,18,25,6,0,0,0
980983,2,d8b2f218,2016,2016,12,21,5,0,0,0
980995,2,98ae73b1,2016,2016,19,32,4,0,0,0
980997,1,23eeb873,2016,2016,12,13,6,0,0,0
980999,2,0a3d54b9,2016,2016,6,17,1,1,0,0
981001,1,e938e1bc,2016,2016,12,12,5,2,0,0
981013,2,87e562a9,2016,2016,18,26,4,1,0,0
981015,1,626c5379,2016,2016,6,9,1,0,0,0
981015,2,73ad96ed,2016,2016,6,8,3,0,0,0
981019,1,db584dad,2016,2016,18,24,8,3,0,0
1426307,1,aad0c365,2024,2024,18,54,2,2,1,0
1426309,2,12b610c2,2024,2024,10,32,2,0,0,0
1473439,2,ded9240e,2025,2025,24,60,4,1,1,0
1473440,1,e94915e6,2025,2025,6,13,2,0,0,0
1473447,2,f986ca1a,2025,2025,18,17,6,1,0,0
1473451,1,5f547c8b,2025,2025,24,54,6,0,0,0
1473464,2,2f9d0389,2025,2025,2,1,1,0,0,0
1473467,2,1abb78f8,2025,2025,24,56,7,3,1,0
1473469,1,04a418e8,2025,2025,6,6,1,0,0,0
1473475,2,495d42a5,2025,2025,24,25,6,0,0,0
1473477,1,2e171977,2025,2025,24,29,6,0,0,0
1473479,2,c5aef772,2025,2025,6,15,2,0,0,0
1473481,1,9d430b40,2025,2025,24,35,6,0,1,0
1473486,1,970ddd24,2025,2025,18,40,1,0,1,0
1473488,1,f986ca1a,2025,2025,18,41,1,0,0,0
1473498,2,8d2c70ad,2025,2025,24,37,3,1,0,0
1473499,2,df064e1a,2025,2025,6,26,1,1,0,0
1473506,1,68c56d09,2025,2025,24,42,8,0,0,0
1527690,2,1e66c162,2026,2026,18,40,4,0,0,0
1527692,2,eef2536f,2026,2026,12,24,3,1,0,0
1529264,2,25228673,2026,2026,12,22,4,2,0,0
1529265,1,5b7ab5a9,2026,2026,18,26,6,0,0,0
1529266,2,13fc5c6d,2026,2026,24,51,4,0,0,0
1529268,2,5d2eea49,2026,2026,24,40,7,1,0,0
1529269,1,7c3c0337,2026,2026,18,36,1,1,0,0
1529274,1,f834dcfc,2026,2026,24,41,7,2,0,0
1529289,2,57ee1fde,2026,2026,6,13,0,0,0,0
1529291,2,8d2c70ad,2026,2026,18,34,7,0,0,0
1529296,2,80b2fb19,2026,2026,24,36,10,2,0,0
1529297,2,462411b3,2026,2026,24,20,8,2,0,0
1529298,2,81c36ee9,2026,2026,24,45,8,1,0,0
1529305,1,51ec3919,2026,2026,12,29,2,0,0,0
1529306,1,aad0c365,2026,2026,12,35,1,1,1,0
1529313,1,eaa76d3c,2026,2026,12,21,2,0,0,0
1535465,1,dadbdb68,2026,2026,24,38,5,3,0,0
335987,1,e32d22f6,2007/08,2008,6,12,0,0,0,0
335992,1,3c6ffae8,2007/08,2008,6,10,1,0,0,0
335997,2,b1451597,2007/08,2008,6,11,1,0,0,0
335998,1,41eb4a4f,2007/08,2008,12,25,1,0,0,0
336010,1,41eb4a4f,2007/08,2008,18,15,8,0,0,0
336011,1,64d43928,2007/08,2008,24,39,10,1,0,0
336011,2,57efa3be,2007/08,2008,12,14,5,1,0,0
336012,2,af7dadf7,2007/08,2008,18,19,6,2,0,0
336013,2,cfad138c,2007/08,2008,6,8,0,0,0,0
336014,1,0604ef16,2007/08,2008,6,10,2,0,0,0
336019,2,034b4b7d,2007/08,2008,24,32,7,0,0,0
336020,2,33a364a6,2007/08,2008,24,32,10,0,0,0
336021,2,fa463154,2007/08,2008,6,5,3,2,0,0
336022,1,6b8eb6e5,2007/08,2008,18,33,7,5,0,0
336025,2,10a91f35,2007/08,2008,12,14,7,2,0,0
336032,2,d2a989fc,2007/08,2008,18,26,6,0,0,0
336034,1,acd4f5dc,2007/08,2008,18,18,8,0,0,0
392184,2,abfeb126,2009,2009,24,23,10,0,0,0
392185,1,86dc8f2e,2009,2009,12,28,0,0,0,0
392200,2,a1f1829d,2009,2009,12,11,4,1,0,0
392202,1,3d7e087f,2009,2009,18,35,3,1,0,0
392204,2,86dc8f2e,2009,2009,18,19,8,0,0,0
392207,1,5d096f3d,2009,2009,12,8,6,1,0,0
392207,1,5f26df4f,2009,2009,24,23,10,0,0,0
392208,1,41eb4a4f,2009,2009,24,32,6,0,0,0
392209,1,6c6591ab,2009,2009,24,26,5,1,0,0
392216,2,fe763256,2009,2009,6,3,3,0,0,0
392220,1,f0f628c7,2009,2009,6,3,4,0,0,0
392227,2,2e8994e7,2009,2009,12,9,3,0,0,0
392229,1,6c6591ab,2009,2009,12,12,3,0,0,0
392229,2,3dba85c2,2009,2009,6,18,1,0,0,0
392236,2,ba607b88,2009,2009,18,25,3,2,0,0
392237,2,5bdcdb72,2009,2009,18,13,8,0,0,0
419107,1,6ef60d3a,2009/10,2010,6,10,3,0,0,0
419111,1,fb693839,2009/10,2010,24,28,11,1,0,0
419112,2,7ca5e05d,2009/10,2010,12,17,4,0,0,0
419113,1,abfeb126,2009/10,2010,24,21,9,1,0,0
419117,1,98ae73b1,2009/10,2010,18,24,4,0,0,0
419119,2,a12e1d51,2009/10,2010,24,25,10,0,0,0
419121,2,2049f3a0,2009/10,2010,18,25,6,2,0,0
419122,2,db584dad,2009/10,2010,24,31,8,2,0,0
419127,2,fd835ab3,2009/10,2010,6,7,1,0,0,0
419128,2,c404f58a,2009/10,2010,24,31,5,0,0,0
419130,2,c654af19,2009/10,2010,18,24,8,1,0,0
419131,1,896d78ad,2009/10,2010,12,11,4,0,0,0
419134,2,16043342,2009/10,2010,12,17,3,0,0,0
419136,2,1c914163,2009/10,2010,12,14,1,0,0,0
419140,1,d0513f63,2009/10,2010,6,19,2,1,0,0
419143,2,5fa06777,2009/10,2010,6,17,1,0,0,0
419147,2,c24a2c5d,2009/10,2010,6,12,3,0,0,0
419151,1,d92e42f5,2009/10,2010,18,27,5,2,0,0
419153,2,fd835ab3,2009/10,2010,12,22,1,0,0,0
501199,2,6b19d823,2011,2011,24,28,9,0,0,0
501202,2,6042bf26,2011,2011,18,19,9,0,0,0
501211,1,5bdcdb72,2011,2011,12,21,0,0,0,0
501212,2,5bb1a1c4,2011,2011,24,23,12,1,1,0
501215,1,5d096f3d,2011,2011,18,24,4,0,0,0
501224,2,626c5379,2011,2011,12,12,4,0,0,0
501236,1,2e8994e7,2011,2011,18,21,5,1,0,0
501239,2,b2b50355,2011,2011,18,27,6,0,1,0
501240,1,45c2196c,2011,2011,24,28,9,0,1,0
501248,1,2815fe50,2011,2011,6,11,0,0,0,0
501258,1,ddb00822,2011,2011,6,18,3,0,0,0
501259,1,5bb1a1c4,2011,2011,18,19,10,0,0,0
501260,1,db584dad,2011,2011,24,35,5,0,0,0
501263,1,8291f939,2011,2011,6,12,1,0,0,0
501264,1,98ae73b1,2011,2011,24,48,3,2,0,0
501264,1,c654af19,2011,2011,12,24,0,0,0,0
501268,1,c3d35165,2011,2011,24,40,7,0,0,0
548306,2,c8179c68,2012,2012,6,8,1,0,0,0
548310,2,f986ca1a,2012,2012,12,10,6,0,0,0
548313,1,e938e1bc,2012,2012,24,27,10,3,0,0
548313,1,98ae73b1,2012,2012,12,14,3,0,0,0
548314,2,d0513f63,2012,2012,12,19,1,0,0,0
548317,1,3d7e087f,2012,2012,18,25,0,0,0,0
548317,2,cf73ad76,2012,2012,12,22,4,1,0,0
548318,1,495d42a5,2012,2012,24,46,6,0,0,0
548318,2,d7c6af50,2012,2012,24,30,9,0,0,0
548323,1,3c6ffae8,2012,2012,6,7,2,0,0,0
548332,2,bd17b45f,2012,2012,12,20,3,0,0,0
548342,1,de4b0555,2012,2012,18,31,5,1,0,0
548343,2,c18496e1,2012,2012,6,11,3,0,0,0
548349,2,e32d22f6,2012,2012,12,24,5,0,0,0
548350,1,e938e1bc,2012,2012,24,8,16,0,0,0
548351,1,3a60e0b5,2012,2012,24,18,9,0,1,0
548352,1,24d94623,2012,2012,12,13,3,0,0,0
548352,2,87e562a9,2012,2012,24,35,5,1,0,0
548354,1,9a158001,2012,2012,24,37,10,0,1,0
548358,2,896d78ad,2012,2012,18,15,3,0,0,0
548359,1,dec8e038,2012,2012,24,29,9,0,0,0
548367,2,d92e42f5,2012,2012,6,19,0,0,0,0
548371,2,93a17209,2012,2012,12,27,2,0,0,0
548373,2,4329fbb5,2012,2012,12,14,5,0,0,0
548377,1,cf73ad76,2012,2012,6,6,1,0,0,0
548377,2,3d7e087f,2012,2012,24,37,7,8,1,0
548381,1,9d430b40,2012,2012,24,37,5,0,0,0
597999,2,1e66c162,2013,2013,24,26,7,0,0,0
598007,2,1a0c3177,2013,2013,12,20,3,0,0,0
598008,1,1e66c162,2013,2013,24,34,8,0,0,0
598015,1,495d42a5,2013,2013,24,24,7,0,0,0
598024,2,35205dfc,2013,2013,12,24,2,0,1,0
598029,1,57ee1fde,2013,2013,24,34,8,0,0,0
598032,2,6b19d823,2013,2013,12,20,3,0,0,0
598035,2,96fd40ae,2013,2013,24,27,6,1,0,0
598036,1,808f425a,2013,2013,24,42,8,3,0,0
1082592,2,5b8c830e,2017,2017,12,21,2,0,0,0
1082594,2,2a2e6343,2017,2017,12,24,4,2,0,0
1082596,1,32198ae0,2017,2017,6,12,0,0,0,0
1082596,2,1dc12ab9,2017,2017,12,24,4,0,0,0
1082603,1,1dc12ab9,2017,2017,6,9,0,0,0,0
1082604,1,32198ae0,2017,2017,12,26,2,5,0,0
1082604,2,cc1e8c68,2017,2017,18,27,8,1,0,0
1082611,1,896d78ad,2017,2017,18,41,1,1,0,0
1082614,2,f5180fe6,2017,2017,24,23,14,1,0,0
1082615,1,e087956b,2017,2017,12,19,4,0,0,0
1082615,1,1abb78f8,2017,2017,24,50,4,1,0,0
1082621,2,12b610c2,2017,2017,5,11,0,0,0,0
1082627,1,cc1e8c68,2017,2017,24,30,10,0,0,0
1082632,1,6b19d823,2017,2017,12,23,1,0,0,0
1082632,1,f846de6a,2017,2017,12,22,3,0,0,0
1082636,2,957532de,2017,2017,6,26,0,2,0,0
1082647,1,5b8c830e,2017,2017,24,22,9,0,0,0
1082648,2,5f547c8b,2017,2017,12,11,5,2,0,0
1136564,2,90de905a,2018,2018,6,9,3,0,0,0
1136569,2,dbe50b21,2018,2018,12,32,2,0,0,0
1136579,2,fb66ce1f,2018,2018,24,43,7,2,0,0
1136598,1,d9273ee7,2018,2018,6,6,1,0,0,0
1136603,1,90de905a,2018,2018,18,28,2,0,0,0
1136605,1,cc1e8c68,2018,2018,18,28,7,1,0,0
1136608,2,7c7d63a2,2018,2018,24,33,8,0,0,0
1136611,1,871e9faf,2018,2018,24,70,2,1,0,0
1136613,1,bb351c23,2018,2018,12,19,5,0,0,0
1136614,2,5f547c8b,2018,2018,24,31,4,0,0,0
1136619,1,85e0cf10,2018,2018,24,56,5,3,0,0
1136620,2,7dc35884,2018,2018,6,15,1,0,0,0
1175361,2,8d2c70ad,2019,2019,24,32,6,2,0,0
1175362,2,a12e1d51,2019,2019,24,47,5,2,0,0
1175363,1,ce820073,2019,2019,24,38,4,0,0,0
1175363,1,0994d0ae,2019,2019,6,13,1,0,0,0
1175363,2,d2a989fc,2019,2019,18,40,3,1,0,0
1175366,2,2e81a32d,2019,2019,18,25,7,0,0,0
1175372,1,85e0cf10,2019,2019,18,41,5,1,0,0
1175372,1,2f9d0389,2019,2019,12,32,3,0,0,0
1178397,1,db31895a,2019,2019,24,21,9,1,0,0
1178412,2,e94915e6,2019,2019,22,34,8,1,1,0
1178413,1,9d80c5e1,2019,2019,24,30,6,0,0,0
1178423,2,2e81a32d,2019,2019,24,34,12,1,0,0
1178423,2,62af8546,2019,2019,18,28,7,0,0,0
1178424,2,fa2f1dde,2019,2019,6,17,1,0,0,0
1178429,1,94d7f855,2019,2019,6,12,0,0,0,0
1178430,1,c05edf8e,2019,2019,18,24,7,0,0,0
1216505,2,ac5ae4af,2020/21,2021,12,24,1,0,0,0
1216511,1,e86754b2,2020/21,2021,18,33,4,1,0,0
1216511,2,5b8c830e,2020/21,2021,12,22,2,0,0,0
1216513,1,87e562a9,2020/21,2021,24,38,7,2,0,0
1216516,2,5f547c8b,2020/21,2021,24,12,15,0,0,0
1216522,1,21d4e29b,2020/21,2021,24,30,6,0,0,0
1216524,1,e62dd25d,2020/21,2021,24,54,5,0,0,0
1216526,2,bbd41817,2020/21,2021,12,15,5,0,0,0
1216527,2,df064e1a,2020/21,2021,24,34,12,2,0,0
1216527,2,b681e71e,2020/21,2021,18,29,4,0,0,0
1216528,1,5f547c8b,2020/21,2021,24,30,10,0,0,0
1216530,1,e087956b,2020/21,2021,18,40,4,0,0,0
1216531,2,fb66ce1f,2020/21,2021,24,22,12,3,0,0
1216534,1,2e81a32d,2020/21,2021,24,25,11,1,0,0
1216534,2,f19ccfad,2020/21,2021,6,7,4,0,0,0
1216536,1,23eeb873,2020/21,2021,18,31,5,0,0,0
1216539,1,03806cf8,2020/21,2021,24,28,9,1,0,0
1216541,2,2ed569a0,2020/21,2021,18,36,3,1,0,0
1216542,2,ce820073,2020/21,2021,24,27,9,1,0,0
1216547,1,5b8c830e,2020/21,2021,18,23,6,1,0,0
1237177,1,e62dd25d,2020/21,2021,24,42,6,1,0,0
1254064,1,2cdce1be,2021,2021,24,33,5,0,0,0
1254064,1,04a418e8,2021,2021,12,16,3,1,0,0
1254065,1,1abb78f8,2021,2021,24,35,8,1,0,0
1254067,2,2f49c897,2021,2021,18,17,11,1,0,0
1254067,2,b681e71e,2021,2021,12,24,3,0,0,0
1254070,2,a818c1be,2021,2021,24,23,12,0,0,0
1254070,2,5b8c830e,2021,2021,12,17,2,0,0,0
1254074,1,32198ae0,2021,2021,18,12,9,0,0,0
1254074,1,b52ffbbd,2021,2021,18,30,2,0,0,0
1254075,1,39a2dfa8,2021,2021,18,24,3,0,0,0
1254076,1,2a2e6343,2021,2021,12,12,4,1,0,0
1254084,2,f834dcfc,2021,2021,24,62,3,0,0,0
1254101,2,eef2536f,2021,2021,24,31,10,2,0,0
1254103,1,b681e71e,2021,2021,12,17,4,0,0,0
1254104,2,fe93fd9d,2021,2021,6,13,1,0,0,0
1254105,2,0f721006,2021,2021,23,33,9,1,0,0
1254108,2,68c56d09,2021,2021,12,22,3,0,1,0
1254111,2,fb66ce1f,2021,2021,24,47,5,6,0,0
1254111,2,da934ee8,2021,2021,6,7,0,0,0,0
1254113,2,a97c8ec2,2021,2021,24,40,7,0,0,0
1254114,2,495d42a5,2021,2021,12,19,0,0,0,0
1254116,1,7dc35884,2021,2021,24,28,9,2,0,0
1304048,2,caf69bf7,2022,2022,24,57,4,2,0,0
1304054,2,50c6bc2b,2022,2022,3,13,0,0,0,0
1304061,2,0a8fce53,2022,2022,24,26,8,2,0,0
1304062,2,23cca426,2022,2022,18,35,5,1,0,0
1304063,2,fe93fd9d,2022,2022,18,21,4,0,0,0
1304068,2,bb351c23,2022,2022,18,19,8,0,0,0
1304073,2,f986ca1a,2022,2022,24,40,5,1,0,0
1304077,1,df064e1a,2022,2022,24,47,5,1,1,0
1304077,1,d9273ee7,2022,2022,6,14,0,1,0,0
1304079,1,11614d87,2022,2022,12,17,4,0,0,0
1304080,1,8d2c70ad,2022,2022,18,40,3,1,0,0
1304085,2,57ee1fde,2022,2022,24,23,12,1,0,0
1304086,2,2e81a32d,2022,2022,24,33,7,0,0,0
1304086,2,ce794613,2022,2022,24,43,7,1,0,0
1304090,1,a757b0d8,2022,2022,6,8,1,0,0,0
1304092,1,81c36ee9,2022,2022,24,38,10,0,0,0
1304098,2,50c6bc2b,2022,2022,6,6,1,1,0,0
1304099,1,77b1aa15,2022,2022,12,27,3,0,0,0
1304104,1,8d2c70ad,2022,2022,18,20,3,0,0,0
1304112,1,bbd41817,2022,2022,18,45,1,0,0,0
1304116,2,2e81a32d,2022,2022,12,22,4,0,0,0
1312198,1,327b58d3,2022,2022,24,54,7,0,1,0
1359476,2,c05edf8e,2023,2023,6,7,2,0,0,0
1359481,2,8d2c70ad,2023,2023,18,18,5,1,0,0
1359504,2,39a2dfa8,2023,2023,6,8,4,1,0,0
1359505,2,a90e53ec,2023,2023,6,7,3,1,0,0
1359512,2,872b03f7,2023,2023,1,0,1,0,0,0
1359514,1,2cffab74,2023,2023,12,38,2,2,1,0
1359514,2,81c08fa3,2023,2023,6,22,0,0,0,0
1359524,2,da934ee8,2023,2023,6,13,1,0,0,0
1359531,1,8cf9814c,2023,2023,24,53,7,0,0,0
1359532,1,73c18486,2023,2023,6,11,3,0,1,0
1359535,2,bb351c23,2023,2023,24,31,7,0,0,0
1359536,2,39a2dfa8,2023,2023,7,7,3,0,0,0
1359538,2,2cffab74,2023,2023,24,52,7,1,0,0
1359543,1,eaa76d3c,2023,2023,6,2,1,0,0,0
1359543,2,aad0c365,2023,2023,18,35,7,0,0,0
1359544,2,e38bce7a,2023,2023,6,16,2,0,0,0
1422119,2,2f49c897,2024,2024,24,38,9,1,0,0
1422121,1,2e81a32d,2024,2024,24,51,7,2,1,0
1422121,1,81c36ee9,2024,2024,18,40,5,1,0,0
1422123,1,dbe50b21,2024,2024,18,30,5,0,0,0
1422125,1,8f6dd463,2024,2024,18,30,6,1,0,0
1422125,2,fe93fd9d,2024,2024,12,15,2,0,0,0
1422126,2,a9fd84fb,2024,2024,24,52,5,1,1,0
1422129,1,c05edf8e,2024,2024,12,14,4,0,0,0
1422130,2,f19ccfad,2024,2024,18,27,1,0,0,0
1422132,2,462411b3,2024,2024,24,26,15,9,0,0
1426268,1,9caf69a1,2024,2024,18,32,5,2,0,0
1426272,2,46a9bea1,2024,2024,24,42,8,4,1,0
1426276,2,dbe50b21,2024,2024,12,21,3,0,0,0
1426276,2,3204c99f,2024,2024,12,25,7,3,0,0
1426280,2,bbd41817,2024,2024,12,36,2,2,0,0
1426287,2,fe93fd9d,2024,2024,18,22,6,0,0,0
1426295,2,c0c411cb,2024,2024,12,37,1,0,0,0
1426300,2,9caf69a1,2024,2024,6,16,0,0,0,0
1426303,1,c05edf8e,2024,2024,6,10,1,0,0,0
1426303,2,ce820073,2024,2024,24,28,11,0,0,0
1426305,1,44aac2f0,2024,2024,14,22,7,1,0,0
