match_id,innings_no,is_super_over,over,delivery_seq,player_out_id,kind,bowler_id,bowler_credited,batting_team,bowling_team
1082591,1,false,1,12,dcce6f09,caught,18e6906e,true,srh,rcb
1082591,1,false,10,65,0a476045,caught,bd17b45f,true,srh,rcb
1082591,1,false,15,95,32198ae0,caught,57ee1fde,true,srh,rcb
1082591,1,false,18,117,1c914163,bowled,245c97cb,true,srh,rcb
1082591,2,false,5,36,c3a96caf,bowled,5f547c8b,true,rcb,srh
1082591,2,false,6,41,db584dad,caught,73ad96ed,true,rcb,srh
1082591,2,false,11,75,99d63244,run out,,false,rcb,srh
1082591,2,false,12,82,12b610c2,caught,5f547c8b,true,rcb,srh
1082591,2,false,13,87,dc9dd038,caught,c18496e1,true,rcb,srh
1082591,2,false,16,106,bd17b45f,caught,2e81a32d,true,rcb,srh
1082591,2,false,17,110,4329fbb5,caught,96fd40ae,true,rcb,srh
1082591,2,false,17,111,957532de,bowled,96fd40ae,true,rcb,srh
1082591,2,false,18,118,245c97cb,caught,2e81a32d,true,rcb,srh
1082591,2,false,19,123,57ee1fde,run out,,false,rcb,srh
1082592,1,false,4,27,b5da6c24,bowled,acee4cc4,true,mi,rps
1082592,1,false,6,40,740742ef,bowled,acee4cc4,true,mi,rps
1082592,1,false,6,42,99b75528,lbw,acee4cc4,true,mi,rps
1082592,1,false,11,69,70d205c9,caught and bowled,33a364a6,true,mi,rps
1082592,1,false,13,83,5b8c830e,caught,33a364a6,true,mi,rps
1082592,1,false,15,96,fb2d1dda,caught,14f96089,true,mi,rps
1082592,1,false,18,114,a757b0d8,caught,e087956b,true,mi,rps
1082592,1,false,19,124,13c35c9e,run out,,false,mi,rps
1082592,2,false,3,20,00ea847a,caught,51a3c5ef,true,rps,mi
1082592,2,false,10,62,29e95537,caught,13c35c9e,true,rps,mi
1082592,2,false,15,95,e087956b,caught,dbe50b21,true,rps,mi
1082593,1,false,3,20,d1c36f5c,caught,98ae73b1,true,gl,kkr
1082593,1,false,8,50,b8a55852,lbw,8d2c70ad,true,gl,kkr
1082593,1,false,10,63,b8d490fd,caught,8d2c70ad,true,gl,kkr
1082593,1,false,19,121,c03f1114,caught,a818c1be,true,gl,kkr
1082594,1,false,0,5,00ea847a,bowled,ce820073,true,rps,pbks
1082594,1,false,6,38,29e95537,caught,ce794613,true,rps,pbks
1082594,1,false,8,50,30a45b23,caught,d9273ee7,true,rps,pbks
1082594,1,false,11,71,4a8a2e3b,caught and bowled,983f2f61,true,rps,pbks
1082594,1,false,17,110,e087956b,caught and bowled,2e171977,true,rps,pbks
1082594,1,false,19,124,2a2e6343,caught,ce820073,true,rps,pbks
1082594,2,false,2,19,c03e2850,caught,66b30f71,true,pbks,rps
1082594,2,false,5,34,fe11caa6,bowled,acee4cc4,true,pbks,rps
1082594,2,false,10,68,e798611a,caught,2ed569a0,true,pbks,rps
1082594,2,false,11,72,2e171977,caught and bowled,acee4cc4,true,pbks,rps
1082595,1,false,3,21,db584dad,caught,fb66ce1f,true,rcb,dc
1082595,1,false,5,37,c3a96caf,bowled,ded9240e,true,rcb,dc
1082595,1,false,8,54,4329fbb5,stumped,9d80c5e1,true,rcb,dc
1082595,1,false,14,94,bd17b45f,caught,91a4a398,true,rcb,dc
1082595,1,false,16,104,0494fa6e,run out,,false,rcb,dc
1082595,1,false,16,106,99d63244,caught,91a4a398,true,rcb,dc
1082595,1,false,19,121,f62772e5,bowled,fb66ce1f,true,rcb,dc
1082595,1,false,19,124,245c97cb,bowled,fb66ce1f,true,rcb,dc
1082595,2,false,4,29,855a210c,bowled,245c97cb,true,dc,rcb
1082595,2,false,5,34,944533a5,bowled,6834d1f2,true,dc,rcb
1082595,2,false,7,46,c16d4035,caught,85aae393,true,dc,rcb
1082595,2,false,10,68,a4cc73aa,caught,6834d1f2,true,dc,rcb
1082595,2,false,12,82,fb66ce1f,lbw,85aae393,true,dc,rcb
1082595,2,false,14,93,e342e5fb,bowled,57ee1fde,true,dc,rcb
1082595,2,false,16,102,ded9240e,bowled,4329fbb5,true,dc,rcb
1082595,2,false,19,119,919a3be2,bowled,f62772e5,true,dc,rcb
1082595,2,false,19,121,9d80c5e1,caught and bowled,f62772e5,true,dc,rcb
1082596,1,false,4,29,b8a55852,lbw,5f547c8b,true,gl,srh
1082596,1,false,5,32,d1c36f5c,caught,2e81a32d,true,gl,srh
1082596,1,false,6,38,b8d490fd,lbw,5f547c8b,true,gl,srh
1082596,1,false,8,54,1dc12ab9,lbw,5f547c8b,true,gl,srh
1082596,1,false,16,100,35205dfc,caught,2e81a32d,true,gl,srh
1082596,1,false,17,104,c03f1114,caught,96fd40ae,true,gl,srh
1082596,1,false,17,106,d2a989fc,run out,,false,gl,srh
1082596,2,false,3,19,0a476045,caught,e938e1bc,true,srh,gl
1082597,1,false,4,30,bb345e0b,caught,5b8c830e,true,kkr,mi
1082597,1,false,4,33,1c17e270,caught,5b8c830e,true,kkr,mi
1082597,1,false,7,51,45eda7c8,lbw,462411b3,true,kkr,mi
1082597,1,false,11,76,3c6ffae8,caught,5b8c830e,true,kkr,mi
1082597,1,false,16,103,271f83cd,caught,a12e1d51,true,kkr,mi
1082597,1,false,18,115,4c5d73db,caught,a12e1d51,true,kkr,mi
1082597,1,false,19,128,9d430b40,lbw,51a3c5ef,true,kkr,mi
1082597,2,false,7,51,b5da6c24,lbw,8d2c70ad,true,mi,kkr
1082597,2,false,8,57,99b75528,lbw,db31895a,true,mi,kkr
1082597,2,false,9,65,740742ef,lbw,9d430b40,true,mi,kkr
1082597,2,false,12,79,5b8c830e,caught,db31895a,true,mi,kkr
1082597,2,false,16,103,a757b0d8,caught,4c5d73db,true,mi,kkr
1082597,2,false,18,118,fb2d1dda,caught,db31895a,true,mi,kkr
1082598,1,false,0,6,4329fbb5,bowled,2e171977,true,rcb,pbks
1082598,1,false,3,21,0494fa6e,caught,ce820073,true,rcb,pbks
1082598,1,false,4,30,99d63244,lbw,0a3d54b9,true,rcb,pbks
1082598,1,false,13,80,c3a96caf,caught,0a3d54b9,true,rcb,pbks
1082598,2,false,5,37,c03e2850,lbw,245c97cb,true,pbks,rcb
1082598,2,false,8,51,2e171977,bowled,57ee1fde,true,pbks,rcb
1082599,1,false,1,8,855a210c,caught,23eeb873,true,dc,rps
1082599,1,false,8,53,c16d4035,bowled,acee4cc4,true,dc,rps
1082599,1,false,15,96,919a3be2,run out,,false,dc,rps
1082599,1,false,18,115,a4cc73aa,bowled,14f96089,true,dc,rps
1082599,2,false,2,20,29e95537,caught,91a4a398,true,rps,dc
1082599,2,false,4,31,00ea847a,caught,91a4a398,true,rps,dc
1082599,2,false,5,38,77255a9e,caught,fb66ce1f,true,rps,dc
1082599,2,false,6,43,3355b542,caught,9d80c5e1,true,rps,dc
1082599,2,false,7,50,e087956b,caught,ded9240e,true,rps,dc
1082599,2,false,11,75,4a8a2e3b,caught,6b19d823,true,rps,dc
1082599,2,false,13,82,33a364a6,caught,6b19d823,true,rps,dc
1082599,2,false,14,88,23eeb873,caught,91a4a398,true,rps,dc
1082599,2,false,15,97,14f96089,caught,6b19d823,true,rps,dc
1082599,2,false,16,101,66b30f71,caught,ded9240e,true,rps,dc
1082600,1,false,10,63,dcce6f09,caught,8b5b6769,true,srh,mi
1082600,1,false,13,82,73ad96ed,caught,8b5b6769,true,srh,mi
1082600,1,false,14,92,0a476045,bowled,51a3c5ef,true,srh,mi
1082600,1,false,15,97,1c914163,bowled,dbe50b21,true,srh,mi
1082600,1,false,17,112,2e11c706,bowled,462411b3,true,srh,mi
1082600,1,false,18,115,0994d0ae,caught,a12e1d51,true,srh,mi
1082600,1,false,19,121,890946a0,caught,462411b3,true,srh,mi
1082600,1,false,19,124,5f547c8b,caught and bowled,462411b3,true,srh,mi
1082600,2,false,3,19,99b75528,bowled,96fd40ae,true,mi,srh
1082600,2,false,4,29,740742ef,lbw,5f547c8b,true,mi,srh
1082600,2,false,9,58,b5da6c24,caught,73ad96ed,true,mi,srh
1082600,2,false,13,83,a757b0d8,caught,2e81a32d,true,mi,srh
1082600,2,false,17,104,5b8c830e,caught,2e81a32d,true,mi,srh
1082600,2,false,17,109,fb2d1dda,bowled,2e81a32d,true,mi,srh
1082601,1,false,5,36,c03e2850,bowled,98ae73b1,true,pbks,kkr
1082601,1,false,7,52,d9273ee7,bowled,9d430b40,true,pbks,kkr
1082601,1,false,11,76,e798611a,caught,94d7f855,true,pbks,kkr
1082601,1,false,12,79,b681e71e,caught,cc1e8c68,true,pbks,kkr
1082601,1,false,17,114,d67d5f00,caught,cc1e8c68,true,pbks,kkr
1082601,1,false,17,115,fe11caa6,caught,cc1e8c68,true,pbks,kkr
1082601,1,false,17,117,2e171977,caught,cc1e8c68,true,pbks,kkr
1082601,1,false,19,128,759ac88f,caught,4c5d73db,true,pbks,kkr
1082601,1,false,19,130,0a3d54b9,caught,4c5d73db,true,pbks,kkr
1082601,2,false,5,37,9d430b40,caught,0a3d54b9,true,kkr,pbks
1082601,2,false,9,63,1c17e270,bowled,2e171977,true,kkr,pbks
1082602,1,false,9,58,db584dad,caught,dbe50b21,true,rcb,mi
1082602,1,false,15,95,ba607b88,caught,51a3c5ef,true,rcb,mi
1082602,1,false,16,101,c4487b84,caught,5b8c830e,true,rcb,mi
1082602,1,false,17,112,99d63244,run out,,false,rcb,mi
1082602,1,false,18,113,c3a96caf,bowled,51a3c5ef,true,rcb,mi
1082602,2,false,1,12,99b75528,caught,bd17b45f,true,mi,rcb
1082602,2,false,2,15,b5da6c24,caught,76388dc8,true,mi,rcb
1082602,2,false,2,16,51a3c5ef,caught,76388dc8,true,mi,rcb
1082602,2,false,2,17,740742ef,bowled,76388dc8,true,mi,rcb
1082602,2,false,7,49,fb2d1dda,caught,76388dc8,true,mi,rcb
1082602,2,false,17,110,a757b0d8,caught,57ee1fde,true,mi,rcb
1082603,1,false,0,3,29e95537,caught,e938e1bc,true,rps,gl
1082603,1,false,5,37,77255a9e,caught,7c7d63a2,true,rps,gl
1082603,1,false,9,58,30a45b23,caught,35205dfc,true,rps,gl
1082603,1,false,12,75,e087956b,bowled,7c7d63a2,true,rps,gl
1082603,1,false,14,88,4a8a2e3b,lbw,fe93fd9d,true,rps,gl
1082603,1,false,19,119,24d94623,caught,7c7d63a2,true,rps,gl
1082603,1,false,19,120,26e5cabf,caught,7c7d63a2,true,rps,gl
1082603,1,false,19,121,1abb78f8,bowled,7c7d63a2,true,rps,gl
1082603,2,false,8,55,35205dfc,caught,1abb78f8,true,gl,rps
1082603,2,false,11,69,b8a55852,stumped,2ed569a0,true,gl,rps
1082603,2,false,12,79,c03f1114,bowled,acee4cc4,true,gl,rps
1082604,1,false,2,14,9d430b40,bowled,2e81a32d,true,kkr,srh
1082604,1,false,5,36,bb345e0b,bowled,5f547c8b,true,kkr,srh
1082604,1,false,14,89,1c17e270,caught,2e11c706,true,kkr,srh
1082604,1,false,17,110,93b4fc78,caught,2e81a32d,true,kkr,srh
1082604,1,false,18,119,271f83cd,caught,96fd40ae,true,kkr,srh
1082604,1,false,19,124,94d7f855,bowled,2e81a32d,true,kkr,srh
1082604,2,false,6,41,0a476045,caught,3c6ffae8,true,srh,kkr
1082604,2,false,9,60,dcce6f09,caught,8d2c70ad,true,srh,kkr
1082604,2,false,10,65,32198ae0,caught and bowled,4c5d73db,true,srh,kkr
1082604,2,false,13,81,73ad96ed,stumped,9d430b40,true,srh,kkr
1082604,2,false,14,92,1c914163,caught,4c5d73db,true,srh,kkr
1082604,2,false,17,107,2e11c706,caught,a818c1be,true,srh,kkr
1082605,1,false,6,42,a4cc73aa,caught,edb3d4f8,true,dc,pbks
1082605,1,false,7,46,944533a5,caught,0a3d54b9,true,dc,pbks
1082605,1,false,11,75,85ec8e33,caught,759ac88f,true,dc,pbks
1082605,1,false,12,81,c16d4035,caught,2e171977,true,dc,pbks
1082605,1,false,15,95,919a3be2,caught,0a3d54b9,true,dc,pbks
1082605,1,false,17,114,fb66ce1f,caught,ce820073,true,dc,pbks
1082605,2,false,1,10,c03e2850,lbw,9d80c5e1,true,pbks,dc
1082605,2,false,3,20,fe11caa6,caught,9d80c5e1,true,pbks,dc
1082605,2,false,4,28,e798611a,caught,fb66ce1f,true,pbks,dc
1082605,2,false,9,61,d2a6c0e6,caught,ded9240e,true,pbks,dc
1082605,2,false,10,64,b681e71e,caught,6b19d823,true,pbks,dc
1082605,2,false,13,83,d67d5f00,lbw,8abdf100,true,pbks,dc
1082605,2,false,18,114,759ac88f,bowled,ded9240e,true,pbks,dc
1082605,2,false,19,116,edb3d4f8,bowled,fb66ce1f,true,pbks,dc
1082605,2,false,19,121,2e171977,bowled,fb66ce1f,true,pbks,dc
1082606,1,false,0,3,35205dfc,caught,51a3c5ef,true,gl,mi
1082606,1,false,11,69,1dc12ab9,caught,8b5b6769,true,gl,mi
1082606,1,false,13,84,b8a55852,bowled,a12e1d51,true,gl,mi
1082606,1,false,17,111,752f7486,caught,51a3c5ef,true,gl,mi
1082606,2,false,0,2,b5da6c24,caught,e938e1bc,true,mi,gl
1082606,2,false,9,62,fb2d1dda,caught,7c7d63a2,true,mi,gl
1082606,2,false,11,73,99b75528,caught,f0f628c7,true,mi,gl
1082606,2,false,18,116,a757b0d8,caught,7c7d63a2,true,mi,gl
1082607,1,false,7,48,29e95537,bowled,76388dc8,true,rps,rcb
1082607,1,false,8,52,77255a9e,caught,f62772e5,true,rps,rcb
1082607,1,false,15,101,4a8a2e3b,bowled,4329fbb5,true,rps,rcb
1082607,1,false,16,102,30a45b23,bowled,957532de,true,rps,rcb
1082607,1,false,16,106,2a2e6343,caught,957532de,true,rps,rcb
1082607,1,false,17,108,e087956b,bowled,350bb1b1,true,rps,rcb
1082607,1,false,17,109,1abb78f8,caught,350bb1b1,true,rps,rcb
1082607,1,false,19,126,26e5cabf,run out,,false,rps,rcb
1082607,2,false,1,11,c3a96caf,caught,1abb78f8,true,rcb,rps
1082607,2,false,5,33,ba607b88,caught,e087956b,true,rcb,rps
1082607,2,false,10,64,c4487b84,stumped,acee4cc4,true,rcb,rps
1082607,2,false,14,93,99d63244,bowled,1e66c162,true,rcb,rps
1082607,2,false,15,99,4329fbb5,bowled,e087956b,true,rcb,rps
1082607,2,false,17,109,f62772e5,caught,1abb78f8,true,rcb,rps
1082607,2,false,17,112,bd17b45f,bowled,1abb78f8,true,rcb,rps
1082607,2,false,18,114,76388dc8,bowled,1e66c162,true,rcb,rps
1082607,2,false,19,121,350bb1b1,bowled,e087956b,true,rcb,rps
1082608,1,false,6,37,c16d4035,caught,56ab442f,true,dc,kkr
1082608,1,false,7,47,a4cc73aa,caught,cc1e8c68,true,dc,kkr
1082608,1,false,13,80,85ec8e33,run out,,false,dc,kkr
1082608,1,false,14,90,944533a5,bowled,56ab442f,true,dc,kkr
1082608,1,false,17,104,896d78ad,bowled,9d430b40,true,dc,kkr
1082608,1,false,18,111,919a3be2,caught,56ab442f,true,dc,kkr
1082608,1,false,19,121,fb66ce1f,caught,4c5d73db,true,dc,kkr
1082608,2,false,0,5,94d7f855,caught,91a4a398,true,kkr,dc
1082608,2,false,1,12,1c17e270,caught,ded9240e,true,kkr,dc
1082608,2,false,2,17,bb345e0b,caught,91a4a398,true,kkr,dc
1082608,2,false,14,92,3c6ffae8,caught and bowled,fb66ce1f,true,kkr,dc
1082608,2,false,17,111,271f83cd,caught,ded9240e,true,kkr,dc
1082608,2,false,19,120,4c5d73db,stumped,6b19d823,true,kkr,dc
1082609,1,false,4,32,0a476045,caught,759ac88f,true,srh,pbks
1082609,1,false,9,57,32198ae0,stumped,2e171977,true,srh,pbks
1082609,1,false,9,58,1c914163,caught,2e171977,true,srh,pbks
1082609,1,false,15,97,890946a0,stumped,edb3d4f8,true,srh,pbks
1082609,1,false,18,117,73ad96ed,caught,759ac88f,true,srh,pbks
1082609,1,false,19,122,62af8546,caught,ce820073,true,srh,pbks
1082609,2,false,0,1,e798611a,lbw,2e81a32d,true,pbks,srh
1082609,2,false,2,17,b681e71e,caught,2e81a32d,true,pbks,srh
1082609,2,false,8,51,d2a6c0e6,bowled,62af8546,true,pbks,srh
1082609,2,false,9,60,d67d5f00,bowled,5f547c8b,true,pbks,srh
1082609,2,false,9,62,fe11caa6,bowled,5f547c8b,true,pbks,srh
1082609,2,false,13,84,2e171977,caught,32198ae0,true,pbks,srh
1082609,2,false,16,101,759ac88f,caught,2e81a32d,true,pbks,srh
1082609,2,false,18,112,edb3d4f8,bowled,2e81a32d,true,pbks,srh
1082609,2,false,18,114,c03e2850,lbw,2e81a32d,true,pbks,srh
1082609,2,false,19,124,5bb1a1c4,bowled,dcf81436,true,pbks,srh
1082610,1,false,12,78,db584dad,lbw,871e9faf,true,rcb,gl
1082610,1,false,15,98,ba607b88,caught,d2a989fc,true,rcb,gl
1082610,2,false,1,8,35205dfc,caught,57ee1fde,true,gl,rcb
1082610,2,false,3,25,1dc12ab9,caught,57ee1fde,true,gl,rcb
1082610,2,false,9,63,b8d490fd,stumped,f62772e5,true,gl,rcb
1082610,2,false,10,71,c03f1114,caught,957532de,true,gl,rcb
1082610,2,false,14,93,b8a55852,caught,57ee1fde,true,gl,rcb
1082610,2,false,17,111,fe93fd9d,run out,,false,gl,rcb
1082610,2,false,19,124,752f7486,caught,350bb1b1,true,gl,rcb
1082611,1,false,1,12,dcce6f09,caught,fb66ce1f,true,srh,dc
1082611,1,false,16,100,d027ba9f,caught,fb66ce1f,true,srh,dc
1082611,1,false,18,112,0a476045,caught,fb66ce1f,true,srh,dc
1082611,1,false,18,113,1c914163,bowled,fb66ce1f,true,srh,dc
1082611,2,false,1,11,c16d4035,caught,2f49c897,true,dc,srh
1082611,2,false,9,57,944533a5,run out,,false,dc,srh
1082611,2,false,9,60,919a3be2,caught,1c914163,true,dc,srh
1082611,2,false,13,80,a4cc73aa,caught,2f49c897,true,dc,srh
1082611,2,false,19,121,896d78ad,caught,dcf81436,true,dc,srh
1082612,1,false,5,35,508a1ea7,caught,51a3c5ef,true,pbks,mi
1082612,1,false,10,67,fe11caa6,bowled,5b8c830e,true,pbks,mi
1082612,1,false,16,103,b681e71e,bowled,462411b3,true,pbks,mi
1082612,1,false,17,108,d9273ee7,caught,51a3c5ef,true,pbks,mi
1082612,2,false,5,37,b5da6c24,caught,d9273ee7,true,mi,pbks
1082612,2,false,13,83,99b75528,caught,759ac88f,true,mi,pbks
1082613,1,false,3,20,9d430b40,caught,1dc12ab9,true,kkr,gl
1082613,1,false,11,70,bb345e0b,caught,808f425a,true,kkr,gl
1082613,1,false,18,111,1c17e270,caught,e938e1bc,true,kkr,gl
1082613,1,false,19,118,93b4fc78,bowled,871e9faf,true,kkr,gl
1082613,1,false,19,120,271f83cd,run out,,false,kkr,gl
1082613,2,false,3,22,b8d490fd,caught,56ab442f,true,gl,kkr
1082613,2,false,6,39,b8a55852,caught,4c5d73db,true,gl,kkr
1082613,2,false,7,45,c03f1114,caught,56ab442f,true,gl,kkr
1082613,2,false,11,71,752f7486,caught,8d2c70ad,true,gl,kkr
1082613,2,false,12,77,35205dfc,bowled,cc1e8c68,true,gl,kkr
1082613,2,false,17,108,1dc12ab9,caught,8d2c70ad,true,gl,kkr
1082614,1,false,3,28,b5da6c24,bowled,e62dd25d,true,mi,dc
1082614,1,false,5,35,99b75528,run out,,false,mi,dc
1082614,1,false,7,48,fb2d1dda,caught,ded9240e,true,mi,dc
1082614,1,false,8,53,740742ef,caught,6b19d823,true,mi,dc
1082614,1,false,12,82,5b8c830e,caught,6b19d823,true,mi,dc
1082614,1,false,17,109,a757b0d8,caught,ded9240e,true,mi,dc
1082614,1,false,18,121,8b5b6769,run out,,false,mi,dc
1082614,1,false,19,124,dbe50b21,run out,,false,mi,dc
1082614,2,false,0,4,855a210c,run out,,false,dc,mi
1082614,2,false,1,8,a4cc73aa,caught,51a3c5ef,true,dc,mi
1082614,2,false,3,21,85ec8e33,caught,51a3c5ef,true,dc,mi
1082614,2,false,3,25,8abdf100,lbw,51a3c5ef,true,dc,mi
1082614,2,false,5,34,919a3be2,caught,462411b3,true,dc,mi
1082614,2,false,6,41,944533a5,bowled,dbe50b21,true,dc,mi
1082614,2,false,18,116,e62dd25d,bowled,462411b3,true,dc,mi
1082615,1,false,8,51,0a476045,caught,acee4cc4,true,srh,rps
1082615,1,false,12,77,d027ba9f,lbw,2a2e6343,true,srh,rps
1082615,1,false,16,103,dcce6f09,bowled,1e66c162,true,srh,rps
1082615,2,false,3,19,29e95537,caught,c18496e1,true,rps,srh
1082615,2,false,10,65,30a45b23,bowled,5f547c8b,true,rps,srh
1082615,2,false,13,79,77255a9e,run out,,false,rps,srh
1082615,2,false,16,97,e087956b,caught,2e81a32d,true,rps,srh
1082616,1,false,1,8,c03e2850,caught,b822e99c,true,pbks,gl
1082616,1,false,9,56,508a1ea7,caught,7c7d63a2,true,pbks,gl
1082616,1,false,13,84,e798611a,caught and bowled,b51f72a5,true,pbks,gl
1082616,1,false,14,86,b681e71e,lbw,fe93fd9d,true,pbks,gl
1082616,1,false,17,108,d9273ee7,caught,7c7d63a2,true,pbks,gl
1082616,1,false,18,113,2e171977,caught,35205dfc,true,pbks,gl
1082616,1,false,19,121,fe11caa6,run out,,false,pbks,gl
1082616,2,false,0,6,b8a55852,lbw,ce820073,true,gl,pbks
1082616,2,false,5,34,b8d490fd,caught,759ac88f,true,gl,pbks
1082616,2,false,8,54,1dc12ab9,caught,2e171977,true,gl,pbks
1082616,2,false,11,73,fe93fd9d,caught and bowled,edb3d4f8,true,gl,pbks
1082616,2,false,12,79,35205dfc,caught,2e171977,true,gl,pbks
1082616,2,false,13,80,f10e94c4,lbw,edb3d4f8,true,gl,pbks
1082616,2,false,16,101,7c7d63a2,bowled,ce820073,true,gl,pbks
1082617,1,false,3,24,bb345e0b,caught,245c97cb,true,kkr,rcb
1082617,1,false,5,36,9d430b40,caught,bd17b45f,true,kkr,rcb
1082617,1,false,6,40,1c17e270,lbw,76388dc8,true,kkr,rcb
1082617,1,false,9,58,3c6ffae8,stumped,57ee1fde,true,kkr,rcb
1082617,1,false,11,70,93b4fc78,caught,57ee1fde,true,kkr,rcb
1082617,1,false,11,72,94d7f855,caught,57ee1fde,true,kkr,rcb
1082617,1,false,16,102,4c5d73db,caught,245c97cb,true,kkr,rcb
1082617,1,false,17,109,56ab442f,caught,f62772e5,true,kkr,rcb
1082617,1,false,17,110,271f83cd,caught,f62772e5,true,kkr,rcb
1082617,1,false,19,121,8d2c70ad,bowled,957532de,true,kkr,rcb
1082617,2,false,0,4,ba607b88,caught,56ab442f,true,rcb,kkr
1082617,2,false,1,9,c3a96caf,caught,cc1e8c68,true,rcb,kkr
1082617,2,false,2,16,c4487b84,caught,56ab442f,true,rcb,kkr
1082617,2,false,4,28,99d63244,caught,56ab442f,true,rcb,kkr
1082617,2,false,6,42,db584dad,caught,4c5d73db,true,rcb,kkr
1082617,2,false,6,45,bd17b45f,caught,4c5d73db,true,rcb,kkr
1082617,2,false,7,49,f62772e5,lbw,94d7f855,true,rcb,kkr
1082617,2,false,8,55,76388dc8,lbw,4c5d73db,true,rcb,kkr
1082617,2,false,9,59,245c97cb,caught,94d7f855,true,rcb,kkr
1082617,2,false,9,62,57ee1fde,caught,94d7f855,true,rcb,kkr
1082618,1,false,9,58,29e95537,caught and bowled,119678fd,true,rps,mi
1082618,1,false,11,70,77255a9e,caught,119678fd,true,rps,mi
1082618,1,false,12,79,30a45b23,bowled,8b5b6769,true,rps,mi
1082618,1,false,16,98,e087956b,bowled,f5180fe6,true,rps,mi
1082618,1,false,17,106,4a8a2e3b,bowled,462411b3,true,rps,mi
1082618,1,false,19,120,26e5cabf,lbw,462411b3,true,rps,mi
1082618,2,false,4,26,99b75528,caught,e087956b,true,mi,rps
1082618,2,false,7,45,fb2d1dda,caught,2a2e6343,true,mi,rps
1082618,2,false,8,55,b5da6c24,bowled,f19ccfad,true,mi,rps
1082618,2,false,12,74,119678fd,bowled,e087956b,true,mi,rps
1082618,2,false,16,98,a757b0d8,caught,acee4cc4,true,mi,rps
1082618,2,false,19,118,dbe50b21,caught,1e66c162,true,mi,rps
1082618,2,false,19,121,740742ef,caught and bowled,1e66c162,true,mi,rps
1082618,2,false,19,122,51a3c5ef,run out,,false,mi,rps
1082620,1,false,7,50,77255a9e,bowled,98ae73b1,true,rps,kkr
1082620,1,false,13,84,29e95537,stumped,9d430b40,true,rps,kkr
1082620,1,false,17,107,4a8a2e3b,stumped,8d2c70ad,true,rps,kkr
1082620,1,false,17,110,26e5cabf,stumped,8d2c70ad,true,rps,kkr
1082620,1,false,19,125,2a2e6343,caught,cc1e8c68,true,rps,kkr
1082620,2,false,2,17,9d430b40,run out,,false,kkr,rps
1082620,2,false,16,106,1c17e270,caught,1e66c162,true,kkr,rps
1082620,2,false,17,111,bb345e0b,caught,2a2e6343,true,kkr,rps
1082621,1,false,3,25,ba607b88,caught,871e9faf,true,rcb,gl
1082621,1,false,4,27,db584dad,caught,7c7d63a2,true,rcb,gl
1082621,1,false,4,28,12b610c2,caught,7c7d63a2,true,rcb,gl
1082621,1,false,8,54,99d63244,bowled,fe93fd9d,true,rcb,gl
1082621,1,false,9,60,c4487b84,run out,,false,rcb,gl
1082621,1,false,13,85,f62772e5,caught,f18ba07f,true,rcb,gl
1082621,1,false,14,90,76388dc8,caught,fe93fd9d,true,rcb,gl
1082621,1,false,15,98,c3a96caf,caught,7c7d63a2,true,rcb,gl
1082621,1,false,19,121,957532de,caught,808f425a,true,rcb,gl
1082621,1,false,19,123,57ee1fde,run out,,false,rcb,gl
1082621,2,false,2,15,752f7486,lbw,76388dc8,true,gl,rcb
1082621,2,false,4,27,b8a55852,caught,76388dc8,true,gl,rcb
1082621,2,false,12,78,b8d490fd,caught,f62772e5,true,gl,rcb
1082622,1,false,4,30,944533a5,lbw,9d430b40,true,dc,kkr
1082622,1,false,13,86,a4cc73aa,lbw,cc1e8c68,true,dc,kkr
1082622,1,false,15,93,919a3be2,lbw,56ab442f,true,dc,kkr
1082622,1,false,15,97,85ec8e33,lbw,56ab442f,true,dc,kkr
1082622,1,false,17,105,8abdf100,run out,,false,dc,kkr
1082622,1,false,19,121,fb66ce1f,caught,56ab442f,true,dc,kkr
1082622,2,false,1,8,9d430b40,bowled,e62dd25d,true,kkr,dc
1082622,2,false,12,74,1c17e270,run out,,false,kkr,dc
1082622,2,false,14,89,93b4fc78,bowled,e62dd25d,true,kkr,dc
1082623,1,false,9,60,dcce6f09,bowled,b681e71e,true,srh,pbks
1082623,1,false,14,88,0a476045,caught,759ac88f,true,srh,pbks
1082623,1,false,17,105,1c914163,caught,b681e71e,true,srh,pbks
1082623,2,false,2,14,2be41edb,caught,2e81a32d,true,pbks,srh
1082623,2,false,3,23,c03e2850,caught,96fd40ae,true,pbks,srh
1082623,2,false,4,30,b681e71e,caught,dcf81436,true,pbks,srh
1082623,2,false,13,79,d2a6c0e6,caught,5f547c8b,true,pbks,srh
1082623,2,false,14,91,fe11caa6,bowled,dcf81436,true,pbks,srh
1082623,2,false,15,95,508a1ea7,caught,2e81a32d,true,pbks,srh
1082623,2,false,17,107,2e171977,caught,dcf81436,true,pbks,srh
1082623,2,false,19,117,759ac88f,caught,96fd40ae,true,pbks,srh
1082623,2,false,19,121,69be866a,caught,96fd40ae,true,pbks,srh
1082624,1,false,3,20,29e95537,caught,76388dc8,true,rps,rcb
1082624,1,false,8,51,77255a9e,caught,f62772e5,true,rps,rcb
1082624,1,false,13,84,30a45b23,caught,bd17b45f,true,rps,rcb
1082624,2,false,1,12,12b610c2,bowled,1e66c162,true,rcb,rps
1082624,2,false,4,28,c4487b84,caught,2f9d0389,true,rcb,rps
1082624,2,false,7,47,99d63244,run out,,false,rcb,rps
1082624,2,false,8,53,dc9dd038,caught,f19ccfad,true,rcb,rps
1082624,2,false,9,60,bd17b45f,caught,2f9d0389,true,rcb,rps
1082624,2,false,12,77,f62772e5,caught,acee4cc4,true,rcb,rps
1082624,2,false,14,91,350bb1b1,caught,acee4cc4,true,rcb,rps
1082624,2,false,16,103,76388dc8,bowled,acee4cc4,true,rcb,rps
1082624,2,false,17,109,ba607b88,caught,2a2e6343,true,rcb,rps
1082625,1,false,1,15,b8a55852,bowled,a12e1d51,true,gl,mi
1082625,1,false,4,29,1dc12ab9,caught,462411b3,true,gl,mi
1082625,1,false,5,38,b8d490fd,bowled,a12e1d51,true,gl,mi
1082625,1,false,8,53,c03f1114,stumped,5b8c830e,true,gl,mi
1082625,1,false,11,72,752f7486,caught,8b5b6769,true,gl,mi
1082625,1,false,13,89,fe93fd9d,caught and bowled,5b8c830e,true,gl,mi
1082625,1,false,15,101,5fa06777,caught,5b8c830e,true,gl,mi
1082625,1,false,18,122,7c7d63a2,run out,,false,gl,mi
1082625,1,false,18,123,808f425a,bowled,462411b3,true,gl,mi
1082625,2,false,3,24,99b75528,run out,,false,mi,gl
1082625,2,false,9,59,fb2d1dda,lbw,f18ba07f,true,mi,gl
1082625,2,false,13,80,740742ef,caught,808f425a,true,mi,gl
1082625,2,false,13,84,b5da6c24,caught,808f425a,true,mi,gl
1082625,2,false,16,99,a757b0d8,caught,871e9faf,true,mi,gl
1082625,2,false,18,110,dbe50b21,caught,871e9faf,true,mi,gl
1082625,2,false,18,114,8b5b6769,lbw,871e9faf,true,mi,gl
1082625,2,false,18,115,51a3c5ef,run out,,false,mi,gl
1082625,2,false,19,118,462411b3,run out,,false,mi,gl
1082625,2,false,19,121,5b8c830e,run out,,false,mi,gl
1082625,3,true,0,4,a757b0d8,caught,808f425a,true,mi,gl
1082625,3,true,0,5,99b75528,caught,808f425a,true,mi,gl
1082626,1,false,0,6,c16d4035,caught,ce820073,true,dc,pbks
1082626,1,false,2,18,a4cc73aa,caught,ce820073,true,dc,pbks
1082626,1,false,4,31,85ec8e33,caught and bowled,ce820073,true,dc,pbks
1082626,1,false,6,38,944533a5,bowled,2e171977,true,dc,pbks
1082626,1,false,7,48,919a3be2,lbw,b681e71e,true,dc,pbks
1082626,1,false,8,54,fb66ce1f,caught and bowled,2e171977,true,dc,pbks
1082626,1,false,14,88,8abdf100,bowled,0a3d54b9,true,dc,pbks
1082626,1,false,15,97,e62dd25d,caught,ce820073,true,dc,pbks
1082626,1,false,16,107,8cf9814c,caught,0a3d54b9,true,dc,pbks
1082626,1,false,17,108,9d80c5e1,caught and bowled,759ac88f,true,dc,pbks
1082627,1,false,12,80,0a476045,run out,,false,srh,kkr
1082627,1,false,16,102,dcce6f09,caught,4c5d73db,true,srh,kkr
1082627,1,false,19,125,d027ba9f,run out,,false,srh,kkr
1082627,2,false,1,8,9d430b40,caught,2f49c897,true,kkr,srh
1082627,2,false,2,15,bb345e0b,caught,dcf81436,true,kkr,srh
1082627,2,false,10,67,93b4fc78,caught and bowled,2e81a32d,true,kkr,srh
1082627,2,false,12,76,1c17e270,caught,2f49c897,true,kkr,srh
1082627,2,false,15,98,3c6ffae8,caught,5f547c8b,true,kkr,srh
1082627,2,false,18,116,acc1aeda,caught,2e81a32d,true,kkr,srh
1082627,2,false,19,122,94d7f855,caught,dcf81436,true,kkr,srh
1082628,1,false,3,23,c3a96caf,caught,119678fd,true,rcb,mi
1082628,1,false,5,32,ba607b88,caught,51a3c5ef,true,rcb,mi
1082628,1,false,10,65,12b610c2,caught,5b8c830e,true,rcb,mi
1082628,1,false,12,76,c4487b84,caught,5b8c830e,true,rcb,mi
1082628,1,false,13,84,4329fbb5,bowled,462411b3,true,rcb,mi
1082628,1,false,19,120,f62772e5,caught,51a3c5ef,true,rcb,mi
1082628,1,false,19,121,99d63244,caught,51a3c5ef,true,rcb,mi
1082628,1,false,19,122,957532de,run out,,false,rcb,mi
1082628,2,false,0,1,b5da6c24,caught,18e6906e,true,mi,rcb
1082628,2,false,7,46,99b75528,caught,f62772e5,true,mi,rcb
1082628,2,false,9,57,fb2d1dda,caught,f62772e5,true,mi,rcb
1082628,2,false,12,79,a757b0d8,caught,57ee1fde,true,mi,rcb
1082628,2,false,13,82,5b8c830e,retired hurt,,false,mi,rcb
1082628,2,false,16,101,119678fd,caught,4329fbb5,true,mi,rcb
1082629,1,false,5,36,752f7486,caught,acee4cc4,true,gl,rps
1082629,1,false,7,49,1dc12ab9,run out,,false,gl,rps
1082629,1,false,9,61,b8d490fd,caught and bowled,acee4cc4,true,gl,rps
1082629,1,false,9,62,35205dfc,bowled,acee4cc4,true,gl,rps
1082629,1,false,11,73,b8a55852,caught,1abb78f8,true,gl,rps
1082629,1,false,14,92,fe93fd9d,caught,2a2e6343,true,gl,rps
1082629,1,false,17,106,808f425a,caught,1e66c162,true,gl,rps
1082629,1,false,17,109,9fc0ef64,caught,1e66c162,true,gl,rps
1082629,1,false,19,120,c03f1114,run out,,false,gl,rps
1082629,1,false,19,121,f18ba07f,bowled,1e66c162,true,gl,rps
1082629,2,false,0,4,29e95537,lbw,9fc0ef64,true,rps,gl
1082629,2,false,0,6,30a45b23,caught,9fc0ef64,true,rps,gl
1082629,2,false,1,10,26e5cabf,lbw,871e9faf,true,rps,gl
1082629,2,false,5,35,77255a9e,run out,,false,rps,gl
1082629,2,false,16,101,4a8a2e3b,caught,871e9faf,true,rps,gl
1082630,1,false,5,32,dcce6f09,bowled,8cf9814c,true,srh,dc
1082630,1,false,8,50,0a476045,caught,6b19d823,true,srh,dc
1082630,1,false,11,70,d027ba9f,caught,8cf9814c,true,srh,dc
1082630,2,false,4,25,a4cc73aa,caught,2f49c897,true,dc,srh
1082630,2,false,7,46,944533a5,caught,dcf81436,true,dc,srh
1082630,2,false,11,72,919a3be2,bowled,2f49c897,true,dc,srh
1082630,2,false,15,98,85ec8e33,caught,2e81a32d,true,dc,srh
1082631,1,false,0,6,9d430b40,caught and bowled,1e66c162,true,kkr,rps
1082631,1,false,3,24,acc1aeda,hit wicket,f19ccfad,true,kkr,rps
1082631,1,false,5,35,bb345e0b,caught,f19ccfad,true,kkr,rps
1082631,1,false,9,55,3c6ffae8,lbw,acee4cc4,true,kkr,rps
1082631,1,false,14,85,93b4fc78,caught,2a2e6343,true,kkr,rps
1082631,1,false,16,98,94d7f855,caught,1e66c162,true,kkr,rps
1082631,1,false,17,106,4c5d73db,run out,,false,kkr,rps
1082631,1,false,19,117,56ab442f,caught,e087956b,true,kkr,rps
1082631,2,false,1,10,29e95537,caught,cc1e8c68,true,rps,kkr
1082631,2,false,4,31,30a45b23,bowled,4c5d73db,true,rps,kkr
1082631,2,false,8,52,26e5cabf,bowled,4c5d73db,true,rps,kkr
1082631,2,false,13,83,e087956b,caught and bowled,9d430b40,true,rps,kkr
1082631,2,false,16,99,4a8a2e3b,caught,8d2c70ad,true,rps,kkr
1082631,2,false,18,114,77255a9e,caught,4c5d73db,true,rps,kkr
1082632,1,false,1,7,b8a55852,caught,e62dd25d,true,gl,dc
1082632,1,false,1,8,35205dfc,run out,,false,gl,dc
1082632,1,false,13,82,1dc12ab9,run out,,false,gl,dc
1082632,1,false,14,87,c03f1114,caught,ded9240e,true,gl,dc
1082632,1,false,17,106,752f7486,caught,ded9240e,true,gl,dc
1082632,1,false,18,114,b8d490fd,caught,e62dd25d,true,gl,dc
1082632,1,false,19,119,808f425a,caught,8abdf100,true,gl,dc
1082632,2,false,2,18,944533a5,caught,9fc0ef64,true,dc,gl
1082632,2,false,13,82,a4cc73aa,caught,fe93fd9d,true,dc,gl
1082632,2,false,14,90,919a3be2,caught,871e9faf,true,dc,gl
1082633,1,false,0,5,e798611a,caught,18e6906e,true,pbks,rcb
1082633,1,false,3,21,2be41edb,caught,957532de,true,pbks,rcb
1082633,1,false,6,42,508a1ea7,caught,f62772e5,true,pbks,rcb
1082633,1,false,11,68,c03e2850,caught,57ee1fde,true,pbks,rcb
1082633,1,false,13,83,b681e71e,caught,57ee1fde,true,pbks,rcb
1082633,1,false,17,106,fe11caa6,bowled,4329fbb5,true,pbks,rcb
1082633,1,false,18,111,759ac88f,caught,18e6906e,true,pbks,rcb
1082633,2,false,0,4,db584dad,caught,ce820073,true,rcb,pbks
1082633,2,false,2,17,ba607b88,bowled,ce820073,true,rcb,pbks
1082633,2,false,4,29,c4487b84,caught,ce820073,true,rcb,pbks
1082633,2,false,7,47,99d63244,caught,759ac88f,true,rcb,pbks
1082633,2,false,10,65,4329fbb5,caught,2e171977,true,rcb,pbks
1082633,2,false,11,68,c3a96caf,bowled,b681e71e,true,rcb,pbks
1082633,2,false,13,85,957532de,lbw,b681e71e,true,rcb,pbks
1082633,2,false,17,106,f62772e5,caught,2e171977,true,rcb,pbks
1082633,2,false,17,107,76388dc8,bowled,2e171977,true,rcb,pbks
1082633,2,false,18,117,18e6906e,caught,759ac88f,true,rcb,pbks
1082634,1,false,1,11,77255a9e,run out,,false,rps,srh
1082634,1,false,6,41,29e95537,caught,c18496e1,true,rps,srh
1082634,1,false,14,89,e087956b,bowled,5f547c8b,true,rps,srh
1082634,1,false,15,96,30a45b23,caught,dcf81436,true,rps,srh
1082634,1,false,15,98,2a2e6343,caught,dcf81436,true,rps,srh
1082634,1,false,18,118,26e5cabf,run out,,false,rps,srh
1082634,1,false,19,121,4a8a2e3b,caught,dcf81436,true,rps,srh
1082634,1,false,19,122,1abb78f8,caught,dcf81436,true,rps,srh
1082634,2,false,4,25,0a476045,bowled,e087956b,true,srh,rps
1082634,2,false,4,27,d027ba9f,caught,e087956b,true,srh,rps
1082634,2,false,12,75,dcce6f09,caught,e087956b,true,srh,rps
1082634,2,false,13,85,32198ae0,bowled,acee4cc4,true,srh,rps
1082634,2,false,17,104,1c914163,caught,1e66c162,true,srh,rps
1082634,2,false,17,109,890946a0,caught,1e66c162,true,srh,rps
1082634,2,false,19,118,c18496e1,caught,1e66c162,true,srh,rps
1082634,2,false,19,119,5f547c8b,caught and bowled,1e66c162,true,srh,rps
1082634,2,false,19,120,2e81a32d,caught,1e66c162,true,srh,rps
1082635,1,false,8,54,b5da6c24,stumped,6b19d823,true,mi,dc
1082635,1,false,12,77,89f64c19,caught,8abdf100,true,mi,dc
1082635,1,false,15,95,740742ef,caught,e62dd25d,true,mi,dc
1082635,2,false,0,1,a4cc73aa,caught,51a3c5ef,true,dc,mi
1082635,2,false,1,11,85ec8e33,caught,a12e1d51,true,dc,mi
1082635,2,false,3,20,919a3be2,caught,462411b3,true,dc,mi
1082635,2,false,4,28,944533a5,caught,8b5b6769,true,dc,mi
1082635,2,false,5,35,8abdf100,caught,a12e1d51,true,dc,mi
1082635,2,false,7,46,f846de6a,caught,119678fd,true,dc,mi
1082635,2,false,8,50,ded9240e,caught,8b5b6769,true,dc,mi
1082635,2,false,9,58,e62dd25d,caught,119678fd,true,dc,mi
1082635,2,false,10,64,8cf9814c,caught,8b5b6769,true,dc,mi
1082635,2,false,13,83,91a4a398,caught,119678fd,true,dc,mi
1082636,1,false,0,1,db584dad,caught,cc1e8c68,true,rcb,kkr
1082636,1,false,2,17,ba607b88,lbw,cc1e8c68,true,rcb,kkr
1082636,1,false,4,28,c4487b84,bowled,9d430b40,true,rcb,kkr
1082636,1,false,15,92,c3a96caf,caught,9d430b40,true,rcb,kkr
1082636,1,false,18,110,99d63244,caught,4c5d73db,true,rcb,kkr
1082636,1,false,19,119,f62772e5,caught,cc1e8c68,true,rcb,kkr
1082636,2,false,6,39,9d430b40,caught,18e6906e,true,kkr,rcb
1082636,2,false,7,47,45eda7c8,bowled,f62772e5,true,kkr,rcb
1082636,2,false,13,82,94d7f855,stumped,f62772e5,true,kkr,rcb
1082636,2,false,14,87,bb345e0b,caught,57ee1fde,true,kkr,rcb
1082637,1,false,0,5,2be41edb,caught,9fc0ef64,true,pbks,gl
1082637,1,false,15,97,508a1ea7,caught,d2a989fc,true,pbks,gl
1082637,1,false,19,122,e798611a,lbw,871e9faf,true,pbks,gl
1082637,2,false,9,57,752f7486,caught,ce794613,true,gl,pbks
1082637,2,false,11,69,35205dfc,caught,b681e71e,true,gl,pbks
1082637,2,false,17,104,1dc12ab9,caught,ce820073,true,gl,pbks
1082637,2,false,17,107,b8d490fd,caught,ce820073,true,gl,pbks
1082638,1,false,1,11,89f64c19,bowled,62af8546,true,mi,srh
1082638,1,false,4,27,fb2d1dda,caught,dcf81436,true,mi,srh
1082638,1,false,6,39,b5da6c24,caught,dcf81436,true,mi,srh
1082638,1,false,14,89,dbe50b21,caught,5f547c8b,true,mi,srh
1082638,1,false,18,114,740742ef,bowled,dcf81436,true,mi,srh
1082638,1,false,19,120,a757b0d8,caught,2e81a32d,true,mi,srh
1082638,1,false,19,125,119678fd,caught,2e81a32d,true,mi,srh
1082638,2,false,1,7,dcce6f09,lbw,51a3c5ef,true,srh,mi
1082638,2,false,12,73,32198ae0,caught,462411b3,true,srh,mi
1082638,2,false,14,89,1c914163,caught,a12e1d51,true,srh,mi
1082639,1,false,4,31,c03e2850,caught,cc1e8c68,true,pbks,kkr
1082639,1,false,5,37,2be41edb,lbw,9d430b40,true,pbks,kkr
1082639,1,false,8,54,508a1ea7,bowled,4c5d73db,true,pbks,kkr
1082639,1,false,15,98,b681e71e,caught,8d2c70ad,true,pbks,kkr
1082639,1,false,17,113,fe11caa6,stumped,8d2c70ad,true,pbks,kkr
1082639,1,false,18,116,983f2f61,bowled,4c5d73db,true,pbks,kkr
1082639,2,false,3,22,9d430b40,bowled,759ac88f,true,kkr,pbks
1082639,2,false,9,58,bb345e0b,caught,39a2dfa8,true,kkr,pbks
1082639,2,false,9,60,1c17e270,caught,39a2dfa8,true,kkr,pbks
1082639,2,false,17,105,93b4fc78,caught,e84ac20c,true,kkr,pbks
1082639,2,false,17,106,45eda7c8,run out,,false,kkr,pbks
1082639,2,false,18,111,3c6ffae8,caught,759ac88f,true,kkr,pbks
1082640,1,false,3,21,35205dfc,run out,,false,gl,dc
1082640,1,false,5,37,1dc12ab9,bowled,ded9240e,true,gl,dc
1082640,1,false,6,41,752f7486,caught,6b19d823,true,gl,dc
1082640,1,false,16,101,c03f1114,caught,e342e5fb,true,gl,dc
1082640,1,false,18,115,b8d490fd,bowled,8cf9814c,true,gl,dc
1082640,2,false,1,9,a4cc73aa,bowled,9fc0ef64,true,dc,gl
1082640,2,false,1,11,919a3be2,run out,,false,dc,gl
1082640,2,false,7,45,944533a5,caught,808f425a,true,dc,gl
1082640,2,false,9,60,f846de6a,run out,,false,dc,gl
1082640,2,false,11,70,8abdf100,run out,,false,dc,gl
1082640,2,false,13,84,e342e5fb,caught and bowled,d2a989fc,true,dc,gl
1082640,2,false,18,111,ded9240e,caught,808f425a,true,dc,gl
1082640,2,false,19,117,85ec8e33,bowled,871e9faf,true,dc,gl
1082641,1,false,5,36,2be41edb,caught,119678fd,true,pbks,mi
1082641,1,false,10,70,b681e71e,bowled,462411b3,true,pbks,mi
1082641,1,false,15,99,508a1ea7,caught,51a3c5ef,true,pbks,mi
1082641,2,false,8,54,b5da6c24,caught,759ac88f,true,mi,pbks
1082641,2,false,9,59,89f64c19,caught,b681e71e,true,mi,pbks
1082641,2,false,11,73,740742ef,caught,39a2dfa8,true,mi,pbks
1082641,2,false,12,79,fb2d1dda,caught,2e171977,true,mi,pbks
1082641,2,false,16,102,dbe50b21,caught,ce820073,true,mi,pbks
1082641,2,false,17,112,119678fd,bowled,759ac88f,true,mi,pbks
1082642,1,false,0,6,a4cc73aa,run out,,false,dc,rps
1082642,1,false,2,13,85ec8e33,caught,1e66c162,true,dc,rps
1082642,1,false,8,53,919a3be2,caught,14f96089,true,dc,rps
1082642,1,false,13,85,f846de6a,caught,2a2e6343,true,dc,rps
1082642,1,false,15,94,8abdf100,stumped,f19ccfad,true,dc,rps
1082642,1,false,16,104,ded9240e,bowled,e087956b,true,dc,rps
1082642,1,false,18,117,944533a5,caught,e087956b,true,dc,rps
1082642,1,false,19,123,8cf9814c,caught,1e66c162,true,dc,rps
1082642,2,false,0,1,29e95537,bowled,91a4a398,true,rps,dc
1082642,2,false,4,26,77255a9e,caught,91a4a398,true,rps,dc
1082642,2,false,9,58,30a45b23,lbw,9d80c5e1,true,rps,dc
1082642,2,false,15,98,e087956b,caught,8cf9814c,true,rps,dc
1082642,2,false,17,109,4a8a2e3b,run out,,false,rps,dc
1082642,2,false,18,114,2a2e6343,lbw,8cf9814c,true,rps,dc
1082642,2,false,19,125,26e5cabf,bowled,ded9240e,true,rps,dc
1082643,1,false,10,66,35205dfc,lbw,5f547c8b,true,gl,srh
1082643,1,false,12,77,752f7486,caught,2f49c897,true,gl,srh
1082643,1,false,12,79,1dc12ab9,caught,2f49c897,true,gl,srh
1082643,1,false,13,80,c03f1114,caught,5f547c8b,true,gl,srh
1082643,1,false,13,84,b8d490fd,bowled,5f547c8b,true,gl,srh
1082643,1,false,16,102,808f425a,bowled,2f49c897,true,gl,srh
1082643,1,false,16,103,9fc0ef64,bowled,2f49c897,true,gl,srh
1082643,1,false,18,115,f18ba07f,bowled,dcf81436,true,gl,srh
1082643,1,false,19,117,e938e1bc,bowled,2e81a32d,true,gl,srh
1082643,1,false,19,118,f0f628c7,bowled,2e81a32d,true,gl,srh
1082643,2,false,2,14,0a476045,caught,e938e1bc,true,srh,gl
1082643,2,false,2,19,32198ae0,caught,e938e1bc,true,srh,gl
1082644,1,false,2,17,89f64c19,caught,a818c1be,true,mi,kkr
1082644,1,false,8,54,740742ef,lbw,db31895a,true,mi,kkr
1082644,1,false,15,100,709b0bac,run out,,false,mi,kkr
1082644,1,false,18,117,70d205c9,stumped,8d2c70ad,true,mi,kkr
1082644,1,false,19,122,a757b0d8,caught,a818c1be,true,mi,kkr
1082644,2,false,0,4,9d430b40,caught,13c35c9e,true,kkr,mi
1082644,2,false,4,29,bb345e0b,caught,f5180fe6,true,kkr,mi
1082644,2,false,5,38,1c17e270,caught,119678fd,true,kkr,mi
1082644,2,false,6,40,45eda7c8,caught,41eb4a4f,true,kkr,mi
1082644,2,false,8,58,3c6ffae8,caught,41eb4a4f,true,kkr,mi
1082644,2,false,14,89,94d7f855,bowled,dbe50b21,true,kkr,mi
1082644,2,false,17,108,93b4fc78,caught,dbe50b21,true,kkr,mi
1082644,2,false,18,116,8d2c70ad,caught,13c35c9e,true,kkr,mi
1082645,1,false,0,1,2be41edb,caught,1e66c162,true,pbks,rps
1082645,1,false,3,21,508a1ea7,caught,1abb78f8,true,pbks,rps
1082645,1,false,4,27,d2a6c0e6,run out,,false,pbks,rps
1082645,1,false,5,33,39a2dfa8,caught,1abb78f8,true,pbks,rps
1082645,1,false,5,37,b681e71e,caught,1abb78f8,true,pbks,rps
1082645,1,false,9,59,fe11caa6,caught,2a2e6343,true,pbks,rps
1082645,1,false,11,72,2e171977,caught,2a2e6343,true,pbks,rps
1082645,1,false,13,85,983f2f61,caught,1e66c162,true,pbks,rps
1082645,1,false,15,94,5bb1a1c4,caught,14f96089,true,pbks,rps
1082645,1,false,15,98,759ac88f,caught,14f96089,true,pbks,rps
1082645,2,false,5,34,77255a9e,bowled,2e171977,true,rps,pbks
1082646,1,false,4,30,0494fa6e,bowled,ded9240e,true,rcb,dc
1082646,1,false,13,80,db584dad,caught,9d80c5e1,true,rcb,dc
1082646,1,false,14,87,12b610c2,run out,,false,rcb,dc
1082646,1,false,16,101,ba607b88,caught,91a4a398,true,rcb,dc
1082646,1,false,17,109,99d63244,run out,,false,rcb,dc
1082646,1,false,18,118,dc9dd038,caught,ded9240e,true,rcb,dc
1082646,2,false,0,2,a4cc73aa,caught,eef2536f,true,dc,rcb
1082646,2,false,5,33,944533a5,caught,4329fbb5,true,dc,rcb
1082646,2,false,11,72,85ec8e33,caught,f986ca1a,true,dc,rcb
1082646,2,false,11,73,f846de6a,bowled,f986ca1a,true,dc,rcb
1082646,2,false,15,94,8abdf100,stumped,12b610c2,true,dc,rcb
1082646,2,false,15,98,ded9240e,caught,12b610c2,true,dc,rcb
1082646,2,false,16,102,919a3be2,bowled,f986ca1a,true,dc,rcb
1082646,2,false,17,110,6b19d823,bowled,f62772e5,true,dc,rcb
1082646,2,false,19,118,8cf9814c,stumped,f62772e5,true,dc,rcb
1082646,2,false,19,122,9d80c5e1,caught,f62772e5,true,dc,rcb
1082647,1,false,0,7,77255a9e,bowled,51a3c5ef,true,rps,mi
1082647,1,false,1,12,30a45b23,caught,a12e1d51,true,rps,mi
1082647,1,false,12,77,29e95537,lbw,119678fd,true,rps,mi
1082647,1,false,19,125,26e5cabf,run out,,false,rps,mi
1082647,2,false,4,29,89f64c19,run out,,false,mi,rps
1082647,2,false,5,33,740742ef,lbw,f19ccfad,true,mi,rps
1082647,2,false,5,36,70d205c9,caught,f19ccfad,true,mi,rps
1082647,2,false,7,50,a757b0d8,caught,f19ccfad,true,mi,rps
1082647,2,false,11,69,dbe50b21,caught,2f9d0389,true,mi,rps
1082647,2,false,14,92,5b8c830e,caught,1abb78f8,true,mi,rps
1082647,2,false,14,96,b5da6c24,caught,1abb78f8,true,mi,rps
1082647,2,false,16,109,119678fd,caught,1e66c162,true,mi,rps
1082647,2,false,19,124,51a3c5ef,caught,1abb78f8,true,mi,rps
1082648,1,false,4,26,0a476045,caught,cc1e8c68,true,srh,kkr
1082648,1,false,11,72,d027ba9f,caught,56ab442f,true,srh,kkr
1082648,1,false,12,74,dcce6f09,bowled,98ae73b1,true,srh,kkr
1082648,1,false,15,93,1c914163,caught,cc1e8c68,true,srh,kkr
1082648,1,false,18,110,0994d0ae,caught,56ab442f,true,srh,kkr
1082648,1,false,18,112,ffe699c0,caught and bowled,56ab442f,true,srh,kkr
1082648,1,false,19,122,890946a0,caught,a818c1be,true,srh,kkr
1082648,2,false,0,3,45eda7c8,caught,2e81a32d,true,kkr,srh
1082648,2,false,0,4,3c6ffae8,run out,,false,kkr,srh
1082648,2,false,1,8,1c17e270,caught,ffe699c0,true,kkr,srh
1082649,1,false,1,9,45eda7c8,caught,462411b3,true,kkr,mi
1082649,1,false,4,29,9d430b40,stumped,119678fd,true,kkr,mi
1082649,1,false,5,33,1c17e270,lbw,462411b3,true,kkr,mi
1082649,1,false,6,42,bb345e0b,caught,119678fd,true,kkr,mi
1082649,1,false,6,43,94d7f855,lbw,119678fd,true,kkr,mi
1082649,1,false,14,91,dded65e7,caught,119678fd,true,kkr,mi
1082649,1,false,16,100,98ae73b1,caught,f5180fe6,true,kkr,mi
1082649,1,false,16,104,56ab442f,caught,f5180fe6,true,kkr,mi
1082649,1,false,17,106,271f83cd,caught,462411b3,true,kkr,mi
1082649,1,false,18,116,db31895a,bowled,a12e1d51,true,kkr,mi
1082649,2,false,1,9,89f64c19,lbw,98ae73b1,true,mi,kkr
1082649,2,false,2,18,b5da6c24,caught,cc1e8c68,true,mi,kkr
1082649,2,false,5,35,70d205c9,bowled,98ae73b1,true,mi,kkr
1082649,2,false,12,75,740742ef,caught,56ab442f,true,mi,kkr
1082650,1,false,2,13,b5da6c24,caught,1e66c162,true,mi,rps
1082650,1,false,2,16,89f64c19,caught and bowled,1e66c162,true,mi,rps
1082650,1,false,7,45,70d205c9,run out,,false,mi,rps
1082650,1,false,10,64,740742ef,caught,14f96089,true,mi,rps
1082650,1,false,10,69,a757b0d8,caught,14f96089,true,mi,rps
1082650,1,false,13,83,dbe50b21,lbw,2a2e6343,true,mi,rps
1082650,1,false,14,88,119678fd,run out,,false,mi,rps
1082650,1,false,19,125,5b8c830e,caught,2a2e6343,true,mi,rps
1082650,2,false,2,14,77255a9e,lbw,462411b3,true,rps,mi
1082650,2,false,11,73,29e95537,caught,f5180fe6,true,rps,mi
1082650,2,false,16,101,4a8a2e3b,caught,462411b3,true,rps,mi
1082650,2,false,19,119,26e5cabf,caught,f5180fe6,true,rps,mi
1082650,2,false,19,120,30a45b23,caught,f5180fe6,true,rps,mi
1082650,2,false,19,123,f19ccfad,run out,,false,rps,mi
1136561,1,false,2,13,0ebfb1ad,lbw,23eeb873,true,mi,csk
1136561,1,false,3,24,740742ef,caught,4329fbb5,true,mi,csk
1136561,1,false,12,76,271f83cd,caught,4329fbb5,true,mi,csk
1136561,1,false,14,89,752f7486,caught,acee4cc4,true,mi,csk
1136561,2,false,3,22,4329fbb5,caught,dbe50b21,true,csk,mi
1136561,2,false,5,36,1dc12ab9,caught and bowled,dbe50b21,true,csk,mi
1136561,2,false,6,39,70d205c9,lbw,a9fd84fb,true,csk,mi
1136561,2,false,8,52,4a8a2e3b,lbw,a9fd84fb,true,csk,mi
1136561,2,false,11,74,fe93fd9d,caught,0a8fce53,true,csk,mi
1136561,2,false,12,80,23eeb873,stumped,a9fd84fb,true,csk,mi
1136561,2,false,14,92,8b5b6769,caught,51a3c5ef,true,csk,mi
1136561,2,false,16,104,8d92a2c3,caught,dbe50b21,true,csk,mi
1136561,2,false,18,119,87e562a9,caught,462411b3,true,csk,mi
1136562,1,false,2,15,af2c687b,lbw,7d92277a,true,dc,pbks
1136562,1,false,6,43,85ec8e33,caught,2e171977,true,dc,pbks
1136562,1,false,10,64,0994d0ae,caught,759ac88f,true,dc,pbks
1136562,1,false,13,83,919a3be2,caught,7d92277a,true,dc,pbks
1136562,1,false,14,93,bb345e0b,run out,,false,dc,pbks
1136562,1,false,15,96,39a2dfa8,lbw,495d42a5,true,dc,pbks
1136562,1,false,19,124,2a2e6343,bowled,759ac88f,true,dc,pbks
1136562,2,false,3,20,00ea847a,caught,fb66ce1f,true,pbks,dc
1136562,2,false,4,29,b17e2f24,caught,a818c1be,true,pbks,dc
1136562,2,false,9,56,1c914163,caught,39a2dfa8,true,pbks,dc
1136562,2,false,15,94,944533a5,caught,2a2e6343,true,pbks,dc
1136563,1,false,1,10,372455c4,caught,98ae73b1,true,rcb,kkr
1136563,1,false,8,51,b8a55852,bowled,9d430b40,true,rcb,kkr
1136563,1,false,14,87,c4487b84,caught,fb2d1dda,true,rcb,kkr
1136563,1,false,14,88,ba607b88,bowled,fb2d1dda,true,rcb,kkr
1136563,1,false,18,110,f088b960,caught,f5180fe6,true,rcb,kkr
1136563,1,false,19,120,c3a96caf,caught,41eb4a4f,true,rcb,kkr
1136563,1,false,19,121,4c5d73db,caught,41eb4a4f,true,rcb,kkr
1136563,2,false,1,11,45eda7c8,caught,4c5d73db,true,kkr,rcb
1136563,2,false,5,33,9d430b40,bowled,cc1e8c68,true,kkr,rcb
1136563,2,false,7,47,1c17e270,caught,cc1e8c68,true,kkr,rcb
1136563,2,false,14,93,fb2d1dda,lbw,f19ccfad,true,kkr,rcb
1136563,2,false,15,101,0a509d6b,caught,4c5d73db,true,kkr,rcb
1136563,2,false,17,115,bbd41817,caught,4c5d73db,true,kkr,rcb
1136564,1,false,0,7,1a156c88,run out,,false,rr,srh
1136564,1,false,6,44,29e95537,caught,dcf81436,true,rr,srh
1136564,1,false,8,57,e087956b,caught,6834d1f2,true,rr,srh
1136564,1,false,13,83,77255a9e,caught,7dc35884,true,rr,srh
1136564,1,false,13,86,a4cc73aa,caught,7dc35884,true,rr,srh
1136564,1,false,14,91,90de905a,caught,dcf81436,true,rr,srh
1136564,1,false,17,108,99b75528,bowled,5f547c8b,true,rr,srh
1136564,1,false,18,119,7a8bd078,caught,2e81a32d,true,rr,srh
1136564,1,false,19,121,1e66c162,run out,,false,rr,srh
1136564,2,false,1,10,fe11caa6,caught,1e66c162,true,srh,rr
1136565,1,false,1,10,9d430b40,caught,8b5b6769,true,kkr,csk
1136565,1,false,5,33,45eda7c8,bowled,fe93fd9d,true,kkr,csk
1136565,1,false,8,50,fb2d1dda,caught,4329fbb5,true,kkr,csk
1136565,1,false,8,52,1c17e270,run out,,false,kkr,csk
1136565,1,false,9,62,0a509d6b,caught,1abb78f8,true,kkr,csk
1136565,1,false,17,109,c03f1114,lbw,4329fbb5,true,kkr,csk
1136565,2,false,5,35,4329fbb5,caught,e86754b2,true,csk,kkr
1136565,2,false,8,51,70d205c9,caught,8d2c70ad,true,csk,kkr
1136565,2,false,11,69,1dc12ab9,caught,9d430b40,true,csk,kkr
1136565,2,false,16,101,4a8a2e3b,caught,98ae73b1,true,csk,kkr
1136565,2,false,18,114,c16d4035,caught,e86754b2,true,csk,kkr
1136566,1,false,1,8,1a156c88,run out,,false,rr,dc
1136566,1,false,4,25,e087956b,caught,a818c1be,true,rr,dc
1136566,1,false,10,66,a4cc73aa,bowled,9d80c5e1,true,rr,dc
1136566,1,false,13,82,29e95537,caught,9d80c5e1,true,rr,dc
1136566,1,false,17,107,99b75528,bowled,8cf9814c,true,rr,dc
1136566,2,false,0,1,af2c687b,run out,,false,dc,rr
1136566,2,false,3,23,b681e71e,caught,b2a79f17,true,dc,rr
1136566,2,false,4,31,919a3be2,caught,1e66c162,true,dc,rr
1136566,2,false,5,35,0994d0ae,caught,b2a79f17,true,dc,rr
1136567,1,false,1,12,740742ef,caught,6834d1f2,true,mi,srh
1136567,1,false,5,33,752f7486,caught,dcf81436,true,mi,srh
1136567,1,false,5,37,0ebfb1ad,bowled,dcf81436,true,mi,srh
1136567,1,false,8,55,5b8c830e,caught,7dc35884,true,mi,srh
1136567,1,false,14,91,a757b0d8,caught,6834d1f2,true,mi,srh
1136567,1,false,17,107,2e11c706,bowled,5f547c8b,true,mi,srh
1136567,1,false,18,115,271f83cd,caught,ce820073,true,mi,srh
1136567,1,false,18,116,9fc0ef64,lbw,ce820073,true,mi,srh
1136567,2,false,6,41,fe11caa6,lbw,a9fd84fb,true,srh,mi
1136567,2,false,7,48,d027ba9f,caught,0a8fce53,true,srh,mi
1136567,2,false,8,53,0a476045,caught,a9fd84fb,true,srh,mi
1136567,2,false,10,62,93b4fc78,caught,a9fd84fb,true,srh,mi
1136567,2,false,12,78,7dc35884,bowled,a9fd84fb,true,srh,mi
1136567,2,false,17,106,3c6ffae8,caught,462411b3,true,srh,mi
1136567,2,false,17,107,5f547c8b,caught,462411b3,true,srh,mi
1136567,2,false,18,112,dcf81436,caught and bowled,0a8fce53,true,srh,mi
1136567,2,false,18,114,ce820073,caught,0a8fce53,true,srh,mi
1136568,1,false,3,19,00ea847a,caught,cc1e8c68,true,pbks,rcb
1136568,1,false,3,20,b8d490fd,lbw,cc1e8c68,true,pbks,rcb
1136568,1,false,3,24,1c914163,bowled,cc1e8c68,true,pbks,rcb
1136568,1,false,11,68,b17e2f24,caught,f19ccfad,true,pbks,rcb
1136568,1,false,12,79,944533a5,bowled,fa2f1dde,true,pbks,rcb
1136568,1,false,13,83,d9273ee7,stumped,f19ccfad,true,pbks,rcb
1136568,1,false,14,91,2e171977,lbw,fa2f1dde,true,pbks,rcb
1136568,1,false,17,109,7c7d63a2,caught,4c5d73db,true,pbks,rcb
1136568,1,false,18,115,495d42a5,stumped,57ee1fde,true,pbks,rcb
1136568,1,false,19,119,7d92277a,caught,4c5d73db,true,pbks,rcb
1136568,2,false,0,2,b8a55852,caught,2e171977,true,rcb,pbks
1136568,2,false,4,29,ba607b88,bowled,7d92277a,true,rcb,pbks
1136568,2,false,11,68,372455c4,bowled,495d42a5,true,rcb,pbks
1136568,2,false,11,69,f088b960,caught,495d42a5,true,rcb,pbks
1136568,2,false,18,110,c4487b84,caught,7c7d63a2,true,rcb,pbks
1136568,2,false,18,113,c3a96caf,run out,,false,rcb,pbks
1136569,1,false,8,57,0ebfb1ad,caught,39a2dfa8,true,mi,dc
1136569,1,false,10,65,271f83cd,lbw,39a2dfa8,true,mi,dc
1136569,1,false,15,98,752f7486,bowled,2a2e6343,true,mi,dc
1136569,1,false,15,99,a757b0d8,bowled,2a2e6343,true,mi,dc
1136569,1,false,17,109,740742ef,caught,a818c1be,true,mi,dc
1136569,1,false,18,116,5b8c830e,caught,8cf9814c,true,mi,dc
1136569,1,false,19,120,dbe50b21,caught,a818c1be,true,mi,dc
1136569,2,false,5,31,bb345e0b,caught,0a8fce53,true,dc,mi
1136569,2,false,11,71,919a3be2,caught,5b8c830e,true,dc,mi
1136569,2,false,13,80,b681e71e,caught and bowled,5b8c830e,true,dc,mi
1136570,1,false,2,16,1c17e270,caught,2e81a32d,true,kkr,srh
1136570,1,false,7,46,fb2d1dda,caught,6834d1f2,true,kkr,srh
1136570,1,false,10,65,9d430b40,caught,7dc35884,true,kkr,srh
1136570,1,false,12,75,45eda7c8,caught and bowled,7dc35884,true,kkr,srh
1136570,1,false,13,81,bbd41817,caught,6834d1f2,true,kkr,srh
1136570,1,false,16,101,b4b99816,caught,2e81a32d,true,kkr,srh
1136570,1,false,18,113,c03f1114,caught,2e81a32d,true,kkr,srh
1136570,1,false,19,123,c38d3503,caught,dcf81436,true,kkr,srh
1136570,2,false,3,22,fe11caa6,caught,9d430b40,true,srh,kkr
1136570,2,false,5,35,0a476045,bowled,9d430b40,true,srh,kkr
1136570,2,false,8,56,93b4fc78,lbw,8d2c70ad,true,srh,kkr
1136570,2,false,15,99,7dc35884,bowled,98ae73b1,true,srh,kkr
1136570,2,false,17,108,d027ba9f,caught,f5180fe6,true,srh,kkr
1136571,1,false,5,36,29e95537,caught,4c5d73db,true,rr,rcb
1136571,1,false,6,44,1a156c88,caught,57ee1fde,true,rr,rcb
1136571,1,false,12,78,e087956b,bowled,57ee1fde,true,rr,rcb
1136571,1,false,18,117,99b75528,caught,4c5d73db,true,rr,rcb
1136571,2,false,0,4,b8a55852,caught,90de905a,true,rcb,rr
1136571,2,false,7,49,372455c4,caught,1a156c88,true,rcb,rr
1136571,2,false,10,63,ba607b88,caught,7a8bd078,true,rcb,rr
1136571,2,false,12,76,c4487b84,caught,7a8bd078,true,rcb,rr
1136571,2,false,14,86,f62772e5,caught,b2a79f17,true,rcb,rr
1136571,2,false,18,116,f19ccfad,bowled,e087956b,true,rcb,rr
1136572,1,false,7,49,b17e2f24,caught,8b5b6769,true,pbks,csk
1136572,1,false,11,70,db584dad,caught,4329fbb5,true,pbks,csk
1136572,1,false,14,86,00ea847a,caught,acee4cc4,true,pbks,csk
1136572,1,false,14,87,b8d490fd,lbw,acee4cc4,true,pbks,csk
1136572,1,false,15,94,1c914163,caught,1abb78f8,true,pbks,csk
1136572,1,false,18,114,495d42a5,caught,1abb78f8,true,pbks,csk
1136572,1,false,19,119,944533a5,caught,87e562a9,true,pbks,csk
1136572,2,false,1,14,4329fbb5,caught,759ac88f,true,csk,pbks
1136572,2,false,4,27,4b57e452,caught,7c7d63a2,true,csk,pbks
1136572,2,false,6,42,c16d4035,lbw,495d42a5,true,csk,pbks
1136572,2,false,13,87,70d205c9,run out,,false,csk,pbks
1136572,2,false,18,118,fe93fd9d,caught,7c7d63a2,true,csk,pbks
1136573,1,false,2,15,9d430b40,caught,a818c1be,true,kkr,dc
1136573,1,false,7,45,1c17e270,caught and bowled,9d80c5e1,true,kkr,dc
1136573,1,false,10,65,45eda7c8,caught,8cf9814c,true,kkr,dc
1136573,1,false,13,83,c03f1114,caught,fb66ce1f,true,kkr,dc
1136573,1,false,17,105,bbd41817,bowled,a818c1be,true,kkr,dc
1136573,1,false,18,113,fb2d1dda,caught,fb66ce1f,true,kkr,dc
1136573,1,false,19,118,b4b99816,caught,39a2dfa8,true,kkr,dc
1136573,1,false,19,121,98ae73b1,caught,39a2dfa8,true,kkr,dc
1136573,1,false,19,122,e86754b2,caught,39a2dfa8,true,kkr,dc
1136573,2,false,0,6,d1c36f5c,stumped,98ae73b1,true,dc,kkr
1136573,2,false,1,12,85ec8e33,caught,bbd41817,true,dc,kkr
1136573,2,false,2,22,bb345e0b,bowled,c38d3503,true,dc,kkr
1136573,2,false,8,56,919a3be2,caught,8d2c70ad,true,dc,kkr
1136573,2,false,9,62,39a2dfa8,caught,e86754b2,true,dc,kkr
1136573,2,false,10,70,b681e71e,caught,8d2c70ad,true,dc,kkr
1136573,2,false,11,74,fb66ce1f,bowled,9d430b40,true,dc,kkr
1136573,2,false,11,76,0994d0ae,lbw,9d430b40,true,dc,kkr
1136573,2,false,13,88,8cf9814c,caught,9d430b40,true,dc,kkr
1136573,2,false,14,91,a818c1be,caught and bowled,8d2c70ad,true,dc,kkr
1136574,1,false,0,1,271f83cd,bowled,cc1e8c68,true,mi,rcb
1136574,1,false,0,2,752f7486,bowled,cc1e8c68,true,mi,rcb
1136574,1,false,11,70,0ebfb1ad,caught,8abdf100,true,mi,rcb
1136574,1,false,15,96,5b8c830e,run out,,false,mi,rcb
1136574,1,false,18,114,a757b0d8,caught,4c5d73db,true,mi,rcb
1136574,1,false,19,125,740742ef,caught,8abdf100,true,mi,rcb
1136574,2,false,4,26,372455c4,bowled,51a3c5ef,true,rcb,mi
1136574,2,false,4,29,c4487b84,caught,51a3c5ef,true,rcb,mi
1136574,2,false,9,60,c3a96caf,stumped,5b8c830e,true,rcb,mi
1136574,2,false,9,61,8abdf100,caught,5b8c830e,true,rcb,mi
1136574,2,false,11,72,f19ccfad,caught,5b8c830e,true,rcb,mi
1136574,2,false,13,86,f088b960,stumped,a9fd84fb,true,rcb,mi
1136574,2,false,17,108,4c5d73db,caught,462411b3,true,rcb,mi
1136574,2,false,17,111,cc1e8c68,caught,462411b3,true,rcb,mi
1136575,1,false,6,41,29e95537,stumped,fb2d1dda,true,rr,kkr
1136575,1,false,8,52,a4cc73aa,caught,c38d3503,true,rr,kkr
1136575,1,false,12,77,1a156c88,bowled,fb2d1dda,true,rr,kkr
1136575,1,false,13,84,77255a9e,caught,8d2c70ad,true,rr,kkr
1136575,1,false,16,97,e087956b,caught,98ae73b1,true,rr,kkr
1136575,1,false,18,109,90de905a,caught,e86754b2,true,rr,kkr
1136575,1,false,18,110,7a8bd078,bowled,e86754b2,true,rr,kkr
1136575,1,false,19,123,d2a989fc,run out,,false,rr,kkr
1136575,2,false,0,3,45eda7c8,bowled,90de905a,true,kkr,rr
1136575,2,false,8,52,9d430b40,run out,,false,kkr,rr
1136575,2,false,12,76,1c17e270,caught,90de905a,true,kkr,rr
1136576,1,false,7,47,b17e2f24,lbw,5f547c8b,true,pbks,srh
1136576,1,false,10,63,00ea847a,caught,dcf81436,true,pbks,srh
1136576,1,false,17,109,944533a5,caught,2e81a32d,true,pbks,srh
1136576,2,false,0,6,0a476045,retired hurt,,false,srh,pbks
1136576,2,false,1,12,fe11caa6,bowled,759ac88f,true,srh,pbks
1136576,2,false,4,31,3c6ffae8,bowled,759ac88f,true,srh,pbks
1136576,2,false,14,90,d027ba9f,caught,7c7d63a2,true,srh,pbks
1136576,2,false,16,105,73ad96ed,caught,7c7d63a2,true,srh,pbks
1136577,1,false,4,28,70d205c9,caught,b2a79f17,true,csk,rr
1136577,1,false,11,74,1dc12ab9,caught,7a8bd078,true,csk,rr
1136577,1,false,13,84,4a8a2e3b,caught,7a8bd078,true,csk,rr
1136577,1,false,15,95,c16d4035,caught,7a8bd078,true,csk,rr
1136577,1,false,19,125,4329fbb5,caught,b2a79f17,true,csk,rr
1136577,2,false,1,13,235c2bb6,bowled,1abb78f8,true,rr,csk
1136577,2,false,2,20,a4cc73aa,caught,23eeb873,true,rr,csk
1136577,2,false,4,29,29e95537,bowled,23eeb873,true,rr,csk
1136577,2,false,10,66,99b75528,caught,87e562a9,true,rr,csk
1136577,2,false,12,82,77255a9e,caught,87e562a9,true,rr,csk
1136577,2,false,13,91,e087956b,caught,acee4cc4,true,rr,csk
1136577,2,false,14,96,90de905a,caught,4329fbb5,true,rr,csk
1136577,2,false,15,101,bd17b45f,caught and bowled,1abb78f8,true,rr,csk
1136577,2,false,18,118,1e66c162,bowled,119678fd,true,rr,csk
1136577,2,false,18,119,b2a79f17,caught,119678fd,true,rr,csk
1136578,1,false,1,9,9d430b40,caught,7d92277a,true,kkr,pbks
1136578,1,false,8,51,1c17e270,caught,495d42a5,true,kkr,pbks
1136578,1,false,9,60,fb2d1dda,run out,,false,kkr,pbks
1136578,1,false,15,95,45eda7c8,caught,7c7d63a2,true,kkr,pbks
1136578,1,false,16,105,bbd41817,caught,d8b2f218,true,kkr,pbks
1136578,1,false,18,120,c03f1114,caught,d8b2f218,true,kkr,pbks
1136578,1,false,19,123,e86754b2,caught,7c7d63a2,true,kkr,pbks
1136578,2,false,9,59,b17e2f24,caught,9d430b40,true,pbks,kkr
1136579,1,false,2,14,bb345e0b,caught,cc1e8c68,true,dc,rcb
1136579,1,false,5,35,d1c36f5c,bowled,57ee1fde,true,dc,rcb
1136579,1,false,13,84,85ec8e33,caught,f19ccfad,true,dc,rcb
1136579,1,false,15,95,b681e71e,caught,57ee1fde,true,dc,rcb
1136579,1,false,19,121,919a3be2,caught,8abdf100,true,dc,rcb
1136579,2,false,1,13,c03e2850,caught,b681e71e,true,rcb,dc
1136579,2,false,4,28,372455c4,run out,,false,rcb,dc
1136579,2,false,10,67,ba607b88,caught,f986ca1a,true,rcb,dc
1136579,2,false,15,97,8abdf100,bowled,a818c1be,true,rcb,dc
1136580,1,false,3,22,4329fbb5,caught,2e81a32d,true,csk,srh
1136580,1,false,7,45,3355b542,stumped,5f547c8b,true,csk,srh
1136580,1,false,16,104,70d205c9,run out,,false,csk,srh
1136580,2,false,0,5,b63e358a,caught,23eeb873,true,srh,csk
1136580,2,false,2,13,93b4fc78,caught,23eeb873,true,srh,csk
1136580,2,false,4,27,73ad96ed,caught,23eeb873,true,srh,csk
1136580,2,false,10,64,7dc35884,caught,119678fd,true,srh,csk
1136580,2,false,17,110,d027ba9f,caught,87e562a9,true,srh,csk
1136580,2,false,18,114,3c6ffae8,caught,1abb78f8,true,srh,csk
1136581,1,false,0,4,0ebfb1ad,bowled,d2a989fc,true,mi,rr
1136581,1,false,14,87,752f7486,caught,d2a989fc,true,mi,rr
1136581,1,false,15,95,271f83cd,caught,1e66c162,true,mi,rr
1136581,1,false,15,97,740742ef,run out,,false,mi,rr
1136581,1,false,18,112,5b8c830e,caught,5574750c,true,mi,rr
1136581,1,false,18,115,dbe50b21,bowled,5574750c,true,mi,rr
1136581,1,false,18,116,51a3c5ef,bowled,5574750c,true,mi,rr
1136581,2,false,2,15,77255a9e,caught,5b8c830e,true,rr,mi
1136581,2,false,5,35,29e95537,caught,51a3c5ef,true,rr,mi
1136581,2,false,14,89,e087956b,bowled,dbe50b21,true,rr,mi
1136581,2,false,16,102,a4cc73aa,caught,462411b3,true,rr,mi
1136581,2,false,16,103,99b75528,bowled,462411b3,true,rr,mi
1136581,2,false,17,107,235c2bb6,caught,0a8fce53,true,rr,mi
1136581,2,false,19,121,5574750c,caught and bowled,dbe50b21,true,rr,mi
1136582,1,false,1,9,b8d490fd,caught,eef2536f,true,pbks,dc
1136582,1,false,4,27,b17e2f24,caught,9a963804,true,pbks,dc
1136582,1,false,7,45,00ea847a,bowled,9a963804,true,pbks,dc
1136582,1,false,12,76,1c914163,caught,eef2536f,true,pbks,dc
1136582,1,false,16,99,944533a5,caught,9a963804,true,pbks,dc
1136582,1,false,17,107,d67d5f00,caught,2a2e6343,true,pbks,dc
1136582,1,false,19,119,495d42a5,caught,a818c1be,true,pbks,dc
1136582,1,false,19,124,7c7d63a2,bowled,a818c1be,true,pbks,dc
1136582,2,false,2,16,8b3e9c7c,bowled,db31895a,true,dc,pbks
1136582,2,false,4,32,b681e71e,caught,db31895a,true,dc,pbks
1136582,2,false,5,36,bb345e0b,caught,7c7d63a2,true,dc,pbks
1136582,2,false,8,52,919a3be2,bowled,7d92277a,true,dc,pbks
1136582,2,false,11,75,2a2e6343,run out,,false,dc,pbks
1136582,2,false,17,115,39a2dfa8,caught,7c7d63a2,true,dc,pbks
1136582,2,false,18,117,9a963804,caught,d8b2f218,true,dc,pbks
1136582,2,false,19,127,85ec8e33,caught,7d92277a,true,dc,pbks
1136583,1,false,1,11,0a476045,bowled,51a3c5ef,true,srh,mi
1136583,1,false,1,13,fe11caa6,caught,51a3c5ef,true,srh,mi
1136583,1,false,4,30,93b4fc78,caught,dbe50b21,true,srh,mi
1136583,1,false,5,35,7dc35884,run out,,false,srh,mi
1136583,1,false,8,51,d027ba9f,caught,dbe50b21,true,srh,mi
1136583,1,false,11,70,62af8546,bowled,a9fd84fb,true,srh,mi
1136583,1,false,13,85,5f547c8b,caught,462411b3,true,srh,mi
1136583,1,false,15,95,871e9faf,bowled,a9fd84fb,true,srh,mi
1136583,1,false,16,105,dcf81436,run out,,false,srh,mi
1136583,1,false,18,116,3c6ffae8,caught,0a8fce53,true,srh,mi
1136583,2,false,2,18,0ebfb1ad,caught,ce820073,true,mi,srh
1136583,2,false,3,25,752f7486,caught,62af8546,true,mi,srh
1136583,2,false,5,33,740742ef,caught,7dc35884,true,mi,srh
1136583,2,false,11,72,5b8c830e,lbw,5f547c8b,true,mi,srh
1136583,2,false,13,80,a757b0d8,caught,5f547c8b,true,mi,srh
1136583,2,false,14,90,271f83cd,caught,871e9faf,true,mi,srh
1136583,2,false,15,93,51a3c5ef,lbw,dcf81436,true,mi,srh
1136583,2,false,15,97,a9fd84fb,lbw,dcf81436,true,mi,srh
1136583,2,false,17,107,dbe50b21,caught,dcf81436,true,mi,srh
1136583,2,false,18,114,0a8fce53,caught,871e9faf,true,mi,srh
1136584,1,false,4,26,ba607b88,caught,1abb78f8,true,rcb,csk
1136584,1,false,13,80,372455c4,caught and bowled,87e562a9,true,rcb,csk
1136584,1,false,14,90,c4487b84,caught,acee4cc4,true,rcb,csk
1136584,1,false,14,91,8abdf100,caught,acee4cc4,true,rcb,csk
1136584,1,false,18,117,c3a96caf,caught,1abb78f8,true,rcb,csk
1136584,1,false,19,118,94d7f855,run out,,false,rcb,csk
1136584,1,false,19,119,f62772e5,run out,,false,rcb,csk
1136584,1,false,19,121,cc1e8c68,caught,87e562a9,true,rcb,csk
1136584,2,false,0,6,4329fbb5,caught,f62772e5,true,csk,rcb
1136584,2,false,5,32,1dc12ab9,caught,cc1e8c68,true,csk,rcb
1136584,2,false,6,39,c16d4035,stumped,57ee1fde,true,csk,rcb
1136584,2,false,8,56,fe93fd9d,bowled,57ee1fde,true,csk,rcb
1136584,2,false,17,113,70d205c9,run out,,false,csk,rcb
1136585,1,false,0,4,d027ba9f,caught,db31895a,true,srh,pbks
1136585,1,false,2,14,0a476045,caught,db31895a,true,srh,pbks
1136585,1,false,4,29,fe11caa6,caught,db31895a,true,srh,pbks
1136585,1,false,13,84,7dc35884,caught,7d92277a,true,srh,pbks
1136585,1,false,19,121,93b4fc78,bowled,db31895a,true,srh,pbks
1136585,1,false,19,123,62af8546,caught,db31895a,true,srh,pbks
1136585,2,false,7,47,b17e2f24,bowled,5f547c8b,true,pbks,srh
1136585,2,false,8,50,db584dad,caught and bowled,871e9faf,true,pbks,srh
1136585,2,false,12,73,00ea847a,caught,7dc35884,true,pbks,srh
1136585,2,false,13,82,944533a5,lbw,5f547c8b,true,pbks,srh
1136585,2,false,14,86,b8d490fd,caught,7dc35884,true,pbks,srh
1136585,2,false,15,93,26e5cabf,caught,ce820073,true,pbks,srh
1136585,2,false,15,95,7c7d63a2,lbw,ce820073,true,pbks,srh
1136585,2,false,16,101,d8b2f218,run out,,false,pbks,srh
1136585,2,false,17,104,495d42a5,caught,5f547c8b,true,pbks,srh
1136585,2,false,19,116,db31895a,bowled,871e9faf,true,pbks,srh
1136586,1,false,6,42,af2c687b,bowled,c38d3503,true,dc,kkr
1136586,1,false,13,84,8b3e9c7c,bowled,98ae73b1,true,dc,kkr
1136586,1,false,14,87,919a3be2,caught,bbd41817,true,dc,kkr
1136586,1,false,19,119,b681e71e,run out,,false,dc,kkr
1136586,2,false,1,11,45eda7c8,bowled,b681e71e,true,kkr,dc
1136586,2,false,2,13,1c17e270,caught,a818c1be,true,kkr,dc
1136586,2,false,2,18,9d430b40,caught,a818c1be,true,kkr,dc
1136586,2,false,5,31,fb2d1dda,caught and bowled,eef2536f,true,kkr,dc
1136586,2,false,9,57,c03f1114,caught,6b19d823,true,kkr,dc
1136586,2,false,15,95,b4b99816,run out,,false,kkr,dc
1136586,2,false,15,98,c38d3503,bowled,6b19d823,true,kkr,dc
1136586,2,false,17,109,bbd41817,bowled,eef2536f,true,kkr,dc
1136586,2,false,18,112,98ae73b1,caught,b681e71e,true,kkr,dc
1136587,1,false,4,26,4329fbb5,caught,5b8c830e,true,csk,mi
1136587,1,false,11,70,70d205c9,caught,5b8c830e,true,csk,mi
1136587,1,false,17,107,4a8a2e3b,caught,51a3c5ef,true,csk,mi
1136587,1,false,17,109,87e562a9,caught,51a3c5ef,true,csk,mi
1136587,1,false,19,122,c16d4035,caught,dbe50b21,true,csk,mi
1136587,2,false,9,61,271f83cd,caught,8b5b6769,true,mi,csk
1136587,2,false,16,101,0ebfb1ad,caught,87e562a9,true,mi,csk
1136588,1,false,2,13,0a476045,bowled,90de905a,true,srh,rr
1136588,1,false,13,81,92aeac25,caught,90de905a,true,srh,rr
1136588,1,false,14,89,d027ba9f,caught,641ac5ff,true,srh,rr
1136588,1,false,17,103,7dc35884,bowled,5574750c,true,srh,rr
1136588,1,false,17,108,3c6ffae8,caught,5574750c,true,srh,rr
1136588,1,false,18,113,93b4fc78,caught,1e66c162,true,srh,rr
1136588,1,false,19,119,5f547c8b,caught,5574750c,true,srh,rr
1136588,2,false,2,14,77255a9e,bowled,ce820073,true,rr,srh
1136588,2,false,9,58,a4cc73aa,caught,dcf81436,true,rr,srh
1136588,2,false,10,62,e087956b,bowled,3c6ffae8,true,rr,srh
1136588,2,false,13,84,99b75528,caught,5f547c8b,true,rr,srh
1136588,2,false,18,111,da934ee8,caught,dcf81436,true,rr,srh
1136588,2,false,19,119,90de905a,caught,871e9faf,true,rr,srh
1136589,1,false,8,50,372455c4,caught,8d2c70ad,true,rcb,kkr
1136589,1,false,9,60,b8a55852,caught,bbd41817,true,rcb,kkr
1136589,1,false,9,62,c03e2850,bowled,bbd41817,true,rcb,kkr
1136589,1,false,17,108,c3a96caf,caught,bbd41817,true,rcb,kkr
1136589,2,false,7,46,9d430b40,caught,e2db2409,true,kkr,rcb
1136589,2,false,12,79,1c17e270,caught,e2db2409,true,kkr,rcb
1136589,2,false,16,104,fb2d1dda,retired hurt,,false,kkr,rcb
1136589,2,false,16,105,bbd41817,caught,2f49c897,true,kkr,rcb
1136589,2,false,18,120,c03f1114,caught,2f49c897,true,kkr,rcb
1136590,1,false,10,66,3355b542,caught,0994d0ae,true,csk,dc
1136590,1,false,11,68,1dc12ab9,bowled,b681e71e,true,csk,dc
1136590,1,false,13,86,4329fbb5,caught,6b19d823,true,csk,dc
1136590,1,false,19,123,70d205c9,run out,,false,csk,dc
1136590,2,false,1,11,8b3e9c7c,caught,798cc28e,true,dc,csk
1136590,2,false,4,31,af2c687b,caught,798cc28e,true,dc,csk
1136590,2,false,6,43,85ec8e33,run out,,false,dc,csk
1136590,2,false,8,54,b681e71e,bowled,fe93fd9d,true,dc,csk
1136590,2,false,17,109,919a3be2,caught,f834dcfc,true,dc,csk
1136591,1,false,4,31,372455c4,caught,51a3c5ef,true,rcb,mi
1136591,1,false,8,53,c03e2850,lbw,a9fd84fb,true,rcb,mi
1136591,1,false,14,89,b8a55852,run out,,false,rcb,mi
1136591,1,false,17,105,c3a96caf,caught,dbe50b21,true,rcb,mi
1136591,1,false,17,106,ba607b88,caught,dbe50b21,true,rcb,mi
1136591,1,false,17,110,f19ccfad,caught,dbe50b21,true,rcb,mi
1136591,1,false,18,115,13c35c9e,caught,462411b3,true,rcb,mi
1136591,2,false,0,6,752f7486,bowled,13c35c9e,true,mi,rcb
1136591,2,false,3,21,271f83cd,lbw,cc1e8c68,true,mi,rcb
1136591,2,false,3,22,740742ef,caught,cc1e8c68,true,mi,rcb
1136591,2,false,7,49,a757b0d8,caught,2f49c897,true,mi,rcb
1136591,2,false,11,79,2e8994e7,run out,,false,mi,rcb
1136591,2,false,18,121,5b8c830e,caught,2f49c897,true,mi,rcb
1136591,2,false,19,125,dbe50b21,caught,13c35c9e,true,mi,rcb
1136592,1,false,0,4,af2c687b,caught,d2a989fc,true,dc,rr
1136592,1,false,7,45,8b3e9c7c,caught and bowled,7a8bd078,true,dc,rr
1136592,1,false,14,92,85ec8e33,caught,1e66c162,true,dc,rr
1136592,1,false,14,95,919a3be2,caught,1e66c162,true,dc,rr
1136592,1,false,16,104,0994d0ae,caught,1e66c162,true,dc,rr
1136592,1,false,17,109,b681e71e,lbw,5574750c,true,dc,rr
1136592,2,false,6,41,99b75528,stumped,6b19d823,true,rr,dc
1136592,2,false,8,50,a4cc73aa,caught,a818c1be,true,rr,dc
1136592,2,false,8,56,e087956b,caught,a818c1be,true,rr,dc
1136592,2,false,9,60,1a156c88,caught,b681e71e,true,rr,dc
1136592,2,false,11,73,77255a9e,run out,,false,rr,dc
1136593,1,false,5,31,3355b542,bowled,98ae73b1,true,csk,kkr
1136593,1,false,10,63,4329fbb5,caught,9d430b40,true,csk,kkr
1136593,1,false,11,71,1dc12ab9,caught,8d2c70ad,true,csk,kkr
1136593,1,false,14,89,70d205c9,bowled,9d430b40,true,csk,kkr
1136593,1,false,19,122,fe93fd9d,caught,98ae73b1,true,csk,kkr
1136593,2,false,0,6,45eda7c8,caught,f834dcfc,true,kkr,csk
1136593,2,false,4,28,1c17e270,caught,798cc28e,true,kkr,csk
1136593,2,false,6,42,9d430b40,caught,fe93fd9d,true,kkr,csk
1136593,2,false,11,74,0a509d6b,bowled,8b5b6769,true,kkr,csk
1136594,1,false,6,42,b17e2f24,caught,a9fd84fb,true,pbks,mi
1136594,1,false,11,74,db584dad,caught,2e11c706,true,pbks,mi
1136594,1,false,12,79,1c914163,run out,,false,pbks,mi
1136594,1,false,15,100,944533a5,caught,51a3c5ef,true,pbks,mi
1136594,1,false,16,105,2e171977,caught,462411b3,true,pbks,mi
1136594,1,false,19,123,00ea847a,caught and bowled,dbe50b21,true,pbks,mi
1136594,2,false,5,34,0ebfb1ad,caught,7d92277a,true,mi,pbks
1136594,2,false,11,71,271f83cd,caught,d9273ee7,true,mi,pbks
1136594,2,false,12,79,752f7486,bowled,7d92277a,true,mi,pbks
1136594,2,false,15,94,dbe50b21,bowled,7c7d63a2,true,mi,pbks
1136595,1,false,1,9,b8a55852,caught,f834dcfc,true,rcb,csk
1136595,1,false,6,38,ba607b88,bowled,fe93fd9d,true,rcb,csk
1136595,1,false,7,46,c4487b84,stumped,8b5b6769,true,rcb,csk
1136595,1,false,10,67,c3a96caf,caught,fe93fd9d,true,rcb,csk
1136595,1,false,12,78,b5da6c24,caught and bowled,fe93fd9d,true,rcb,csk
1136595,1,false,13,80,e2db2409,stumped,8b5b6769,true,rcb,csk
1136595,1,false,14,86,94d7f855,caught,7f048519,true,rcb,csk
1136595,1,false,15,92,cc1e8c68,run out,,false,rcb,csk
1136595,1,false,19,121,2f49c897,run out,,false,rcb,csk
1136595,2,false,2,18,4329fbb5,bowled,cc1e8c68,true,csk,rcb
1136595,2,false,8,52,1dc12ab9,caught,cc1e8c68,true,csk,rcb
1136595,2,false,11,67,70d205c9,caught,e2db2409,true,csk,rcb
1136595,2,false,12,76,faa7365d,caught,94d7f855,true,csk,rcb
1136596,1,false,1,10,b681e71e,run out,,false,dc,srh
1136596,1,false,10,62,8b3e9c7c,caught,5f547c8b,true,dc,srh
1136596,1,false,15,92,85ec8e33,caught,dcf81436,true,dc,srh
1136596,1,false,16,99,890946a0,run out,,false,dc,srh
1136596,1,false,16,103,919a3be2,lbw,5f547c8b,true,dc,srh
1136596,2,false,8,56,92aeac25,bowled,6b19d823,true,srh,dc
1136596,2,false,10,69,0a476045,bowled,6b19d823,true,srh,dc
1136596,2,false,17,107,93b4fc78,caught,9a963804,true,srh,dc
1136597,1,false,9,57,0ebfb1ad,caught,bbd41817,true,mi,kkr
1136597,1,false,11,72,740742ef,caught,9d430b40,true,mi,kkr
1136597,1,false,14,88,271f83cd,caught,bbd41817,true,mi,kkr
1136597,1,false,16,103,5b8c830e,caught,9d430b40,true,mi,kkr
1136597,2,false,2,17,45eda7c8,caught,51a3c5ef,true,kkr,mi
1136597,2,false,3,19,b4b99816,caught and bowled,dbe50b21,true,kkr,mi
1136597,2,false,12,76,1c17e270,caught,a9fd84fb,true,kkr,mi
1136597,2,false,13,82,fb2d1dda,caught,dbe50b21,true,kkr,mi
1136597,2,false,16,101,bbd41817,caught,462411b3,true,kkr,mi
1136597,2,false,19,117,9d430b40,caught,5b8c830e,true,kkr,mi
1136598,1,false,0,3,1a156c88,caught,495d42a5,true,rr,pbks
1136598,1,false,3,22,29e95537,caught,2e171977,true,rr,pbks
1136598,1,false,10,65,a4cc73aa,caught,7c7d63a2,true,rr,pbks
1136598,1,false,12,77,e087956b,caught,7d92277a,true,rr,pbks
1136598,1,false,14,85,99b75528,caught,7d92277a,true,rr,pbks
1136598,1,false,14,86,5574750c,bowled,7d92277a,true,rr,pbks
1136598,1,false,15,93,90de905a,caught,db31895a,true,rr,pbks
1136598,1,false,17,104,77255a9e,caught,7c7d63a2,true,rr,pbks
1136598,1,false,19,121,7a8bd078,run out,,false,rr,pbks
1136598,2,false,3,21,db584dad,caught,5574750c,true,pbks,rr
1136598,2,false,4,30,00ea847a,caught,e087956b,true,pbks,rr
1136598,2,false,10,67,944533a5,bowled,69be866a,true,pbks,rr
1136598,2,false,12,79,2e171977,caught,90de905a,true,pbks,rr
1136599,1,false,2,16,92aeac25,bowled,13c35c9e,true,srh,rcb
1136599,1,false,5,37,0a476045,caught,2f49c897,true,srh,rcb
1136599,1,false,8,52,93b4fc78,caught,57ee1fde,true,srh,rcb
1136599,1,false,15,102,d027ba9f,caught,cc1e8c68,true,srh,rcb
1136599,1,false,17,110,7dc35884,caught,13c35c9e,true,srh,rcb
1136599,1,false,18,115,3c6ffae8,bowled,2f49c897,true,srh,rcb
1136599,1,false,18,120,fe11caa6,bowled,2f49c897,true,srh,rcb
1136599,1,false,19,122,5f547c8b,run out,,false,srh,rcb
1136599,1,false,19,125,dcf81436,run out,,false,srh,rcb
1136599,1,false,19,126,ce820073,lbw,13c35c9e,true,srh,rcb
1136599,2,false,2,18,b5da6c24,lbw,7dc35884,true,rcb,srh
1136599,2,false,7,44,c03e2850,bowled,ce820073,true,rcb,srh
1136599,2,false,9,61,ba607b88,caught,7dc35884,true,rcb,srh
1136599,2,false,10,66,c4487b84,bowled,5f547c8b,true,rcb,srh
1136599,2,false,11,72,bb351c23,caught,dcf81436,true,rcb,srh
1136599,2,false,19,123,94d7f855,bowled,2e81a32d,true,rcb,srh
1136600,1,false,3,22,29e95537,caught,7c7d63a2,true,rr,pbks
1136600,1,false,6,40,90de905a,caught,d9273ee7,true,rr,pbks
1136600,1,false,14,88,a4cc73aa,caught,7d92277a,true,rr,pbks
1136600,1,false,16,99,99b75528,stumped,7d92277a,true,rr,pbks
1136600,1,false,17,109,bd17b45f,run out,,false,rr,pbks
1136600,1,false,19,117,e087956b,caught,7c7d63a2,true,rr,pbks
1136600,1,false,19,119,5574750c,caught,7c7d63a2,true,rr,pbks
1136600,1,false,19,122,1e66c162,caught,7c7d63a2,true,rr,pbks
1136600,2,false,2,13,db584dad,stumped,90de905a,true,pbks,rr
1136600,2,false,2,15,495d42a5,bowled,90de905a,true,pbks,rr
1136600,2,false,3,23,944533a5,caught,5574750c,true,pbks,rr
1136600,2,false,8,55,f10e94c4,caught,641ac5ff,true,pbks,rr
1136600,2,false,11,73,26e5cabf,caught,e087956b,true,pbks,rr
1136600,2,false,13,82,2e171977,run out,,false,pbks,rr
1136600,2,false,19,116,d9273ee7,caught,1e66c162,true,pbks,rr
1136601,1,false,5,34,0ebfb1ad,caught,98ae73b1,true,mi,kkr
1136601,1,false,8,54,271f83cd,caught,98ae73b1,true,mi,kkr
1136601,1,false,14,90,752f7486,caught,9d430b40,true,mi,kkr
1136601,1,false,17,112,dbe50b21,caught,e86754b2,true,mi,kkr
1136601,1,false,18,114,740742ef,caught,85e0cf10,true,mi,kkr
1136601,1,false,19,124,2e11c706,caught,98ae73b1,true,mi,kkr
1136601,2,false,0,2,9d430b40,caught,51a3c5ef,true,kkr,mi
1136601,2,false,3,24,45eda7c8,run out,,false,kkr,mi
1136601,2,false,6,40,1c17e270,caught,a9fd84fb,true,kkr,mi
1136601,2,false,7,48,bbd41817,caught,dbe50b21,true,kkr,mi
1136601,2,false,9,55,c03f1114,run out,,false,kkr,mi
1136601,2,false,9,56,fb2d1dda,caught,dbe50b21,true,kkr,mi
1136601,2,false,10,62,0a509d6b,caught,462411b3,true,kkr,mi
1136601,2,false,13,83,98ae73b1,caught,2e11c706,true,kkr,mi
1136601,2,false,16,101,e86754b2,caught,5b8c830e,true,kkr,mi
1136601,2,false,18,109,8d2c70ad,lbw,5b8c830e,true,kkr,mi
1136602,1,false,3,23,8b3e9c7c,caught,7dc35884,true,dc,srh
1136602,1,false,3,24,d1c36f5c,caught,7dc35884,true,dc,srh
1136602,1,false,7,46,85ec8e33,run out,,false,dc,srh
1136602,1,false,13,84,f986ca1a,run out,,false,dc,srh
1136602,1,false,19,116,b681e71e,caught,2e81a32d,true,dc,srh
1136602,2,false,1,11,92aeac25,lbw,f986ca1a,true,srh,dc
1136603,1,false,2,13,70d205c9,bowled,5574750c,true,csk,rr
1136603,1,false,11,75,4329fbb5,caught,5574750c,true,csk,rr
1136603,1,false,12,87,1dc12ab9,caught,641ac5ff,true,csk,rr
1136603,1,false,19,129,c16d4035,run out,,false,csk,rr
1136603,2,false,3,24,e087956b,bowled,8b5b6769,true,rr,csk
1136603,2,false,4,28,29e95537,caught,fe93fd9d,true,rr,csk
1136603,2,false,11,69,a4cc73aa,run out,,false,rr,csk
1136603,2,false,12,77,8ac93ca2,caught,1abb78f8,true,rr,csk
1136603,2,false,17,107,bd17b45f,caught,87e562a9,true,rr,csk
1136603,2,false,18,116,90de905a,caught,7f048519,true,rr,csk
1136604,1,false,5,32,45eda7c8,bowled,7c7d63a2,true,kkr,pbks
1136604,1,false,11,71,9d430b40,caught,7c7d63a2,true,kkr,pbks
1136604,1,false,11,73,1c17e270,caught,7c7d63a2,true,kkr,pbks
1136604,1,false,16,106,bbd41817,caught,7c7d63a2,true,kkr,pbks
1136604,1,false,17,112,fb2d1dda,caught,759ac88f,true,kkr,pbks
1136604,1,false,19,121,c03f1114,caught,d8b2f218,true,kkr,pbks
1136604,2,false,5,35,db584dad,caught,bbd41817,true,pbks,kkr
1136604,2,false,5,36,00ea847a,caught,bbd41817,true,pbks,kkr
1136604,2,false,7,50,944533a5,caught,bbd41817,true,pbks,kkr
1136604,2,false,8,56,b17e2f24,bowled,9d430b40,true,pbks,kkr
1136604,2,false,11,75,2e171977,caught,8d2c70ad,true,pbks,kkr
1136604,2,false,15,95,b8d490fd,caught,99ed60f8,true,pbks,kkr
1136604,2,false,19,121,7c7d63a2,caught,85e0cf10,true,pbks,kkr
1136604,2,false,19,123,495d42a5,lbw,85e0cf10,true,pbks,kkr
1136605,1,false,0,6,8b3e9c7c,bowled,57ee1fde,true,dc,rcb
1136605,1,false,2,17,d1c36f5c,bowled,57ee1fde,true,dc,rcb
1136605,1,false,12,82,919a3be2,caught,bb351c23,true,dc,rcb
1136605,1,false,15,95,85ec8e33,caught,2f49c897,true,dc,rcb
1136605,2,false,1,7,bb351c23,caught,a818c1be,true,rcb,dc
1136605,2,false,2,16,b5da6c24,lbw,b410bd3d,true,rcb,dc
1136605,2,false,13,82,ba607b88,caught,6b19d823,true,rcb,dc
1136605,2,false,16,99,c3a96caf,bowled,a818c1be,true,rcb,dc
1136605,2,false,17,111,f088b960,caught,f986ca1a,true,rcb,dc
1136606,1,false,3,21,92aeac25,caught,23eeb873,true,srh,csk
1136606,1,false,15,102,0a476045,caught,87e562a9,true,srh,csk
1136606,1,false,16,103,d027ba9f,caught,1abb78f8,true,srh,csk
1136606,1,false,18,118,93b4fc78,caught,1abb78f8,true,srh,csk
1136606,2,false,13,81,4329fbb5,run out,,false,csk,srh
1136606,2,false,14,85,1dc12ab9,caught,ce820073,true,csk,srh
1136607,1,false,10,67,271f83cd,caught,5574750c,true,mi,rr
1136607,1,false,10,68,740742ef,caught,5574750c,true,mi,rr
1136607,1,false,13,84,0ebfb1ad,caught,d2a989fc,true,mi,rr
1136607,1,false,14,90,752f7486,caught,e087956b,true,mi,rr
1136607,1,false,16,106,5b8c830e,caught,1e66c162,true,mi,rr
1136607,1,false,19,126,dbe50b21,caught,e087956b,true,mi,rr
1136607,2,false,0,6,1a156c88,caught,462411b3,true,rr,mi
1136607,2,false,13,82,29e95537,caught,dbe50b21,true,rr,mi
1136607,2,false,17,111,a4cc73aa,caught,dbe50b21,true,rr,mi
1136608,1,false,4,27,b17e2f24,caught,cc1e8c68,true,pbks,rcb
1136608,1,false,4,30,db584dad,caught,cc1e8c68,true,pbks,rcb
1136608,1,false,5,32,944533a5,caught,2f49c897,true,pbks,rcb
1136608,1,false,6,41,d9273ee7,bowled,57ee1fde,true,pbks,rcb
1136608,1,false,8,54,00ea847a,caught,94d7f855,true,pbks,rcb
1136608,1,false,11,73,b8d490fd,caught,bb351c23,true,pbks,rcb
1136608,1,false,11,74,495d42a5,run out,,false,pbks,rcb
1136608,1,false,12,78,7c7d63a2,caught,cc1e8c68,true,pbks,rcb
1136608,1,false,13,86,759ac88f,run out,,false,pbks,rcb
1136608,1,false,15,94,db31895a,run out,,false,pbks,rcb
1136609,1,false,4,30,77255a9e,caught,bbd41817,true,rr,kkr
1136609,1,false,7,45,29e95537,bowled,8d2c70ad,true,rr,kkr
1136609,1,false,9,57,99b75528,caught,8d2c70ad,true,rr,kkr
1136609,1,false,10,64,a4cc73aa,lbw,9d430b40,true,rr,kkr
1136609,1,false,11,68,bd17b45f,stumped,8d2c70ad,true,rr,kkr
1136609,1,false,12,79,90de905a,caught,c38d3503,true,rr,kkr
1136609,1,false,13,84,e087956b,caught and bowled,8d2c70ad,true,rr,kkr
1136609,1,false,16,100,641ac5ff,caught,85e0cf10,true,rr,kkr
1136609,1,false,17,106,5574750c,caught,bbd41817,true,rr,kkr
1136609,1,false,18,115,1e66c162,bowled,85e0cf10,true,rr,kkr
1136609,2,false,1,8,9d430b40,caught,e087956b,true,kkr,rr
1136609,2,false,3,23,1c17e270,caught,e087956b,true,kkr,rr
1136609,2,false,8,51,fb2d1dda,lbw,641ac5ff,true,kkr,rr
1136609,2,false,15,93,45eda7c8,caught,e087956b,true,kkr,rr
1136610,1,false,3,20,0ebfb1ad,bowled,7c7d63a2,true,mi,pbks
1136610,1,false,5,34,752f7486,caught,7c7d63a2,true,mi,pbks
1136610,1,false,5,35,271f83cd,caught,7c7d63a2,true,mi,pbks
1136610,1,false,8,51,740742ef,caught,db31895a,true,mi,pbks
1136610,1,false,14,89,5b8c830e,caught,d9273ee7,true,mi,pbks
1136610,1,false,15,96,a757b0d8,caught,495d42a5,true,mi,pbks
1136610,1,false,17,109,2e11c706,caught,495d42a5,true,mi,pbks
1136610,1,false,18,114,dbe50b21,caught,7c7d63a2,true,mi,pbks
1136610,2,false,3,23,db584dad,caught,51a3c5ef,true,pbks,mi
1136610,2,false,16,100,b8d490fd,caught,462411b3,true,pbks,mi
1136610,2,false,16,104,d9273ee7,caught,462411b3,true,pbks,mi
1136610,2,false,18,115,b17e2f24,caught,462411b3,true,pbks,mi
1136610,2,false,19,122,1c914163,caught,51a3c5ef,true,pbks,mi
1136611,1,false,0,6,b5da6c24,caught,ce820073,true,rcb,srh
1136611,1,false,4,29,ba607b88,bowled,5f547c8b,true,rcb,srh
1136611,1,false,14,88,c4487b84,caught,5f547c8b,true,rcb,srh
1136611,1,false,14,90,bb351c23,caught,5f547c8b,true,rcb,srh
1136611,1,false,17,105,c3a96caf,caught,dcf81436,true,rcb,srh
1136611,1,false,19,118,94d7f855,caught,dcf81436,true,rcb,srh
1136611,2,false,5,31,0a476045,caught and bowled,57ee1fde,true,srh,rcb
1136611,2,false,7,48,92aeac25,caught,bb351c23,true,srh,rcb
1136611,2,false,19,118,d027ba9f,caught,2f49c897,true,srh,rcb
1136612,1,false,4,27,8b3e9c7c,caught,23eeb873,true,dc,csk
1136612,1,false,10,66,85ec8e33,bowled,f834dcfc,true,dc,csk
1136612,1,false,10,69,919a3be2,caught,f834dcfc,true,dc,csk
1136612,1,false,13,87,b681e71e,bowled,fe93fd9d,true,dc,csk
1136612,1,false,14,92,f29185a1,caught,1abb78f8,true,dc,csk
1136612,2,false,6,41,4329fbb5,caught,6b19d823,true,csk,dc
1136612,2,false,9,60,70d205c9,caught,f986ca1a,true,csk,dc
1136612,2,false,13,79,1dc12ab9,caught,b410bd3d,true,csk,dc
1136612,2,false,14,87,c16d4035,caught,6b19d823,true,csk,dc
1136612,2,false,17,108,4a8a2e3b,caught,a818c1be,true,csk,dc
1136612,2,false,19,116,87e562a9,caught,a818c1be,true,csk,dc
1136613,1,false,1,10,5574750c,caught,cc1e8c68,true,rr,rcb
1136613,1,false,13,82,29e95537,lbw,cc1e8c68,true,rr,rcb
1136613,1,false,13,83,a4cc73aa,caught,cc1e8c68,true,rr,rcb
1136613,1,false,18,118,235c2bb6,caught,2f49c897,true,rr,rcb
1136613,1,false,19,124,90de905a,run out,,false,rr,rcb
1136613,2,false,2,17,ba607b88,bowled,90de905a,true,rcb,rr
1136613,2,false,8,51,b5da6c24,stumped,7a8bd078,true,rcb,rr
1136613,2,false,8,54,bb351c23,caught and bowled,7a8bd078,true,rcb,rr
1136613,2,false,10,63,c3a96caf,stumped,7a8bd078,true,rcb,rr
1136613,2,false,11,72,94d7f855,caught,641ac5ff,true,rcb,rr
1136613,2,false,12,76,c4487b84,stumped,7a8bd078,true,rcb,rr
1136613,2,false,15,91,f088b960,caught,b2a79f17,true,rcb,rr
1136613,2,false,15,92,cc1e8c68,bowled,b2a79f17,true,rcb,rr
1136613,2,false,17,109,13c35c9e,caught,1e66c162,true,rcb,rr
1136613,2,false,19,117,2f49c897,caught,1e66c162,true,rcb,rr
1136614,1,false,8,56,541f85c9,caught,8d2c70ad,true,srh,kkr
1136614,1,false,12,81,d027ba9f,caught,99ed60f8,true,srh,kkr
1136614,1,false,15,95,0a476045,lbw,85e0cf10,true,srh,kkr
1136614,1,false,16,103,3c6ffae8,caught,9d430b40,true,srh,kkr
1136614,1,false,18,115,e342e5fb,caught,bbd41817,true,srh,kkr
1136614,1,false,19,121,93b4fc78,caught,85e0cf10,true,srh,kkr
1136614,1,false,19,124,7dc35884,caught,85e0cf10,true,srh,kkr
1136614,1,false,19,125,5f547c8b,caught,85e0cf10,true,srh,kkr
1136614,1,false,19,126,2e81a32d,run out,,false,srh,kkr
1136614,2,false,3,24,9d430b40,caught,7dc35884,true,kkr,srh
1136614,2,false,13,82,45eda7c8,caught,dcf81436,true,kkr,srh
1136614,2,false,16,102,1c17e270,caught,e342e5fb,true,kkr,srh
1136614,2,false,17,110,bbd41817,caught,dcf81436,true,kkr,srh
1136614,2,false,19,121,fb2d1dda,caught,e342e5fb,true,kkr,srh
1136615,1,false,3,19,8b3e9c7c,run out,,false,dc,mi
1136615,1,false,4,28,b681e71e,bowled,462411b3,true,dc,mi
1136615,1,false,8,55,85ec8e33,caught,a9fd84fb,true,dc,mi
1136615,1,false,16,103,919a3be2,caught,5b8c830e,true,dc,mi
1136615,2,false,0,4,271f83cd,caught,b410bd3d,true,mi,dc
1136615,2,false,6,39,752f7486,caught,6b19d823,true,mi,dc
1136615,2,false,8,56,0ebfb1ad,stumped,6b19d823,true,mi,dc
1136615,2,false,9,57,a757b0d8,caught,b410bd3d,true,mi,dc
1136615,2,false,9,60,5b8c830e,caught,b410bd3d,true,mi,dc
1136615,2,false,13,87,740742ef,caught,f986ca1a,true,mi,dc
1136615,2,false,14,93,dbe50b21,caught,6b19d823,true,mi,dc
1136615,2,false,18,119,a9fd84fb,bowled,a818c1be,true,mi,dc
1136615,2,false,19,121,2e11c706,caught,f986ca1a,true,mi,dc
1136615,2,false,19,122,462411b3,caught,f986ca1a,true,mi,dc
1136616,1,false,1,9,db584dad,caught,f834dcfc,true,pbks,csk
1136616,1,false,2,18,b8d490fd,caught,23eeb873,true,pbks,csk
1136616,1,false,3,25,b17e2f24,bowled,f834dcfc,true,pbks,csk
1136616,1,false,11,71,26e5cabf,caught,fe93fd9d,true,pbks,csk
1136616,1,false,12,77,d67d5f00,bowled,87e562a9,true,pbks,csk
1136616,1,false,16,103,2e171977,caught,1abb78f8,true,pbks,csk
1136616,1,false,17,109,495d42a5,caught,f834dcfc,true,pbks,csk
1136616,1,false,17,111,7c7d63a2,caught,f834dcfc,true,pbks,csk
1136616,1,false,18,119,944533a5,caught,87e562a9,true,pbks,csk
1136616,1,false,19,124,db31895a,caught,1abb78f8,true,pbks,csk
1136616,2,false,1,8,70d205c9,caught,759ac88f,true,csk,pbks
1136616,2,false,4,29,3355b542,caught,db31895a,true,csk,pbks
1136616,2,false,4,30,c16d4035,bowled,db31895a,true,csk,pbks
1136616,2,false,10,66,8b5b6769,lbw,495d42a5,true,csk,pbks
1136616,2,false,16,104,23eeb873,caught,495d42a5,true,csk,pbks
1136617,1,false,0,1,0a476045,bowled,23eeb873,true,srh,csk
1136617,1,false,3,23,541f85c9,caught and bowled,f834dcfc,true,srh,csk
1136617,1,false,4,26,d027ba9f,caught,1abb78f8,true,srh,csk
1136617,1,false,6,40,7dc35884,caught,87e562a9,true,srh,csk
1136617,1,false,11,72,93b4fc78,caught and bowled,fe93fd9d,true,srh,csk
1136617,1,false,14,94,3c6ffae8,caught and bowled,87e562a9,true,srh,csk
1136617,1,false,19,129,2e81a32d,run out,,false,srh,csk
1136617,2,false,0,5,4329fbb5,caught,2e81a32d,true,csk,srh
1136617,2,false,3,22,1dc12ab9,bowled,dcf81436,true,csk,srh
1136617,2,false,3,23,70d205c9,bowled,dcf81436,true,csk,srh
1136617,2,false,7,48,4a8a2e3b,bowled,5f547c8b,true,csk,srh
1136617,2,false,11,70,87e562a9,caught,5f547c8b,true,csk,srh
1136617,2,false,12,77,fe93fd9d,caught and bowled,ce820073,true,csk,srh
1136617,2,false,14,92,23eeb873,caught,ce820073,true,csk,srh
1136617,2,false,17,109,8b5b6769,run out,,false,csk,srh
1136618,1,false,0,2,9d430b40,stumped,90de905a,true,kkr,rr
1136618,1,false,2,16,1c17e270,caught and bowled,90de905a,true,kkr,rr
1136618,1,false,3,25,fb2d1dda,caught,5574750c,true,kkr,rr
1136618,1,false,7,51,45eda7c8,caught and bowled,7a8bd078,true,kkr,rr
1136618,1,false,14,89,b4b99816,caught,5574750c,true,kkr,rr
1136618,1,false,17,107,c03f1114,caught,b2a79f17,true,kkr,rr
1136618,1,false,19,124,99ed60f8,caught,b2a79f17,true,kkr,rr
1136618,2,false,5,32,77255a9e,caught and bowled,98ae73b1,true,rr,kkr
1136618,2,false,14,86,29e95537,caught and bowled,8d2c70ad,true,rr,kkr
1136618,2,false,16,102,a4cc73aa,caught,98ae73b1,true,rr,kkr
1136618,2,false,17,109,bd17b45f,caught,85e0cf10,true,rr,kkr
1136619,1,false,7,45,0a476045,lbw,8d2c70ad,true,srh,kkr
1136619,1,false,7,49,d027ba9f,caught,8d2c70ad,true,srh,kkr
1136619,1,false,10,65,fe11caa6,stumped,98ae73b1,true,srh,kkr
1136619,1,false,15,93,7dc35884,run out,,false,srh,kkr
1136619,1,false,16,103,73ad96ed,caught,9d430b40,true,srh,kkr
1136619,1,false,17,110,e342e5fb,run out,,false,srh,kkr
1136619,1,false,18,112,3c6ffae8,caught,c38d3503,true,srh,kkr
1136619,2,false,3,20,9d430b40,caught,dcf81436,true,kkr,srh
1136619,2,false,8,51,fb2d1dda,run out,,false,kkr,srh
1136619,2,false,10,61,1c17e270,bowled,5f547c8b,true,kkr,srh
1136619,2,false,11,72,c03f1114,bowled,7dc35884,true,kkr,srh
1136619,2,false,12,74,45eda7c8,lbw,5f547c8b,true,kkr,srh
1136619,2,false,14,88,bbd41817,caught,5f547c8b,true,kkr,srh
1136619,2,false,18,110,98ae73b1,bowled,dcf81436,true,kkr,srh
1136619,2,false,19,117,c38d3503,caught,e342e5fb,true,kkr,srh
1136619,2,false,19,118,b4b99816,caught,e342e5fb,true,kkr,srh
1136620,1,false,1,12,541f85c9,run out,,false,srh,csk
1136620,1,false,8,55,0a476045,bowled,fe93fd9d,true,srh,csk
1136620,1,false,12,77,d027ba9f,stumped,119678fd,true,srh,csk
1136620,1,false,15,99,7dc35884,caught,87e562a9,true,srh,csk
1136620,1,false,16,106,73ad96ed,caught,f834dcfc,true,srh,csk
1136620,1,false,19,127,e342e5fb,caught,1abb78f8,true,srh,csk
1136620,2,false,3,24,3355b542,caught and bowled,ce820073,true,csk,srh
1136620,2,false,13,83,1dc12ab9,caught,e342e5fb,true,csk,srh
1175356,1,false,3,22,ba607b88,caught,8b5b6769,true,rcb,csk
1175356,1,false,5,33,bb351c23,caught and bowled,8b5b6769,true,rcb,csk
1175356,1,false,7,45,c4487b84,caught,8b5b6769,true,rcb,csk
1175356,1,false,7,49,48a1d7b7,run out,,false,rcb,csk
1175356,1,false,9,57,a4e37e47,caught,acee4cc4,true,rcb,csk
1175356,1,false,10,64,94d7f855,caught,fe93fd9d,true,rcb,csk
1175356,1,false,11,68,21d4e29b,caught,acee4cc4,true,rcb,csk
1175356,1,false,13,83,57ee1fde,caught,acee4cc4,true,rcb,csk
1175356,1,false,16,102,cc1e8c68,bowled,fe93fd9d,true,rcb,csk
1175356,1,false,17,104,b5da6c24,caught,87e562a9,true,rcb,csk
1175356,2,false,2,13,4329fbb5,bowled,57ee1fde,true,csk,rcb
1175356,2,false,9,57,1dc12ab9,caught,bb351c23,true,csk,rcb
1175356,2,false,14,88,70d205c9,bowled,2f49c897,true,csk,rcb
1175357,1,false,12,80,abb83e27,bowled,98ae73b1,true,srh,kkr
1175357,1,false,15,99,dcce6f09,caught,bbd41817,true,srh,kkr
1175357,1,false,17,108,3c6ffae8,bowled,bbd41817,true,srh,kkr
1175357,2,false,1,12,45eda7c8,caught,7dc35884,true,kkr,srh
1175357,2,false,11,70,1c17e270,bowled,dcf81436,true,kkr,srh
1175357,2,false,12,77,c03f1114,caught,ce820073,true,kkr,srh
1175357,2,false,15,95,fb2d1dda,lbw,5f547c8b,true,kkr,srh
1175358,1,false,1,10,8b3e9c7c,caught,51a3c5ef,true,dc,mi
1175358,1,false,3,24,85ec8e33,caught,51a3c5ef,true,dc,mi
1175358,1,false,12,80,c995d726,caught,2e11c706,true,dc,mi
1175358,1,false,15,93,0a476045,caught,dbe50b21,true,dc,mi
1175358,1,false,16,104,75224f22,caught,51a3c5ef,true,dc,mi
1175358,1,false,17,107,2e171977,caught,462411b3,true,dc,mi
1175358,2,false,3,21,740742ef,caught,5bb1a1c4,true,mi,dc
1175358,2,false,5,31,271f83cd,run out,,false,mi,dc
1175358,2,false,5,35,372455c4,caught,5bb1a1c4,true,mi,dc
1175358,2,false,10,66,a757b0d8,caught,75224f22,true,mi,dc
1175358,2,false,11,69,dbe50b21,caught and bowled,2e171977,true,mi,dc
1175358,2,false,14,93,5b8c830e,caught,a818c1be,true,mi,dc
1175358,2,false,16,102,2e11c706,caught,e62dd25d,true,mi,dc
1175358,2,false,18,115,1c914163,caught,e62dd25d,true,mi,dc
1175358,2,false,19,122,51a3c5ef,stumped,39a2dfa8,true,mi,dc
1175359,1,false,0,4,b17e2f24,caught,d2a989fc,true,pbks,rr
1175359,1,false,8,57,00ea847a,caught,90de905a,true,pbks,rr
1175359,1,false,15,101,db584dad,caught,e087956b,true,pbks,rr
1175359,1,false,19,122,3241e3fd,caught,e087956b,true,pbks,rr
1175359,2,false,8,49,29e95537,bowled,495d42a5,true,rr,pbks
1175359,2,false,12,77,99b75528,run out,,false,rr,pbks
1175359,2,false,16,103,30a45b23,caught,e94915e6,true,rr,pbks
1175359,2,false,16,105,a4cc73aa,caught,e94915e6,true,rr,pbks
1175359,2,false,17,108,e087956b,caught,7d92277a,true,rr,pbks
1175359,2,false,17,112,77255a9e,caught,7d92277a,true,rr,pbks
1175359,2,false,18,117,5574750c,run out,,false,rr,pbks
1175359,2,false,19,119,1e66c162,caught and bowled,db31895a,true,rr,pbks
1175359,2,false,19,120,90de905a,caught,db31895a,true,rr,pbks
1175360,1,false,4,29,8b3e9c7c,caught,23eeb873,true,dc,csk
1175360,1,false,11,72,85ec8e33,lbw,acee4cc4,true,dc,csk
1175360,1,false,15,97,919a3be2,caught,87e562a9,true,dc,csk
1175360,1,false,15,99,c995d726,caught,87e562a9,true,dc,csk
1175360,1,false,16,104,75224f22,bowled,fe93fd9d,true,dc,csk
1175360,1,false,17,108,0a476045,caught,87e562a9,true,dc,csk
1175360,2,false,2,16,70d205c9,caught,5bb1a1c4,true,csk,dc
1175360,2,false,6,41,4329fbb5,stumped,6b19d823,true,csk,dc
1175360,2,false,10,63,1dc12ab9,caught,6b19d823,true,csk,dc
1175360,2,false,19,118,99d63244,caught,e62dd25d,true,csk,dc
1175361,1,false,2,16,45eda7c8,caught,8cf9814c,true,kkr,pbks
1175361,1,false,3,22,9d430b40,caught,a316d663,true,kkr,pbks
1175361,1,false,14,90,fb2d1dda,caught,5b7ab5a9,true,kkr,pbks
1175361,1,false,19,122,bbd41817,caught,7c7d63a2,true,kkr,pbks
1175361,2,false,1,10,b17e2f24,caught,2f9d0389,true,pbks,kkr
1175361,2,false,4,28,db584dad,caught,bbd41817,true,pbks,kkr
1175361,2,false,7,47,f088b960,caught,bbd41817,true,pbks,kkr
1175361,2,false,15,96,00ea847a,bowled,98ae73b1,true,pbks,kkr
1175362,1,false,6,39,372455c4,bowled,57ee1fde,true,mi,rcb
1175362,1,false,10,64,740742ef,caught,cc1e8c68,true,mi,rcb
1175362,1,false,13,83,1c914163,caught,57ee1fde,true,mi,rcb
1175362,1,false,15,95,271f83cd,caught,57ee1fde,true,mi,rcb
1175362,1,false,15,99,a757b0d8,caught,57ee1fde,true,mi,rcb
1175362,1,false,16,102,5b8c830e,caught,cc1e8c68,true,mi,rcb
1175362,1,false,17,106,51a3c5ef,bowled,2f49c897,true,mi,rcb
1175362,1,false,19,119,a9fd84fb,caught,2f49c897,true,mi,rcb
1175362,2,false,3,20,bb351c23,run out,,false,rcb,mi
1175362,2,false,6,41,b5da6c24,bowled,a9fd84fb,true,rcb,mi
1175362,2,false,13,83,ba607b88,caught,462411b3,true,rcb,mi
1175362,2,false,16,99,48a1d7b7,caught,462411b3,true,rcb,mi
1175362,2,false,18,114,94d7f855,caught,462411b3,true,rcb,mi
1175363,1,false,3,21,99b75528,bowled,5f547c8b,true,rr,srh
1175363,1,false,15,98,29e95537,caught,9d80c5e1,true,rr,srh
1175363,2,false,9,59,dcce6f09,caught,e087956b,true,srh,rr
1175363,2,false,10,67,abb83e27,caught,7a8bd078,true,srh,rr
1175363,2,false,14,89,d027ba9f,caught,1e66c162,true,srh,rr
1175363,2,false,15,95,0994d0ae,caught,7a8bd078,true,srh,rr
1175363,2,false,15,96,93b4fc78,lbw,7a8bd078,true,srh,rr
1175364,1,false,5,32,740742ef,lbw,a316d663,true,mi,pbks
1175364,1,false,6,38,271f83cd,lbw,e2db2409,true,mi,pbks
1175364,1,false,12,79,372455c4,lbw,8cf9814c,true,mi,pbks
1175364,1,false,14,90,1c914163,caught,e2db2409,true,mi,pbks
1175364,1,false,17,105,a757b0d8,caught,7c7d63a2,true,mi,pbks
1175364,1,false,18,115,5b8c830e,caught,a316d663,true,mi,pbks
1175364,1,false,19,122,dbe50b21,caught,8cf9814c,true,mi,pbks
1175364,2,false,7,45,db584dad,caught and bowled,5b8c830e,true,pbks,mi
1175364,2,false,13,84,00ea847a,caught and bowled,5b8c830e,true,pbks,mi
1175365,1,false,3,23,aedc3b7c,lbw,b410bd3d,true,kkr,dc
1175365,1,false,5,37,1c17e270,lbw,f986ca1a,true,kkr,dc
1175365,1,false,6,42,45eda7c8,caught,e62dd25d,true,kkr,dc
1175365,1,false,7,44,fb2d1dda,caught,f986ca1a,true,kkr,dc
1175365,1,false,9,56,b4b99816,run out,,false,kkr,dc
1175365,1,false,17,110,bbd41817,caught,fb66ce1f,true,kkr,dc
1175365,1,false,18,116,c03f1114,caught,6b19d823,true,kkr,dc
1175365,1,false,19,124,98ae73b1,run out,,false,kkr,dc
1175365,2,false,2,16,0a476045,caught,98ae73b1,true,dc,kkr
1175365,2,false,11,74,85ec8e33,caught,bbd41817,true,dc,kkr
1175365,2,false,17,109,919a3be2,caught,8d2c70ad,true,dc,kkr
1175365,2,false,18,114,8b3e9c7c,caught,2f9d0389,true,dc,kkr
1175365,2,false,19,122,94253925,caught,8d2c70ad,true,dc,kkr
1175365,2,false,19,123,c995d726,run out,,false,dc,kkr
1175365,3,true,0,3,85ec8e33,caught,85e0cf10,true,dc,kkr
1175365,4,true,0,3,bbd41817,bowled,e62dd25d,true,kkr,dc
1175366,1,false,16,99,abb83e27,caught,57ee1fde,true,srh,rcb
1175366,1,false,17,106,0994d0ae,run out,,false,srh,rcb
1175366,2,false,1,12,b5da6c24,caught,62af8546,true,rcb,srh
1175366,2,false,3,19,48a1d7b7,stumped,62af8546,true,rcb,srh
1175366,2,false,3,22,c4487b84,bowled,62af8546,true,rcb,srh
1175366,2,false,6,37,ba607b88,caught,ce820073,true,rcb,srh
1175366,2,false,6,38,bb351c23,run out,,false,rcb,srh
1175366,2,false,7,45,a4e37e47,caught,62af8546,true,rcb,srh
1175366,2,false,15,92,441c72ae,caught,ce820073,true,rcb,srh
1175366,2,false,17,107,cc1e8c68,run out,,false,rcb,srh
1175366,2,false,18,115,94d7f855,run out,,false,rcb,srh
1175366,2,false,19,123,57ee1fde,caught,ce820073,true,rcb,srh
1175367,1,false,1,12,70d205c9,caught,5574750c,true,csk,rr
1175367,1,false,3,22,4329fbb5,caught,e087956b,true,csk,rr
1175367,1,false,4,29,99d63244,caught,d2a989fc,true,csk,rr
1175367,1,false,13,83,1dc12ab9,bowled,1e66c162,true,csk,rr
1175367,1,false,18,115,87e562a9,caught,5574750c,true,csk,rr
1175367,2,false,0,2,29e95537,caught,23eeb873,true,rr,csk
1175367,2,false,2,18,a4cc73aa,caught,23eeb873,true,rr,csk
1175367,2,false,3,19,99b75528,caught,1abb78f8,true,rr,csk
1175367,2,false,9,63,77255a9e,caught and bowled,acee4cc4,true,rr,csk
1175367,2,false,13,85,30a45b23,caught,acee4cc4,true,rr,csk
1175367,2,false,16,102,90de905a,caught,1abb78f8,true,rr,csk
1175367,2,false,19,120,e087956b,caught,87e562a9,true,rr,csk
1175367,2,false,19,124,7a8bd078,caught,87e562a9,true,rr,csk
1175368,1,false,1,11,b17e2f24,lbw,fb66ce1f,true,pbks,dc
1175368,1,false,3,23,e94915e6,lbw,b410bd3d,true,pbks,dc
1175368,1,false,7,43,00ea847a,run out,,false,pbks,dc
1175368,1,false,13,85,f088b960,caught,b410bd3d,true,pbks,dc
1175368,1,false,16,101,d67d5f00,caught,fb66ce1f,true,pbks,dc
1175368,1,false,17,109,a316d663,caught,e62dd25d,true,pbks,dc
1175368,1,false,18,117,495d42a5,bowled,fb66ce1f,true,pbks,dc
1175368,1,false,19,119,e2db2409,caught,e62dd25d,true,pbks,dc
1175368,1,false,19,122,8cf9814c,run out,,false,pbks,dc
1175368,2,false,0,1,8b3e9c7c,caught,495d42a5,true,dc,pbks
1175368,2,false,7,48,85ec8e33,bowled,a316d663,true,dc,pbks
1175368,2,false,9,63,0a476045,lbw,495d42a5,true,dc,pbks
1175368,2,false,16,104,919a3be2,bowled,8cf9814c,true,dc,pbks
1175368,2,false,16,105,fb66ce1f,run out,,false,dc,pbks
1175368,2,false,17,110,c995d726,caught,e94915e6,true,dc,pbks
1175368,2,false,17,113,f986ca1a,caught,e94915e6,true,dc,pbks
1175368,2,false,18,116,94253925,bowled,8cf9814c,true,dc,pbks
1175368,2,false,19,120,e62dd25d,bowled,e94915e6,true,dc,pbks
1175368,2,false,19,121,b410bd3d,bowled,e94915e6,true,dc,pbks
1175369,1,false,6,40,ba607b88,bowled,7a8bd078,true,rcb,rr
1175369,1,false,8,52,c4487b84,caught and bowled,7a8bd078,true,rcb,rr
1175369,1,false,10,62,48a1d7b7,caught,7a8bd078,true,rcb,rr
1175369,1,false,17,106,b5da6c24,caught,5574750c,true,rcb,rr
1175369,2,false,7,47,29e95537,lbw,57ee1fde,true,rr,rcb
1175369,2,false,12,79,99b75528,caught,57ee1fde,true,rr,rcb
1175369,2,false,18,119,30a45b23,caught,2f49c897,true,rr,rcb
1175370,1,false,2,15,372455c4,caught,23eeb873,true,mi,csk
1175370,1,false,7,44,740742ef,caught,fe93fd9d,true,mi,csk
1175370,1,false,8,52,1c914163,caught,acee4cc4,true,mi,csk
1175370,1,false,16,101,5b8c830e,caught,759ac88f,true,mi,csk
1175370,1,false,17,109,271f83cd,caught,87e562a9,true,mi,csk
1175370,2,false,0,4,70d205c9,caught,4933f499,true,csk,mi
1175370,2,false,1,9,4329fbb5,caught,a12e1d51,true,csk,mi
1175370,2,false,4,32,1dc12ab9,caught,4933f499,true,csk,mi
1175370,2,false,14,91,4a8a2e3b,caught,dbe50b21,true,csk,mi
1175370,2,false,14,94,fe93fd9d,caught,dbe50b21,true,csk,mi
1175370,2,false,17,110,99d63244,caught,a12e1d51,true,csk,mi
1175370,2,false,17,114,87e562a9,caught,a12e1d51,true,csk,mi
1175370,2,false,19,122,23eeb873,caught,dbe50b21,true,csk,mi
1175371,1,false,2,14,8b3e9c7c,bowled,2e81a32d,true,dc,srh
1175371,1,false,5,36,0a476045,caught,62af8546,true,dc,srh
1175371,1,false,9,55,919a3be2,caught,62af8546,true,dc,srh
1175371,1,false,10,65,39a2dfa8,caught,ce820073,true,dc,srh
1175371,1,false,13,82,c995d726,caught,dcf81436,true,dc,srh
1175371,1,false,16,98,85ec8e33,bowled,5f547c8b,true,dc,srh
1175371,1,false,18,112,fb66ce1f,caught,2e81a32d,true,dc,srh
1175371,1,false,19,118,e62dd25d,caught,dcf81436,true,dc,srh
1175371,2,false,6,42,abb83e27,lbw,39a2dfa8,true,srh,dc
1175371,2,false,7,49,dcce6f09,caught,e62dd25d,true,srh,dc
1175371,2,false,12,81,93b4fc78,caught,5bb1a1c4,true,srh,dc
1175371,2,false,14,90,0994d0ae,caught,2e171977,true,srh,dc
1175371,2,false,15,99,73ad96ed,caught,b410bd3d,true,srh,dc
1175372,1,false,7,48,b5da6c24,lbw,fb2d1dda,true,rcb,kkr
1175372,1,false,17,105,ba607b88,caught and bowled,8d2c70ad,true,rcb,kkr
1175372,1,false,18,116,c4487b84,caught,9d430b40,true,rcb,kkr
1175372,2,false,1,13,9d430b40,caught,21d4e29b,true,kkr,rcb
1175372,2,false,9,62,1c17e270,caught,f62772e5,true,kkr,rcb
1175372,2,false,11,72,45eda7c8,bowled,f62772e5,true,kkr,rcb
1175372,2,false,15,97,fb2d1dda,caught,57ee1fde,true,kkr,rcb
1175372,2,false,16,106,c03f1114,caught,21d4e29b,true,kkr,rcb
1178393,1,false,7,45,4329fbb5,caught,495d42a5,true,csk,pbks
1178393,1,false,13,84,3355b542,caught,495d42a5,true,csk,pbks
1178393,1,false,13,85,1dc12ab9,bowled,495d42a5,true,csk,pbks
1178393,2,false,1,11,db584dad,caught,8b5b6769,true,pbks,csk
1178393,2,false,1,13,00ea847a,caught,8b5b6769,true,pbks,csk
1178393,2,false,17,107,b17e2f24,caught,fef92afc,true,pbks,csk
1178393,2,false,18,118,d67d5f00,bowled,23eeb873,true,pbks,csk
1178393,2,false,19,122,f088b960,caught,fef92afc,true,pbks,csk
1178394,1,false,3,22,740742ef,caught,62af8546,true,mi,srh
1178394,1,false,4,30,271f83cd,lbw,ce820073,true,mi,srh
1178394,1,false,8,50,372455c4,caught,dcf81436,true,mi,srh
1178394,1,false,11,71,5b8c830e,caught,dcf81436,true,mi,srh
1178394,1,false,12,78,752f7486,run out,,false,mi,srh
1178394,1,false,16,101,dbe50b21,caught,5f547c8b,true,mi,srh
1178394,1,false,17,110,2ed569a0,caught,2e81a32d,true,mi,srh
1178394,2,false,3,23,abb83e27,caught,2ed569a0,true,srh,mi
1178394,2,false,4,26,dcce6f09,bowled,b0946605,true,srh,mi
1178394,2,false,6,42,0994d0ae,caught,b0946605,true,srh,mi
1178394,2,false,10,64,93b4fc78,caught,4933f499,true,srh,mi
1178394,2,false,11,69,3c6ffae8,caught,2ed569a0,true,srh,mi
1178394,2,false,15,97,73ad96ed,bowled,b0946605,true,srh,mi
1178394,2,false,15,98,5f547c8b,caught and bowled,b0946605,true,srh,mi
1178394,2,false,16,103,62af8546,caught,462411b3,true,srh,mi
1178394,2,false,17,106,2e81a32d,bowled,b0946605,true,srh,mi
1178394,2,false,17,109,dcf81436,caught,b0946605,true,srh,mi
1178395,1,false,1,13,b5da6c24,caught,fb66ce1f,true,rcb,dc
1178395,1,false,5,38,c4487b84,caught,e62dd25d,true,rcb,dc
1178395,1,false,10,66,d9273ee7,caught,2e171977,true,rcb,dc
1178395,1,false,14,90,bb351c23,stumped,b410bd3d,true,rcb,dc
1178395,1,false,17,106,ba607b88,caught,e62dd25d,true,rcb,dc
1178395,1,false,17,108,f10e94c4,caught,e62dd25d,true,rcb,dc
1178395,1,false,17,111,f62772e5,caught,e62dd25d,true,rcb,dc
1178395,1,false,18,118,2f49c897,lbw,fb66ce1f,true,rcb,dc
1178395,2,false,0,3,0a476045,caught,13c35c9e,true,dc,rcb
1178395,2,false,8,53,8b3e9c7c,caught,f62772e5,true,dc,rcb
1178395,2,false,13,84,c995d726,lbw,bb351c23,true,dc,rcb
1178395,2,false,17,112,85ec8e33,caught,21d4e29b,true,dc,rcb
1178395,2,false,17,115,fb66ce1f,caught,21d4e29b,true,dc,rcb
1178395,2,false,18,117,919a3be2,caught,2f49c897,true,dc,rcb
1178396,1,false,1,7,29e95537,lbw,85e0cf10,true,rr,kkr
1178396,1,false,11,72,99b75528,caught,e412cb64,true,rr,kkr
1178396,1,false,15,96,77255a9e,caught,e412cb64,true,rr,kkr
1178396,2,false,8,53,9d430b40,caught,7a8bd078,true,kkr,rr
1178396,2,false,10,67,45eda7c8,caught,7a8bd078,true,kkr,rr
1178397,1,false,1,13,abb83e27,caught,7d92277a,true,srh,pbks
1178397,1,false,10,67,0994d0ae,caught,495d42a5,true,srh,pbks
1178397,1,false,13,83,62af8546,run out,,false,srh,pbks
1178397,1,false,19,118,93b4fc78,caught,8cf9814c,true,srh,pbks
1178397,2,false,3,19,db584dad,caught,5f547c8b,true,pbks,srh
1178397,2,false,17,103,00ea847a,caught,ce820073,true,pbks,srh
1178397,2,false,17,108,d67d5f00,caught,ce820073,true,pbks,srh
1178397,2,false,18,114,c3a96caf,caught,dcf81436,true,pbks,srh
1178398,1,false,0,6,45eda7c8,lbw,23eeb873,true,kkr,csk
1178398,1,false,1,11,9d430b40,caught,8b5b6769,true,kkr,csk
1178398,1,false,2,16,fb2d1dda,caught,23eeb873,true,kkr,csk
1178398,1,false,4,29,1c17e270,caught,23eeb873,true,kkr,csk
1178398,1,false,8,53,c03f1114,caught,acee4cc4,true,kkr,csk
1178398,1,false,10,62,b4b99816,stumped,acee4cc4,true,kkr,csk
1178398,1,false,15,94,98ae73b1,stumped,8b5b6769,true,kkr,csk
1178398,1,false,15,95,8d2c70ad,run out,,false,kkr,csk
1178398,1,false,16,101,85e0cf10,caught,fe93fd9d,true,kkr,csk
1178398,2,false,2,14,4329fbb5,caught,9d430b40,true,csk,kkr
1178398,2,false,4,31,1dc12ab9,caught,9d430b40,true,csk,kkr
1178398,2,false,14,90,70d205c9,caught,98ae73b1,true,csk,kkr
1178399,1,false,12,80,db584dad,caught,4933f499,true,pbks,mi
1178399,1,false,14,94,d67d5f00,caught,dbe50b21,true,pbks,mi
1178399,1,false,16,105,944533a5,caught,dbe50b21,true,pbks,mi
1178399,1,false,17,109,e94915e6,caught,462411b3,true,pbks,mi
1178399,2,false,3,22,9601c534,bowled,8cf9814c,true,mi,pbks
1178399,2,false,7,46,271f83cd,caught,e94915e6,true,mi,pbks
1178399,2,false,8,53,372455c4,caught,495d42a5,true,mi,pbks
1178399,2,false,11,74,752f7486,run out,,false,mi,pbks
1178399,2,false,15,95,dbe50b21,caught,8cf9814c,true,mi,pbks
1178399,2,false,15,100,5b8c830e,caught,8cf9814c,true,mi,pbks
1178399,2,false,19,123,a757b0d8,caught,db31895a,true,mi,pbks
1178400,1,false,2,18,29e95537,lbw,23eeb873,true,rr,csk
1178400,1,false,3,23,99b75528,caught,1abb78f8,true,rr,csk
1178400,1,false,5,33,a4cc73aa,caught,e4a0deae,true,rr,csk
1178400,1,false,8,54,77255a9e,caught,fe93fd9d,true,rr,csk
1178400,1,false,10,66,30a45b23,caught,fe93fd9d,true,rr,csk
1178400,1,false,14,92,04a418e8,caught,1abb78f8,true,rr,csk
1178400,1,false,18,112,e087956b,bowled,23eeb873,true,rr,csk
1178400,2,false,0,4,4329fbb5,bowled,d2a989fc,true,csk,rr
1178400,2,false,1,11,1dc12ab9,run out,,false,csk,rr
1178400,2,false,3,24,3355b542,caught,1e66c162,true,csk,rr
1178400,2,false,5,35,99d63244,caught,5574750c,true,csk,rr
1178400,2,false,17,108,70d205c9,caught,e087956b,true,csk,rr
1178400,2,false,19,120,4a8a2e3b,bowled,e087956b,true,csk,rr
1178401,1,false,0,1,bdadf7da,bowled,5bb1a1c4,true,kkr,dc
1178401,1,false,8,53,1c17e270,caught,e62dd25d,true,kkr,dc
1178401,1,false,12,79,fb2d1dda,bowled,fb66ce1f,true,kkr,dc
1178401,1,false,14,90,b4b99816,caught,75224f22,true,kkr,dc
1178401,1,false,15,95,c03f1114,caught,e62dd25d,true,kkr,dc
1178401,1,false,18,114,bbd41817,caught,fb66ce1f,true,kkr,dc
1178401,1,false,19,120,e342e5fb,caught,75224f22,true,kkr,dc
1178401,2,false,2,18,8b3e9c7c,caught,85e0cf10,true,dc,kkr
1178401,2,false,5,34,85ec8e33,caught,bbd41817,true,dc,kkr
1178401,2,false,17,105,919a3be2,caught,fb2d1dda,true,dc,kkr
1178402,1,false,10,65,740742ef,caught,5574750c,true,mi,rr
1178402,1,false,13,79,271f83cd,bowled,d2a989fc,true,mi,rr
1178402,1,false,16,98,a757b0d8,caught,5574750c,true,mi,rr
1178402,1,false,18,112,372455c4,caught,5574750c,true,mi,rr
1178402,1,false,19,117,752f7486,caught,1e66c162,true,mi,rr
1178402,2,false,6,38,29e95537,caught,5b8c830e,true,rr,mi
1178402,2,false,13,82,99b75528,caught,2ed569a0,true,rr,mi
1178402,2,false,16,103,a4cc73aa,lbw,462411b3,true,rr,mi
1178402,2,false,17,105,77255a9e,caught and bowled,5b8c830e,true,rr,mi
1178402,2,false,17,110,50c6bc2b,bowled,5b8c830e,true,rr,mi
1178402,2,false,18,111,30a45b23,caught,462411b3,true,rr,mi
1178403,1,false,6,38,b17e2f24,stumped,57ee1fde,true,pbks,rcb
1178403,1,false,8,53,00ea847a,bowled,57ee1fde,true,pbks,rcb
1178403,1,false,12,80,f088b960,caught,2f49c897,true,pbks,rcb
1178403,1,false,13,85,e94915e6,lbw,bb351c23,true,pbks,rcb
1178403,2,false,3,23,b5da6c24,caught,495d42a5,true,rcb,pbks
1178403,2,false,15,94,ba607b88,caught,8cf9814c,true,rcb,pbks
1178404,1,false,4,30,9d430b40,caught,e4a0deae,true,kkr,csk
1178404,1,false,10,64,fb2d1dda,caught,acee4cc4,true,kkr,csk
1178404,1,false,10,66,1c17e270,caught,acee4cc4,true,kkr,csk
1178404,1,false,14,89,45eda7c8,caught,acee4cc4,true,kkr,csk
1178404,1,false,14,93,bbd41817,caught,acee4cc4,true,kkr,csk
1178404,1,false,17,108,c03f1114,caught,1abb78f8,true,kkr,csk
1178404,1,false,19,124,b4b99816,caught,1abb78f8,true,kkr,csk
1178404,1,false,19,125,8d2c70ad,run out,,false,kkr,csk
1178404,2,false,3,19,4329fbb5,lbw,e412cb64,true,csk,kkr
1178404,2,false,5,33,3355b542,bowled,9d430b40,true,csk,kkr
1178404,2,false,9,56,70d205c9,caught,98ae73b1,true,csk,kkr
1178404,2,false,11,68,99d63244,lbw,98ae73b1,true,csk,kkr
1178404,2,false,15,95,4a8a2e3b,lbw,9d430b40,true,csk,kkr
1178405,1,false,1,11,8b3e9c7c,caught,a2f46292,true,dc,srh
1178405,1,false,3,20,0a476045,caught,a2f46292,true,dc,srh
1178405,1,false,7,49,af2c687b,caught,f29185a1,true,dc,srh
1178405,1,false,15,97,85ec8e33,caught,2e81a32d,true,dc,srh
1178405,1,false,16,100,919a3be2,caught,a2f46292,true,dc,srh
1178405,1,false,17,111,fb66ce1f,bowled,5f547c8b,true,dc,srh
1178405,1,false,19,121,75224f22,lbw,2e81a32d,true,dc,srh
1178405,2,false,9,61,abb83e27,caught,75224f22,true,srh,dc
1178405,2,false,11,72,d027ba9f,caught,75224f22,true,srh,dc
1178405,2,false,15,95,b63e358a,caught,75224f22,true,srh,dc
1178405,2,false,16,101,dcce6f09,caught,e62dd25d,true,srh,dc
1178405,2,false,16,102,0994d0ae,caught,e62dd25d,true,srh,dc
1178405,2,false,17,107,73ad96ed,bowled,fb66ce1f,true,srh,dc
1178405,2,false,17,108,5f547c8b,caught,fb66ce1f,true,srh,dc
1178405,2,false,17,111,f29185a1,caught,fb66ce1f,true,srh,dc
1178405,2,false,18,116,2e81a32d,caught and bowled,e62dd25d,true,srh,dc
1178405,2,false,18,117,a2f46292,bowled,e62dd25d,true,srh,dc
1178406,1,false,2,14,ba607b88,caught,4933f499,true,rcb,mi
1178406,1,false,6,43,b5da6c24,caught,dbe50b21,true,rcb,mi
1178406,1,false,17,104,bb351c23,caught,a12e1d51,true,rcb,mi
1178406,1,false,17,108,d9273ee7,caught,a12e1d51,true,rcb,mi
1178406,1,false,19,117,c4487b84,run out,,false,rcb,mi
1178406,1,false,19,118,f10e94c4,caught,a12e1d51,true,rcb,mi
1178406,1,false,19,120,f62772e5,caught,a12e1d51,true,rcb,mi
1178406,2,false,7,45,740742ef,bowled,bb351c23,true,mi,rcb
1178406,2,false,7,48,372455c4,lbw,bb351c23,true,mi,rcb
1178406,2,false,10,65,752f7486,stumped,57ee1fde,true,mi,rcb
1178406,2,false,15,96,271f83cd,caught,57ee1fde,true,mi,rcb
1178406,2,false,17,111,5b8c830e,caught,2f49c897,true,mi,rcb
1178407,1,false,5,34,db584dad,caught,5574750c,true,pbks,rr
1178407,1,false,8,52,00ea847a,caught,641ac5ff,true,pbks,rr
1178407,1,false,17,105,b17e2f24,caught,1e66c162,true,pbks,rr
1178407,1,false,18,113,3241e3fd,caught,5574750c,true,pbks,rr
1178407,1,false,18,116,c3a96caf,bowled,5574750c,true,pbks,rr
1178407,1,false,19,117,d67d5f00,caught,d2a989fc,true,pbks,rr
1178407,2,false,4,28,99b75528,caught,244048f6,true,rr,pbks
1178407,2,false,11,74,a4cc73aa,bowled,495d42a5,true,rr,pbks
1178407,2,false,15,101,77255a9e,caught,495d42a5,true,rr,pbks
1178407,2,false,16,105,ff1e12a0,caught,e2db2409,true,rr,pbks
1178407,2,false,17,109,5574750c,caught,8cf9814c,true,rr,pbks
1178407,2,false,18,117,29e95537,caught,244048f6,true,rr,pbks
1178407,2,false,19,121,7a8bd078,caught,8cf9814c,true,rr,pbks
1178408,1,false,9,59,4329fbb5,bowled,9d80c5e1,true,csk,srh
1178408,1,false,10,62,3355b542,caught,0994d0ae,true,csk,srh
1178408,1,false,13,79,1dc12ab9,lbw,5f547c8b,true,csk,srh
1178408,1,false,13,82,99d63244,lbw,5f547c8b,true,csk,srh
1178408,1,false,14,89,c16d4035,caught,a2f46292,true,csk,srh
1178408,2,false,5,35,dcce6f09,caught,23eeb873,true,srh,csk
1178408,2,false,6,43,d027ba9f,caught and bowled,acee4cc4,true,srh,csk
1178408,2,false,12,75,0994d0ae,caught,acee4cc4,true,srh,csk
1178408,2,false,16,103,73ad96ed,caught,119678fd,true,srh,csk
1178409,1,false,6,38,740742ef,bowled,6b19d823,true,mi,dc
1178409,1,false,7,48,2e11c706,lbw,2e171977,true,mi,dc
1178409,1,false,9,60,372455c4,run out,,false,mi,dc
1178409,1,false,15,92,271f83cd,caught,e62dd25d,true,mi,dc
1178409,1,false,19,120,dbe50b21,caught,e62dd25d,true,mi,dc
1178409,2,false,6,39,0a476045,bowled,2ed569a0,true,dc,mi
1178409,2,false,8,52,8b3e9c7c,caught,2ed569a0,true,dc,mi
1178409,2,false,9,59,af2c687b,bowled,5b8c830e,true,dc,mi
1178409,2,false,10,63,85ec8e33,bowled,2ed569a0,true,dc,mi
1178409,2,false,13,85,919a3be2,bowled,462411b3,true,dc,mi
1178409,2,false,16,104,fb66ce1f,caught,a12e1d51,true,dc,mi
1178409,2,false,17,105,75224f22,run out,,false,dc,mi
1178409,2,false,17,106,2e171977,bowled,462411b3,true,dc,mi
1178409,2,false,19,121,e62dd25d,caught,dbe50b21,true,dc,mi
1178410,1,false,3,21,b5da6c24,caught,9d430b40,true,rcb,kkr
1178410,1,false,8,55,f10e94c4,caught,bbd41817,true,rcb,kkr
1178410,1,false,15,99,bb351c23,caught,8d2c70ad,true,rcb,kkr
1178410,1,false,19,125,ba607b88,caught,e412cb64,true,rcb,kkr
1178410,2,false,0,6,45eda7c8,caught,8fd1a8f5,true,kkr,rcb
1178410,2,false,3,23,9d430b40,caught,21d4e29b,true,kkr,rcb
1178410,2,false,4,30,b4b99816,caught,8fd1a8f5,true,kkr,rcb
1178410,2,false,11,74,1c17e270,caught,d9273ee7,true,kkr,rcb
1178410,2,false,19,127,bbd41817,run out,,false,kkr,rcb
1178411,1,false,2,15,740742ef,caught and bowled,7a8bd078,true,mi,rr
1178411,1,false,13,85,271f83cd,caught,bd17b45f,true,mi,rr
1178411,1,false,14,89,372455c4,caught,7a8bd078,true,mi,rr
1178411,1,false,16,103,a757b0d8,bowled,1e66c162,true,mi,rr
1178411,1,false,19,119,dbe50b21,lbw,5574750c,true,mi,rr
1178411,2,false,3,22,29e95537,caught,2ed569a0,true,rr,mi
1178411,2,false,7,44,a4cc73aa,caught,2ed569a0,true,rr,mi
1178411,2,false,7,48,e087956b,bowled,2ed569a0,true,rr,mi
1178411,2,false,17,106,04a418e8,run out,,false,rr,mi
1178411,2,false,18,109,ff1e12a0,lbw,462411b3,true,rr,mi
1178412,1,false,1,10,b17e2f24,stumped,b410bd3d,true,pbks,dc
1178412,1,false,4,29,00ea847a,caught,e62dd25d,true,pbks,dc
1178412,1,false,7,43,d67d5f00,caught,2e171977,true,pbks,dc
1178412,1,false,12,74,db584dad,caught,b410bd3d,true,pbks,dc
1178412,1,false,12,78,e94915e6,caught and bowled,b410bd3d,true,pbks,dc
1178412,1,false,16,99,c3a96caf,stumped,2e171977,true,pbks,dc
1178412,1,false,19,117,495d42a5,caught,e62dd25d,true,pbks,dc
1178412,2,false,3,19,8b3e9c7c,run out,,false,dc,pbks
1178412,2,false,13,87,0a476045,caught,a316d663,true,dc,pbks
1178412,2,false,15,98,919a3be2,caught,a316d663,true,dc,pbks
1178412,2,false,18,119,c995d726,bowled,8cf9814c,true,dc,pbks
1178412,2,false,18,120,2e171977,run out,,false,dc,pbks
1178413,1,false,2,17,9d430b40,bowled,a2f46292,true,kkr,srh
1178413,1,false,4,27,b4b99816,caught,a2f46292,true,kkr,srh
1178413,1,false,7,44,fb2d1dda,caught,2e81a32d,true,kkr,srh
1178413,1,false,8,51,c03f1114,run out,,false,kkr,srh
1178413,1,false,15,96,0a509d6b,caught,ce820073,true,kkr,srh
1178413,1,false,16,106,45eda7c8,caught,a2f46292,true,kkr,srh
1178413,1,false,18,117,bbd41817,caught,2e81a32d,true,kkr,srh
1178413,1,false,19,121,98ae73b1,caught,5f547c8b,true,kkr,srh
1178413,2,false,12,77,dcce6f09,bowled,cfa4bd2b,true,srh,kkr
1178414,1,false,2,15,ba607b88,caught,23eeb873,true,rcb,csk
1178414,1,false,6,42,c4487b84,caught,fe93fd9d,true,rcb,csk
1178414,1,false,12,77,f10e94c4,caught,fe93fd9d,true,rcb,csk
1178414,1,false,15,95,b5da6c24,caught,87e562a9,true,rcb,csk
1178414,1,false,16,100,d9273ee7,caught,acee4cc4,true,rcb,csk
1178414,1,false,18,116,f62772e5,caught,23eeb873,true,rcb,csk
1178414,1,false,19,121,bb351c23,caught,87e562a9,true,rcb,csk
1178414,2,false,0,5,4329fbb5,caught,8fd1a8f5,true,csk,rcb
1178414,2,false,0,6,1dc12ab9,bowled,8fd1a8f5,true,csk,rcb
1178414,2,false,3,25,3355b542,caught,cc1e8c68,true,csk,rcb
1178414,2,false,5,36,99d63244,caught,cc1e8c68,true,csk,rcb
1178414,2,false,13,80,70d205c9,bowled,57ee1fde,true,csk,rcb
1178414,2,false,16,102,fe93fd9d,run out,,false,csk,rcb
1178414,2,false,18,117,87e562a9,caught,21d4e29b,true,csk,rcb
1178414,2,false,19,123,1abb78f8,run out,,false,csk,rcb
1178415,1,false,1,7,a4cc73aa,run out,,false,rr,dc
1178415,1,false,13,82,30a45b23,caught,2e171977,true,rr,dc
1178415,1,false,15,98,e087956b,caught,fb66ce1f,true,rr,dc
1178415,1,false,16,103,ff1e12a0,caught,5bb1a1c4,true,rr,dc
1178415,1,false,19,121,bd17b45f,bowled,e62dd25d,true,rr,dc
1178415,1,false,19,124,04a418e8,bowled,e62dd25d,true,rr,dc
1178415,2,false,7,45,0a476045,stumped,7a8bd078,true,dc,rr
1178415,2,false,8,53,85ec8e33,caught,04a418e8,true,dc,rr
1178415,2,false,16,101,8b3e9c7c,caught,7a8bd078,true,dc,rr
1178415,2,false,17,109,d014d5ac,caught,d2a989fc,true,dc,rr
1178416,1,false,1,10,abb83e27,caught,8b5b6769,true,srh,csk
1178416,1,false,13,84,dcce6f09,stumped,8b5b6769,true,srh,csk
1178416,1,false,18,117,0994d0ae,caught,23eeb873,true,srh,csk
1178416,2,false,2,15,3355b542,run out,,false,csk,srh
1178416,2,false,9,61,1dc12ab9,stumped,5f547c8b,true,csk,srh
1178416,2,false,17,105,4329fbb5,caught,2e81a32d,true,csk,srh
1178416,2,false,19,120,70d205c9,caught,ce820073,true,csk,srh
1178417,1,false,3,22,ba607b88,caught,8cf9814c,true,rcb,pbks
1178417,1,false,6,41,b5da6c24,caught and bowled,e2db2409,true,rcb,pbks
1178417,1,false,7,48,bb351c23,bowled,495d42a5,true,rcb,pbks
1178417,1,false,8,57,f10e94c4,caught,a316d663,true,rcb,pbks
1178417,2,false,3,22,db584dad,caught,cc1e8c68,true,pbks,rcb
1178417,2,false,9,58,00ea847a,caught,d9273ee7,true,pbks,rcb
1178417,2,false,10,64,b17e2f24,caught,bb351c23,true,pbks,rcb
1178417,2,false,18,113,d67d5f00,caught,21d4e29b,true,pbks,rcb
1178417,2,false,18,118,3241e3fd,caught,21d4e29b,true,pbks,rcb
1178417,2,false,19,120,495d42a5,caught,cc1e8c68,true,pbks,rcb
1178417,2,false,19,121,a316d663,caught,cc1e8c68,true,pbks,rcb
1178418,1,false,0,3,45eda7c8,bowled,0a3d54b9,true,kkr,rr
1178418,1,false,4,30,b4b99816,bowled,0a3d54b9,true,kkr,rr
1178418,1,false,8,50,fb2d1dda,caught,7a8bd078,true,kkr,rr
1178418,1,false,11,69,9d430b40,run out,,false,kkr,rr
1178418,1,false,16,102,bbd41817,caught,c6097d68,true,kkr,rr
1178418,1,false,17,106,e342e5fb,caught,1e66c162,true,kkr,rr
1178418,2,false,5,32,29e95537,lbw,9d430b40,true,rr,kkr
1178418,2,false,6,39,a4cc73aa,bowled,98ae73b1,true,rr,kkr
1178418,2,false,7,44,30a45b23,bowled,9d430b40,true,rr,kkr
1178418,2,false,10,62,e087956b,caught,98ae73b1,true,rr,kkr
1178418,2,false,12,79,bd17b45f,caught,98ae73b1,true,rr,kkr
1178418,2,false,15,96,7a8bd078,caught,85e0cf10,true,rr,kkr
1178418,2,false,18,118,04a418e8,hit wicket,bbd41817,true,rr,kkr
1178419,1,false,2,17,372455c4,caught,23eeb873,true,mi,csk
1178419,1,false,12,75,0ebfb1ad,caught,e4a0deae,true,mi,csk
1178419,1,false,13,81,5b8c830e,caught,acee4cc4,true,mi,csk
1178419,1,false,16,100,740742ef,caught,e4a0deae,true,mi,csk
1178419,2,false,0,5,4329fbb5,caught,a12e1d51,true,csk,mi
1178419,2,false,3,19,1dc12ab9,caught,dbe50b21,true,csk,mi
1178419,2,false,4,27,70d205c9,bowled,5b8c830e,true,csk,mi
1178419,2,false,7,44,99d63244,bowled,5b8c830e,true,csk,mi
1178419,2,false,9,63,faa7365d,caught,e4cdf230,true,csk,mi
1178419,2,false,11,73,4b57e452,caught,462411b3,true,csk,mi
1178419,2,false,15,101,87e562a9,caught and bowled,a12e1d51,true,csk,mi
1178419,2,false,16,105,23eeb873,caught,462411b3,true,csk,mi
1178419,2,false,17,110,8b5b6769,caught,a12e1d51,true,csk,mi
1178419,2,false,17,112,e4a0deae,caught,a12e1d51,true,csk,mi
1178420,1,false,3,23,d027ba9f,bowled,7a8bd078,true,srh,rr
1178420,1,false,12,74,dcce6f09,caught,c6097d68,true,srh,rr
1178420,1,false,14,91,93b4fc78,caught,7a8bd078,true,srh,rr
1178420,1,false,15,96,0994d0ae,caught,0a3d54b9,true,srh,rr
1178420,1,false,16,99,73ad96ed,caught and bowled,1e66c162,true,srh,rr
1178420,1,false,17,109,fe11caa6,caught,c6097d68,true,srh,rr
1178420,1,false,18,111,7dc35884,caught,1e66c162,true,srh,rr
1178420,1,false,19,119,2e81a32d,caught,0a3d54b9,true,srh,rr
1178420,2,false,9,55,50c6bc2b,caught,5f547c8b,true,rr,srh
1178420,2,false,11,71,29e95537,caught,7dc35884,true,rr,srh
1178420,2,false,16,105,30a45b23,caught,a2f46292,true,rr,srh
1178421,1,false,3,21,8b3e9c7c,caught,cc1e8c68,true,dc,rcb
1178421,1,false,12,74,0a476045,caught,57ee1fde,true,dc,rcb
1178421,1,false,14,89,919a3be2,lbw,57ee1fde,true,dc,rcb
1178421,1,false,15,93,85ec8e33,caught,f19ccfad,true,dc,rcb
1178421,1,false,16,101,c995d726,caught,21d4e29b,true,dc,rcb
1178421,2,false,5,35,b5da6c24,caught,e62dd25d,true,rcb,dc
1178421,2,false,7,44,ba607b88,caught,2e171977,true,rcb,dc
1178421,2,false,11,69,c4487b84,caught,d014d5ac,true,rcb,dc
1178421,2,false,12,74,235c2bb6,caught,6b19d823,true,rcb,dc
1178421,2,false,12,78,a4e37e47,caught,6b19d823,true,rcb,dc
1178421,2,false,18,113,6eb146d2,caught,5bb1a1c4,true,rcb,dc
1178421,2,false,19,118,f19ccfad,caught,e62dd25d,true,rcb,dc
1178422,1,false,9,57,45eda7c8,caught,2ed569a0,true,kkr,mi
1178422,1,false,15,96,b4b99816,caught,dbe50b21,true,kkr,mi
1178422,2,false,1,8,372455c4,caught,9d430b40,true,mi,kkr
1178422,2,false,3,21,740742ef,lbw,e412cb64,true,mi,kkr
1178422,2,false,6,37,0ebfb1ad,caught,bbd41817,true,mi,kkr
1178422,2,false,8,50,271f83cd,caught,bbd41817,true,mi,kkr
1178422,2,false,13,80,a757b0d8,caught,9d430b40,true,mi,kkr
1178422,2,false,17,108,dbe50b21,caught,e412cb64,true,mi,kkr
1178422,2,false,19,118,5b8c830e,caught and bowled,98ae73b1,true,mi,kkr
1178423,1,false,6,41,fe11caa6,caught,e2db2409,true,srh,pbks
1178423,1,false,15,99,93b4fc78,caught,495d42a5,true,srh,pbks
1178423,1,false,15,102,dcce6f09,caught,495d42a5,true,srh,pbks
1178423,1,false,18,119,d027ba9f,caught,8cf9814c,true,srh,pbks
1178423,1,false,18,121,62af8546,bowled,8cf9814c,true,srh,pbks
1178423,1,false,19,124,5f547c8b,bowled,244048f6,true,srh,pbks
1178423,2,false,2,15,db584dad,caught,a2f46292,true,pbks,srh
1178423,2,false,8,57,00ea847a,caught,5f547c8b,true,pbks,srh
1178423,2,false,10,70,3241e3fd,caught,a2f46292,true,pbks,srh
1178423,2,false,12,82,d67d5f00,caught,5f547c8b,true,pbks,srh
1178423,2,false,12,83,495d42a5,caught,5f547c8b,true,pbks,srh
1178423,2,false,18,117,b17e2f24,caught,a2f46292,true,pbks,srh
1178423,2,false,19,122,9418198b,lbw,ce820073,true,pbks,srh
1178423,2,false,19,125,7d92277a,bowled,ce820073,true,pbks,srh
1178424,1,false,1,10,ba607b88,caught,7a8bd078,true,rcb,rr
1178424,1,false,1,11,c4487b84,caught,7a8bd078,true,rcb,rr
1178424,1,false,1,12,d9273ee7,caught,7a8bd078,true,rcb,rr
1178424,1,false,2,17,6eb146d2,caught,04a418e8,true,rcb,rr
1178424,1,false,3,24,b5da6c24,caught,1e66c162,true,rcb,rr
1178424,1,false,4,28,235c2bb6,caught,c6097d68,true,rcb,rr
1178424,1,false,4,30,f62772e5,caught,c6097d68,true,rcb,rr
1178424,2,false,3,20,a4cc73aa,caught,57ee1fde,true,rr,rcb
1178425,1,false,3,20,4329fbb5,caught,4125d931,true,csk,dc
1178425,1,false,13,84,3355b542,caught,2e171977,true,csk,dc
1178425,1,false,14,92,1dc12ab9,caught,4125d931,true,csk,dc
1178425,1,false,18,114,fe93fd9d,caught and bowled,fb66ce1f,true,csk,dc
1178425,2,false,0,5,8b3e9c7c,caught,23eeb873,true,dc,csk
1178425,2,false,5,33,0a476045,bowled,8b5b6769,true,dc,csk
1178425,2,false,6,38,919a3be2,caught,acee4cc4,true,dc,csk
1178425,2,false,7,46,c995d726,lbw,fe93fd9d,true,dc,csk
1178425,2,false,10,62,2e171977,caught,acee4cc4,true,dc,csk
1178425,2,false,10,66,d014d5ac,caught,acee4cc4,true,dc,csk
1178425,2,false,11,70,fb66ce1f,stumped,fe93fd9d,true,dc,csk
1178425,2,false,11,72,85ec8e33,stumped,fe93fd9d,true,dc,csk
1178425,2,false,15,92,4125d931,run out,,false,dc,csk
1178425,2,false,16,98,6b19d823,caught,acee4cc4,true,dc,csk
1178426,1,false,5,33,740742ef,caught,a2f46292,true,mi,srh
1178426,1,false,11,71,271f83cd,caught,a2f46292,true,mi,srh
1178426,1,false,12,77,0ebfb1ad,caught,62af8546,true,mi,srh
1178426,1,false,15,96,dbe50b21,caught,2e81a32d,true,mi,srh
1178426,1,false,19,117,a757b0d8,caught,a2f46292,true,mi,srh
1178426,2,false,3,25,fe11caa6,caught,462411b3,true,srh,mi
1178426,2,false,5,32,2be41edb,lbw,462411b3,true,srh,mi
1178426,2,false,7,44,d027ba9f,lbw,5b8c830e,true,srh,mi
1178426,2,false,13,82,0994d0ae,caught,5b8c830e,true,srh,mi
1178426,2,false,14,89,f29185a1,caught,dbe50b21,true,srh,mi
1178426,2,false,19,120,62af8546,caught,dbe50b21,true,srh,mi
1178426,3,true,0,1,93b4fc78,run out,,false,srh,mi
1178426,3,true,0,4,62af8546,bowled,462411b3,true,srh,mi
1178427,1,false,2,15,b17e2f24,caught,cdc6bdba,true,pbks,kkr
1178427,1,false,4,25,db584dad,caught,cdc6bdba,true,pbks,kkr
1178427,1,false,10,66,3241e3fd,caught,fb2d1dda,true,pbks,kkr
1178427,1,false,13,82,00ea847a,run out,,false,pbks,kkr
1178427,1,false,17,106,c3a96caf,caught,e412cb64,true,pbks,kkr
1178427,1,false,18,110,495d42a5,bowled,bbd41817,true,pbks,kkr
1178427,2,false,5,36,45eda7c8,caught and bowled,7c7d63a2,true,kkr,pbks
1178427,2,false,10,63,1c17e270,caught,495d42a5,true,kkr,pbks
1178427,2,false,14,93,bbd41817,caught,8cf9814c,true,kkr,pbks
1178428,1,false,1,12,29e95537,caught,5bb1a1c4,true,rr,dc
1178428,1,false,3,24,50c6bc2b,bowled,5bb1a1c4,true,rr,dc
1178428,1,false,4,27,a4cc73aa,run out,,false,rr,dc
1178428,1,false,5,33,da934ee8,caught,5bb1a1c4,true,rr,dc
1178428,1,false,11,69,7a8bd078,stumped,6b19d823,true,rr,dc
1178428,1,false,11,70,bd17b45f,caught,6b19d823,true,rr,dc
1178428,1,false,13,81,90de905a,caught,6b19d823,true,rr,dc
1178428,1,false,17,109,641ac5ff,caught,a818c1be,true,rr,dc
1178428,1,false,19,126,04a418e8,caught,a818c1be,true,rr,dc
1178428,2,false,3,19,0a476045,caught,641ac5ff,true,dc,rr
1178428,2,false,3,20,8b3e9c7c,bowled,641ac5ff,true,dc,rr
1178428,2,false,7,45,85ec8e33,caught,7a8bd078,true,dc,rr
1178428,2,false,13,82,c995d726,caught,641ac5ff,true,dc,rr
1178428,2,false,15,93,d014d5ac,caught,7a8bd078,true,dc,rr
1178429,1,false,4,27,fe11caa6,caught,21d4e29b,true,srh,rcb
1178429,1,false,7,44,2be41edb,caught,f19ccfad,true,srh,rcb
1178429,1,false,7,47,93b4fc78,caught,f19ccfad,true,srh,rcb
1178429,1,false,13,83,0994d0ae,caught,f19ccfad,true,srh,rcb
1178429,1,false,15,97,3c6ffae8,caught,57ee1fde,true,srh,rcb
1178429,1,false,16,104,62af8546,caught,21d4e29b,true,srh,rcb
1178429,1,false,17,107,5f547c8b,caught,fa2f1dde,true,srh,rcb
1178429,2,false,0,4,b5da6c24,caught,2e81a32d,true,rcb,srh
1178429,2,false,1,12,ba607b88,caught,a2f46292,true,rcb,srh
1178429,2,false,2,18,c4487b84,caught,2e81a32d,true,rcb,srh
1178429,2,false,17,111,48a1d7b7,caught,5f547c8b,true,rcb,srh
1178429,2,false,18,116,6eb146d2,caught,a2f46292,true,rcb,srh
1178429,2,false,18,118,f19ccfad,caught,a2f46292,true,rcb,srh
1178430,1,false,4,26,4329fbb5,bowled,e94915e6,true,csk,pbks
1178430,1,false,16,101,1dc12ab9,caught,e94915e6,true,csk,pbks
1178430,1,false,18,113,3355b542,bowled,e94915e6,true,csk,pbks
1178430,1,false,19,117,70d205c9,caught,8cf9814c,true,csk,pbks
1178430,1,false,19,119,99d63244,bowled,8cf9814c,true,csk,pbks
1178430,2,false,10,67,b17e2f24,caught,8b5b6769,true,pbks,csk
1178430,2,false,10,68,db584dad,caught,8b5b6769,true,pbks,csk
1178430,2,false,12,78,00ea847a,caught,8b5b6769,true,pbks,csk
1178430,2,false,16,103,3241e3fd,caught,fe93fd9d,true,pbks,csk
1178431,1,false,6,38,b4b99816,lbw,dbe50b21,true,kkr,mi
1178431,1,false,8,51,45eda7c8,caught,dbe50b21,true,kkr,mi
1178431,1,false,12,78,c03f1114,caught,a12e1d51,true,kkr,mi
1178431,1,false,12,80,bbd41817,caught,a12e1d51,true,kkr,mi
1178431,1,false,17,107,fb2d1dda,caught,a12e1d51,true,kkr,mi
1178431,1,false,19,127,1c17e270,caught,462411b3,true,kkr,mi
1178431,1,false,19,128,0a509d6b,caught,462411b3,true,kkr,mi
1178431,2,false,6,39,372455c4,caught,85e0cf10,true,mi,kkr
1181764,1,false,2,13,3355b542,caught,2ed569a0,true,csk,mi
1181764,1,false,3,22,1dc12ab9,caught and bowled,81049310,true,csk,mi
1181764,1,false,5,37,4329fbb5,caught,5b8c830e,true,csk,mi
1181764,1,false,12,76,4b57e452,stumped,2ed569a0,true,csk,mi
1181764,2,false,0,2,740742ef,lbw,23eeb873,true,mi,csk
1181764,2,false,3,21,372455c4,caught,8b5b6769,true,mi,csk
1181764,2,false,13,85,752f7486,bowled,acee4cc4,true,mi,csk
1181764,2,false,13,86,5b8c830e,caught and bowled,acee4cc4,true,mi,csk
1181766,1,false,3,19,fe11caa6,caught,5bb1a1c4,true,srh,dc
1181766,1,false,6,39,2be41edb,caught,6b19d823,true,srh,dc
1181766,1,false,13,84,93b4fc78,caught,75224f22,true,srh,dc
1181766,1,false,15,99,d027ba9f,bowled,5bb1a1c4,true,srh,dc
1181766,1,false,18,115,0994d0ae,caught,a818c1be,true,srh,dc
1181766,1,false,19,125,62af8546,caught,75224f22,true,srh,dc
1181766,1,false,19,126,73ad96ed,run out,,false,srh,dc
1181766,1,false,19,127,5f547c8b,caught,75224f22,true,srh,dc
1181766,2,false,7,47,0a476045,stumped,73ad96ed,true,dc,srh
1181766,2,false,10,65,85ec8e33,caught,a2f46292,true,dc,srh
1181766,2,false,10,69,8b3e9c7c,caught,a2f46292,true,dc,srh
1181766,2,false,14,88,af2c687b,lbw,5f547c8b,true,dc,srh
1181766,2,false,14,91,2e171977,lbw,5f547c8b,true,dc,srh
1181766,2,false,18,112,d014d5ac,caught,2e81a32d,true,dc,srh
1181766,2,false,18,117,919a3be2,caught,2e81a32d,true,dc,srh
1181766,2,false,19,123,6b19d823,obstructing the field,,false,dc,srh
1181767,1,false,2,16,8b3e9c7c,lbw,23eeb873,true,dc,csk
1181767,1,false,5,33,0a476045,caught,8b5b6769,true,dc,csk
1181767,1,false,8,54,af2c687b,caught,fe93fd9d,true,dc,csk
1181767,1,false,11,70,85ec8e33,caught,acee4cc4,true,dc,csk
1181767,1,false,12,78,2e171977,caught,87e562a9,true,dc,csk
1181767,1,false,15,97,d014d5ac,caught,8b5b6769,true,dc,csk
1181767,1,false,17,110,75224f22,bowled,87e562a9,true,dc,csk
1181767,1,false,18,115,919a3be2,caught,23eeb873,true,dc,csk
1181767,1,false,19,120,a818c1be,bowled,fe93fd9d,true,dc,csk
1181767,2,false,10,63,3355b542,caught,a818c1be,true,csk,dc
1181767,2,false,12,76,4329fbb5,caught,6b19d823,true,csk,dc
1181767,2,false,15,98,1dc12ab9,bowled,2e171977,true,csk,dc
1181767,2,false,18,114,4a8a2e3b,caught,5bb1a1c4,true,csk,dc
1181768,1,false,4,30,372455c4,caught,1abb78f8,true,mi,csk
1181768,1,false,5,33,740742ef,caught,23eeb873,true,mi,csk
1181768,1,false,11,71,271f83cd,bowled,acee4cc4,true,mi,csk
1181768,1,false,12,78,5b8c830e,caught and bowled,1abb78f8,true,mi,csk
1181768,1,false,14,91,752f7486,caught,acee4cc4,true,mi,csk
1181768,1,false,18,113,dbe50b21,lbw,23eeb873,true,mi,csk
1181768,1,false,18,115,2ed569a0,caught,23eeb873,true,mi,csk
1181768,1,false,19,121,51a3c5ef,run out,,false,mi,csk
1181768,2,false,3,24,3355b542,stumped,5b8c830e,true,csk,mi
1181768,2,false,9,59,1dc12ab9,lbw,2ed569a0,true,csk,mi
1181768,2,false,10,66,70d205c9,caught,462411b3,true,csk,mi
1181768,2,false,12,80,4a8a2e3b,run out,,false,csk,mi
1181768,2,false,18,114,87e562a9,caught,462411b3,true,csk,mi
1181768,2,false,19,122,4329fbb5,run out,,false,csk,mi
1181768,2,false,19,124,1abb78f8,lbw,a12e1d51,true,csk,mi
1216492,1,false,4,30,740742ef,caught,98ae73b1,true,mi,csk
1216492,1,false,5,33,372455c4,caught,e94915e6,true,mi,csk
1216492,1,false,10,70,271f83cd,caught,23eeb873,true,mi,csk
1216492,1,false,14,89,709b0bac,caught,fe93fd9d,true,mi,csk
1216492,1,false,14,93,dbe50b21,caught,fe93fd9d,true,mi,csk
1216492,1,false,16,101,5b8c830e,caught,f834dcfc,true,mi,csk
1216492,1,false,18,113,a757b0d8,caught,f834dcfc,true,mi,csk
1216492,1,false,18,117,f752db61,caught,f834dcfc,true,mi,csk
1216492,1,false,19,119,a818c1be,bowled,23eeb873,true,mi,csk
1216492,2,false,0,6,4329fbb5,lbw,a818c1be,true,csk,mi
1216492,2,false,1,13,4b57e452,lbw,f752db61,true,csk,mi
1216492,2,false,15,100,70d205c9,caught and bowled,2ed569a0,true,csk,mi
1216492,2,false,17,107,fe93fd9d,lbw,5b8c830e,true,csk,mi
1216492,2,false,18,114,e94915e6,caught,462411b3,true,csk,mi
1216493,1,false,1,10,0a476045,run out,,false,dc,pbks
1216493,1,false,3,21,8b3e9c7c,caught,8cf9814c,true,dc,pbks
1216493,1,false,3,24,48a1d7b7,caught,8cf9814c,true,dc,pbks
1216493,1,false,13,87,919a3be2,bowled,df064e1a,true,dc,pbks
1216493,1,false,14,89,85ec8e33,caught,8cf9814c,true,dc,pbks
1216493,1,false,16,102,2e171977,caught,a1d053dd,true,dc,pbks
1216493,1,false,18,120,495d42a5,caught,a1d053dd,true,dc,pbks
1216493,1,false,19,127,d9273ee7,run out,,false,dc,pbks
1216493,2,false,4,29,b17e2f24,bowled,759ac88f,true,pbks,dc
1216493,2,false,5,33,944533a5,caught,495d42a5,true,pbks,dc
1216493,2,false,5,37,3241e3fd,bowled,495d42a5,true,pbks,dc
1216493,2,false,6,41,b681e71e,caught,e62dd25d,true,pbks,dc
1216493,2,false,9,62,f088b960,caught,2e171977,true,pbks,dc
1216493,2,false,15,95,90de905a,caught,e62dd25d,true,pbks,dc
1216493,2,false,19,121,00ea847a,caught,d9273ee7,true,pbks,dc
1216493,2,false,19,122,ffe699c0,caught,d9273ee7,true,pbks,dc
1216493,3,true,0,2,b17e2f24,caught,e62dd25d,true,pbks,dc
1216493,3,true,0,3,3241e3fd,bowled,e62dd25d,true,pbks,dc
1216494,1,false,1,10,77255a9e,caught,2f49c897,true,kkr,rcb
1216494,1,false,1,11,fb2d1dda,bowled,2f49c897,true,kkr,rcb
1216494,1,false,2,15,b4b99816,caught,21d4e29b,true,kkr,rcb
1216494,1,false,3,22,25f7b7d6,caught,2f49c897,true,kkr,rcb
1216494,1,false,8,53,c03f1114,lbw,57ee1fde,true,kkr,rcb
1216494,1,false,12,76,ded9240e,caught,57ee1fde,true,kkr,rcb
1216494,1,false,15,95,d2a6c0e6,caught,f19ccfad,true,kkr,rcb
1216494,1,false,19,121,8d2c70ad,run out,,false,kkr,rcb
1216494,2,false,6,41,b8d490fd,caught,2f9d0389,true,rcb,kkr
1216494,2,false,6,43,2c25d4f5,run out,,false,rcb,kkr
1216495,1,false,2,15,740742ef,caught,ce820073,true,mi,srh
1216495,1,false,4,28,372455c4,bowled,ce820073,true,mi,srh
1216495,1,false,11,67,271f83cd,stumped,9d80c5e1,true,mi,srh
1216495,1,false,11,70,5b8c830e,caught,9d80c5e1,true,mi,srh
1216495,1,false,12,73,709b0bac,caught,5f547c8b,true,mi,srh
1216495,1,false,16,99,752f7486,bowled,ce820073,true,mi,srh
1216495,1,false,17,104,56ab442f,caught,0f721006,true,mi,srh
1216495,1,false,19,117,a757b0d8,bowled,0f721006,true,mi,srh
1216496,1,false,2,15,6c19c6e5,caught and bowled,23eeb873,true,rr,csk
1216496,1,false,11,73,a4cc73aa,caught,f834dcfc,true,rr,csk
1216496,1,false,11,76,d67d5f00,run out,,false,rr,csk
1216496,1,false,14,90,1c17e270,caught,98ae73b1,true,rr,csk
1216496,1,false,16,103,39a2dfa8,lbw,e94915e6,true,rr,csk
1216496,1,false,16,107,04a418e8,caught,e94915e6,true,rr,csk
1216496,1,false,18,115,30a45b23,caught,e94915e6,true,rr,csk
1216496,2,false,6,41,4329fbb5,bowled,39a2dfa8,true,csk,rr
1216496,2,false,7,46,4b57e452,caught,7a8bd078,true,csk,rr
1216496,2,false,8,54,e94915e6,stumped,39a2dfa8,true,csk,rr
1216496,2,false,8,55,45a43fe2,stumped,39a2dfa8,true,csk,rr
1216496,2,false,13,85,99d63244,caught,e86754b2,true,csk,rr
1216496,2,false,18,117,3355b542,caught,5574750c,true,csk,rr
1216497,1,false,1,11,b4b99816,caught,acdc62f5,true,kkr,dc
1216497,1,false,5,34,77255a9e,bowled,acdc62f5,true,kkr,dc
1216497,1,false,7,45,c03f1114,caught,e62dd25d,true,kkr,dc
1216497,1,false,16,105,9d430b40,caught,e62dd25d,true,kkr,dc
1216497,1,false,19,124,fb2d1dda,caught,d9273ee7,true,kkr,dc
1216497,1,false,19,125,d2a6c0e6,caught,d9273ee7,true,kkr,dc
1216497,2,false,0,1,29e95537,lbw,ded9240e,true,dc,kkr
1216497,2,false,2,15,0a476045,bowled,ded9240e,true,dc,kkr
1216497,2,false,11,72,919a3be2,caught,5b7ab5a9,true,dc,kkr
1216497,2,false,13,84,48a1d7b7,caught,5b7ab5a9,true,dc,kkr
1216497,2,false,13,85,85ec8e33,caught,5b7ab5a9,true,dc,kkr
1216497,2,false,15,96,d9273ee7,caught,5b7ab5a9,true,dc,kkr
1216497,2,false,15,100,2e171977,bowled,5b7ab5a9,true,dc,kkr
1216497,2,false,18,118,e62dd25d,caught,ded9240e,true,dc,kkr
1216497,2,false,19,124,46a9bea1,caught,2f9d0389,true,dc,kkr
1216498,1,false,4,30,c3a96caf,caught,ce820073,true,pbks,srh
1216498,1,false,9,61,db584dad,caught,0f721006,true,pbks,srh
1216498,1,false,10,62,b17e2f24,bowled,5f547c8b,true,pbks,srh
1216498,1,false,13,83,b681e71e,caught,ce820073,true,pbks,srh
1216498,1,false,14,88,73ad96ed,stumped,5f547c8b,true,pbks,srh
1216498,1,false,17,109,ffe699c0,caught,0f721006,true,pbks,srh
1216498,1,false,18,114,e2db2409,run out,,false,pbks,srh
1216498,2,false,6,40,dcce6f09,caught,df064e1a,true,srh,pbks
1216498,2,false,7,46,abb83e27,bowled,e2db2409,true,srh,pbks
1216498,2,false,8,55,8e514b4c,caught,8cf9814c,true,srh,pbks
1216498,2,false,16,101,93b4fc78,caught,ffe699c0,true,srh,pbks
1216498,2,false,17,111,0994d0ae,caught,244048f6,true,srh,pbks
1216498,2,false,18,115,0f721006,caught,ffe699c0,true,srh,pbks
1216498,2,false,18,116,5f547c8b,caught,ffe699c0,true,srh,pbks
1216498,2,false,19,120,ce820073,caught,244048f6,true,srh,pbks
1216498,2,false,19,121,bb965e9a,caught,244048f6,true,srh,pbks
1216498,2,false,19,123,a2f46292,run out,,false,srh,pbks
1216499,1,false,7,47,39086549,stumped,2ed569a0,true,rcb,mi
1216499,1,false,11,68,ba607b88,caught,462411b3,true,rcb,mi
1216499,1,false,15,93,c4487b84,caught,a757b0d8,true,rcb,mi
1216499,1,false,16,100,a4e37e47,caught,462411b3,true,rcb,mi
1216499,1,false,16,102,2c25d4f5,caught,462411b3,true,rcb,mi
1216499,1,false,17,105,fb66ce1f,caught,a818c1be,true,rcb,mi
1216499,2,false,5,33,372455c4,caught,2f49c897,true,mi,rcb
1216499,2,false,7,49,752f7486,caught,57ee1fde,true,mi,rcb
1216499,2,false,10,66,709b0bac,caught,2f49c897,true,mi,rcb
1216499,2,false,13,85,5b8c830e,caught,57ee1fde,true,mi,rcb
1216499,2,false,18,119,dbe50b21,caught,fb66ce1f,true,mi,rcb
1216500,1,false,1,9,0a476045,caught,5574750c,true,dc,rr
1216500,1,false,4,28,8b3e9c7c,caught and bowled,5574750c,true,dc,rr
1216500,1,false,5,38,85ec8e33,run out,,false,dc,rr
1216500,1,false,9,60,919a3be2,run out,,false,dc,rr
1216500,1,false,13,85,d9273ee7,caught,39a2dfa8,true,dc,rr
1216500,1,false,16,106,48a1d7b7,caught,5d2eea49,true,dc,rr
1216500,1,false,18,121,2e171977,caught,7c7d63a2,true,dc,rr
1216500,1,false,19,125,f986ca1a,caught,5574750c,true,dc,rr
1216500,2,false,2,15,99b75528,caught,495d42a5,true,rr,dc
1216500,2,false,8,52,30a45b23,caught,acdc62f5,true,rr,dc
1216500,2,false,10,66,a4cc73aa,caught,d9273ee7,true,rr,dc
1216500,2,false,11,71,da934ee8,caught,495d42a5,true,rr,dc
1216500,2,false,12,76,6c19c6e5,bowled,d9273ee7,true,rr,dc
1216500,2,false,13,87,7c7d63a2,caught,2e171977,true,rr,dc
1216500,2,false,14,94,5574750c,caught,e62dd25d,true,rr,dc
1216500,2,false,17,110,7a8bd078,caught,f986ca1a,true,rr,dc
1216500,2,false,19,123,39a2dfa8,bowled,e62dd25d,true,rr,dc
1216500,2,false,19,126,0a3d54b9,caught,e62dd25d,true,rr,dc
1216501,1,false,4,28,b4b99816,caught,1abb78f8,true,kkr,csk
1216501,1,false,8,52,fb2d1dda,caught,119678fd,true,kkr,csk
1216501,1,false,10,70,9d430b40,caught,119678fd,true,kkr,csk
1216501,1,false,13,88,d2a6c0e6,caught,e94915e6,true,kkr,csk
1216501,1,false,15,96,bbd41817,caught,1abb78f8,true,kkr,csk
1216501,1,false,16,105,77255a9e,caught,87e562a9,true,kkr,csk
1216501,1,false,18,119,c03f1114,caught,e94915e6,true,kkr,csk
1216501,1,false,19,122,b4f5c2d9,caught,87e562a9,true,kkr,csk
1216501,1,false,19,125,c38d3503,caught,87e562a9,true,kkr,csk
1216501,1,false,19,126,5b7ab5a9,run out,,false,kkr,csk
1216501,2,false,3,22,3355b542,caught,c38d3503,true,csk,kkr
1216501,2,false,12,75,70d205c9,caught,b4f5c2d9,true,csk,kkr
1216501,2,false,13,81,4329fbb5,lbw,9d430b40,true,csk,kkr
1216501,2,false,16,101,4a8a2e3b,bowled,5b7ab5a9,true,csk,kkr
1216501,2,false,17,105,e94915e6,caught,bbd41817,true,csk,kkr
1216502,1,false,2,17,2c25d4f5,bowled,ce820073,true,rcb,srh
1216502,1,false,4,29,ba607b88,caught,ce820073,true,rcb,srh
1216502,1,false,10,68,c4487b84,caught,9d80c5e1,true,rcb,srh
1216502,1,false,11,73,39086549,caught,5f547c8b,true,rcb,srh
1216502,1,false,17,107,f19ccfad,caught and bowled,ce794613,true,rcb,srh
1216502,1,false,18,114,fb66ce1f,caught,0f721006,true,rcb,srh
1216502,1,false,18,116,ac5ae4af,caught,0f721006,true,rcb,srh
1216502,2,false,1,9,dcce6f09,caught,f19ccfad,true,srh,rcb
1216502,2,false,6,44,93b4fc78,caught,57ee1fde,true,srh,rcb
1216502,2,false,10,70,fe11caa6,stumped,57ee1fde,true,srh,rcb
1216502,2,false,12,77,d027ba9f,caught,ac5ae4af,true,srh,rcb
1216502,2,false,13,88,f29185a1,caught,21d4e29b,true,srh,rcb
1216503,1,false,0,5,372455c4,bowled,a1d053dd,true,mi,pbks
1216503,1,false,3,24,271f83cd,run out,,false,mi,pbks
1216503,1,false,13,82,752f7486,caught,90de905a,true,mi,pbks
1216503,1,false,16,100,740742ef,caught,8cf9814c,true,mi,pbks
1216503,2,false,4,30,00ea847a,bowled,462411b3,true,pbks,mi
1216503,2,false,5,35,944533a5,bowled,5b8c830e,true,pbks,mi
1216503,2,false,8,53,b17e2f24,bowled,2ed569a0,true,pbks,mi
1216503,2,false,13,85,3241e3fd,caught,f752db61,true,pbks,mi
1216503,2,false,14,94,b681e71e,caught,2ed569a0,true,pbks,mi
1216503,2,false,15,101,9219eff0,caught,462411b3,true,pbks,mi
1216503,2,false,17,108,f088b960,lbw,f752db61,true,pbks,mi
1216503,2,false,18,116,df064e1a,caught,a818c1be,true,pbks,mi
1216504,1,false,4,30,9d430b40,bowled,1e66c162,true,kkr,rr
1216504,1,false,9,62,fb2d1dda,caught,39a2dfa8,true,kkr,rr
1216504,1,false,11,69,b4b99816,caught and bowled,5574750c,true,kkr,rr
1216504,1,false,13,81,c03f1114,caught,5574750c,true,kkr,rr
1216504,1,false,14,89,bbd41817,caught,db31895a,true,kkr,rr
1216504,1,false,17,113,ded9240e,caught,e86754b2,true,kkr,rr
1216504,2,false,1,13,30a45b23,caught,ded9240e,true,rr,kkr
1216504,2,false,4,26,a4cc73aa,caught,c38d3503,true,rr,kkr
1216504,2,false,6,38,99b75528,caught,c38d3503,true,rr,kkr
1216504,2,false,7,44,1c17e270,caught,b4f5c2d9,true,rr,kkr
1216504,2,false,7,47,04a418e8,caught,b4f5c2d9,true,rr,kkr
1216504,2,false,10,66,39a2dfa8,bowled,5b7ab5a9,true,rr,kkr
1216504,2,false,13,84,7a8bd078,caught,9d430b40,true,rr,kkr
1216504,2,false,14,89,5574750c,caught,5b7ab5a9,true,rr,kkr
1216504,2,false,17,109,1e66c162,caught,8d2c70ad,true,rr,kkr
1216505,1,false,4,26,39086549,caught,e62dd25d,true,rcb,dc
1216505,1,false,12,76,ba607b88,caught,495d42a5,true,rcb,dc
1216505,1,false,15,97,2c25d4f5,bowled,acdc62f5,true,rcb,dc
1216505,1,false,15,99,fb66ce1f,caught,acdc62f5,true,rcb,dc
1216505,1,false,18,117,a4e37e47,caught,e62dd25d,true,rcb,dc
1216505,1,false,19,119,c4487b84,run out,,false,rcb,dc
1216505,1,false,19,121,ac5ae4af,caught,acdc62f5,true,rcb,dc
1216505,2,false,1,11,8b3e9c7c,bowled,2f49c897,true,dc,rcb
1216505,2,false,12,76,0a476045,caught,f9e6e7ef,true,dc,rcb
1216505,2,false,16,99,85ec8e33,caught,f9e6e7ef,true,dc,rcb
1216505,2,false,17,105,29e95537,caught,f19ccfad,true,dc,rcb
1216506,1,false,5,32,00ea847a,bowled,f834dcfc,true,pbks,csk
1216506,1,false,8,51,b17e2f24,bowled,f834dcfc,true,pbks,csk
1216506,1,false,10,64,3241e3fd,caught,1abb78f8,true,pbks,csk
1216506,1,false,11,71,db584dad,lbw,acee4cc4,true,pbks,csk
1216506,1,false,16,98,c3a96caf,bowled,fe93fd9d,true,pbks,csk
1216506,1,false,17,103,9219eff0,caught,f834dcfc,true,pbks,csk
1216506,2,false,9,61,3355b542,caught,ffe699c0,true,csk,pbks
1216507,1,false,4,28,abb83e27,caught,5d2eea49,true,srh,rr
1216507,1,false,14,89,dcce6f09,bowled,5574750c,true,srh,rr
1216507,1,false,17,107,93b4fc78,caught,1e66c162,true,srh,rr
1216507,1,false,19,123,bb965e9a,run out,,false,srh,rr
1216507,2,false,1,8,e087956b,bowled,a2f46292,true,rr,srh
1216507,2,false,3,22,30a45b23,run out,,false,rr,srh
1216507,2,false,4,25,99b75528,caught,a2f46292,true,rr,srh
1216507,2,false,9,55,1c17e270,lbw,5f547c8b,true,rr,srh
1216507,2,false,11,72,a4cc73aa,caught,5f547c8b,true,rr,srh
1216508,1,false,1,9,372455c4,caught,c38d3503,true,mi,kkr
1216508,1,false,10,68,271f83cd,run out,,false,mi,kkr
1216508,1,false,15,97,709b0bac,caught,9d430b40,true,mi,kkr
1216508,1,false,17,117,740742ef,caught,c38d3503,true,mi,kkr
1216508,1,false,18,121,dbe50b21,hit wicket,bbd41817,true,mi,kkr
1216508,2,false,2,16,b4b99816,caught,a818c1be,true,kkr,mi
1216508,2,false,4,29,9d430b40,caught,f752db61,true,kkr,mi
1216508,2,false,10,62,c03f1114,lbw,2ed569a0,true,kkr,mi
1216508,2,false,11,71,fb2d1dda,caught,a757b0d8,true,kkr,mi
1216508,2,false,15,92,bbd41817,bowled,462411b3,true,kkr,mi
1216508,2,false,15,95,d2a6c0e6,caught,462411b3,true,kkr,mi
1216508,2,false,16,100,aedc3b7c,caught,a818c1be,true,kkr,mi
1216508,2,false,18,113,ded9240e,caught,f752db61,true,kkr,mi
1216508,2,false,19,123,c38d3503,stumped,2ed569a0,true,kkr,mi
1216509,1,false,0,3,e94915e6,caught,46a9bea1,true,csk,dc
1216509,1,false,11,71,4329fbb5,bowled,acdc62f5,true,csk,dc
1216509,1,false,14,89,3355b542,caught,e62dd25d,true,csk,dc
1216509,1,false,16,101,4a8a2e3b,caught,acdc62f5,true,csk,dc
1216509,2,false,0,2,8b3e9c7c,caught and bowled,23eeb873,true,dc,csk
1216509,2,false,4,25,29e95537,caught,23eeb873,true,dc,csk
1216509,2,false,11,70,85ec8e33,caught,87e562a9,true,dc,csk
1216509,2,false,15,95,d9273ee7,caught,1abb78f8,true,dc,csk
1216509,2,false,18,110,69d03465,caught,e94915e6,true,dc,csk
1216510,1,false,6,44,00ea847a,bowled,57ee1fde,true,pbks,rcb
1216510,1,false,13,83,3241e3fd,caught,a4e37e47,true,pbks,rcb
1216510,1,false,15,96,b681e71e,caught,a4e37e47,true,pbks,rcb
1216510,2,false,0,4,2c25d4f5,caught,a1d053dd,true,rcb,pbks
1216510,2,false,1,9,39086549,lbw,8cf9814c,true,rcb,pbks
1216510,2,false,2,16,ba607b88,caught,a1d053dd,true,rcb,pbks
1216510,2,false,7,51,b8d490fd,bowled,df064e1a,true,rcb,pbks
1216510,2,false,8,54,c4487b84,caught,e2db2409,true,rcb,pbks
1216510,2,false,12,83,a4e37e47,bowled,b681e71e,true,rcb,pbks
1216510,2,false,13,89,cc1e8c68,bowled,df064e1a,true,rcb,pbks
1216510,2,false,15,97,f19ccfad,caught,df064e1a,true,rcb,pbks
1216510,2,false,16,103,21d4e29b,bowled,e2db2409,true,rcb,pbks
1216510,2,false,16,108,57ee1fde,lbw,e2db2409,true,rcb,pbks
1216511,1,false,4,30,372455c4,caught,5d2eea49,true,mi,rr
1216511,1,false,9,59,740742ef,caught,7a8bd078,true,mi,rr
1216511,1,false,9,60,752f7486,caught,7a8bd078,true,mi,rr
1216511,1,false,13,88,5b8c830e,caught,5574750c,true,mi,rr
1216511,2,false,0,2,6c19c6e5,caught,a818c1be,true,rr,mi
1216511,2,false,1,10,30a45b23,caught,462411b3,true,rr,mi
1216511,2,false,2,17,a4cc73aa,caught,a818c1be,true,rr,mi
1216511,2,false,8,49,da934ee8,caught,2ed569a0,true,rr,mi
1216511,2,false,13,82,99b75528,caught,f752db61,true,rr,mi
1216511,2,false,14,89,e86754b2,caught,a757b0d8,true,rr,mi
1216511,2,false,15,93,39a2dfa8,bowled,462411b3,true,rr,mi
1216511,2,false,15,96,7a8bd078,caught,462411b3,true,rr,mi
1216511,2,false,17,109,5574750c,caught,462411b3,true,rr,mi
1216511,2,false,18,110,db31895a,caught,f752db61,true,rr,mi
1216512,1,false,5,36,77255a9e,bowled,ce794613,true,kkr,srh
1216512,1,false,11,70,b4b99816,caught,5f547c8b,true,kkr,srh
1216512,1,false,12,73,fb2d1dda,caught,0994d0ae,true,kkr,srh
1216512,1,false,14,91,bbd41817,caught,ce794613,true,kkr,srh
1216512,1,false,19,121,d2a6c0e6,caught,871e9faf,true,kkr,srh
1216512,2,false,6,38,d027ba9f,caught,2f9d0389,true,srh,kkr
1216512,2,false,8,53,bb965e9a,bowled,2f9d0389,true,srh,kkr
1216512,2,false,9,57,abb83e27,caught,5b7ab5a9,true,srh,kkr
1216512,2,false,11,70,93b4fc78,bowled,2f9d0389,true,srh,kkr
1216512,2,false,15,94,0994d0ae,caught,ded9240e,true,srh,kkr
1216512,2,false,18,116,8e514b4c,caught,c38d3503,true,srh,kkr
1216512,3,true,0,1,dcce6f09,bowled,2f9d0389,true,srh,kkr
1216512,3,true,0,3,8e514b4c,bowled,2f9d0389,true,srh,kkr
1216513,1,false,8,51,00ea847a,caught,98ae73b1,true,pbks,csk
1216513,1,false,11,74,c3a96caf,caught,fe93fd9d,true,pbks,csk
1216513,1,false,17,105,3241e3fd,caught,1abb78f8,true,pbks,csk
1216513,1,false,17,106,b17e2f24,caught,1abb78f8,true,pbks,csk
1216514,1,false,2,16,30a45b23,bowled,ac5ae4af,true,rr,rcb
1216514,1,false,3,19,99b75528,caught,21d4e29b,true,rr,rcb
1216514,1,false,4,25,a4cc73aa,caught and bowled,57ee1fde,true,rr,rcb
1216514,1,false,10,61,1c17e270,caught,57ee1fde,true,rr,rcb
1216514,1,false,15,96,04a418e8,caught,ac5ae4af,true,rr,rcb
1216514,1,false,16,101,da934ee8,caught,57ee1fde,true,rr,rcb
1216514,2,false,2,15,b8d490fd,lbw,7a8bd078,true,rcb,rr
1216514,2,false,15,96,2c25d4f5,bowled,5574750c,true,rcb,rr
1216515,1,false,5,35,0a476045,caught,5b7ab5a9,true,dc,kkr
1216515,1,false,12,76,8b3e9c7c,caught,b4f5c2d9,true,dc,kkr
1216515,1,false,17,109,919a3be2,caught,bbd41817,true,dc,kkr
1216515,1,false,19,117,d9273ee7,caught,bbd41817,true,dc,kkr
1216515,2,false,1,8,9d430b40,bowled,acdc62f5,true,kkr,dc
1216515,2,false,8,51,b4b99816,caught,6b19d823,true,kkr,dc
1216515,2,false,9,62,bbd41817,caught,e62dd25d,true,kkr,dc
1216515,2,false,12,80,fb2d1dda,caught,f986ca1a,true,kkr,dc
1216515,2,false,12,81,c03f1114,caught,f986ca1a,true,kkr,dc
1216515,2,false,13,85,ded9240e,caught,acdc62f5,true,kkr,dc
1216515,2,false,18,118,d2a6c0e6,caught,acdc62f5,true,kkr,dc
1216515,2,false,19,123,77255a9e,bowled,d9273ee7,true,kkr,dc
1216516,1,false,0,4,abb83e27,bowled,23eeb873,true,srh,csk
1216516,1,false,7,46,93b4fc78,caught,1abb78f8,true,srh,csk
1216516,1,false,10,68,dcce6f09,caught,98ae73b1,true,srh,csk
1216516,1,false,10,69,d027ba9f,run out,,false,srh,csk
1216516,1,false,17,115,f29185a1,caught,23eeb873,true,srh,csk
1216516,2,false,2,16,4329fbb5,bowled,2e81a32d,true,csk,srh
1216516,2,false,5,33,70d205c9,bowled,ce794613,true,csk,srh
1216516,2,false,5,38,3355b542,run out,,false,csk,srh
1216516,2,false,8,52,99d63244,caught,8e514b4c,true,csk,srh
1216516,2,false,17,109,fe93fd9d,caught,ce794613,true,csk,srh
1216517,1,false,2,18,740742ef,bowled,244048f6,true,mi,pbks
1216517,1,false,3,22,271f83cd,caught,8cf9814c,true,mi,pbks
1216517,1,false,5,32,752f7486,caught,244048f6,true,mi,pbks
1216517,1,false,13,84,5b8c830e,caught,df064e1a,true,mi,pbks
1216517,1,false,15,94,dbe50b21,caught,8cf9814c,true,mi,pbks
1216517,1,false,16,100,372455c4,caught,ffe699c0,true,mi,pbks
1216517,2,false,3,22,00ea847a,bowled,462411b3,true,pbks,mi
1216517,2,false,9,58,db584dad,caught,2ed569a0,true,pbks,mi
1216517,2,false,12,80,3241e3fd,caught,462411b3,true,pbks,mi
1216517,2,false,13,84,b681e71e,caught,2ed569a0,true,pbks,mi
1216517,2,false,17,109,b17e2f24,bowled,462411b3,true,pbks,mi
1216517,2,false,19,124,ffe699c0,run out,,false,pbks,mi
1216517,3,true,0,2,3241e3fd,caught,462411b3,true,pbks,mi
1216517,3,true,0,6,b17e2f24,lbw,462411b3,true,pbks,mi
1216517,4,true,0,6,372455c4,run out,,false,mi,pbks
1216517,5,true,0,6,dbe50b21,run out,,false,mi,pbks
1216518,1,false,3,21,1c17e270,run out,,false,rr,srh
1216518,1,false,11,71,a4cc73aa,bowled,0f721006,true,rr,srh
1216518,1,false,12,74,e087956b,bowled,5f547c8b,true,rr,srh
1216518,1,false,15,94,99b75528,caught,0994d0ae,true,rr,srh
1216518,1,false,18,110,30a45b23,caught,0f721006,true,rr,srh
1216518,1,false,18,112,04a418e8,caught,0f721006,true,rr,srh
1216518,2,false,0,4,dcce6f09,caught,5574750c,true,srh,rr
1216518,2,false,2,17,abb83e27,bowled,5574750c,true,srh,rr
1216519,1,false,6,40,8b3e9c7c,caught,2f49c897,true,dc,rcb
1216519,1,false,9,58,0a476045,caught,ac5ae4af,true,dc,rcb
1216519,1,false,11,69,85ec8e33,caught,bb351c23,true,dc,rcb
1216519,1,false,18,116,919a3be2,bowled,2f49c897,true,dc,rcb
1216519,2,false,2,20,2c25d4f5,caught,495d42a5,true,rcb,dc
1216519,2,false,3,26,b8d490fd,caught,2e171977,true,rcb,dc
1216519,2,false,5,37,c4487b84,caught,acdc62f5,true,rcb,dc
1216519,2,false,11,75,bb351c23,caught,2e171977,true,rcb,dc
1216519,2,false,13,86,ba607b88,caught,e62dd25d,true,rcb,dc
1216519,2,false,15,101,f19ccfad,caught,e62dd25d,true,rcb,dc
1216519,2,false,17,108,a4e37e47,bowled,e62dd25d,true,rcb,dc
1216519,2,false,17,110,ac5ae4af,caught,e62dd25d,true,rcb,dc
1216519,2,false,18,119,2f49c897,bowled,acdc62f5,true,rcb,dc
1216520,1,false,0,2,fb2d1dda,caught,b681e71e,true,kkr,pbks
1216520,1,false,1,10,77255a9e,caught,8cf9814c,true,kkr,pbks
1216520,1,false,1,12,c03f1114,caught,8cf9814c,true,kkr,pbks
1216520,1,false,9,60,d2a6c0e6,caught,df064e1a,true,kkr,pbks
1216520,1,false,10,69,9d430b40,bowled,ffe699c0,true,kkr,pbks
1216520,1,false,14,89,b4f5c2d9,bowled,e2db2409,true,kkr,pbks
1216520,1,false,15,97,ded9240e,lbw,df064e1a,true,kkr,pbks
1216520,1,false,18,114,b4b99816,caught,8cf9814c,true,kkr,pbks
1216520,1,false,19,122,5b7ab5a9,bowled,ffe699c0,true,kkr,pbks
1216520,2,false,7,48,b17e2f24,lbw,5b7ab5a9,true,pbks,kkr
1216520,2,false,18,110,db584dad,caught,2f9d0389,true,pbks,kkr
1216521,1,false,0,5,45a43fe2,lbw,a818c1be,true,csk,mi
1216521,1,false,1,10,70d205c9,caught,462411b3,true,csk,mi
1216521,1,false,1,11,bd54eef5,caught,462411b3,true,csk,mi
1216521,1,false,2,17,3355b542,caught,a818c1be,true,csk,mi
1216521,1,false,5,33,fe93fd9d,caught,a818c1be,true,csk,mi
1216521,1,false,6,42,4a8a2e3b,caught,2ed569a0,true,csk,mi
1216521,1,false,8,56,23eeb873,stumped,2ed569a0,true,csk,mi
1216521,1,false,14,92,1abb78f8,caught,56ab442f,true,csk,mi
1216521,1,false,19,125,e94915e6,bowled,a818c1be,true,csk,mi
1216522,1,false,5,38,e087956b,caught,fb66ce1f,true,rr,rcb
1216522,1,false,7,50,1c17e270,caught,57ee1fde,true,rr,rcb
1216522,1,false,7,51,a4cc73aa,caught,57ee1fde,true,rr,rcb
1216522,1,false,15,99,99b75528,caught,fb66ce1f,true,rr,rcb
1216522,1,false,19,124,30a45b23,caught,fb66ce1f,true,rr,rcb
1216522,1,false,19,129,5574750c,lbw,fb66ce1f,true,rr,rcb
1216522,2,false,3,22,b8d490fd,caught,7a8bd078,true,rcb,rr
1216522,2,false,12,87,2c25d4f5,caught,39a2dfa8,true,rcb,rr
1216522,2,false,13,88,ba607b88,caught,5d2eea49,true,rcb,rr
1216523,1,false,2,16,77255a9e,bowled,8cf9814c,true,kkr,pbks
1216523,1,false,3,21,fb2d1dda,run out,,false,kkr,pbks
1216523,1,false,10,65,d2a6c0e6,caught,df064e1a,true,kkr,pbks
1216523,1,false,17,108,b4b99816,run out,,false,kkr,pbks
1216523,1,false,18,111,bbd41817,caught,244048f6,true,kkr,pbks
1216523,1,false,19,124,c03f1114,run out,,false,kkr,pbks
1216523,2,false,14,86,00ea847a,caught,85e0cf10,true,pbks,kkr
1216523,2,false,17,104,3241e3fd,bowled,9d430b40,true,pbks,kkr
1216523,2,false,18,112,9418198b,caught,85e0cf10,true,pbks,kkr
1216523,2,false,18,114,b17e2f24,bowled,85e0cf10,true,pbks,kkr
1216523,2,false,19,119,c3a96caf,caught,9d430b40,true,pbks,kkr
1216524,1,false,9,58,dcce6f09,caught,495d42a5,true,srh,dc
1216524,1,false,14,87,fe11caa6,caught,acdc62f5,true,srh,dc
1216524,2,false,0,3,0a476045,caught,ce820073,true,dc,srh
1216524,2,false,1,14,d9273ee7,caught,9d80c5e1,true,dc,srh
1216524,2,false,6,40,48a1d7b7,bowled,5f547c8b,true,dc,srh
1216524,2,false,6,44,29e95537,lbw,5f547c8b,true,dc,srh
1216524,2,false,11,72,85ec8e33,caught,0994d0ae,true,dc,srh
1216524,2,false,12,81,2e171977,caught,5f547c8b,true,dc,srh
1216524,2,false,15,101,e62dd25d,bowled,ce794613,true,dc,srh
1216524,2,false,16,102,919a3be2,caught,ce820073,true,dc,srh
1216524,2,false,17,113,495d42a5,caught,0f721006,true,dc,srh
1216524,2,false,18,119,acdc62f5,caught,ce794613,true,dc,srh
1216525,1,false,2,19,b8d490fd,bowled,23eeb873,true,rcb,csk
1216525,1,false,10,68,2c25d4f5,caught,1abb78f8,true,rcb,csk
1216525,1,false,10,71,c4487b84,caught,1abb78f8,true,rcb,csk
1216525,1,false,14,93,f19ccfad,caught,e94915e6,true,rcb,csk
1216525,2,false,3,25,3355b542,caught,f19ccfad,true,csk,rcb
1216525,2,false,5,35,4329fbb5,bowled,f19ccfad,true,csk,rcb
1216525,2,false,14,90,bd54eef5,run out,,false,csk,rcb
1216525,2,false,15,101,4a8a2e3b,caught,57ee1fde,true,csk,rcb
1216525,2,false,16,103,e94915e6,caught,fb66ce1f,true,csk,rcb
1216525,2,false,17,110,70d205c9,bowled,ac5ae4af,true,csk,rcb
1216525,2,false,18,117,87e562a9,caught,fb66ce1f,true,csk,rcb
1216525,2,false,18,119,fe93fd9d,caught,fb66ce1f,true,csk,rcb
1216526,1,false,2,22,77255a9e,caught,a818c1be,true,kkr,mi
1216526,1,false,5,37,fb2d1dda,caught,56ab442f,true,kkr,mi
1216526,1,false,7,49,b4b99816,caught,2ed569a0,true,kkr,mi
1216526,1,false,7,50,c03f1114,bowled,2ed569a0,true,kkr,mi
1216526,1,false,10,68,bbd41817,caught,462411b3,true,kkr,mi
1216526,2,false,10,63,740742ef,caught,c38d3503,true,mi,kkr
1216526,2,false,13,81,271f83cd,bowled,5b7ab5a9,true,mi,kkr
1216527,1,false,16,105,00ea847a,caught,e86754b2,true,pbks,rr
1216527,1,false,17,114,b17e2f24,caught,db31895a,true,pbks,rr
1216527,2,false,2,17,99b75528,caught,a1d053dd,true,rr,pbks
1216527,2,false,8,59,30a45b23,caught,9219eff0,true,rr,pbks
1216527,2,false,16,103,a4cc73aa,caught,8cf9814c,true,rr,pbks
1216527,2,false,18,115,1c17e270,caught,8cf9814c,true,rr,pbks
1216527,2,false,18,120,39a2dfa8,caught,8cf9814c,true,rr,pbks
1216527,2,false,19,122,04a418e8,bowled,e2db2409,true,rr,pbks
1216528,1,false,2,14,3355b542,caught,ce820073,true,csk,srh
1216528,1,false,4,29,e94915e6,bowled,ce820073,true,csk,srh
1216528,1,false,15,93,70d205c9,caught,a2f46292,true,csk,srh
1216528,1,false,16,99,4329fbb5,caught,ce794613,true,csk,srh
1216528,1,false,18,116,4a8a2e3b,caught,ce794613,true,csk,srh
1216528,1,false,19,117,87e562a9,bowled,a2f46292,true,csk,srh
1216528,2,false,3,23,dcce6f09,caught and bowled,e94915e6,true,srh,csk
1216528,2,false,3,26,93b4fc78,run out,,false,srh,csk
1216528,2,false,9,61,abb83e27,bowled,fe93fd9d,true,srh,csk
1216528,2,false,14,93,bb965e9a,caught,119678fd,true,srh,csk
1216528,2,false,16,105,0994d0ae,caught,87e562a9,true,srh,csk
1216528,2,false,17,109,d027ba9f,caught,119678fd,true,srh,csk
1216528,2,false,18,120,5f547c8b,hit wicket,1abb78f8,true,srh,csk
1216528,2,false,19,123,9d80c5e1,caught and bowled,87e562a9,true,srh,csk
1216529,1,false,0,3,8b3e9c7c,caught,a818c1be,true,dc,mi
1216529,1,false,4,28,29e95537,lbw,5b8c830e,true,dc,mi
1216529,1,false,14,91,85ec8e33,caught,5b8c830e,true,dc,mi
1216529,1,false,16,104,d9273ee7,run out,,false,dc,mi
1216529,2,false,4,31,740742ef,caught,2e171977,true,mi,dc
1216529,2,false,9,60,372455c4,caught,495d42a5,true,mi,dc
1216529,2,false,14,93,271f83cd,caught,e62dd25d,true,mi,dc
1216529,2,false,15,95,dbe50b21,caught,d9273ee7,true,mi,dc
1216529,2,false,17,109,752f7486,caught,e62dd25d,true,mi,dc
1216530,1,false,0,2,fb2d1dda,caught,5574750c,true,kkr,rr
1216530,1,false,8,52,b4b99816,caught,39a2dfa8,true,kkr,rr
1216530,1,false,8,55,9d430b40,caught,39a2dfa8,true,kkr,rr
1216530,1,false,11,74,77255a9e,caught,7a8bd078,true,kkr,rr
1216530,1,false,12,77,c03f1114,caught,39a2dfa8,true,kkr,rr
1216530,1,false,15,95,bbd41817,caught,5d2eea49,true,kkr,rr
1216530,1,false,19,118,ded9240e,caught,5d2eea49,true,kkr,rr
1216530,2,false,0,7,1c17e270,caught,ded9240e,true,rr,kkr
1216530,2,false,2,15,e087956b,caught,ded9240e,true,rr,kkr
1216530,2,false,2,20,30a45b23,bowled,ded9240e,true,rr,kkr
1216530,2,false,3,23,a4cc73aa,caught,c38d3503,true,rr,kkr
1216530,2,false,4,32,04a418e8,caught,ded9240e,true,rr,kkr
1216530,2,false,10,66,99b75528,caught,5b7ab5a9,true,rr,kkr
1216530,2,false,14,90,39a2dfa8,caught,5b7ab5a9,true,rr,kkr
1216530,2,false,17,107,5574750c,caught,b4f5c2d9,true,rr,kkr
1216530,2,false,18,113,5d2eea49,caught and bowled,c38d3503,true,rr,kkr
1216531,1,false,4,26,2c25d4f5,caught,244048f6,true,rcb,pbks
1216531,1,false,6,41,b8d490fd,bowled,e2db2409,true,rcb,pbks
1216531,1,false,10,65,f19ccfad,caught,e2db2409,true,rcb,pbks
1216531,1,false,15,101,a4e37e47,caught,ffe699c0,true,rcb,pbks
1216531,1,false,17,110,c4487b84,caught,8cf9814c,true,rcb,pbks
1216531,1,false,17,112,ba607b88,caught,8cf9814c,true,rcb,pbks
1216531,2,false,7,50,00ea847a,bowled,57ee1fde,true,pbks,rcb
1216531,2,false,19,125,db584dad,run out,,false,pbks,rcb
1216532,1,false,9,59,dcce6f09,caught,6b19d823,true,srh,dc
1216532,1,false,11,71,93b4fc78,caught,6b19d823,true,srh,dc
1216532,1,false,17,110,abb83e27,caught,e62dd25d,true,srh,dc
1216532,1,false,19,121,d027ba9f,caught,e62dd25d,true,srh,dc
1216532,2,false,0,5,8b3e9c7c,caught,2e81a32d,true,dc,srh
1216532,2,false,7,45,85ec8e33,caught,5f547c8b,true,dc,srh
1216532,2,false,11,70,0a476045,caught,5f547c8b,true,dc,srh
1216532,2,false,15,94,48a1d7b7,caught,2e81a32d,true,dc,srh
1216532,2,false,16,103,919a3be2,caught,5f547c8b,true,dc,srh
1216532,2,false,17,111,d9273ee7,lbw,ce794613,true,dc,srh
1216532,2,false,19,121,2e171977,bowled,a2f46292,true,dc,srh
1216533,1,false,2,18,3355b542,caught,5574750c,true,csk,rr
1216533,1,false,3,24,4329fbb5,caught,5d2eea49,true,csk,rr
1216533,1,false,8,51,e94915e6,caught,7a8bd078,true,csk,rr
1216533,1,false,9,61,70d205c9,caught,39a2dfa8,true,csk,rr
1216533,1,false,17,108,4a8a2e3b,run out,,false,csk,rr
1216533,2,false,2,18,e087956b,bowled,23eeb873,true,rr,csk
1216533,2,false,3,20,1c17e270,caught,03806cf8,true,rr,csk
1216533,2,false,4,27,a4cc73aa,caught,23eeb873,true,rr,csk
1216534,1,false,10,70,2c25d4f5,bowled,0994d0ae,true,rcb,srh
1216534,1,false,11,71,b8d490fd,lbw,f29185a1,true,rcb,srh
1216534,1,false,15,99,ba607b88,caught,ce794613,true,rcb,srh
1216534,1,false,19,121,c4487b84,run out,,false,rcb,srh
1216534,1,false,19,124,a4e37e47,run out,,false,rcb,srh
1216534,2,false,1,12,dcce6f09,run out,,false,srh,rcb
1216534,2,false,11,74,93b4fc78,caught,57ee1fde,true,srh,rcb
1216534,2,false,15,95,abb83e27,bowled,57ee1fde,true,srh,rcb
1216534,2,false,15,96,0994d0ae,bowled,57ee1fde,true,srh,rcb
1216534,2,false,16,102,bb965e9a,bowled,a4e37e47,true,srh,rcb
1216534,2,false,16,105,f29185a1,run out,,false,srh,rcb
1216534,2,false,17,110,2e81a32d,bowled,21d4e29b,true,srh,rcb
1216534,2,false,17,112,5f547c8b,bowled,21d4e29b,true,srh,rcb
1216534,2,false,18,114,3d8feaf8,caught,a4e37e47,true,srh,rcb
1216534,2,false,19,122,ce820073,caught,8fd1a8f5,true,srh,rcb
1216535,1,false,0,3,0a476045,caught,a818c1be,true,dc,mi
1216535,1,false,2,19,8b3e9c7c,caught,a818c1be,true,dc,mi
1216535,1,false,10,63,85ec8e33,stumped,2ed569a0,true,dc,mi
1216535,1,false,11,68,d9273ee7,caught,462411b3,true,dc,mi
1216535,1,false,11,71,919a3be2,lbw,462411b3,true,dc,mi
1216535,1,false,13,86,f986ca1a,lbw,462411b3,true,dc,mi
1216535,1,false,15,94,48a1d7b7,caught,56ab442f,true,dc,mi
1216535,1,false,18,111,495d42a5,caught,a818c1be,true,dc,mi
1216535,1,false,19,122,e62dd25d,run out,,false,dc,mi
1216535,2,false,10,63,372455c4,bowled,acdc62f5,true,mi,dc
1216536,1,false,7,44,b4b99816,bowled,119678fd,true,kkr,csk
1216536,1,false,8,51,9d430b40,caught,e4a0deae,true,kkr,csk
1216536,1,false,12,77,0a509d6b,caught,fe93fd9d,true,kkr,csk
1216536,1,false,17,104,fb2d1dda,caught,f834dcfc,true,kkr,csk
1216536,1,false,19,117,d2a6c0e6,caught,f834dcfc,true,kkr,csk
1216536,2,false,7,46,4329fbb5,caught,5b7ab5a9,true,csk,kkr
1216536,2,false,13,84,70d205c9,caught,ded9240e,true,csk,kkr
1216536,2,false,14,90,4a8a2e3b,bowled,5b7ab5a9,true,csk,kkr
1216536,2,false,17,107,45a43fe2,bowled,ded9240e,true,csk,kkr
1216537,1,false,0,6,c3a96caf,caught,5574750c,true,pbks,rr
1216537,1,false,14,93,b17e2f24,caught,e087956b,true,pbks,rr
1216537,1,false,17,116,3241e3fd,caught,e087956b,true,pbks,rr
1216537,1,false,19,127,db584dad,bowled,5574750c,true,pbks,rr
1216537,2,false,5,33,e087956b,caught,ffe699c0,true,rr,pbks
1216537,2,false,10,66,1c17e270,caught,e2db2409,true,rr,pbks
1216537,2,false,14,87,a4cc73aa,run out,,false,rr,pbks
1216538,1,false,0,5,740742ef,caught,ce820073,true,mi,srh
1216538,1,false,5,36,271f83cd,caught,dcf81436,true,mi,srh
1216538,1,false,13,81,372455c4,caught and bowled,5f547c8b,true,mi,srh
1216538,1,false,14,92,752f7486,caught,ce820073,true,mi,srh
1216538,1,false,19,119,dbe50b21,bowled,dcf81436,true,mi,srh
1216538,2,false,4,26,abb83e27,caught,a818c1be,true,srh,mi
1216538,2,false,9,63,93b4fc78,caught,f752db61,true,srh,mi
1216538,2,false,12,79,d027ba9f,caught,a818c1be,true,srh,mi
1216538,2,false,14,90,bb965e9a,caught,5b8c830e,true,srh,mi
1216538,2,false,15,102,dcce6f09,caught,f752db61,true,srh,mi
1216538,2,false,18,119,8e514b4c,caught,462411b3,true,srh,mi
1216538,2,false,18,122,f29185a1,bowled,462411b3,true,srh,mi
1216539,1,false,10,65,0a476045,lbw,98ae73b1,true,dc,csk
1216539,1,false,12,75,8b3e9c7c,stumped,98ae73b1,true,dc,csk
1216539,1,false,18,117,85ec8e33,caught,e94915e6,true,dc,csk
1216539,2,false,4,26,4329fbb5,caught,2e171977,true,csk,dc
1216539,2,false,5,37,4b57e452,caught,acdc62f5,true,csk,dc
1216539,2,false,9,56,45a43fe2,run out,,false,csk,dc
1216539,2,false,15,96,99d63244,lbw,acdc62f5,true,csk,dc
1216539,2,false,17,106,3355b542,caught,e62dd25d,true,csk,dc
1216539,2,false,19,121,4a8a2e3b,caught,e62dd25d,true,csk,dc
1216539,2,false,19,124,fe93fd9d,caught,e62dd25d,true,csk,dc
1216540,1,false,7,47,2c25d4f5,bowled,bbd41817,true,rcb,kkr
1216540,1,false,12,76,b8d490fd,bowled,85e0cf10,true,rcb,kkr
1216540,2,false,3,26,25f7b7d6,bowled,21d4e29b,true,kkr,rcb
1216540,2,false,7,50,fb2d1dda,bowled,f19ccfad,true,kkr,rcb
1216540,2,false,9,59,b4b99816,run out,,false,kkr,rcb
1216540,2,false,10,65,c03f1114,bowled,57ee1fde,true,kkr,rcb
1216540,2,false,11,69,d2a6c0e6,caught,f19ccfad,true,kkr,rcb
1216540,2,false,13,85,bbd41817,caught,ac5ae4af,true,kkr,rcb
1216540,2,false,14,91,ded9240e,caught,fb66ce1f,true,kkr,rcb
1216540,2,false,16,104,77255a9e,caught,2f49c897,true,kkr,rcb
1216540,2,false,18,117,b4f5c2d9,bowled,fb66ce1f,true,kkr,rcb
1216541,1,false,0,5,372455c4,bowled,5574750c,true,mi,rr
1216541,1,false,10,68,752f7486,caught,5d2eea49,true,mi,rr
1216541,1,false,12,78,271f83cd,caught,7a8bd078,true,mi,rr
1216541,1,false,12,82,a757b0d8,bowled,7a8bd078,true,mi,rr
1216541,1,false,18,114,709b0bac,caught,5574750c,true,mi,rr
1216541,2,false,1,11,1c17e270,caught,f752db61,true,rr,mi
1216541,2,false,4,28,30a45b23,bowled,f752db61,true,rr,mi
1216542,1,false,15,96,dcce6f09,caught,df064e1a,true,srh,pbks
1216542,1,false,15,99,abb83e27,lbw,df064e1a,true,srh,pbks
1216542,1,false,16,102,93b4fc78,caught and bowled,244048f6,true,srh,pbks
1216542,1,false,17,112,8e514b4c,caught,df064e1a,true,srh,pbks
1216542,1,false,18,114,bb965e9a,caught,244048f6,true,srh,pbks
1216542,1,false,19,124,f29185a1,caught,8cf9814c,true,srh,pbks
1216542,2,false,1,9,00ea847a,run out,,false,pbks,srh
1216542,2,false,4,26,9418198b,caught,a2f46292,true,pbks,srh
1216542,2,false,6,40,b17e2f24,caught,f29185a1,true,pbks,srh
1216542,2,false,10,67,b681e71e,run out,,false,pbks,srh
1216542,2,false,12,77,c3a96caf,bowled,5f547c8b,true,pbks,srh
1216542,2,false,13,85,7d92277a,caught,a2f46292,true,pbks,srh
1216542,2,false,14,91,3241e3fd,caught,5f547c8b,true,pbks,srh
1216542,2,false,14,92,8cf9814c,lbw,5f547c8b,true,pbks,srh
1216542,2,false,16,100,a1d053dd,bowled,ce794613,true,pbks,srh
1216542,2,false,16,103,244048f6,caught,ce794613,true,pbks,srh
1216543,1,false,0,1,8b3e9c7c,bowled,5574750c,true,dc,rr
1216543,1,false,2,17,29e95537,caught,5574750c,true,dc,rr
1216543,1,false,11,77,0a476045,caught,7a8bd078,true,dc,rr
1216543,1,false,15,104,85ec8e33,caught,5d2eea49,true,dc,rr
1216543,1,false,18,122,d9273ee7,caught,5574750c,true,dc,rr
1216543,1,false,19,126,69d03465,caught,1e66c162,true,dc,rr
1216543,1,false,19,128,2e171977,caught,1e66c162,true,dc,rr
1216543,2,false,2,18,99b75528,bowled,acdc62f5,true,rr,dc
1216543,2,false,3,24,30a45b23,caught and bowled,495d42a5,true,rr,dc
1216543,2,false,10,62,e087956b,caught,46a9bea1,true,rr,dc
1216543,2,false,11,72,a4cc73aa,bowled,2e171977,true,rr,dc
1216543,2,false,13,82,04a418e8,run out,,false,rr,dc
1216543,2,false,17,108,1c17e270,bowled,acdc62f5,true,rr,dc
1216543,2,false,18,115,5574750c,caught,e62dd25d,true,rr,dc
1216543,2,false,19,124,7a8bd078,caught,46a9bea1,true,rr,dc
1216544,1,false,3,26,b8d490fd,caught,e94915e6,true,rcb,csk
1216544,1,false,6,40,2c25d4f5,caught,e4a0deae,true,rcb,csk
1216544,1,false,17,110,c4487b84,caught,23eeb873,true,rcb,csk
1216544,1,false,18,114,bb351c23,caught,e94915e6,true,rcb,csk
1216544,1,false,18,121,ba607b88,caught,e94915e6,true,rcb,csk
1216544,1,false,19,124,fb66ce1f,bowled,23eeb873,true,rcb,csk
1216544,2,false,5,31,3355b542,caught,fb66ce1f,true,csk,rcb
1216544,2,false,13,81,70d205c9,bowled,57ee1fde,true,csk,rcb
1216545,1,false,3,24,abb83e27,bowled,ded9240e,true,srh,kkr
1216545,1,false,9,55,dcce6f09,caught and bowled,5b7ab5a9,true,srh,kkr
1216545,1,false,17,107,93b4fc78,caught and bowled,bbd41817,true,srh,kkr
1216545,1,false,19,119,fe11caa6,run out,,false,srh,kkr
1216545,2,false,1,8,9d430b40,caught,a2f46292,true,kkr,srh
1216545,2,false,4,29,fb2d1dda,caught,ce794613,true,kkr,srh
1216545,2,false,6,39,c03f1114,lbw,5f547c8b,true,kkr,srh
1216546,1,false,3,22,8b3e9c7c,caught,9219eff0,true,dc,pbks
1216546,1,false,8,53,85ec8e33,caught,e2db2409,true,dc,pbks
1216546,1,false,13,84,919a3be2,caught,b681e71e,true,dc,pbks
1216546,1,false,17,108,d9273ee7,caught,8cf9814c,true,dc,pbks
1216546,1,false,19,123,48a1d7b7,bowled,8cf9814c,true,dc,pbks
1216546,2,false,2,15,b17e2f24,caught,2e171977,true,pbks,dc
1216546,2,false,5,35,db584dad,bowled,495d42a5,true,pbks,dc
1216546,2,false,5,38,00ea847a,run out,,false,pbks,dc
1216546,2,false,12,81,3241e3fd,caught,e62dd25d,true,pbks,dc
1216546,2,false,15,101,b681e71e,caught,e62dd25d,true,pbks,dc
1216547,1,false,8,56,b8d490fd,caught,a818c1be,true,rcb,mi
1216547,1,false,12,77,ba607b88,caught,2ed569a0,true,rcb,mi
1216547,1,false,17,106,2c25d4f5,caught,a818c1be,true,rcb,mi
1216547,2,false,1,11,740742ef,caught,f19ccfad,true,mi,rcb
1216547,2,false,2,15,271f83cd,caught,ac5ae4af,true,mi,rcb
1216547,2,false,6,41,372455c4,caught,57ee1fde,true,mi,rcb
1216547,2,false,11,70,dbe50b21,caught,14f96089,true,mi,rcb
1216547,2,false,19,124,752f7486,caught,ac5ae4af,true,mi,rcb
1216547,3,true,0,5,a757b0d8,caught,21d4e29b,true,mi,rcb
1237177,1,false,1,9,740742ef,lbw,495d42a5,true,mi,dc
1237177,1,false,7,47,372455c4,caught,495d42a5,true,mi,dc
1237177,1,false,11,72,271f83cd,caught,acdc62f5,true,mi,dc
1237177,1,false,12,75,a757b0d8,caught,495d42a5,true,mi,dc
1237177,1,false,16,98,5b8c830e,caught,d9273ee7,true,mi,dc
1237177,2,false,0,2,8b3e9c7c,caught,a818c1be,true,dc,mi
1237177,2,false,0,5,29e95537,lbw,a818c1be,true,dc,mi
1237177,2,false,1,8,0a476045,bowled,462411b3,true,dc,mi
1237177,2,false,3,24,85ec8e33,caught,462411b3,true,dc,mi
1237177,2,false,7,49,919a3be2,caught,5b8c830e,true,dc,mi
1237177,2,false,15,93,d9273ee7,bowled,462411b3,true,dc,mi
1237177,2,false,15,95,caf69bf7,caught,462411b3,true,dc,mi
1237177,2,false,19,123,2e171977,caught,a757b0d8,true,dc,mi
1237178,1,false,1,8,ba607b88,caught,0f721006,true,rcb,srh
1237178,1,false,3,22,2c25d4f5,caught,0f721006,true,rcb,srh
1237178,1,false,10,64,b8d490fd,caught,9d80c5e1,true,rcb,srh
1237178,1,false,10,67,bb351c23,run out,,false,rcb,srh
1237178,1,false,15,98,a4e37e47,caught,0f721006,true,rcb,srh
1237178,1,false,17,107,f19ccfad,caught,ce794613,true,rcb,srh
1237178,1,false,17,111,c4487b84,bowled,ce794613,true,rcb,srh
1237178,2,false,0,5,541f85c9,caught,2f49c897,true,srh,rcb
1237178,2,false,5,38,dcce6f09,caught,2f49c897,true,srh,rcb
1237178,2,false,8,55,93b4fc78,caught,14f96089,true,srh,rcb
1237178,2,false,11,76,bb965e9a,caught,57ee1fde,true,srh,rcb
1237180,1,false,8,52,d9273ee7,bowled,5f547c8b,true,dc,srh
1237180,1,false,13,87,85ec8e33,caught,0f721006,true,dc,srh
1237180,1,false,18,116,0a476045,lbw,ce820073,true,dc,srh
1237180,2,false,1,9,dcce6f09,bowled,e62dd25d,true,srh,dc
1237180,2,false,4,31,bb965e9a,bowled,d9273ee7,true,srh,dc
1237180,2,false,4,33,93b4fc78,caught,d9273ee7,true,srh,dc
1237180,2,false,11,74,0f721006,caught,2e171977,true,srh,dc
1237180,2,false,16,105,d027ba9f,caught,d9273ee7,true,srh,dc
1237180,2,false,18,115,8e514b4c,caught,e62dd25d,true,srh,dc
1237180,2,false,18,116,5f547c8b,caught,e62dd25d,true,srh,dc
1237180,2,false,18,118,541f85c9,caught,e62dd25d,true,srh,dc
1237181,1,false,0,1,d9273ee7,caught,a818c1be,true,dc,mi
1237181,1,false,2,16,29e95537,caught,a818c1be,true,dc,mi
1237181,1,false,3,21,0a476045,bowled,81049310,true,dc,mi
1237181,1,false,14,93,919a3be2,caught,56ab442f,true,dc,mi
1237181,1,false,17,107,48a1d7b7,caught,a818c1be,true,dc,mi
1237181,1,false,19,119,2e171977,caught,56ab442f,true,dc,mi
1237181,1,false,19,123,e62dd25d,run out,,false,dc,mi
1237181,2,false,4,25,372455c4,caught,d9273ee7,true,mi,dc
1237181,2,false,10,65,271f83cd,run out,,false,mi,dc
1237181,2,false,16,98,740742ef,caught,acdc62f5,true,mi,dc
1237181,2,false,17,103,a757b0d8,bowled,e62dd25d,true,mi,dc
1237181,2,false,18,111,dbe50b21,caught,acdc62f5,true,mi,dc
1254058,1,false,3,24,740742ef,run out,,false,mi,rcb
1254058,1,false,10,68,271f83cd,caught,68c56d09,true,mi,rcb
1254058,1,false,12,79,45eda7c8,caught and bowled,f19ccfad,true,mi,rcb
1254058,1,false,15,98,dbe50b21,lbw,f986ca1a,true,mi,rcb
1254058,1,false,17,109,752f7486,lbw,f986ca1a,true,mi,rcb
1254058,1,false,19,119,5b8c830e,caught,f986ca1a,true,mi,rcb
1254058,1,false,19,120,a757b0d8,caught,f986ca1a,true,mi,rcb
1254058,1,false,19,122,81c36ee9,bowled,f986ca1a,true,mi,rcb
1254058,1,false,19,124,2ed569a0,run out,,false,mi,rcb
1254058,2,false,4,28,f19ccfad,caught,5b8c830e,true,rcb,mi
1254058,2,false,5,38,c740ea83,bowled,a818c1be,true,rcb,mi
1254058,2,false,12,80,ba607b88,lbw,462411b3,true,rcb,mi
1254058,2,false,14,90,b681e71e,caught,81c36ee9,true,rcb,mi
1254058,2,false,14,96,f9e6e7ef,caught,81c36ee9,true,rcb,mi
1254058,2,false,16,105,2a2e6343,caught,462411b3,true,rcb,mi
1254058,2,false,18,119,68c56d09,run out,,false,rcb,mi
1254058,2,false,19,124,c4487b84,run out,,false,rcb,mi
1254059,1,false,1,11,3355b542,lbw,eef2536f,true,csk,dc
1254059,1,false,2,14,45a43fe2,caught,4c5d73db,true,csk,dc
1254059,1,false,8,52,bb351c23,caught,495d42a5,true,csk,dc
1254059,1,false,13,85,70d205c9,caught,e86754b2,true,csk,dc
1254059,1,false,15,93,1dc12ab9,run out,,false,csk,dc
1254059,1,false,15,95,4a8a2e3b,bowled,eef2536f,true,csk,dc
1254059,1,false,19,123,e94915e6,bowled,4c5d73db,true,csk,dc
1254059,2,false,13,82,8b3e9c7c,caught,87e562a9,true,dc,csk
1254059,2,false,16,102,0a476045,lbw,1abb78f8,true,dc,csk
1254059,2,false,18,115,d9273ee7,caught,1abb78f8,true,dc,csk
1254060,1,false,6,42,b4b99816,bowled,5f547c8b,true,kkr,srh
1254060,1,false,15,92,77255a9e,caught,ce794613,true,kkr,srh
1254060,1,false,16,99,bbd41817,caught,5f547c8b,true,kkr,srh
1254060,1,false,17,106,fb2d1dda,caught,62af8546,true,kkr,srh
1254060,1,false,17,107,d2a6c0e6,caught,62af8546,true,kkr,srh
1254060,1,false,19,123,7dc35884,caught,2e81a32d,true,kkr,srh
1254060,2,false,1,9,dcce6f09,caught,85e0cf10,true,srh,kkr
1254060,2,false,2,13,fe11caa6,bowled,7dc35884,true,srh,kkr
1254060,2,false,12,80,abb83e27,caught,ded9240e,true,srh,kkr
1254060,2,false,15,100,62af8546,caught,85e0cf10,true,srh,kkr
1254060,2,false,17,113,0994d0ae,caught,bbd41817,true,srh,kkr
1254061,1,false,2,17,00ea847a,caught,2cdce1be,true,pbks,rr
1254061,1,false,9,62,db584dad,caught,04a418e8,true,pbks,rr
1254061,1,false,17,109,73ad96ed,caught,fb66ce1f,true,pbks,rr
1254061,1,false,17,112,3241e3fd,caught,fb66ce1f,true,pbks,rr
1254061,1,false,19,122,b17e2f24,caught,2cdce1be,true,pbks,rr
1254061,1,false,19,126,1ee08e9a,caught,2cdce1be,true,pbks,rr
1254061,2,false,0,3,e087956b,caught and bowled,8cf9814c,true,rr,pbks
1254061,2,false,3,21,c03e2850,caught and bowled,244048f6,true,rr,pbks
1254061,2,false,7,47,99b75528,bowled,1ee08e9a,true,rr,pbks
1254061,2,false,12,80,a4e37e47,caught,244048f6,true,rr,pbks
1254061,2,false,16,103,04a418e8,caught,8cf9814c,true,rr,pbks
1254061,2,false,18,116,39a2dfa8,caught,64775749,true,rr,pbks
1254061,2,false,19,127,a4cc73aa,caught,244048f6,true,rr,pbks
1254062,1,false,1,12,372455c4,caught,5b7ab5a9,true,mi,kkr
1254062,1,false,10,65,271f83cd,caught,7dc35884,true,mi,kkr
1254062,1,false,11,69,752f7486,caught,ded9240e,true,mi,kkr
1254062,1,false,15,94,740742ef,bowled,ded9240e,true,mi,kkr
1254062,1,false,16,100,dbe50b21,caught,85e0cf10,true,mi,kkr
1254062,1,false,17,106,a757b0d8,caught,bbd41817,true,mi,kkr
1254062,1,false,17,108,81c36ee9,caught,bbd41817,true,mi,kkr
1254062,1,false,19,120,5b8c830e,caught,bbd41817,true,mi,kkr
1254062,1,false,19,121,462411b3,caught,bbd41817,true,mi,kkr
1254062,1,false,19,123,2ed569a0,caught,bbd41817,true,mi,kkr
1254062,2,false,8,54,b4b99816,caught,2ed569a0,true,kkr,mi
1254062,2,false,10,64,77255a9e,caught,2ed569a0,true,kkr,mi
1254062,2,false,12,78,d2a6c0e6,caught,2ed569a0,true,kkr,mi
1254062,2,false,14,91,fb2d1dda,stumped,2ed569a0,true,kkr,mi
1254062,2,false,15,93,7dc35884,caught,5b8c830e,true,kkr,mi
1254062,2,false,19,119,bbd41817,caught and bowled,a818c1be,true,kkr,mi
1254062,2,false,19,120,ded9240e,bowled,a818c1be,true,kkr,mi
1254063,1,false,2,19,2c25d4f5,caught,2e81a32d,true,rcb,srh
1254063,1,false,6,39,f9e6e7ef,caught,9d80c5e1,true,rcb,srh
1254063,1,false,12,77,ba607b88,caught,0f721006,true,rcb,srh
1254063,1,false,13,86,c4487b84,caught,5f547c8b,true,rcb,srh
1254063,1,false,15,99,f19ccfad,caught,5f547c8b,true,rcb,srh
1254063,1,false,16,104,2a2e6343,caught,ce794613,true,rcb,srh
1254063,1,false,19,119,68c56d09,caught,0f721006,true,rcb,srh
1254063,1,false,19,127,b681e71e,caught,0f721006,true,rcb,srh
1254063,2,false,2,15,fe11caa6,caught,2f49c897,true,srh,rcb
1254063,2,false,13,84,dcce6f09,caught,68c56d09,true,srh,rcb
1254063,2,false,16,101,abb83e27,caught,f9e6e7ef,true,srh,rcb
1254063,2,false,16,102,93b4fc78,caught,f9e6e7ef,true,srh,rcb
1254063,2,false,16,106,8e514b4c,caught and bowled,f9e6e7ef,true,srh,rcb
1254063,2,false,17,113,0994d0ae,caught,f986ca1a,true,srh,rcb
1254063,2,false,18,116,0f721006,caught,2f49c897,true,srh,rcb
1254063,2,false,19,124,5f547c8b,run out,,false,srh,rcb
1254063,2,false,19,125,9d80c5e1,caught,f986ca1a,true,srh,rcb
1254064,1,false,1,12,8b3e9c7c,caught,1e66c162,true,dc,rr
1254064,1,false,3,19,0a476045,caught,1e66c162,true,dc,rr
1254064,1,false,5,36,29e95537,caught and bowled,1e66c162,true,dc,rr
1254064,1,false,6,42,d9273ee7,caught,0a8fce53,true,dc,rr
1254064,1,false,12,79,919a3be2,run out,,false,dc,rr
1254064,1,false,14,92,ad427b5c,caught,fb66ce1f,true,dc,rr
1254064,1,false,18,113,e86754b2,bowled,0a8fce53,true,dc,rr
1254064,1,false,18,118,495d42a5,run out,,false,dc,rr
1254064,2,false,2,16,c03e2850,caught,4c5d73db,true,rr,dc
1254064,2,false,2,18,99b75528,caught,4c5d73db,true,rr,dc
1254064,2,false,3,21,a4cc73aa,caught,e62dd25d,true,rr,dc
1254064,2,false,7,46,a4e37e47,caught,eef2536f,true,rr,dc
1254064,2,false,9,56,04a418e8,caught,eef2536f,true,rr,dc
1254064,2,false,14,90,39a2dfa8,caught,e62dd25d,true,rr,dc
1254064,2,false,15,96,d67d5f00,caught,eef2536f,true,rr,dc
1254065,1,false,0,4,00ea847a,bowled,23eeb873,true,pbks,csk
1254065,1,false,2,17,b17e2f24,run out,,false,pbks,csk
1254065,1,false,4,27,db584dad,caught,23eeb873,true,pbks,csk
1254065,1,false,4,29,3241e3fd,caught,23eeb873,true,pbks,csk
1254065,1,false,6,39,73ad96ed,caught,23eeb873,true,pbks,csk
1254065,1,false,12,75,1ee08e9a,bowled,bb351c23,true,pbks,csk
1254065,1,false,16,103,e2db2409,caught,87e562a9,true,pbks,csk
1254065,1,false,19,119,7dcb9bc9,caught,e94915e6,true,pbks,csk
1254065,2,false,4,30,45a43fe2,caught,244048f6,true,csk,pbks
1254065,2,false,12,76,bb351c23,caught,e2db2409,true,csk,pbks
1254065,2,false,14,88,1dc12ab9,caught,8cf9814c,true,csk,pbks
1254065,2,false,14,89,70d205c9,caught,8cf9814c,true,csk,pbks
1254066,1,false,6,41,740742ef,caught,0994d0ae,true,mi,srh
1254066,1,false,8,53,271f83cd,caught and bowled,0994d0ae,true,mi,srh
1254066,1,false,13,86,372455c4,caught,7d92277a,true,mi,srh
1254066,1,false,16,105,752f7486,caught,7d92277a,true,mi,srh
1254066,1,false,18,117,dbe50b21,caught,a2f46292,true,mi,srh
1254066,2,false,7,45,abb83e27,hit wicket,5b8c830e,true,srh,mi
1254066,2,false,8,56,93b4fc78,caught,2ed569a0,true,srh,mi
1254066,2,false,11,71,dcce6f09,run out,,false,srh,mi
1254066,2,false,14,87,26d76ad9,caught,2ed569a0,true,srh,mi
1254066,2,false,14,91,f29185a1,caught,2ed569a0,true,srh,mi
1254066,2,false,17,108,8e514b4c,run out,,false,srh,mi
1254066,2,false,17,110,5f547c8b,lbw,a818c1be,true,srh,mi
1254066,2,false,18,115,0994d0ae,caught,462411b3,true,srh,mi
1254066,2,false,19,117,2e81a32d,bowled,a818c1be,true,srh,mi
1254066,2,false,19,120,a2f46292,bowled,a818c1be,true,srh,mi
1254067,1,false,1,9,ba607b88,caught,5b7ab5a9,true,rcb,kkr
1254067,1,false,1,13,c740ea83,bowled,5b7ab5a9,true,rcb,kkr
1254067,1,false,11,71,2c25d4f5,caught,85e0cf10,true,rcb,kkr
1254067,1,false,16,108,b681e71e,caught,ded9240e,true,rcb,kkr
1254067,2,false,1,12,b4b99816,caught,68c56d09,true,kkr,rcb
1254067,2,false,5,37,77255a9e,caught,f19ccfad,true,kkr,rcb
1254067,2,false,6,42,fb2d1dda,caught,57ee1fde,true,kkr,rcb
1254067,2,false,8,53,c03f1114,lbw,57ee1fde,true,kkr,rcb
1254067,2,false,13,84,d2a6c0e6,caught,f986ca1a,true,kkr,rcb
1254067,2,false,17,109,7dc35884,bowled,68c56d09,true,kkr,rcb
1254067,2,false,17,111,ded9240e,caught,68c56d09,true,kkr,rcb
1254067,2,false,19,118,bbd41817,bowled,f986ca1a,true,kkr,rcb
1254068,1,false,12,77,00ea847a,caught,d3611425,true,pbks,dc
1254068,1,false,15,93,b17e2f24,caught,e62dd25d,true,pbks,dc
1254068,1,false,16,100,db584dad,caught,4c5d73db,true,pbks,dc
1254068,1,false,18,115,3241e3fd,caught,eef2536f,true,pbks,dc
1254068,2,false,5,33,8b3e9c7c,caught,244048f6,true,dc,pbks
1254068,2,false,10,66,30a45b23,caught,64775749,true,dc,pbks
1254068,2,false,14,91,0a476045,bowled,1ee08e9a,true,dc,pbks
1254068,2,false,17,107,919a3be2,caught,1ee08e9a,true,dc,pbks
1254069,1,false,3,23,45a43fe2,caught,0a8fce53,true,csk,rr
1254069,1,false,5,34,3355b542,caught,fb66ce1f,true,csk,rr
1254069,1,false,9,59,bb351c23,caught,39a2dfa8,true,csk,rr
1254069,1,false,13,85,70d205c9,caught,2cdce1be,true,csk,rr
1254069,1,false,13,89,1dc12ab9,caught,2cdce1be,true,csk,rr
1254069,1,false,17,110,4a8a2e3b,caught,2cdce1be,true,csk,rr
1254069,1,false,18,117,fe93fd9d,caught,fb66ce1f,true,csk,rr
1254069,1,false,19,123,e94915e6,run out,,false,csk,rr
1254069,1,false,19,127,1abb78f8,run out,,false,csk,rr
1254069,2,false,3,23,c03e2850,caught,e94915e6,true,rr,csk
1254069,2,false,5,36,a4cc73aa,caught,e94915e6,true,rr,csk
1254069,2,false,11,73,99b75528,bowled,fe93fd9d,true,rr,csk
1254069,2,false,11,78,a4e37e47,lbw,fe93fd9d,true,rr,csk
1254069,2,false,12,83,d67d5f00,lbw,bb351c23,true,rr,csk
1254069,2,false,14,91,04a418e8,caught,bb351c23,true,rr,csk
1254069,2,false,14,93,fb66ce1f,caught,bb351c23,true,rr,csk
1254069,2,false,18,121,39a2dfa8,caught,87e562a9,true,rr,csk
1254069,2,false,19,125,1e66c162,caught,1abb78f8,true,rr,csk
1254070,1,false,2,13,372455c4,caught,d9273ee7,true,mi,dc
1254070,1,false,6,42,271f83cd,caught,eef2536f,true,mi,dc
1254070,1,false,8,52,740742ef,caught,6b19d823,true,mi,dc
1254070,1,false,8,54,dbe50b21,caught,6b19d823,true,mi,dc
1254070,1,false,10,64,5b8c830e,bowled,ad427b5c,true,mi,dc
1254070,1,false,11,71,a757b0d8,lbw,6b19d823,true,mi,dc
1254070,1,false,17,105,752f7486,bowled,6b19d823,true,mi,dc
1254070,1,false,18,113,81049310,caught and bowled,e62dd25d,true,mi,dc
1254070,1,false,19,118,2ed569a0,caught,eef2536f,true,mi,dc
1254070,2,false,1,9,8b3e9c7c,caught and bowled,81049310,true,dc,mi
1254070,2,false,9,57,30a45b23,lbw,a757b0d8,true,dc,mi
1254070,2,false,14,90,0a476045,caught,2ed569a0,true,dc,mi
1254070,2,false,16,104,919a3be2,caught,462411b3,true,dc,mi
1254071,1,false,3,19,b17e2f24,caught,2e81a32d,true,pbks,srh
1254071,1,false,6,42,00ea847a,caught,a2f46292,true,pbks,srh
1254071,1,false,7,43,3241e3fd,run out,,false,pbks,srh
1254071,1,false,8,52,db584dad,lbw,5f547c8b,true,pbks,srh
1254071,1,false,11,69,73ad96ed,lbw,f29185a1,true,pbks,srh
1254071,1,false,13,82,32198ae0,stumped,f29185a1,true,pbks,srh
1254071,1,false,16,102,b52ffbbd,caught,a2f46292,true,pbks,srh
1254071,1,false,18,111,7dcb9bc9,caught,a2f46292,true,pbks,srh
1254071,1,false,19,117,e2db2409,caught,dcf81436,true,pbks,srh
1254071,1,false,19,120,8cf9814c,run out,,false,pbks,srh
1254071,2,false,10,64,dcce6f09,caught,b52ffbbd,true,srh,pbks
1254072,1,false,12,77,45a43fe2,caught,5b7ab5a9,true,csk,kkr
1254072,1,false,16,104,bb351c23,stumped,9d430b40,true,csk,kkr
1254072,1,false,18,123,4a8a2e3b,caught,bbd41817,true,csk,kkr
1254072,2,false,0,4,b4b99816,caught,23eeb873,true,kkr,csk
1254072,2,false,2,18,fb2d1dda,caught,23eeb873,true,kkr,csk
1254072,2,false,4,29,d2a6c0e6,caught,23eeb873,true,kkr,csk
1254072,2,false,4,32,9d430b40,caught,23eeb873,true,kkr,csk
1254072,2,false,5,34,77255a9e,caught,f834dcfc,true,kkr,csk
1254072,2,false,11,73,bbd41817,bowled,e94915e6,true,kkr,csk
1254072,2,false,14,95,c03f1114,lbw,f834dcfc,true,kkr,csk
1254072,2,false,16,103,b4f5c2d9,caught,f834dcfc,true,kkr,csk
1254072,2,false,18,119,5b7ab5a9,run out,,false,kkr,csk
1254072,2,false,19,123,85e0cf10,run out,,false,kkr,csk
1254073,1,false,2,15,99b75528,bowled,2f49c897,true,rr,rcb
1254073,1,false,3,23,c03e2850,caught,68c56d09,true,rr,rcb
1254073,1,false,4,27,d67d5f00,lbw,2f49c897,true,rr,rcb
1254073,1,false,7,45,a4cc73aa,caught,f19ccfad,true,rr,rcb
1254073,1,false,13,84,04a418e8,caught,f986ca1a,true,rr,rcb
1254073,1,false,15,97,a4e37e47,caught,dfc4d8b5,true,rr,rcb
1254073,1,false,18,122,39a2dfa8,caught,2f49c897,true,rr,rcb
1254073,1,false,19,123,fb66ce1f,caught,f986ca1a,true,rr,rcb
1254073,1,false,19,124,2cdce1be,caught,f986ca1a,true,rr,rcb
1254074,1,false,1,12,372455c4,caught,73ad96ed,true,mi,pbks
1254074,1,false,6,42,752f7486,caught,df064e1a,true,mi,pbks
1254074,1,false,16,98,271f83cd,caught,df064e1a,true,mi,pbks
1254074,1,false,17,106,740742ef,caught,8cf9814c,true,mi,pbks
1254074,1,false,18,114,dbe50b21,caught,244048f6,true,mi,pbks
1254074,1,false,19,121,5b8c830e,caught,8cf9814c,true,mi,pbks
1254074,2,false,7,45,00ea847a,caught,2ed569a0,true,pbks,mi
1254075,1,false,5,36,b4b99816,run out,,false,kkr,rr
1254075,1,false,8,51,fb2d1dda,caught,2cdce1be,true,kkr,rr
1254075,1,false,9,61,9d430b40,caught,1e66c162,true,kkr,rr
1254075,1,false,10,64,d2a6c0e6,run out,,false,kkr,rr
1254075,1,false,15,94,77255a9e,caught,0a8fce53,true,kkr,rr
1254075,1,false,17,112,bbd41817,caught,fb66ce1f,true,kkr,rr
1254075,1,false,17,114,c03f1114,caught,fb66ce1f,true,kkr,rr
1254075,1,false,19,122,ded9240e,caught,fb66ce1f,true,kkr,rr
1254075,1,false,19,126,c38d3503,bowled,fb66ce1f,true,kkr,rr
1254075,2,false,3,20,99b75528,lbw,5b7ab5a9,true,rr,kkr
1254075,2,false,4,30,6c19c6e5,caught,c38d3503,true,rr,kkr
1254075,2,false,10,69,a4e37e47,caught,5b7ab5a9,true,rr,kkr
1254075,2,false,13,86,39a2dfa8,caught,85e0cf10,true,rr,kkr
1254076,1,false,9,58,45a43fe2,caught,57ee1fde,true,csk,rcb
1254076,1,false,13,85,1dc12ab9,caught,f986ca1a,true,csk,rcb
1254076,1,false,13,86,3355b542,caught,f986ca1a,true,csk,rcb
1254076,1,false,17,108,70d205c9,caught,f986ca1a,true,csk,rcb
1254076,2,false,3,22,ba607b88,caught,e94915e6,true,rcb,csk
1254076,2,false,4,33,2c25d4f5,caught,1abb78f8,true,rcb,csk
1254076,2,false,6,41,f19ccfad,caught,fe93fd9d,true,rcb,csk
1254076,2,false,8,56,b681e71e,bowled,fe93fd9d,true,rcb,csk
1254076,2,false,9,61,2a2e6343,run out,,false,rcb,csk
1254076,2,false,10,64,c4487b84,bowled,fe93fd9d,true,rcb,csk
1254076,2,false,11,76,f986ca1a,bowled,acee4cc4,true,rcb,csk
1254076,2,false,13,84,21d4e29b,caught,acee4cc4,true,rcb,csk
1254076,2,false,15,101,68c56d09,run out,,false,rcb,csk
1254077,1,false,10,64,0a476045,bowled,5f547c8b,true,dc,srh
1254077,1,false,11,71,8b3e9c7c,run out,,false,dc,srh
1254077,1,false,18,113,919a3be2,caught,dcf81436,true,dc,srh
1254077,1,false,18,117,48a1d7b7,caught,dcf81436,true,dc,srh
1254077,2,false,3,20,dcce6f09,run out,,false,srh,dc
1254077,2,false,5,35,abb83e27,caught,eef2536f,true,srh,dc
1254077,2,false,11,69,26d76ad9,caught,eef2536f,true,srh,dc
1254077,2,false,14,88,99d63244,stumped,6b19d823,true,srh,dc
1254077,2,false,16,100,f29185a1,lbw,2e171977,true,srh,dc
1254077,2,false,16,101,5f547c8b,lbw,2e171977,true,srh,dc
1254077,2,false,18,115,0994d0ae,bowled,eef2536f,true,srh,dc
1254078,1,false,5,35,b17e2f24,caught,ded9240e,true,pbks,kkr
1254078,1,false,6,40,db584dad,caught,c38d3503,true,pbks,kkr
1254078,1,false,7,48,73ad96ed,caught,85e0cf10,true,pbks,kkr
1254078,1,false,11,71,00ea847a,caught,9d430b40,true,pbks,kkr
1254078,1,false,13,82,32198ae0,bowled,9d430b40,true,pbks,kkr
1254078,1,false,14,89,3241e3fd,bowled,5b7ab5a9,true,pbks,kkr
1254078,1,false,17,107,7dcb9bc9,caught,85e0cf10,true,pbks,kkr
1254078,1,false,18,113,df064e1a,caught,ded9240e,true,pbks,kkr
1254078,1,false,19,122,ffe699c0,bowled,85e0cf10,true,pbks,kkr
1254078,2,false,0,4,fb2d1dda,caught,32198ae0,true,kkr,pbks
1254078,2,false,1,11,b4b99816,lbw,8cf9814c,true,kkr,pbks
1254078,2,false,2,19,9d430b40,caught,244048f6,true,kkr,pbks
1254078,2,false,10,67,77255a9e,caught,73ad96ed,true,kkr,pbks
1254078,2,false,14,86,bbd41817,run out,,false,kkr,pbks
1254079,1,false,3,25,ba607b88,bowled,eef2536f,true,rcb,dc
1254079,1,false,4,26,2c25d4f5,bowled,5bb1a1c4,true,rcb,dc
1254079,1,false,8,52,b681e71e,caught,6b19d823,true,rcb,dc
1254079,1,false,14,90,c740ea83,caught,2e171977,true,rcb,dc
1254079,1,false,17,109,f19ccfad,caught and bowled,e62dd25d,true,rcb,dc
1254079,2,false,2,15,0a476045,caught,68c56d09,true,dc,rcb
1254079,2,false,3,21,30a45b23,caught,2f49c897,true,dc,rcb
1254079,2,false,7,44,8b3e9c7c,caught,f986ca1a,true,dc,rcb
1254079,2,false,12,78,d9273ee7,caught,f986ca1a,true,dc,rcb
1254080,1,false,3,22,abb83e27,caught,e94915e6,true,srh,csk
1254080,1,false,17,109,dcce6f09,caught,f834dcfc,true,srh,csk
1254080,1,false,17,113,93b4fc78,caught,f834dcfc,true,srh,csk
1254080,2,false,12,79,45a43fe2,bowled,5f547c8b,true,csk,srh
1254080,2,false,14,91,bb351c23,caught,5f547c8b,true,csk,srh
1254080,2,false,14,92,3355b542,lbw,5f547c8b,true,csk,srh
1254081,1,false,7,47,99b75528,stumped,2ed569a0,true,rr,mi
1254081,1,false,9,60,6c19c6e5,caught and bowled,2ed569a0,true,rr,mi
1254081,1,false,17,109,a4cc73aa,bowled,a818c1be,true,rr,mi
1254081,1,false,18,116,a4e37e47,caught and bowled,462411b3,true,rr,mi
1254081,2,false,5,36,740742ef,caught,fb66ce1f,true,mi,rr
1254081,2,false,9,56,271f83cd,caught,fb66ce1f,true,mi,rr
1254081,2,false,16,102,5b8c830e,bowled,0a8fce53,true,mi,rr
1254082,1,false,3,22,fb2d1dda,stumped,2e171977,true,kkr,dc
1254082,1,false,9,57,77255a9e,caught,d9273ee7,true,kkr,dc
1254082,1,false,10,62,d2a6c0e6,caught,ad427b5c,true,kkr,dc
1254082,1,false,10,64,9d430b40,bowled,ad427b5c,true,kkr,dc
1254082,1,false,12,78,b4b99816,caught,eef2536f,true,kkr,dc
1254082,1,false,16,98,c03f1114,lbw,2e171977,true,kkr,dc
1254082,2,false,13,87,0a476045,lbw,ded9240e,true,dc,kkr
1254082,2,false,15,97,8b3e9c7c,caught,ded9240e,true,dc,kkr
1254082,2,false,15,100,919a3be2,caught,ded9240e,true,dc,kkr
1254083,1,false,3,22,9418198b,caught,68c56d09,true,pbks,rcb
1254083,1,false,10,67,db584dad,caught,caf69bf7,true,pbks,rcb
1254083,1,false,11,73,3241e3fd,caught,68c56d09,true,pbks,rcb
1254083,1,false,13,88,73ad96ed,caught,f9e6e7ef,true,pbks,rcb
1254083,1,false,14,92,7dcb9bc9,bowled,57ee1fde,true,pbks,rcb
1254083,2,false,2,15,2c25d4f5,bowled,64775749,true,rcb,pbks
1254083,2,false,10,61,ba607b88,bowled,c05edf8e,true,rcb,pbks
1254083,2,false,10,62,b681e71e,bowled,c05edf8e,true,rcb,pbks
1254083,2,false,12,74,c4487b84,caught,c05edf8e,true,rcb,pbks
1254083,2,false,14,90,c740ea83,caught,ffe699c0,true,rcb,pbks
1254083,2,false,15,96,f9e6e7ef,caught,df064e1a,true,rcb,pbks
1254083,2,false,15,97,caf69bf7,bowled,df064e1a,true,rcb,pbks
1254083,2,false,19,120,f986ca1a,caught,8cf9814c,true,rcb,pbks
1254084,1,false,0,4,45a43fe2,caught,a818c1be,true,csk,mi
1254084,1,false,10,65,bb351c23,caught,462411b3,true,csk,mi
1254084,1,false,11,71,3355b542,caught,a757b0d8,true,csk,mi
1254084,1,false,11,72,1dc12ab9,caught,a757b0d8,true,csk,mi
1254084,2,false,7,49,740742ef,caught,1abb78f8,true,mi,csk
1254084,2,false,8,55,271f83cd,caught,fe93fd9d,true,mi,csk
1254084,2,false,9,61,372455c4,caught and bowled,bb351c23,true,mi,csk
1254084,2,false,16,105,5b8c830e,lbw,e94915e6,true,mi,csk
1254084,2,false,18,120,dbe50b21,caught,e94915e6,true,mi,csk
1254084,2,false,18,122,9219eff0,caught,e94915e6,true,mi,csk
1254085,1,false,2,18,6c19c6e5,lbw,5f547c8b,true,rr,srh
1254085,1,false,16,106,a4cc73aa,caught,0994d0ae,true,rr,srh
1254085,1,false,18,122,99b75528,bowled,ce820073,true,rr,srh
1254085,2,false,6,38,93b4fc78,bowled,0a8fce53,true,srh,rr
1254085,2,false,7,50,abb83e27,caught,39a2dfa8,true,srh,rr
1254085,2,false,10,66,0994d0ae,caught,fb66ce1f,true,srh,rr
1254085,2,false,12,81,d027ba9f,caught,5d2eea49,true,srh,rr
1254085,2,false,14,90,62af8546,caught,0a8fce53,true,srh,rr
1254085,2,false,16,105,8e514b4c,caught,fb66ce1f,true,srh,rr
1254085,2,false,16,108,99d63244,bowled,fb66ce1f,true,srh,rr
1254085,2,false,17,111,5f547c8b,caught,0a8fce53,true,srh,rr
1254086,1,false,3,21,9418198b,caught,e62dd25d,true,pbks,dc
1254086,1,false,5,32,db584dad,bowled,e62dd25d,true,pbks,dc
1254086,1,false,13,79,ad9c32a2,bowled,2e171977,true,pbks,dc
1254086,1,false,13,81,73ad96ed,run out,,false,pbks,dc
1254086,1,false,17,104,7dcb9bc9,caught,eef2536f,true,pbks,dc
1254086,1,false,18,114,ffe699c0,caught,e62dd25d,true,pbks,dc
1254086,2,false,6,38,8b3e9c7c,bowled,c05edf8e,true,dc,pbks
1254086,2,false,12,79,30a45b23,caught,64775749,true,dc,pbks
1254086,2,false,16,100,919a3be2,caught,ffe699c0,true,dc,pbks
1254087,1,false,1,11,ba607b88,lbw,85e0cf10,true,rcb,kkr
1254087,1,false,5,39,2c25d4f5,caught,2f9d0389,true,rcb,kkr
1254087,1,false,8,52,44a89551,caught,bbd41817,true,rcb,kkr
1254087,1,false,8,55,c4487b84,bowled,bbd41817,true,rcb,kkr
1254087,1,false,11,74,b681e71e,bowled,5b7ab5a9,true,rcb,kkr
1254087,1,false,11,75,a97c8ec2,lbw,5b7ab5a9,true,rcb,kkr
1254087,1,false,13,86,dc9dd038,caught,5b7ab5a9,true,rcb,kkr
1254087,1,false,15,97,68c56d09,run out,,false,rcb,kkr
1254087,1,false,16,103,f986ca1a,bowled,2f9d0389,true,rcb,kkr
1254087,1,false,18,118,2f49c897,caught,bbd41817,true,rcb,kkr
1254087,2,false,9,60,b4b99816,caught,57ee1fde,true,kkr,rcb
1254088,1,false,5,34,740742ef,caught,5f547c8b,true,mi,srh
1254088,1,false,8,53,dbe50b21,caught,0f721006,true,mi,srh
1254088,1,false,9,58,752f7486,caught,81c08fa3,true,mi,srh
1254088,1,false,12,81,a757b0d8,caught,f29185a1,true,mi,srh
1254088,1,false,12,82,9219eff0,caught,f29185a1,true,mi,srh
1254088,1,false,15,97,5b8c830e,caught,5f547c8b,true,mi,srh
1254088,1,false,17,108,56ab442f,caught,0f721006,true,mi,srh
1254088,1,false,19,120,98ae73b1,caught,0f721006,true,mi,srh
1254088,1,false,19,123,271f83cd,caught,0f721006,true,mi,srh
1254088,2,false,5,33,d1c36f5c,caught,a818c1be,true,srh,mi
1254088,2,false,6,43,f29185a1,caught,9219eff0,true,srh,mi
1254088,2,false,8,53,62af8546,caught,98ae73b1,true,srh,mi
1254088,2,false,9,57,8e514b4c,caught,9219eff0,true,srh,mi
1254088,2,false,15,93,bb965e9a,caught,462411b3,true,srh,mi
1254088,2,false,16,101,0f721006,caught,56ab442f,true,srh,mi
1254088,2,false,17,108,5f547c8b,caught and bowled,462411b3,true,srh,mi
1254088,2,false,18,116,fe11caa6,caught and bowled,56ab442f,true,srh,mi
1254089,1,false,6,41,3355b542,stumped,39a2dfa8,true,csk,rr
1254089,1,false,8,51,1dc12ab9,caught,39a2dfa8,true,csk,rr
1254089,1,false,14,89,bb351c23,stumped,39a2dfa8,true,csk,rr
1254089,1,false,16,100,70d205c9,caught,2cdce1be,true,csk,rr
1254089,2,false,5,32,0ebfb1ad,caught,1abb78f8,true,rr,csk
1254089,2,false,6,37,6c19c6e5,caught,798cc28e,true,rr,csk
1254089,2,false,15,99,a4cc73aa,caught,1abb78f8,true,rr,csk
1254090,1,false,9,61,ba607b88,bowled,32198ae0,true,rcb,pbks
1254090,1,false,9,62,2a2e6343,caught,32198ae0,true,rcb,pbks
1254090,1,false,11,73,2c25d4f5,caught,32198ae0,true,rcb,pbks
1254090,1,false,18,113,c4487b84,run out,,false,rcb,pbks
1254090,1,false,19,121,b681e71e,caught,8cf9814c,true,rcb,pbks
1254090,1,false,19,123,f9e6e7ef,bowled,8cf9814c,true,rcb,pbks
1254090,1,false,19,124,be869ccf,bowled,8cf9814c,true,rcb,pbks
1254090,2,false,10,68,b17e2f24,caught,f9e6e7ef,true,pbks,rcb
1254090,2,false,12,82,3241e3fd,caught,57ee1fde,true,pbks,rcb
1254090,2,false,15,97,00ea847a,caught,57ee1fde,true,pbks,rcb
1254090,2,false,15,100,f088b960,bowled,57ee1fde,true,pbks,rcb
1254090,2,false,16,106,6a26221c,caught,be869ccf,true,pbks,rcb
1254090,2,false,19,121,7dcb9bc9,run out,,false,pbks,rcb
1254091,1,false,3,21,d1c36f5c,caught,03806cf8,true,srh,csk
1254091,1,false,6,40,d027ba9f,lbw,87e562a9,true,srh,csk
1254091,1,false,10,69,bb965e9a,caught,87e562a9,true,srh,csk
1254091,1,false,12,79,fe11caa6,caught,fe93fd9d,true,srh,csk
1254091,1,false,16,103,f29185a1,caught,03806cf8,true,srh,csk
1254091,1,false,16,105,8e514b4c,caught,03806cf8,true,srh,csk
1254091,1,false,18,114,0f721006,caught,1abb78f8,true,srh,csk
1254091,2,false,10,62,45a43fe2,caught,0f721006,true,csk,srh
1254091,2,false,14,89,bb351c23,bowled,5f547c8b,true,csk,srh
1254091,2,false,15,95,1dc12ab9,lbw,0f721006,true,csk,srh
1254091,2,false,15,97,3355b542,caught,0f721006,true,csk,srh
1254092,1,false,4,30,0a476045,caught,2f9d0389,true,dc,kkr
1254092,1,false,6,39,85ec8e33,bowled,9d430b40,true,dc,kkr
1254092,1,false,12,75,30a45b23,bowled,2f9d0389,true,dc,kkr
1254092,1,false,13,84,48a1d7b7,caught,a24be938,true,dc,kkr
1254092,1,false,14,88,ad427b5c,lbw,9d430b40,true,dc,kkr
1254092,1,false,15,96,2e171977,caught,a24be938,true,dc,kkr
1254092,1,false,19,118,495d42a5,caught,13c35c9e,true,dc,kkr
1254092,1,false,19,120,919a3be2,run out,,false,dc,kkr
1254092,1,false,19,124,eef2536f,run out,,false,dc,kkr
1254092,2,false,4,28,a24be938,bowled,ad427b5c,true,kkr,dc
1254092,2,false,5,36,77255a9e,caught,eef2536f,true,kkr,dc
1254092,2,false,10,67,b4b99816,caught,e62dd25d,true,kkr,dc
1254092,2,false,11,69,d2a6c0e6,caught,495d42a5,true,kkr,dc
1254092,2,false,14,89,c03f1114,bowled,eef2536f,true,kkr,dc
1254092,2,false,16,104,9d430b40,caught,acdc62f5,true,kkr,dc
1254092,2,false,17,111,13c35c9e,bowled,eef2536f,true,kkr,dc
1254093,1,false,3,23,6c19c6e5,caught,56ab442f,true,rr,mi
1254093,1,false,5,35,0ebfb1ad,lbw,462411b3,true,rr,mi
1254093,1,false,6,39,a4cc73aa,caught,9219eff0,true,rr,mi
1254093,1,false,8,53,a4e37e47,bowled,9219eff0,true,rr,mi
1254093,1,false,9,60,9a46c4e5,bowled,56ab442f,true,rr,mi
1254093,1,false,14,92,39a2dfa8,caught,9219eff0,true,rr,mi
1254093,1,false,15,98,7a8bd078,caught,462411b3,true,rr,mi
1254093,1,false,16,102,d67d5f00,lbw,56ab442f,true,rr,mi
1254093,1,false,18,115,2cdce1be,bowled,56ab442f,true,rr,mi
1254093,2,false,3,20,740742ef,caught,2cdce1be,true,mi,rr
1254093,2,false,5,35,271f83cd,caught,0a8fce53,true,mi,rr
1254094,1,false,3,24,45a43fe2,caught,244048f6,true,csk,pbks
1254094,1,false,5,35,bb351c23,caught,244048f6,true,csk,pbks
1254094,1,false,6,42,1c17e270,caught,ffe699c0,true,csk,pbks
1254094,1,false,8,53,70d205c9,caught,ffe699c0,true,csk,pbks
1254094,1,false,11,76,4a8a2e3b,bowled,df064e1a,true,csk,pbks
1254094,1,false,19,123,3355b542,caught,8cf9814c,true,csk,pbks
1254094,2,false,4,28,00ea847a,lbw,1abb78f8,true,pbks,csk
1254094,2,false,4,31,f088b960,caught,1abb78f8,true,pbks,csk
1254094,2,false,8,55,7dcb9bc9,caught,23eeb873,true,pbks,csk
1254094,2,false,12,78,6a26221c,caught,1abb78f8,true,pbks,csk
1254095,1,false,1,11,f29185a1,caught,be869ccf,true,srh,rcb
1254095,1,false,11,72,d027ba9f,bowled,f986ca1a,true,srh,rcb
1254095,1,false,14,88,bb965e9a,caught,2a2e6343,true,srh,rcb
1254095,1,false,14,93,d1c36f5c,caught and bowled,2a2e6343,true,srh,rcb
1254095,1,false,15,94,8e514b4c,lbw,57ee1fde,true,srh,rcb
1254095,1,false,17,107,fe11caa6,caught,f986ca1a,true,srh,rcb
1254095,1,false,19,124,0f721006,caught,f986ca1a,true,srh,rcb
1254095,2,false,0,6,ba607b88,lbw,2e81a32d,true,rcb,srh
1254095,2,false,3,21,2a2e6343,caught,dcf81436,true,rcb,srh
1254095,2,false,6,42,44a89551,caught,81c08fa3,true,rcb,srh
1254095,2,false,14,87,b681e71e,run out,,false,rcb,srh
1254095,2,false,16,103,2c25d4f5,caught,5f547c8b,true,rcb,srh
1254095,2,false,18,114,f9e6e7ef,caught,0f721006,true,rcb,srh
1254096,1,false,9,59,740742ef,caught,9d430b40,true,mi,kkr
1254096,1,false,12,76,271f83cd,caught,85e0cf10,true,mi,kkr
1254096,1,false,14,94,372455c4,caught,85e0cf10,true,mi,kkr
1254096,1,false,16,103,752f7486,caught,2f9d0389,true,mi,kkr
1254096,1,false,19,124,a757b0d8,run out,,false,mi,kkr
1254096,1,false,19,125,5b8c830e,caught,2f9d0389,true,mi,kkr
1254096,2,false,2,18,b4b99816,bowled,462411b3,true,kkr,mi
1254096,2,false,11,72,a24be938,bowled,462411b3,true,kkr,mi
1254096,2,false,14,87,d2a6c0e6,caught,462411b3,true,kkr,mi
1254097,1,false,3,19,0a476045,bowled,5d2eea49,true,dc,rr
1254097,1,false,4,26,8b3e9c7c,caught,2cdce1be,true,dc,rr
1254097,1,false,11,72,919a3be2,bowled,0a8fce53,true,dc,rr
1254097,1,false,13,82,85ec8e33,stumped,39a2dfa8,true,dc,rr
1254097,1,false,16,102,48a1d7b7,caught,0a8fce53,true,dc,rr
1254097,1,false,18,116,2e171977,caught,2cdce1be,true,dc,rr
1254097,2,false,0,6,50c6bc2b,caught,eef2536f,true,rr,dc
1254097,2,false,1,7,6c19c6e5,caught,acdc62f5,true,rr,dc
1254097,2,false,4,26,d67d5f00,stumped,495d42a5,true,rr,dc
1254097,2,false,10,63,da934ee8,caught,e62dd25d,true,rr,dc
1254097,2,false,11,72,04a418e8,bowled,2e171977,true,rr,dc
1254097,2,false,17,107,39a2dfa8,caught,acdc62f5,true,rr,dc
1254098,1,false,0,6,b4b99816,run out,,false,kkr,csk
1254098,1,false,5,33,a24be938,caught,1abb78f8,true,kkr,csk
1254098,1,false,9,57,d2a6c0e6,caught,03806cf8,true,kkr,csk
1254098,1,false,12,76,77255a9e,bowled,fe93fd9d,true,kkr,csk
1254098,1,false,16,104,bbd41817,bowled,1abb78f8,true,kkr,csk
1254098,1,false,19,124,c03f1114,caught,03806cf8,true,kkr,csk
1254098,2,false,8,50,45a43fe2,caught,bbd41817,true,csk,kkr
1254098,2,false,11,69,3355b542,caught,85e0cf10,true,csk,kkr
1254098,2,false,14,87,70d205c9,bowled,9d430b40,true,csk,kkr
1254098,2,false,16,103,bb351c23,caught,2f9d0389,true,csk,kkr
1254098,2,false,17,106,1dc12ab9,run out,,false,csk,kkr
1254098,2,false,17,108,4a8a2e3b,bowled,5b7ab5a9,true,csk,kkr
1254098,2,false,19,118,e94915e6,caught,9d430b40,true,csk,kkr
1254098,2,false,19,122,fe93fd9d,lbw,9d430b40,true,csk,kkr
1254099,1,false,5,34,c3a96caf,lbw,5b8c830e,true,pbks,mi
1254099,1,false,6,40,db584dad,caught,a757b0d8,true,pbks,mi
1254099,1,false,6,43,b17e2f24,caught,a757b0d8,true,pbks,mi
1254099,1,false,7,48,3241e3fd,lbw,462411b3,true,pbks,mi
1254099,1,false,15,95,6a26221c,bowled,2ed569a0,true,pbks,mi
1254099,1,false,18,115,73ad96ed,caught,462411b3,true,pbks,mi
1254099,2,false,3,22,740742ef,caught,df064e1a,true,mi,pbks
1254099,2,false,3,23,271f83cd,bowled,df064e1a,true,mi,pbks
1254099,2,false,9,60,372455c4,bowled,8cf9814c,true,mi,pbks
1254099,2,false,15,92,709b0bac,caught,9eb1455b,true,mi,pbks
1254100,1,false,1,7,0ebfb1ad,caught,2e81a32d,true,rr,srh
1254100,1,false,8,52,6c19c6e5,bowled,ce820073,true,rr,srh
1254100,1,false,10,61,50c6bc2b,caught,5f547c8b,true,rr,srh
1254100,1,false,19,119,a4cc73aa,caught,dcf81436,true,rr,srh
1254100,1,false,19,121,04a418e8,caught,dcf81436,true,rr,srh
1254100,2,false,5,32,fe11caa6,stumped,da934ee8,true,srh,rr
1254100,2,false,11,75,d1c36f5c,caught,2cdce1be,true,srh,rr
1254100,2,false,12,81,bb965e9a,caught and bowled,0a8fce53,true,srh,rr
1254101,1,false,10,64,0a476045,caught,f986ca1a,true,dc,rcb
1254101,1,false,11,71,8b3e9c7c,caught,57ee1fde,true,dc,rcb
1254101,1,false,12,79,919a3be2,caught,2a2e6343,true,dc,rcb
1254101,1,false,17,110,85ec8e33,caught,2f49c897,true,dc,rcb
1254101,1,false,19,126,48a1d7b7,caught,2f49c897,true,dc,rcb
1254101,2,false,0,5,2c25d4f5,caught,acdc62f5,true,rcb,dc
1254101,2,false,2,14,ba607b88,caught,acdc62f5,true,rcb,dc
1254101,2,false,9,59,c4487b84,caught,2e171977,true,rcb,dc
1254102,1,false,2,15,b4b99816,bowled,244048f6,true,kkr,pbks
1254102,1,false,11,71,77255a9e,caught,df064e1a,true,kkr,pbks
1254102,1,false,14,91,a24be938,caught,df064e1a,true,kkr,pbks
1254102,1,false,15,98,d2a6c0e6,lbw,8cf9814c,true,kkr,pbks
1254102,1,false,17,109,fb2d1dda,caught,244048f6,true,kkr,pbks
1254102,1,false,18,116,4663bd23,run out,,false,kkr,pbks
1254102,1,false,19,124,c03f1114,bowled,244048f6,true,kkr,pbks
1254102,2,false,8,54,00ea847a,caught,5b7ab5a9,true,pbks,kkr
1254102,2,false,10,65,3241e3fd,caught,5b7ab5a9,true,pbks,kkr
1254102,2,false,15,97,6a26221c,caught,9d430b40,true,pbks,kkr
1254102,2,false,16,103,73ad96ed,caught,c38d3503,true,pbks,kkr
1254102,2,false,19,120,b17e2f24,caught,a24be938,true,pbks,kkr
1254103,1,false,8,50,6c19c6e5,caught,2a2e6343,true,rr,rcb
1254103,1,false,11,68,0ebfb1ad,caught,be869ccf,true,rr,rcb
1254103,1,false,12,79,da934ee8,stumped,57ee1fde,true,rr,rcb
1254103,1,false,13,81,a4cc73aa,caught,f9e6e7ef,true,rr,rcb
1254103,1,false,13,86,39a2dfa8,caught,f9e6e7ef,true,rr,rcb
1254103,1,false,16,100,50c6bc2b,caught,57ee1fde,true,rr,rcb
1254103,1,false,19,119,04a418e8,caught,f986ca1a,true,rr,rcb
1254103,1,false,19,120,fb66ce1f,caught,f986ca1a,true,rr,rcb
1254103,1,false,19,123,2cdce1be,caught,f986ca1a,true,rr,rcb
1254103,2,false,5,34,2c25d4f5,bowled,0a8fce53,true,rcb,rr
1254103,2,false,6,43,ba607b88,run out,,false,rcb,rr
1254103,2,false,15,100,44a89551,caught,0a8fce53,true,rcb,rr
1254104,1,false,0,5,3355b542,caught,a818c1be,true,csk,mi
1254104,1,false,1,9,bb351c23,caught,350bb1b1,true,csk,mi
1254104,1,false,1,12,70d205c9,retired hurt,,false,csk,mi
1254104,1,false,2,18,1dc12ab9,caught,a818c1be,true,csk,mi
1254104,1,false,5,36,4a8a2e3b,caught,350bb1b1,true,csk,mi
1254104,1,false,16,104,fe93fd9d,caught,462411b3,true,csk,mi
1254104,1,false,19,121,87e562a9,caught,462411b3,true,csk,mi
1254104,2,false,2,14,372455c4,lbw,23eeb873,true,mi,csk
1254104,2,false,4,30,1399b39c,bowled,23eeb873,true,mi,csk
1254104,2,false,5,34,271f83cd,caught,1abb78f8,true,mi,csk
1254104,2,false,9,56,752f7486,caught,87e562a9,true,mi,csk
1254104,2,false,13,80,a757b0d8,lbw,03806cf8,true,mi,csk
1254104,2,false,14,89,5b8c830e,run out,,false,mi,csk
1254104,2,false,19,120,350bb1b1,caught,87e562a9,true,mi,csk
1254104,2,false,19,122,2ed569a0,caught,87e562a9,true,mi,csk
1254105,1,false,0,3,dcce6f09,caught,acdc62f5,true,srh,dc
1254105,1,false,4,30,fe11caa6,caught,e62dd25d,true,srh,dc
1254105,1,false,9,61,d027ba9f,caught,2e171977,true,srh,dc
1254105,1,false,10,63,93b4fc78,caught and bowled,e62dd25d,true,srh,dc
1254105,1,false,12,80,99d63244,lbw,acdc62f5,true,srh,dc
1254105,1,false,15,94,0f721006,caught,2e171977,true,srh,dc
1254105,1,false,18,114,8e514b4c,caught,e62dd25d,true,srh,dc
1254105,1,false,19,124,5f547c8b,run out,,false,srh,dc
1254105,1,false,19,126,ce820073,run out,,false,srh,dc
1254105,2,false,2,17,8b3e9c7c,caught,a2f46292,true,dc,srh
1254105,2,false,10,65,0a476045,caught,5f547c8b,true,dc,srh
1254106,1,false,10,69,a24be938,bowled,39a2dfa8,true,kkr,rr
1254106,1,false,11,75,fb2d1dda,caught,9a46c4e5,true,kkr,rr
1254106,1,false,15,100,b4b99816,caught,fb66ce1f,true,kkr,rr
1254106,1,false,17,109,77255a9e,bowled,2cdce1be,true,kkr,rr
1254106,2,false,0,3,6c19c6e5,bowled,7dc35884,true,rr,kkr
1254106,2,false,1,7,a4cc73aa,caught,c38d3503,true,rr,kkr
1254106,2,false,3,20,50c6bc2b,caught,2f9d0389,true,rr,kkr
1254106,2,false,3,22,c8f5f961,lbw,2f9d0389,true,rr,kkr
1254106,2,false,7,45,9a46c4e5,bowled,c38d3503,true,rr,kkr
1254106,2,false,7,48,a4e37e47,bowled,c38d3503,true,rr,kkr
1254106,2,false,8,54,fb66ce1f,lbw,5b7ab5a9,true,rr,kkr
1254106,2,false,11,68,1e66c162,caught,2f9d0389,true,rr,kkr
1254106,2,false,15,93,2cdce1be,run out,,false,rr,kkr
1254106,2,false,16,97,39a2dfa8,bowled,c38d3503,true,rr,kkr
1254107,1,false,4,25,b17e2f24,caught,0f721006,true,pbks,srh
1254107,1,false,4,29,00ea847a,caught,0f721006,true,pbks,srh
1254107,1,false,10,65,db584dad,lbw,5f547c8b,true,pbks,srh
1254107,1,false,11,71,3241e3fd,caught and bowled,ce820073,true,pbks,srh
1254107,1,false,14,89,6a26221c,caught,8e514b4c,true,pbks,srh
1254107,1,false,15,95,73ad96ed,caught,0f721006,true,pbks,srh
1254107,1,false,19,120,9eb1455b,caught,2e81a32d,true,pbks,srh
1254107,2,false,0,3,dcce6f09,caught,8cf9814c,true,srh,pbks
1254107,2,false,2,14,d027ba9f,bowled,8cf9814c,true,srh,pbks
1254107,2,false,7,49,93b4fc78,bowled,df064e1a,true,srh,pbks
1254107,2,false,12,76,99d63244,bowled,df064e1a,true,srh,pbks
1254107,2,false,12,80,8e514b4c,caught,df064e1a,true,srh,pbks
1254107,2,false,16,99,fe11caa6,run out,,false,srh,pbks
1254107,2,false,18,111,5f547c8b,caught and bowled,244048f6,true,srh,pbks
1254108,1,false,1,11,2c25d4f5,caught,462411b3,true,rcb,mi
1254108,1,false,8,55,44a89551,caught,2ed569a0,true,rcb,mi
1254108,1,false,15,100,ba607b88,caught,350bb1b1,true,rcb,mi
1254108,1,false,18,118,b681e71e,caught,462411b3,true,rcb,mi
1254108,1,false,18,119,c4487b84,caught,462411b3,true,rcb,mi
1254108,1,false,19,123,f9e6e7ef,bowled,a818c1be,true,rcb,mi
1254108,2,false,6,42,372455c4,caught,57ee1fde,true,mi,rcb
1254108,2,false,9,63,740742ef,caught,b681e71e,true,mi,rcb
1254108,2,false,10,66,752f7486,caught,57ee1fde,true,mi,rcb
1254108,2,false,13,83,5b8c830e,bowled,b681e71e,true,mi,rcb
1254108,2,false,14,89,271f83cd,caught,2f49c897,true,mi,rcb
1254108,2,false,16,102,dbe50b21,caught,f986ca1a,true,mi,rcb
1254108,2,false,16,103,a757b0d8,bowled,f986ca1a,true,mi,rcb
1254108,2,false,16,104,2ed569a0,lbw,f986ca1a,true,mi,rcb
1254108,2,false,17,110,462411b3,bowled,57ee1fde,true,mi,rcb
1254108,2,false,18,114,350bb1b1,bowled,f986ca1a,true,mi,rcb
1254109,1,false,0,2,fe11caa6,lbw,13c35c9e,true,srh,kkr
1254109,1,false,3,23,d1c36f5c,caught,c38d3503,true,srh,kkr
1254109,1,false,6,42,d027ba9f,run out,,false,srh,kkr
1254109,1,false,10,62,f29185a1,stumped,7dc35884,true,srh,kkr
1254109,1,false,14,87,bb965e9a,caught,5b7ab5a9,true,srh,kkr
1254109,1,false,16,98,0f721006,caught,5b7ab5a9,true,srh,kkr
1254109,1,false,17,105,8e514b4c,caught,13c35c9e,true,srh,kkr
1254109,1,false,18,111,5f547c8b,caught,c38d3503,true,srh,kkr
1254109,2,false,4,28,a24be938,caught,0f721006,true,kkr,srh
1254109,2,false,6,40,77255a9e,caught,5f547c8b,true,kkr,srh
1254109,2,false,16,101,b4b99816,caught,dcf81436,true,kkr,srh
1254109,2,false,17,110,fb2d1dda,caught,0f721006,true,kkr,srh
1254110,1,false,2,19,3355b542,caught,2e171977,true,csk,dc
1254110,1,false,4,31,45a43fe2,caught,acdc62f5,true,csk,dc
1254110,1,false,7,51,bb351c23,caught,2e171977,true,csk,dc
1254110,1,false,8,56,1c17e270,caught and bowled,495d42a5,true,csk,dc
1254110,1,false,19,121,4a8a2e3b,caught,eef2536f,true,csk,dc
1254110,2,false,2,17,8b3e9c7c,caught,23eeb873,true,dc,csk
1254110,2,false,5,37,85ec8e33,caught,03806cf8,true,dc,csk
1254110,2,false,8,56,919a3be2,caught,fe93fd9d,true,dc,csk
1254110,2,false,12,80,60500956,caught,fe93fd9d,true,dc,csk
1254110,2,false,14,88,495d42a5,bowled,1abb78f8,true,dc,csk
1254110,2,false,14,93,0a476045,caught,1abb78f8,true,dc,csk
1254110,2,false,19,123,2e171977,caught,87e562a9,true,dc,csk
1254111,1,false,5,34,0ebfb1ad,caught,244048f6,true,rr,pbks
1254111,1,false,7,44,a4cc73aa,caught,fdf7491e,true,rr,pbks
1254111,1,false,11,74,50c6bc2b,caught,244048f6,true,rr,pbks
1254111,1,false,14,89,6c19c6e5,caught,c05edf8e,true,rr,pbks
1254111,1,false,16,102,04a418e8,caught,8cf9814c,true,rr,pbks
1254111,1,false,17,107,da934ee8,caught,244048f6,true,rr,pbks
1254111,1,false,18,114,39a2dfa8,bowled,8cf9814c,true,rr,pbks
1254111,1,false,18,118,fb66ce1f,caught,8cf9814c,true,rr,pbks
1254111,1,false,19,124,2cdce1be,caught and bowled,244048f6,true,rr,pbks
1254111,1,false,19,125,5d2eea49,bowled,244048f6,true,rr,pbks
1254111,2,false,11,78,b17e2f24,caught,2cdce1be,true,pbks,rr
1254111,2,false,12,85,00ea847a,caught,39a2dfa8,true,pbks,rr
1254111,2,false,19,125,3241e3fd,caught,5d2eea49,true,pbks,rr
1254111,2,false,19,127,73ad96ed,caught,5d2eea49,true,pbks,rr
1254112,1,false,1,12,740742ef,caught,eef2536f,true,mi,dc
1254112,1,false,6,39,372455c4,caught,2e171977,true,mi,dc
1254112,1,false,10,64,271f83cd,caught,2e171977,true,mi,dc
1254112,1,false,12,80,709b0bac,caught,2e171977,true,mi,dc
1254112,1,false,14,90,a757b0d8,bowled,acdc62f5,true,mi,dc
1254112,1,false,18,115,dbe50b21,bowled,eef2536f,true,mi,dc
1254112,1,false,18,118,56ab442f,bowled,eef2536f,true,mi,dc
1254112,1,false,19,122,81049310,caught,495d42a5,true,mi,dc
1254112,2,false,1,12,0a476045,run out,,false,dc,mi
1254112,2,false,2,16,8b3e9c7c,lbw,5b8c830e,true,dc,mi
1254112,2,false,4,25,30a45b23,bowled,56ab442f,true,dc,mi
1254112,2,false,8,50,919a3be2,caught,81049310,true,dc,mi
1254112,2,false,11,73,2e171977,lbw,a818c1be,true,dc,mi
1254112,2,false,13,82,48a1d7b7,caught,462411b3,true,dc,mi
1254113,1,false,13,82,ba607b88,caught,87e562a9,true,rcb,csk
1254113,1,false,16,103,c4487b84,caught,1abb78f8,true,rcb,csk
1254113,1,false,16,104,2c25d4f5,caught,1abb78f8,true,rcb,csk
1254113,1,false,18,112,f1f99156,caught,23eeb873,true,rcb,csk
1254113,1,false,19,118,b681e71e,caught,87e562a9,true,rcb,csk
1254113,1,false,19,122,f986ca1a,caught,87e562a9,true,rcb,csk
1254113,2,false,8,51,45a43fe2,caught,57ee1fde,true,csk,rcb
1254113,2,false,9,56,3355b542,caught,b681e71e,true,csk,rcb
1254113,2,false,13,87,bb351c23,caught,f986ca1a,true,csk,rcb
1254113,2,false,15,97,70d205c9,caught,f986ca1a,true,csk,rcb
1254114,1,false,3,20,0a476045,caught,03806cf8,true,dc,csk
1254114,1,false,5,33,85ec8e33,caught,03806cf8,true,dc,csk
1254114,1,false,9,58,2e171977,caught,bb351c23,true,dc,csk
1254114,1,false,10,62,8b3e9c7c,caught,fe93fd9d,true,dc,csk
1254114,1,false,18,118,48a1d7b7,caught,87e562a9,true,dc,csk
1254114,2,false,0,4,3355b542,bowled,acdc62f5,true,csk,dc
1254114,2,false,13,82,1c17e270,caught,e86754b2,true,csk,dc
1254114,2,false,13,86,1abb78f8,caught,e86754b2,true,csk,dc
1254114,2,false,14,90,70d205c9,run out,,false,csk,dc
1254114,2,false,18,111,45a43fe2,caught,eef2536f,true,csk,dc
1254114,2,false,19,117,bb351c23,caught,e86754b2,true,csk,dc
1254115,1,false,5,33,2c25d4f5,bowled,2f9d0389,true,rcb,kkr
1254115,1,false,9,60,44a89551,caught,9d430b40,true,rcb,kkr
1254115,1,false,12,77,ba607b88,bowled,9d430b40,true,rcb,kkr
1254115,1,false,14,89,c4487b84,bowled,9d430b40,true,rcb,kkr
1254115,1,false,16,104,b681e71e,caught,9d430b40,true,rcb,kkr
1254115,1,false,18,118,f9e6e7ef,caught,2f9d0389,true,rcb,kkr
1254115,1,false,19,123,2a2e6343,run out,,false,rcb,kkr
1254115,2,false,5,32,b4b99816,caught,f986ca1a,true,kkr,rcb
1254115,2,false,6,42,77255a9e,lbw,57ee1fde,true,kkr,rcb
1254115,2,false,10,67,a24be938,caught,f986ca1a,true,kkr,rcb
1254115,2,false,14,89,fb2d1dda,caught,57ee1fde,true,kkr,rcb
1254115,2,false,17,107,9d430b40,bowled,2f49c897,true,kkr,rcb
1254115,2,false,17,109,c03f1114,caught,2f49c897,true,kkr,rcb
1254116,1,false,4,25,8b3e9c7c,lbw,5b7ab5a9,true,dc,kkr
1254116,1,false,11,71,d9273ee7,bowled,c38d3503,true,dc,kkr
1254116,1,false,14,87,0a476045,caught,5b7ab5a9,true,dc,kkr
1254116,1,false,15,94,919a3be2,caught,2f9d0389,true,dc,kkr
1254116,1,false,18,115,48a1d7b7,run out,,false,dc,kkr
1254116,2,false,12,79,a24be938,caught,e62dd25d,true,kkr,dc
1254116,2,false,15,101,fb2d1dda,caught,acdc62f5,true,kkr,dc
1254116,2,false,16,105,b4b99816,caught,eef2536f,true,kkr,dc
1254116,2,false,17,113,c03f1114,bowled,e62dd25d,true,kkr,dc
1254116,2,false,18,119,d2a6c0e6,bowled,acdc62f5,true,kkr,dc
1254116,2,false,19,122,7dc35884,lbw,495d42a5,true,kkr,dc
1254116,2,false,19,123,9d430b40,caught,495d42a5,true,kkr,dc
1254117,1,false,8,50,45a43fe2,caught,9d430b40,true,csk,kkr
1254117,1,false,13,84,1c17e270,lbw,9d430b40,true,csk,kkr
1254117,1,false,19,124,3355b542,caught,c38d3503,true,csk,kkr
1254117,2,false,10,66,a24be938,caught,1abb78f8,true,kkr,csk
1254117,2,false,10,69,fb2d1dda,caught,1abb78f8,true,kkr,csk
1254117,2,false,11,73,9d430b40,caught,03806cf8,true,kkr,csk
1254117,2,false,13,84,b4b99816,lbw,23eeb873,true,kkr,csk
1254117,2,false,14,93,c03f1114,caught,fe93fd9d,true,kkr,csk
1254117,2,false,14,95,7dc35884,lbw,fe93fd9d,true,kkr,csk
1254117,2,false,15,99,77255a9e,caught,1abb78f8,true,kkr,csk
1254117,2,false,16,104,d2a6c0e6,caught,03806cf8,true,kkr,csk
1254117,2,false,19,128,c38d3503,caught,87e562a9,true,kkr,csk
1304047,1,false,0,5,45a43fe2,caught,cc1e8c68,true,csk,kkr
1304047,1,false,4,28,df5a6881,caught,cc1e8c68,true,csk,kkr
1304047,1,false,7,51,1c17e270,stumped,5b7ab5a9,true,csk,kkr
1304047,1,false,8,56,70d205c9,run out,,false,csk,kkr
1304047,1,false,10,69,a4e37e47,caught,bbd41817,true,csk,kkr
1304047,2,false,6,38,a24be938,caught,87e562a9,true,kkr,csk
1304047,2,false,9,60,fb2d1dda,caught,87e562a9,true,kkr,csk
1304047,2,false,11,70,29e95537,caught,e4a0deae,true,kkr,csk
1304047,2,false,17,105,c16d4035,caught,87e562a9,true,kkr,csk
1304048,1,false,8,51,740742ef,caught,8d2c70ad,true,mi,dc
1304048,1,false,10,65,1399b39c,caught,8d2c70ad,true,mi,dc
1304048,1,false,14,87,b0482a1d,caught,a2f46292,true,mi,dc
1304048,1,false,15,96,a757b0d8,caught,8d2c70ad,true,mi,dc
1304048,1,false,18,115,f1f99156,caught,a2f46292,true,mi,dc
1304048,2,false,3,23,4663bd23,bowled,e2db2409,true,dc,mi
1304048,2,false,3,25,c3a96caf,caught,e2db2409,true,dc,mi
1304048,2,false,4,28,919a3be2,caught,245c97cb,true,dc,mi
1304048,2,false,9,61,8b3e9c7c,caught,871e9faf,true,dc,mi
1304048,2,false,9,63,650d5e49,caught,871e9faf,true,dc,mi
1304048,2,false,13,85,1abb78f8,caught,871e9faf,true,dc,mi
1304049,1,false,6,45,c8f5f961,bowled,2ed569a0,true,rcb,pbks
1304049,1,false,17,110,3355b542,caught,244048f6,true,rcb,pbks
1304049,2,false,7,45,00ea847a,caught,a97c8ec2,true,pbks,rcb
1304049,2,false,11,70,0a476045,caught,f986ca1a,true,pbks,rcb
1304049,2,false,13,83,6c882e9a,caught,2f49c897,true,pbks,rcb
1304049,2,false,13,84,ba6b2f91,lbw,2f49c897,true,pbks,rcb
1304049,2,false,14,96,50c6bc2b,caught,0a67aec0,true,pbks,rcb
1304050,1,false,0,1,b17e2f24,caught,8cf9814c,true,lsg,gt
1304050,1,false,2,15,372455c4,bowled,8cf9814c,true,lsg,gt
1304050,1,false,3,22,0ebfb1ad,caught,0a3d54b9,true,lsg,gt
1304050,1,false,4,29,93b4fc78,bowled,8cf9814c,true,lsg,gt
1304050,1,false,15,98,73ad96ed,lbw,5f547c8b,true,lsg,gt
1304050,1,false,19,122,872b03f7,caught,0a3d54b9,true,lsg,gt
1304050,2,false,0,3,b4b99816,caught,327b58d3,true,gt,lsg
1304050,2,false,2,14,0994d0ae,bowled,327b58d3,true,gt,lsg
1304050,2,false,10,63,dbe50b21,caught,5b8c830e,true,gt,lsg
1304050,2,false,11,73,afa7e784,bowled,73ad96ed,true,gt,lsg
1304050,2,false,17,108,d67d5f00,caught,eef2536f,true,gt,lsg
1304051,1,false,6,42,6c19c6e5,caught,c5aef772,true,rr,srh
1304051,1,false,8,54,99b75528,caught,81c08fa3,true,rr,srh
1304051,1,false,14,98,2c25d4f5,bowled,81c08fa3,true,rr,srh
1304051,1,false,16,105,a4cc73aa,caught,2e81a32d,true,rr,srh
1304051,1,false,19,126,48a1d7b7,bowled,ce794613,true,rr,srh
1304051,1,false,19,130,04a418e8,caught,ce794613,true,rr,srh
1304051,2,false,1,10,d027ba9f,caught,85e0cf10,true,srh,rr
1304051,2,false,3,19,77255a9e,caught,85e0cf10,true,srh,rr
1304051,2,false,4,30,3241e3fd,lbw,a818c1be,true,srh,rr
1304051,2,false,8,52,f29185a1,caught,57ee1fde,true,srh,rr
1304051,2,false,10,64,8e514b4c,caught,57ee1fde,true,srh,rr
1304051,2,false,15,96,c5aef772,bowled,57ee1fde,true,srh,rr
1304051,2,false,18,117,f19ccfad,caught,a818c1be,true,srh,rr
1304052,1,false,3,19,a24be938,caught and bowled,0a67aec0,true,kkr,rcb
1304052,1,false,4,30,29e95537,caught,2f49c897,true,kkr,rcb
1304052,1,false,5,36,fb2d1dda,caught,0a67aec0,true,kkr,rcb
1304052,1,false,6,41,85ec8e33,caught,a97c8ec2,true,kkr,rcb
1304052,1,false,8,54,9d430b40,caught,a97c8ec2,true,kkr,rcb
1304052,1,false,8,55,acc1aeda,bowled,a97c8ec2,true,kkr,rcb
1304052,1,false,11,71,c16d4035,caught,f986ca1a,true,kkr,rcb
1304052,1,false,13,85,bbd41817,caught,f986ca1a,true,kkr,rcb
1304052,1,false,14,89,13c35c9e,caught,a97c8ec2,true,kkr,rcb
1304052,1,false,18,115,cc1e8c68,bowled,0a67aec0,true,kkr,rcb
1304052,2,false,0,3,c8f5f961,caught,cc1e8c68,true,rcb,kkr
1304052,2,false,1,12,3355b542,caught,13c35c9e,true,rcb,kkr
1304052,2,false,2,13,ba607b88,caught,cc1e8c68,true,rcb,kkr
1304052,2,false,10,68,7f048519,caught,9d430b40,true,rcb,kkr
1304052,2,false,15,100,f9e6e7ef,stumped,5b7ab5a9,true,rcb,kkr
1304052,2,false,17,109,d014d5ac,caught,13c35c9e,true,rcb,kkr
1304052,2,false,17,112,a97c8ec2,caught,13c35c9e,true,rcb,kkr
1304053,1,false,2,16,45a43fe2,run out,,false,csk,lsg
1304053,1,false,7,46,1c17e270,lbw,df064e1a,true,csk,lsg
1304053,1,false,10,62,bb351c23,bowled,eef2536f,true,csk,lsg
1304053,1,false,16,101,70d205c9,bowled,df064e1a,true,csk,lsg
1304053,1,false,18,113,a4e37e47,caught,eef2536f,true,csk,lsg
1304053,1,false,19,119,fe93fd9d,caught,7c7d63a2,true,csk,lsg
1304053,1,false,19,120,11614d87,lbw,7c7d63a2,true,csk,lsg
1304053,2,false,10,65,b17e2f24,caught,11614d87,true,lsg,csk
1304053,2,false,11,73,93b4fc78,caught,46a9bea1,true,lsg,csk
1304053,2,false,14,94,372455c4,caught,11614d87,true,lsg,csk
1304053,2,false,17,111,73ad96ed,caught,87e562a9,true,lsg,csk
1304054,1,false,0,6,00ea847a,lbw,cc1e8c68,true,pbks,kkr
1304054,1,false,3,23,6c882e9a,caught,c38d3503,true,pbks,kkr
1304054,1,false,5,37,0a476045,caught,13c35c9e,true,pbks,kkr
1304054,1,false,8,58,50c6bc2b,caught,cc1e8c68,true,pbks,kkr
1304054,1,false,9,61,ba6b2f91,bowled,9d430b40,true,pbks,kkr
1304054,1,false,12,77,7dcb9bc9,caught,13c35c9e,true,pbks,kkr
1304054,1,false,14,91,c05edf8e,bowled,cc1e8c68,true,pbks,kkr
1304054,1,false,14,93,2ed569a0,caught,cc1e8c68,true,pbks,kkr
1304054,1,false,18,117,e62dd25d,caught,bbd41817,true,pbks,kkr
1304054,1,false,18,118,244048f6,run out,,false,pbks,kkr
1304054,2,false,1,13,29e95537,caught,e62dd25d,true,kkr,pbks
1304054,2,false,4,28,a24be938,caught,23cca426,true,kkr,pbks
1304054,2,false,6,41,85ec8e33,caught,2ed569a0,true,kkr,pbks
1304054,2,false,6,43,fb2d1dda,lbw,2ed569a0,true,kkr,pbks
1304055,1,false,2,16,6c19c6e5,caught,462411b3,true,rr,mi
1304055,1,false,5,36,2c25d4f5,caught,245c97cb,true,rr,mi
1304055,1,false,14,89,a4cc73aa,caught,a757b0d8,true,rr,mi
1304055,1,false,18,116,48a1d7b7,caught,462411b3,true,rr,mi
1304055,1,false,18,119,99b75528,bowled,462411b3,true,rr,mi
1304055,1,false,18,120,495d42a5,run out,,false,rr,mi
1304055,1,false,19,123,21d4e29b,caught,245c97cb,true,rr,mi
1304055,1,false,19,126,04a418e8,caught,245c97cb,true,rr,mi
1304055,2,false,1,12,740742ef,caught,85e0cf10,true,mi,rr
1304055,2,false,3,26,1399b39c,caught,21d4e29b,true,mi,rr
1304055,2,false,12,81,752f7486,caught,a818c1be,true,mi,rr
1304055,2,false,14,90,b0482a1d,bowled,495d42a5,true,mi,rr
1304055,2,false,15,95,f1f99156,lbw,57ee1fde,true,mi,rr
1304055,2,false,15,96,caf69bf7,caught,57ee1fde,true,mi,rr
1304055,2,false,18,122,e2db2409,run out,,false,mi,rr
1304055,2,false,19,130,a757b0d8,caught,21d4e29b,true,mi,rr
1304056,1,false,0,3,afa7e784,caught,0a8fce53,true,gt,dc
1304056,1,false,6,39,0994d0ae,bowled,8d2c70ad,true,gt,dc
1304056,1,false,13,86,dbe50b21,caught,a2f46292,true,gt,dc
1304056,1,false,17,106,b4b99816,caught,a2f46292,true,gt,dc
1304056,1,false,19,120,39a2dfa8,caught,0a8fce53,true,gt,dc
1304056,1,false,19,123,0890552f,caught,0a8fce53,true,gt,dc
1304056,2,false,1,7,4663bd23,caught,dbe50b21,true,dc,gt
1304056,2,false,4,25,8b3e9c7c,caught,2f9d0389,true,dc,gt
1304056,2,false,4,30,c3a96caf,caught,2f9d0389,true,dc,gt
1304056,2,false,11,72,ad427b5c,run out,,false,dc,gt
1304056,2,false,14,87,919a3be2,caught,2f9d0389,true,dc,gt
1304056,2,false,14,91,2e171977,caught,2f9d0389,true,dc,gt
1304056,2,false,15,99,1abb78f8,lbw,5f547c8b,true,dc,gt
1304056,2,false,17,107,650d5e49,lbw,8cf9814c,true,dc,gt
1304056,2,false,17,108,a2f46292,caught,8cf9814c,true,dc,gt
1304057,1,false,0,2,00ea847a,caught,765a4731,true,pbks,csk
1304057,1,false,1,9,6c882e9a,run out,,false,pbks,csk
1304057,1,false,9,67,0a476045,caught,87e562a9,true,pbks,csk
1304057,1,false,10,71,50c6bc2b,caught,fe93fd9d,true,pbks,csk
1304057,1,false,14,98,800d2d97,caught,11614d87,true,pbks,csk
1304057,1,false,15,104,7dcb9bc9,caught,ffe699c0,true,pbks,csk
1304057,1,false,17,116,23cca426,caught,ffe699c0,true,pbks,csk
1304057,1,false,18,127,2ed569a0,caught,11614d87,true,pbks,csk
1304057,2,false,1,12,45a43fe2,caught,e62dd25d,true,csk,pbks
1304057,2,false,2,14,1c17e270,caught,7c3b3b78,true,csk,pbks
1304057,2,false,4,29,bb351c23,bowled,7c3b3b78,true,csk,pbks
1304057,2,false,5,34,fe93fd9d,bowled,244048f6,true,csk,pbks
1304057,2,false,7,46,70d205c9,caught,23cca426,true,csk,pbks
1304057,2,false,14,92,a4e37e47,caught,50c6bc2b,true,csk,pbks
1304057,2,false,14,93,87e562a9,caught and bowled,50c6bc2b,true,csk,pbks
1304057,2,false,15,98,11614d87,caught,2ed569a0,true,csk,pbks
1304057,2,false,17,107,4a8a2e3b,caught,2ed569a0,true,csk,pbks
1304057,2,false,17,112,ffe699c0,caught,2ed569a0,true,csk,pbks
1304058,1,false,1,10,372455c4,caught,f19ccfad,true,lsg,srh
1304058,1,false,3,19,0ebfb1ad,lbw,f19ccfad,true,lsg,srh
1304058,1,false,4,29,93b4fc78,caught,c5aef772,true,lsg,srh
1304058,1,false,15,91,73ad96ed,caught,c5aef772,true,lsg,srh
1304058,1,false,18,109,b17e2f24,lbw,ce794613,true,lsg,srh
1304058,1,false,18,112,5b8c830e,bowled,ce794613,true,lsg,srh
1304058,1,false,19,121,872b03f7,run out,,false,lsg,srh
1304058,2,false,3,22,d027ba9f,caught,eef2536f,true,srh,lsg
1304058,2,false,5,32,f29185a1,caught,eef2536f,true,srh,lsg
1304058,2,false,10,63,6a26221c,caught,5b8c830e,true,srh,lsg
1304058,2,false,13,82,77255a9e,caught,5b8c830e,true,srh,lsg
1304058,2,false,17,109,3241e3fd,caught,eef2536f,true,srh,lsg
1304058,2,false,17,110,8e514b4c,caught,eef2536f,true,srh,lsg
1304058,2,false,19,121,f19ccfad,caught,0f721006,true,srh,lsg
1304058,2,false,19,124,2e81a32d,caught,0f721006,true,srh,lsg
1304058,2,false,19,126,c5aef772,caught,0f721006,true,srh,lsg
1304059,1,false,1,11,6c19c6e5,bowled,7f048519,true,rr,rcb
1304059,1,false,9,62,2c25d4f5,caught,f986ca1a,true,rr,rcb
1304059,1,false,11,72,a4cc73aa,caught and bowled,a97c8ec2,true,rr,rcb
1304059,2,false,6,43,3355b542,caught,57ee1fde,true,rcb,rr
1304059,2,false,7,49,c8f5f961,caught,21d4e29b,true,rcb,rr
1304059,2,false,8,53,ba607b88,run out,,false,rcb,rr
1304059,2,false,8,54,7f048519,bowled,57ee1fde,true,rcb,rr
1304059,2,false,12,80,d014d5ac,caught,a818c1be,true,rcb,rr
1304059,2,false,17,113,f9e6e7ef,bowled,a818c1be,true,rcb,rr
1304060,1,false,2,17,740742ef,caught,cc1e8c68,true,mi,kkr
1304060,1,false,7,47,844e79d1,stumped,5b7ab5a9,true,mi,kkr
1304060,1,false,10,66,752f7486,caught,ded9240e,true,mi,kkr
1304060,1,false,19,115,271f83cd,caught,ded9240e,true,mi,kkr
1304060,2,false,4,25,29e95537,caught,245c97cb,true,kkr,mi
1304060,2,false,5,36,85ec8e33,caught,caf69bf7,true,kkr,mi
1304060,2,false,9,59,c16d4035,caught,e2db2409,true,kkr,mi
1304060,2,false,11,70,fb2d1dda,caught,e2db2409,true,kkr,mi
1304060,2,false,13,79,bbd41817,caught,245c97cb,true,kkr,mi
1304061,1,false,7,47,8b3e9c7c,caught,90de905a,true,dc,lsg
1304061,1,false,8,53,dcce6f09,caught,df064e1a,true,dc,lsg
1304061,1,false,10,65,650d5e49,bowled,df064e1a,true,dc,lsg
1304061,2,false,9,60,b17e2f24,caught,8d2c70ad,true,lsg,dc
1304061,2,false,12,77,0ebfb1ad,caught,ad427b5c,true,lsg,dc
1304061,2,false,15,100,372455c4,caught,8d2c70ad,true,lsg,dc
1304061,2,false,19,119,73ad96ed,caught,1abb78f8,true,lsg,dc
1304062,1,false,1,12,00ea847a,caught,dbe50b21,true,pbks,gt
1304062,1,false,4,29,abb83e27,caught,2f9d0389,true,pbks,gt
1304062,1,false,10,62,0a476045,caught,5f547c8b,true,pbks,gt
1304062,1,false,13,81,800d2d97,caught,cd8d2859,true,pbks,gt
1304062,1,false,13,82,23cca426,caught,cd8d2859,true,pbks,gt
1304062,1,false,15,95,50c6bc2b,caught,5f547c8b,true,pbks,gt
1304062,1,false,15,97,7dcb9bc9,lbw,5f547c8b,true,pbks,gt
1304062,1,false,16,100,e62dd25d,run out,,false,pbks,gt
1304062,1,false,17,110,7c3b3b78,bowled,8cf9814c,true,pbks,gt
1304062,2,false,3,21,afa7e784,caught,e62dd25d,true,gt,pbks
1304062,2,false,14,89,d5130a30,caught,2ed569a0,true,gt,pbks
1304062,2,false,18,116,b4b99816,caught,e62dd25d,true,gt,pbks
1304062,2,false,19,119,dbe50b21,run out,,false,gt,pbks
1304063,1,false,3,19,1c17e270,caught,f19ccfad,true,csk,srh
1304063,1,false,5,31,45a43fe2,bowled,ce794613,true,csk,srh
1304063,1,false,13,81,70d205c9,caught,f19ccfad,true,csk,srh
1304063,1,false,14,89,bb351c23,caught,6a26221c,true,csk,srh
1304063,1,false,15,93,a4e37e47,caught,ce794613,true,csk,srh
1304063,1,false,17,105,4a8a2e3b,caught,81c36ee9,true,csk,srh
1304063,1,false,19,121,fe93fd9d,caught,2e81a32d,true,csk,srh
1304063,2,false,12,74,d027ba9f,caught,765a4731,true,srh,csk
1304063,2,false,17,106,f29185a1,caught,87e562a9,true,srh,csk
1304064,1,false,6,39,740742ef,caught and bowled,f986ca1a,true,mi,rcb
1304064,1,false,8,52,844e79d1,lbw,a97c8ec2,true,mi,rcb
1304064,1,false,9,57,752f7486,caught,0a67aec0,true,mi,rcb
1304064,1,false,9,60,b0482a1d,run out,,false,mi,rcb
1304064,1,false,10,62,a757b0d8,lbw,a97c8ec2,true,mi,rcb
1304064,1,false,13,81,be24ead0,caught,f986ca1a,true,mi,rcb
1304064,2,false,8,51,3355b542,caught,1e66c162,true,rcb,mi
1304064,2,false,16,104,c8f5f961,run out,,false,rcb,mi
1304064,2,false,18,112,ba607b88,lbw,844e79d1,true,rcb,mi
1304065,1,false,8,53,8b3e9c7c,bowled,5b7ab5a9,true,dc,kkr
1304065,1,false,12,81,919a3be2,caught,bbd41817,true,dc,kkr
1304065,1,false,13,87,ad427b5c,lbw,9d430b40,true,dc,kkr
1304065,1,false,15,95,650d5e49,caught,9d430b40,true,dc,kkr
1304065,1,false,16,105,dcce6f09,caught,cc1e8c68,true,dc,kkr
1304065,2,false,2,15,a24be938,caught,a2f46292,true,kkr,dc
1304065,2,false,4,28,29e95537,caught,a2f46292,true,kkr,dc
1304065,2,false,11,72,fb2d1dda,caught,ad427b5c,true,kkr,dc
1304065,2,false,12,79,85ec8e33,stumped,8d2c70ad,true,kkr,dc
1304065,2,false,14,90,c16d4035,caught,a2f46292,true,kkr,dc
1304065,2,false,15,96,ded9240e,lbw,8d2c70ad,true,kkr,dc
1304065,2,false,15,98,9d430b40,caught,8d2c70ad,true,kkr,dc
1304065,2,false,15,99,cc1e8c68,caught and bowled,8d2c70ad,true,kkr,dc
1304065,2,false,19,119,bbd41817,caught,1abb78f8,true,kkr,dc
1304065,2,false,19,121,b8527c3d,caught,1abb78f8,true,kkr,dc
1304066,1,false,5,34,99b75528,bowled,eef2536f,true,rr,lsg
1304066,1,false,8,55,a4cc73aa,lbw,0f721006,true,rr,lsg
1304066,1,false,9,59,2c25d4f5,caught,90de905a,true,rr,lsg
1304066,1,false,9,63,9948e262,bowled,90de905a,true,rr,lsg
1304066,1,false,18,116,495d42a5,retired out,,false,rr,lsg
1304066,1,false,19,125,04a418e8,caught,0f721006,true,rr,lsg
1304066,2,false,0,1,b17e2f24,bowled,a818c1be,true,lsg,rr
1304066,2,false,0,3,90de905a,lbw,a818c1be,true,lsg,rr
1304066,2,false,3,22,0f721006,caught,85e0cf10,true,lsg,rr
1304066,2,false,9,56,73ad96ed,bowled,2e78f685,true,lsg,rr
1304066,2,false,11,73,872b03f7,caught,57ee1fde,true,lsg,rr
1304066,2,false,15,94,372455c4,caught,57ee1fde,true,lsg,rr
1304066,2,false,15,96,5b8c830e,bowled,57ee1fde,true,lsg,rr
1304066,2,false,17,110,327b58d3,lbw,57ee1fde,true,lsg,rr
1304067,1,false,2,17,b4b99816,caught,2e81a32d,true,gt,srh
1304067,1,false,5,37,d5130a30,caught,ce794613,true,gt,srh
1304067,1,false,7,51,afa7e784,lbw,81c08fa3,true,gt,srh
1304067,1,false,13,86,d67d5f00,caught,81c36ee9,true,gt,srh
1304067,1,false,18,121,0890552f,caught,2e81a32d,true,gt,srh
1304067,1,false,19,126,39a2dfa8,run out,,false,gt,srh
1304067,1,false,19,128,5f547c8b,bowled,ce794613,true,gt,srh
1304067,2,false,8,53,f29185a1,caught,5f547c8b,true,srh,gt
1304067,2,false,13,80,77255a9e,retired hurt,,false,srh,gt
1304067,2,false,16,99,d027ba9f,caught,dbe50b21,true,srh,gt
1304068,1,false,3,22,45a43fe2,lbw,03806cf8,true,csk,rcb
1304068,1,false,6,40,bb351c23,run out,,false,csk,rcb
1304068,1,false,18,120,1c17e270,caught,a97c8ec2,true,csk,rcb
1304068,1,false,18,121,fe93fd9d,caught,a97c8ec2,true,csk,rcb
1304068,2,false,2,17,3355b542,caught,f24c6701,true,rcb,csk
1304068,2,false,4,25,ba607b88,caught,765a4731,true,rcb,csk
1304068,2,false,5,36,c8f5f961,lbw,f24c6701,true,rcb,csk
1304068,2,false,6,41,b681e71e,bowled,fe93fd9d,true,rcb,csk
1304068,2,false,12,76,9385de2e,bowled,f24c6701,true,rcb,csk
1304068,2,false,14,91,f9e6e7ef,bowled,f24c6701,true,rcb,csk
1304068,2,false,15,96,a97c8ec2,caught,fe93fd9d,true,rcb,csk
1304068,2,false,15,98,0a67aec0,caught,fe93fd9d,true,rcb,csk
1304068,2,false,17,112,c03f1114,caught,87e562a9,true,rcb,csk
1304069,1,false,9,61,00ea847a,caught,e2db2409,true,pbks,mi
1304069,1,false,13,87,abb83e27,bowled,1e66c162,true,pbks,mi
1304069,1,false,14,91,50c6bc2b,bowled,462411b3,true,pbks,mi
1304069,1,false,16,106,0a476045,caught,871e9faf,true,pbks,mi
1304069,1,false,19,125,7dcb9bc9,bowled,871e9faf,true,pbks,mi
1304069,2,false,3,22,740742ef,caught,e62dd25d,true,mi,pbks
1304069,2,false,4,26,752f7486,caught,7c3b3b78,true,mi,pbks
1304069,2,false,10,68,844e79d1,caught,23cca426,true,mi,pbks
1304069,2,false,12,80,b0482a1d,run out,,false,mi,pbks
1304069,2,false,16,101,a757b0d8,run out,,false,mi,pbks
1304069,2,false,18,116,271f83cd,caught,e62dd25d,true,mi,pbks
1304069,2,false,19,121,1e66c162,caught,23cca426,true,mi,pbks
1304069,2,false,19,123,462411b3,caught,23cca426,true,mi,pbks
1304069,2,false,19,125,245c97cb,caught,23cca426,true,mi,pbks
1304070,1,false,1,8,afa7e784,run out,,false,gt,rr
1304070,1,false,2,17,0994d0ae,caught,2e78f685,true,gt,rr
1304070,1,false,6,41,b4b99816,caught,04a418e8,true,gt,rr
1304070,1,false,15,97,0890552f,caught,57ee1fde,true,gt,rr
1304070,2,false,1,12,2c25d4f5,caught,7210d461,true,rr,gt
1304070,2,false,5,31,495d42a5,caught,2f9d0389,true,rr,gt
1304070,2,false,5,36,99b75528,bowled,2f9d0389,true,rr,gt
1304070,2,false,7,45,a4cc73aa,run out,,false,rr,gt
1304070,2,false,10,64,9948e262,caught,7210d461,true,rr,gt
1304070,2,false,12,79,48a1d7b7,caught,8cf9814c,true,rr,gt
1304070,2,false,15,98,04a418e8,caught,2f9d0389,true,rr,gt
1304070,2,false,17,106,9219eff0,caught and bowled,dbe50b21,true,rr,gt
1304070,2,false,19,119,57ee1fde,caught,7210d461,true,rr,gt
1304071,1,false,1,9,b8d490fd,caught,81c36ee9,true,kkr,srh
1304071,1,false,4,26,a24be938,bowled,ce794613,true,kkr,srh
1304071,1,false,4,28,9d430b40,caught,ce794613,true,kkr,srh
1304071,1,false,9,62,85ec8e33,bowled,81c08fa3,true,kkr,srh
1304071,1,false,12,80,acc1aeda,caught,81c08fa3,true,kkr,srh
1304071,1,false,17,107,fb2d1dda,caught,ce794613,true,kkr,srh
1304071,1,false,18,114,ded9240e,caught,2e81a32d,true,kkr,srh
1304071,1,false,19,118,378daa89,bowled,4125d931,true,kkr,srh
1304071,2,false,1,10,f29185a1,bowled,ded9240e,true,srh,kkr
1304071,2,false,5,35,d027ba9f,bowled,bbd41817,true,srh,kkr
1304071,2,false,14,89,77255a9e,caught,bbd41817,true,srh,kkr
1304072,1,false,5,33,372455c4,lbw,b52ffbbd,true,lsg,mi
1304072,1,false,13,80,93b4fc78,bowled,e2db2409,true,lsg,mi
1304072,1,false,16,97,d9273ee7,caught,1e66c162,true,lsg,mi
1304072,1,false,19,122,73ad96ed,caught,1e66c162,true,lsg,mi
1304072,2,false,2,17,740742ef,caught,eef2536f,true,mi,lsg
1304072,2,false,5,38,844e79d1,caught,eef2536f,true,mi,lsg
1304072,2,false,6,41,752f7486,bowled,d9273ee7,true,mi,lsg
1304072,2,false,14,91,b0482a1d,bowled,0f721006,true,mi,lsg
1304072,2,false,15,98,271f83cd,caught,df064e1a,true,mi,lsg
1304072,2,false,17,111,b52ffbbd,caught,eef2536f,true,mi,lsg
1304072,2,false,19,120,1e66c162,run out,,false,mi,lsg
1304072,2,false,19,122,e2db2409,run out,,false,mi,lsg
1304072,2,false,19,124,a757b0d8,caught,327b58d3,true,mi,lsg
1304073,1,false,1,8,c8f5f961,lbw,1abb78f8,true,rcb,dc
1304073,1,false,2,16,3355b542,caught,a2f46292,true,rcb,dc
1304073,1,false,6,39,ba607b88,run out,,false,rcb,dc
1304073,1,false,9,58,9385de2e,caught,2e171977,true,rcb,dc
1304073,1,false,11,71,b681e71e,caught,8d2c70ad,true,rcb,dc
1304073,2,false,4,30,8b3e9c7c,caught,2f49c897,true,dc,rcb
1304073,2,false,11,71,dcce6f09,lbw,a97c8ec2,true,dc,rcb
1304073,2,false,13,86,3d8feaf8,run out,,false,dc,rcb
1304073,2,false,14,87,650d5e49,caught,03806cf8,true,dc,rcb
1304073,2,false,14,93,ad427b5c,caught,03806cf8,true,dc,rcb
1304073,2,false,16,102,919a3be2,caught,2f49c897,true,dc,rcb
1304073,2,false,18,113,1abb78f8,caught,03806cf8,true,dc,rcb
1304074,1,false,2,16,0a476045,caught,2e81a32d,true,pbks,srh
1304074,1,false,4,29,9418198b,caught,ce794613,true,pbks,srh
1304074,1,false,6,38,abb83e27,lbw,4125d931,true,pbks,srh
1304074,1,false,7,48,800d2d97,caught and bowled,81c08fa3,true,pbks,srh
1304074,1,false,16,103,7dcb9bc9,caught,2e81a32d,true,pbks,srh
1304074,1,false,18,120,50c6bc2b,caught,2e81a32d,true,pbks,srh
1304074,1,false,19,122,23cca426,caught and bowled,81c08fa3,true,pbks,srh
1304074,1,false,19,124,2ed569a0,bowled,81c08fa3,true,pbks,srh
1304074,1,false,19,125,7c3b3b78,bowled,81c08fa3,true,pbks,srh
1304074,1,false,19,126,244048f6,run out,,false,pbks,srh
1304074,2,false,3,19,d027ba9f,caught,e62dd25d,true,srh,pbks
1304074,2,false,8,51,77255a9e,caught,2ed569a0,true,srh,pbks
1304074,2,false,10,64,f29185a1,caught,2ed569a0,true,srh,pbks
1304075,1,false,2,16,1c17e270,lbw,8cf9814c,true,csk,gt
1304075,1,false,5,36,bb351c23,bowled,b0946605,true,csk,gt
1304075,1,false,14,92,70d205c9,caught,b0946605,true,csk,gt
1304075,1,false,16,103,45a43fe2,caught,7210d461,true,csk,gt
1304075,1,false,19,125,a4e37e47,run out,,false,csk,gt
1304075,2,false,0,6,b4b99816,caught,765a4731,true,gt,csk
1304075,2,false,1,9,0994d0ae,caught,f24c6701,true,gt,csk
1304075,2,false,3,23,0890552f,caught,f24c6701,true,gt,csk
1304075,2,false,7,49,fe11caa6,caught,fe93fd9d,true,gt,csk
1304075,2,false,12,77,39a2dfa8,caught,87e562a9,true,gt,csk
1304075,2,false,18,114,5f547c8b,caught,87e562a9,true,gt,csk
1304075,2,false,18,115,b0946605,caught,87e562a9,true,gt,csk
1304076,1,false,9,59,2c25d4f5,bowled,9d430b40,true,rr,kkr
1304076,1,false,15,94,a4cc73aa,caught,bbd41817,true,rr,kkr
1304076,1,false,16,103,99b75528,caught,ded9240e,true,rr,kkr
1304076,1,false,17,107,04a418e8,caught,9d430b40,true,rr,kkr
1304076,1,false,18,119,944533a5,caught,c38d3503,true,rr,kkr
1304076,2,false,0,1,9d430b40,run out,,false,kkr,rr
1304076,2,false,8,62,b8d490fd,caught,85e0cf10,true,kkr,rr
1304076,2,false,12,87,fb2d1dda,caught,57ee1fde,true,kkr,rr
1304076,2,false,13,91,bbd41817,bowled,495d42a5,true,kkr,rr
1304076,2,false,16,108,a24be938,stumped,57ee1fde,true,kkr,rr
1304076,2,false,16,112,85ec8e33,lbw,57ee1fde,true,kkr,rr
1304076,2,false,16,113,c38d3503,caught,57ee1fde,true,kkr,rr
1304076,2,false,16,114,ded9240e,caught,57ee1fde,true,kkr,rr
1304076,2,false,19,129,acc1aeda,caught,529eb9e0,true,kkr,rr
1304076,2,false,19,131,cc1e8c68,bowled,529eb9e0,true,kkr,rr
1304077,1,false,0,6,c8f5f961,caught,327b58d3,true,rcb,lsg
1304077,1,false,0,7,ba607b88,caught,327b58d3,true,rcb,lsg
1304077,1,false,5,33,b681e71e,caught,5b8c830e,true,rcb,lsg
1304077,1,false,7,47,9385de2e,caught,0f721006,true,rcb,lsg
1304077,1,false,15,98,f9e6e7ef,run out,,false,rcb,lsg
1304077,1,false,19,126,3355b542,caught,0f721006,true,rcb,lsg
1304077,2,false,2,18,372455c4,caught,03806cf8,true,lsg,rcb
1304077,2,false,4,31,93b4fc78,caught,03806cf8,true,lsg,rcb
1304077,2,false,7,50,b17e2f24,caught,f986ca1a,true,lsg,rcb
1304077,2,false,12,78,73ad96ed,caught,2f49c897,true,lsg,rcb
1304077,2,false,13,85,5b8c830e,caught,b681e71e,true,lsg,rcb
1304077,2,false,16,104,872b03f7,caught,03806cf8,true,lsg,rcb
1304077,2,false,18,116,d9273ee7,bowled,03806cf8,true,lsg,rcb
1304077,2,false,19,126,0f721006,caught,f986ca1a,true,lsg,rcb
1304078,1,false,3,23,0a476045,caught,ad427b5c,true,pbks,dc
1304078,1,false,4,28,00ea847a,bowled,0a8fce53,true,pbks,dc
1304078,1,false,5,34,50c6bc2b,stumped,2e171977,true,pbks,dc
1304078,1,false,6,41,abb83e27,caught,a2f46292,true,pbks,dc
1304078,1,false,12,74,800d2d97,lbw,2e171977,true,pbks,dc
1304078,1,false,13,83,e62dd25d,bowled,8d2c70ad,true,pbks,dc
1304078,1,false,13,85,9eb1455b,bowled,8d2c70ad,true,pbks,dc
1304078,1,false,14,88,7dcb9bc9,caught,a2f46292,true,pbks,dc
1304078,1,false,17,107,2ed569a0,caught,ad427b5c,true,pbks,dc
1304078,1,false,19,121,244048f6,run out,,false,pbks,dc
1304078,2,false,6,44,8b3e9c7c,caught,2ed569a0,true,dc,pbks
1304079,1,false,0,2,740742ef,caught,765a4731,true,mi,csk
1304079,1,false,0,6,752f7486,bowled,765a4731,true,mi,csk
1304079,1,false,2,19,844e79d1,caught,765a4731,true,mi,csk
1304079,1,false,7,46,271f83cd,caught,e4a0deae,true,mi,csk
1304079,1,false,13,82,0c9652b0,caught,87e562a9,true,mi,csk
1304079,1,false,16,100,a757b0d8,caught,f24c6701,true,mi,csk
1304079,1,false,17,106,caf69bf7,lbw,87e562a9,true,mi,csk
1304079,2,false,0,1,45a43fe2,caught,caf69bf7,true,csk,mi
1304079,2,false,2,17,e4a0deae,caught,caf69bf7,true,csk,mi
1304079,2,false,8,57,1c17e270,caught,1e66c162,true,csk,mi
1304079,2,false,12,80,a4e37e47,caught,caf69bf7,true,csk,mi
1304079,2,false,14,93,70d205c9,caught,caf69bf7,true,csk,mi
1304079,2,false,15,100,fe93fd9d,caught,64775749,true,csk,mi
1304079,2,false,19,122,11614d87,lbw,1e66c162,true,csk,mi
1304080,1,false,15,92,2c25d4f5,lbw,a2f46292,true,rr,dc
1304080,1,false,18,116,99b75528,caught,0a8fce53,true,rr,dc
1304080,2,false,4,27,dcce6f09,caught,85e0cf10,true,dc,rr
1304080,2,false,5,31,f088b960,caught,495d42a5,true,dc,rr
1304080,2,false,9,64,8b3e9c7c,caught,495d42a5,true,dc,rr
1304080,2,false,11,76,919a3be2,caught,85e0cf10,true,dc,rr
1304080,2,false,12,84,2e171977,bowled,57ee1fde,true,dc,rr
1304080,2,false,15,99,1abb78f8,run out,,false,dc,rr
1304080,2,false,18,119,ad427b5c,caught,85e0cf10,true,dc,rr
1304080,2,false,19,128,650d5e49,caught,529eb9e0,true,dc,rr
1304081,1,false,1,7,b4b99816,caught,13c35c9e,true,gt,kkr
1304081,1,false,10,66,fe11caa6,caught,cc1e8c68,true,gt,kkr
1304081,1,false,16,103,d67d5f00,caught,c38d3503,true,gt,kkr
1304081,1,false,17,110,dbe50b21,caught,13c35c9e,true,gt,kkr
1304081,1,false,17,113,5f547c8b,caught,13c35c9e,true,gt,kkr
1304081,1,false,19,122,0890552f,caught,bbd41817,true,gt,kkr
1304081,1,false,19,123,2f9d0389,caught,bbd41817,true,gt,kkr
1304081,1,false,19,126,39a2dfa8,caught,bbd41817,true,gt,kkr
1304081,1,false,19,127,7210d461,caught and bowled,bbd41817,true,gt,kkr
1304081,2,false,0,5,c16d4035,caught,8cf9814c,true,kkr,gt
1304081,2,false,2,15,9d430b40,caught,8cf9814c,true,kkr,gt
1304081,2,false,4,27,fb2d1dda,caught,2f9d0389,true,kkr,gt
1304081,2,false,6,39,85ec8e33,caught,7210d461,true,kkr,gt
1304081,2,false,12,77,0a509d6b,caught,7210d461,true,kkr,gt
1304081,2,false,13,86,a24be938,caught,5f547c8b,true,kkr,gt
1304081,2,false,15,98,c38d3503,bowled,5f547c8b,true,kkr,gt
1304081,2,false,19,122,bbd41817,caught,b0946605,true,kkr,gt
1304082,1,false,1,8,3355b542,bowled,81c36ee9,true,rcb,srh
1304082,1,false,1,9,ba607b88,caught,81c36ee9,true,rcb,srh
1304082,1,false,1,14,c8f5f961,caught,81c36ee9,true,rcb,srh
1304082,1,false,4,28,b681e71e,caught,ce794613,true,rcb,srh
1304082,1,false,8,56,9385de2e,stumped,4125d931,true,rcb,srh
1304082,1,false,8,59,c03f1114,caught,4125d931,true,rcb,srh
1304082,1,false,9,62,f9e6e7ef,caught,81c08fa3,true,rcb,srh
1304082,1,false,12,81,f986ca1a,bowled,ce794613,true,rcb,srh
1304082,1,false,15,100,a97c8ec2,bowled,ce794613,true,rcb,srh
1304082,1,false,16,105,2f49c897,caught,2e81a32d,true,rcb,srh
1304082,2,false,7,45,f29185a1,caught,f986ca1a,true,srh,rcb
1304083,1,false,3,24,372455c4,caught,462411b3,true,lsg,mi
1304083,1,false,11,71,93b4fc78,caught,a757b0d8,true,lsg,mi
1304083,1,false,12,81,d9273ee7,caught,caf69bf7,true,lsg,mi
1304083,1,false,13,83,5b8c830e,caught,a757b0d8,true,lsg,mi
1304083,1,false,15,97,73ad96ed,caught,64775749,true,lsg,mi
1304083,1,false,19,123,872b03f7,caught,64775749,true,lsg,mi
1304083,2,false,7,45,752f7486,caught,df064e1a,true,mi,lsg
1304083,2,false,8,53,844e79d1,caught,c33d8116,true,mi,lsg
1304083,2,false,9,60,740742ef,caught,5b8c830e,true,mi,lsg
1304083,2,false,11,70,271f83cd,caught,872b03f7,true,mi,lsg
1304083,2,false,17,113,b0482a1d,caught,0f721006,true,mi,lsg
1304083,2,false,19,123,a757b0d8,caught,5b8c830e,true,mi,lsg
1304083,2,false,19,125,1e66c162,run out,,false,mi,lsg
1304083,2,false,19,126,caf69bf7,caught,5b8c830e,true,mi,lsg
1304084,1,false,5,37,00ea847a,caught,f24c6701,true,pbks,csk
1304084,1,false,17,116,6c882e9a,caught,87e562a9,true,pbks,csk
1304084,1,false,19,128,50c6bc2b,caught,87e562a9,true,pbks,csk
1304084,1,false,19,133,abb83e27,run out,,false,pbks,csk
1304084,2,false,1,11,1c17e270,caught,ce820073,true,csk,pbks
1304084,2,false,5,35,e4a0deae,bowled,244048f6,true,csk,pbks
1304084,2,false,6,45,a4e37e47,bowled,26a85969,true,csk,pbks
1304084,2,false,12,78,45a43fe2,caught,e62dd25d,true,csk,pbks
1304084,2,false,17,112,70d205c9,bowled,e62dd25d,true,csk,pbks
1304084,2,false,19,123,4a8a2e3b,caught,26a85969,true,csk,pbks
1304085,1,false,1,11,2c25d4f5,lbw,2f49c897,true,rr,rcb
1304085,1,false,3,25,495d42a5,caught and bowled,2f49c897,true,rr,rcb
1304085,1,false,4,26,99b75528,caught,03806cf8,true,rr,rcb
1304085,1,false,9,59,a4cc73aa,bowled,a97c8ec2,true,rr,rcb
1304085,1,false,14,89,eade4650,caught,03806cf8,true,rr,rcb
1304085,1,false,15,96,48a1d7b7,caught,a97c8ec2,true,rr,rcb
1304085,1,false,17,106,a818c1be,caught,f986ca1a,true,rr,rcb
1304085,1,false,18,115,85e0cf10,run out,,false,rr,rcb
1304085,2,false,1,11,ba607b88,caught,85e0cf10,true,rcb,rr
1304085,2,false,6,39,3355b542,caught,2e78f685,true,rcb,rr
1304085,2,false,6,40,b681e71e,caught,2e78f685,true,rcb,rr
1304085,2,false,9,62,c740ea83,bowled,495d42a5,true,rcb,rr
1304085,2,false,11,72,9385de2e,caught,495d42a5,true,rcb,rr
1304085,2,false,12,78,c03f1114,run out,,false,rcb,rr
1304085,2,false,15,99,f9e6e7ef,caught,495d42a5,true,rcb,rr
1304085,2,false,16,105,a97c8ec2,caught and bowled,2e78f685,true,rcb,rr
1304085,2,false,17,111,2f49c897,caught,85e0cf10,true,rcb,rr
1304085,2,false,19,123,f986ca1a,caught,2e78f685,true,rcb,rr
1304086,1,false,2,20,d027ba9f,bowled,8cf9814c,true,srh,gt
1304086,1,false,4,33,77255a9e,lbw,8cf9814c,true,srh,gt
1304086,1,false,15,96,f29185a1,bowled,b0946605,true,srh,gt
1304086,1,false,16,104,3241e3fd,caught,8cf9814c,true,srh,gt
1304086,1,false,17,113,6a26221c,caught,7210d461,true,srh,gt
1304086,1,false,18,115,f19ccfad,run out,,false,srh,gt
1304086,2,false,7,47,b4b99816,bowled,81c08fa3,true,gt,srh
1304086,2,false,9,57,dbe50b21,caught,81c08fa3,true,gt,srh
1304086,2,false,13,83,fe11caa6,bowled,81c08fa3,true,gt,srh
1304086,2,false,15,98,d67d5f00,bowled,81c08fa3,true,gt,srh
1304086,2,false,15,100,0890552f,bowled,81c08fa3,true,gt,srh
1304087,1,false,1,10,b8d490fd,bowled,2cdce1be,true,kkr,dc
1304087,1,false,4,28,a24be938,caught,2e171977,true,kkr,dc
1304087,1,false,7,45,ff1e68fa,caught,8d2c70ad,true,kkr,dc
1304087,1,false,7,46,9d430b40,lbw,8d2c70ad,true,kkr,dc
1304087,1,false,13,81,85ec8e33,caught,8d2c70ad,true,kkr,dc
1304087,1,false,13,84,bbd41817,stumped,8d2c70ad,true,kkr,dc
1304087,1,false,19,120,0a509d6b,caught,0a8fce53,true,kkr,dc
1304087,1,false,19,122,fb2d1dda,caught,0a8fce53,true,kkr,dc
1304087,1,false,19,123,13c35c9e,bowled,0a8fce53,true,kkr,dc
1304087,2,false,0,1,8b3e9c7c,caught and bowled,cc1e8c68,true,dc,kkr
1304087,2,false,1,9,3d8feaf8,caught,77b1aa15,true,dc,kkr
1304087,2,false,9,59,dcce6f09,caught,cc1e8c68,true,dc,kkr
1304087,2,false,10,68,ad427b5c,lbw,9d430b40,true,dc,kkr
1304087,2,false,11,69,919a3be2,caught,cc1e8c68,true,dc,kkr
1304087,2,false,14,92,2e171977,run out,,false,dc,kkr
1304088,1,false,2,17,b17e2f24,caught,e62dd25d,true,lsg,pbks
1304088,1,false,12,80,372455c4,caught,ce820073,true,lsg,pbks
1304088,1,false,13,85,73ad96ed,run out,,false,lsg,pbks
1304088,1,false,14,89,5b8c830e,caught,e62dd25d,true,lsg,pbks
1304088,1,false,14,93,872b03f7,caught,e62dd25d,true,lsg,pbks
1304088,1,false,15,97,d9273ee7,caught and bowled,2ed569a0,true,lsg,pbks
1304088,1,false,17,110,0f721006,caught,2ed569a0,true,lsg,pbks
1304088,1,false,18,115,327b58d3,caught,e62dd25d,true,lsg,pbks
1304088,2,false,4,29,00ea847a,caught,327b58d3,true,pbks,lsg
1304088,2,false,6,40,0a476045,bowled,df064e1a,true,pbks,lsg
1304088,2,false,7,50,6c882e9a,caught,5b8c830e,true,pbks,lsg
1304088,2,false,12,78,50c6bc2b,caught,c33d8116,true,pbks,lsg
1304088,2,false,13,86,800d2d97,lbw,5b8c830e,true,pbks,lsg
1304088,2,false,15,98,abb83e27,caught,327b58d3,true,pbks,lsg
1304088,2,false,17,111,e62dd25d,caught,c33d8116,true,pbks,lsg
1304088,2,false,17,116,2ed569a0,caught,c33d8116,true,pbks,lsg
1304089,1,false,1,12,3355b542,caught,9fc0ef64,true,rcb,gt
1304089,1,false,14,86,c740ea83,caught,9fc0ef64,true,rcb,gt
1304089,1,false,16,101,ba607b88,bowled,8cf9814c,true,rcb,gt
1304089,1,false,17,106,c03f1114,caught,5f547c8b,true,rcb,gt
1304089,1,false,18,112,b681e71e,caught,2f9d0389,true,rcb,gt
1304089,1,false,19,122,da934ee8,caught,b0946605,true,rcb,gt
1304089,2,false,7,47,fe11caa6,caught,a97c8ec2,true,gt,rcb
1304089,2,false,8,56,b4b99816,lbw,f9e6e7ef,true,gt,rcb
1304089,2,false,10,65,dbe50b21,caught,f9e6e7ef,true,gt,rcb
1304089,2,false,12,80,d5130a30,caught,a97c8ec2,true,gt,rcb
1304090,1,false,4,27,2c25d4f5,caught,0c9652b0,true,rr,mi
1304090,1,false,7,46,a4cc73aa,caught,f6d8a7ab,true,rr,mi
1304090,1,false,14,89,eade4650,caught,caf69bf7,true,rr,mi
1304090,1,false,15,101,99b75528,caught,0c9652b0,true,rr,mi
1304090,1,false,17,108,04a418e8,caught,64775749,true,rr,mi
1304090,1,false,19,121,495d42a5,caught,64775749,true,rr,mi
1304090,2,false,2,16,740742ef,caught,495d42a5,true,mi,rr
1304090,2,false,5,35,752f7486,caught,a818c1be,true,mi,rr
1304090,2,false,14,92,271f83cd,caught,57ee1fde,true,mi,rr
1304090,2,false,15,94,b0482a1d,caught,85e0cf10,true,mi,rr
1304090,2,false,19,119,a757b0d8,caught,2e78f685,true,mi,rr
1304091,1,false,4,28,372455c4,caught,1abb78f8,true,lsg,dc
1304091,1,false,14,94,73ad96ed,caught and bowled,1abb78f8,true,lsg,dc
1304091,1,false,18,121,b17e2f24,caught,1abb78f8,true,lsg,dc
1304091,2,false,1,8,8b3e9c7c,caught,327b58d3,true,dc,lsg
1304091,2,false,2,18,dcce6f09,caught,c33d8116,true,dc,lsg
1304091,2,false,7,43,3d8feaf8,caught,90de905a,true,dc,lsg
1304091,2,false,8,53,ad427b5c,bowled,df064e1a,true,dc,lsg
1304091,2,false,12,79,919a3be2,bowled,c33d8116,true,dc,lsg
1304091,2,false,16,99,650d5e49,caught,c33d8116,true,dc,lsg
1304091,2,false,16,102,1abb78f8,caught,c33d8116,true,dc,lsg
1304092,1,false,17,110,45a43fe2,caught,ce794613,true,csk,srh
1304092,1,false,19,119,4a8a2e3b,caught,ce794613,true,csk,srh
1304092,2,false,5,36,f29185a1,caught,765a4731,true,srh,csk
1304092,2,false,5,37,77255a9e,caught,765a4731,true,srh,csk
1304092,2,false,9,60,6a26221c,caught,e4a0deae,true,srh,csk
1304092,2,false,14,87,d027ba9f,lbw,11614d87,true,srh,csk
1304092,2,false,17,107,26989d80,caught,765a4731,true,srh,csk
1304092,2,false,17,109,f19ccfad,bowled,765a4731,true,srh,csk
1304093,1,false,2,13,2c25d4f5,caught and bowled,cc1e8c68,true,rr,kkr
1304093,1,false,8,54,99b75528,caught,13c35c9e,true,rr,kkr
1304093,1,false,13,82,944533a5,caught,e4cdf230,true,rr,kkr
1304093,1,false,16,105,04a418e8,caught,13c35c9e,true,rr,kkr
1304093,1,false,17,106,a4cc73aa,caught,c38d3503,true,rr,kkr
1304093,2,false,3,21,b8d490fd,bowled,2e78f685,true,kkr,rr
1304093,2,false,5,37,ff1e68fa,caught,85e0cf10,true,kkr,rr
1304093,2,false,12,82,85ec8e33,caught,a818c1be,true,kkr,rr
1304094,1,false,2,13,b4b99816,run out,,false,gt,pbks
1304094,1,false,3,23,fe11caa6,caught,e62dd25d,true,gt,pbks
1304094,1,false,6,41,dbe50b21,caught,26a85969,true,gt,pbks
1304094,1,false,11,71,d67d5f00,caught,50c6bc2b,true,gt,pbks
1304094,1,false,16,105,39a2dfa8,caught,e62dd25d,true,gt,pbks
1304094,1,false,16,106,5f547c8b,caught,e62dd25d,true,gt,pbks
1304094,1,false,17,114,9fc0ef64,bowled,244048f6,true,gt,pbks
1304094,1,false,18,118,2f9d0389,caught,e62dd25d,true,gt,pbks
1304094,2,false,2,14,abb83e27,caught,8cf9814c,true,pbks,gt
1304094,2,false,11,74,6c882e9a,lbw,2f9d0389,true,pbks,gt
1304095,1,false,7,46,3355b542,caught,bb351c23,true,rcb,csk
1304095,1,false,8,56,b681e71e,run out,,false,rcb,csk
1304095,1,false,9,62,ba607b88,bowled,bb351c23,true,rcb,csk
1304095,1,false,15,96,c740ea83,caught,11614d87,true,rcb,csk
1304095,1,false,18,116,da934ee8,caught,f24c6701,true,rcb,csk
1304095,1,false,18,117,a97c8ec2,caught,f24c6701,true,rcb,csk
1304095,1,false,18,121,f9e6e7ef,bowled,f24c6701,true,rcb,csk
1304095,1,false,19,126,f986ca1a,run out,,false,rcb,csk
1304095,2,false,6,40,45a43fe2,caught,f9e6e7ef,true,csk,rcb
1304095,2,false,7,44,1c17e270,caught,b681e71e,true,csk,rcb
1304095,2,false,9,58,70d205c9,bowled,b681e71e,true,csk,rcb
1304095,2,false,14,85,df5a6881,caught,a97c8ec2,true,csk,rcb
1304095,2,false,15,96,fe93fd9d,caught,f986ca1a,true,csk,rcb
1304095,2,false,17,104,bb351c23,caught,f986ca1a,true,csk,rcb
1304095,2,false,18,109,4a8a2e3b,caught,03806cf8,true,csk,rcb
1304095,2,false,19,116,11614d87,caught,f986ca1a,true,csk,rcb
1304096,1,false,0,5,c3a96caf,caught,2e81a32d,true,dc,srh
1304096,1,false,4,27,3d8feaf8,caught and bowled,1a2676c5,true,dc,srh
1304096,1,false,8,57,919a3be2,bowled,7a8bd078,true,dc,srh
1304096,2,false,1,10,f29185a1,caught,a2f46292,true,srh,dc
1304096,2,false,4,27,d027ba9f,caught,acdc62f5,true,srh,dc
1304096,2,false,6,43,77255a9e,caught,3d8feaf8,true,srh,dc
1304096,2,false,12,79,6a26221c,caught,a2f46292,true,srh,dc
1304096,2,false,14,94,26989d80,caught,1abb78f8,true,srh,dc
1304096,2,false,16,106,1a2676c5,caught,a2f46292,true,srh,dc
1304096,2,false,17,113,3241e3fd,caught,1abb78f8,true,srh,dc
1304096,2,false,19,121,5d2eea49,bowled,8d2c70ad,true,srh,dc
1304097,1,false,7,47,740742ef,lbw,5f547c8b,true,mi,gt
1304097,1,false,10,65,271f83cd,caught,9fc0ef64,true,mi,gt
1304097,1,false,11,74,752f7486,caught,b0946605,true,mi,gt
1304097,1,false,14,92,a757b0d8,bowled,5f547c8b,true,mi,gt
1304097,1,false,18,114,b0482a1d,run out,,false,mi,gt
1304097,1,false,18,118,caf69bf7,caught,2f9d0389,true,mi,gt
1304097,2,false,12,74,b4b99816,caught,e2db2409,true,gt,mi
1304097,2,false,12,79,fe11caa6,caught,e2db2409,true,gt,mi
1304097,2,false,15,97,d5130a30,hit wicket,a757b0d8,true,gt,mi
1304097,2,false,17,107,dbe50b21,run out,,false,gt,mi
1304097,2,false,19,118,39a2dfa8,run out,,false,gt,mi
1304098,1,false,5,34,0a476045,caught,495d42a5,true,pbks,rr
1304098,1,false,10,66,6c882e9a,bowled,57ee1fde,true,pbks,rr
1304098,1,false,14,91,00ea847a,caught,57ee1fde,true,pbks,rr
1304098,1,false,14,93,abb83e27,lbw,57ee1fde,true,pbks,rr
1304098,1,false,18,124,50c6bc2b,bowled,85e0cf10,true,pbks,rr
1304098,2,false,3,24,99b75528,caught,e62dd25d,true,rr,pbks
1304098,2,false,8,49,a4cc73aa,caught,26a85969,true,rr,pbks
1304098,2,false,14,89,6c19c6e5,caught,244048f6,true,rr,pbks
1304098,2,false,18,118,2c25d4f5,caught,244048f6,true,rr,pbks
1304099,1,false,0,5,b17e2f24,run out,,false,lsg,kkr
1304099,1,false,7,44,372455c4,caught,9d430b40,true,lsg,kkr
1304099,1,false,12,76,73ad96ed,caught,bbd41817,true,lsg,kkr
1304099,1,false,14,89,5b8c830e,caught,bbd41817,true,lsg,kkr
1304099,1,false,18,114,d9273ee7,caught,c38d3503,true,lsg,kkr
1304099,1,false,19,120,0f721006,caught,13c35c9e,true,lsg,kkr
1304099,1,false,19,122,327b58d3,run out,,false,lsg,kkr
1304099,2,false,0,6,ff1e68fa,caught,c33d8116,true,kkr,lsg
1304099,2,false,3,22,85ec8e33,caught,327b58d3,true,kkr,lsg
1304099,2,false,5,35,b8d490fd,caught,0f721006,true,kkr,lsg
1304099,2,false,6,42,fb2d1dda,bowled,eef2536f,true,kkr,lsg
1304099,2,false,11,68,0a509d6b,caught,df064e1a,true,kkr,lsg
1304099,2,false,12,75,bbd41817,caught,eef2536f,true,kkr,lsg
1304099,2,false,12,77,e4cdf230,caught,eef2536f,true,kkr,lsg
1304099,2,false,14,87,9d430b40,caught,0f721006,true,kkr,lsg
1304099,2,false,14,88,13c35c9e,caught,0f721006,true,kkr,lsg
1304099,2,false,14,89,77b1aa15,run out,,false,kkr,lsg
1304100,1,false,0,1,ba607b88,caught,4125d931,true,rcb,srh
1304100,1,false,12,78,c740ea83,caught,4125d931,true,rcb,srh
1304100,1,false,18,116,b681e71e,caught,5d2eea49,true,rcb,srh
1304100,2,false,0,1,d027ba9f,run out,,false,srh,rcb
1304100,2,false,0,5,f29185a1,bowled,b681e71e,true,srh,rcb
1304100,2,false,8,50,6a26221c,caught,a97c8ec2,true,srh,rcb
1304100,2,false,12,75,3241e3fd,caught,a97c8ec2,true,srh,rcb
1304100,2,false,14,89,4125d931,stumped,a97c8ec2,true,srh,rcb
1304100,2,false,15,97,77255a9e,caught,03806cf8,true,srh,rcb
1304100,2,false,15,98,5d2eea49,caught,03806cf8,true,srh,rcb
1304100,2,false,16,102,26989d80,caught,a97c8ec2,true,srh,rcb
1304100,2,false,16,103,81c08fa3,lbw,a97c8ec2,true,srh,rcb
1304100,2,false,19,120,2e81a32d,caught,f986ca1a,true,srh,rcb
1304101,1,false,10,70,45a43fe2,caught,acdc62f5,true,csk,dc
1304101,1,false,16,107,df5a6881,caught,a2f46292,true,csk,dc
1304101,1,false,17,112,a4e37e47,caught,3d8feaf8,true,csk,dc
1304101,1,false,18,120,70d205c9,caught,a2f46292,true,csk,dc
1304101,1,false,19,127,bb351c23,caught,acdc62f5,true,csk,dc
1304101,1,false,19,128,1c17e270,caught,acdc62f5,true,csk,dc
1304101,2,false,1,11,44a89551,caught,30df8c66,true,dc,csk
1304101,2,false,4,26,dcce6f09,lbw,f24c6701,true,dc,csk
1304101,2,false,7,45,3d8feaf8,caught,bb351c23,true,dc,csk
1304101,2,false,9,55,919a3be2,bowled,bb351c23,true,dc,csk
1304101,2,false,9,58,60500956,caught,bb351c23,true,dc,csk
1304101,2,false,10,61,2e171977,bowled,765a4731,true,dc,csk
1304101,2,false,10,65,650d5e49,caught,765a4731,true,dc,csk
1304101,2,false,15,93,8d2c70ad,caught,30df8c66,true,dc,csk
1304101,2,false,17,107,1abb78f8,caught,87e562a9,true,dc,csk
1304101,2,false,17,108,a2f46292,bowled,87e562a9,true,dc,csk
1304102,1,false,5,37,a24be938,caught,f6d8a7ab,true,kkr,mi
1304102,1,false,10,66,29e95537,bowled,f6d8a7ab,true,kkr,mi
1304102,1,false,13,84,85ec8e33,caught,e2db2409,true,kkr,mi
1304102,1,false,14,91,bbd41817,caught,462411b3,true,kkr,mi
1304102,1,false,14,94,fb2d1dda,caught,462411b3,true,kkr,mi
1304102,1,false,17,108,acc1aeda,caught,462411b3,true,kkr,mi
1304102,1,false,17,110,ded9240e,caught,462411b3,true,kkr,mi
1304102,1,false,17,111,9d430b40,caught and bowled,462411b3,true,kkr,mi
1304102,1,false,18,120,13c35c9e,caught,caf69bf7,true,kkr,mi
1304102,2,false,0,6,740742ef,caught,13c35c9e,true,mi,kkr
1304102,2,false,4,30,b0482a1d,caught,bbd41817,true,mi,kkr
1304102,2,false,10,64,be24ead0,caught,bbd41817,true,mi,kkr
1304102,2,false,12,75,f1f99156,caught,5b7ab5a9,true,mi,kkr
1304102,2,false,14,86,752f7486,caught,ded9240e,true,mi,kkr
1304102,2,false,14,89,caf69bf7,caught,ded9240e,true,mi,kkr
1304102,2,false,14,91,e2db2409,caught,ded9240e,true,mi,kkr
1304102,2,false,16,104,f6d8a7ab,run out,,false,mi,kkr
1304102,2,false,17,106,a757b0d8,run out,,false,mi,kkr
1304102,2,false,17,107,462411b3,run out,,false,mi,kkr
1304103,1,false,2,16,fe11caa6,caught,c33d8116,true,gt,lsg
1304103,1,false,4,26,afa7e784,caught,eef2536f,true,gt,lsg
1304103,1,false,9,55,dbe50b21,caught,eef2536f,true,gt,lsg
1304103,1,false,15,98,d67d5f00,caught,0f721006,true,gt,lsg
1304103,2,false,3,21,372455c4,caught,7210d461,true,lsg,gt
1304103,2,false,4,30,b17e2f24,caught,8cf9814c,true,lsg,gt
1304103,2,false,5,36,39ed0d2f,caught,7210d461,true,lsg,gt
1304103,2,false,7,46,5b8c830e,stumped,5f547c8b,true,lsg,gt
1304103,2,false,10,67,872b03f7,stumped,c7a995d3,true,lsg,gt
1304103,2,false,11,71,d9273ee7,run out,,false,lsg,gt
1304103,2,false,11,75,0f721006,lbw,5f547c8b,true,lsg,gt
1304103,2,false,12,81,c33d8116,caught,c7a995d3,true,lsg,gt
1304103,2,false,13,82,73ad96ed,caught,5f547c8b,true,lsg,gt
1304103,2,false,13,86,eef2536f,caught,5f547c8b,true,lsg,gt
1304104,1,false,2,19,99b75528,caught,2cdce1be,true,rr,dc
1304104,1,false,8,51,6c19c6e5,caught,3d8feaf8,true,rr,dc
1304104,1,false,14,87,495d42a5,caught,3d8feaf8,true,rr,dc
1304104,1,false,16,99,a4cc73aa,caught,acdc62f5,true,rr,dc
1304104,1,false,17,109,04a418e8,caught,2cdce1be,true,rr,dc
1304104,1,false,18,113,2c25d4f5,caught,acdc62f5,true,rr,dc
1304104,2,false,0,2,44a89551,caught,a818c1be,true,dc,rr
1304104,2,false,17,108,3d8feaf8,caught,57ee1fde,true,dc,rr
1304105,1,false,0,2,df5a6881,lbw,caf69bf7,true,csk,mi
1304105,1,false,0,5,bb351c23,caught,caf69bf7,true,csk,mi
1304105,1,false,1,13,1c17e270,lbw,462411b3,true,csk,mi
1304105,1,false,4,28,45a43fe2,caught,caf69bf7,true,csk,mi
1304105,1,false,5,39,70d205c9,caught,64775749,true,csk,mi
1304105,1,false,7,50,a4e37e47,caught,64775749,true,csk,mi
1304105,1,false,12,81,87e562a9,caught,f6d8a7ab,true,csk,mi
1304105,1,false,12,84,30df8c66,lbw,f6d8a7ab,true,csk,mi
1304105,1,false,13,88,f24c6701,caught,be24ead0,true,csk,mi
1304105,1,false,15,104,765a4731,run out,,false,csk,mi
1304105,2,false,0,5,752f7486,caught,765a4731,true,mi,csk
1304105,2,false,3,23,740742ef,caught,30df8c66,true,mi,csk
1304105,2,false,4,30,caf69bf7,lbw,765a4731,true,mi,csk
1304105,2,false,4,32,85b3fab2,lbw,765a4731,true,mi,csk
1304105,2,false,12,81,0c9652b0,bowled,bb351c23,true,mi,csk
1304106,1,false,4,31,0a476045,bowled,b681e71e,true,pbks,rcb
1304106,1,false,6,42,6c882e9a,caught,a97c8ec2,true,pbks,rcb
1304106,1,false,9,57,abb83e27,caught,f9e6e7ef,true,pbks,rcb
1304106,1,false,14,92,00ea847a,caught,f986ca1a,true,pbks,rcb
1304106,1,false,16,100,800d2d97,bowled,a97c8ec2,true,pbks,rcb
1304106,1,false,17,107,c05edf8e,caught,f986ca1a,true,pbks,rcb
1304106,1,false,19,120,50c6bc2b,caught,f986ca1a,true,pbks,rcb
1304106,1,false,19,122,26a85969,caught,f986ca1a,true,pbks,rcb
1304106,1,false,19,124,2ed569a0,run out,,false,pbks,rcb
1304106,2,false,3,22,ba607b88,caught,e62dd25d,true,rcb,pbks
1304106,2,false,4,29,3355b542,caught,26a85969,true,rcb,pbks
1304106,2,false,4,32,da934ee8,caught,26a85969,true,rcb,pbks
1304106,2,false,10,72,c740ea83,caught,2ed569a0,true,rcb,pbks
1304106,2,false,11,74,b681e71e,caught,c05edf8e,true,rcb,pbks
1304106,2,false,14,95,c03f1114,caught,244048f6,true,rcb,pbks
1304106,2,false,15,100,f9e6e7ef,caught,e62dd25d,true,rcb,pbks
1304106,2,false,16,108,a97c8ec2,caught,2ed569a0,true,rcb,pbks
1304106,2,false,18,117,f986ca1a,caught,e62dd25d,true,rcb,pbks
1304107,1,false,1,14,a24be938,bowled,81c36ee9,true,kkr,srh
1304107,1,false,7,47,fb2d1dda,caught,81c08fa3,true,kkr,srh
1304107,1,false,7,50,29e95537,caught,81c08fa3,true,kkr,srh
1304107,1,false,9,62,85ec8e33,caught,81c08fa3,true,kkr,srh
1304107,1,false,11,72,0a509d6b,lbw,ce794613,true,kkr,srh
1304107,1,false,18,121,c16d4035,caught,2e81a32d,true,kkr,srh
1304107,2,false,5,32,d027ba9f,bowled,bbd41817,true,srh,kkr
1304107,2,false,8,51,77255a9e,caught and bowled,13c35c9e,true,srh,kkr
1304107,2,false,11,72,f29185a1,caught,5b7ab5a9,true,srh,kkr
1304107,2,false,12,77,3241e3fd,caught and bowled,9d430b40,true,srh,kkr
1304107,2,false,14,90,6a26221c,bowled,cc1e8c68,true,srh,kkr
1304107,2,false,17,105,f19ccfad,caught,bbd41817,true,srh,kkr
1304107,2,false,17,109,81c36ee9,caught,bbd41817,true,srh,kkr
1304107,2,false,18,111,26989d80,caught,13c35c9e,true,srh,kkr
1304108,1,false,2,14,df5a6881,caught,8cf9814c,true,csk,gt
1304108,1,false,8,54,bb351c23,caught,c7a995d3,true,csk,gt
1304108,1,false,15,98,45a43fe2,caught,5f547c8b,true,csk,gt
1304108,1,false,16,101,a4e37e47,caught,b0946605,true,csk,gt
1304108,1,false,19,122,4a8a2e3b,caught,8cf9814c,true,csk,gt
1304108,2,false,7,44,b4b99816,lbw,64839cb3,true,gt,csk
1304108,2,false,11,70,afa7e784,caught,bb351c23,true,gt,csk
1304108,2,false,13,81,dbe50b21,caught,64839cb3,true,gt,csk
1304109,1,false,2,14,99b75528,bowled,eef2536f,true,rr,lsg
1304109,1,false,8,55,a4cc73aa,caught,0f721006,true,rr,lsg
1304109,1,false,11,70,6c19c6e5,caught and bowled,872b03f7,true,rr,lsg
1304109,1,false,13,84,2c25d4f5,caught,df064e1a,true,rr,lsg
1304109,1,false,17,105,04a418e8,caught,df064e1a,true,rr,lsg
1304109,1,false,17,109,9219eff0,run out,,false,rr,lsg
1304109,2,false,2,14,372455c4,caught,a818c1be,true,lsg,rr
1304109,2,false,2,15,872b03f7,lbw,a818c1be,true,lsg,rr
1304109,2,false,5,34,b17e2f24,caught,85e0cf10,true,lsg,rr
1304109,2,false,13,81,5b8c830e,caught,495d42a5,true,lsg,rr
1304109,2,false,15,99,73ad96ed,stumped,57ee1fde,true,lsg,rr
1304109,2,false,16,104,0f721006,caught,529eb9e0,true,lsg,rr
1304109,2,false,16,106,327b58d3,bowled,529eb9e0,true,lsg,rr
1304109,2,false,19,123,d9273ee7,caught,85e0cf10,true,lsg,rr
1304110,1,false,0,1,dcce6f09,caught,50c6bc2b,true,dc,pbks
1304110,1,false,4,29,f088b960,caught,244048f6,true,dc,pbks
1304110,1,false,10,67,ad427b5c,caught,244048f6,true,dc,pbks
1304110,1,false,11,73,919a3be2,stumped,50c6bc2b,true,dc,pbks
1304110,1,false,13,83,650d5e49,caught,50c6bc2b,true,dc,pbks
1304110,1,false,18,113,3d8feaf8,caught,e62dd25d,true,dc,pbks
1304110,1,false,19,120,1abb78f8,caught,244048f6,true,dc,pbks
1304110,2,false,3,24,abb83e27,caught,acdc62f5,true,pbks,dc
1304110,2,false,5,36,6c882e9a,caught,1abb78f8,true,pbks,dc
1304110,2,false,5,38,0a476045,caught,1abb78f8,true,pbks,dc
1304110,2,false,6,41,00ea847a,bowled,2e171977,true,pbks,dc
1304110,2,false,7,50,50c6bc2b,stumped,8d2c70ad,true,pbks,dc
1304110,2,false,9,59,c05edf8e,bowled,8d2c70ad,true,pbks,dc
1304110,2,false,12,78,26a85969,bowled,2e171977,true,pbks,dc
1304110,2,false,17,109,800d2d97,caught,1abb78f8,true,pbks,dc
1304110,2,false,17,113,e62dd25d,caught,1abb78f8,true,pbks,dc
1304111,1,false,2,16,f29185a1,caught,caf69bf7,true,srh,mi
1304111,1,false,9,61,bb965e9a,caught and bowled,be24ead0,true,srh,mi
1304111,1,false,16,104,3241e3fd,caught,64775749,true,srh,mi
1304111,1,false,17,107,77255a9e,caught,be24ead0,true,srh,mi
1304111,1,false,17,111,6a26221c,caught,be24ead0,true,srh,mi
1304111,1,false,19,125,f19ccfad,bowled,462411b3,true,srh,mi
1304111,2,false,10,69,740742ef,caught,f19ccfad,true,mi,srh
1304111,2,false,11,74,752f7486,caught,81c08fa3,true,mi,srh
1304111,2,false,14,91,b0482a1d,caught,81c08fa3,true,mi,srh
1304111,2,false,14,97,caf69bf7,caught,81c08fa3,true,mi,srh
1304111,2,false,16,107,85b3fab2,run out,,false,mi,srh
1304111,2,false,17,117,f1f99156,run out,,false,mi,srh
1304111,2,false,18,119,33ffc3dd,caught,2e81a32d,true,mi,srh
1304112,2,false,0,4,a24be938,caught,c33d8116,true,kkr,lsg
1304112,2,false,2,16,aa5d8c9e,caught,c33d8116,true,kkr,lsg
1304112,2,false,7,45,fb2d1dda,caught,90de905a,true,kkr,lsg
1304112,2,false,13,87,85ec8e33,caught,d9273ee7,true,kkr,lsg
1304112,2,false,15,99,c16d4035,stumped,df064e1a,true,kkr,lsg
1304112,2,false,16,105,bbd41817,caught,c33d8116,true,kkr,lsg
1304112,2,false,19,126,0a509d6b,caught,d9273ee7,true,kkr,lsg
1304112,2,false,19,127,cc1e8c68,bowled,d9273ee7,true,kkr,lsg
1304113,1,false,2,15,b4b99816,caught,03806cf8,true,gt,rcb
1304113,1,false,5,32,afa7e784,lbw,b681e71e,true,gt,rcb
1304113,1,false,8,52,fe11caa6,run out,,false,gt,rcb
1304113,1,false,16,100,d67d5f00,caught and bowled,a97c8ec2,true,gt,rcb
1304113,1,false,17,107,39a2dfa8,caught,03806cf8,true,gt,rcb
1304113,2,false,14,89,3355b542,caught,5f547c8b,true,rcb,gt
1304113,2,false,16,102,ba607b88,stumped,5f547c8b,true,rcb,gt
1304114,1,false,0,6,45a43fe2,caught,a818c1be,true,csk,rr
1304114,1,false,7,46,df5a6881,lbw,495d42a5,true,csk,rr
1304114,1,false,8,53,bd54eef5,caught,529eb9e0,true,csk,rr
1304114,1,false,10,64,70d205c9,caught,57ee1fde,true,csk,rr
1304114,1,false,18,119,4a8a2e3b,caught,57ee1fde,true,csk,rr
1304114,1,false,19,120,bb351c23,caught,529eb9e0,true,csk,rr
1304114,2,false,1,10,99b75528,caught,30df8c66,true,rr,csk
1304114,2,false,8,53,a4cc73aa,caught and bowled,e4a0deae,true,rr,csk
1304114,2,false,11,70,2c25d4f5,bowled,bb351c23,true,rr,csk
1304114,2,false,14,91,6c19c6e5,caught,c695b423,true,rr,csk
1304114,2,false,16,100,48a1d7b7,caught,c695b423,true,rr,csk
1304115,1,false,2,18,dcce6f09,caught,caf69bf7,true,dc,mi
1304115,1,false,3,20,3d8feaf8,caught,462411b3,true,dc,mi
1304115,1,false,5,34,8b3e9c7c,caught,462411b3,true,dc,mi
1304115,1,false,8,52,f088b960,caught,a9fd84fb,true,dc,mi
1304115,1,false,15,103,919a3be2,caught,be24ead0,true,dc,mi
1304115,1,false,18,117,650d5e49,bowled,462411b3,true,dc,mi
1304115,1,false,19,125,1abb78f8,caught,be24ead0,true,dc,mi
1304115,2,false,5,33,740742ef,caught,acdc62f5,true,mi,dc
1304115,2,false,11,70,752f7486,caught,8d2c70ad,true,mi,dc
1304115,2,false,14,89,844e79d1,bowled,1abb78f8,true,mi,dc
1304115,2,false,17,110,f1f99156,caught,1abb78f8,true,mi,dc
1304115,2,false,18,116,b0482a1d,caught,acdc62f5,true,mi,dc
1304116,1,false,2,16,bb965e9a,caught,e62dd25d,true,srh,pbks
1304116,1,false,8,52,77255a9e,caught,c05edf8e,true,srh,pbks
1304116,1,false,10,64,f29185a1,caught,c05edf8e,true,srh,pbks
1304116,1,false,12,80,3241e3fd,caught,9eb1455b,true,srh,pbks
1304116,1,false,14,90,6a26221c,stumped,c05edf8e,true,srh,pbks
1304116,1,false,19,121,f19ccfad,caught,9eb1455b,true,srh,pbks
1304116,1,false,19,122,4125d931,caught,9eb1455b,true,srh,pbks
1304116,1,false,19,124,2e81a32d,run out,,false,srh,pbks
1304116,2,false,2,18,abb83e27,bowled,e9c7f0d0,true,pbks,srh
1304116,2,false,6,39,7dcb9bc9,caught,81c08fa3,true,pbks,srh
1304116,2,false,7,47,00ea847a,caught,f19ccfad,true,pbks,srh
1304116,2,false,12,78,0a476045,bowled,e9c7f0d0,true,pbks,srh
1304116,2,false,13,87,800d2d97,caught,4125d931,true,pbks,srh
1312197,1,false,1,12,6c19c6e5,caught,7210d461,true,rr,gt
1312197,1,false,9,61,a4cc73aa,caught,c7a995d3,true,rr,gt
1312197,1,false,14,89,2c25d4f5,bowled,dbe50b21,true,rr,gt
1312197,1,false,18,116,48a1d7b7,caught,8cf9814c,true,rr,gt
1312197,1,false,19,125,99b75528,run out,,false,rr,gt
1312197,1,false,19,126,04a418e8,run out,,false,rr,gt
1312197,2,false,0,2,fe11caa6,caught,a818c1be,true,gt,rr
1312197,2,false,7,49,b4b99816,run out,,false,gt,rr
1312197,2,false,9,61,afa7e784,caught,529eb9e0,true,gt,rr
1312198,1,false,0,6,3355b542,caught,c33d8116,true,rcb,lsg
1312198,1,false,8,53,ba607b88,caught,eef2536f,true,rcb,lsg
1312198,1,false,10,65,b681e71e,caught,5b8c830e,true,rcb,lsg
1312198,1,false,13,83,da934ee8,caught,df064e1a,true,rcb,lsg
1312198,2,false,0,6,372455c4,caught,2f49c897,true,lsg,rcb
1312198,2,false,4,28,c03e2850,caught,03806cf8,true,lsg,rcb
1312198,2,false,14,91,73ad96ed,bowled,a97c8ec2,true,lsg,rcb
1312198,2,false,17,111,d9273ee7,caught,f986ca1a,true,lsg,rcb
1312198,2,false,18,121,b17e2f24,caught,03806cf8,true,lsg,rcb
1312198,2,false,18,122,5b8c830e,caught and bowled,03806cf8,true,lsg,rcb
1312199,1,false,1,11,ba607b88,caught,85e0cf10,true,rcb,rr
1312199,1,false,10,66,3355b542,caught,529eb9e0,true,rcb,rr
1312199,1,false,13,87,b681e71e,caught,a818c1be,true,rcb,rr
1312199,1,false,15,98,c740ea83,caught,495d42a5,true,rcb,rr
1312199,1,false,17,111,da934ee8,caught,529eb9e0,true,rcb,rr
1312199,1,false,18,115,c03f1114,caught,85e0cf10,true,rcb,rr
1312199,1,false,18,116,a97c8ec2,bowled,85e0cf10,true,rcb,rr
1312199,1,false,19,122,f986ca1a,bowled,529eb9e0,true,rcb,rr
1312199,2,false,5,31,6c19c6e5,caught,03806cf8,true,rr,rcb
1312199,2,false,11,70,a4cc73aa,stumped,a97c8ec2,true,rr,rcb
1312199,2,false,16,101,2c25d4f5,caught,03806cf8,true,rr,rcb
1312200,1,false,3,24,6c19c6e5,caught,7210d461,true,rr,gt
1312200,1,false,8,50,a4cc73aa,caught,dbe50b21,true,rr,gt
1312200,1,false,11,71,2c25d4f5,caught,5f547c8b,true,rr,gt
1312200,1,false,12,73,99b75528,caught,dbe50b21,true,rr,gt
1312200,1,false,14,90,48a1d7b7,caught and bowled,dbe50b21,true,rr,gt
1312200,1,false,15,95,495d42a5,caught,c7a995d3,true,rr,gt
1312200,1,false,17,105,a818c1be,caught,c7a995d3,true,rr,gt
1312200,1,false,19,118,529eb9e0,run out,,false,rr,gt
1312200,1,false,19,120,04a418e8,bowled,8cf9814c,true,rr,gt
1312200,2,false,1,10,fe11caa6,bowled,85e0cf10,true,gt,rr
1312200,2,false,4,28,afa7e784,caught,a818c1be,true,gt,rr
1312200,2,false,13,83,dbe50b21,caught,57ee1fde,true,gt,rr
1359475,1,false,2,14,df5a6881,bowled,8cf9814c,true,csk,gt
1359475,1,false,5,36,bb351c23,caught,5f547c8b,true,csk,gt
1359475,1,false,7,47,e087956b,caught,5f547c8b,true,csk,gt
1359475,1,false,12,78,70d205c9,bowled,9061a703,true,csk,gt
1359475,1,false,17,104,45a43fe2,caught,b0946605,true,csk,gt
1359475,1,false,17,107,fe93fd9d,caught,b0946605,true,csk,gt
1359475,1,false,18,112,a4e37e47,caught,8cf9814c,true,csk,gt
1359475,2,false,3,25,fe11caa6,caught,c3c92b42,true,gt,csk
1359475,2,false,9,60,d5130a30,caught,c3c92b42,true,gt,csk
1359475,2,false,12,76,dbe50b21,bowled,fe93fd9d,true,gt,csk
1359475,2,false,14,95,b4b99816,caught,46a9bea1,true,gt,csk
1359475,2,false,17,113,0994d0ae,caught,c3c92b42,true,gt,csk
1359476,1,false,1,12,9418198b,caught,13c35c9e,true,pbks,kkr
1359476,1,false,10,67,6c882e9a,caught,cc1e8c68,true,pbks,kkr
1359476,1,false,13,83,800d2d97,caught,13c35c9e,true,pbks,kkr
1359476,1,false,14,89,0a476045,bowled,5b7ab5a9,true,pbks,kkr
1359476,1,false,17,110,26d041c4,caught,9d430b40,true,pbks,kkr
1359476,2,false,1,7,c3a96caf,caught,244048f6,true,kkr,pbks
1359476,2,false,1,12,e4cdf230,caught,244048f6,true,kkr,pbks
1359476,2,false,4,26,0bacade8,bowled,9eb1455b,true,kkr,pbks
1359476,2,false,9,57,fb2d1dda,caught,26d041c4,true,kkr,pbks
1359476,2,false,10,62,0a509d6b,caught,2ed569a0,true,kkr,pbks
1359476,2,false,14,92,bbd41817,caught,e94915e6,true,kkr,pbks
1359476,2,false,15,96,a24be938,caught,244048f6,true,kkr,pbks
1359477,1,false,3,24,b17e2f24,caught,2cdce1be,true,lsg,dc
1359477,1,false,10,66,73ad96ed,caught,8d2c70ad,true,lsg,dc
1359477,1,false,11,69,73c18486,bowled,2e171977,true,lsg,dc
1359477,1,false,14,85,d9273ee7,caught,a2f46292,true,lsg,dc
1359477,1,false,18,113,3241e3fd,caught,a2f46292,true,lsg,dc
1359477,1,false,19,124,872b03f7,caught,2cdce1be,true,lsg,dc
1359477,2,false,4,30,8b3e9c7c,bowled,8d92a2c3,true,dc,lsg
1359477,2,false,4,31,3d8feaf8,bowled,8d92a2c3,true,dc,lsg
1359477,2,false,6,46,f088b960,caught,8d92a2c3,true,dc,lsg
1359477,2,false,11,77,cad00a4d,caught,df064e1a,true,dc,lsg
1359477,2,false,13,87,650d5e49,lbw,df064e1a,true,dc,lsg
1359477,2,false,15,98,378daa89,caught,eef2536f,true,dc,lsg
1359477,2,false,15,101,dcce6f09,caught,eef2536f,true,dc,lsg
1359477,2,false,19,121,2e171977,caught,8d92a2c3,true,dc,lsg
1359477,2,false,19,125,2cdce1be,caught,8d92a2c3,true,dc,lsg
1359478,1,false,5,36,99b75528,bowled,e9c7f0d0,true,rr,srh
1359478,1,false,12,76,6c19c6e5,caught,e9c7f0d0,true,rr,srh
1359478,1,false,14,86,2c25d4f5,bowled,81c08fa3,true,rr,srh
1359478,1,false,16,99,04a418e8,caught,ce794613,true,rr,srh
1359478,1,false,18,113,a4cc73aa,caught,ce794613,true,rr,srh
1359478,2,false,0,3,f29185a1,bowled,a818c1be,true,srh,rr
1359478,2,false,0,5,77255a9e,caught,a818c1be,true,srh,rr
1359478,2,false,6,42,4ae1755b,bowled,57ee1fde,true,srh,rr
1359478,2,false,8,51,f19ccfad,caught,0f721006,true,srh,rr
1359478,2,false,9,58,9a46c4e5,caught,495d42a5,true,srh,rr
1359478,2,false,10,67,00ea847a,caught,57ee1fde,true,srh,rr
1359478,2,false,13,89,249d60c9,stumped,57ee1fde,true,srh,rr
1359478,2,false,17,112,2e81a32d,bowled,57ee1fde,true,srh,rr
1359479,1,false,2,15,752f7486,caught,2f49c897,true,mi,rcb
1359479,1,false,3,21,eaa76d3c,bowled,8db7f47f,true,mi,rcb
1359479,1,false,5,33,740742ef,caught,0a67aec0,true,mi,rcb
1359479,1,false,8,54,271f83cd,caught,e38bce7a,true,mi,rcb
1359479,1,false,13,85,d1a60072,caught,119678fd,true,mi,rcb
1359479,1,false,15,96,f1f99156,bowled,119678fd,true,mi,rcb
1359479,1,false,17,106,0c9652b0,caught,f986ca1a,true,mi,rcb
1359479,2,false,14,92,3355b542,caught,12314277,true,rcb,mi
1359479,2,false,15,96,c03f1114,caught,eaa76d3c,true,rcb,mi
1359480,1,false,9,58,45a43fe2,caught,df064e1a,true,csk,lsg
1359480,1,false,10,65,df5a6881,caught,8d92a2c3,true,csk,lsg
1359480,1,false,13,86,a4e37e47,caught,df064e1a,true,csk,lsg
1359480,1,false,15,96,bb351c23,stumped,df064e1a,true,csk,lsg
1359480,1,false,16,106,e087956b,caught,eef2536f,true,csk,lsg
1359480,1,false,19,119,fe93fd9d,caught,8d92a2c3,true,csk,lsg
1359480,1,false,19,122,4a8a2e3b,caught,8d92a2c3,true,csk,lsg
1359480,2,false,5,40,73c18486,caught,bb351c23,true,lsg,csk
1359480,2,false,6,49,73ad96ed,caught,e4a0deae,true,lsg,csk
1359480,2,false,7,51,b17e2f24,caught,bb351c23,true,lsg,csk
1359480,2,false,9,67,5b8c830e,caught,bb351c23,true,lsg,csk
1359480,2,false,13,87,d9273ee7,bowled,bb351c23,true,lsg,csk
1359480,2,false,15,104,3241e3fd,caught,46a9bea1,true,lsg,csk
1359480,2,false,19,133,872b03f7,caught,46a9bea1,true,lsg,csk
1359481,1,false,2,20,8b3e9c7c,caught,8cf9814c,true,dc,gt
1359481,1,false,4,30,3d8feaf8,bowled,8cf9814c,true,dc,gt
1359481,1,false,8,55,dcce6f09,bowled,b0946605,true,dc,gt
1359481,1,false,8,56,cad00a4d,caught,b0946605,true,dc,gt
1359481,1,false,12,79,ad3b6e95,bowled,5f547c8b,true,dc,gt
1359481,1,false,16,103,f088b960,caught,5f547c8b,true,dc,gt
1359481,1,false,18,117,378daa89,caught,5f547c8b,true,dc,gt
1359481,1,false,19,123,2e171977,caught,8cf9814c,true,dc,gt
1359481,2,false,2,13,fe11caa6,bowled,acdc62f5,true,gt,dc
1359481,2,false,4,26,b4b99816,bowled,acdc62f5,true,gt,dc
1359481,2,false,5,38,dbe50b21,caught,a2f46292,true,gt,dc
1359481,2,false,13,83,0994d0ae,lbw,3d8feaf8,true,gt,dc
1359482,1,false,9,61,9418198b,caught,0f721006,true,pbks,rr
1359482,1,false,10,64,6c882e9a,retired hurt,,false,pbks,rr
1359482,1,false,15,99,800d2d97,caught,57ee1fde,true,pbks,rr
1359482,1,false,16,102,26d041c4,bowled,495d42a5,true,pbks,rr
1359482,1,false,19,125,7dcb9bc9,caught,0f721006,true,pbks,rr
1359482,2,false,1,11,6c19c6e5,caught,244048f6,true,rr,pbks
1359482,2,false,3,22,495d42a5,caught,244048f6,true,rr,pbks
1359482,2,false,5,36,99b75528,caught and bowled,9eb1455b,true,rr,pbks
1359482,2,false,10,70,a4cc73aa,caught,9eb1455b,true,rr,pbks
1359482,2,false,14,89,04a418e8,caught,9eb1455b,true,rr,pbks
1359482,2,false,14,94,2c25d4f5,bowled,9eb1455b,true,rr,pbks
1359482,2,false,19,122,48a1d7b7,run out,,false,rr,pbks
1359483,1,false,3,22,a24be938,bowled,7f048519,true,kkr,rcb
1359483,1,false,3,23,c3a96caf,bowled,7f048519,true,kkr,rcb
1359483,1,false,6,41,fb2d1dda,caught,e38bce7a,true,kkr,rcb
1359483,1,false,11,72,0bacade8,caught,119678fd,true,kkr,rcb
1359483,1,false,11,73,bbd41817,caught,119678fd,true,kkr,rcb
1359483,1,false,18,123,0a509d6b,caught,f986ca1a,true,kkr,rcb
1359483,1,false,19,127,1abb78f8,caught,2f49c897,true,kkr,rcb
1359483,2,false,4,29,ba607b88,bowled,9d430b40,true,rcb,kkr
1359483,2,false,5,32,3355b542,bowled,5b7ab5a9,true,rcb,kkr
1359483,2,false,7,44,b681e71e,bowled,5b7ab5a9,true,rcb,kkr
1359483,2,false,7,46,f986ca1a,bowled,5b7ab5a9,true,rcb,kkr
1359483,2,false,8,53,f9e6e7ef,caught,9d430b40,true,rcb,kkr
1359483,2,false,11,69,e38bce7a,caught,1abb78f8,true,rcb,kkr
1359483,2,false,12,74,c8f5f961,caught,9440ef41,true,rcb,kkr
1359483,2,false,12,78,c03f1114,caught,9440ef41,true,rcb,kkr
1359483,2,false,14,88,119678fd,caught,9440ef41,true,rcb,kkr
1359483,2,false,17,107,0a67aec0,caught and bowled,5b7ab5a9,true,rcb,kkr
1359484,1,false,2,17,00ea847a,caught,5b8c830e,true,srh,lsg
1359484,1,false,7,48,1399b39c,lbw,5b8c830e,true,srh,lsg
1359484,1,false,7,49,6a26221c,bowled,5b8c830e,true,srh,lsg
1359484,1,false,8,55,4ae1755b,stumped,df064e1a,true,srh,lsg
1359484,1,false,17,106,77255a9e,caught,4b31f3a3,true,srh,lsg
1359484,1,false,18,113,f19ccfad,caught,6b19d823,true,srh,lsg
1359484,1,false,18,116,249d60c9,caught,6b19d823,true,srh,lsg
1359484,1,false,19,117,81c08fa3,run out,,false,srh,lsg
1359484,2,false,4,28,73c18486,caught,e9c7f0d0,true,lsg,srh
1359484,2,false,5,38,73ad96ed,caught and bowled,2e81a32d,true,lsg,srh
1359484,2,false,12,78,5b8c830e,caught,81c08fa3,true,lsg,srh
1359484,2,false,14,90,b17e2f24,lbw,249d60c9,true,lsg,srh
1359484,2,false,14,91,c5aef772,lbw,249d60c9,true,lsg,srh
1359485,1,false,8,53,6c19c6e5,caught and bowled,2cffab74,true,rr,dc
1359485,1,false,9,61,a4cc73aa,caught,8d2c70ad,true,rr,dc
1359485,1,false,13,86,04a418e8,bowled,650d5e49,true,rr,dc
1359485,1,false,18,115,99b75528,caught and bowled,2cffab74,true,rr,dc
1359485,2,false,0,3,8b3e9c7c,caught,a818c1be,true,dc,rr
1359485,2,false,0,4,93b4fc78,lbw,a818c1be,true,dc,rr
1359485,2,false,5,37,cad00a4d,caught,495d42a5,true,dc,rr
1359485,2,false,12,84,ad427b5c,bowled,a818c1be,true,dc,rr
1359485,2,false,14,96,2e171977,stumped,57ee1fde,true,dc,rr
1359485,2,false,15,100,650d5e49,caught,495d42a5,true,dc,rr
1359485,2,false,18,118,ad3b6e95,caught,57ee1fde,true,dc,rr
1359485,2,false,18,122,dcce6f09,lbw,57ee1fde,true,dc,rr
1359485,2,false,19,124,acdc62f5,bowled,ce820073,true,dc,rr
1359486,1,false,3,25,740742ef,bowled,46a9bea1,true,mi,csk
1359486,1,false,6,41,752f7486,caught,fe93fd9d,true,mi,csk
1359486,1,false,7,45,271f83cd,caught,e4a0deae,true,mi,csk
1359486,1,false,8,51,eaa76d3c,caught and bowled,fe93fd9d,true,mi,csk
1359486,1,false,9,56,12314277,lbw,e4a0deae,true,mi,csk
1359486,1,false,12,81,b0482a1d,lbw,fe93fd9d,true,mi,csk
1359486,1,false,15,99,85b3fab2,caught,8361e524,true,mi,csk
1359486,1,false,16,105,f1f99156,caught,46a9bea1,true,mi,csk
1359486,2,false,0,4,df5a6881,bowled,4933f499,true,csk,mi
1359486,2,false,7,51,29e95537,caught,98ae73b1,true,csk,mi
1359486,2,false,14,89,a4e37e47,bowled,f6d8a7ab,true,csk,mi
1359487,1,false,4,29,fe11caa6,caught,9d430b40,true,gt,kkr
1359487,1,false,11,76,b4b99816,caught,9d430b40,true,gt,kkr
1359487,1,false,13,87,0890552f,bowled,9440ef41,true,gt,kkr
1359487,1,false,17,111,d5130a30,caught,9d430b40,true,gt,kkr
1359487,2,false,2,15,0bacade8,caught,8cf9814c,true,kkr,gt
1359487,2,false,3,24,bd54eef5,caught,9061a703,true,kkr,gt
1359487,2,false,13,79,fb2d1dda,caught,b0946605,true,kkr,gt
1359487,2,false,15,96,a24be938,caught,b0946605,true,kkr,gt
1359487,2,false,16,98,bbd41817,caught,5f547c8b,true,kkr,gt
1359487,2,false,16,99,9d430b40,caught,5f547c8b,true,kkr,gt
1359487,2,false,16,100,1abb78f8,lbw,5f547c8b,true,kkr,gt
1359488,1,false,0,1,9418198b,lbw,2e81a32d,true,pbks,srh
1359488,1,false,1,11,a90e53ec,lbw,81c36ee9,true,pbks,srh
1359488,1,false,3,26,800d2d97,caught,81c36ee9,true,pbks,srh
1359488,1,false,8,56,e94915e6,caught,a9fd84fb,true,pbks,srh
1359488,1,false,9,63,26d041c4,caught,81c08fa3,true,pbks,srh
1359488,1,false,10,68,7dcb9bc9,lbw,a9fd84fb,true,pbks,srh
1359488,1,false,11,72,c05edf8e,bowled,81c08fa3,true,pbks,srh
1359488,1,false,12,81,2ed569a0,lbw,a9fd84fb,true,pbks,srh
1359488,1,false,14,94,9eb1455b,bowled,a9fd84fb,true,pbks,srh
1359488,2,false,3,23,4ae1755b,bowled,244048f6,true,srh,pbks
1359488,2,false,8,51,00ea847a,caught,2ed569a0,true,srh,pbks
1359489,1,false,11,70,ba607b88,caught,6b19d823,true,rcb,lsg
1359489,1,false,19,123,b681e71e,bowled,8d92a2c3,true,rcb,lsg
1359489,2,false,0,4,73c18486,bowled,2f49c897,true,lsg,rcb
1359489,2,false,3,24,73ad96ed,caught,3a60e0b5,true,lsg,rcb
1359489,2,false,3,26,5b8c830e,caught,3a60e0b5,true,lsg,rcb
1359489,2,false,10,67,d9273ee7,caught,119678fd,true,lsg,rcb
1359489,2,false,11,70,b17e2f24,caught,2f49c897,true,lsg,rcb
1359489,2,false,16,109,3241e3fd,caught,2f49c897,true,lsg,rcb
1359489,2,false,18,121,872b03f7,hit wicket,3a60e0b5,true,lsg,rcb
1359489,2,false,19,125,8d92a2c3,bowled,f986ca1a,true,lsg,rcb
1359489,2,false,19,128,1e66c162,caught,f986ca1a,true,lsg,rcb
1359490,1,false,3,23,8b3e9c7c,caught,0c9652b0,true,dc,mi
1359490,1,false,8,54,93b4fc78,caught,98ae73b1,true,dc,mi
1359490,1,false,9,62,dd7e9b3b,caught,64775749,true,dc,mi
1359490,1,false,10,67,650d5e49,lbw,98ae73b1,true,dc,mi
1359490,1,false,12,78,ad427b5c,bowled,98ae73b1,true,dc,mi
1359490,1,false,18,115,2e171977,caught,4933f499,true,dc,mi
1359490,1,false,18,117,dcce6f09,caught,4933f499,true,dc,mi
1359490,1,false,18,118,8d2c70ad,run out,,false,dc,mi
1359490,1,false,18,120,ad3b6e95,caught,4933f499,true,dc,mi
1359490,1,false,19,124,acdc62f5,bowled,64775749,true,dc,mi
1359490,2,false,7,46,752f7486,run out,,false,mi,dc
1359490,2,false,15,97,b0482a1d,caught,2cffab74,true,mi,dc
1359490,2,false,15,98,271f83cd,caught,2cffab74,true,mi,dc
1359490,2,false,16,103,740742ef,caught,0a8fce53,true,mi,dc
1359491,1,false,1,10,6c19c6e5,caught,46a9bea1,true,rr,csk
1359491,1,false,8,53,2c25d4f5,caught,fe93fd9d,true,rr,csk
1359491,1,false,8,55,a4cc73aa,bowled,fe93fd9d,true,rr,csk
1359491,1,false,14,95,495d42a5,caught,b483905d,true,rr,csk
1359491,1,false,16,103,99b75528,bowled,bb351c23,true,rr,csk
1359491,1,false,18,120,bcf325d2,caught,b483905d,true,rr,csk
1359491,1,false,19,125,0f721006,caught,46a9bea1,true,rr,csk
1359491,1,false,19,126,14f96089,run out,,false,rr,csk
1359491,2,false,2,14,45a43fe2,caught,ce820073,true,csk,rr
1359491,2,false,9,58,29e95537,lbw,495d42a5,true,csk,rr
1359491,2,false,11,73,a4e37e47,lbw,495d42a5,true,csk,rr
1359491,2,false,13,86,bb351c23,caught,14f96089,true,csk,rr
1359491,2,false,14,88,70d205c9,caught,57ee1fde,true,csk,rr
1359491,2,false,14,94,df5a6881,caught,57ee1fde,true,csk,rr
1359492,1,false,0,2,9418198b,caught,8cf9814c,true,pbks,gt
1359492,1,false,3,22,0a476045,caught,9061a703,true,pbks,gt
1359492,1,false,6,45,a90e53ec,bowled,5f547c8b,true,pbks,gt
1359492,1,false,12,80,800d2d97,caught,759ac88f,true,pbks,gt
1359492,1,false,16,109,6c882e9a,caught,b0946605,true,pbks,gt
1359492,1,false,18,117,e94915e6,caught,759ac88f,true,pbks,gt
1359492,1,false,19,127,7dcb9bc9,run out,,false,pbks,gt
1359492,1,false,19,129,26a85969,run out,,false,pbks,gt
1359492,2,false,4,28,fe11caa6,caught,e62dd25d,true,gt,pbks
1359492,2,false,11,68,d5130a30,caught,244048f6,true,gt,pbks
1359492,2,false,14,86,dbe50b21,caught,c05edf8e,true,gt,pbks
1359492,2,false,19,116,b4b99816,bowled,e94915e6,true,gt,pbks
1359493,1,false,4,26,00ea847a,caught,bbd41817,true,srh,kkr
1359493,1,false,4,32,77255a9e,caught,bbd41817,true,srh,kkr
1359493,1,false,12,81,6a26221c,caught,5b7ab5a9,true,srh,kkr
1359493,1,false,18,116,f29185a1,caught,bbd41817,true,srh,kkr
1359493,2,false,0,3,0bacade8,caught,2e81a32d,true,kkr,srh
1359493,2,false,3,21,a24be938,caught,81c36ee9,true,kkr,srh
1359493,2,false,3,22,9d430b40,caught,81c36ee9,true,kkr,srh
1359493,2,false,8,51,bd54eef5,caught,a9fd84fb,true,kkr,srh
1359493,2,false,10,64,bbd41817,caught,a9fd84fb,true,kkr,srh
1359493,2,false,16,106,fb2d1dda,caught,ce794613,true,kkr,srh
1359493,2,false,19,123,1abb78f8,caught,81c08fa3,true,kkr,srh
1359494,1,false,4,29,3355b542,caught,3d8feaf8,true,rcb,dc
1359494,1,false,10,62,ba607b88,caught,ad427b5c,true,rcb,dc
1359494,1,false,12,77,da934ee8,caught,3d8feaf8,true,rcb,dc
1359494,1,false,13,86,f986ca1a,caught,2e171977,true,rcb,dc
1359494,1,false,14,87,b681e71e,caught,8d2c70ad,true,rcb,dc
1359494,1,false,14,88,c03f1114,caught,8d2c70ad,true,rcb,dc
1359494,2,false,0,4,8b3e9c7c,run out,,false,dc,rcb
1359494,2,false,1,10,3d8feaf8,caught,3a60e0b5,true,dc,rcb
1359494,2,false,2,14,dd7e9b3b,lbw,2f49c897,true,dc,rcb
1359494,2,false,5,34,dcce6f09,caught,54e52590,true,dc,rcb
1359494,2,false,8,53,ad3b6e95,caught,f986ca1a,true,dc,rcb
1359494,2,false,12,75,2e171977,caught,54e52590,true,dc,rcb
1359494,2,false,13,85,93b4fc78,lbw,a97c8ec2,true,dc,rcb
1359494,2,false,15,96,ad427b5c,caught,54e52590,true,dc,rcb
1359494,2,false,17,107,378daa89,caught,2f49c897,true,dc,rcb
1359495,1,false,7,47,73c18486,caught,c05edf8e,true,lsg,pbks
1359495,1,false,8,53,73ad96ed,lbw,26d041c4,true,lsg,pbks
1359495,1,false,14,89,5b8c830e,caught,e62dd25d,true,lsg,pbks
1359495,1,false,14,91,3241e3fd,caught,e62dd25d,true,lsg,pbks
1359495,1,false,17,113,d9273ee7,caught,e94915e6,true,lsg,pbks
1359495,1,false,18,118,b17e2f24,caught,244048f6,true,lsg,pbks
1359495,1,false,19,124,90de905a,caught,e94915e6,true,lsg,pbks
1359495,1,false,19,125,4885bbe6,caught,e94915e6,true,lsg,pbks
1359495,2,false,0,3,1ac746c8,caught,4885bbe6,true,pbks,lsg
1359495,2,false,2,14,9418198b,bowled,4885bbe6,true,pbks,lsg
1359495,2,false,5,36,a90e53ec,caught,90de905a,true,pbks,lsg
1359495,2,false,10,66,28c78fb3,caught,5b8c830e,true,pbks,lsg
1359495,2,false,14,88,e94915e6,caught,df064e1a,true,pbks,lsg
1359495,2,false,15,97,800d2d97,caught,8d92a2c3,true,pbks,lsg
1359495,2,false,17,111,26d041c4,caught,df064e1a,true,pbks,lsg
1359495,2,false,18,118,c05edf8e,caught,8d92a2c3,true,pbks,lsg
1359496,1,false,1,12,bd54eef5,caught,eaa76d3c,true,kkr,mi
1359496,1,false,5,37,0bacade8,caught,98ae73b1,true,kkr,mi
1359496,1,false,8,54,fb2d1dda,caught,0c9652b0,true,kkr,mi
1359496,1,false,12,82,1abb78f8,caught,0c9652b0,true,kkr,mi
1359496,1,false,17,109,a24be938,caught,64775749,true,kkr,mi
1359496,1,false,18,119,0a509d6b,caught,8dc152d1,true,kkr,mi
1359496,2,false,4,30,740742ef,caught,9440ef41,true,mi,kkr
1359496,2,false,7,46,752f7486,bowled,5b7ab5a9,true,mi,kkr
1359496,2,false,13,84,b0482a1d,bowled,9440ef41,true,mi,kkr
1359496,2,false,16,101,271f83cd,caught,1abb78f8,true,mi,kkr
1359496,2,false,17,107,d1a60072,caught,2f9d0389,true,mi,kkr
1359497,1,false,0,4,fe11caa6,caught and bowled,a818c1be,true,gt,rr
1359497,1,false,4,32,d5130a30,run out,,false,gt,rr
1359497,1,false,10,66,dbe50b21,caught,57ee1fde,true,gt,rr
1359497,1,false,15,95,b4b99816,caught,ce820073,true,gt,rr
1359497,1,false,18,117,0890552f,caught,14f96089,true,gt,rr
1359497,1,false,19,122,d67d5f00,caught,ce820073,true,gt,rr
1359497,1,false,19,123,5f547c8b,run out,,false,gt,rr
1359497,2,false,1,10,6c19c6e5,caught,dbe50b21,true,rr,gt
1359497,2,false,2,18,99b75528,bowled,8cf9814c,true,rr,gt
1359497,2,false,8,52,2c25d4f5,caught,5f547c8b,true,rr,gt
1359497,2,false,10,64,04a418e8,caught,5f547c8b,true,rr,gt
1359497,2,false,14,91,a4cc73aa,caught,efc04be7,true,rr,gt
1359497,2,false,18,112,bcf325d2,caught,8cf9814c,true,rr,gt
1359497,2,false,18,115,495d42a5,caught,8cf9814c,true,rr,gt
1359498,1,false,2,14,45a43fe2,caught,2f49c897,true,csk,rcb
1359498,1,false,9,58,29e95537,bowled,a97c8ec2,true,csk,rcb
1359498,1,false,15,96,df5a6881,bowled,f986ca1a,true,csk,rcb
1359498,1,false,16,101,a4e37e47,caught,3a60e0b5,true,csk,rcb
1359498,1,false,17,108,70d205c9,caught,54e52590,true,csk,rcb
1359498,1,false,19,124,fe93fd9d,caught,b681e71e,true,csk,rcb
1359498,2,false,0,4,ba607b88,bowled,b483905d,true,rcb,csk
1359498,2,false,1,12,da934ee8,caught,46a9bea1,true,rcb,csk
1359498,2,false,12,74,b681e71e,caught,f24c6701,true,rcb,csk
1359498,2,false,13,85,3355b542,caught,bb351c23,true,rcb,csk
1359498,2,false,16,103,c03f1114,caught,46a9bea1,true,rcb,csk
1359498,2,false,17,106,f9e6e7ef,caught,64839cb3,true,rcb,csk
1359498,2,false,18,114,3a60e0b5,caught,46a9bea1,true,rcb,csk
1359498,2,false,19,126,9385de2e,caught,64839cb3,true,rcb,csk
1359499,1,false,4,29,740742ef,caught,ce794613,true,mi,srh
1359499,1,false,11,68,752f7486,caught,81c36ee9,true,mi,srh
1359499,1,false,11,72,271f83cd,caught,81c36ee9,true,mi,srh
1359499,1,false,16,101,b0482a1d,caught,2e81a32d,true,mi,srh
1359499,1,false,19,122,f1f99156,run out,,false,mi,srh
1359499,2,false,1,10,4ae1755b,caught,4933f499,true,srh,mi
1359499,2,false,3,24,77255a9e,caught,4933f499,true,srh,mi
1359499,2,false,8,55,6a26221c,caught,eaa76d3c,true,srh,mi
1359499,2,false,9,58,f29185a1,caught,98ae73b1,true,srh,mi
1359499,2,false,13,88,235c2bb6,caught,98ae73b1,true,srh,mi
1359499,2,false,14,94,00ea847a,caught,64775749,true,srh,mi
1359499,2,false,16,106,81c36ee9,caught,64775749,true,srh,mi
1359499,2,false,17,114,f19ccfad,run out,,false,srh,mi
1359499,2,false,19,123,8e514b4c,run out,,false,srh,mi
1359499,2,false,19,127,2e81a32d,caught,44aac2f0,true,srh,mi
1359500,1,false,10,66,b17e2f24,caught,0f721006,true,lsg,rr
1359500,1,false,11,72,872b03f7,bowled,a818c1be,true,lsg,rr
1359500,1,false,13,82,73ad96ed,caught,495d42a5,true,lsg,rr
1359500,1,false,13,85,73c18486,bowled,495d42a5,true,lsg,rr
1359500,1,false,19,119,d9273ee7,caught,ce820073,true,lsg,rr
1359500,1,false,19,121,3241e3fd,run out,,false,lsg,rr
1359500,1,false,19,122,4885bbe6,run out,,false,lsg,rr
1359500,2,false,11,71,6c19c6e5,caught,d9273ee7,true,rr,lsg
1359500,2,false,12,78,a4cc73aa,run out,,false,rr,lsg
1359500,2,false,13,83,99b75528,caught,d9273ee7,true,rr,lsg
1359500,2,false,15,94,48a1d7b7,caught,eef2536f,true,rr,lsg
1359500,2,false,19,120,2c25d4f5,caught,eef2536f,true,rr,lsg
1359500,2,false,19,121,bcf325d2,caught,eef2536f,true,rr,lsg
1359501,1,false,16,100,ba607b88,caught,c05edf8e,true,rcb,pbks
1359501,1,false,16,101,b681e71e,caught,c05edf8e,true,rcb,pbks
1359501,1,false,17,108,3355b542,caught,9eb1455b,true,rcb,pbks
1359501,1,false,18,117,c03f1114,caught,244048f6,true,rcb,pbks
1359501,2,false,0,2,1ac746c8,lbw,2f49c897,true,pbks,rcb
1359501,2,false,2,13,a90e53ec,bowled,a97c8ec2,true,pbks,rcb
1359501,2,false,3,20,50c6bc2b,lbw,2f49c897,true,pbks,rcb
1359501,2,false,5,34,28c78fb3,run out,,false,pbks,rcb
1359501,2,false,9,60,e94915e6,run out,,false,pbks,rcb
1359501,2,false,11,71,9418198b,bowled,3a60e0b5,true,pbks,rcb
1359501,2,false,12,79,7dcb9bc9,stumped,a97c8ec2,true,pbks,rcb
1359501,2,false,17,107,c05edf8e,bowled,2f49c897,true,pbks,rcb
1359501,2,false,17,110,9eb1455b,bowled,2f49c897,true,pbks,rcb
1359501,2,false,18,113,800d2d97,caught,f986ca1a,true,pbks,rcb
1359502,1,false,1,13,0404d43c,caught,2cffab74,true,kkr,dc
1359502,1,false,3,22,a24be938,caught,acdc62f5,true,kkr,dc
1359502,1,false,5,34,fb2d1dda,caught,5bb1a1c4,true,kkr,dc
1359502,1,false,8,53,c3a96caf,bowled,2e171977,true,kkr,dc
1359502,1,false,10,65,0a509d6b,caught,2e171977,true,kkr,dc
1359502,1,false,11,72,9d430b40,caught,5bb1a1c4,true,kkr,dc
1359502,1,false,14,93,d1c36f5c,caught,8d2c70ad,true,kkr,dc
1359502,1,false,14,94,e4cdf230,lbw,8d2c70ad,true,kkr,dc
1359502,1,false,15,99,cc1e8c68,caught and bowled,acdc62f5,true,kkr,dc
1359502,1,false,19,130,5b7ab5a9,run out,,false,kkr,dc
1359502,2,false,4,28,8b3e9c7c,bowled,5b7ab5a9,true,dc,kkr
1359502,2,false,7,46,3d8feaf8,caught,fb2d1dda,true,dc,kkr
1359502,2,false,8,51,3d284ca3,caught and bowled,e4cdf230,true,dc,kkr
1359502,2,false,13,81,dcce6f09,lbw,5b7ab5a9,true,dc,kkr
1359502,2,false,15,99,93b4fc78,caught,e4cdf230,true,dc,kkr
1359502,2,false,16,102,378daa89,bowled,fb2d1dda,true,dc,kkr
1359503,1,false,4,27,4ae1755b,caught,b483905d,true,srh,csk
1359503,1,false,9,57,f29185a1,caught,fe93fd9d,true,srh,csk
1359503,1,false,11,69,77255a9e,caught,fe93fd9d,true,srh,csk
1359503,1,false,12,78,6a26221c,caught,f24c6701,true,srh,csk
1359503,1,false,13,84,00ea847a,stumped,fe93fd9d,true,srh,csk
1359503,1,false,17,106,235c2bb6,caught,64839cb3,true,srh,csk
1359503,1,false,19,122,f19ccfad,run out,,false,srh,csk
1359503,2,false,10,66,45a43fe2,run out,,false,csk,srh
1359503,2,false,14,88,29e95537,caught,a9fd84fb,true,csk,srh
1359503,2,false,16,102,70d205c9,bowled,a9fd84fb,true,csk,srh
1359504,1,false,1,8,b4b99816,caught,5b8c830e,true,gt,lsg
1359504,1,false,10,63,fe11caa6,caught,5b8c830e,true,gt,lsg
1359504,1,false,11,70,0890552f,caught,6b19d823,true,gt,lsg
1359504,1,false,14,90,0994d0ae,bowled,c0c411cb,true,gt,lsg
1359504,1,false,19,116,dbe50b21,caught,d9273ee7,true,gt,lsg
1359504,1,false,19,120,d67d5f00,caught,d9273ee7,true,gt,lsg
1359504,2,false,6,39,73c18486,bowled,5f547c8b,true,lsg,gt
1359504,2,false,14,88,5b8c830e,stumped,efc04be7,true,lsg,gt
1359504,2,false,16,102,3241e3fd,caught,efc04be7,true,lsg,gt
1359504,2,false,19,117,b17e2f24,caught,759ac88f,true,lsg,gt
1359504,2,false,19,118,d9273ee7,caught,759ac88f,true,lsg,gt
1359504,2,false,19,119,872b03f7,run out,,false,lsg,gt
1359504,2,false,19,120,73ad96ed,run out,,false,lsg,gt
1359505,1,false,2,17,a90e53ec,caught,eaa76d3c,true,pbks,mi
1359505,1,false,6,44,9418198b,lbw,44aac2f0,true,pbks,mi
1359505,1,false,9,61,50c6bc2b,stumped,98ae73b1,true,pbks,mi
1359505,1,false,9,64,1ac746c8,bowled,98ae73b1,true,pbks,mi
1359505,1,false,17,115,28c78fb3,bowled,eaa76d3c,true,pbks,mi
1359505,1,false,18,123,e94915e6,caught and bowled,5574750c,true,pbks,mi
1359505,1,false,19,127,800d2d97,bowled,4933f499,true,pbks,mi
1359505,1,false,19,129,c05edf8e,run out,,false,pbks,mi
1359505,2,false,1,9,752f7486,caught,244048f6,true,mi,pbks
1359505,2,false,9,60,740742ef,caught and bowled,50c6bc2b,true,mi,pbks
1359505,2,false,15,96,eaa76d3c,caught,9eb1455b,true,mi,pbks
1359505,2,false,17,109,271f83cd,caught,244048f6,true,mi,pbks
1359505,2,false,19,120,b0482a1d,bowled,244048f6,true,mi,pbks
1359505,2,false,19,121,d1a60072,bowled,244048f6,true,mi,pbks
1359506,1,false,0,1,ba607b88,lbw,a818c1be,true,rcb,rr
1359506,1,false,2,13,f9e6e7ef,caught,a818c1be,true,rcb,rr
1359506,1,false,13,83,3355b542,run out,,false,rcb,rr
1359506,1,false,14,93,b681e71e,caught,495d42a5,true,rcb,rr
1359506,1,false,16,102,da934ee8,caught,57ee1fde,true,rcb,rr
1359506,1,false,16,104,9385de2e,run out,,false,rcb,rr
1359506,1,false,19,119,a97c8ec2,run out,,false,rcb,rr
1359506,1,false,19,121,c03f1114,caught,ce820073,true,rcb,rr
1359506,1,false,19,122,54e52590,caught,ce820073,true,rcb,rr
1359506,2,false,0,4,99b75528,bowled,2f49c897,true,rr,rcb
1359506,2,false,11,71,2c25d4f5,caught,7f048519,true,rr,rcb
1359506,2,false,13,83,6c19c6e5,caught,f986ca1a,true,rr,rcb
1359506,2,false,15,93,a4cc73aa,caught,f986ca1a,true,rr,rcb
1359506,2,false,17,113,48a1d7b7,run out,,false,rr,rcb
1359506,2,false,19,124,495d42a5,caught,f986ca1a,true,rr,rcb
1359507,1,false,7,45,45a43fe2,bowled,9440ef41,true,csk,kkr
1359507,1,false,12,73,df5a6881,caught,5b7ab5a9,true,csk,kkr
1359507,1,false,17,107,a4e37e47,caught,fa2f1dde,true,csk,kkr
1359507,1,false,19,120,fe93fd9d,caught,fa2f1dde,true,csk,kkr
1359507,2,false,0,4,9d430b40,bowled,b483905d,true,kkr,csk
1359507,2,false,1,8,bd54eef5,caught,46a9bea1,true,kkr,csk
1359507,2,false,7,45,a24be938,lbw,bb351c23,true,kkr,csk
1359507,2,false,8,52,fb2d1dda,caught,fe93fd9d,true,kkr,csk
1359507,2,false,14,91,d1c36f5c,bowled,f24c6701,true,kkr,csk
1359507,2,false,16,107,bbd41817,caught,64839cb3,true,kkr,csk
1359507,2,false,17,112,aa8d28ae,lbw,46a9bea1,true,kkr,csk
1359507,2,false,18,120,cc1e8c68,caught,f24c6701,true,kkr,csk
1359508,1,false,0,3,3d284ca3,caught,2e81a32d,true,dc,srh
1359508,1,false,4,28,3d8feaf8,lbw,ce794613,true,dc,srh
1359508,1,false,7,44,dcce6f09,caught,f19ccfad,true,dc,srh
1359508,1,false,7,46,f088b960,caught,f19ccfad,true,dc,srh
1359508,1,false,7,48,378daa89,caught,f19ccfad,true,dc,srh
1359508,1,false,17,108,2e171977,bowled,2e81a32d,true,dc,srh
1359508,1,false,18,111,93b4fc78,run out,,false,dc,srh
1359508,1,false,19,117,acdc62f5,run out,,false,dc,srh
1359508,1,false,19,119,60500956,run out,,false,dc,srh
1359508,2,false,5,31,4ae1755b,bowled,acdc62f5,true,srh,dc
1359508,2,false,11,70,00ea847a,caught,2e171977,true,srh,dc
1359508,2,false,12,76,77255a9e,caught,5bb1a1c4,true,srh,dc
1359508,2,false,13,82,f29185a1,caught and bowled,8d2c70ad,true,srh,dc
1359508,2,false,14,86,6a26221c,bowled,2e171977,true,srh,dc
1359508,2,false,18,112,235c2bb6,caught,acdc62f5,true,srh,dc
1359509,1,false,2,13,fe11caa6,caught,44aac2f0,true,gt,mi
1359509,1,false,6,39,dbe50b21,caught,98ae73b1,true,gt,mi
1359509,1,false,11,70,b4b99816,caught,f6d8a7ab,true,gt,mi
1359509,1,false,12,77,0994d0ae,caught,98ae73b1,true,gt,mi
1359509,1,false,18,113,0890552f,caught,64775749,true,gt,mi
1359509,1,false,19,124,d67d5f00,caught,4933f499,true,gt,mi
1359509,2,false,1,13,740742ef,caught and bowled,dbe50b21,true,mi,gt
1359509,2,false,7,46,752f7486,caught,5f547c8b,true,mi,gt
1359509,2,false,7,49,b0482a1d,lbw,5f547c8b,true,mi,gt
1359509,2,false,10,63,eaa76d3c,bowled,efc04be7,true,mi,gt
1359509,2,false,10,65,f1f99156,caught,efc04be7,true,mi,gt
1359509,2,false,12,79,271f83cd,caught and bowled,efc04be7,true,mi,gt
1359509,2,false,17,104,98ae73b1,run out,,false,mi,gt
1359509,2,false,17,107,d1a60072,caught,759ac88f,true,mi,gt
1359509,2,false,19,119,44aac2f0,caught,759ac88f,true,mi,gt
1359510,1,false,9,57,bd54eef5,caught,54e52590,true,kkr,rcb
1359510,1,false,9,63,d1c36f5c,bowled,54e52590,true,kkr,rcb
1359510,1,false,17,109,fb2d1dda,caught,a97c8ec2,true,kkr,rcb
1359510,1,false,17,111,a24be938,caught,a97c8ec2,true,kkr,rcb
1359510,1,false,18,119,bbd41817,bowled,2f49c897,true,kkr,rcb
1359510,2,false,2,14,3355b542,caught,9440ef41,true,rcb,kkr
1359510,2,false,4,28,f9e6e7ef,lbw,9440ef41,true,rcb,kkr
1359510,2,false,5,35,b681e71e,caught,5b7ab5a9,true,rcb,kkr
1359510,2,false,11,70,da934ee8,caught,5b7ab5a9,true,rcb,kkr
1359510,2,false,12,74,ba607b88,caught,bbd41817,true,rcb,kkr
1359510,2,false,14,90,9385de2e,run out,,false,rcb,kkr
1359510,2,false,16,102,a97c8ec2,caught,bbd41817,true,rcb,kkr
1359510,2,false,17,106,c03f1114,caught,5b7ab5a9,true,rcb,kkr
1359511,1,false,8,51,99b75528,caught,fe93fd9d,true,rr,csk
1359511,1,false,13,82,a4cc73aa,caught,46a9bea1,true,rr,csk
1359511,1,false,13,86,6c19c6e5,caught,46a9bea1,true,rr,csk
1359511,1,false,16,100,48a1d7b7,bowled,f24c6701,true,rr,csk
1359511,1,false,19,121,bcf325d2,run out,,false,rr,csk
1359511,2,false,5,36,df5a6881,caught,14f96089,true,csk,rr
1359511,2,false,9,56,45a43fe2,caught,14f96089,true,csk,rr
1359511,2,false,10,62,29e95537,caught,495d42a5,true,csk,rr
1359511,2,false,10,64,70d205c9,caught,495d42a5,true,csk,rr
1359511,2,false,14,90,bb351c23,caught,14f96089,true,csk,rr
1359511,2,false,19,121,a4e37e47,caught,030f3089,true,csk,rr
1359512,1,false,3,22,b17e2f24,caught,e62dd25d,true,lsg,pbks
1359512,1,false,5,39,73c18486,caught,e62dd25d,true,lsg,pbks
1359512,1,false,13,87,872b03f7,caught,50c6bc2b,true,lsg,pbks
1359512,1,false,18,118,d9273ee7,caught,e94915e6,true,lsg,pbks
1359512,1,false,19,126,3241e3fd,lbw,244048f6,true,lsg,pbks
1359512,2,false,0,5,0a476045,caught,d9273ee7,true,pbks,lsg
1359512,2,false,3,26,9418198b,caught,c0c411cb,true,pbks,lsg
1359512,2,false,11,73,26d041c4,caught,4b31f3a3,true,pbks,lsg
1359512,2,false,12,82,1ac746c8,caught and bowled,df064e1a,true,pbks,lsg
1359512,2,false,15,97,50c6bc2b,lbw,df064e1a,true,pbks,lsg
1359512,2,false,16,109,e94915e6,caught,c0c411cb,true,pbks,lsg
1359512,2,false,17,114,800d2d97,caught,4b31f3a3,true,pbks,lsg
1359512,2,false,17,116,2ed569a0,caught,4b31f3a3,true,pbks,lsg
1359512,2,false,18,121,e62dd25d,bowled,c0c411cb,true,pbks,lsg
1359512,2,false,19,128,7dcb9bc9,caught,4b31f3a3,true,pbks,lsg
1359513,1,false,2,18,bd54eef5,lbw,8cf9814c,true,kkr,gt
1359513,1,false,4,31,1abb78f8,caught,8cf9814c,true,kkr,gt
1359513,1,false,10,63,a24be938,lbw,9061a703,true,kkr,gt
1359513,1,false,10,66,fb2d1dda,caught,9061a703,true,kkr,gt
1359513,1,false,15,95,0bacade8,caught,efc04be7,true,kkr,gt
1359513,1,false,17,108,0a509d6b,caught,efc04be7,true,kkr,gt
1359513,1,false,19,123,bbd41817,caught,8cf9814c,true,kkr,gt
1359513,2,false,4,26,fe11caa6,caught,bbd41817,true,gt,kkr
1359513,2,false,10,65,dbe50b21,lbw,77b1aa15,true,gt,kkr
1359513,2,false,11,69,b4b99816,caught,9d430b40,true,gt,kkr
1359514,1,false,2,17,00ea847a,caught,5bb1a1c4,true,srh,dc
1359514,1,false,4,31,77255a9e,caught,3d8feaf8,true,srh,dc
1359514,1,false,9,59,6a26221c,caught,3d8feaf8,true,srh,dc
1359514,1,false,9,61,4ae1755b,caught,3d8feaf8,true,srh,dc
1359514,1,false,11,75,f29185a1,caught,2e171977,true,srh,dc
1359514,1,false,16,110,8e514b4c,caught,3d8feaf8,true,srh,dc
1359514,2,false,0,2,dcce6f09,bowled,2e81a32d,true,dc,srh
1359514,2,false,11,68,3d284ca3,caught and bowled,a9fd84fb,true,dc,srh
1359514,2,false,12,75,93b4fc78,stumped,f29185a1,true,dc,srh
1359514,2,false,13,80,3d8feaf8,caught,4d7f517e,true,dc,srh
1359514,2,false,15,94,bb965e9a,bowled,a9fd84fb,true,dc,srh
1359514,2,false,16,101,f088b960,bowled,ce794613,true,dc,srh
1359515,1,false,9,61,45a43fe2,stumped,26d041c4,true,csk,pbks
1359515,1,false,13,89,a4e37e47,caught,244048f6,true,csk,pbks
1359515,1,false,16,103,bb351c23,stumped,2ed569a0,true,csk,pbks
1359515,1,false,19,121,fe93fd9d,caught,e94915e6,true,csk,pbks
1359515,2,false,4,27,0a476045,caught,46a9bea1,true,pbks,csk
1359515,2,false,8,52,9418198b,stumped,fe93fd9d,true,pbks,csk
1359515,2,false,10,63,1ac746c8,caught and bowled,fe93fd9d,true,pbks,csk
1359515,2,false,15,97,50c6bc2b,caught,46a9bea1,true,pbks,csk
1359515,2,false,17,105,e94915e6,bowled,64839cb3,true,pbks,csk
1359515,2,false,18,116,800d2d97,caught,46a9bea1,true,pbks,csk
1359516,1,false,7,49,99b75528,caught,98ae73b1,true,rr,mi
1359516,1,false,9,66,a4cc73aa,caught,12314277,true,rr,mi
1359516,1,false,10,73,2c25d4f5,bowled,98ae73b1,true,rr,mi
1359516,1,false,14,95,0f721006,caught,5574750c,true,rr,mi
1359516,1,false,16,108,48a1d7b7,caught,12314277,true,rr,mi
1359516,1,false,17,113,bcf325d2,caught,64775749,true,rr,mi
1359516,1,false,19,130,6c19c6e5,caught and bowled,12314277,true,rr,mi
1359516,2,false,1,13,740742ef,bowled,ce820073,true,mi,rr
1359516,2,false,8,53,752f7486,caught,495d42a5,true,mi,rr
1359516,2,false,10,67,eaa76d3c,caught,495d42a5,true,mi,rr
1359516,2,false,15,100,271f83cd,caught,a818c1be,true,mi,rr
1359517,1,false,8,56,ba607b88,stumped,df064e1a,true,rcb,lsg
1359517,1,false,11,72,c8f5f961,caught,90de905a,true,rcb,lsg
1359517,1,false,12,78,b681e71e,lbw,df064e1a,true,rcb,lsg
1359517,1,false,14,89,9385de2e,caught,6b19d823,true,rcb,lsg
1359517,1,false,16,103,3355b542,caught,6b19d823,true,rcb,lsg
1359517,1,false,17,109,da934ee8,lbw,c0c411cb,true,rcb,lsg
1359517,1,false,18,114,c03f1114,run out,,false,rcb,lsg
1359517,1,false,19,118,119678fd,caught,c0c411cb,true,rcb,lsg
1359517,1,false,19,119,2f49c897,caught,c0c411cb,true,rcb,lsg
1359517,2,false,0,2,73c18486,caught,2f49c897,true,lsg,rcb
1359517,2,false,3,23,5b8c830e,caught,b681e71e,true,lsg,rcb
1359517,2,false,4,27,872b03f7,caught,03806cf8,true,lsg,rcb
1359517,2,false,5,33,73ad96ed,stumped,a97c8ec2,true,lsg,rcb
1359517,2,false,6,44,3241e3fd,caught,119678fd,true,lsg,rcb
1359517,2,false,10,66,d9273ee7,caught,119678fd,true,lsg,rcb
1359517,2,false,11,69,90de905a,run out,,false,lsg,rcb
1359517,2,false,14,90,df064e1a,run out,,false,lsg,rcb
1359517,2,false,18,116,c0c411cb,caught,03806cf8,true,lsg,rcb
1359517,2,false,19,124,6b19d823,caught,f986ca1a,true,lsg,rcb
1359518,1,false,0,1,3d284ca3,caught,8cf9814c,true,dc,gt
1359518,1,false,1,8,dcce6f09,run out,,false,dc,gt
1359518,1,false,2,18,cad00a4d,caught,8cf9814c,true,dc,gt
1359518,1,false,4,26,93b4fc78,caught,8cf9814c,true,dc,gt
1359518,1,false,4,31,bb965e9a,caught,8cf9814c,true,dc,gt
1359518,1,false,13,87,2e171977,caught,759ac88f,true,dc,gt
1359518,1,false,18,115,378daa89,caught,5f547c8b,true,dc,gt
1359518,1,false,19,123,60500956,caught,759ac88f,true,dc,gt
1359518,2,false,0,6,fe11caa6,caught,a2f46292,true,gt,dc
1359518,2,false,3,19,b4b99816,caught,acdc62f5,true,gt,dc
1359518,2,false,4,31,0994d0ae,bowled,5bb1a1c4,true,gt,dc
1359518,2,false,6,41,d67d5f00,bowled,8d2c70ad,true,gt,dc
1359518,2,false,17,107,0890552f,caught,a2f46292,true,gt,dc
1359518,2,false,19,122,39a2dfa8,caught,5bb1a1c4,true,gt,dc
1359519,1,false,3,22,73c18486,caught,bb351c23,true,lsg,csk
1359519,1,false,5,34,c03e2850,bowled,f24c6701,true,lsg,csk
1359519,1,false,5,35,5b8c830e,caught,f24c6701,true,lsg,csk
1359519,1,false,6,41,d9273ee7,bowled,fe93fd9d,true,lsg,csk
1359519,1,false,9,58,39ed0d2f,caught and bowled,bb351c23,true,lsg,csk
1359519,1,false,17,108,3241e3fd,caught,64839cb3,true,lsg,csk
1359519,1,false,19,118,90de905a,caught,64839cb3,true,lsg,csk
1359520,1,false,1,9,9418198b,caught,12314277,true,pbks,mi
1359520,1,false,7,46,0a476045,stumped,98ae73b1,true,pbks,mi
1359520,1,false,11,72,a90e53ec,bowled,98ae73b1,true,pbks,mi
1359520,2,false,0,3,740742ef,caught,26a85969,true,mi,pbks
1359520,2,false,5,37,eaa76d3c,caught,9eb1455b,true,mi,pbks
1359520,2,false,15,94,271f83cd,caught,9eb1455b,true,mi,pbks
1359520,2,false,16,100,752f7486,caught,244048f6,true,mi,pbks
1359521,1,false,1,7,0bacade8,caught,81c36ee9,true,kkr,srh
1359521,1,false,1,12,a24be938,caught,81c36ee9,true,kkr,srh
1359521,1,false,4,31,d1c36f5c,caught,5d2eea49,true,kkr,srh
1359521,1,false,11,72,fb2d1dda,caught and bowled,6a26221c,true,kkr,srh
1359521,1,false,14,92,bbd41817,caught,a9fd84fb,true,kkr,srh
1359521,1,false,15,99,9d430b40,caught,2e81a32d,true,kkr,srh
1359521,1,false,17,112,1abb78f8,caught,ce794613,true,kkr,srh
1359521,1,false,19,123,0a509d6b,caught,ce794613,true,kkr,srh
1359521,1,false,19,124,77b1aa15,run out,,false,kkr,srh
1359521,2,false,2,19,00ea847a,caught,77b1aa15,true,srh,kkr
1359521,2,false,3,25,f29185a1,caught,1abb78f8,true,srh,kkr
1359521,2,false,5,36,77255a9e,caught,bbd41817,true,srh,kkr
1359521,2,false,6,41,4ae1755b,lbw,e4cdf230,true,srh,kkr
1359521,2,false,14,90,235c2bb6,caught,1abb78f8,true,srh,kkr
1359521,2,false,16,106,6a26221c,caught,7c3b3b78,true,srh,kkr
1359521,2,false,18,115,81c36ee9,caught,7c3b3b78,true,srh,kkr
1359521,2,false,19,124,8e514b4c,caught,5b7ab5a9,true,srh,kkr
1359522,1,false,1,11,99b75528,caught,dbe50b21,true,rr,gt
1359522,1,false,5,32,6c19c6e5,run out,,false,rr,gt
1359522,1,false,6,42,a4cc73aa,caught,9061a703,true,rr,gt
1359522,1,false,7,49,495d42a5,bowled,5f547c8b,true,rr,gt
1359522,1,false,9,57,04a418e8,lbw,5f547c8b,true,rr,gt
1359522,1,false,11,71,2c25d4f5,bowled,efc04be7,true,rr,gt
1359522,1,false,13,81,bcf325d2,lbw,efc04be7,true,rr,gt
1359522,1,false,14,88,48a1d7b7,lbw,5f547c8b,true,rr,gt
1359522,1,false,16,105,a818c1be,bowled,8cf9814c,true,rr,gt
1359522,1,false,17,114,14f96089,run out,,false,rr,gt
1359522,2,false,9,59,b4b99816,stumped,57ee1fde,true,gt,rr
1359523,1,false,1,11,eaa76d3c,bowled,46a9bea1,true,mi,csk
1359523,1,false,2,14,752f7486,caught,23eeb873,true,mi,csk
1359523,1,false,2,17,740742ef,caught,23eeb873,true,mi,csk
1359523,1,false,10,64,271f83cd,bowled,fe93fd9d,true,mi,csk
1359523,1,false,17,106,d1a60072,bowled,64839cb3,true,mi,csk
1359523,1,false,18,113,f1f99156,caught,46a9bea1,true,mi,csk
1359523,1,false,19,117,12314277,caught,64839cb3,true,mi,csk
1359523,1,false,19,120,85b3fab2,caught,64839cb3,true,mi,csk
1359523,2,false,4,27,45a43fe2,caught,98ae73b1,true,csk,mi
1359523,2,false,8,57,29e95537,lbw,98ae73b1,true,csk,mi
1359523,2,false,12,80,70d205c9,caught,85b3fab2,true,csk,mi
1359523,2,false,16,102,df5a6881,lbw,4bd09374,true,csk,mi
1359524,1,false,10,64,3355b542,caught,3d8feaf8,true,rcb,dc
1359524,1,false,10,65,b681e71e,caught,3d8feaf8,true,rcb,dc
1359524,1,false,15,98,ba607b88,caught,2cffab74,true,rcb,dc
1359524,1,false,19,120,c03f1114,caught,a2f46292,true,rcb,dc
1359524,2,false,5,32,dcce6f09,caught,03806cf8,true,dc,rcb
1359524,2,false,10,64,3d8feaf8,caught,f986ca1a,true,dc,rcb
1359524,2,false,15,96,3d284ca3,bowled,119678fd,true,dc,rcb
1359525,1,false,12,77,fe11caa6,caught,eef2536f,true,gt,lsg
1359525,1,false,15,101,dbe50b21,caught,c33d8116,true,gt,lsg
1359525,2,false,8,54,73c18486,caught,759ac88f,true,lsg,gt
1359525,2,false,12,78,73ad96ed,caught,8cf9814c,true,lsg,gt
1359525,2,false,14,93,d9273ee7,caught,759ac88f,true,lsg,gt
1359525,2,false,15,100,372455c4,bowled,5f547c8b,true,lsg,gt
1359525,2,false,17,108,3241e3fd,caught,efc04be7,true,lsg,gt
1359525,2,false,18,118,872b03f7,caught,759ac88f,true,lsg,gt
1359525,2,false,18,119,5b8c830e,caught,759ac88f,true,lsg,gt
1359526,1,false,4,32,6c19c6e5,caught,81c36ee9,true,rr,srh
1359526,1,false,18,116,99b75528,lbw,2e81a32d,true,rr,srh
1359526,2,false,5,35,1399b39c,caught,57ee1fde,true,srh,rr
1359526,2,false,12,79,f29185a1,caught,495d42a5,true,srh,rr
1359526,2,false,15,98,235c2bb6,caught,57ee1fde,true,srh,rr
1359526,2,false,17,108,77255a9e,caught,57ee1fde,true,srh,rr
1359526,2,false,17,111,6a26221c,lbw,57ee1fde,true,srh,rr
1359526,2,false,18,117,9a46c4e5,caught,030f3089,true,srh,rr
1359527,1,false,1,12,9418198b,caught,77b1aa15,true,pbks,kkr
1359527,1,false,3,22,6c882e9a,caught,77b1aa15,true,pbks,kkr
1359527,1,false,5,35,50c6bc2b,lbw,5b7ab5a9,true,pbks,kkr
1359527,1,false,12,79,800d2d97,caught,5b7ab5a9,true,pbks,kkr
1359527,1,false,14,92,0a476045,caught,fb2d1dda,true,pbks,kkr
1359527,1,false,16,105,26a85969,bowled,5b7ab5a9,true,pbks,kkr
1359527,1,false,17,108,e94915e6,caught,9440ef41,true,pbks,kkr
1359527,2,false,4,29,0bacade8,lbw,9eb1455b,true,kkr,pbks
1359527,2,false,7,45,d1c36f5c,caught,c05edf8e,true,kkr,pbks
1359527,2,false,13,84,a24be938,caught,2ed569a0,true,kkr,pbks
1359527,2,false,15,94,fb2d1dda,caught,2ed569a0,true,kkr,pbks
1359527,2,false,19,122,bbd41817,run out,,false,kkr,pbks
1359528,1,false,0,5,ba607b88,caught,4933f499,true,rcb,mi
1359528,1,false,2,14,c8f5f961,caught,4933f499,true,rcb,mi
1359528,1,false,12,77,b681e71e,caught,4933f499,true,rcb,mi
1359528,1,false,13,84,da934ee8,bowled,f6d8a7ab,true,rcb,mi
1359528,1,false,14,88,3355b542,caught,eaa76d3c,true,rcb,mi
1359528,1,false,18,112,c03f1114,caught,ffe699c0,true,rcb,mi
1359528,2,false,4,29,752f7486,caught,a97c8ec2,true,mi,rcb
1359528,2,false,4,31,740742ef,lbw,a97c8ec2,true,mi,rcb
1359528,2,false,15,101,271f83cd,caught,54e52590,true,mi,rcb
1359528,2,false,15,102,f1f99156,caught,54e52590,true,mi,rcb
1359529,1,false,4,28,df5a6881,lbw,2e171977,true,csk,dc
1359529,1,false,6,40,45a43fe2,caught,2e171977,true,csk,dc
1359529,1,false,9,61,bb351c23,caught,8d2c70ad,true,csk,dc
1359529,1,false,11,70,29e95537,caught and bowled,ad427b5c,true,csk,dc
1359529,1,false,14,91,a4e37e47,caught,3d8feaf8,true,csk,dc
1359529,1,false,16,105,70d205c9,caught,a2f46292,true,csk,dc
1359529,1,false,19,125,fe93fd9d,caught,3d8feaf8,true,csk,dc
1359529,1,false,19,129,4a8a2e3b,caught,3d8feaf8,true,csk,dc
1359529,2,false,0,2,dcce6f09,caught,23eeb873,true,dc,csk
1359529,2,false,2,16,3d284ca3,caught,23eeb873,true,dc,csk
1359529,2,false,3,20,3d8feaf8,run out,,false,dc,csk
1359529,2,false,12,79,93b4fc78,lbw,64839cb3,true,dc,csk
1359529,2,false,14,88,cad00a4d,caught,fe93fd9d,true,dc,csk
1359529,2,false,17,110,2e171977,caught,64839cb3,true,dc,csk
1359529,2,false,18,116,60500956,run out,,false,dc,csk
1359529,2,false,19,124,ad427b5c,bowled,64839cb3,true,dc,csk
1359530,1,false,2,14,d1c36f5c,caught,a818c1be,true,kkr,rr
1359530,1,false,4,25,0bacade8,caught,a818c1be,true,kkr,rr
1359530,1,false,10,62,fb2d1dda,caught,57ee1fde,true,kkr,rr
1359530,1,false,13,82,bbd41817,caught,798cc28e,true,kkr,rr
1359530,1,false,16,98,a24be938,caught,57ee1fde,true,kkr,rr
1359530,1,false,16,101,1abb78f8,lbw,57ee1fde,true,kkr,rr
1359530,1,false,18,113,0a509d6b,caught,57ee1fde,true,kkr,rr
1359530,1,false,19,121,9d430b40,caught,ce820073,true,kkr,rr
1359530,2,false,1,12,99b75528,run out,,false,rr,kkr
1359531,1,false,6,37,740742ef,caught,5f547c8b,true,mi,gt
1359531,1,false,6,41,752f7486,lbw,5f547c8b,true,mi,gt
1359531,1,false,8,54,d1a60072,bowled,5f547c8b,true,mi,gt
1359531,1,false,15,96,0494fa6e,caught,759ac88f,true,mi,gt
1359531,1,false,16,102,f1f99156,caught and bowled,5f547c8b,true,mi,gt
1359531,2,false,1,11,fe11caa6,lbw,4bd09374,true,gt,mi
1359531,2,false,2,15,dbe50b21,caught,4933f499,true,gt,mi
1359531,2,false,3,23,b4b99816,bowled,4bd09374,true,gt,mi
1359531,2,false,6,37,0994d0ae,bowled,98ae73b1,true,gt,mi
1359531,2,false,7,43,0890552f,bowled,f6d8a7ab,true,gt,mi
1359531,2,false,11,72,d67d5f00,lbw,4bd09374,true,gt,mi
1359531,2,false,12,73,39a2dfa8,caught,98ae73b1,true,gt,mi
1359531,2,false,13,80,efc04be7,bowled,f6d8a7ab,true,gt,mi
1359532,1,false,2,15,f29185a1,caught,4885bbe6,true,srh,lsg
1359532,1,false,5,36,77255a9e,caught,4b31f3a3,true,srh,lsg
1359532,1,false,8,55,1399b39c,caught and bowled,6b19d823,true,srh,lsg
1359532,1,false,12,75,6a26221c,stumped,5b8c830e,true,srh,lsg
1359532,1,false,12,76,9a46c4e5,bowled,5b8c830e,true,srh,lsg
1359532,1,false,18,117,235c2bb6,caught,eef2536f,true,srh,lsg
1359532,2,false,3,21,73c18486,caught,9a46c4e5,true,lsg,srh
1359532,2,false,8,51,372455c4,caught,a9fd84fb,true,lsg,srh
1359532,2,false,15,98,d9273ee7,caught,f29185a1,true,lsg,srh
1359533,1,false,1,10,0a476045,caught,5bb1a1c4,true,pbks,dc
1359533,1,false,4,28,50c6bc2b,bowled,5bb1a1c4,true,pbks,dc
1359533,1,false,5,37,800d2d97,bowled,2e171977,true,pbks,dc
1359533,1,false,14,94,e94915e6,caught,ed5a5510,true,pbks,dc
1359533,1,false,16,103,c05edf8e,caught,8d2c70ad,true,pbks,dc
1359533,1,false,18,116,9418198b,bowled,2cffab74,true,pbks,dc
1359533,1,false,19,126,7dcb9bc9,run out,,false,pbks,dc
1359533,2,false,6,38,3d284ca3,bowled,c05edf8e,true,dc,pbks
1359533,2,false,7,44,3d8feaf8,lbw,2ed569a0,true,dc,pbks
1359533,2,false,8,51,cad00a4d,caught,c05edf8e,true,dc,pbks
1359533,2,false,8,56,dcce6f09,lbw,c05edf8e,true,dc,pbks
1359533,2,false,9,57,2e171977,lbw,2ed569a0,true,dc,pbks
1359533,2,false,10,63,93b4fc78,bowled,c05edf8e,true,dc,pbks
1359533,2,false,15,96,378daa89,caught,9eb1455b,true,dc,pbks
1359533,2,false,17,106,ed5a5510,bowled,9eb1455b,true,dc,pbks
1359534,1,false,6,44,ba607b88,caught,798cc28e,true,rcb,rr
1359534,1,false,14,93,3355b542,caught,798cc28e,true,rcb,rr
1359534,1,false,15,95,da934ee8,caught,14f96089,true,rcb,rr
1359534,1,false,15,97,c03f1114,lbw,14f96089,true,rcb,rr
1359534,1,false,17,109,b681e71e,bowled,ce820073,true,rcb,rr
1359534,2,false,0,3,6c19c6e5,caught,2f49c897,true,rr,rcb
1359534,2,false,1,10,99b75528,caught,3a60e0b5,true,rr,rcb
1359534,2,false,1,12,a4cc73aa,caught,3a60e0b5,true,rr,rcb
1359534,2,false,4,28,2c25d4f5,caught,e38bce7a,true,rr,rcb
1359534,2,false,5,35,a343262c,lbw,3a60e0b5,true,rr,rcb
1359534,2,false,6,44,bcf325d2,caught,e38bce7a,true,rr,rcb
1359534,2,false,7,50,495d42a5,run out,,false,rr,rcb
1359534,2,false,9,61,48a1d7b7,caught,b681e71e,true,rr,rcb
1359534,2,false,10,63,14f96089,bowled,119678fd,true,rr,rcb
1359534,2,false,10,65,798cc28e,caught,119678fd,true,rr,rcb
1359535,1,false,3,21,45a43fe2,caught,5b7ab5a9,true,csk,kkr
1359535,1,false,7,48,29e95537,caught,5b7ab5a9,true,csk,kkr
1359535,1,false,9,57,df5a6881,caught,1abb78f8,true,csk,kkr
1359535,1,false,10,61,70d205c9,bowled,9d430b40,true,csk,kkr
1359535,1,false,10,66,bb351c23,bowled,9d430b40,true,csk,kkr
1359535,1,false,19,121,fe93fd9d,caught,7c3b3b78,true,csk,kkr
1359535,2,false,0,7,0bacade8,caught,23eeb873,true,kkr,csk
1359535,2,false,2,19,a24be938,caught,23eeb873,true,kkr,csk
1359535,2,false,4,30,d1c36f5c,caught,23eeb873,true,kkr,csk
1359535,2,false,17,108,0a509d6b,run out,,false,kkr,csk
1359536,1,false,0,3,fe11caa6,caught,2e81a32d,true,gt,srh
1359536,1,false,14,92,d5130a30,caught,81c36ee9,true,gt,srh
1359536,1,false,15,99,dbe50b21,caught,2e81a32d,true,gt,srh
1359536,1,false,16,107,d67d5f00,caught,ce794613,true,gt,srh
1359536,1,false,17,113,39a2dfa8,caught,e9c7f0d0,true,gt,srh
1359536,1,false,19,123,b4b99816,caught,2e81a32d,true,gt,srh
1359536,1,false,19,124,5f547c8b,caught,2e81a32d,true,gt,srh
1359536,1,false,19,125,efc04be7,run out,,false,gt,srh
1359536,1,false,19,127,8cf9814c,caught,2e81a32d,true,gt,srh
1359536,2,false,0,5,1399b39c,caught,8cf9814c,true,srh,gt
1359536,2,false,1,11,f29185a1,caught,7210d461,true,srh,gt
1359536,2,false,2,14,77255a9e,caught,8cf9814c,true,srh,gt
1359536,2,false,4,27,6a26221c,caught,8cf9814c,true,srh,gt
1359536,2,false,6,38,b0f2baf4,caught,759ac88f,true,srh,gt
1359536,2,false,6,41,8e514b4c,caught,759ac88f,true,srh,gt
1359536,2,false,8,55,81c36ee9,caught,759ac88f,true,srh,gt
1359536,2,false,16,105,235c2bb6,caught,8cf9814c,true,srh,gt
1359536,2,false,18,117,2e81a32d,caught,759ac88f,true,srh,gt
1359537,1,false,2,13,73ad96ed,caught,4933f499,true,lsg,mi
1359537,1,false,2,14,663b5e34,caught,4933f499,true,lsg,mi
1359537,1,false,6,37,372455c4,caught,98ae73b1,true,lsg,mi
1359537,1,false,15,99,5b8c830e,retired hurt,,false,lsg,mi
1359537,2,false,9,62,740742ef,caught,df064e1a,true,mi,lsg
1359537,2,false,11,71,752f7486,caught,df064e1a,true,mi,lsg
1359537,2,false,14,89,271f83cd,bowled,4b31f3a3,true,mi,lsg
1359537,2,false,16,102,d1a60072,caught,c33d8116,true,mi,lsg
1359537,2,false,17,114,0494fa6e,caught,4b31f3a3,true,mi,lsg
1359538,1,false,10,64,dcce6f09,caught,e94915e6,true,dc,pbks
1359538,1,false,14,93,8b3e9c7c,caught,e94915e6,true,dc,pbks
1359538,2,false,1,7,0a476045,caught,5bb1a1c4,true,pbks,dc
1359538,2,false,6,40,9418198b,caught,2e171977,true,pbks,dc
1359538,2,false,14,91,1ac746c8,retired out,,false,pbks,dc
1359538,2,false,15,95,800d2d97,caught,acdc62f5,true,pbks,dc
1359538,2,false,16,101,7dcb9bc9,caught,a2f46292,true,pbks,dc
1359538,2,false,18,113,e94915e6,bowled,acdc62f5,true,pbks,dc
1359538,2,false,18,114,c05edf8e,run out,,false,pbks,dc
1359538,2,false,19,124,50c6bc2b,caught,5bb1a1c4,true,pbks,dc
1359539,1,false,4,26,f29185a1,caught,e38bce7a,true,srh,rcb
1359539,1,false,4,28,77255a9e,caught,e38bce7a,true,srh,rcb
1359539,1,false,12,79,6a26221c,bowled,f9e6e7ef,true,srh,rcb
1359539,1,false,18,116,235c2bb6,bowled,f986ca1a,true,srh,rcb
1359539,1,false,19,124,9a46c4e5,caught,2f49c897,true,srh,rcb
1359539,2,false,17,110,ba607b88,caught,2e81a32d,true,rcb,srh
1359539,2,false,18,114,3355b542,caught,ce794613,true,rcb,srh
1359540,1,false,0,2,9418198b,caught and bowled,a818c1be,true,pbks,rr
1359540,1,false,3,23,1ac746c8,caught,21d4e29b,true,pbks,rr
1359540,1,false,5,35,0a476045,lbw,14f96089,true,pbks,rr
1359540,1,false,6,41,50c6bc2b,bowled,21d4e29b,true,pbks,rr
1359540,1,false,13,88,800d2d97,caught,21d4e29b,true,pbks,rr
1359540,2,false,1,10,99b75528,lbw,e62dd25d,true,rr,pbks
1359540,2,false,9,60,2c25d4f5,caught,244048f6,true,rr,pbks
1359540,2,false,10,66,a4cc73aa,caught,2ed569a0,true,rr,pbks
1359540,2,false,14,92,6c19c6e5,caught,9eb1455b,true,rr,pbks
1359540,2,false,17,116,04a418e8,caught,e62dd25d,true,rr,pbks
1359540,2,false,18,121,48a1d7b7,caught,e94915e6,true,rr,pbks
1359541,1,false,14,88,45a43fe2,caught,2cdce1be,true,csk,dc
1359541,1,false,17,114,a4e37e47,caught,a2f46292,true,csk,dc
1359541,1,false,18,116,df5a6881,caught,acdc62f5,true,csk,dc
1359541,2,false,1,9,8b3e9c7c,caught,46a9bea1,true,dc,csk
1359541,2,false,4,28,3d284ca3,caught,23eeb873,true,dc,csk
1359541,2,false,4,29,cad00a4d,bowled,23eeb873,true,dc,csk
1359541,2,false,10,66,dd7e9b3b,caught,fe93fd9d,true,dc,csk
1359541,2,false,13,83,2e171977,caught,23eeb873,true,dc,csk
1359541,2,false,16,102,378daa89,caught,64839cb3,true,dc,csk
1359541,2,false,18,118,dcce6f09,caught,64839cb3,true,dc,csk
1359541,2,false,19,124,ad427b5c,caught,f24c6701,true,dc,csk
1359541,2,false,19,125,8d2c70ad,lbw,f24c6701,true,dc,csk
1359542,1,false,2,15,39ed0d2f,caught,77b1aa15,true,lsg,kkr
1359542,1,false,6,40,663b5e34,caught,7c3b3b78,true,lsg,kkr
1359542,1,false,6,42,d9273ee7,caught,7c3b3b78,true,lsg,kkr
1359542,1,false,9,60,5b8c830e,caught,9d430b40,true,lsg,kkr
1359542,1,false,10,63,372455c4,caught,5b7ab5a9,true,lsg,kkr
1359542,1,false,17,114,872b03f7,caught,9d430b40,true,lsg,kkr
1359542,1,false,18,117,3241e3fd,caught,1abb78f8,true,lsg,kkr
1359542,1,false,18,120,df064e1a,bowled,1abb78f8,true,lsg,kkr
1359542,2,false,5,36,a24be938,caught,90de905a,true,kkr,lsg
1359542,2,false,8,52,fb2d1dda,caught,df064e1a,true,kkr,lsg
1359542,2,false,9,61,d1c36f5c,bowled,5b8c830e,true,kkr,lsg
1359542,2,false,13,84,0bacade8,caught,4b31f3a3,true,kkr,lsg
1359542,2,false,15,96,bbd41817,bowled,df064e1a,true,kkr,lsg
1359542,2,false,17,108,1abb78f8,caught,4b31f3a3,true,kkr,lsg
1359542,2,false,17,111,9d430b40,run out,,false,kkr,lsg
1359543,1,false,13,88,1b7b0fa7,caught,4bd09374,true,srh,mi
1359543,1,false,16,105,00ea847a,caught,4bd09374,true,srh,mi
1359543,1,false,17,111,9a46c4e5,caught,ffe699c0,true,srh,mi
1359543,1,false,18,119,235c2bb6,bowled,4bd09374,true,srh,mi
1359543,1,false,18,120,4ae1755b,bowled,4bd09374,true,srh,mi
1359543,2,false,2,17,752f7486,caught,2e81a32d,true,mi,srh
1359543,2,false,13,83,740742ef,caught,a457cfb5,true,mi,srh
1359544,1,false,7,44,3355b542,caught,efc04be7,true,rcb,gt
1359544,1,false,8,51,b681e71e,bowled,5f547c8b,true,rcb,gt
1359544,1,false,9,58,da934ee8,stumped,efc04be7,true,rcb,gt
1359544,1,false,13,88,e38bce7a,caught and bowled,8cf9814c,true,rcb,gt
1359544,1,false,14,90,c03f1114,caught,7210d461,true,rcb,gt
1359544,2,false,2,19,fe11caa6,caught,2f49c897,true,gt,rcb
1359544,2,false,14,91,0994d0ae,caught,54e52590,true,gt,rcb
1359544,2,false,15,96,3ff033bb,caught,f986ca1a,true,gt,rcb
1359544,2,false,17,110,d67d5f00,caught,2f49c897,true,gt,rcb
1370350,1,false,10,64,45a43fe2,caught,759ac88f,true,csk,gt
1370350,1,false,11,70,a4e37e47,bowled,efc04be7,true,csk,gt
1370350,1,false,14,90,29e95537,caught,cd8d2859,true,csk,gt
1370350,1,false,15,92,df5a6881,caught,8cf9814c,true,csk,gt
1370350,1,false,17,109,70d205c9,caught,5f547c8b,true,csk,gt
1370350,1,false,18,114,4a8a2e3b,caught,759ac88f,true,csk,gt
1370350,1,false,19,122,fe93fd9d,bowled,8cf9814c,true,csk,gt
1370350,2,false,2,18,fe11caa6,caught,23eeb873,true,gt,csk
1370350,2,false,5,35,dbe50b21,caught,f24c6701,true,gt,csk
1370350,2,false,10,63,3ff033bb,caught,fe93fd9d,true,gt,csk
1370350,2,false,12,81,d67d5f00,bowled,fe93fd9d,true,gt,csk
1370350,2,false,13,83,b4b99816,caught,23eeb873,true,gt,csk
1370350,2,false,14,94,39a2dfa8,bowled,f24c6701,true,gt,csk
1370350,2,false,17,114,0994d0ae,caught,64839cb3,true,gt,csk
1370350,2,false,17,115,cd8d2859,run out,,false,gt,csk
1370350,2,false,18,121,5f547c8b,caught,46a9bea1,true,gt,csk
1370350,2,false,19,132,8cf9814c,caught,64839cb3,true,gt,csk
1370351,1,false,3,20,740742ef,caught,c0c411cb,true,mi,lsg
1370351,1,false,4,26,752f7486,caught,4b31f3a3,true,mi,lsg
1370351,1,false,10,64,271f83cd,caught,c0c411cb,true,mi,lsg
1370351,1,false,10,66,eaa76d3c,bowled,c0c411cb,true,mi,lsg
1370351,1,false,16,102,f1f99156,caught,4b31f3a3,true,mi,lsg
1370351,1,false,17,111,b0482a1d,caught,c0c411cb,true,mi,lsg
1370351,1,false,18,119,ffe699c0,caught,c33d8116,true,mi,lsg
1370351,1,false,19,126,d1a60072,caught,4b31f3a3,true,mi,lsg
1370351,2,false,1,11,663b5e34,caught,4bd09374,true,lsg,mi
1370351,2,false,3,20,73c18486,caught,ffe699c0,true,lsg,mi
1370351,2,false,8,52,5b8c830e,caught,98ae73b1,true,lsg,mi
1370351,2,false,9,60,872b03f7,bowled,4bd09374,true,lsg,mi
1370351,2,false,9,61,3241e3fd,caught,4bd09374,true,lsg,mi
1370351,2,false,11,74,d9273ee7,run out,,false,lsg,mi
1370351,2,false,12,78,90de905a,run out,,false,lsg,mi
1370351,2,false,14,90,df064e1a,caught,4bd09374,true,lsg,mi
1370351,2,false,14,92,73ad96ed,run out,,false,lsg,mi
1370351,2,false,16,102,c33d8116,bowled,4bd09374,true,lsg,mi
1370352,1,false,6,40,fe11caa6,stumped,98ae73b1,true,gt,mi
1370352,1,false,16,106,b4b99816,caught,4bd09374,true,gt,mi
1370352,1,false,18,120,d5130a30,retired out,,false,gt,mi
1370352,2,false,0,5,d1a60072,caught,8cf9814c,true,mi,gt
1370352,2,false,2,15,740742ef,caught,8cf9814c,true,mi,gt
1370352,2,false,5,37,b0482a1d,bowled,5f547c8b,true,mi,gt
1370352,2,false,11,71,eaa76d3c,bowled,9061a703,true,mi,gt
1370352,2,false,14,91,271f83cd,bowled,759ac88f,true,mi,gt
1370352,2,false,14,93,0494fa6e,caught,759ac88f,true,mi,gt
1370352,2,false,15,97,f1f99156,lbw,5f547c8b,true,mi,gt
1370352,2,false,16,102,ffe699c0,caught,759ac88f,true,mi,gt
1370352,2,false,16,104,98ae73b1,caught,759ac88f,true,mi,gt
1370352,2,false,18,115,f6d8a7ab,caught,759ac88f,true,mi,gt
1370353,1,false,6,42,b4b99816,stumped,fe93fd9d,true,gt,csk
1370353,1,false,13,86,fe11caa6,caught,23eeb873,true,gt,csk
1370353,1,false,19,119,d5130a30,lbw,64839cb3,true,gt,csk
1370353,1,false,19,122,5f547c8b,caught,64839cb3,true,gt,csk
1370353,2,false,6,41,45a43fe2,caught,efc04be7,true,csk,gt
1370353,2,false,6,45,df5a6881,caught,efc04be7,true,csk,gt
1370353,2,false,10,69,29e95537,caught,759ac88f,true,csk,gt
1370353,2,false,12,80,70d205c9,caught and bowled,759ac88f,true,csk,gt
1370353,2,false,12,81,4a8a2e3b,caught,759ac88f,true,csk,gt
1422119,1,false,4,29,3355b542,caught,0a8fce53,true,rcb,csk
1422119,1,false,4,32,c740ea83,caught,0a8fce53,true,rcb,csk
1422119,1,false,5,35,b681e71e,caught,23eeb873,true,rcb,csk
1422119,1,false,11,70,ba607b88,caught,0a8fce53,true,rcb,csk
1422119,1,false,11,72,eaa76d3c,bowled,0a8fce53,true,rcb,csk
1422119,1,false,19,129,c8f5f961,run out,,false,rcb,csk
1422119,2,false,3,25,45a43fe2,caught,7210d461,true,csk,rcb
1422119,2,false,6,44,ba5e1069,caught,119678fd,true,csk,rcb
1422119,2,false,10,65,29e95537,caught,eaa76d3c,true,csk,rcb
1422119,2,false,12,78,eade4650,caught,eaa76d3c,true,csk,rcb
1422120,1,false,3,23,3d8feaf8,caught,244048f6,true,dc,pbks
1422120,1,false,7,51,dcce6f09,caught,f986ca1a,true,dc,pbks
1422120,1,false,10,67,1fc6ef83,caught,e62dd25d,true,dc,pbks
1422120,1,false,12,79,919a3be2,caught,f986ca1a,true,dc,pbks
1422120,1,false,13,83,b63e358a,caught,c05edf8e,true,dc,pbks
1422120,1,false,15,97,85b3fab2,caught,2ed569a0,true,dc,pbks
1422120,1,false,17,106,2e171977,run out,,false,dc,pbks
1422120,1,false,18,115,8998a68f,caught,244048f6,true,dc,pbks
1422120,1,false,19,124,8d2c70ad,run out,,false,dc,pbks
1422120,2,false,3,22,0a476045,bowled,5bb1a1c4,true,pbks,dc
1422120,2,false,3,26,abb83e27,run out,,false,pbks,dc
1422120,2,false,9,59,9418198b,caught,8d2c70ad,true,pbks,dc
1422120,2,false,11,72,800d2d97,stumped,8d2c70ad,true,pbks,dc
1422120,2,false,18,115,e94915e6,bowled,a2f46292,true,pbks,dc
1422120,2,false,18,116,26989d80,caught,a2f46292,true,pbks,dc
1422121,1,false,1,14,9d430b40,run out,,false,kkr,srh
1422121,1,false,3,23,a24be938,caught,ce794613,true,kkr,srh
1422121,1,false,3,25,85ec8e33,caught,ce794613,true,kkr,srh
1422121,1,false,7,48,fb2d1dda,caught,a9fd84fb,true,kkr,srh
1422121,1,false,12,77,be24ead0,caught,ded9240e,true,kkr,srh
1422121,1,false,13,87,3d284ca3,caught,a9fd84fb,true,kkr,srh
1422121,1,false,19,123,0a509d6b,caught,ce794613,true,kkr,srh
1422121,2,false,5,34,00ea847a,caught,77b1aa15,true,srh,kkr
1422121,2,false,7,45,f29185a1,caught,bbd41817,true,srh,kkr
1422121,2,false,11,71,6a26221c,caught,5b7ab5a9,true,srh,kkr
1422121,2,false,12,78,77255a9e,caught,9d430b40,true,srh,kkr
1422121,2,false,16,102,8e514b4c,caught,bbd41817,true,srh,kkr
1422121,2,false,19,119,f9e6e7ef,caught,77b1aa15,true,srh,kkr
1422121,2,false,19,121,235c2bb6,caught,77b1aa15,true,srh,kkr
1422122,1,false,1,13,99b75528,caught,c0c411cb,true,rr,lsg
1422122,1,false,4,31,6c19c6e5,caught,c33d8116,true,rr,lsg
1422122,1,false,14,93,04a418e8,caught,c0c411cb,true,rr,lsg
1422122,1,false,16,103,48a1d7b7,caught,df064e1a,true,rr,lsg
1422122,2,false,0,5,372455c4,caught,a818c1be,true,lsg,rr
1422122,2,false,2,14,2c25d4f5,bowled,a818c1be,true,lsg,rr
1422122,2,false,3,19,872b03f7,caught,465aa633,true,lsg,rr
1422122,2,false,7,46,73ad96ed,caught,57ee1fde,true,lsg,rr
1422122,2,false,16,99,b17e2f24,caught,ce820073,true,lsg,rr
1422122,2,false,17,107,d9273ee7,caught,495d42a5,true,lsg,rr
1422123,1,false,3,24,fe11caa6,bowled,462411b3,true,gt,mi
1422123,1,false,7,48,b4b99816,caught,98ae73b1,true,gt,mi
1422123,1,false,11,74,8f6dd463,caught,3204c99f,true,gt,mi
1422123,1,false,16,99,d67d5f00,caught,462411b3,true,gt,mi
1422123,1,false,16,101,d5130a30,caught,462411b3,true,gt,mi
1422123,1,false,19,119,39a2dfa8,caught,3204c99f,true,gt,mi
1422123,2,false,0,4,752f7486,caught,8f6dd463,true,mi,gt
1422123,2,false,2,20,fffa744b,lbw,8f6dd463,true,mi,gt
1422123,2,false,12,75,740742ef,lbw,c7a995d3,true,mi,gt
1422123,2,false,15,97,844e79d1,caught and bowled,759ac88f,true,mi,gt
1422123,2,false,17,111,f1f99156,caught,759ac88f,true,mi,gt
1422123,2,false,18,113,b0482a1d,caught,83c3e8e3,true,mi,gt
1422123,2,false,18,117,3204c99f,caught and bowled,83c3e8e3,true,mi,gt
1422123,2,false,19,120,dbe50b21,caught,cc1e8c68,true,mi,gt
1422123,2,false,19,121,98ae73b1,caught,cc1e8c68,true,mi,gt
1422124,1,false,2,15,abb83e27,caught,2f49c897,true,pbks,rcb
1422124,1,false,8,54,9418198b,caught,b681e71e,true,pbks,rcb
1422124,1,false,11,74,50c6bc2b,caught,b0946605,true,pbks,rcb
1422124,1,false,12,75,0a476045,caught,b681e71e,true,pbks,rcb
1422124,1,false,17,111,e94915e6,caught,7210d461,true,pbks,rcb
1422124,1,false,18,116,800d2d97,caught,2f49c897,true,pbks,rcb
1422124,2,false,2,17,3355b542,caught,e62dd25d,true,rcb,pbks
1422124,2,false,4,30,eaa76d3c,caught,e62dd25d,true,rcb,pbks
1422124,2,false,10,66,c740ea83,bowled,c05edf8e,true,rcb,pbks
1422124,2,false,12,77,b681e71e,bowled,c05edf8e,true,rcb,pbks
1422124,2,false,15,101,ba607b88,caught,f986ca1a,true,rcb,pbks
1422124,2,false,16,103,c8f5f961,lbw,e94915e6,true,rcb,pbks
1422125,1,false,5,34,ba5e1069,stumped,5f547c8b,true,csk,gt
1422125,1,false,10,64,29e95537,stumped,c7a995d3,true,csk,gt
1422125,1,false,12,80,45a43fe2,caught,83c3e8e3,true,csk,gt
1422125,1,false,18,115,a4e37e47,caught,5f547c8b,true,csk,gt
1422125,1,false,19,122,f89d3b11,caught,759ac88f,true,csk,gt
1422125,1,false,19,125,fe93fd9d,run out,,false,csk,gt
1422125,2,false,2,18,b4b99816,lbw,23eeb873,true,gt,csk
1422125,2,false,4,29,fe11caa6,caught,23eeb873,true,gt,csk
1422125,2,false,7,47,0994d0ae,caught,eade4650,true,gt,csk
1422125,2,false,11,76,d67d5f00,caught,46a9bea1,true,gt,csk
1422125,2,false,14,96,d5130a30,caught,64839cb3,true,gt,csk
1422125,2,false,15,99,8f6dd463,caught,46a9bea1,true,gt,csk
1422125,2,false,16,105,5f547c8b,caught,0a8fce53,true,gt,csk
1422125,2,false,18,118,39a2dfa8,caught,0a8fce53,true,gt,csk
1422126,1,false,4,26,00ea847a,caught,dbe50b21,true,srh,mi
1422126,1,false,7,50,12b610c2,caught,3204c99f,true,srh,mi
1422126,1,false,10,69,f29185a1,caught,98ae73b1,true,srh,mi
1422126,2,false,3,20,752f7486,caught,f9e6e7ef,true,mi,srh
1422126,2,false,4,27,740742ef,caught,ded9240e,true,mi,srh
1422126,2,false,10,67,fffa744b,caught,1e66c162,true,mi,srh
1422126,2,false,14,89,b0482a1d,caught,ded9240e,true,mi,srh
1422126,2,false,17,114,dbe50b21,caught,1e66c162,true,mi,srh
1422127,1,false,1,11,6c19c6e5,bowled,2cffab74,true,rr,dc
1422127,1,false,5,33,a4cc73aa,caught,a2f46292,true,rr,dc
1422127,1,false,7,46,99b75528,lbw,8d2c70ad,true,rr,dc
1422127,1,false,13,85,495d42a5,caught,2e171977,true,rr,dc
1422127,1,false,17,108,bcf325d2,bowled,acdc62f5,true,rr,dc
1422127,2,false,3,20,3d8feaf8,bowled,465aa633,true,dc,rr
1422127,2,false,3,22,b63e358a,caught,465aa633,true,dc,rr
1422127,2,false,11,68,dcce6f09,caught,eef2536f,true,dc,rr
1422127,2,false,13,80,919a3be2,caught,57ee1fde,true,dc,rr
1422127,2,false,15,95,ad3b6e95,caught,57ee1fde,true,dc,rr
1422128,1,false,1,13,3355b542,caught,77b1aa15,true,rcb,kkr
1422128,1,false,8,55,eaa76d3c,bowled,bbd41817,true,rcb,kkr
1422128,1,false,14,86,b681e71e,caught,9d430b40,true,rcb,kkr
1422128,1,false,16,102,c740ea83,caught,bbd41817,true,rcb,kkr
1422128,1,false,17,108,c8f5f961,caught,77b1aa15,true,rcb,kkr
1422128,1,false,19,123,c03f1114,run out,,false,rcb,kkr
1422128,2,false,6,40,9d430b40,bowled,a457cfb5,true,kkr,rcb
1422128,2,false,7,48,3d284ca3,caught,54e52590,true,kkr,rcb
1422128,2,false,15,94,a24be938,caught,7210d461,true,kkr,rcb
1422129,1,false,3,24,b17e2f24,caught,244048f6,true,lsg,pbks
1422129,1,false,5,32,2c25d4f5,caught,e94915e6,true,lsg,pbks
1422129,1,false,8,53,d9273ee7,bowled,2ed569a0,true,lsg,pbks
1422129,1,false,13,81,372455c4,caught,244048f6,true,lsg,pbks
1422129,1,false,15,93,3241e3fd,bowled,e62dd25d,true,lsg,pbks
1422129,1,false,18,117,872b03f7,caught,e94915e6,true,lsg,pbks
1422129,1,false,18,118,df064e1a,caught,e94915e6,true,lsg,pbks
1422129,1,false,19,123,c33d8116,run out,,false,lsg,pbks
1422129,2,false,11,70,abb83e27,caught,b1ad996b,true,pbks,lsg
1422129,2,false,13,81,9418198b,caught,b1ad996b,true,pbks,lsg
1422129,2,false,15,95,800d2d97,caught,b1ad996b,true,pbks,lsg
1422129,2,false,16,99,0a476045,caught,c33d8116,true,pbks,lsg
1422129,2,false,16,100,e94915e6,caught,c33d8116,true,pbks,lsg
1422130,1,false,4,26,00ea847a,caught,8f6dd463,true,srh,gt
1422130,1,false,6,41,12b610c2,bowled,efc04be7,true,srh,gt
1422130,1,false,9,61,f29185a1,caught,759ac88f,true,srh,gt
1422130,1,false,13,83,235c2bb6,bowled,5f547c8b,true,srh,gt
1422130,1,false,14,89,6a26221c,caught,cc1e8c68,true,srh,gt
1422130,1,false,19,118,f9e6e7ef,caught,759ac88f,true,srh,gt
1422130,1,false,19,119,f19ccfad,caught,759ac88f,true,srh,gt
1422130,1,false,19,122,8e514b4c,run out,,false,srh,gt
1422130,2,false,4,25,fe11caa6,caught,f9e6e7ef,true,gt,srh
1422130,2,false,9,55,b4b99816,caught,a9fd84fb,true,gt,srh
1422130,2,false,16,101,d5130a30,caught,ded9240e,true,gt,srh
1422131,1,false,9,60,dcce6f09,caught,0a8fce53,true,dc,csk
1422131,1,false,10,67,8b3e9c7c,caught,fe93fd9d,true,dc,csk
1422131,1,false,14,92,3d8feaf8,bowled,64839cb3,true,dc,csk
1422131,1,false,14,94,85b3fab2,bowled,64839cb3,true,dc,csk
1422131,1,false,18,118,919a3be2,caught,64839cb3,true,dc,csk
1422131,2,false,0,7,45a43fe2,caught,a2f46292,true,csk,dc
1422131,2,false,2,19,ba5e1069,caught,a2f46292,true,csk,dc
1422131,2,false,10,64,eade4650,caught and bowled,2e171977,true,csk,dc
1422131,2,false,13,84,29e95537,caught,2cffab74,true,csk,dc
1422131,2,false,13,85,f89d3b11,caught,2cffab74,true,csk,dc
1422131,2,false,16,102,a4e37e47,caught,2cffab74,true,csk,dc
1422132,1,false,0,5,740742ef,caught,a818c1be,true,mi,rr
1422132,1,false,0,6,fffa744b,lbw,a818c1be,true,mi,rr
1422132,1,false,2,15,844e79d1,caught,a818c1be,true,mi,rr
1422132,1,false,3,22,752f7486,caught,465aa633,true,mi,rr
1422132,1,false,9,58,dbe50b21,caught,57ee1fde,true,mi,rr
1422132,1,false,11,69,98ae73b1,caught,eef2536f,true,mi,rr
1422132,1,false,13,83,b0482a1d,caught,57ee1fde,true,mi,rr
1422132,1,false,16,103,3204c99f,caught,57ee1fde,true,mi,rr
1422132,1,false,18,115,f1f99156,caught,465aa633,true,mi,rr
1422132,2,false,0,6,6c19c6e5,caught,107c26fb,true,rr,mi
1422132,2,false,4,30,a4cc73aa,bowled,4bd09374,true,rr,mi
1422132,2,false,6,44,99b75528,caught,4bd09374,true,rr,mi
1422132,2,false,12,79,495d42a5,caught,4bd09374,true,rr,mi
1422133,1,false,5,34,b17e2f24,caught,b681e71e,true,lsg,rcb
1422133,1,false,8,57,2c25d4f5,caught,2f49c897,true,lsg,rcb
1422133,1,false,13,88,d9273ee7,caught,b681e71e,true,lsg,rcb
1422133,1,false,16,105,372455c4,caught,8db7f47f,true,lsg,rcb
1422133,1,false,17,113,872b03f7,caught,7210d461,true,lsg,rcb
1422133,2,false,4,26,ba607b88,caught,cf0ccafa,true,rcb,lsg
1422133,2,false,5,31,3355b542,run out,,false,rcb,lsg
1422133,2,false,5,34,b681e71e,caught,b1ad996b,true,rcb,lsg
1422133,2,false,7,47,eaa76d3c,bowled,b1ad996b,true,rcb,lsg
1422133,2,false,12,79,c8f5f961,caught,d9273ee7,true,rcb,lsg
1422133,2,false,14,88,c740ea83,caught,b1ad996b,true,rcb,lsg
1422133,2,false,16,104,c03f1114,caught,c0c411cb,true,rcb,lsg
1422133,2,false,17,106,a457cfb5,run out,,false,rcb,lsg
1422133,2,false,17,110,da934ee8,caught,4b31f3a3,true,rcb,lsg
1422133,2,false,19,122,2f49c897,caught,c0c411cb,true,rcb,lsg
1422134,1,false,4,29,3d284ca3,caught,acdc62f5,true,kkr,dc
1422134,1,false,12,80,9d430b40,caught,3d8feaf8,true,kkr,dc
1422134,1,false,13,87,d7017798,caught,acdc62f5,true,kkr,dc
1422134,1,false,17,115,85ec8e33,caught,a2f46292,true,kkr,dc
1422134,1,false,18,128,0a509d6b,caught,acdc62f5,true,kkr,dc
1422134,1,false,19,129,bbd41817,bowled,5bb1a1c4,true,kkr,dc
1422134,1,false,19,131,be24ead0,caught,5bb1a1c4,true,kkr,dc
1422134,2,false,1,12,8b3e9c7c,caught,7c3b3b78,true,dc,kkr
1422134,2,false,2,18,3d8feaf8,caught,3fb19989,true,dc,kkr
1422134,2,false,3,25,ad3b6e95,caught,7c3b3b78,true,dc,kkr
1422134,2,false,4,28,dcce6f09,bowled,3fb19989,true,dc,kkr
1422134,2,false,12,77,919a3be2,caught,5b7ab5a9,true,dc,kkr
1422134,2,false,12,78,2e171977,caught,5b7ab5a9,true,dc,kkr
1422134,2,false,14,94,85b3fab2,caught,5b7ab5a9,true,dc,kkr
1422134,2,false,15,96,8998a68f,caught,9d430b40,true,dc,kkr
1422134,2,false,16,102,b8527c3d,caught,7c3b3b78,true,dc,kkr
1422134,2,false,17,110,acdc62f5,caught,bbd41817,true,dc,kkr
1422135,1,false,2,19,fe11caa6,caught,e62dd25d,true,gt,pbks
1422135,1,false,8,52,d027ba9f,caught,c05edf8e,true,gt,pbks
1422135,1,false,13,84,d5130a30,caught,f986ca1a,true,gt,pbks
1422135,1,false,17,107,0994d0ae,caught,e62dd25d,true,gt,pbks
1422135,2,false,1,7,0a476045,bowled,cc1e8c68,true,pbks,gt
1422135,2,false,5,31,abb83e27,bowled,efc04be7,true,pbks,gt
1422135,2,false,7,45,9418198b,caught,efc04be7,true,pbks,gt
1422135,2,false,8,53,e94915e6,caught,8f6dd463,true,pbks,gt
1422135,2,false,12,77,26d041c4,caught,759ac88f,true,pbks,gt
1422135,2,false,15,96,800d2d97,caught,5f547c8b,true,pbks,gt
1422135,2,false,19,118,84d9c311,caught,cd8d2859,true,pbks,gt
1422136,1,false,3,19,ba5e1069,caught,2e81a32d,true,csk,srh
1422136,1,false,7,43,45a43fe2,caught,f9e6e7ef,true,csk,srh
1422136,1,false,13,83,a4e37e47,caught,ded9240e,true,csk,srh
1422136,1,false,14,91,29e95537,caught,1e66c162,true,csk,srh
1422136,1,false,19,118,eade4650,caught,ce794613,true,csk,srh
1422136,2,false,2,17,f29185a1,caught,23eeb873,true,srh,csk
1422136,2,false,9,59,12b610c2,caught,f24c6701,true,srh,csk
1422136,2,false,13,86,6a26221c,lbw,bb351c23,true,srh,csk
1422136,2,false,15,96,f9e6e7ef,lbw,bb351c23,true,srh,csk
1422137,1,false,13,88,3355b542,caught,57ee1fde,true,rcb,rr
1422137,1,false,14,93,b681e71e,bowled,465aa633,true,rcb,rr
1422137,1,false,17,108,9e7225b0,caught,57ee1fde,true,rcb,rr
1422137,2,false,0,2,6c19c6e5,caught,8db7f47f,true,rr,rcb
1422137,2,false,14,90,a4cc73aa,caught,2f49c897,true,rr,rcb
1422137,2,false,15,96,04a418e8,caught,7210d461,true,rr,rcb
1422137,2,false,16,101,bcf325d2,caught,8db7f47f,true,rr,rcb
1422138,1,false,6,44,740742ef,bowled,2e171977,true,mi,dc
1422138,1,false,7,47,271f83cd,caught,acdc62f5,true,mi,dc
1422138,1,false,10,64,752f7486,caught and bowled,2e171977,true,mi,dc
1422138,1,false,12,78,b0482a1d,caught,a2f46292,true,mi,dc
1422138,1,false,17,113,dbe50b21,caught,acdc62f5,true,mi,dc
1422138,2,false,3,22,dcce6f09,caught,c5aef772,true,dc,mi
1422138,2,false,11,72,8b3e9c7c,bowled,462411b3,true,dc,mi
1422138,2,false,14,91,ad3b6e95,caught,462411b3,true,dc,mi
1422138,2,false,15,97,919a3be2,caught,3204c99f,true,dc,mi
1422138,2,false,18,114,2e171977,run out,,false,dc,mi
1422138,2,false,19,119,ad427b5c,caught,3204c99f,true,dc,mi
1422138,2,false,19,120,57ca01b3,caught,3204c99f,true,dc,mi
1422138,2,false,19,122,1ee08e9a,caught,3204c99f,true,dc,mi
1422139,1,false,0,4,372455c4,caught,cc1e8c68,true,lsg,gt
1422139,1,false,2,14,2c25d4f5,caught,cc1e8c68,true,lsg,gt
1422139,1,false,12,76,b17e2f24,caught,cd8d2859,true,lsg,gt
1422139,1,false,14,89,d9273ee7,caught,cd8d2859,true,lsg,gt
1422139,1,false,18,110,872b03f7,caught,5f547c8b,true,lsg,gt
1422139,2,false,5,40,b4b99816,bowled,4b31f3a3,true,gt,lsg
1422139,2,false,7,48,d027ba9f,caught and bowled,df064e1a,true,gt,lsg
1422139,2,false,8,53,d5130a30,caught,5b8c830e,true,gt,lsg
1422139,2,false,8,57,c2dd89ea,caught,5b8c830e,true,gt,lsg
1422139,2,false,12,78,cd8d2859,caught,5b8c830e,true,gt,lsg
1422139,2,false,14,91,0994d0ae,caught,4b31f3a3,true,gt,lsg
1422139,2,false,14,94,5f547c8b,caught,4b31f3a3,true,gt,lsg
1422139,2,false,15,103,cc1e8c68,caught,c0c411cb,true,gt,lsg
1422139,2,false,18,120,39a2dfa8,caught,4b31f3a3,true,gt,lsg
1422139,2,false,18,122,efc04be7,caught,4b31f3a3,true,gt,lsg
1426260,1,false,0,1,3d284ca3,caught,46a9bea1,true,kkr,csk
1426260,1,false,6,39,d7017798,lbw,fe93fd9d,true,kkr,csk
1426260,1,false,6,44,9d430b40,caught,fe93fd9d,true,kkr,csk
1426260,1,false,8,53,a24be938,caught,fe93fd9d,true,kkr,csk
1426260,1,false,11,74,be24ead0,bowled,f24c6701,true,kkr,csk
1426260,1,false,16,105,0a509d6b,bowled,46a9bea1,true,kkr,csk
1426260,1,false,18,118,bbd41817,caught,46a9bea1,true,kkr,csk
1426260,1,false,19,123,85ec8e33,caught,0a8fce53,true,kkr,csk
1426260,1,false,19,126,3fb19989,caught,0a8fce53,true,kkr,csk
1426260,2,false,3,22,ba5e1069,caught,7c3b3b78,true,csk,kkr
1426260,2,false,12,78,eade4650,bowled,9d430b40,true,csk,kkr
1426260,2,false,16,104,a4e37e47,bowled,7c3b3b78,true,csk,kkr
1426261,1,false,3,20,12b610c2,caught,244048f6,true,srh,pbks
1426261,1,false,3,22,6a26221c,caught,244048f6,true,srh,pbks
1426261,1,false,4,32,f29185a1,caught,e94915e6,true,srh,pbks
1426261,1,false,9,60,77255a9e,caught,f986ca1a,true,srh,pbks
1426261,1,false,13,81,235c2bb6,caught,f986ca1a,true,srh,pbks
1426261,1,false,16,102,8e514b4c,caught,244048f6,true,srh,pbks
1426261,1,false,16,104,aad0c365,caught,244048f6,true,srh,pbks
1426261,1,false,17,109,ded9240e,bowled,e62dd25d,true,srh,pbks
1426261,1,false,19,124,2e81a32d,caught,e94915e6,true,srh,pbks
1426261,2,false,1,10,abb83e27,bowled,ded9240e,true,pbks,srh
1426261,2,false,2,18,9418198b,caught,2e81a32d,true,pbks,srh
1426261,2,false,4,28,0a476045,stumped,2e81a32d,true,pbks,srh
1426261,2,false,9,55,e94915e6,caught,ce794613,true,pbks,srh
1426261,2,false,13,79,26d041c4,caught,1e66c162,true,pbks,srh
1426261,2,false,15,94,800d2d97,caught,aad0c365,true,pbks,srh
1426262,1,false,4,26,6c19c6e5,caught,cc1e8c68,true,rr,gt
1426262,1,false,5,34,99b75528,caught,5f547c8b,true,rr,gt
1426262,1,false,18,117,04a418e8,caught,759ac88f,true,rr,gt
1426262,2,false,8,50,d5130a30,lbw,2e78f685,true,gt,rr
1426262,2,false,10,62,afa7e784,bowled,2e78f685,true,gt,rr
1426262,2,false,10,65,0890552f,bowled,2e78f685,true,gt,rr
1426262,2,false,13,86,0994d0ae,bowled,57ee1fde,true,gt,rr
1426262,2,false,15,95,b4b99816,stumped,57ee1fde,true,gt,rr
1426262,2,false,17,108,7dcb9bc9,lbw,eef2536f,true,gt,rr
1426262,2,false,19,127,39a2dfa8,run out,,false,gt,rr
1426263,1,false,2,15,ba607b88,caught,462411b3,true,rcb,mi
1426263,1,false,3,22,9caf69a1,caught,4bd09374,true,rcb,mi
1426263,1,false,11,71,c740ea83,caught,3204c99f,true,rcb,mi
1426263,1,false,12,78,b681e71e,lbw,7a8bd078,true,rcb,mi
1426263,1,false,16,106,3355b542,caught,462411b3,true,rcb,mi
1426263,1,false,16,107,da934ee8,lbw,462411b3,true,rcb,mi
1426263,1,false,18,118,9e7225b0,caught,462411b3,true,rcb,mi
1426263,1,false,18,119,54e52590,caught,462411b3,true,rcb,mi
1426263,2,false,8,56,752f7486,caught,0a67aec0,true,mi,rcb
1426263,2,false,11,71,740742ef,caught,9caf69a1,true,mi,rcb
1426263,2,false,13,84,271f83cd,caught,54e52590,true,mi,rcb
1426264,1,false,2,17,372455c4,lbw,a2f46292,true,lsg,dc
1426264,1,false,4,29,2c25d4f5,lbw,a2f46292,true,lsg,dc
1426264,1,false,7,48,d9273ee7,caught,8d2c70ad,true,lsg,dc
1426264,1,false,7,49,3241e3fd,bowled,8d2c70ad,true,lsg,dc
1426264,1,false,9,60,b17e2f24,caught,8d2c70ad,true,lsg,dc
1426264,1,false,11,75,73ad96ed,caught,5bb1a1c4,true,lsg,dc
1426264,1,false,12,82,5b8c830e,caught,2cffab74,true,lsg,dc
1426264,2,false,3,21,dcce6f09,bowled,4b31f3a3,true,dc,lsg
1426264,2,false,6,43,8b3e9c7c,caught,df064e1a,true,dc,lsg
1426264,2,false,14,91,9b6e1b3f,caught,c0c411cb,true,dc,lsg
1426264,2,false,15,96,919a3be2,stumped,df064e1a,true,dc,lsg
1426265,1,false,3,24,1ac746c8,caught,eef2536f,true,pbks,rr
1426265,1,false,6,42,9418198b,caught,57ee1fde,true,pbks,rr
1426265,1,false,7,51,abb83e27,caught,0b60eb09,true,pbks,rr
1426265,1,false,9,60,e94915e6,caught,0b60eb09,true,pbks,rr
1426265,1,false,12,77,26989d80,caught,2e78f685,true,pbks,rr
1426265,1,false,16,101,800d2d97,caught,eef2536f,true,pbks,rr
1426265,1,false,17,112,50c6bc2b,run out,,false,pbks,rr
1426265,1,false,19,125,84d9c311,caught,a818c1be,true,pbks,rr
1426265,2,false,8,53,5724e517,bowled,50c6bc2b,true,rr,pbks
1426265,2,false,11,73,6c19c6e5,caught,e62dd25d,true,rr,pbks
1426265,2,false,13,83,a4cc73aa,lbw,e62dd25d,true,rr,pbks
1426265,2,false,16,103,04a418e8,caught,244048f6,true,rr,pbks
1426265,2,false,17,107,bcf325d2,caught,f986ca1a,true,rr,pbks
1426265,2,false,18,114,650d5e49,caught,e94915e6,true,rr,pbks
1426265,2,false,18,117,0b60eb09,caught,e94915e6,true,rr,pbks
1426266,1,false,1,13,372455c4,caught,7c3b3b78,true,lsg,kkr
1426266,1,false,4,31,73ad96ed,caught,3fb19989,true,lsg,kkr
1426266,1,false,10,65,b17e2f24,caught,bbd41817,true,lsg,kkr
1426266,1,false,11,73,d9273ee7,caught,5b7ab5a9,true,lsg,kkr
1426266,1,false,14,93,872b03f7,caught,9d430b40,true,lsg,kkr
1426266,1,false,19,122,3241e3fd,caught,3fb19989,true,lsg,kkr
1426266,1,false,19,127,12314277,bowled,3fb19989,true,lsg,kkr
1426266,2,false,1,13,9d430b40,caught,c33d8116,true,kkr,lsg
1426266,2,false,3,23,d7017798,caught,c33d8116,true,kkr,lsg
1426267,1,false,1,11,29e95537,caught,3204c99f,true,csk,mi
1426267,1,false,7,49,ba5e1069,caught,7a8bd078,true,csk,mi
1426267,1,false,15,95,45a43fe2,caught,dbe50b21,true,csk,mi
1426267,1,false,19,121,eade4650,caught,dbe50b21,true,csk,mi
1426267,2,false,7,43,752f7486,caught,64839cb3,true,mi,csk
1426267,2,false,7,45,271f83cd,caught,64839cb3,true,mi,csk
1426267,2,false,13,83,b0482a1d,caught,64839cb3,true,mi,csk
1426267,2,false,15,93,dbe50b21,caught,46a9bea1,true,mi,csk
1426267,2,false,16,100,f1f99156,caught,0a8fce53,true,mi,csk
1426267,2,false,17,106,c5aef772,bowled,64839cb3,true,mi,csk
1426268,1,false,8,51,f29185a1,caught,8db7f47f,true,srh,rcb
1426268,1,false,12,81,12b610c2,caught,2f9d0389,true,srh,rcb
1426268,1,false,16,111,235c2bb6,caught,2f9d0389,true,srh,rcb
1426268,2,false,6,38,ba607b88,bowled,a9fd84fb,true,rcb,srh
1426268,2,false,7,48,9caf69a1,run out,,false,rcb,srh
1426268,2,false,8,55,c740ea83,caught,a9fd84fb,true,rcb,srh
1426268,2,false,9,58,3355b542,caught,ded9240e,true,rcb,srh
1426268,2,false,9,61,9e7225b0,lbw,ded9240e,true,rcb,srh
1426268,2,false,14,92,da934ee8,bowled,ded9240e,true,rcb,srh
1426268,2,false,18,126,c03f1114,caught,ce794613,true,rcb,srh
1426269,1,false,3,21,3d284ca3,caught and bowled,eef2536f,true,kkr,rr
1426269,1,false,10,66,d7017798,caught,2e78f685,true,kkr,rr
1426269,1,false,12,81,85ec8e33,lbw,57ee1fde,true,kkr,rr
1426269,1,false,16,105,bbd41817,caught,eef2536f,true,kkr,rr
1426269,1,false,17,114,9d430b40,bowled,a818c1be,true,kkr,rr
1426269,1,false,19,125,a24be938,caught,2e78f685,true,kkr,rr
1426269,2,false,1,12,6c19c6e5,caught,7c3b3b78,true,rr,kkr
1426269,2,false,4,29,a4cc73aa,caught,77b1aa15,true,rr,kkr
1426269,2,false,7,53,04a418e8,caught,77b1aa15,true,rr,kkr
1426269,2,false,8,58,bcf325d2,lbw,9d430b40,true,rr,kkr
1426269,2,false,12,80,495d42a5,caught,5b7ab5a9,true,rr,kkr
1426269,2,false,12,81,48a1d7b7,caught,5b7ab5a9,true,rr,kkr
1426269,2,false,16,109,650d5e49,lbw,9d430b40,true,rr,kkr
1426269,2,false,17,114,a818c1be,run out,,false,rr,kkr
1426270,1,false,1,12,b4b99816,caught,5bb1a1c4,true,gt,dc
1426270,1,false,3,26,fe11caa6,bowled,2cffab74,true,gt,dc
1426270,1,false,4,28,d5130a30,run out,,false,gt,dc
1426270,1,false,4,33,d67d5f00,caught,5bb1a1c4,true,gt,dc
1426270,1,false,8,56,0890552f,stumped,85b3fab2,true,gt,dc
1426270,1,false,8,58,7dcb9bc9,stumped,85b3fab2,true,gt,dc
1426270,1,false,11,74,39a2dfa8,lbw,2e171977,true,gt,dc
1426270,1,false,14,97,759ac88f,caught,a2f46292,true,gt,dc
1426270,1,false,17,110,5f547c8b,caught,2cffab74,true,gt,dc
1426270,1,false,17,112,efc04be7,bowled,2cffab74,true,gt,dc
1426270,2,false,1,13,9b6e1b3f,caught,83c3e8e3,true,dc,gt
1426270,2,false,2,17,8b3e9c7c,caught,cdc6bdba,true,dc,gt
1426270,2,false,4,32,ad3b6e95,bowled,cdc6bdba,true,dc,gt
1426270,2,false,5,36,1fc6ef83,caught,5f547c8b,true,dc,gt
1426271,1,false,2,13,752f7486,caught,e62dd25d,true,mi,pbks
1426271,1,false,11,71,740742ef,caught,e94915e6,true,mi,pbks
1426271,1,false,16,100,271f83cd,caught,e94915e6,true,mi,pbks
1426271,1,false,17,110,dbe50b21,caught,f986ca1a,true,mi,pbks
1426271,1,false,19,121,f1f99156,caught,f986ca1a,true,mi,pbks
1426271,1,false,19,124,c5aef772,caught,f986ca1a,true,mi,pbks
1426271,1,false,19,125,62af8546,run out,,false,mi,pbks
1426271,2,false,0,4,9418198b,caught,3204c99f,true,pbks,mi
1426271,2,false,1,11,cad00a4d,bowled,462411b3,true,pbks,mi
1426271,2,false,1,13,e94915e6,caught,462411b3,true,pbks,mi
1426271,2,false,2,14,50c6bc2b,caught and bowled,3204c99f,true,pbks,mi
1426271,2,false,6,44,28c78fb3,caught and bowled,7a8bd078,true,pbks,mi
1426271,2,false,9,62,800d2d97,lbw,4bd09374,true,pbks,mi
1426271,2,false,12,79,26989d80,caught,462411b3,true,pbks,mi
1426271,2,false,17,114,84d9c311,caught,3204c99f,true,pbks,mi
1426271,2,false,18,123,c05edf8e,caught,dbe50b21,true,pbks,mi
1426271,2,false,19,127,e62dd25d,run out,,false,pbks,mi
1426272,1,false,1,7,ba5e1069,bowled,c33d8116,true,csk,lsg
1426272,1,false,4,26,45a43fe2,caught,4b31f3a3,true,csk,lsg
1426272,1,false,8,49,29e95537,bowled,5b8c830e,true,csk,lsg
1426272,1,false,11,67,a4e37e47,caught,d9273ee7,true,csk,lsg
1426272,1,false,12,74,f89d3b11,stumped,5b8c830e,true,csk,lsg
1426272,1,false,17,107,bb351c23,caught,df064e1a,true,csk,lsg
1426272,2,false,14,96,372455c4,caught,0a8fce53,true,lsg,csk
1426272,2,false,17,110,b17e2f24,caught,64839cb3,true,lsg,csk
1426273,1,false,6,38,f29185a1,caught,8d2c70ad,true,srh,dc
1426273,1,false,6,42,6a26221c,caught,8d2c70ad,true,srh,dc
1426273,1,false,8,56,12b610c2,caught,8d2c70ad,true,srh,dc
1426273,1,false,9,57,235c2bb6,bowled,2e171977,true,srh,dc
1426273,1,false,16,105,aad0c365,caught,8d2c70ad,true,srh,dc
1426273,1,false,19,118,8e514b4c,caught,2cffab74,true,srh,dc
1426273,1,false,19,121,ded9240e,run out,,false,srh,dc
1426273,2,false,0,5,8b3e9c7c,caught,f19ccfad,true,dc,srh
1426273,2,false,1,15,dcce6f09,caught,2e81a32d,true,dc,srh
1426273,2,false,6,47,9b6e1b3f,caught,a9fd84fb,true,dc,srh
1426273,2,false,8,58,ad3b6e95,stumped,a9fd84fb,true,dc,srh
1426273,2,false,12,80,85b3fab2,caught,aad0c365,true,dc,srh
1426273,2,false,14,96,ad427b5c,bowled,ce794613,true,dc,srh
1426273,2,false,18,116,2e171977,caught,ce794613,true,dc,srh
1426273,2,false,18,118,acdc62f5,bowled,ce794613,true,dc,srh
1426273,2,false,18,119,8d2c70ad,lbw,ce794613,true,dc,srh
1426273,2,false,19,122,919a3be2,caught,aad0c365,true,dc,srh
1426274,1,false,4,26,3d284ca3,caught,2f49c897,true,kkr,rcb
1426274,1,false,5,32,9d430b40,caught,7210d461,true,kkr,rcb
1426274,1,false,5,36,d7017798,caught,7210d461,true,kkr,rcb
1426274,1,false,8,50,a24be938,caught,eaa76d3c,true,kkr,rcb
1426274,1,false,13,80,0a509d6b,caught,2f9d0389,true,kkr,rcb
1426274,1,false,17,110,85ec8e33,caught,eaa76d3c,true,kkr,rcb
1426274,2,false,2,14,ba607b88,caught and bowled,77b1aa15,true,rcb,kkr
1426274,2,false,3,20,3355b542,caught,5b7ab5a9,true,rcb,kkr
1426274,2,false,11,69,9caf69a1,caught,bbd41817,true,rcb,kkr
1426274,2,false,11,72,c740ea83,caught,bbd41817,true,rcb,kkr
1426274,2,false,12,78,eaa76d3c,caught,9d430b40,true,rcb,kkr
1426274,2,false,12,81,da934ee8,caught and bowled,9d430b40,true,rcb,kkr
1426274,2,false,17,107,9385de2e,caught,77b1aa15,true,rcb,kkr
1426274,2,false,18,118,c03f1114,caught,bbd41817,true,rcb,kkr
1426274,2,false,19,123,119678fd,caught and bowled,3fb19989,true,rcb,kkr
1426274,2,false,19,124,2f9d0389,run out,,false,rcb,kkr
1426275,1,false,5,35,9418198b,caught,759ac88f,true,pbks,gt
1426275,1,false,6,44,cad00a4d,lbw,efc04be7,true,pbks,gt
1426275,1,false,7,49,e94915e6,lbw,5f547c8b,true,pbks,gt
1426275,1,false,10,64,50c6bc2b,caught,efc04be7,true,pbks,gt
1426275,1,false,11,72,800d2d97,bowled,c7a995d3,true,pbks,gt
1426275,1,false,13,85,84d9c311,caught,c7a995d3,true,pbks,gt
1426275,1,false,15,94,26989d80,caught and bowled,c7a995d3,true,pbks,gt
1426275,1,false,18,117,c05edf8e,caught,c7a995d3,true,pbks,gt
1426275,1,false,19,119,f986ca1a,caught,759ac88f,true,pbks,gt
1426275,1,false,19,123,28c78fb3,run out,,false,pbks,gt
1426275,2,false,3,22,fe11caa6,caught,244048f6,true,gt,pbks
1426275,2,false,9,57,b4b99816,caught,50c6bc2b,true,gt,pbks
1426275,2,false,11,72,d67d5f00,bowled,50c6bc2b,true,gt,pbks
1426275,2,false,14,89,d5130a30,bowled,e94915e6,true,gt,pbks
1426275,2,false,15,93,8f6dd463,caught,f986ca1a,true,gt,pbks
1426275,2,false,18,110,7dcb9bc9,bowled,f986ca1a,true,gt,pbks
1426275,2,false,18,115,5f547c8b,caught,f986ca1a,true,gt,pbks
1426276,1,false,0,5,740742ef,caught,a818c1be,true,mi,rr
1426276,1,false,1,9,752f7486,caught,ce820073,true,mi,rr
1426276,1,false,3,20,271f83cd,caught,ce820073,true,mi,rr
1426276,1,false,7,48,62af8546,caught and bowled,57ee1fde,true,mi,rr
1426276,1,false,16,102,d1a60072,caught,a818c1be,true,mi,rr
1426276,1,false,18,116,dbe50b21,lbw,eef2536f,true,mi,rr
1426276,1,false,19,123,b0482a1d,caught,ce820073,true,mi,rr
1426276,1,false,19,124,3204c99f,caught,ce820073,true,mi,rr
1426276,1,false,19,127,f1f99156,caught,ce820073,true,mi,rr
1426276,2,false,7,50,99b75528,bowled,98ae73b1,true,rr,mi
1426277,1,false,0,6,29e95537,caught,e84ac20c,true,csk,lsg
1426277,1,false,5,32,eade4650,caught,4b31f3a3,true,csk,lsg
1426277,1,false,11,71,fe93fd9d,caught,c33d8116,true,csk,lsg
1426277,1,false,19,120,a4e37e47,run out,,false,csk,lsg
1426277,2,false,0,3,372455c4,bowled,23eeb873,true,lsg,csk
1426277,2,false,4,28,b17e2f24,caught,0a8fce53,true,lsg,csk
1426277,2,false,10,69,2c25d4f5,bowled,64839cb3,true,lsg,csk
1426277,2,false,16,104,3241e3fd,caught,64839cb3,true,lsg,csk
1426278,1,false,3,21,9b6e1b3f,caught,cdc6bdba,true,dc,gt
1426278,1,false,3,24,8b3e9c7c,caught,cdc6bdba,true,dc,gt
1426278,1,false,5,35,1fc6ef83,caught,cdc6bdba,true,dc,gt
1426278,1,false,16,104,2e171977,caught,efc04be7,true,dc,gt
1426278,2,false,1,10,b4b99816,caught,acdc62f5,true,gt,dc
1426278,2,false,9,60,fe11caa6,caught,8d2c70ad,true,gt,dc
1426278,2,false,10,63,8f6dd463,caught,2e171977,true,gt,dc
1426278,2,false,12,78,d5130a30,caught,b8527c3d,true,gt,dc
1426278,2,false,14,87,7dcb9bc9,caught,b8527c3d,true,gt,dc
1426278,2,false,15,98,39a2dfa8,caught,8d2c70ad,true,gt,dc
1426278,2,false,17,107,d67d5f00,caught,2cffab74,true,gt,dc
1426278,2,false,18,118,c7a995d3,bowled,b8527c3d,true,gt,dc
1426279,1,false,3,23,3355b542,caught,ce794613,true,rcb,srh
1426279,1,false,6,42,9caf69a1,bowled,a9fd84fb,true,rcb,srh
1426279,1,false,12,77,c740ea83,caught,1e66c162,true,rcb,srh
1426279,1,false,14,91,ba607b88,caught,1e66c162,true,rcb,srh
1426279,1,false,16,102,da934ee8,caught,1e66c162,true,rcb,srh
1426279,1,false,18,118,c03f1114,caught,ded9240e,true,rcb,srh
1426279,1,false,19,125,983f2f61,caught,ce794613,true,rcb,srh
1426279,2,false,0,6,12b610c2,caught,9caf69a1,true,srh,rcb
1426279,2,false,3,24,f29185a1,caught,7210d461,true,srh,rcb
1426279,2,false,4,28,6a26221c,lbw,983f2f61,true,srh,rcb
1426279,2,false,4,33,235c2bb6,caught,983f2f61,true,srh,rcb
1426279,2,false,7,48,aad0c365,bowled,119678fd,true,srh,rcb
1426279,2,false,9,59,8e514b4c,caught and bowled,119678fd,true,srh,rcb
1426279,2,false,13,84,ded9240e,caught,eaa76d3c,true,srh,rcb
1426279,2,false,15,101,2e81a32d,caught,eaa76d3c,true,srh,rcb
1426280,1,false,10,69,9d430b40,caught,2ed569a0,true,kkr,pbks
1426280,1,false,12,82,3d284ca3,bowled,e94915e6,true,kkr,pbks
1426280,1,false,15,103,bbd41817,caught,244048f6,true,kkr,pbks
1426280,1,false,18,121,85ec8e33,caught,244048f6,true,kkr,pbks
1426280,1,false,19,126,0a509d6b,caught,f986ca1a,true,kkr,pbks
1426280,1,false,19,131,a24be938,run out,,false,kkr,pbks
1426280,2,false,5,37,9418198b,run out,,false,pbks,kkr
1426280,2,false,12,78,cad00a4d,caught,9d430b40,true,pbks,kkr
1426281,1,false,7,48,9b6e1b3f,caught,98ae73b1,true,dc,mi
1426281,1,false,9,61,ad3b6e95,caught,62af8546,true,dc,mi
1426281,1,false,13,85,1fc6ef83,caught,65b6943c,true,dc,mi
1426281,1,false,18,115,919a3be2,caught,462411b3,true,dc,mi
1426281,2,false,3,22,740742ef,caught,a2f46292,true,mi,dc
1426281,2,false,4,28,752f7486,caught,2cffab74,true,mi,dc
1426281,2,false,5,39,271f83cd,caught,a2f46292,true,mi,dc
1426281,2,false,12,80,dbe50b21,caught,b8527c3d,true,mi,dc
1426281,2,false,12,82,d1a60072,caught,b8527c3d,true,mi,dc
1426281,2,false,17,114,f1f99156,lbw,2cffab74,true,mi,dc
1426281,2,false,18,119,62af8546,caught,b8527c3d,true,mi,dc
1426281,2,false,19,123,b0482a1d,run out,,false,mi,dc
1426281,2,false,19,128,98ae73b1,caught,2cffab74,true,mi,dc
1426282,1,false,0,3,372455c4,bowled,a818c1be,true,lsg,rr
1426282,1,false,1,12,d9273ee7,bowled,ce820073,true,lsg,rr
1426282,1,false,12,77,73ad96ed,caught,495d42a5,true,lsg,rr
1426282,1,false,15,96,3241e3fd,caught,ce820073,true,lsg,rr
1426282,1,false,17,111,b17e2f24,caught,eef2536f,true,lsg,rr
1426282,2,false,5,35,99b75528,bowled,4b31f3a3,true,rr,lsg
1426282,2,false,6,37,6c19c6e5,caught,d9273ee7,true,rr,lsg
1426282,2,false,8,52,04a418e8,caught,6b19d823,true,rr,lsg
1426283,1,false,0,6,fe11caa6,caught,983f2f61,true,gt,rcb
1426283,1,false,6,44,b4b99816,caught,b681e71e,true,gt,rcb
1426283,1,false,14,91,7dcb9bc9,bowled,2f49c897,true,gt,rcb
1426283,2,false,3,25,3355b542,caught,c7a995d3,true,rcb,gt
1426284,1,false,2,18,29e95537,caught,2e81a32d,true,csk,srh
1426284,1,false,13,84,eade4650,caught,1e66c162,true,csk,srh
1426284,1,false,19,122,45a43fe2,caught,ce794613,true,csk,srh
1426284,2,false,1,11,12b610c2,caught,46a9bea1,true,srh,csk
1426284,2,false,1,12,1399b39c,caught,46a9bea1,true,srh,csk
1426284,2,false,3,23,f29185a1,caught,46a9bea1,true,srh,csk
1426284,2,false,8,54,aad0c365,caught,fe93fd9d,true,srh,csk
1426284,2,false,10,68,6a26221c,bowled,64839cb3,true,srh,csk
1426284,2,false,15,98,235c2bb6,caught,64839cb3,true,srh,csk
1426284,2,false,16,101,8e514b4c,caught,1abb78f8,true,srh,csk
1426284,2,false,17,108,ded9240e,caught,46a9bea1,true,srh,csk
1426284,2,false,18,113,f9e6e7ef,caught,0a8fce53,true,srh,csk
1426284,2,false,18,116,1e66c162,caught,0a8fce53,true,srh,csk
1426285,1,false,1,11,8b3e9c7c,caught,7c3b3b78,true,dc,kkr
1426285,1,false,2,20,9b6e1b3f,caught,3fb19989,true,dc,kkr
1426285,1,false,3,24,1fc6ef83,bowled,7c3b3b78,true,dc,kkr
1426285,1,false,6,44,ad3b6e95,bowled,77b1aa15,true,dc,kkr
1426285,1,false,10,65,919a3be2,caught,5b7ab5a9,true,dc,kkr
1426285,1,false,12,77,85b3fab2,caught,5b7ab5a9,true,dc,kkr
1426285,1,false,13,85,2e171977,bowled,9d430b40,true,dc,kkr
1426285,1,false,14,91,57ca01b3,caught,5b7ab5a9,true,dc,kkr
1426285,1,false,18,115,b8527c3d,caught,77b1aa15,true,dc,kkr
1426285,2,false,6,39,9d430b40,caught,2e171977,true,kkr,dc
1426285,2,false,8,51,3d284ca3,bowled,2e171977,true,kkr,dc
1426285,2,false,9,58,0a509d6b,caught,a1d95bd8,true,kkr,dc
1426286,1,false,1,10,740742ef,caught,c33d8116,true,mi,lsg
1426286,1,false,2,17,271f83cd,caught,d9273ee7,true,mi,lsg
1426286,1,false,5,32,b0482a1d,run out,,false,mi,lsg
1426286,1,false,5,33,dbe50b21,caught,c0c411cb,true,mi,lsg
1426286,1,false,13,89,752f7486,caught,df064e1a,true,mi,lsg
1426286,1,false,17,109,d1a60072,bowled,c33d8116,true,mi,lsg
1426286,1,false,18,115,62af8546,bowled,b1ad996b,true,mi,lsg
1426286,2,false,0,4,2d140b79,lbw,ee1b6c27,true,lsg,mi
1426286,2,false,7,46,b17e2f24,caught,dbe50b21,true,lsg,mi
1426286,2,false,13,83,73ad96ed,caught,dbe50b21,true,lsg,mi
1426286,2,false,14,93,d9273ee7,caught,62af8546,true,lsg,mi
1426286,2,false,17,108,ff1e12a0,bowled,3204c99f,true,lsg,mi
1426286,2,false,18,114,872b03f7,run out,,false,lsg,mi
1426287,1,false,8,50,29e95537,caught,c05edf8e,true,csk,pbks
1426287,1,false,8,52,a4e37e47,lbw,c05edf8e,true,csk,pbks
1426287,1,false,9,60,fe93fd9d,lbw,2ed569a0,true,csk,pbks
1426287,1,false,15,95,f89d3b11,caught,e62dd25d,true,csk,pbks
1426287,1,false,17,114,45a43fe2,bowled,244048f6,true,csk,pbks
1426287,1,false,18,119,bb351c23,bowled,2ed569a0,true,csk,pbks
1426287,1,false,19,129,4a8a2e3b,run out,,false,csk,pbks
1426287,2,false,3,19,9418198b,caught,402f8494,true,pbks,csk
1426287,2,false,9,57,abb83e27,caught,a4e37e47,true,pbks,csk
1426287,2,false,11,74,cad00a4d,bowled,1abb78f8,true,pbks,csk
1426288,1,false,4,25,f29185a1,caught,eef2536f,true,srh,rr
1426288,1,false,5,32,1399b39c,caught,ce820073,true,srh,rr
1426288,1,false,14,95,12b610c2,bowled,eef2536f,true,srh,rr
1426288,2,false,0,2,99b75528,caught,2e81a32d,true,rr,srh
1426288,2,false,0,5,a4cc73aa,bowled,2e81a32d,true,rr,srh
1426288,2,false,13,89,6c19c6e5,bowled,ce794613,true,rr,srh
1426288,2,false,15,104,04a418e8,caught,ded9240e,true,rr,srh
1426288,2,false,17,118,48a1d7b7,caught,ce794613,true,rr,srh
1426288,2,false,18,121,bcf325d2,caught,ded9240e,true,rr,srh
1426288,2,false,19,132,650d5e49,lbw,2e81a32d,true,rr,srh
1426289,1,false,0,5,3d284ca3,caught,ee1b6c27,true,kkr,mi
1426289,1,false,2,16,d7017798,caught,ee1b6c27,true,kkr,mi
1426289,1,false,2,20,85ec8e33,caught,ee1b6c27,true,kkr,mi
1426289,1,false,4,28,9d430b40,bowled,dbe50b21,true,kkr,mi
1426289,1,false,6,39,0a509d6b,caught and bowled,98ae73b1,true,kkr,mi
1426289,1,false,16,103,93b4fc78,caught,dbe50b21,true,kkr,mi
1426289,1,false,16,107,bbd41817,run out,,false,kkr,mi
1426289,1,false,17,111,be24ead0,caught,462411b3,true,kkr,mi
1426289,1,false,17,113,3fb19989,bowled,462411b3,true,kkr,mi
1426289,1,false,19,125,a24be938,bowled,462411b3,true,kkr,mi
1426289,2,false,1,11,752f7486,bowled,3fb19989,true,mi,kkr
1426289,2,false,4,27,fffa744b,bowled,5b7ab5a9,true,mi,kkr
1426289,2,false,5,37,740742ef,caught,9d430b40,true,mi,kkr
1426289,2,false,8,54,b0482a1d,caught,5b7ab5a9,true,mi,kkr
1426289,2,false,10,68,d1a60072,bowled,9d430b40,true,mi,kkr
1426289,2,false,11,71,dbe50b21,caught,bbd41817,true,mi,kkr
1426289,2,false,15,98,271f83cd,caught,bbd41817,true,mi,kkr
1426289,2,false,18,115,f1f99156,caught,3fb19989,true,mi,kkr
1426289,2,false,18,116,98ae73b1,caught,3fb19989,true,mi,kkr
1426289,2,false,18,118,3204c99f,bowled,3fb19989,true,mi,kkr
1426290,1,false,1,9,fe11caa6,caught,2f49c897,true,gt,rcb
1426290,1,false,3,25,b4b99816,caught,2f49c897,true,gt,rcb
1426290,1,false,5,35,d5130a30,caught,eaa76d3c,true,gt,rcb
1426290,1,false,11,73,d67d5f00,caught,119678fd,true,gt,rcb
1426290,1,false,12,79,7dcb9bc9,run out,,false,gt,rcb
1426290,1,false,17,108,5f547c8b,bowled,7210d461,true,gt,rcb
1426290,1,false,17,111,39a2dfa8,caught,7210d461,true,gt,rcb
1426290,1,false,19,119,025c4400,caught,54e52590,true,gt,rcb
1426290,1,false,19,120,759ac88f,run out,,false,gt,rcb
1426290,1,false,19,121,0994d0ae,caught,54e52590,true,gt,rcb
1426290,2,false,5,35,3355b542,caught,9061a703,true,rcb,gt
1426290,2,false,6,41,9caf69a1,caught,efc04be7,true,rcb,gt
1426290,2,false,7,46,c740ea83,caught,9061a703,true,rcb,gt
1426290,2,false,7,49,b681e71e,caught,9061a703,true,rcb,gt
1426290,2,false,9,60,eaa76d3c,caught,9061a703,true,rcb,gt
1426290,2,false,10,65,ba607b88,caught,efc04be7,true,rcb,gt
1426291,1,false,1,12,29e95537,caught,244048f6,true,csk,pbks
1426291,1,false,7,44,45a43fe2,caught,2ed569a0,true,csk,pbks
1426291,1,false,7,45,a4e37e47,caught,2ed569a0,true,csk,pbks
1426291,1,false,8,54,eade4650,lbw,f986ca1a,true,csk,pbks
1426291,1,false,12,78,bb351c23,caught,e94915e6,true,csk,pbks
1426291,1,false,15,98,e4a0deae,caught,2ed569a0,true,csk,pbks
1426291,1,false,18,115,1abb78f8,bowled,f986ca1a,true,csk,pbks
1426291,1,false,18,116,4a8a2e3b,bowled,f986ca1a,true,csk,pbks
1426291,1,false,19,123,fe93fd9d,caught,244048f6,true,csk,pbks
1426291,2,false,1,10,abb83e27,bowled,46a9bea1,true,pbks,csk
1426291,2,false,1,13,cad00a4d,bowled,46a9bea1,true,pbks,csk
1426291,2,false,7,50,26989d80,caught,e4a0deae,true,pbks,csk
1426291,2,false,8,56,9418198b,caught,fe93fd9d,true,pbks,csk
1426291,2,false,9,60,800d2d97,caught,30df8c66,true,pbks,csk
1426291,2,false,12,75,e94915e6,caught,fe93fd9d,true,pbks,csk
1426291,2,false,12,77,84d9c311,caught,fe93fd9d,true,pbks,csk
1426291,2,false,14,90,f986ca1a,caught,30df8c66,true,pbks,csk
1426291,2,false,17,107,2ed569a0,bowled,1abb78f8,true,pbks,csk
1426292,1,false,4,27,3d284ca3,caught,c0c411cb,true,kkr,lsg
1426292,1,false,11,74,9d430b40,caught,df064e1a,true,kkr,lsg
1426292,1,false,14,92,bbd41817,caught,c0c411cb,true,kkr,lsg
1426292,1,false,15,97,d7017798,caught,4885bbe6,true,kkr,lsg
1426292,1,false,17,116,0a509d6b,caught,c0c411cb,true,kkr,lsg
1426292,1,false,19,126,85ec8e33,caught,4b31f3a3,true,kkr,lsg
1426292,2,false,1,12,2d140b79,caught,3fb19989,true,lsg,kkr
1426292,2,false,7,48,b17e2f24,caught,77b1aa15,true,lsg,kkr
1426292,2,false,8,53,73ad96ed,lbw,5b7ab5a9,true,lsg,kkr
1426292,2,false,9,58,d9273ee7,caught,bbd41817,true,lsg,kkr
1426292,2,false,11,72,3241e3fd,caught,bbd41817,true,lsg,kkr
1426292,2,false,12,81,872b03f7,caught,9d430b40,true,lsg,kkr
1426292,2,false,13,90,ff1e12a0,caught and bowled,5b7ab5a9,true,lsg,kkr
1426292,2,false,14,94,5b8c830e,caught,77b1aa15,true,lsg,kkr
1426292,2,false,15,102,4885bbe6,caught,5b7ab5a9,true,lsg,kkr
1426292,2,false,16,103,df064e1a,lbw,77b1aa15,true,lsg,kkr
1426293,1,false,5,39,f29185a1,caught,462411b3,true,srh,mi
1426293,1,false,7,50,00ea847a,bowled,fcc21ace,true,srh,mi
1426293,1,false,10,67,12b610c2,caught,98ae73b1,true,srh,mi
1426293,1,false,11,71,aad0c365,caught,dbe50b21,true,srh,mi
1426293,1,false,12,77,235c2bb6,bowled,98ae73b1,true,srh,mi
1426293,1,false,15,96,f9e6e7ef,caught,dbe50b21,true,srh,mi
1426293,1,false,15,101,81c36ee9,bowled,dbe50b21,true,srh,mi
1426293,1,false,16,110,8e514b4c,lbw,98ae73b1,true,srh,mi
1426293,2,false,1,11,752f7486,caught,81c36ee9,true,mi,srh
1426293,2,false,3,21,740742ef,caught,ded9240e,true,mi,srh
1426293,2,false,4,26,fffa744b,caught,2e81a32d,true,mi,srh
1426294,1,false,4,26,9b6e1b3f,caught,495d42a5,true,dc,rr
1426294,1,false,5,31,1fc6ef83,run out,,false,dc,rr
1426294,1,false,9,57,2e171977,caught,495d42a5,true,dc,rr
1426294,1,false,12,77,ad3b6e95,caught,495d42a5,true,dc,rr
1426294,1,false,13,84,919a3be2,caught,57ee1fde,true,dc,rr
1426294,1,false,18,113,9f77963a,caught,a818c1be,true,dc,rr
1426294,1,false,19,118,85b3fab2,lbw,ce820073,true,dc,rr
1426294,1,false,19,121,b8527c3d,run out,,false,dc,rr
1426294,2,false,0,2,6c19c6e5,caught,a2f46292,true,rr,dc
1426294,2,false,5,38,99b75528,bowled,2e171977,true,rr,dc
1426294,2,false,10,70,04a418e8,bowled,b8527c3d,true,rr,dc
1426294,2,false,15,105,a4cc73aa,caught,2cffab74,true,rr,dc
1426294,2,false,16,111,6b2ff18f,caught,a2f46292,true,rr,dc
1426294,2,false,17,114,f0af99a7,lbw,8d2c70ad,true,rr,dc
1426294,2,false,17,119,495d42a5,caught,8d2c70ad,true,rr,dc
1426294,2,false,19,127,650d5e49,bowled,2cffab74,true,rr,dc
1426295,1,false,2,13,372455c4,caught,2e81a32d,true,lsg,srh
1426295,1,false,4,26,d9273ee7,caught,2e81a32d,true,lsg,srh
1426295,1,false,9,60,b17e2f24,caught,ded9240e,true,lsg,srh
1426295,1,false,11,68,5b8c830e,run out,,false,lsg,srh
1426296,1,false,2,14,3355b542,caught,d4d929b0,true,rcb,pbks
1426296,1,false,4,28,9caf69a1,caught,d4d929b0,true,rcb,pbks
1426296,1,false,9,61,c740ea83,caught,e94915e6,true,rcb,pbks
1426296,1,false,17,112,ba607b88,caught,244048f6,true,rcb,pbks
1426296,1,false,19,122,c03f1114,caught,f986ca1a,true,rcb,pbks
1426296,1,false,19,125,da934ee8,bowled,f986ca1a,true,rcb,pbks
1426296,1,false,19,127,eaa76d3c,caught,f986ca1a,true,rcb,pbks
1426296,2,false,0,4,9418198b,lbw,983f2f61,true,pbks,rcb
1426296,2,false,5,36,abb83e27,caught,2f9d0389,true,pbks,rcb
1426296,2,false,8,55,cad00a4d,caught,119678fd,true,pbks,rcb
1426296,2,false,10,66,800d2d97,bowled,119678fd,true,pbks,rcb
1426296,2,false,11,69,50c6bc2b,caught,983f2f61,true,pbks,rcb
1426296,2,false,13,83,26989d80,run out,,false,pbks,rcb
1426296,2,false,14,92,84d9c311,lbw,2f49c897,true,pbks,rcb
1426296,2,false,15,95,e94915e6,bowled,2f9d0389,true,pbks,rcb
1426296,2,false,16,99,f986ca1a,caught,2f49c897,true,pbks,rcb
1426296,2,false,16,105,244048f6,caught,2f49c897,true,pbks,rcb
1426297,1,false,17,107,d5130a30,caught,46a9bea1,true,gt,csk
1426297,1,false,17,111,b4b99816,caught,46a9bea1,true,gt,csk
1426297,1,false,19,125,7dcb9bc9,run out,,false,gt,csk
1426297,2,false,0,6,ba5e1069,run out,,false,csk,gt
1426297,2,false,1,7,29e95537,caught,cdc6bdba,true,csk,gt
1426297,2,false,2,17,45a43fe2,caught,cc1e8c68,true,csk,gt
1426297,2,false,12,76,eade4650,caught,759ac88f,true,csk,gt
1426297,2,false,14,89,bb351c23,caught,759ac88f,true,csk,gt
1426297,2,false,16,104,a4e37e47,caught,759ac88f,true,csk,gt
1426297,2,false,17,109,fe93fd9d,caught,5f547c8b,true,csk,gt
1426297,2,false,17,111,e4a0deae,bowled,5f547c8b,true,csk,gt
1426298,1,false,0,5,3d284ca3,caught,ee1b6c27,true,kkr,mi
1426298,1,false,1,7,9d430b40,bowled,462411b3,true,kkr,mi
1426298,1,false,4,26,85ec8e33,bowled,fcc21ace,true,kkr,mi
1426298,1,false,8,50,a24be938,caught,98ae73b1,true,kkr,mi
1426298,1,false,11,74,fb2d1dda,run out,,false,kkr,mi
1426298,1,false,12,80,bbd41817,caught,98ae73b1,true,kkr,mi
1426298,1,false,15,95,0a509d6b,caught,462411b3,true,kkr,mi
1426298,2,false,6,44,752f7486,caught,9d430b40,true,mi,kkr
1426298,2,false,7,50,740742ef,caught,5b7ab5a9,true,mi,kkr
1426298,2,false,10,68,271f83cd,caught,bbd41817,true,mi,kkr
1426298,2,false,11,74,dbe50b21,caught,5b7ab5a9,true,mi,kkr
1426298,2,false,12,77,f1f99156,caught,bbd41817,true,mi,kkr
1426298,2,false,13,89,d1a60072,run out,,false,mi,kkr
1426298,2,false,15,97,fffa744b,caught,77b1aa15,true,mi,kkr
1426298,2,false,15,99,b0482a1d,caught,77b1aa15,true,mi,kkr
1426299,1,false,6,39,6c19c6e5,caught,30df8c66,true,rr,csk
1426299,1,false,8,51,99b75528,caught,30df8c66,true,rr,csk
1426299,1,false,14,89,a4cc73aa,caught,30df8c66,true,rr,csk
1426299,1,false,19,119,bcf325d2,caught,46a9bea1,true,rr,csk
1426299,1,false,19,120,6b2ff18f,caught,46a9bea1,true,rr,csk
1426299,2,false,3,23,ba5e1069,caught and bowled,495d42a5,true,csk,rr
1426299,2,false,7,49,eade4650,lbw,57ee1fde,true,csk,rr
1426299,2,false,11,74,bb351c23,caught,465aa633,true,csk,rr
1426299,2,false,13,88,a4e37e47,caught,495d42a5,true,csk,rr
1426299,2,false,15,100,fe93fd9d,obstructing the field,,false,csk,rr
1426300,1,false,2,14,3355b542,caught,2cffab74,true,rcb,dc
1426300,1,false,3,23,ba607b88,caught,5bb1a1c4,true,rcb,dc
1426300,1,false,12,79,c740ea83,caught,b8527c3d,true,rcb,dc
1426300,1,false,14,92,9caf69a1,caught,8d2c70ad,true,rcb,dc
1426300,1,false,17,112,da934ee8,caught,a2f46292,true,rcb,dc
1426300,1,false,17,114,c03f1114,caught,a2f46292,true,rcb,dc
1426300,1,false,18,118,983f2f61,caught,b8527c3d,true,rcb,dc
1426300,1,false,19,126,119678fd,run out,,false,rcb,dc
1426300,1,false,19,127,2f49c897,run out,,false,rcb,dc
1426300,2,false,0,4,dcce6f09,caught,983f2f61,true,dc,rcb
1426300,2,false,2,13,ad3b6e95,caught,7210d461,true,dc,rcb
1426300,2,false,2,14,9b6e1b3f,run out,,false,dc,rcb
1426300,2,false,3,21,57ca01b3,lbw,2f49c897,true,dc,rcb
1426300,2,false,9,58,1fc6ef83,caught,2f9d0389,true,dc,rcb
1426300,2,false,10,67,85b3fab2,run out,,false,dc,rcb
1426300,2,false,14,91,b8527c3d,caught,eaa76d3c,true,dc,rcb
1426300,2,false,15,96,2e171977,caught,7210d461,true,dc,rcb
1426300,2,false,17,109,2cffab74,caught,2f9d0389,true,dc,rcb
1426300,2,false,19,120,8d2c70ad,bowled,7210d461,true,dc,rcb
1426302,1,false,0,4,9b6e1b3f,caught,12314277,true,dc,lsg
1426302,1,false,8,57,1fc6ef83,caught,df064e1a,true,dc,lsg
1426302,1,false,11,74,ad3b6e95,caught,c0c411cb,true,dc,lsg
1426302,1,false,16,106,919a3be2,caught,c0c411cb,true,dc,lsg
1426302,2,false,0,5,b17e2f24,caught,5bb1a1c4,true,lsg,dc
1426302,2,false,2,19,372455c4,caught,5bb1a1c4,true,lsg,dc
1426302,2,false,3,21,d9273ee7,stumped,2e171977,true,lsg,dc
1426302,2,false,4,27,73ad96ed,lbw,5bb1a1c4,true,lsg,dc
1426302,2,false,7,47,872b03f7,caught,85b3fab2,true,lsg,dc
1426302,2,false,11,70,3241e3fd,caught,2cffab74,true,lsg,dc
1426302,2,false,14,92,5b8c830e,stumped,8d2c70ad,true,lsg,dc
1426302,2,false,16,107,4885bbe6,caught,a2f46292,true,lsg,dc
1426302,2,false,18,116,df064e1a,run out,,false,lsg,dc
1426303,1,false,0,4,6c19c6e5,bowled,e94915e6,true,rr,pbks
1426303,1,false,6,40,a4cc73aa,caught,9eb1455b,true,rr,pbks
1426303,1,false,7,44,f836b33d,caught,2ed569a0,true,rr,pbks
1426303,1,false,12,79,495d42a5,caught,244048f6,true,rr,pbks
1426303,1,false,13,82,bcf325d2,caught,e94915e6,true,rr,pbks
1426303,1,false,14,88,650d5e49,caught and bowled,2ed569a0,true,rr,pbks
1426303,1,false,17,106,f0af99a7,caught,f986ca1a,true,rr,pbks
1426303,1,false,19,117,04a418e8,lbw,f986ca1a,true,rr,pbks
1426303,1,false,19,121,a818c1be,run out,,false,rr,pbks
1426303,2,false,0,4,9418198b,caught,a818c1be,true,pbks,rr
1426303,2,false,4,27,cad00a4d,caught,eef2536f,true,pbks,rr
1426303,2,false,4,29,26989d80,lbw,eef2536f,true,pbks,rr
1426303,2,false,7,48,abb83e27,caught,57ee1fde,true,pbks,rr
1426303,2,false,15,95,800d2d97,caught,57ee1fde,true,pbks,rr
1426305,1,false,0,3,2c25d4f5,lbw,ee1b6c27,true,lsg,mi
1426305,1,false,5,39,d9273ee7,lbw,98ae73b1,true,lsg,mi
1426305,1,false,9,60,73ad96ed,caught,98ae73b1,true,lsg,mi
1426305,1,false,16,110,3241e3fd,caught,ee1b6c27,true,lsg,mi
1426305,1,false,16,111,12314277,caught,ee1b6c27,true,lsg,mi
1426305,1,false,17,112,b17e2f24,caught,98ae73b1,true,lsg,mi
1426305,2,false,8,55,844e79d1,caught,c0c411cb,true,mi,lsg
1426305,2,false,9,59,271f83cd,caught,5b8c830e,true,mi,lsg
1426305,2,false,10,68,740742ef,caught,df064e1a,true,mi,lsg
1426305,2,false,13,84,dbe50b21,caught,c33d8116,true,mi,lsg
1426305,2,false,14,90,d1a60072,caught,df064e1a,true,mi,lsg
1426305,2,false,19,125,752f7486,bowled,c0c411cb,true,mi,lsg
1426306,1,false,9,59,ba607b88,caught,e4a0deae,true,rcb,csk
1426306,1,false,12,79,3355b542,run out,,false,rcb,csk
1426306,1,false,17,111,c740ea83,caught,1abb78f8,true,rcb,csk
1426306,1,false,18,120,c03f1114,caught,46a9bea1,true,rcb,csk
1426306,1,false,19,126,b681e71e,caught,1abb78f8,true,rcb,csk
1426306,2,false,0,1,45a43fe2,caught,b681e71e,true,csk,rcb
1426306,2,false,2,15,eade4650,caught,7210d461,true,csk,rcb
1426306,2,false,9,57,29e95537,caught,2f9d0389,true,csk,rcb
1426306,2,false,12,81,ba5e1069,run out,,false,csk,rcb
1426306,2,false,13,85,a4e37e47,caught,eaa76d3c,true,csk,rcb
1426306,2,false,14,94,e4a0deae,caught,2f49c897,true,csk,rcb
1426306,2,false,19,122,4a8a2e3b,caught,7210d461,true,csk,rcb
1426307,1,false,9,55,1ac746c8,caught,ce794613,true,pbks,srh
1426307,1,false,14,88,9418198b,caught,03a83c50,true,pbks,srh
1426307,1,false,15,99,26989d80,run out,,false,pbks,srh
1426307,1,false,17,107,cad00a4d,caught,ded9240e,true,pbks,srh
1426307,1,false,18,113,84d9c311,caught,ce794613,true,pbks,srh
1426307,2,false,0,1,12b610c2,bowled,244048f6,true,srh,pbks
1426307,2,false,4,32,77255a9e,caught,f986ca1a,true,srh,pbks
1426307,2,false,10,65,f29185a1,caught,26989d80,true,srh,pbks
1426307,2,false,13,89,aad0c365,caught,f986ca1a,true,srh,pbks
1426307,2,false,16,108,f9e6e7ef,caught,244048f6,true,srh,pbks
1426307,2,false,18,117,235c2bb6,bowled,c05edf8e,true,srh,pbks
1426309,1,false,0,2,12b610c2,bowled,3fb19989,true,srh,kkr
1426309,1,false,1,12,f29185a1,caught,7c3b3b78,true,srh,kkr
1426309,1,false,4,33,aad0c365,caught,3fb19989,true,srh,kkr
1426309,1,false,4,34,f9e6e7ef,bowled,3fb19989,true,srh,kkr
1426309,1,false,10,72,235c2bb6,caught,5b7ab5a9,true,srh,kkr
1426309,1,false,13,87,77255a9e,run out,,false,srh,kkr
1426309,1,false,13,88,b0f2baf4,bowled,9d430b40,true,srh,kkr
1426309,1,false,14,95,8e514b4c,caught,77b1aa15,true,srh,kkr
1426309,1,false,15,103,2e81a32d,lbw,5b7ab5a9,true,srh,kkr
1426309,1,false,19,124,ded9240e,caught,bbd41817,true,srh,kkr
1426309,2,false,3,21,0bacade8,caught,ce794613,true,kkr,srh
1426309,2,false,6,40,9d430b40,caught,ded9240e,true,kkr,srh
1426310,1,false,4,28,3355b542,caught,a818c1be,true,rcb,rr
1426310,1,false,7,45,ba607b88,caught,57ee1fde,true,rcb,rr
1426310,1,false,12,77,eaa76d3c,caught,495d42a5,true,rcb,rr
1426310,1,false,12,78,b681e71e,caught,495d42a5,true,rcb,rr
1426310,1,false,14,88,c740ea83,caught,eef2536f,true,rcb,rr
1426310,1,false,18,112,c03f1114,caught,eef2536f,true,rcb,rr
1426310,1,false,18,115,da934ee8,caught,eef2536f,true,rcb,rr
1426310,1,false,19,122,119678fd,caught,ce820073,true,rcb,rr
1426310,2,false,5,33,f836b33d,bowled,2f9d0389,true,rr,rcb
1426310,2,false,9,56,6c19c6e5,caught,eaa76d3c,true,rr,rcb
1426310,2,false,10,61,a4cc73aa,stumped,119678fd,true,rr,rcb
1426310,2,false,13,81,bcf325d2,run out,,false,rr,rcb
1426310,2,false,17,109,04a418e8,bowled,2f49c897,true,rr,rcb
1426310,2,false,17,113,48a1d7b7,caught,2f49c897,true,rr,rcb
1426311,1,false,0,6,f29185a1,caught,a818c1be,true,srh,rr
1426311,1,false,4,27,77255a9e,caught,a818c1be,true,srh,rr
1426311,1,false,4,30,6a26221c,caught,a818c1be,true,srh,rr
1426311,1,false,9,60,12b610c2,caught,ce820073,true,srh,rr
1426311,1,false,13,84,aad0c365,caught,eef2536f,true,srh,rr
1426311,1,false,13,85,8e514b4c,bowled,eef2536f,true,srh,rr
1426311,1,false,18,115,235c2bb6,bowled,ce820073,true,srh,rr
1426311,1,false,19,124,f9e6e7ef,caught,eef2536f,true,srh,rr
1426311,1,false,19,127,1e66c162,run out,,false,srh,rr
1426311,2,false,3,24,f836b33d,caught,ded9240e,true,rr,srh
1426311,2,false,7,49,6c19c6e5,caught,f9e6e7ef,true,rr,srh
1426311,2,false,8,53,a4cc73aa,caught,f29185a1,true,rr,srh
1426311,2,false,11,69,04a418e8,caught,f9e6e7ef,true,rr,srh
1426311,2,false,11,72,495d42a5,caught,f9e6e7ef,true,rr,srh
1426311,2,false,13,85,48a1d7b7,bowled,f29185a1,true,rr,srh
1426311,2,false,17,109,650d5e49,caught,ce794613,true,rr,srh
1426312,1,false,0,5,f29185a1,bowled,3fb19989,true,srh,kkr
1426312,1,false,1,12,12b610c2,caught,7c3b3b78,true,srh,kkr
1426312,1,false,4,29,77255a9e,caught,3fb19989,true,srh,kkr
1426312,1,false,6,47,aad0c365,caught,77b1aa15,true,srh,kkr
1426312,1,false,10,67,6a26221c,caught,bbd41817,true,srh,kkr
1426312,1,false,11,76,f9e6e7ef,caught,5b7ab5a9,true,srh,kkr
1426312,1,false,12,82,8e514b4c,caught,bbd41817,true,srh,kkr
1426312,1,false,14,91,235c2bb6,bowled,77b1aa15,true,srh,kkr
1426312,1,false,17,113,1e66c162,lbw,9d430b40,true,srh,kkr
1426312,1,false,18,117,ded9240e,caught,bbd41817,true,srh,kkr
1426312,2,false,1,9,9d430b40,caught,ded9240e,true,kkr,srh
1426312,2,false,8,57,0bacade8,lbw,f9e6e7ef,true,kkr,srh
1473438,1,false,0,5,372455c4,caught,03806cf8,true,kkr,rcb
1473438,1,false,9,63,9d430b40,caught,b8527c3d,true,kkr,rcb
1473438,1,false,10,66,29e95537,caught,5b8c830e,true,kkr,rcb
1473438,1,false,12,77,a24be938,bowled,5b8c830e,true,kkr,rcb
1473438,1,false,14,94,0a509d6b,bowled,5b8c830e,true,kkr,rcb
1473438,1,false,15,98,bbd41817,bowled,9440ef41,true,kkr,rcb
1473438,1,false,18,117,d7017798,caught,7210d461,true,kkr,rcb
1473438,1,false,19,123,77b1aa15,caught,03806cf8,true,kkr,rcb
1473438,2,false,8,52,3d284ca3,caught,5b7ab5a9,true,rcb,kkr
1473438,2,false,11,71,2c25d4f5,caught,9d430b40,true,rcb,kkr
1473438,2,false,15,94,c740ea83,caught,7c3b3b78,true,rcb,kkr
1473439,1,false,3,21,f29185a1,caught,f24c6701,true,srh,rr
1473439,1,false,9,63,12b610c2,caught,46a9bea1,true,srh,rr
1473439,1,false,14,97,aad0c365,caught,f24c6701,true,srh,rr
1473439,1,false,18,123,235c2bb6,caught,ce820073,true,srh,rr
1473439,1,false,19,129,a3b0600d,caught,46a9bea1,true,srh,rr
1473439,1,false,19,130,0890552f,caught,46a9bea1,true,srh,rr
1473439,2,false,1,10,6c19c6e5,caught,30df8c66,true,rr,srh
1473439,2,false,1,12,04a418e8,caught,30df8c66,true,rr,srh
1473439,2,false,4,27,fb2d1dda,caught,8cf9814c,true,rr,srh
1473439,2,false,13,89,a4cc73aa,caught,f986ca1a,true,rr,srh
1473439,2,false,14,91,bcf325d2,caught,14f96089,true,rr,srh
1473439,2,false,19,128,48a1d7b7,caught,f986ca1a,true,rr,srh
1473440,1,false,0,4,740742ef,caught,a2f46292,true,mi,csk
1473440,1,false,2,14,e66732f8,bowled,a2f46292,true,mi,csk
1473440,1,false,4,28,9caf69a1,caught,495d42a5,true,mi,csk
1473440,1,false,10,65,271f83cd,stumped,efc04be7,true,mi,csk
1473440,1,false,12,80,bafd0398,caught,efc04be7,true,mi,csk
1473440,1,false,12,82,b0482a1d,lbw,efc04be7,true,mi,csk
1473440,1,false,16,102,fffa744b,bowled,efc04be7,true,mi,csk
1473440,1,false,17,113,e4a0deae,lbw,9eb1455b,true,mi,csk
1473440,1,false,18,119,a818c1be,caught,a2f46292,true,mi,csk
1473440,2,false,1,11,77255a9e,caught,23eeb873,true,csk,mi
1473440,2,false,7,49,45a43fe2,caught,1e030637,true,csk,mi
1473440,2,false,9,61,a4e37e47,caught,1e030637,true,csk,mi
1473440,2,false,11,73,73ad96ed,caught,1e030637,true,csk,mi
1473440,2,false,14,88,e94915e6,bowled,9caf69a1,true,csk,mi
1473440,2,false,18,115,fe93fd9d,run out,,false,csk,mi
1473441,1,false,4,28,6a26221c,caught,5ffc0565,true,lsg,dc
1473441,1,false,11,73,3d8feaf8,caught,2cffab74,true,lsg,dc
1473441,1,false,13,85,919a3be2,caught,8d2c70ad,true,lsg,dc
1473441,1,false,14,92,3241e3fd,bowled,3fb19989,true,lsg,dc
1473441,1,false,16,101,872b03f7,caught,8d2c70ad,true,lsg,dc
1473441,1,false,16,103,1abb78f8,run out,,false,lsg,dc
1473441,1,false,18,116,f9e6e7ef,caught,3fb19989,true,lsg,dc
1473441,1,false,18,118,df064e1a,bowled,3fb19989,true,lsg,dc
1473441,2,false,0,3,9b6e1b3f,caught,1abb78f8,true,dc,lsg
1473441,2,false,0,5,ad3b6e95,caught,1abb78f8,true,dc,lsg
1473441,2,false,1,10,f89d3b11,caught,cf0ccafa,true,dc,lsg
1473441,2,false,5,34,2e171977,caught,13fc5c6d,true,dc,lsg
1473441,2,false,6,42,3355b542,caught,df064e1a,true,dc,lsg
1473441,2,false,12,78,85b3fab2,bowled,cf0ccafa,true,dc,lsg
1473441,2,false,16,101,5ffc0565,caught,13fc5c6d,true,dc,lsg
1473441,2,false,17,107,3fb19989,caught,df064e1a,true,dc,lsg
1473441,2,false,18,115,8d2c70ad,run out,,false,dc,lsg
1473442,1,false,3,19,9418198b,caught,e62dd25d,true,pbks,gt
1473442,1,false,6,41,b5797845,caught,5f547c8b,true,pbks,gt
1473442,1,false,10,64,8f6dd463,caught,c7a995d3,true,pbks,gt
1473442,1,false,10,65,b681e71e,lbw,c7a995d3,true,pbks,gt
1473442,1,false,15,95,d9273ee7,caught,c7a995d3,true,pbks,gt
1473442,2,false,5,36,b4b99816,caught,b681e71e,true,gt,pbks
1473442,2,false,12,78,d5130a30,caught,244048f6,true,gt,pbks
1473442,2,false,17,115,99b75528,bowled,81c36ee9,true,gt,pbks
1473442,2,false,19,123,39a2dfa8,run out,,false,gt,pbks
1473442,2,false,19,126,d014d5ac,bowled,244048f6,true,gt,pbks
1473443,1,false,3,24,a4cc73aa,bowled,7c3b3b78,true,rr,kkr
1473443,1,false,7,48,04a418e8,caught,5b7ab5a9,true,rr,kkr
1473443,1,false,8,53,6c19c6e5,caught,bb351c23,true,rr,kkr
1473443,1,false,9,60,a97c8ec2,caught,5b7ab5a9,true,rr,kkr
1473443,1,false,10,67,fb2d1dda,bowled,bb351c23,true,rr,kkr
1473443,1,false,14,91,6b2ff18f,caught,7c3b3b78,true,rr,kkr
1473443,1,false,18,112,bcf325d2,bowled,77b1aa15,true,rr,kkr
1473443,1,false,18,117,48a1d7b7,caught,77b1aa15,true,rr,kkr
1473443,1,false,19,123,5574750c,bowled,83c3e8e3,true,rr,kkr
1473443,2,false,6,39,bb351c23,run out,,false,kkr,rr
1473443,2,false,10,63,29e95537,caught,a97c8ec2,true,kkr,rr
1473444,1,false,2,13,f29185a1,caught,1abb78f8,true,srh,lsg
1473444,1,false,2,14,752f7486,caught,1abb78f8,true,srh,lsg
1473444,1,false,7,48,12b610c2,bowled,80b2fb19,true,srh,lsg
1473444,1,false,11,78,235c2bb6,run out,,false,srh,lsg
1473444,1,false,14,92,aad0c365,bowled,df064e1a,true,srh,lsg
1473444,1,false,15,103,a3b0600d,caught,13fc5c6d,true,srh,lsg
1473444,1,false,16,105,0890552f,caught,1abb78f8,true,srh,lsg
1473444,1,false,17,112,ded9240e,caught,eef2536f,true,srh,lsg
1473444,1,false,18,118,8cf9814c,caught,1abb78f8,true,srh,lsg
1473444,2,false,1,9,6a26221c,caught,8cf9814c,true,lsg,srh
1473444,2,false,8,59,3241e3fd,lbw,ded9240e,true,lsg,srh
1473444,2,false,10,73,3d8feaf8,caught,ded9240e,true,lsg,srh
1473444,2,false,12,86,872b03f7,caught,14f96089,true,lsg,srh
1473444,2,false,14,94,919a3be2,caught,f986ca1a,true,lsg,srh
1473445,1,false,4,31,3d284ca3,stumped,efc04be7,true,rcb,csk
1473445,1,false,7,50,2c25d4f5,caught,495d42a5,true,rcb,csk
1473445,1,false,12,78,ba607b88,caught,efc04be7,true,rcb,csk
1473445,1,false,15,98,50c6bc2b,bowled,efc04be7,true,rcb,csk
1473445,1,false,17,112,800d2d97,caught,a2f46292,true,rcb,csk
1473445,1,false,18,115,c740ea83,caught,64839cb3,true,rcb,csk
1473445,1,false,18,119,5b8c830e,caught,64839cb3,true,rcb,csk
1473445,2,false,1,8,77255a9e,caught,03806cf8,true,csk,rcb
1473445,2,false,1,12,45a43fe2,caught,03806cf8,true,csk,rcb
1473445,2,false,4,29,73ad96ed,caught,2e81a32d,true,csk,rcb
1473445,2,false,8,54,e94915e6,caught,50c6bc2b,true,csk,rcb
1473445,2,false,12,74,ba5e1069,bowled,7210d461,true,csk,rcb
1473445,2,false,12,78,a4e37e47,bowled,7210d461,true,csk,rcb
1473445,2,false,15,93,495d42a5,caught,50c6bc2b,true,csk,rcb
1473445,2,false,18,114,fe93fd9d,caught,03806cf8,true,csk,rcb
1473446,1,false,8,54,b4b99816,caught,dbe50b21,true,gt,mi
1473446,1,false,13,86,99b75528,caught,7d92277a,true,gt,mi
1473446,1,false,15,97,7dcb9bc9,caught,dbe50b21,true,gt,mi
1473446,1,false,17,116,d5130a30,lbw,a818c1be,true,gt,mi
1473446,1,false,18,117,39a2dfa8,run out,,false,gt,mi
1473446,1,false,18,118,d014d5ac,caught,23eeb873,true,gt,mi
1473446,1,false,19,127,5f547c8b,caught,c27b5a0e,true,gt,mi
1473446,1,false,19,130,c7a995d3,run out,,false,gt,mi
1473446,2,false,0,4,740742ef,bowled,2f49c897,true,mi,gt
1473446,2,false,4,29,e66732f8,bowled,2f49c897,true,mi,gt
1473446,2,false,11,75,b0482a1d,caught,85e0cf10,true,mi,gt
1473446,2,false,12,84,bafd0398,caught,c7a995d3,true,mi,gt
1473446,2,false,15,102,271f83cd,caught,85e0cf10,true,mi,gt
1473446,2,false,16,108,dbe50b21,caught,e62dd25d,true,mi,gt
1473447,1,false,0,5,f29185a1,run out,,false,srh,dc
1473447,1,false,2,14,752f7486,caught,3fb19989,true,srh,dc
1473447,1,false,2,17,aad0c365,caught,3fb19989,true,srh,dc
1473447,1,false,4,28,12b610c2,caught,3fb19989,true,srh,dc
1473447,1,false,10,71,235c2bb6,caught,759ac88f,true,srh,dc
1473447,1,false,11,78,0890552f,caught,8d2c70ad,true,srh,dc
1473447,1,false,13,90,ded9240e,caught,8d2c70ad,true,srh,dc
1473447,1,false,15,101,a3b0600d,caught,8d2c70ad,true,srh,dc
1473447,1,false,18,117,f986ca1a,caught,3fb19989,true,srh,dc
1473447,1,false,18,119,c96f6ac5,caught,3fb19989,true,srh,dc
1473447,2,false,9,56,3355b542,caught,36619795,true,dc,srh
1473447,2,false,9,61,9b6e1b3f,caught and bowled,36619795,true,dc,srh
1473447,2,false,11,70,b17e2f24,bowled,36619795,true,dc,srh
1473448,1,false,0,3,6c19c6e5,caught,a2f46292,true,rr,csk
1473448,1,false,7,45,a4cc73aa,caught,efc04be7,true,rr,csk
1473448,1,false,11,72,fb2d1dda,stumped,495d42a5,true,rr,csk
1473448,1,false,13,82,bcf325d2,caught,efc04be7,true,rr,csk
1473448,1,false,14,89,a97c8ec2,caught,fe93fd9d,true,rr,csk
1473448,1,false,17,111,04a418e8,bowled,64839cb3,true,rr,csk
1473448,1,false,18,116,5574750c,caught,a2f46292,true,rr,csk
1473448,1,false,18,118,f6d8a7ab,run out,,false,rr,csk
1473448,1,false,19,121,48a1d7b7,caught,64839cb3,true,rr,csk
1473448,2,false,0,4,ba5e1069,caught,5574750c,true,csk,rr
1473448,2,false,7,43,77255a9e,caught,a97c8ec2,true,csk,rr
1473448,2,false,9,57,a4e37e47,caught,a97c8ec2,true,csk,rr
1473448,2,false,11,71,0994d0ae,bowled,a97c8ec2,true,csk,rr
1473448,2,false,15,97,45a43fe2,caught,a97c8ec2,true,csk,rr
1473448,2,false,19,118,4a8a2e3b,caught,ce820073,true,csk,rr
1473449,1,false,0,4,9d430b40,bowled,a818c1be,true,kkr,mi
1473449,1,false,1,8,372455c4,caught,23eeb873,true,kkr,mi
1473449,1,false,3,20,29e95537,caught,d45c29b1,true,kkr,mi
1473449,1,false,5,35,a24be938,caught,23eeb873,true,kkr,mi
1473449,1,false,6,43,d7017798,caught,dbe50b21,true,kkr,mi
1473449,1,false,10,64,0a509d6b,caught,d45c29b1,true,kkr,mi
1473449,1,false,10,68,93b4fc78,bowled,d45c29b1,true,kkr,mi
1473449,1,false,12,79,bbd41817,bowled,d45c29b1,true,kkr,mi
1473449,1,false,14,91,77b1aa15,caught,1e030637,true,kkr,mi
1473449,1,false,16,102,be24ead0,caught,e4a0deae,true,kkr,mi
1473449,2,false,5,35,740742ef,caught,bbd41817,true,mi,kkr
1473449,2,false,10,67,9caf69a1,caught,bbd41817,true,mi,kkr
1473450,1,false,0,4,3d8feaf8,caught,244048f6,true,lsg,pbks
1473450,1,false,3,24,6a26221c,bowled,2f9d0389,true,lsg,pbks
1473450,1,false,4,30,919a3be2,caught,b681e71e,true,lsg,pbks
1473450,1,false,11,70,3241e3fd,caught,57ee1fde,true,lsg,pbks
1473450,1,false,15,96,d67d5f00,caught,81c36ee9,true,lsg,pbks
1473450,1,false,19,119,872b03f7,caught,244048f6,true,lsg,pbks
1473450,1,false,19,121,8e514b4c,caught,244048f6,true,lsg,pbks
1473450,2,false,2,17,b5797845,caught,13fc5c6d,true,pbks,lsg
1473450,2,false,10,64,9418198b,caught,13fc5c6d,true,pbks,lsg
1473451,1,false,1,10,ba607b88,caught,12314277,true,rcb,gt
1473451,1,false,2,14,2c25d4f5,bowled,2f49c897,true,rcb,gt
1473451,1,false,4,29,3d284ca3,bowled,2f49c897,true,rcb,gt
1473451,1,false,6,39,c740ea83,lbw,5bb1a1c4,true,rcb,gt
1473451,1,false,12,77,800d2d97,caught,c7a995d3,true,rcb,gt
1473451,1,false,14,87,5b8c830e,caught and bowled,c7a995d3,true,rcb,gt
1473451,1,false,18,112,50c6bc2b,caught,2f49c897,true,rcb,gt
1473451,1,false,19,123,f1f99156,bowled,85e0cf10,true,rcb,gt
1473451,2,false,4,29,b4b99816,caught,2e81a32d,true,gt,rcb
1473451,2,false,12,76,d5130a30,caught,03806cf8,true,gt,rcb
1473452,1,false,1,12,372455c4,caught,ded9240e,true,kkr,srh
1473452,1,false,2,16,9d430b40,caught,8cf9814c,true,kkr,srh
1473452,1,false,10,67,29e95537,caught,36619795,true,kkr,srh
1473452,1,false,12,77,d7017798,caught,08548b13,true,kkr,srh
1473452,1,false,19,119,a24be938,caught,f986ca1a,true,kkr,srh
1473452,1,false,19,123,bbd41817,run out,,false,kkr,srh
1473452,2,false,0,2,12b610c2,caught,7c3b3b78,true,srh,kkr
1473452,2,false,1,13,f29185a1,caught,77b1aa15,true,srh,kkr
1473452,2,false,2,14,752f7486,caught,7c3b3b78,true,srh,kkr
1473452,2,false,6,41,aad0c365,caught,bbd41817,true,srh,kkr
1473452,2,false,9,58,08548b13,caught,9d430b40,true,srh,kkr
1473452,2,false,10,67,a3b0600d,caught,5b7ab5a9,true,srh,kkr
1473452,2,false,14,91,235c2bb6,caught,7c3b3b78,true,srh,kkr
1473452,2,false,15,94,ded9240e,caught,5b7ab5a9,true,srh,kkr
1473452,2,false,15,95,30df8c66,bowled,5b7ab5a9,true,srh,kkr
1473452,2,false,16,105,f986ca1a,caught and bowled,bbd41817,true,srh,kkr
1473453,1,false,6,44,3d8feaf8,caught and bowled,1e030637,true,lsg,mi
1473453,1,false,8,56,3241e3fd,caught,dbe50b21,true,lsg,mi
1473453,1,false,10,67,919a3be2,caught,dbe50b21,true,lsg,mi
1473453,1,false,15,100,872b03f7,caught,d45c29b1,true,lsg,mi
1473453,1,false,17,114,6a26221c,caught,dbe50b21,true,lsg,mi
1473453,1,false,18,118,8e514b4c,caught,a818c1be,true,lsg,mi
1473453,1,false,19,125,d67d5f00,caught,dbe50b21,true,lsg,mi
1473453,1,false,19,126,0a67aec0,caught,dbe50b21,true,lsg,mi
1473453,2,false,1,10,9caf69a1,caught,0a67aec0,true,mi,lsg
1473453,2,false,2,14,e66732f8,caught,1abb78f8,true,mi,lsg
1473453,2,false,8,49,fffa744b,bowled,13fc5c6d,true,mi,lsg
1473453,2,false,16,100,271f83cd,caught,eef2536f,true,mi,lsg
1473453,2,false,18,117,b0482a1d,retired out,,false,mi,lsg
1473454,1,false,0,5,9b6e1b3f,caught,a2f46292,true,dc,csk
1473454,1,false,6,41,ad3b6e95,caught,fe93fd9d,true,dc,csk
1473454,1,false,10,64,2e171977,bowled,efc04be7,true,dc,csk
1473454,1,false,16,99,f89d3b11,caught,a2f46292,true,dc,csk
1473454,1,false,19,119,b17e2f24,caught,64839cb3,true,dc,csk
1473454,1,false,19,120,84d9c311,run out,,false,dc,csk
1473454,2,false,1,12,ba5e1069,caught and bowled,2cffab74,true,csk,dc
1473454,2,false,2,17,45a43fe2,caught,3fb19989,true,csk,dc
1473454,2,false,5,36,df5a6881,caught,5ffc0565,true,csk,dc
1473454,2,false,9,59,a4e37e47,caught,5ffc0565,true,csk,dc
1473454,2,false,10,67,fe93fd9d,lbw,8d2c70ad,true,csk,dc
1473455,1,false,10,64,a4cc73aa,caught,2f9d0389,true,rr,pbks
1473455,1,false,13,82,6c19c6e5,bowled,2f9d0389,true,rr,pbks
1473455,1,false,14,92,fb2d1dda,caught,81c36ee9,true,rr,pbks
1473455,1,false,18,118,48a1d7b7,caught,244048f6,true,rr,pbks
1473455,2,false,0,1,b5797845,bowled,5574750c,true,pbks,rr
1473455,2,false,0,7,85ec8e33,bowled,5574750c,true,pbks,rr
1473455,2,false,3,22,d9273ee7,caught and bowled,ce820073,true,pbks,rr
1473455,2,false,6,40,9418198b,caught,f6d8a7ab,true,pbks,rr
1473455,2,false,14,96,b681e71e,caught,f24c6701,true,pbks,rr
1473455,2,false,15,97,d1a60072,caught,a97c8ec2,true,pbks,rr
1473455,2,false,16,103,970ddd24,caught,ce820073,true,pbks,rr
1473455,2,false,17,114,81c36ee9,caught,f24c6701,true,pbks,rr
1473455,2,false,19,127,244048f6,caught,5574750c,true,pbks,rr
1473456,1,false,10,63,6a26221c,bowled,77b1aa15,true,lsg,kkr
1473456,1,false,15,98,3d8feaf8,caught,bbd41817,true,lsg,kkr
1473456,1,false,18,116,8e514b4c,bowled,77b1aa15,true,lsg,kkr
1473456,2,false,2,18,372455c4,lbw,0a67aec0,true,kkr,lsg
1473456,2,false,6,44,9d430b40,caught,13fc5c6d,true,kkr,lsg
1473456,2,false,12,92,29e95537,caught,1abb78f8,true,kkr,lsg
1473456,2,false,13,99,be24ead0,caught,df064e1a,true,kkr,lsg
1473456,2,false,14,105,d7017798,caught,eef2536f,true,kkr,lsg
1473456,2,false,15,107,a24be938,caught,0a67aec0,true,kkr,lsg
1473456,2,false,16,112,bbd41817,caught,1abb78f8,true,kkr,lsg
1473457,1,false,0,6,12b610c2,caught,2f49c897,true,srh,gt
1473457,1,false,4,28,f29185a1,caught,2f49c897,true,srh,gt
1473457,1,false,7,46,752f7486,caught,85e0cf10,true,srh,gt
1473457,1,false,13,85,235c2bb6,bowled,c7a995d3,true,srh,gt
1473457,1,false,15,93,aad0c365,caught,c7a995d3,true,srh,gt
1473457,1,false,16,104,08548b13,caught,85e0cf10,true,srh,gt
1473457,1,false,18,114,a3b0600d,lbw,2f49c897,true,srh,gt
1473457,1,false,18,116,30df8c66,bowled,2f49c897,true,srh,gt
1473457,2,false,2,18,d5130a30,caught,8cf9814c,true,gt,srh
1473457,2,false,3,24,99b75528,caught,ded9240e,true,gt,srh
1473457,2,false,13,80,f19ccfad,caught,8cf9814c,true,gt,srh
1473458,1,false,0,2,3d284ca3,bowled,a818c1be,true,rcb,mi
1473458,1,false,8,55,2c25d4f5,caught,1e030637,true,rcb,mi
1473458,1,false,14,87,ba607b88,caught,dbe50b21,true,rcb,mi
1473458,1,false,14,90,50c6bc2b,caught,dbe50b21,true,rcb,mi
1473458,1,false,18,121,c740ea83,caught,a818c1be,true,rcb,mi
1473458,2,false,1,10,740742ef,bowled,7210d461,true,mi,rcb
1473458,2,false,3,22,e66732f8,lbw,03806cf8,true,mi,rcb
1473458,2,false,9,58,9caf69a1,caught,5b8c830e,true,mi,rcb
1473458,2,false,11,73,271f83cd,caught,7210d461,true,mi,rcb
1473458,2,false,17,111,b0482a1d,caught,2e81a32d,true,mi,rcb
1473458,2,false,18,114,dbe50b21,caught,03806cf8,true,mi,rcb
1473458,2,false,19,120,e4a0deae,caught,5b8c830e,true,mi,rcb
1473458,2,false,19,121,23eeb873,caught,5b8c830e,true,mi,rcb
1473458,2,false,19,125,fffa744b,caught,5b8c830e,true,mi,rcb
1473459,1,false,1,9,9418198b,bowled,765a4731,true,pbks,csk
1473459,1,false,2,17,85ec8e33,bowled,a2f46292,true,pbks,csk
1473459,1,false,4,31,d9273ee7,caught,a2f46292,true,pbks,csk
1473459,1,false,7,47,d1a60072,caught,495d42a5,true,pbks,csk
1473459,1,false,7,51,b681e71e,caught and bowled,495d42a5,true,pbks,csk
1473459,1,false,13,85,b5797845,caught,efc04be7,true,pbks,csk
1473459,2,false,6,40,ba5e1069,stumped,b681e71e,true,csk,pbks
1473459,2,false,7,45,45a43fe2,caught,2f9d0389,true,csk,pbks
1473459,2,false,15,103,a4e37e47,bowled,2f9d0389,true,csk,pbks
1473459,2,false,17,115,df5a6881,retired out,,false,csk,pbks
1473459,2,false,19,124,4a8a2e3b,caught,4b31f3a3,true,csk,pbks
1473460,1,false,2,14,b4b99816,bowled,5574750c,true,gt,rr
1473460,1,false,9,66,99b75528,lbw,f24c6701,true,gt,rr
1473460,1,false,15,104,7dcb9bc9,stumped,f24c6701,true,gt,rr
1473460,1,false,16,107,d014d5ac,caught,ce820073,true,gt,rr
1473460,1,false,18,121,d5130a30,caught,46a9bea1,true,gt,rr
1473460,1,false,18,127,5f547c8b,caught,46a9bea1,true,gt,rr
1473460,2,false,1,11,6c19c6e5,caught,12314277,true,rr,gt
1473460,2,false,2,18,fb2d1dda,caught,2f49c897,true,rr,gt
1473460,2,false,6,44,04a418e8,caught,fa2f1dde,true,rr,gt
1473460,2,false,7,51,bcf325d2,caught,5f547c8b,true,rr,gt
1473460,2,false,12,81,a4cc73aa,caught,85e0cf10,true,rr,gt
1473460,2,false,13,87,6b2ff18f,lbw,5f547c8b,true,rr,gt
1473460,2,false,15,101,5574750c,caught,85e0cf10,true,rr,gt
1473460,2,false,15,104,48a1d7b7,caught,85e0cf10,true,rr,gt
1473460,2,false,16,109,46a9bea1,caught,c7a995d3,true,rr,gt
1473460,2,false,19,125,f24c6701,caught,c7a995d3,true,rr,gt
1473461,1,false,3,25,3d284ca3,run out,,false,rcb,dc
1473461,1,false,5,37,2c25d4f5,caught,2cffab74,true,rcb,dc
1473461,1,false,6,45,ba607b88,caught,5ffc0565,true,rcb,dc
1473461,1,false,9,60,50c6bc2b,caught,759ac88f,true,rcb,dc
1473461,1,false,12,77,800d2d97,caught,8d2c70ad,true,rcb,dc
1473461,1,false,14,92,c740ea83,caught,8d2c70ad,true,rcb,dc
1473461,1,false,17,106,5b8c830e,caught,5ffc0565,true,rcb,dc
1473461,2,false,1,12,3355b542,caught,7210d461,true,dc,rcb
1473461,2,false,2,14,9b6e1b3f,caught,2e81a32d,true,dc,rcb
1473461,2,false,4,29,ad3b6e95,caught,2e81a32d,true,dc,rcb
1473461,2,false,8,54,2e171977,caught,9440ef41,true,dc,rcb
1473462,1,false,3,19,df5a6881,lbw,bb351c23,true,csk,kkr
1473462,1,false,4,25,ba5e1069,caught,77b1aa15,true,csk,kkr
1473462,1,false,9,58,0994d0ae,caught,5b7ab5a9,true,csk,kkr
1473462,1,false,10,66,77255a9e,bowled,9d430b40,true,csk,kkr
1473462,1,false,12,78,495d42a5,caught,77b1aa15,true,csk,kkr
1473462,1,false,13,82,fe93fd9d,caught,9d430b40,true,csk,kkr
1473462,1,false,14,87,73ad96ed,caught,5b7ab5a9,true,csk,kkr
1473462,1,false,15,94,4a8a2e3b,lbw,9d430b40,true,csk,kkr
1473462,1,false,17,105,efc04be7,caught,7c3b3b78,true,csk,kkr
1473462,2,false,4,27,372455c4,bowled,fcc21ace,true,kkr,csk
1473462,2,false,7,46,9d430b40,bowled,efc04be7,true,kkr,csk
1473463,1,false,12,78,b4b99816,caught,eef2536f,true,gt,lsg
1473463,1,false,13,84,d5130a30,caught,df064e1a,true,gt,lsg
1473463,1,false,13,90,f19ccfad,bowled,df064e1a,true,gt,lsg
1473463,1,false,16,106,99b75528,caught,13fc5c6d,true,gt,lsg
1473463,1,false,19,126,d014d5ac,lbw,1abb78f8,true,gt,lsg
1473463,1,false,19,127,39a2dfa8,caught,1abb78f8,true,gt,lsg
1473463,2,false,6,40,919a3be2,caught,85e0cf10,true,lsg,gt
1473463,2,false,11,69,6a26221c,caught,85e0cf10,true,lsg,gt
1473463,2,false,15,95,3241e3fd,caught,5f547c8b,true,lsg,gt
1473463,2,false,18,115,d67d5f00,bowled,f19ccfad,true,lsg,gt
1473464,1,false,3,26,b5797845,caught,f986ca1a,true,pbks,srh
1473464,1,false,6,44,9418198b,caught,5750bcb4,true,pbks,srh
1473464,1,false,13,86,d1a60072,lbw,5750bcb4,true,pbks,srh
1473464,1,false,14,91,26989d80,lbw,f986ca1a,true,pbks,srh
1473464,1,false,17,111,b681e71e,bowled,f986ca1a,true,pbks,srh
1473464,1,false,17,113,85ec8e33,caught,f986ca1a,true,pbks,srh
1473464,2,false,12,81,12b610c2,caught,57ee1fde,true,srh,pbks
1473464,2,false,16,107,f29185a1,caught,244048f6,true,srh,pbks
1473465,1,false,6,41,a4cc73aa,stumped,5b8c830e,true,rr,rcb
1473465,1,false,13,81,04a418e8,caught,7210d461,true,rr,rcb
1473465,1,false,15,97,6c19c6e5,lbw,03806cf8,true,rr,rcb
1473465,1,false,19,121,48a1d7b7,caught,2e81a32d,true,rr,rcb
1473465,2,false,8,54,3d284ca3,caught,f6d8a7ab,true,rcb,rr
1473466,1,false,4,31,740742ef,lbw,5ffc0565,true,mi,dc
1473466,1,false,7,49,e66732f8,bowled,8d2c70ad,true,mi,dc
1473466,1,false,13,83,271f83cd,caught,8d2c70ad,true,mi,dc
1473466,1,false,14,89,dbe50b21,caught,5ffc0565,true,mi,dc
1473466,1,false,19,122,b0482a1d,caught,2cffab74,true,mi,dc
1473466,2,false,0,1,9b6e1b3f,caught,23eeb873,true,dc,mi
1473466,2,false,10,64,ad3b6e95,caught,119678fd,true,dc,mi
1473466,2,false,11,72,944533a5,bowled,e4a0deae,true,dc,mi
1473466,2,false,12,78,2e171977,caught,462411b3,true,dc,mi
1473466,2,false,13,83,85b3fab2,caught,119678fd,true,dc,mi
1473466,2,false,15,95,b17e2f24,caught and bowled,119678fd,true,dc,mi
1473466,2,false,17,110,5ffc0565,stumped,e4a0deae,true,dc,mi
1473466,2,false,18,117,84d9c311,run out,,false,dc,mi
1473466,2,false,18,118,8d2c70ad,run out,,false,dc,mi
1473466,2,false,18,119,759ac88f,run out,,false,dc,mi
1473467,1,false,0,6,6a26221c,caught,a2f46292,true,lsg,csk
1473467,1,false,3,24,3241e3fd,lbw,fcc21ace,true,lsg,csk
1473467,1,false,9,58,3d8feaf8,bowled,fe93fd9d,true,lsg,csk
1473467,1,false,13,85,872b03f7,stumped,fe93fd9d,true,lsg,csk
1473467,1,false,19,121,8e514b4c,run out,,false,lsg,csk
1473467,1,false,19,122,919a3be2,caught,64839cb3,true,lsg,csk
1473467,1,false,19,128,1abb78f8,caught,64839cb3,true,lsg,csk
1473467,2,false,4,31,cbf58a86,caught,eef2536f,true,csk,lsg
1473467,2,false,7,50,ba5e1069,lbw,6a26221c,true,csk,lsg
1473467,2,false,8,55,77255a9e,caught and bowled,df064e1a,true,csk,lsg
1473467,2,false,12,77,fe93fd9d,caught,df064e1a,true,csk,lsg
1473467,2,false,14,94,0994d0ae,caught,13fc5c6d,true,csk,lsg
1473468,1,false,3,20,b5797845,caught,77b1aa15,true,pbks,kkr
1473468,1,false,3,22,85ec8e33,caught,77b1aa15,true,pbks,kkr
1473468,1,false,4,29,989889ff,bowled,5b7ab5a9,true,pbks,kkr
1473468,1,false,5,36,9418198b,caught,77b1aa15,true,pbks,kkr
1473468,1,false,8,54,d1a60072,caught,acdc62f5,true,pbks,kkr
1473468,1,false,9,57,b681e71e,bowled,5b7ab5a9,true,pbks,kkr
1473468,1,false,10,63,970ddd24,caught,9d430b40,true,pbks,kkr
1473468,1,false,10,68,81c36ee9,bowled,9d430b40,true,pbks,kkr
1473468,1,false,15,94,26989d80,lbw,7c3b3b78,true,pbks,kkr
1473468,1,false,15,96,3b53243a,run out,,false,pbks,kkr
1473468,2,false,0,6,9d430b40,bowled,81c36ee9,true,kkr,pbks
1473468,2,false,1,8,372455c4,caught,3b53243a,true,kkr,pbks
1473468,2,false,7,46,29e95537,lbw,57ee1fde,true,kkr,pbks
1473468,2,false,9,56,d7017798,caught,57ee1fde,true,kkr,pbks
1473468,2,false,10,65,a24be938,lbw,b681e71e,true,kkr,pbks
1473468,2,false,11,70,0a509d6b,stumped,57ee1fde,true,kkr,pbks
1473468,2,false,11,71,be24ead0,caught,57ee1fde,true,kkr,pbks
1473468,2,false,12,78,77b1aa15,bowled,81c36ee9,true,kkr,pbks
1473468,2,false,14,91,7c3b3b78,caught,244048f6,true,kkr,pbks
1473468,2,false,15,92,bbd41817,bowled,81c36ee9,true,kkr,pbks
1473469,1,false,2,15,9b6e1b3f,caught,5574750c,true,dc,rr
1473469,1,false,3,19,944533a5,run out,,false,dc,rr
1473469,1,false,12,77,b17e2f24,caught,5574750c,true,dc,rr
1473469,1,false,13,84,ad3b6e95,caught,a97c8ec2,true,dc,rr
1473469,1,false,16,103,2e171977,caught,f24c6701,true,dc,rr
1473469,2,false,5,36,a4cc73aa,retired hurt,,false,rr,dc
1473469,2,false,8,52,04a418e8,bowled,2e171977,true,rr,dc
1473469,2,false,13,83,6c19c6e5,caught,8d2c70ad,true,rr,dc
1473469,2,false,17,109,fb2d1dda,lbw,3fb19989,true,rr,dc
1473469,2,false,19,124,bcf325d2,run out,,false,rr,dc
1473469,3,true,0,5,04a418e8,run out,,false,rr,dc
1473469,3,true,0,6,6c19c6e5,run out,,false,rr,dc
1473470,1,false,7,49,f29185a1,caught,dbe50b21,true,srh,mi
1473470,1,false,8,56,752f7486,stumped,9caf69a1,true,srh,mi
1473470,1,false,11,73,12b610c2,caught,9caf69a1,true,srh,mi
1473470,1,false,16,109,aad0c365,caught,a818c1be,true,srh,mi
1473470,1,false,18,118,235c2bb6,bowled,462411b3,true,srh,mi
1473470,2,false,3,23,740742ef,caught,ded9240e,true,mi,srh
1473470,2,false,7,49,e66732f8,caught,f986ca1a,true,mi,srh
1473470,2,false,12,79,271f83cd,caught,ded9240e,true,mi,srh
1473470,2,false,14,90,9caf69a1,caught,ded9240e,true,mi,srh
1473470,2,false,17,108,dbe50b21,caught,5750bcb4,true,mi,srh
1473470,2,false,17,111,fffa744b,lbw,5750bcb4,true,mi,srh
1473471,1,false,0,4,3d284ca3,caught,244048f6,true,rcb,pbks
1473471,1,false,2,16,ba607b88,caught,244048f6,true,rcb,pbks
1473471,1,false,3,24,50c6bc2b,caught,3b53243a,true,rcb,pbks
1473471,1,false,5,35,800d2d97,caught,57ee1fde,true,rcb,pbks
1473471,1,false,6,37,5b8c830e,caught and bowled,81c36ee9,true,rcb,pbks
1473471,1,false,7,46,c740ea83,caught,57ee1fde,true,rcb,pbks
1473471,1,false,8,50,e96801ea,lbw,81c36ee9,true,rcb,pbks
1473471,1,false,11,70,2e81a32d,caught,c05edf8e,true,rcb,pbks
1473471,1,false,11,71,7210d461,lbw,c05edf8e,true,rcb,pbks
1473471,2,false,2,17,9418198b,caught,2e81a32d,true,pbks,rcb
1473471,2,false,3,23,b5797845,caught,03806cf8,true,pbks,rcb
1473471,2,false,7,48,85ec8e33,caught,03806cf8,true,pbks,rcb
1473471,2,false,7,50,989889ff,caught,03806cf8,true,pbks,rcb
1473471,2,false,11,71,26989d80,caught,2e81a32d,true,pbks,rcb
1473472,1,false,1,14,ad3b6e95,caught,12314277,true,dc,gt
1473472,1,false,4,32,b17e2f24,lbw,85e0cf10,true,dc,gt
1473472,1,false,8,54,944533a5,caught,85e0cf10,true,dc,gt
1473472,1,false,14,91,85b3fab2,caught,2f49c897,true,dc,gt
1473472,1,false,17,109,2e171977,caught,85e0cf10,true,dc,gt
1473472,1,false,17,110,5ffc0565,caught,85e0cf10,true,dc,gt
1473472,1,false,18,119,f0af99a7,caught,5bb1a1c4,true,dc,gt
1473472,1,false,19,128,84d9c311,caught,c7a995d3,true,dc,gt
1473472,2,false,1,10,b4b99816,run out,,false,gt,dc
1473472,2,false,7,46,d5130a30,caught,8d2c70ad,true,gt,dc
1473472,2,false,18,118,d014d5ac,caught,2cffab74,true,gt,dc
1473473,1,false,2,14,3d8feaf8,caught,5574750c,true,lsg,rr
1473473,1,false,5,33,3241e3fd,lbw,ce820073,true,lsg,rr
1473473,1,false,7,47,919a3be2,caught,a97c8ec2,true,lsg,rr
1473473,1,false,15,99,6a26221c,caught,a97c8ec2,true,lsg,rr
1473473,1,false,17,109,872b03f7,caught,46a9bea1,true,lsg,rr
1473473,2,false,8,52,470f446b,stumped,6a26221c,true,rr,lsg
1473473,2,false,9,60,fb2d1dda,caught,1abb78f8,true,rr,lsg
1473473,2,false,17,104,6c19c6e5,bowled,eef2536f,true,rr,lsg
1473473,2,false,17,109,04a418e8,lbw,eef2536f,true,rr,lsg
1473473,2,false,19,118,48a1d7b7,caught,eef2536f,true,rr,lsg
1473474,1,false,4,26,b5797845,caught,5b8c830e,true,pbks,rcb
1473474,1,false,6,38,9418198b,caught,5b8c830e,true,pbks,rcb
1473474,1,false,7,47,85ec8e33,caught,c5aef772,true,pbks,rcb
1473474,1,false,8,56,d1a60072,run out,,false,pbks,rcb
1473474,1,false,13,82,989889ff,bowled,9440ef41,true,pbks,rcb
1473474,1,false,13,85,d9273ee7,bowled,9440ef41,true,pbks,rcb
1473474,2,false,0,6,3d284ca3,caught,244048f6,true,rcb,pbks
1473474,2,false,12,76,2c25d4f5,caught,c05edf8e,true,rcb,pbks
1473474,2,false,16,101,c740ea83,caught,57ee1fde,true,rcb,pbks
1473475,1,false,3,19,ba5e1069,caught,d45c29b1,true,csk,mi
1473475,1,false,6,43,b2b4f545,caught,23eeb873,true,csk,mi
1473475,1,false,7,50,cbf58a86,stumped,e4a0deae,true,csk,mi
1473475,1,false,16,102,a4e37e47,caught,462411b3,true,csk,mi
1473475,1,false,18,118,4a8a2e3b,caught,462411b3,true,csk,mi
1473475,2,false,6,45,e66732f8,caught,fe93fd9d,true,mi,csk
1473476,1,false,12,78,d5130a30,caught,bbd41817,true,gt,kkr
1473476,1,false,17,111,b4b99816,caught,7c3b3b78,true,gt,kkr
1473476,1,false,18,115,39a2dfa8,caught,77b1aa15,true,gt,kkr
1473476,2,false,0,5,0bacade8,lbw,2f49c897,true,kkr,gt
1473476,2,false,5,34,9d430b40,caught,5f547c8b,true,kkr,gt
1473476,2,false,11,71,a24be938,caught,c7a995d3,true,kkr,gt
1473476,2,false,12,78,29e95537,stumped,f19ccfad,true,kkr,gt
1473476,2,false,15,100,bbd41817,stumped,5f547c8b,true,kkr,gt
1473476,2,false,16,102,be24ead0,caught and bowled,85e0cf10,true,kkr,gt
1473476,2,false,16,104,bb351c23,caught,85e0cf10,true,kkr,gt
1473476,2,false,19,120,0a509d6b,caught,5bb1a1c4,true,kkr,gt
1473477,1,false,9,60,6a26221c,caught,327b58d3,true,lsg,dc
1473477,1,false,11,68,3241e3fd,bowled,3fb19989,true,lsg,dc
1473477,1,false,13,80,8e514b4c,caught and bowled,2cffab74,true,lsg,dc
1473477,1,false,13,84,3d8feaf8,bowled,2cffab74,true,lsg,dc
1473477,1,false,19,119,872b03f7,bowled,2cffab74,true,lsg,dc
1473477,1,false,19,121,919a3be2,bowled,2cffab74,true,lsg,dc
1473477,2,false,3,24,944533a5,bowled,6a26221c,true,dc,lsg
1473477,2,false,11,73,ad3b6e95,caught,6a26221c,true,dc,lsg
1473478,1,false,1,9,12b610c2,caught,a818c1be,true,srh,mi
1473478,1,false,2,14,752f7486,caught,23eeb873,true,srh,mi
1473478,1,false,3,22,f29185a1,caught,a818c1be,true,srh,mi
1473478,1,false,4,26,aad0c365,caught,23eeb873,true,srh,mi
1473478,1,false,8,52,a3b0600d,caught,dbe50b21,true,srh,mi
1473478,1,false,18,117,235c2bb6,caught,462411b3,true,srh,mi
1473478,1,false,19,121,0890552f,hit wicket,a818c1be,true,srh,mi
1473478,1,false,19,123,ded9240e,bowled,a818c1be,true,srh,mi
1473478,2,false,1,10,e66732f8,caught and bowled,1e66c162,true,mi,srh
1473478,2,false,9,56,9caf69a1,caught,36619795,true,mi,srh
1473478,2,false,14,89,740742ef,caught,5750bcb4,true,mi,srh
1473479,1,false,6,43,3d284ca3,caught,a97c8ec2,true,rcb,rr
1473479,1,false,15,97,ba607b88,caught,5574750c,true,rcb,rr
1473479,1,false,16,104,2c25d4f5,caught,ce820073,true,rcb,rr
1473479,1,false,16,108,c740ea83,caught,ce820073,true,rcb,rr
1473479,1,false,19,130,f1f99156,run out,,false,rcb,rr
1473479,2,false,4,27,470f446b,bowled,2e81a32d,true,rr,rcb
1473479,2,false,5,36,6c19c6e5,caught,03806cf8,true,rr,rcb
1473479,2,false,9,56,04a418e8,caught,5b8c830e,true,rr,rcb
1473479,2,false,13,83,fb2d1dda,caught,5b8c830e,true,rr,rcb
1473479,2,false,16,102,48a1d7b7,caught,03806cf8,true,rr,rcb
1473479,2,false,18,114,bcf325d2,caught,03806cf8,true,rr,rcb
1473479,2,false,18,115,5574750c,caught,03806cf8,true,rr,rcb
1473479,2,false,19,118,6b2ff18f,caught,7210d461,true,rr,rcb
1473479,2,false,19,120,a97c8ec2,run out,,false,rr,rcb
1473480,1,false,0,1,cbf58a86,caught,8cf9814c,true,csk,srh
1473480,1,false,4,28,e94915e6,caught,f986ca1a,true,csk,srh
1473480,1,false,5,34,b2b4f545,caught,ded9240e,true,csk,srh
1473480,1,false,9,58,fe93fd9d,bowled,08548b13,true,csk,srh
1473480,1,false,12,78,844e79d1,caught,f986ca1a,true,csk,srh
1473480,1,false,13,84,a4e37e47,caught,1e66c162,true,csk,srh
1473480,1,false,16,100,4a8a2e3b,caught,f986ca1a,true,csk,srh
1473480,1,false,17,106,fcc21ace,caught,ded9240e,true,csk,srh
1473480,1,false,18,110,efc04be7,caught,f986ca1a,true,csk,srh
1473480,1,false,19,123,73ad96ed,caught,1e66c162,true,csk,srh
1473480,2,false,0,2,f29185a1,caught,a2f46292,true,srh,csk
1473480,2,false,5,34,12b610c2,bowled,fcc21ace,true,srh,csk
1473480,2,false,8,50,235c2bb6,caught,fe93fd9d,true,srh,csk
1473480,2,false,11,73,752f7486,caught,efc04be7,true,srh,csk
1473480,2,false,13,87,a3b0600d,caught,efc04be7,true,srh,csk
1473481,1,false,11,74,b5797845,caught,bbd41817,true,pbks,kkr
1473481,1,false,14,90,9418198b,caught,7c3b3b78,true,pbks,kkr
1473481,1,false,16,103,b681e71e,bowled,5b7ab5a9,true,pbks,kkr
1473481,1,false,18,114,81c36ee9,caught,7c3b3b78,true,pbks,kkr
1473482,1,false,2,19,740742ef,caught,b1ad996b,true,mi,lsg
1473482,1,false,8,54,e66732f8,caught,13fc5c6d,true,mi,lsg
1473482,1,false,11,71,9caf69a1,bowled,80b2fb19,true,mi,lsg
1473482,1,false,12,80,b0482a1d,caught,df064e1a,true,mi,lsg
1473482,1,false,15,94,dbe50b21,bowled,b1ad996b,true,mi,lsg
1473482,1,false,17,110,271f83cd,caught,eef2536f,true,mi,lsg
1473482,1,false,19,123,172dff15,caught,eef2536f,true,mi,lsg
1473482,2,false,2,17,6a26221c,caught,462411b3,true,lsg,mi
1473482,2,false,6,40,3241e3fd,caught,9caf69a1,true,lsg,mi
1473482,2,false,6,42,919a3be2,caught,9caf69a1,true,lsg,mi
1473482,2,false,11,71,3d8feaf8,caught,a818c1be,true,lsg,mi
1473482,2,false,14,90,872b03f7,caught,a818c1be,true,lsg,mi
1473482,2,false,15,96,d67d5f00,caught,462411b3,true,lsg,mi
1473482,2,false,15,99,8e514b4c,bowled,462411b3,true,lsg,mi
1473482,2,false,15,100,eef2536f,bowled,462411b3,true,lsg,mi
1473482,2,false,18,118,df064e1a,bowled,172dff15,true,lsg,mi
1473482,2,false,19,126,13fc5c6d,bowled,a818c1be,true,lsg,mi
1473483,1,false,3,22,ad3b6e95,caught,03806cf8,true,dc,rcb
1473483,1,false,4,30,944533a5,caught,7210d461,true,dc,rcb
1473483,1,false,9,61,3355b542,caught,5b8c830e,true,dc,rcb
1473483,1,false,13,84,2e171977,bowled,03806cf8,true,dc,rcb
1473483,1,false,16,100,b17e2f24,caught,2e81a32d,true,dc,rcb
1473483,1,false,16,103,84d9c311,bowled,2e81a32d,true,dc,rcb
1473483,1,false,19,119,5ffc0565,run out,,false,dc,rcb
1473483,1,false,19,122,85b3fab2,caught,2e81a32d,true,dc,rcb
1473483,2,false,2,14,3c55c703,caught,2e171977,true,rcb,dc
1473483,2,false,2,16,2c25d4f5,bowled,2e171977,true,rcb,dc
1473483,2,false,3,24,c740ea83,run out,,false,rcb,dc
1473483,2,false,17,110,ba607b88,caught,327b58d3,true,rcb,dc
1473484,1,false,10,63,d5130a30,caught,f24c6701,true,gt,rr
1473484,1,false,16,106,b4b99816,caught,f24c6701,true,gt,rr
1473484,1,false,18,120,f19ccfad,caught,ce820073,true,gt,rr
1473484,1,false,19,124,39a2dfa8,lbw,5574750c,true,gt,rr
1473484,2,false,11,75,470f446b,bowled,85e0cf10,true,rr,gt
1473484,2,false,12,79,fb2d1dda,lbw,5f547c8b,true,rr,gt
1473485,1,false,2,20,0bacade8,caught,3fb19989,true,kkr,dc
1473485,1,false,6,44,9d430b40,lbw,5ffc0565,true,kkr,dc
1473485,1,false,7,48,29e95537,lbw,2e171977,true,kkr,dc
1473485,1,false,9,60,a24be938,caught,2e171977,true,kkr,dc
1473485,1,false,16,108,d7017798,caught,327b58d3,true,kkr,dc
1473485,1,false,17,113,0a509d6b,caught,5ffc0565,true,kkr,dc
1473485,1,false,19,129,650d5e49,lbw,3fb19989,true,kkr,dc
1473485,1,false,19,130,e4cdf230,caught,3fb19989,true,kkr,dc
1473485,1,false,19,131,bbd41817,run out,,false,kkr,dc
1473485,2,false,0,2,ad3b6e95,caught,e4cdf230,true,dc,kkr
1473485,2,false,4,28,944533a5,lbw,7c3b3b78,true,dc,kkr
1473485,2,false,6,40,b17e2f24,run out,,false,dc,kkr
1473485,2,false,13,84,2e171977,caught,9d430b40,true,dc,kkr
1473485,2,false,13,88,85b3fab2,bowled,9d430b40,true,dc,kkr
1473485,2,false,15,97,3355b542,caught,9d430b40,true,dc,kkr
1473485,2,false,17,109,84d9c311,caught,5b7ab5a9,true,dc,kkr
1473485,2,false,17,110,3fb19989,caught,5b7ab5a9,true,dc,kkr
1473485,2,false,19,124,5ffc0565,bowled,bbd41817,true,dc,kkr
1473486,1,false,2,20,cbf58a86,caught,244048f6,true,csk,pbks
1473486,1,false,3,23,b2b4f545,caught,81c36ee9,true,csk,pbks
1473486,1,false,5,39,fe93fd9d,caught,c05edf8e,true,csk,pbks
1473486,1,false,14,92,844e79d1,bowled,8f6dd463,true,csk,pbks
1473486,1,false,17,117,e94915e6,caught,81c36ee9,true,csk,pbks
1473486,1,false,18,122,4a8a2e3b,caught,57ee1fde,true,csk,pbks
1473486,1,false,18,124,73ad96ed,caught,57ee1fde,true,csk,pbks
1473486,1,false,18,125,fcc21ace,bowled,57ee1fde,true,csk,pbks
1473486,1,false,18,126,efc04be7,caught,57ee1fde,true,csk,pbks
1473486,1,false,19,128,a4e37e47,caught,244048f6,true,csk,pbks
1473486,2,false,4,28,b5797845,caught,a2f46292,true,pbks,csk
1473486,2,false,12,79,9418198b,caught,efc04be7,true,pbks,csk
1473486,2,false,14,88,d1a60072,caught,64839cb3,true,pbks,csk
1473486,2,false,17,107,26989d80,caught,fe93fd9d,true,pbks,csk
1473486,2,false,18,114,85ec8e33,bowled,64839cb3,true,pbks,csk
1473486,2,false,19,119,970ddd24,caught,a2f46292,true,pbks,csk
1473487,1,false,11,74,e66732f8,bowled,f24c6701,true,mi,rr
1473487,1,false,12,80,740742ef,caught,04a418e8,true,mi,rr
1473487,2,false,0,4,470f446b,caught,23eeb873,true,rr,mi
1473487,2,false,1,11,6c19c6e5,bowled,a818c1be,true,rr,mi
1473487,2,false,3,27,fb2d1dda,caught,a818c1be,true,rr,mi
1473487,2,false,4,31,04a418e8,caught,462411b3,true,rr,mi
1473487,2,false,4,32,48a1d7b7,caught,462411b3,true,rr,mi
1473487,2,false,7,46,6b2ff18f,caught,dbe50b21,true,rr,mi
1473487,2,false,8,57,bcf325d2,caught and bowled,119678fd,true,rr,mi
1473487,2,false,11,70,f24c6701,caught,119678fd,true,rr,mi
1473487,2,false,11,74,f6d8a7ab,caught,119678fd,true,rr,mi
1473487,2,false,16,100,5574750c,caught,a818c1be,true,rr,mi
1473488,1,false,6,42,d5130a30,caught,36619795,true,gt,srh
1473488,1,false,12,79,b4b99816,run out,,false,gt,srh
1473488,1,false,18,115,99b75528,caught,ded9240e,true,gt,srh
1473488,1,false,19,119,f19ccfad,caught,1e66c162,true,gt,srh
1473488,1,false,19,122,39a2dfa8,caught,1e66c162,true,gt,srh
1473488,1,false,19,123,5f547c8b,caught and bowled,1e66c162,true,gt,srh
1473488,2,false,4,30,12b610c2,caught,85e0cf10,true,srh,gt
1473488,2,false,9,62,752f7486,caught,3204c99f,true,srh,gt
1473488,2,false,14,96,f29185a1,caught,5bb1a1c4,true,srh,gt
1473488,2,false,15,99,235c2bb6,caught,85e0cf10,true,srh,gt
1473488,2,false,16,106,a3b0600d,caught,2f49c897,true,srh,gt
1473488,2,false,16,107,08548b13,caught,2f49c897,true,srh,gt
1473489,1,false,9,59,3c55c703,caught,64839cb3,true,rcb,csk
1473489,1,false,11,72,ba607b88,caught,e94915e6,true,rcb,csk
1473489,1,false,15,92,2c25d4f5,caught,64839cb3,true,rcb,csk
1473489,1,false,16,103,800d2d97,caught,efc04be7,true,rcb,csk
1473489,1,false,17,109,c740ea83,caught,64839cb3,true,rcb,csk
1473489,2,false,4,27,cbf58a86,caught,5b8c830e,true,csk,rcb
1473489,2,false,5,34,e94915e6,caught,f834dcfc,true,csk,rcb
1473489,2,false,16,98,b2b4f545,caught,f834dcfc,true,csk,rcb
1473489,2,false,16,99,844e79d1,lbw,f834dcfc,true,csk,rcb
1473489,2,false,19,117,4a8a2e3b,lbw,7210d461,true,csk,rcb
1473490,1,false,1,13,9d430b40,bowled,4885bbe6,true,kkr,rr
1473490,1,false,7,47,0bacade8,caught,f24c6701,true,kkr,rr
1473490,1,false,12,80,29e95537,caught,04a418e8,true,kkr,rr
1473490,1,false,18,113,d7017798,caught,5574750c,true,kkr,rr
1473490,2,false,0,4,470f446b,caught,7c3b3b78,true,rr,kkr
1473490,2,false,1,11,e3851766,caught,bb351c23,true,rr,kkr
1473490,2,false,6,44,6c19c6e5,caught,bb351c23,true,rr,kkr
1473490,2,false,7,47,bcf325d2,bowled,5b7ab5a9,true,rr,kkr
1473490,2,false,7,49,a97c8ec2,bowled,5b7ab5a9,true,rr,kkr
1473490,2,false,15,99,48a1d7b7,caught,77b1aa15,true,rr,kkr
1473490,2,false,17,111,04a418e8,caught,77b1aa15,true,rr,kkr
1473490,2,false,19,125,5574750c,run out,,false,rr,kkr
1473491,1,false,0,5,b5797845,caught,b483905d,true,pbks,lsg
1473491,1,false,4,27,989889ff,caught,b483905d,true,pbks,lsg
1473491,1,false,12,76,85ec8e33,caught,13fc5c6d,true,pbks,lsg
1473491,1,false,15,95,d1a60072,bowled,80b2fb19,true,pbks,lsg
1473491,1,false,18,118,9418198b,caught,13fc5c6d,true,pbks,lsg
1473491,2,false,2,14,3d8feaf8,caught,244048f6,true,lsg,pbks
1473491,2,false,2,17,6a26221c,bowled,244048f6,true,lsg,pbks
1473491,2,false,4,26,3241e3fd,lbw,244048f6,true,lsg,pbks
1473491,2,false,7,50,919a3be2,caught,8f6dd463,true,lsg,pbks
1473491,2,false,9,63,d67d5f00,caught,8f6dd463,true,lsg,pbks
1473491,2,false,16,108,8e514b4c,caught and bowled,81c36ee9,true,lsg,pbks
1473491,2,false,19,123,872b03f7,caught,57ee1fde,true,lsg,pbks
1473492,1,false,0,1,944533a5,caught,ded9240e,true,dc,srh
1473492,1,false,2,14,3355b542,caught,ded9240e,true,dc,srh
1473492,1,false,4,26,ad3b6e95,caught,ded9240e,true,dc,srh
1473492,1,false,5,36,2e171977,caught,f986ca1a,true,dc,srh
1473492,1,false,7,44,b17e2f24,caught,1e66c162,true,dc,srh
1473492,1,false,12,74,5ffc0565,run out,,false,dc,srh
1473492,1,false,19,121,84d9c311,caught,5750bcb4,true,dc,srh
1473493,1,false,0,2,e66732f8,caught,2f49c897,true,mi,gt
1473493,1,false,3,21,740742ef,caught,12314277,true,mi,gt
1473493,1,false,10,64,271f83cd,caught,c7a995d3,true,mi,gt
1473493,1,false,11,70,9caf69a1,caught,5f547c8b,true,mi,gt
1473493,1,false,12,75,dbe50b21,caught,c7a995d3,true,mi,gt
1473493,1,false,13,84,b0482a1d,caught,3204c99f,true,mi,gt
1473493,1,false,16,99,fffa744b,caught,85e0cf10,true,mi,gt
1473493,1,false,19,119,172dff15,run out,,false,mi,gt
1473493,2,false,1,9,d5130a30,caught,a818c1be,true,gt,mi
1473493,2,false,11,76,99b75528,caught,d45c29b1,true,gt,mi
1473493,2,false,14,97,b4b99816,bowled,462411b3,true,gt,mi
1473493,2,false,15,101,d014d5ac,lbw,a818c1be,true,gt,mi
1473493,2,false,16,108,7dcb9bc9,bowled,462411b3,true,gt,mi
1473493,2,false,17,112,5f547c8b,lbw,d45c29b1,true,gt,mi
1473493,2,false,18,122,3204c99f,caught,23eeb873,true,gt,mi
1473494,1,false,1,9,0bacade8,caught,fcc21ace,true,kkr,csk
1473494,1,false,7,44,9d430b40,stumped,efc04be7,true,kkr,csk
1473494,1,false,7,47,d7017798,caught,efc04be7,true,kkr,csk
1473494,1,false,12,75,29e95537,caught,fe93fd9d,true,kkr,csk
1473494,1,false,16,103,bbd41817,caught,efc04be7,true,kkr,csk
1473494,1,false,18,112,0a509d6b,caught,efc04be7,true,kkr,csk
1473494,2,false,0,2,b2b4f545,caught,7c3b3b78,true,csk,kkr
1473494,2,false,1,12,df5a6881,bowled,bb351c23,true,csk,kkr
1473494,2,false,2,19,cf59b3f0,caught,77b1aa15,true,csk,kkr
1473494,2,false,4,31,495d42a5,caught,77b1aa15,true,csk,kkr
1473494,2,false,5,33,fe93fd9d,bowled,5b7ab5a9,true,csk,kkr
1473494,2,false,12,75,844e79d1,caught,5b7ab5a9,true,csk,kkr
1473494,2,false,18,116,a4e37e47,caught,7c3b3b78,true,csk,kkr
1473494,2,false,18,118,efc04be7,caught,7c3b3b78,true,csk,kkr
1473495,1,false,10,63,b5797845,caught,ce794613,true,pbks,dc
1473497,1,false,1,11,b5797845,caught,46a9bea1,true,pbks,rr
1473497,1,false,2,18,f2c936d7,caught,107c26fb,true,pbks,rr
1473497,1,false,3,19,9418198b,caught,46a9bea1,true,pbks,rr
1473497,1,false,10,63,85ec8e33,caught,04a418e8,true,pbks,rr
1473497,1,false,15,98,d1a60072,caught,4bd09374,true,pbks,rr
1473497,2,false,4,30,470f446b,caught,c05edf8e,true,rr,pbks
1473497,2,false,8,53,6c19c6e5,caught,c05edf8e,true,rr,pbks
1473497,2,false,10,63,a4cc73aa,caught,8f6dd463,true,rr,pbks
1473497,2,false,13,81,04a418e8,bowled,c05edf8e,true,rr,pbks
1473497,2,false,17,106,48a1d7b7,caught,8f6dd463,true,rr,pbks
1473497,2,false,19,119,bcf325d2,caught,81c36ee9,true,rr,pbks
1473497,2,false,19,120,a97c8ec2,caught,81c36ee9,true,rr,pbks
1473498,1,false,3,22,3355b542,caught,12314277,true,dc,gt
1473498,1,false,11,76,ad3b6e95,caught,c7a995d3,true,dc,gt
1473498,1,false,16,102,2e171977,caught,85e0cf10,true,dc,gt
1473499,1,false,10,66,3d8feaf8,caught,25228673,true,lsg,srh
1473499,1,false,11,75,919a3be2,caught and bowled,5750bcb4,true,lsg,srh
1473499,1,false,15,99,6a26221c,bowled,f986ca1a,true,lsg,srh
1473499,1,false,17,111,872b03f7,caught,5750bcb4,true,lsg,srh
1473499,1,false,19,127,3241e3fd,run out,,false,lsg,srh
1473499,1,false,19,129,1abb78f8,run out,,false,lsg,srh
1473499,1,false,19,130,8e514b4c,bowled,aad0c365,true,lsg,srh
1473499,2,false,1,12,1ac746c8,caught,cb9b8664,true,srh,lsg
1473499,2,false,7,52,f29185a1,caught,13fc5c6d,true,srh,lsg
1473499,2,false,11,76,752f7486,bowled,13fc5c6d,true,srh,lsg
1473499,2,false,17,114,235c2bb6,caught,1abb78f8,true,srh,lsg
1473499,2,false,17,116,08548b13,retired hurt,,false,srh,lsg
1473500,1,false,1,10,df5a6881,caught,4885bbe6,true,csk,rr
1473500,1,false,1,12,cf59b3f0,caught,4885bbe6,true,csk,rr
1473500,1,false,5,36,b2b4f545,caught,46a9bea1,true,csk,rr
1473500,1,false,6,40,495d42a5,caught,a97c8ec2,true,csk,rr
1473500,1,false,7,47,fe93fd9d,caught,4885bbe6,true,csk,rr
1473500,1,false,13,87,844e79d1,bowled,4bd09374,true,csk,rr
1473500,1,false,19,124,a4e37e47,caught,4bd09374,true,csk,rr
1473500,1,false,19,128,4a8a2e3b,caught,4bd09374,true,csk,rr
1473500,2,false,3,22,6c19c6e5,bowled,fcc21ace,true,rr,csk
1473500,2,false,13,82,a4cc73aa,caught,495d42a5,true,rr,csk
1473500,2,false,13,86,470f446b,caught,495d42a5,true,rr,csk
1473500,2,false,15,97,04a418e8,bowled,efc04be7,true,rr,csk
1473501,1,false,2,14,740742ef,caught,0a8fce53,true,mi,dc
1473501,1,false,5,33,9caf69a1,caught,2cffab74,true,mi,dc
1473501,1,false,6,40,e66732f8,caught,8d2c70ad,true,mi,dc
1473501,1,false,14,90,b0482a1d,caught,2cffab74,true,mi,dc
1473501,1,false,16,100,dbe50b21,caught,327b58d3,true,mi,dc
1473501,2,false,1,10,3355b542,caught,23eeb873,true,dc,mi
1473501,2,false,2,16,b17e2f24,caught,a818c1be,true,dc,mi
1473501,2,false,4,26,ad3b6e95,stumped,9caf69a1,true,dc,mi
1473501,2,false,7,49,5ffc0565,caught and bowled,e4a0deae,true,dc,mi
1473501,2,false,9,57,85b3fab2,lbw,462411b3,true,dc,mi
1473501,2,false,14,87,f89d3b11,bowled,e4a0deae,true,dc,mi
1473501,2,false,14,90,84d9c311,stumped,e4a0deae,true,dc,mi
1473501,2,false,15,94,fb5f69e4,bowled,462411b3,true,dc,mi
1473501,2,false,17,109,8d2c70ad,caught,119678fd,true,dc,mi
1473501,2,false,18,111,0a8fce53,bowled,462411b3,true,dc,mi
1473502,1,false,9,61,6a26221c,caught,c7a995d3,true,lsg,gt
1473502,1,false,18,117,3d8feaf8,caught,12314277,true,lsg,gt
1473502,2,false,4,29,d5130a30,caught,cb9b8664,true,gt,lsg
1473502,2,false,7,51,b4b99816,caught,eef2536f,true,gt,lsg
1473502,2,false,9,60,99b75528,bowled,b483905d,true,gt,lsg
1473502,2,false,16,102,d014d5ac,caught,cb9b8664,true,gt,lsg
1473502,2,false,16,107,39a2dfa8,caught,cb9b8664,true,gt,lsg
1473502,2,false,17,115,12314277,caught,f9e6e7ef,true,gt,lsg
1473502,2,false,18,120,7dcb9bc9,caught,eef2536f,true,gt,lsg
1473502,2,false,19,124,e62dd25d,bowled,872b03f7,true,gt,lsg
1473502,2,false,19,127,c7a995d3,bowled,872b03f7,true,gt,lsg
1473503,1,false,3,25,f29185a1,caught,f834dcfc,true,srh,rcb
1473503,1,false,4,27,12b610c2,caught,2e81a32d,true,srh,rcb
1473503,1,false,8,54,235c2bb6,caught,9440ef41,true,srh,rcb
1473503,1,false,11,71,a3b0600d,caught,5b8c830e,true,srh,rcb
1473503,1,false,14,87,aad0c365,caught,c5aef772,true,srh,rcb
1473503,1,false,16,105,0890552f,caught,c5aef772,true,srh,rcb
1473503,2,false,6,45,ba607b88,caught,25228673,true,rcb,srh
1473503,2,false,10,67,00ea847a,caught,aad0c365,true,rcb,srh
1473503,2,false,11,72,3d284ca3,caught,ded9240e,true,rcb,srh
1473503,2,false,15,99,c740ea83,run out,,false,rcb,srh
1473503,2,false,15,101,c5aef772,caught and bowled,5750bcb4,true,rcb,srh
1473503,2,false,16,103,800d2d97,caught,1e66c162,true,rcb,srh
1473503,2,false,17,111,f1f99156,caught,5750bcb4,true,rcb,srh
1473503,2,false,18,114,2e81a32d,bowled,ded9240e,true,rcb,srh
1473503,2,false,18,117,5b8c830e,hit wicket,ded9240e,true,rcb,srh
1473503,2,false,19,124,7210d461,caught,f986ca1a,true,rcb,srh
1473504,1,false,3,23,b2b4f545,caught,85e0cf10,true,csk,gt
1473504,1,false,9,60,cf59b3f0,caught,c7a995d3,true,csk,gt
1473504,1,false,12,79,a4e37e47,caught,7dcb9bc9,true,csk,gt
1473504,1,false,13,85,df5a6881,bowled,5f547c8b,true,csk,gt
1473504,1,false,19,125,844e79d1,caught,85e0cf10,true,csk,gt
1473504,2,false,2,16,b4b99816,caught,fcc21ace,true,gt,csk
1473504,2,false,3,23,99b75528,caught,a2f46292,true,gt,csk
1473504,2,false,4,28,d014d5ac,caught,fcc21ace,true,gt,csk
1473504,2,false,10,63,7dcb9bc9,caught,fe93fd9d,true,gt,csk
1473504,2,false,10,66,d5130a30,caught,fe93fd9d,true,gt,csk
1473504,2,false,12,80,5f547c8b,caught,efc04be7,true,gt,csk
1473504,2,false,13,85,3204c99f,bowled,64839cb3,true,gt,csk
1473504,2,false,15,97,39a2dfa8,caught,efc04be7,true,gt,csk
1473504,2,false,17,110,12314277,bowled,efc04be7,true,gt,csk
1473504,2,false,18,117,c7a995d3,caught,fcc21ace,true,gt,csk
1473505,1,false,6,43,f29185a1,caught,9d430b40,true,srh,kkr
1473505,1,false,12,80,12b610c2,caught,9d430b40,true,srh,kkr
1473505,1,false,18,122,752f7486,caught,7c3b3b78,true,srh,kkr
1473505,2,false,3,22,9d430b40,bowled,1e66c162,true,kkr,srh
1473505,2,false,5,34,29e95537,caught,1e66c162,true,kkr,srh
1473505,2,false,6,42,372455c4,caught,5750bcb4,true,kkr,srh
1473505,2,false,7,48,0a509d6b,caught,25228673,true,kkr,srh
1473505,2,false,7,49,bbd41817,lbw,25228673,true,kkr,srh
1473505,2,false,12,76,d7017798,caught,5750bcb4,true,kkr,srh
1473505,2,false,13,85,be24ead0,bowled,25228673,true,kkr,srh
1473505,2,false,17,108,93b4fc78,caught,1e66c162,true,kkr,srh
1473505,2,false,17,109,7c3b3b78,run out,,false,kkr,srh
1473505,2,false,18,116,77b1aa15,caught and bowled,5750bcb4,true,kkr,srh
1473506,1,false,5,33,e66732f8,caught,81c36ee9,true,mi,pbks
1473506,1,false,9,60,740742ef,caught,c05edf8e,true,mi,pbks
1473506,1,false,10,69,b0482a1d,caught,54e52590,true,mi,pbks
1473506,1,false,12,80,9caf69a1,caught,54e52590,true,mi,pbks
1473506,1,false,16,105,dbe50b21,caught,81c36ee9,true,mi,pbks
1473506,1,false,19,122,fffa744b,caught,244048f6,true,mi,pbks
1473506,1,false,19,127,271f83cd,lbw,244048f6,true,mi,pbks
1473506,2,false,4,27,9418198b,caught,462411b3,true,pbks,mi
1473506,2,false,14,90,b5797845,caught,e4a0deae,true,pbks,mi
1473506,2,false,17,112,989889ff,lbw,e4a0deae,true,pbks,mi
1473507,1,false,2,16,35f173a0,bowled,ee1b6c27,true,lsg,rcb
1473507,1,false,15,99,3d8feaf8,caught,2e81a32d,true,lsg,rcb
1473507,1,false,19,126,3241e3fd,caught,c5aef772,true,lsg,rcb
1473507,2,false,5,36,3d284ca3,caught,b483905d,true,rcb,lsg
1473507,2,false,7,50,c740ea83,caught,cb9b8664,true,rcb,lsg
1473507,2,false,7,51,50c6bc2b,lbw,cb9b8664,true,rcb,lsg
1473507,2,false,11,71,ba607b88,caught,eef2536f,true,rcb,lsg
1473508,1,false,1,8,b5797845,caught,7210d461,true,pbks,rcb
1473508,1,false,2,18,9418198b,caught,2e81a32d,true,pbks,rcb
1473508,1,false,3,22,85ec8e33,caught,03806cf8,true,pbks,rcb
1473508,1,false,5,32,989889ff,caught,03806cf8,true,pbks,rcb
1473508,1,false,6,40,d1a60072,bowled,7210d461,true,pbks,rcb
1473508,1,false,8,51,26989d80,bowled,9440ef41,true,pbks,rcb
1473508,1,false,8,54,d621b427,lbw,9440ef41,true,pbks,rcb
1473508,1,false,10,65,d9273ee7,bowled,9440ef41,true,pbks,rcb
1473508,1,false,13,83,c05edf8e,bowled,c5aef772,true,pbks,rcb
1473508,1,false,14,87,8f6dd463,caught,03806cf8,true,pbks,rcb
1473508,2,false,3,20,ba607b88,caught,68c56d09,true,rcb,pbks
1473508,2,false,7,47,00ea847a,caught,d621b427,true,rcb,pbks
1473509,1,false,7,44,abb83e27,caught,c7a995d3,true,mi,gt
1473509,1,false,12,78,271f83cd,caught,c7a995d3,true,mi,gt
1473509,1,false,16,100,740742ef,caught,85e0cf10,true,mi,gt
1473509,1,false,17,104,b0482a1d,caught,2f49c897,true,mi,gt
1473509,1,false,18,113,fffa744b,caught,85e0cf10,true,mi,gt
1473509,2,false,0,4,b4b99816,lbw,a818c1be,true,gt,mi
1473509,2,false,6,40,5d1e7582,hit wicket,e4a0deae,true,gt,mi
1473509,2,false,13,85,f19ccfad,bowled,462411b3,true,gt,mi
1473509,2,false,15,97,d5130a30,bowled,402f8494,true,gt,mi
1473509,2,false,18,113,d014d5ac,caught,a818c1be,true,gt,mi
1473509,2,false,19,122,7dcb9bc9,caught,d45c29b1,true,gt,mi
1473510,1,false,2,15,740742ef,caught,d9273ee7,true,mi,pbks
1473510,1,false,6,47,abb83e27,caught,54e52590,true,mi,pbks
1473510,1,false,13,89,271f83cd,caught,57ee1fde,true,mi,pbks
1473510,1,false,14,91,b0482a1d,caught,68c56d09,true,mi,pbks
1473510,1,false,17,114,dbe50b21,caught,8f6dd463,true,mi,pbks
1473510,1,false,19,123,fffa744b,caught,8f6dd463,true,mi,pbks
1473510,2,false,2,13,9418198b,caught,a818c1be,true,pbks,mi
1473510,2,false,5,31,b5797845,caught,d45c29b1,true,pbks,mi
1473510,2,false,7,47,989889ff,caught,dbe50b21,true,pbks,mi
1473510,2,false,15,96,d1a60072,caught,d45c29b1,true,pbks,mi
1473510,2,false,16,102,26989d80,run out,,false,pbks,mi
1473511,1,false,1,11,3d284ca3,caught,68c56d09,true,rcb,pbks
1473511,1,false,6,40,00ea847a,caught,57ee1fde,true,rcb,pbks
1473511,1,false,10,67,c740ea83,lbw,68c56d09,true,rcb,pbks
1473511,1,false,14,95,ba607b88,caught and bowled,8f6dd463,true,rcb,pbks
1473511,1,false,16,110,50c6bc2b,lbw,68c56d09,true,rcb,pbks
1473511,1,false,17,115,800d2d97,bowled,54e52590,true,rcb,pbks
1473511,1,false,19,125,c5aef772,lbw,244048f6,true,rcb,pbks
1473511,1,false,19,127,5b8c830e,caught,244048f6,true,rcb,pbks
1473511,1,false,19,129,2e81a32d,caught,244048f6,true,rcb,pbks
1473511,2,false,4,31,b5797845,caught,03806cf8,true,pbks,rcb
1473511,2,false,8,52,9418198b,caught,5b8c830e,true,pbks,rcb
1473511,2,false,9,59,85ec8e33,caught,c5aef772,true,pbks,rcb
1473511,2,false,12,75,989889ff,caught,5b8c830e,true,pbks,rcb
1473511,2,false,16,101,d1a60072,caught,2e81a32d,true,pbks,rcb
1473511,2,false,16,103,d9273ee7,caught,2e81a32d,true,pbks,rcb
1473511,2,false,17,107,8f6dd463,caught,7210d461,true,pbks,rcb
1485779,1,false,1,12,b5797845,caught,0a8fce53,true,pbks,dc
1485779,1,false,5,34,989889ff,stumped,5ffc0565,true,pbks,dc
1485779,1,false,7,50,9418198b,bowled,5ffc0565,true,pbks,dc
1485779,1,false,12,78,d1a60072,caught,2cffab74,true,pbks,dc
1485779,1,false,15,98,26989d80,caught,0a8fce53,true,pbks,dc
1485779,1,false,17,111,85ec8e33,caught,8d2c70ad,true,pbks,dc
1485779,1,false,17,115,8f6dd463,caught,8d2c70ad,true,pbks,dc
1485779,1,false,19,125,81c36ee9,caught,0a8fce53,true,pbks,dc
1485779,2,false,5,33,b17e2f24,caught,81c36ee9,true,dc,pbks
1485779,2,false,6,40,3355b542,caught,c05edf8e,true,dc,pbks
1485779,2,false,10,61,3c28853f,caught,ed5a5510,true,dc,pbks
1485779,2,false,14,93,944533a5,bowled,c05edf8e,true,dc,pbks
1527674,1,false,2,16,f29185a1,caught,dadbdb68,true,srh,rcb
1527674,1,false,2,21,12b610c2,caught,dadbdb68,true,srh,rcb
1527674,1,false,4,29,aad0c365,caught,dadbdb68,true,srh,rcb
1527674,1,false,13,82,235c2bb6,caught,c5aef772,true,srh,rcb
1527674,1,false,14,90,d7423da1,caught,9440ef41,true,srh,rcb
1527674,1,false,15,99,752f7486,caught,82c10dac,true,srh,rcb
1527674,1,false,16,106,25228673,caught,c5aef772,true,srh,rcb
1527674,1,false,17,111,f986ca1a,caught,2e81a32d,true,srh,rcb
1527674,1,false,18,118,a3b0600d,caught,c5aef772,true,srh,rcb
1527674,2,false,1,7,3d284ca3,caught,1e66c162,true,rcb,srh
1527674,2,false,8,52,2c25d4f5,caught,25228673,true,rcb,srh
1527674,2,false,12,79,c740ea83,caught,6c79c098,true,rcb,srh
1527674,2,false,12,80,800d2d97,caught,6c79c098,true,rcb,srh
1527675,1,false,5,35,bf74b130,caught,1abb78f8,true,kkr,mi
1527675,1,false,8,57,eaa76d3c,caught,1abb78f8,true,kkr,mi
1527675,1,false,13,85,29e95537,caught,1abb78f8,true,kkr,mi
1527675,1,false,18,117,d7017798,caught,dbe50b21,true,kkr,mi
1527675,2,false,11,73,740742ef,caught,7c3b3b78,true,mi,kkr
1527675,2,false,14,90,271f83cd,caught,5d2eea49,true,mi,kkr
1527675,2,false,15,96,e66732f8,run out,,false,mi,kkr
1527675,2,false,18,116,b0482a1d,caught,9d430b40,true,mi,kkr
1527676,1,false,1,13,a4cc73aa,bowled,465aa633,true,csk,rr
1527676,1,false,2,20,45a43fe2,bowled,5574750c,true,csk,rr
1527676,1,false,3,21,b2b4f545,caught,465aa633,true,csk,rr
1527676,1,false,5,37,a90e53ec,caught,ce820073,true,csk,rr
1527676,1,false,7,48,f088b960,lbw,fe93fd9d,true,csk,rr
1527676,1,false,7,52,a4e37e47,caught,fe93fd9d,true,csk,rr
1527676,1,false,10,68,7b679de5,lbw,133bbd61,true,csk,rr
1527676,1,false,12,82,efc04be7,caught,5574750c,true,csk,rr
1527676,1,false,15,99,e84ac20c,caught and bowled,df064e1a,true,csk,rr
1527676,1,false,19,125,59559bc2,run out,,false,csk,rr
1527676,2,false,6,38,470f446b,caught,fcc21ace,true,rr,csk
1527676,2,false,8,51,bcf325d2,bowled,fcc21ace,true,rr,csk
1527677,1,false,3,24,d5130a30,caught,81c36ee9,true,gt,pbks
1527677,1,false,9,60,b4b99816,caught,57ee1fde,true,gt,pbks
1527677,1,false,13,87,9a46c4e5,caught,54e52590,true,gt,pbks
1527677,1,false,15,98,99b75528,caught,57ee1fde,true,gt,pbks
1527677,1,false,18,114,f19ccfad,caught,54e52590,true,gt,pbks
1527677,1,false,18,120,7dcb9bc9,caught,54e52590,true,gt,pbks
1527677,2,false,1,8,b5797845,caught,e62dd25d,true,pbks,gt
1527677,2,false,9,58,9418198b,caught,5f547c8b,true,pbks,gt
1527677,2,false,12,74,85ec8e33,caught,85e0cf10,true,pbks,gt
1527677,2,false,13,80,d1a60072,caught,f19ccfad,true,pbks,gt
1527677,2,false,14,87,26989d80,caught,85e0cf10,true,pbks,gt
1527677,2,false,14,89,d9273ee7,caught,85e0cf10,true,pbks,gt
1527677,2,false,17,110,81c36ee9,caught,50c09020,true,pbks,gt
1527678,1,false,2,19,919a3be2,run out,,false,lsg,dc
1527678,1,false,5,37,6a26221c,bowled,2e171977,true,lsg,dc
1527678,1,false,6,41,872b03f7,caught,ce794613,true,lsg,dc
1527678,1,false,8,55,3241e3fd,bowled,f834dcfc,true,lsg,dc
1527678,1,false,9,59,3d8feaf8,caught,8d2c70ad,true,lsg,dc
1527678,1,false,13,81,1c84109e,caught and bowled,8d2c70ad,true,lsg,dc
1527678,1,false,17,107,8e514b4c,caught,ce794613,true,lsg,dc
1527678,1,false,17,110,8cf9814c,caught,ce794613,true,lsg,dc
1527678,1,false,18,113,acdc62f5,caught,f834dcfc,true,lsg,dc
1527678,1,false,18,114,c33d8116,caught,f834dcfc,true,lsg,dc
1527678,2,false,0,1,b17e2f24,caught,8cf9814c,true,dc,lsg
1527678,2,false,3,25,fb2d1dda,caught,c33d8116,true,dc,lsg
1527678,2,false,4,32,8ee36b18,caught,80b2fb19,true,dc,lsg
1527678,2,false,4,34,2e171977,bowled,80b2fb19,true,dc,lsg
1527679,1,false,5,37,12b610c2,caught,5d2eea49,true,srh,kkr
1527679,1,false,8,53,752f7486,caught,449f4e3c,true,srh,kkr
1527679,1,false,8,55,f29185a1,caught,449f4e3c,true,srh,kkr
1527679,1,false,9,60,a3b0600d,caught,e4cdf230,true,srh,kkr
1527679,1,false,18,116,aad0c365,caught,7c3b3b78,true,srh,kkr
1527679,1,false,18,117,d7423da1,bowled,7c3b3b78,true,srh,kkr
1527679,1,false,19,127,235c2bb6,caught,449f4e3c,true,srh,kkr
1527679,1,false,19,129,7b44eb3e,caught,449f4e3c,true,srh,kkr
1527679,2,false,1,9,bf74b130,caught and bowled,25228673,true,kkr,srh
1527679,2,false,4,31,29e95537,caught,1e66c162,true,kkr,srh
1527679,2,false,5,40,eaa76d3c,run out,,false,kkr,srh
1527679,2,false,10,70,d7017798,run out,,false,kkr,srh
1527679,2,false,11,72,e4cdf230,caught and bowled,aad0c365,true,kkr,srh
1527679,2,false,13,86,0a509d6b,caught,aad0c365,true,kkr,srh
1527679,2,false,14,93,9d430b40,caught,5750bcb4,true,kkr,srh
1527679,2,false,14,96,be24ead0,caught,5750bcb4,true,kkr,srh
1527679,2,false,15,101,5d2eea49,caught,1e66c162,true,kkr,srh
1527679,2,false,15,102,5b7ab5a9,bowled,1e66c162,true,kkr,srh
1527680,1,false,1,13,a4cc73aa,caught,3b53243a,true,csk,pbks
1527680,1,false,11,71,45a43fe2,caught,57ee1fde,true,csk,pbks
1527680,1,false,12,82,b2b4f545,caught,54e52590,true,csk,pbks
1527680,1,false,13,89,7b679de5,lbw,81c36ee9,true,csk,pbks
1527680,1,false,16,108,f088b960,caught,54e52590,true,csk,pbks
1527680,2,false,4,29,b5797845,bowled,e84ac20c,true,pbks,csk
1527680,2,false,8,56,9418198b,run out,,false,pbks,csk
1527680,2,false,11,75,fe366f34,caught,fcc21ace,true,pbks,csk
1527680,2,false,16,109,85ec8e33,caught,fcc21ace,true,pbks,csk
1527680,2,false,17,110,d1a60072,caught,e84ac20c,true,pbks,csk
1527681,1,false,2,15,e66732f8,caught,2cffab74,true,mi,dc
1527681,1,false,2,17,b0482a1d,caught and bowled,2cffab74,true,mi,dc
1527681,1,false,9,58,740742ef,caught,2e171977,true,mi,dc
1527681,1,false,11,72,d014d5ac,caught,5ffc0565,true,mi,dc
1527681,1,false,15,96,271f83cd,lbw,f834dcfc,true,mi,dc
1527681,1,false,18,115,fffa744b,caught,ce794613,true,mi,dc
1527681,2,false,0,4,b17e2f24,caught,23eeb873,true,dc,mi
1527681,2,false,1,10,fb2d1dda,run out,,false,dc,mi
1527681,2,false,9,61,8ee36b18,caught,e4a0deae,true,dc,mi
1527681,2,false,16,102,f89d3b11,caught,172dff15,true,dc,mi
1527682,1,false,6,41,470f446b,caught,5f547c8b,true,rr,gt
1527682,1,false,12,79,6c19c6e5,bowled,e62dd25d,true,rr,gt
1527682,1,false,13,84,04a418e8,caught,85e0cf10,true,rr,gt
1527682,1,false,15,99,48a1d7b7,caught,50c09020,true,rr,gt
1527682,1,false,16,103,f0af99a7,caught,e62dd25d,true,rr,gt
1527682,1,false,19,126,bcf325d2,caught,2f49c897,true,rr,gt
1527682,2,false,7,50,57ca01b3,caught,04a418e8,true,gt,rr
1527682,2,false,10,67,d5130a30,caught,df064e1a,true,gt,rr
1527682,2,false,12,76,9a46c4e5,caught,df064e1a,true,gt,rr
1527682,2,false,12,78,f19ccfad,caught,df064e1a,true,gt,rr
1527682,2,false,13,82,99b75528,caught,465aa633,true,gt,rr
1527682,2,false,14,90,39a2dfa8,caught,df064e1a,true,gt,rr
1527682,2,false,14,92,7dcb9bc9,run out,,false,gt,rr
1527682,2,false,19,123,5f547c8b,caught,46a9bea1,true,gt,rr
1527683,1,false,0,6,f29185a1,caught,8cf9814c,true,srh,lsg
1527683,1,false,2,13,12b610c2,caught,8cf9814c,true,srh,lsg
1527683,1,false,3,22,752f7486,bowled,80b2fb19,true,srh,lsg
1527683,1,false,7,44,50c6bc2b,caught,13fc5c6d,true,srh,lsg
1527683,1,false,17,109,aad0c365,caught,cf0ccafa,true,srh,lsg
1527683,1,false,18,112,235c2bb6,caught,eef2536f,true,srh,lsg
1527683,1,false,18,113,25228673,bowled,eef2536f,true,srh,lsg
1527683,1,false,19,120,7b44eb3e,bowled,80b2fb19,true,srh,lsg
1527683,1,false,19,123,f986ca1a,run out,,false,srh,lsg
1527683,2,false,4,28,3d8feaf8,caught,5750bcb4,true,lsg,srh
1527683,2,false,9,56,6a26221c,caught,7b44eb3e,true,lsg,srh
1527683,2,false,12,73,872b03f7,stumped,25228673,true,lsg,srh
1527683,2,false,13,79,3241e3fd,run out,,false,lsg,srh
1527683,2,false,17,106,8e514b4c,caught,25228673,true,lsg,srh
1527684,1,false,4,27,ba607b88,caught,fcc21ace,true,rcb,csk
1527684,1,false,10,65,3d284ca3,caught,a4e37e47,true,rcb,csk
1527684,1,false,14,87,2c25d4f5,bowled,59559bc2,true,rcb,csk
1527684,2,false,0,5,45a43fe2,caught,dadbdb68,true,csk,rcb
1527684,2,false,1,8,b2b4f545,caught,2e81a32d,true,csk,rcb
1527684,2,false,2,17,a4cc73aa,caught,dadbdb68,true,csk,rcb
1527684,2,false,6,39,f088b960,stumped,5b8c830e,true,csk,rcb
1527684,2,false,6,43,7b679de5,caught,5b8c830e,true,csk,rcb
1527684,2,false,9,61,a4e37e47,caught,82c10dac,true,csk,rcb
1527684,2,false,15,93,e148e6bd,caught,2e81a32d,true,csk,rcb
1527684,2,false,16,100,59559bc2,caught,9440ef41,true,csk,rcb
1527684,2,false,17,112,efc04be7,caught,2e81a32d,true,csk,rcb
1527684,2,false,19,123,e84ac20c,caught,82c10dac,true,csk,rcb
1527685,1,false,1,10,bf74b130,caught,3b53243a,true,kkr,pbks
1527685,1,false,1,12,eaa76d3c,caught,3b53243a,true,kkr,pbks
1527686,1,false,4,31,470f446b,caught,1abb78f8,true,rr,mi
1527686,1,false,5,36,bcf325d2,lbw,9ca68676,true,rr,mi
1527686,1,false,8,55,04a418e8,caught,9ca68676,true,rr,mi
1527686,2,false,0,6,e66732f8,caught,5574750c,true,mi,rr
1527686,2,false,1,11,271f83cd,caught,465aa633,true,mi,rr
1527686,2,false,2,16,740742ef,lbw,ce820073,true,mi,rr
1527686,2,false,4,29,dbe50b21,caught,df064e1a,true,mi,rr
1527686,2,false,4,32,b0482a1d,caught,df064e1a,true,mi,rr
1527686,2,false,7,51,d014d5ac,caught,46a9bea1,true,mi,rr
1527686,2,false,8,57,fffa744b,caught,465aa633,true,mi,rr
1527686,2,false,9,64,1abb78f8,caught,ce820073,true,mi,rr
1527686,2,false,10,67,a818c1be,run out,,false,mi,rr
1527687,1,false,2,14,d5130a30,bowled,2cffab74,true,gt,dc
1527687,1,false,7,47,99b75528,bowled,8d2c70ad,true,gt,dc
1527687,1,false,17,110,b4b99816,caught,f834dcfc,true,gt,dc
1527687,1,false,19,123,f19ccfad,caught,2cffab74,true,gt,dc
1527687,2,false,8,51,8ee36b18,caught,85e0cf10,true,dc,gt
1527687,2,false,9,61,fb2d1dda,caught,5f547c8b,true,dc,gt
1527687,2,false,9,62,f89d3b11,bowled,5f547c8b,true,dc,gt
1527687,2,false,13,87,2e171977,caught,5f547c8b,true,dc,gt
1527687,2,false,16,105,85b3fab2,run out,,false,dc,gt
1527687,2,false,16,109,b17e2f24,caught,2f49c897,true,dc,gt
1527687,2,false,19,124,5ffc0565,caught,85e0cf10,true,dc,gt
1527687,2,false,19,128,8d2c70ad,run out,,false,dc,gt
1527688,1,false,1,11,bf74b130,caught,80b2fb19,true,kkr,lsg
1527688,1,false,10,65,29e95537,caught,13fc5c6d,true,kkr,lsg
1527688,1,false,11,73,d7017798,caught,cf0ccafa,true,kkr,lsg
1527688,1,false,13,83,0a509d6b,bowled,eef2536f,true,kkr,lsg
1527688,2,false,4,27,6a26221c,caught,7c3b3b78,true,lsg,kkr
1527688,2,false,4,29,3d8feaf8,caught,7c3b3b78,true,lsg,kkr
1527688,2,false,8,52,919a3be2,caught,eaa76d3c,true,lsg,kkr
1527688,2,false,11,75,3241e3fd,caught,5d2eea49,true,lsg,kkr
1527688,2,false,12,84,8e514b4c,bowled,e4cdf230,true,lsg,kkr
1527688,2,false,14,95,872b03f7,caught,e4cdf230,true,lsg,kkr
1527688,2,false,15,103,8cf9814c,caught,9d430b40,true,lsg,kkr
1527689,1,false,0,1,3d284ca3,caught,5574750c,true,rcb,rr
1527689,1,false,2,19,2c25d4f5,caught,5574750c,true,rcb,rr
1527689,1,false,4,30,ba607b88,bowled,df064e1a,true,rcb,rr
1527689,1,false,6,39,5b8c830e,caught,df064e1a,true,rcb,rr
1527689,1,false,8,53,800d2d97,lbw,133bbd61,true,rcb,rr
1527689,1,false,10,67,f1f99156,caught,133bbd61,true,rcb,rr
1527689,1,false,13,85,c5aef772,caught,fe93fd9d,true,rcb,rr
1527689,1,false,17,104,c740ea83,caught,ce820073,true,rcb,rr
1527689,2,false,1,12,6c19c6e5,caught,03806cf8,true,rr,rcb
1527689,2,false,8,49,470f446b,caught,5b8c830e,true,rr,rcb
1527689,2,false,8,50,48a1d7b7,caught,5b8c830e,true,rr,rcb
1527689,2,false,9,58,04a418e8,caught,03806cf8,true,rr,rcb
1527690,1,false,8,56,12b610c2,caught,26989d80,true,srh,pbks
1527690,1,false,8,59,f29185a1,caught,26989d80,true,srh,pbks
1527690,1,false,13,95,752f7486,caught,244048f6,true,srh,pbks
1527690,1,false,16,111,a3b0600d,run out,,false,srh,pbks
1527690,1,false,18,125,d7423da1,caught,244048f6,true,srh,pbks
1527690,1,false,19,130,235c2bb6,caught,3b53243a,true,srh,pbks
1527690,2,false,6,39,b5797845,caught,7b44eb3e,true,pbks,srh
1527690,2,false,8,57,9418198b,caught,7b44eb3e,true,pbks,srh
1527690,2,false,10,66,fe366f34,caught,7b44eb3e,true,pbks,srh
1527690,2,false,16,102,d1a60072,bowled,25228673,true,pbks,srh
1527691,1,false,6,39,45a43fe2,caught,2e171977,true,csk,dc
1527691,1,false,17,108,b2b4f545,retired out,,false,csk,dc
1527691,2,false,4,32,b17e2f24,caught,a2f46292,true,dc,csk
1527691,2,false,5,34,8ee36b18,caught,fcc21ace,true,dc,csk
1527691,2,false,6,39,2e171977,caught,cc61ee8f,true,dc,csk
1527691,2,false,7,52,f89d3b11,caught,59559bc2,true,dc,csk
1527691,2,false,12,81,d67d5f00,bowled,59559bc2,true,dc,csk
1527691,2,false,14,96,84d9c311,caught,efc04be7,true,dc,csk
1527691,2,false,15,101,7c3c0337,caught,59559bc2,true,dc,csk
1527691,2,false,18,119,85b3fab2,caught,59559bc2,true,dc,csk
1527691,2,false,19,123,8d2c70ad,caught,fcc21ace,true,dc,csk
1527691,2,false,19,129,f834dcfc,caught,fcc21ace,true,dc,csk
1527692,1,false,1,9,3d8feaf8,caught,e62dd25d,true,lsg,gt
1527692,1,false,4,25,919a3be2,caught,2f49c897,true,lsg,gt
1527692,1,false,6,43,6a26221c,caught,85e0cf10,true,lsg,gt
1527692,1,false,8,51,872b03f7,caught,85e0cf10,true,lsg,gt
1527692,1,false,14,88,3241e3fd,caught,85e0cf10,true,lsg,gt
1527692,1,false,16,99,8e514b4c,caught,50c09020,true,lsg,gt
1527692,1,false,18,110,1c84109e,caught,85e0cf10,true,lsg,gt
1527692,1,false,19,119,e5437608,caught,50c09020,true,lsg,gt
1527692,2,false,5,31,d5130a30,caught,13fc5c6d,true,gt,lsg
1527692,2,false,14,91,b4b99816,caught,80b2fb19,true,gt,lsg
1527692,2,false,15,96,99b75528,caught,8cf9814c,true,gt,lsg
1527693,1,false,10,69,3d284ca3,caught,1abb78f8,true,rcb,mi
1527693,1,false,14,98,ba607b88,caught,dbe50b21,true,rcb,mi
1527693,1,false,15,107,c740ea83,caught,e4a0deae,true,rcb,mi
1527693,1,false,19,128,800d2d97,lbw,a818c1be,true,rcb,mi
1527693,2,false,5,33,740742ef,retired hurt,,false,mi,rcb
1527693,2,false,7,44,e66732f8,caught,9440ef41,true,mi,rcb
1527693,2,false,7,48,b0482a1d,caught,9440ef41,true,mi,rcb
1527693,2,false,12,76,271f83cd,caught,5b8c830e,true,mi,rcb
1527693,2,false,14,91,dbe50b21,caught,dadbdb68,true,mi,rcb
1527693,2,false,15,96,fffa744b,caught,b8527c3d,true,mi,rcb
1529264,1,false,0,1,f29185a1,caught,5574750c,true,srh,rr
1529264,1,false,6,41,12b610c2,caught,04a418e8,true,srh,rr
1529264,1,false,13,84,752f7486,caught and bowled,ce820073,true,srh,rr
1529264,1,false,15,99,235c2bb6,caught,46a9bea1,true,srh,rr
1529264,1,false,18,116,aad0c365,caught,5574750c,true,srh,rr
1529264,1,false,19,125,a3b0600d,run out,,false,srh,rr
1529264,2,false,0,2,470f446b,caught,ece7b6b3,true,rr,srh
1529264,2,false,0,4,bcf325d2,bowled,ece7b6b3,true,rr,srh
1529264,2,false,0,6,60aa2db3,caught,ece7b6b3,true,rr,srh
1529264,2,false,1,11,6c19c6e5,caught,280fff14,true,rr,srh
1529264,2,false,2,20,04a418e8,caught,ece7b6b3,true,rr,srh
1529264,2,false,14,98,f0af99a7,bowled,280fff14,true,rr,srh
1529264,2,false,15,101,fe93fd9d,caught,5750bcb4,true,rr,srh
1529264,2,false,16,110,5574750c,caught,280fff14,true,rr,srh
1529264,2,false,16,111,df064e1a,caught,280fff14,true,rr,srh
1529264,2,false,18,123,46a9bea1,caught,5750bcb4,true,rr,srh
1529265,1,false,2,16,45a43fe2,caught,e4cdf230,true,csk,kkr
1529265,1,false,5,38,b2b4f545,caught,7c3b3b78,true,csk,kkr
1529265,1,false,11,70,a4cc73aa,bowled,5d2eea49,true,csk,kkr
1529265,1,false,16,103,f088b960,bowled,9d430b40,true,csk,kkr
1529265,1,false,17,112,844e79d1,caught,5d2eea49,true,csk,kkr
1529265,2,false,1,10,bf74b130,caught,fcc21ace,true,kkr,csk
1529265,2,false,4,26,9d430b40,caught,a2f46292,true,kkr,csk
1529265,2,false,9,58,d7017798,caught,4d7f517e,true,kkr,csk
1529265,2,false,10,66,29e95537,caught,efc04be7,true,kkr,csk
1529265,2,false,10,67,eaa76d3c,bowled,efc04be7,true,kkr,csk
1529265,2,false,12,78,0a509d6b,caught,efc04be7,true,kkr,csk
1529265,2,false,19,122,be24ead0,caught,fcc21ace,true,kkr,csk
1529266,1,false,3,24,6a26221c,caught,b8527c3d,true,lsg,rcb
1529266,1,false,6,37,3241e3fd,bowled,03806cf8,true,lsg,rcb
1529266,1,false,9,61,3d8feaf8,bowled,5b8c830e,true,lsg,rcb
1529266,1,false,11,70,8e514b4c,caught,5b8c830e,true,lsg,rcb
1529266,1,false,15,97,872b03f7,caught,b8527c3d,true,lsg,rcb
1529266,1,false,16,104,919a3be2,caught,2e81a32d,true,lsg,rcb
1529266,1,false,18,115,e5437608,caught,2e81a32d,true,lsg,rcb
1529266,1,false,18,116,8cf9814c,bowled,2e81a32d,true,lsg,rcb
1529266,1,false,19,120,1c84109e,bowled,b8527c3d,true,lsg,rcb
1529266,1,false,19,124,eef2536f,bowled,b8527c3d,true,lsg,rcb
1529266,2,false,1,10,3d284ca3,bowled,80b2fb19,true,rcb,lsg
1529266,2,false,7,45,2c25d4f5,caught,eef2536f,true,rcb,lsg
1529266,2,false,10,62,ba607b88,caught,eef2536f,true,rcb,lsg
1529266,2,false,12,75,c740ea83,caught,80b2fb19,true,rcb,lsg
1529266,2,false,12,77,800d2d97,caught,80b2fb19,true,rcb,lsg
1529267,1,false,2,13,e66732f8,caught,244048f6,true,mi,pbks
1529267,1,false,2,14,271f83cd,caught,244048f6,true,mi,pbks
1529267,1,false,13,85,fffa744b,caught,26989d80,true,mi,pbks
1529267,1,false,17,109,dbe50b21,caught,81c36ee9,true,mi,pbks
1529267,1,false,18,117,d014d5ac,bowled,244048f6,true,mi,pbks
1529267,1,false,19,123,b0482a1d,run out,,false,mi,pbks
1529267,2,false,2,15,b5797845,caught,9ca68676,true,pbks,mi
1529267,2,false,4,28,fe366f34,caught,9ca68676,true,pbks,mi
1529267,2,false,15,100,85ec8e33,caught,1abb78f8,true,pbks,mi
1529268,1,false,0,4,29e95537,caught,2f49c897,true,kkr,gt
1529268,1,false,1,13,d7017798,caught,e62dd25d,true,kkr,gt
1529268,1,false,3,25,4663bd23,caught,e62dd25d,true,kkr,gt
1529268,1,false,10,71,650d5e49,caught,50c09020,true,kkr,gt
1529268,1,false,14,96,e4cdf230,caught,85e0cf10,true,kkr,gt
1529268,1,false,15,98,0a509d6b,caught,e62dd25d,true,kkr,gt
1529268,1,false,16,106,be24ead0,caught,50c09020,true,kkr,gt
1529268,1,false,17,112,9d430b40,caught,2f49c897,true,kkr,gt
1529268,1,false,18,117,5d2eea49,run out,,false,kkr,gt
1529268,1,false,19,127,eaa76d3c,caught,5f547c8b,true,kkr,gt
1529268,2,false,5,31,d5130a30,caught,9d430b40,true,gt,kkr
1529268,2,false,9,55,99b75528,caught,5b7ab5a9,true,gt,kkr
1529268,2,false,14,88,f19ccfad,caught,5b7ab5a9,true,gt,kkr
1529268,2,false,16,105,b4b99816,caught,7c3b3b78,true,gt,kkr
1529268,2,false,19,119,9a46c4e5,caught,be24ead0,true,gt,kkr
1529269,1,false,5,33,ba607b88,caught,f834dcfc,true,rcb,dc
1529269,1,false,9,63,2c25d4f5,caught,2e171977,true,rcb,dc
1529269,1,false,10,67,3d284ca3,caught,8d2c70ad,true,rcb,dc
1529269,1,false,12,80,c740ea83,caught,2cffab74,true,rcb,dc
1529269,1,false,15,99,f1f99156,caught,2e171977,true,rcb,dc
1529269,1,false,16,106,c5aef772,lbw,8d2c70ad,true,rcb,dc
1529269,1,false,19,125,5b8c830e,run out,,false,rcb,dc
1529269,1,false,19,127,800d2d97,caught,f834dcfc,true,rcb,dc
1529269,2,false,0,4,8ee36b18,lbw,2e81a32d,true,dc,rcb
1529269,2,false,2,14,944533a5,caught,2e81a32d,true,dc,rcb
1529269,2,false,2,17,f89d3b11,caught,2e81a32d,true,dc,rcb
1529269,2,false,10,63,b17e2f24,caught,5b8c830e,true,dc,rcb
1529269,2,false,15,98,2e171977,retired hurt,,false,dc,rcb
1529270,1,false,5,36,12b610c2,caught,765a4731,true,srh,csk
1529270,1,false,5,37,752f7486,caught,765a4731,true,srh,csk
1529270,1,false,7,50,f29185a1,caught,59559bc2,true,srh,csk
1529270,1,false,10,63,a3b0600d,caught,59559bc2,true,srh,csk
1529270,1,false,13,85,aad0c365,caught,59559bc2,true,srh,csk
1529270,1,false,17,107,235c2bb6,bowled,fcc21ace,true,srh,csk
1529270,1,false,18,112,d7423da1,caught,cc61ee8f,true,srh,csk
1529270,1,false,19,122,7b44eb3e,caught,fcc21ace,true,srh,csk
1529270,1,false,19,124,50c6bc2b,caught,fcc21ace,true,srh,csk
1529270,2,false,1,7,a4cc73aa,caught,aad0c365,true,csk,srh
1529270,2,false,4,34,b2b4f545,caught,aad0c365,true,csk,srh
1529270,2,false,5,37,45a43fe2,caught,5750bcb4,true,csk,srh
1529270,2,false,10,71,f088b960,caught,5750bcb4,true,csk,srh
1529270,2,false,11,77,844e79d1,caught,7b44eb3e,true,csk,srh
1529270,2,false,15,103,a90e53ec,caught,5750bcb4,true,csk,srh
1529270,2,false,16,112,a4e37e47,bowled,280fff14,true,csk,srh
1529270,2,false,19,131,59559bc2,caught,ece7b6b3,true,csk,srh
1529271,1,false,8,56,470f446b,caught,5b7ab5a9,true,rr,kkr
1529271,1,false,10,69,bcf325d2,stumped,5b7ab5a9,true,rr,kkr
1529271,1,false,11,74,6c19c6e5,caught,9d430b40,true,rr,kkr
1529271,1,false,14,94,04a418e8,bowled,5b7ab5a9,true,rr,kkr
1529271,1,false,15,102,f0af99a7,caught and bowled,9d430b40,true,rr,kkr
1529271,1,false,18,118,fe93fd9d,caught,5d2eea49,true,rr,kkr
1529271,1,false,18,121,48a1d7b7,caught,5d2eea49,true,rr,kkr
1529271,1,false,18,123,df064e1a,caught,5d2eea49,true,rr,kkr
1529271,1,false,19,130,5574750c,run out,,false,rr,kkr
1529271,2,false,0,1,4663bd23,bowled,5574750c,true,kkr,rr
1529271,2,false,1,9,29e95537,caught,465aa633,true,kkr,rr
1529271,2,false,4,29,eaa76d3c,stumped,df064e1a,true,kkr,rr
1529271,2,false,6,44,d7017798,lbw,fe93fd9d,true,kkr,rr
1529271,2,false,10,64,650d5e49,caught,fe93fd9d,true,kkr,rr
1529271,2,false,13,84,be24ead0,bowled,02dfebbe,true,kkr,rr
1529272,1,false,0,5,9418198b,caught,8cf9814c,true,pbks,lsg
1529272,1,false,13,86,fe366f34,caught,80b2fb19,true,pbks,lsg
1529272,1,false,14,89,b5797845,caught,cf0ccafa,true,pbks,lsg
1529272,1,false,15,95,85ec8e33,caught,c33d8116,true,pbks,lsg
1529272,1,false,16,104,d1a60072,caught,cf0ccafa,true,pbks,lsg
1529272,1,false,19,124,26989d80,caught,80b2fb19,true,pbks,lsg
1529272,1,false,19,126,d9273ee7,run out,,false,pbks,lsg
1529272,2,false,5,37,872b03f7,caught,54e52590,true,lsg,pbks
1529272,2,false,11,71,3d8feaf8,caught,57ee1fde,true,lsg,pbks
1529272,2,false,12,81,919a3be2,caught,244048f6,true,lsg,pbks
1529272,2,false,14,91,3241e3fd,caught,81c36ee9,true,lsg,pbks
1529272,2,false,19,126,6a26221c,caught,81c36ee9,true,lsg,pbks
1529273,1,false,1,11,9e6032fa,lbw,e62dd25d,true,mi,gt
1529273,1,false,3,21,372455c4,caught and bowled,e62dd25d,true,mi,gt
1529273,1,false,5,36,271f83cd,bowled,e62dd25d,true,mi,gt
1529273,1,false,12,76,fffa744b,caught,85e0cf10,true,mi,gt
1529273,1,false,18,115,dbe50b21,caught,2f49c897,true,mi,gt
1529273,2,false,0,1,d5130a30,caught,462411b3,true,gt,mi
1529273,2,false,1,8,99b75528,lbw,dbe50b21,true,gt,mi
1529273,2,false,4,31,b4b99816,caught,d45c29b1,true,gt,mi
1529273,2,false,7,47,f19ccfad,caught,e4a0deae,true,gt,mi
1529273,2,false,7,49,9a46c4e5,caught and bowled,e4a0deae,true,gt,mi
1529273,2,false,10,71,39a2dfa8,caught,d45c29b1,true,gt,mi
1529273,2,false,12,79,5f547c8b,caught,d45c29b1,true,gt,mi
1529273,2,false,12,83,7dcb9bc9,caught,d45c29b1,true,gt,mi
1529273,2,false,15,98,e62dd25d,stumped,9ca68676,true,gt,mi
1529273,2,false,15,102,2f49c897,lbw,9ca68676,true,gt,mi
1529274,1,false,8,55,12b610c2,caught,2e171977,true,srh,dc
1529274,1,false,14,94,752f7486,run out,,false,srh,dc
1529274,2,false,2,14,8ee36b18,caught,de7d833e,true,dc,srh
1529274,2,false,9,63,b17e2f24,caught,280fff14,true,dc,srh
1529274,2,false,10,66,fb2d1dda,caught,5750bcb4,true,dc,srh
1529274,2,false,10,67,d67d5f00,bowled,5750bcb4,true,dc,srh
1529274,2,false,15,100,85b3fab2,caught,5750bcb4,true,dc,srh
1529274,2,false,17,115,84d9c311,caught,5750bcb4,true,dc,srh
1529274,2,false,19,122,2e171977,caught,25228673,true,dc,srh
1529274,2,false,19,126,f89d3b11,caught,25228673,true,dc,srh
1529274,2,false,19,127,f834dcfc,caught,25228673,true,dc,srh
1529275,1,false,2,19,6c19c6e5,caught,8cf9814c,true,rr,lsg
1529275,1,false,2,20,bcf325d2,caught,8cf9814c,true,rr,lsg
1529275,1,false,3,26,470f446b,caught,c33d8116,true,rr,lsg
1529275,1,false,8,58,04a418e8,caught,80b2fb19,true,rr,lsg
1529275,1,false,10,66,48a1d7b7,caught,c33d8116,true,rr,lsg
1529275,1,false,15,99,f0af99a7,caught,80b2fb19,true,rr,lsg
1529275,2,false,0,6,872b03f7,run out,,false,lsg,rr
1529275,2,false,1,10,919a3be2,caught,465aa633,true,lsg,rr
1529275,2,false,2,17,6a26221c,caught,5574750c,true,lsg,rr
1529275,2,false,9,60,3241e3fd,caught,fe93fd9d,true,lsg,rr
1529275,2,false,14,91,ebcfef83,bowled,df064e1a,true,lsg,rr
1529275,2,false,15,97,3d8feaf8,caught,465aa633,true,lsg,rr
1529275,2,false,16,101,1c84109e,caught,133bbd61,true,lsg,rr
1529275,2,false,16,104,8cf9814c,bowled,133bbd61,true,lsg,rr
1529275,2,false,17,110,b1ad996b,caught,5574750c,true,lsg,rr
1529275,2,false,17,113,c33d8116,bowled,5574750c,true,lsg,rr
1529276,1,false,2,21,45a43fe2,caught,9ca68676,true,csk,mi
1529276,1,false,5,38,f088b960,bowled,e4a0deae,true,csk,mi
1529276,1,false,8,53,a4e37e47,bowled,9ca68676,true,csk,mi
1529276,1,false,10,71,844e79d1,caught,d45c29b1,true,csk,mi
1529276,1,false,16,107,7b679de5,caught,462411b3,true,csk,mi
1529276,1,false,17,115,59559bc2,caught,d45c29b1,true,csk,mi
1529276,2,false,0,6,9e6032fa,caught,4d7f517e,true,mi,csk
1529276,2,false,1,11,372455c4,bowled,765a4731,true,mi,csk
1529276,2,false,2,15,fffa744b,bowled,4d7f517e,true,mi,csk
1529276,2,false,11,75,b0482a1d,bowled,4d7f517e,true,mi,csk
1529276,2,false,12,77,dbe50b21,caught,efc04be7,true,mi,csk
1529276,2,false,12,78,d014d5ac,caught,efc04be7,true,mi,csk
1529276,2,false,13,83,271f83cd,caught,4d7f517e,true,mi,csk
1529276,2,false,16,106,e48a4814,caught,59559bc2,true,mi,csk
1529276,2,false,17,107,1abb78f8,caught,fcc21ace,true,mi,csk
1529276,2,false,18,119,462411b3,caught,cc61ee8f,true,mi,csk
1529277,1,false,12,79,b4b99816,caught,9440ef41,true,gt,rcb
1529277,1,false,15,96,d5130a30,caught and bowled,03806cf8,true,gt,rcb
1529277,1,false,17,109,99b75528,caught,2e81a32d,true,gt,rcb
1529277,2,false,2,18,3c55c703,caught,2f49c897,true,rcb,gt
1529277,2,false,12,78,2c25d4f5,bowled,5f547c8b,true,rcb,gt
1529277,2,false,13,84,ba607b88,bowled,0f721006,true,rcb,gt
1529277,2,false,14,92,800d2d97,caught,5f547c8b,true,rcb,gt
1529277,2,false,15,95,c740ea83,caught,025c4400,true,rcb,gt
1529278,1,false,2,16,8ee36b18,caught,244048f6,true,dc,pbks
1529278,1,false,18,117,fb2d1dda,caught,3b53243a,true,dc,pbks
1529278,2,false,6,47,b5797845,caught,2e171977,true,pbks,dc
1529278,2,false,7,51,9418198b,lbw,8d2c70ad,true,pbks,dc
1529278,2,false,9,62,fe366f34,bowled,8d2c70ad,true,pbks,dc
1529278,2,false,14,98,d1a60072,caught,5ffc0565,true,pbks,dc
1529279,1,false,2,14,6c19c6e5,caught,5750bcb4,true,rr,srh
1529279,1,false,12,80,bcf325d2,caught,aad0c365,true,rr,srh
1529279,1,false,13,87,470f446b,lbw,280fff14,true,rr,srh
1529279,1,false,16,102,04a418e8,bowled,ded9240e,true,rr,srh
1529279,1,false,18,117,f0af99a7,caught,5750bcb4,true,rr,srh
1529279,1,false,19,123,48a1d7b7,caught,ece7b6b3,true,rr,srh
1529279,2,false,0,6,12b610c2,caught,5574750c,true,srh,rr
1529279,2,false,9,67,f29185a1,caught,f0af99a7,true,srh,rr
1529279,2,false,12,81,752f7486,caught,5574750c,true,srh,rr
1529279,2,false,17,112,aad0c365,lbw,133bbd61,true,srh,rr
1529279,2,false,17,116,235c2bb6,caught,133bbd61,true,srh,rr
1529280,1,false,3,21,a4cc73aa,caught,e62dd25d,true,csk,gt
1529280,1,false,3,24,cf59b3f0,caught,e62dd25d,true,csk,gt
1529280,1,false,4,28,f088b960,caught,2f49c897,true,csk,gt
1529280,1,false,8,51,844e79d1,caught,025c4400,true,csk,gt
1529280,1,false,15,96,a4e37e47,bowled,12314277,true,csk,gt
1529280,1,false,17,110,7b679de5,caught,e62dd25d,true,csk,gt
1529280,1,false,18,119,59559bc2,caught,12314277,true,csk,gt
1529280,2,false,6,39,b4b99816,stumped,efc04be7,true,gt,csk
1529280,2,false,16,100,d5130a30,caught,4d7f517e,true,gt,csk
1529281,1,false,1,13,4663bd23,caught,c33d8116,true,kkr,lsg
1529281,1,false,3,23,29e95537,caught,c33d8116,true,kkr,lsg
1529281,1,false,4,32,d7017798,obstructing the field,,false,kkr,lsg
1529281,1,false,6,39,650d5e49,caught,c33d8116,true,kkr,lsg
1529281,1,false,10,68,eaa76d3c,caught,c33d8116,true,kkr,lsg
1529281,1,false,10,69,e4cdf230,caught,c33d8116,true,kkr,lsg
1529281,1,false,14,95,be24ead0,caught,e5437608,true,kkr,lsg
1529281,2,false,1,7,3d8feaf8,caught,7c3b3b78,true,lsg,kkr
1529281,2,false,10,63,6a26221c,caught,eaa76d3c,true,lsg,kkr
1529281,2,false,12,75,919a3be2,caught,9d430b40,true,lsg,kkr
1529281,2,false,13,86,3241e3fd,caught,5b7ab5a9,true,lsg,kkr
1529281,2,false,15,94,1c84109e,caught,e4cdf230,true,lsg,kkr
1529281,2,false,17,107,872b03f7,caught,5b7ab5a9,true,lsg,kkr
1529281,2,false,18,112,e5437608,caught,7c3b3b78,true,lsg,kkr
1529281,2,false,19,122,ebcfef83,caught,5d2eea49,true,lsg,kkr
1529281,3,true,0,1,3241e3fd,bowled,9d430b40,true,lsg,kkr
1529281,3,true,0,3,6a26221c,caught,9d430b40,true,lsg,kkr
1529282,1,false,0,2,926c7443,bowled,2e81a32d,true,dc,rcb
1529282,1,false,1,7,b17e2f24,caught,03806cf8,true,dc,rcb
1529282,1,false,1,8,f89d3b11,caught,03806cf8,true,dc,rcb
1529282,1,false,2,13,85b3fab2,caught,2e81a32d,true,dc,rcb
1529282,1,false,2,16,2e171977,caught,2e81a32d,true,dc,rcb
1529282,1,false,3,24,fb2d1dda,caught,03806cf8,true,dc,rcb
1529282,1,false,8,55,d67d5f00,caught,b8527c3d,true,dc,rcb
1529282,1,false,12,77,68c56d09,lbw,5b8c830e,true,dc,rcb
1529282,1,false,15,97,8d2c70ad,bowled,9440ef41,true,dc,rcb
1529282,1,false,16,103,ad3b6e95,bowled,03806cf8,true,dc,rcb
1529282,2,false,2,17,3c55c703,caught,68c56d09,true,rcb,dc
1529283,1,false,2,17,b5797845,caught,5574750c,true,pbks,rr
1529283,1,false,8,51,fe366f34,caught,02dfebbe,true,pbks,rr
1529283,1,false,13,85,9418198b,caught,02dfebbe,true,pbks,rr
1529283,1,false,17,109,85ec8e33,caught,465aa633,true,pbks,rr
1529283,2,false,3,21,470f446b,caught,244048f6,true,rr,pbks
1529283,2,false,9,59,bcf325d2,caught,57ee1fde,true,rr,pbks
1529283,2,false,11,70,6c19c6e5,caught,57ee1fde,true,rr,pbks
1529283,2,false,13,87,04a418e8,caught,57ee1fde,true,rr,pbks
1529284,1,false,7,45,9caf69a1,caught,aad0c365,true,mi,srh
1529284,1,false,8,53,271f83cd,caught,5750bcb4,true,mi,srh
1529284,1,false,13,86,fffa744b,caught,ece7b6b3,true,mi,srh
1529284,1,false,18,116,dbe50b21,caught,280fff14,true,mi,srh
1529284,1,false,19,124,b0482a1d,caught,ece7b6b3,true,mi,srh
1529284,2,false,8,57,f29185a1,caught,9ca68676,true,srh,mi
1529284,2,false,8,58,752f7486,bowled,9ca68676,true,srh,mi
1529284,2,false,9,63,12b610c2,caught,dbe50b21,true,srh,mi
1529284,2,false,16,106,aad0c365,caught,a818c1be,true,srh,mi
1529285,1,false,2,16,3c55c703,caught,2f49c897,true,rcb,gt
1529285,1,false,3,21,ba607b88,caught,e62dd25d,true,rcb,gt
1529285,1,false,7,47,c740ea83,caught,12314277,true,rcb,gt
1529285,1,false,8,50,800d2d97,caught,0f721006,true,rcb,gt
1529285,1,false,9,59,f1f99156,caught,5f547c8b,true,rcb,gt
1529285,1,false,10,64,5b8c830e,caught,12314277,true,rcb,gt
1529285,1,false,13,85,2c25d4f5,bowled,5f547c8b,true,rcb,gt
1529285,1,false,14,86,c5aef772,caught,0f721006,true,rcb,gt
1529285,1,false,19,117,a24be938,caught,12314277,true,rcb,gt
1529285,1,false,19,118,03806cf8,run out,,false,rcb,gt
1529285,2,false,2,18,d5130a30,caught,2e81a32d,true,gt,rcb
1529285,2,false,4,30,b4b99816,caught,2e81a32d,true,gt,rcb
1529285,2,false,7,46,99b75528,bowled,2e81a32d,true,gt,rcb
1529285,2,false,10,62,7dcb9bc9,caught,c5aef772,true,gt,rcb
1529285,2,false,10,65,f19ccfad,lbw,c5aef772,true,gt,rcb
1529285,2,false,13,86,0f721006,caught,9440ef41,true,gt,rcb
1529286,1,false,0,3,6c19c6e5,caught and bowled,3fb19989,true,rr,dc
1529286,1,false,1,11,470f446b,bowled,68c56d09,true,rr,dc
1529286,1,false,11,71,bcf325d2,caught,2e171977,true,rr,dc
1529286,1,false,16,101,fe93fd9d,caught,3fb19989,true,rr,dc
1529286,1,false,16,103,04a418e8,caught,3fb19989,true,rr,dc
1529286,1,false,19,121,6b2ff18f,caught,ce794613,true,rr,dc
1529286,2,false,9,58,8ee36b18,lbw,fe93fd9d,true,dc,rr
1529286,2,false,14,88,fb2d1dda,caught,46a9bea1,true,dc,rr
1529286,2,false,15,93,b17e2f24,caught,5574750c,true,dc,rr
1529287,1,false,1,8,9caf69a1,caught,fcc21ace,true,mi,csk
1529287,1,false,6,40,e66732f8,caught,efc04be7,true,mi,csk
1529287,1,false,10,64,271f83cd,caught,dee07622,true,mi,csk
1529287,1,false,12,77,b0482a1d,caught,efc04be7,true,mi,csk
1529287,1,false,16,101,fffa744b,caught,59559bc2,true,mi,csk
1529287,1,false,17,104,bafd0398,bowled,fcc21ace,true,mi,csk
1529287,1,false,19,118,dbe50b21,caught,fcc21ace,true,mi,csk
1529287,2,false,1,12,a4cc73aa,caught,462411b3,true,csk,mi
1529287,2,false,5,35,cf59b3f0,bowled,9ca68676,true,csk,mi
1529288,1,false,3,23,f29185a1,caught,5d2eea49,true,srh,kkr
1529288,1,false,8,56,12b610c2,caught,5b7ab5a9,true,srh,kkr
1529288,1,false,10,66,235c2bb6,caught,eaa76d3c,true,srh,kkr
1529288,1,false,11,71,c1e53c3f,caught,5b7ab5a9,true,srh,kkr
1529288,1,false,13,85,a3b0600d,caught,5b7ab5a9,true,srh,kkr
1529288,1,false,15,94,d7423da1,bowled,9d430b40,true,srh,kkr
1529288,1,false,15,99,752f7486,caught,9d430b40,true,srh,kkr
1529288,1,false,16,105,ded9240e,caught and bowled,e4cdf230,true,srh,kkr
1529288,1,false,17,106,7b44eb3e,caught,7c3b3b78,true,srh,kkr
1529288,1,false,18,118,f986ca1a,caught,5d2eea49,true,srh,kkr
1529288,2,false,3,25,bf74b130,caught,ded9240e,true,kkr,srh
1529288,2,false,14,95,29e95537,caught,280fff14,true,kkr,srh
1529288,2,false,16,106,d7017798,caught,7b44eb3e,true,kkr,srh
1529289,1,false,0,2,b5797845,caught,2f49c897,true,pbks,gt
1529289,1,false,0,3,fe366f34,caught,2f49c897,true,pbks,gt
1529289,1,false,5,33,9418198b,caught,e62dd25d,true,pbks,gt
1529289,1,false,6,40,d1a60072,caught,0f721006,true,pbks,gt
1529289,1,false,8,53,85ec8e33,bowled,0f721006,true,pbks,gt
1529289,1,false,15,98,970ddd24,caught,e62dd25d,true,pbks,gt
1529289,1,false,17,110,d9273ee7,caught,0f721006,true,pbks,gt
1529289,1,false,17,111,3b53243a,bowled,0f721006,true,pbks,gt
1529289,1,false,19,125,81c36ee9,caught,5f547c8b,true,pbks,gt
1529289,2,false,1,9,b4b99816,caught,244048f6,true,gt,pbks
1529289,2,false,8,51,99b75528,caught,54e52590,true,gt,pbks
1529289,2,false,11,71,3cea23da,caught,d9273ee7,true,gt,pbks
1529289,2,false,14,91,d5130a30,caught,54e52590,true,gt,pbks
1529289,2,false,16,104,39a2dfa8,caught,81c36ee9,true,gt,pbks
1529289,2,false,18,115,0f721006,caught,244048f6,true,gt,pbks
1529290,1,false,2,15,989889ff,caught,9ca68676,true,lsg,mi
1529290,1,false,8,51,3241e3fd,caught,172dff15,true,lsg,mi
1529290,1,false,8,56,3d8feaf8,caught,172dff15,true,lsg,mi
1529290,1,false,10,69,919a3be2,caught,9caf69a1,true,lsg,mi
1529290,1,false,12,78,d8d67045,caught and bowled,5b615e7c,true,lsg,mi
1529290,2,false,10,66,e66732f8,caught,c33d8116,true,mi,lsg
1529290,2,false,13,85,740742ef,caught,cf0ccafa,true,mi,lsg
1529290,2,false,15,95,b0482a1d,caught,cf0ccafa,true,mi,lsg
1529290,2,false,17,109,271f83cd,caught,8cf9814c,true,mi,lsg
1529291,1,false,3,24,8ee36b18,caught,765a4731,true,dc,csk
1529291,1,false,5,31,b17e2f24,caught,4d7f517e,true,dc,csk
1529291,1,false,7,48,944533a5,caught,efc04be7,true,dc,csk
1529291,1,false,9,57,fb2d1dda,caught,efc04be7,true,dc,csk
1529291,1,false,10,66,2e171977,caught,cc61ee8f,true,dc,csk
1529291,1,false,18,115,85b3fab2,caught,59559bc2,true,dc,csk
1529291,1,false,19,121,84d9c311,run out,,false,dc,csk
1529291,2,false,3,25,45a43fe2,caught,f834dcfc,true,csk,dc
1529291,2,false,6,41,cf59b3f0,stumped,2e171977,true,csk,dc
1529292,1,false,3,22,f29185a1,caught,2f9d0389,true,srh,pbks
1529292,1,false,6,43,12b610c2,caught,57ee1fde,true,srh,pbks
1529292,1,false,14,92,752f7486,caught,244048f6,true,srh,pbks
1529292,1,false,19,125,235c2bb6,caught,54e52590,true,srh,pbks
1529292,2,false,0,6,b5797845,caught,ded9240e,true,pbks,srh
1529292,2,false,1,7,9418198b,caught,aad0c365,true,pbks,srh
1529292,2,false,3,21,85ec8e33,caught,5750bcb4,true,pbks,srh
1529292,2,false,6,44,d9273ee7,caught,7b44eb3e,true,pbks,srh
1529292,2,false,11,76,970ddd24,caught,ded9240e,true,pbks,srh
1529292,2,false,12,81,26989d80,caught,280fff14,true,pbks,srh
1529292,2,false,19,122,81c36ee9,caught,7b44eb3e,true,pbks,srh
1529293,1,false,9,57,2d140b79,caught,5b8c830e,true,lsg,rcb
1529293,1,false,16,100,3d8feaf8,caught,03806cf8,true,lsg,rcb
1529293,1,false,18,115,3241e3fd,caught,b8527c3d,true,lsg,rcb
1529293,2,false,0,8,3c55c703,caught,8cf9814c,true,rcb,lsg
1529293,2,false,1,11,ba607b88,bowled,80b2fb19,true,rcb,lsg
1529293,2,false,10,65,2c25d4f5,caught and bowled,80b2fb19,true,rcb,lsg
1529293,2,false,10,69,800d2d97,caught,80b2fb19,true,rcb,lsg
1529293,2,false,11,73,c740ea83,caught,f9e6e7ef,true,rcb,lsg
1529293,2,false,15,100,f1f99156,caught,f9e6e7ef,true,rcb,lsg
1529294,1,false,4,30,b17e2f24,caught,5d2eea49,true,dc,kkr
1529294,1,false,7,48,fb2d1dda,caught,eaa76d3c,true,dc,kkr
1529294,1,false,9,59,f89d3b11,caught,9d430b40,true,dc,kkr
1529294,1,false,10,62,8ee36b18,stumped,e4cdf230,true,dc,kkr
1529294,1,false,10,67,85b3fab2,bowled,e4cdf230,true,dc,kkr
1529294,1,false,18,113,2e171977,caught,7c3b3b78,true,dc,kkr
1529294,1,false,19,118,84d9c311,caught,5d2eea49,true,dc,kkr
1529294,1,false,19,120,3fb19989,run out,,false,dc,kkr
1529294,2,false,2,18,29e95537,run out,,false,kkr,dc
1529294,2,false,3,22,d7017798,bowled,2e171977,true,kkr,dc
1529295,1,false,10,73,d5130a30,caught,02dfebbe,true,gt,rr
1529295,1,false,13,89,99b75528,caught,fe93fd9d,true,gt,rr
1529295,1,false,16,108,b4b99816,caught,133bbd61,true,gt,rr
1529295,1,false,18,121,0f721006,caught,133bbd61,true,gt,rr
1529295,2,false,2,18,470f446b,caught,2f49c897,true,rr,gt
1529295,2,false,3,22,6c19c6e5,caught,e62dd25d,true,rr,gt
1529295,2,false,5,35,48a1d7b7,caught,e62dd25d,true,rr,gt
1529295,2,false,7,46,bcf325d2,bowled,5f547c8b,true,rr,gt
1529295,2,false,7,48,f0af99a7,bowled,5f547c8b,true,rr,gt
1529295,2,false,11,71,6b2ff18f,bowled,5f547c8b,true,rr,gt
1529295,2,false,13,84,fe93fd9d,lbw,5f547c8b,true,rr,gt
1529295,2,false,14,90,5574750c,caught,0f721006,true,rr,gt
1529295,2,false,16,99,3ff033bb,caught,0f721006,true,rr,gt
1529295,2,false,16,101,46a9bea1,caught,0f721006,true,rr,gt
1529296,1,false,5,32,3d8feaf8,caught,fcc21ace,true,lsg,csk
1529296,1,false,6,41,3241e3fd,caught,efc04be7,true,lsg,csk
1529296,1,false,9,58,989889ff,caught,59559bc2,true,lsg,csk
1529296,1,false,9,61,919a3be2,bowled,59559bc2,true,lsg,csk
1529296,1,false,12,77,6a26221c,run out,,false,lsg,csk
1529296,1,false,14,91,d8d67045,caught,59559bc2,true,lsg,csk
1529296,1,false,19,124,ebcfef83,bowled,fcc21ace,true,lsg,csk
1529296,1,false,19,125,8cf9814c,run out,,false,lsg,csk
1529296,2,false,3,22,a4cc73aa,bowled,13fc5c6d,true,csk,lsg
1529296,2,false,9,57,cf59b3f0,caught,f9e6e7ef,true,csk,lsg
1529296,2,false,12,79,45a43fe2,bowled,f9e6e7ef,true,csk,lsg
1529296,2,false,15,99,844e79d1,bowled,13fc5c6d,true,csk,lsg
1529296,2,false,16,100,7b679de5,caught,eef2536f,true,csk,lsg
1529297,1,false,0,6,e66732f8,caught,2e81a32d,true,mi,rcb
1529297,1,false,2,18,740742ef,caught,2e81a32d,true,mi,rcb
1529297,1,false,2,19,271f83cd,caught,2e81a32d,true,mi,rcb
1529297,1,false,12,77,fffa744b,bowled,b8527c3d,true,mi,rcb
1529297,1,false,15,95,9caf69a1,caught,c5aef772,true,mi,rcb
1529297,1,false,17,111,b0482a1d,bowled,2e81a32d,true,mi,rcb
1529297,1,false,18,117,ba6b2f91,caught,03806cf8,true,mi,rcb
1529297,2,false,0,5,ba607b88,caught,23eeb873,true,rcb,mi
1529297,2,false,2,19,2c25d4f5,caught,23eeb873,true,rcb,mi
1529297,2,false,5,34,c740ea83,caught,172dff15,true,rcb,mi
1529297,2,false,12,77,3c55c703,caught,172dff15,true,rcb,mi
1529297,2,false,15,101,800d2d97,caught,172dff15,true,rcb,mi
1529297,2,false,15,102,f1f99156,caught,172dff15,true,rcb,mi
1529297,2,false,17,115,5b8c830e,caught,9ca68676,true,rcb,mi
1529297,2,false,19,127,c5aef772,caught,ba6b2f91,true,rcb,mi
1529298,1,false,6,46,9418198b,caught,2cffab74,true,pbks,dc
1529298,1,false,8,59,b5797845,caught,fb5f69e4,true,pbks,dc
1529298,1,false,17,115,fe366f34,caught,fb5f69e4,true,pbks,dc
1529298,1,false,18,118,d9273ee7,caught,3fb19989,true,pbks,dc
1529298,1,false,18,119,26989d80,caught,3fb19989,true,pbks,dc
1529298,2,false,1,11,ad3b6e95,bowled,4b31f3a3,true,dc,pbks
1529298,2,false,2,15,b17e2f24,caught,244048f6,true,dc,pbks
1529298,2,false,4,27,926c7443,caught,244048f6,true,dc,pbks
1529298,2,false,8,55,85b3fab2,run out,,false,dc,pbks
1529298,2,false,13,92,2e171977,caught,d9273ee7,true,dc,pbks
1529298,2,false,16,107,d67d5f00,caught,e1b9f3a9,true,dc,pbks
1529298,2,false,18,121,84d9c311,caught,4b31f3a3,true,dc,pbks
1529299,1,false,2,14,b4b99816,caught,ece7b6b3,true,gt,srh
1529299,1,false,5,31,99b75528,caught,ece7b6b3,true,gt,srh
1529299,1,false,9,57,3cea23da,caught,ded9240e,true,gt,srh
1529299,1,false,16,100,d5130a30,caught,280fff14,true,gt,srh
1529299,1,false,19,125,f19ccfad,caught,280fff14,true,gt,srh
1529299,2,false,0,4,12b610c2,caught,2f49c897,true,srh,gt
1529299,2,false,1,10,f29185a1,bowled,e62dd25d,true,srh,gt
1529299,2,false,3,19,752f7486,caught,e62dd25d,true,srh,gt
1529299,2,false,5,35,c1e53c3f,caught,e62dd25d,true,srh,gt
1529299,2,false,9,58,d7423da1,caught,85e0cf10,true,srh,gt
1529299,2,false,10,61,235c2bb6,caught,0f721006,true,srh,gt
1529299,2,false,10,65,aad0c365,caught,0f721006,true,srh,gt
1529299,2,false,12,75,7b44eb3e,caught,0f721006,true,srh,gt
1529299,2,false,13,83,ded9240e,caught,85e0cf10,true,srh,gt
1529299,2,false,14,90,ece7b6b3,stumped,5f547c8b,true,srh,gt
1529300,1,false,2,15,bf74b130,caught,2e81a32d,true,kkr,rcb
1529300,1,false,4,28,29e95537,caught and bowled,03806cf8,true,kkr,rcb
1529300,1,false,12,76,eaa76d3c,bowled,b8527c3d,true,kkr,rcb
1529300,1,false,19,122,d7017798,run out,,false,kkr,rcb
1529300,2,false,3,20,3c55c703,caught and bowled,5d2eea49,true,rcb,kkr
1529300,2,false,13,85,2c25d4f5,caught,5d2eea49,true,rcb,kkr
1529300,2,false,15,104,c740ea83,caught,9d430b40,true,rcb,kkr
1529300,2,false,17,116,f1f99156,caught,5d2eea49,true,rcb,kkr
1529301,1,false,5,34,b5797845,bowled,23eeb873,true,pbks,mi
1529301,1,false,11,71,9418198b,caught,1abb78f8,true,pbks,mi
1529301,1,false,11,73,85ec8e33,bowled,1abb78f8,true,pbks,mi
1529301,1,false,12,78,fe366f34,bowled,ba6b2f91,true,pbks,mi
1529301,1,false,13,85,970ddd24,caught,1abb78f8,true,pbks,mi
1529301,1,false,14,93,26989d80,lbw,172dff15,true,pbks,mi
1529301,1,false,16,104,81c36ee9,bowled,1abb78f8,true,pbks,mi
1529301,1,false,17,114,8f6dd463,caught,23eeb873,true,pbks,mi
1529301,2,false,6,39,e66732f8,caught,8f6dd463,true,mi,pbks
1529301,2,false,8,53,fffa744b,caught,81c36ee9,true,mi,pbks
1529301,2,false,9,58,740742ef,bowled,57ee1fde,true,mi,pbks
1529301,2,false,16,102,d014d5ac,caught,8f6dd463,true,mi,pbks
1529302,1,false,3,24,45a43fe2,caught,b483905d,true,csk,lsg
1529302,1,false,5,34,a4cc73aa,caught,b483905d,true,csk,lsg
1529302,1,false,7,48,cf59b3f0,caught,b483905d,true,csk,lsg
1529302,1,false,14,93,844e79d1,caught,8cf9814c,true,csk,lsg
1529302,1,false,15,101,7b679de5,caught,f9e6e7ef,true,csk,lsg
1529302,2,false,11,73,989889ff,caught,765a4731,true,lsg,csk
1529302,2,false,11,74,3d8feaf8,run out,,false,lsg,csk
1529302,2,false,13,83,8e514b4c,bowled,83c3e8e3,true,lsg,csk
1529303,1,false,4,27,29e95537,bowled,2f49c897,true,kkr,gt
1529303,1,false,11,71,bf74b130,caught,c7a995d3,true,kkr,gt
1529303,2,false,4,30,3cea23da,caught,9d430b40,true,gt,kkr
1529303,2,false,16,104,b4b99816,caught,9d430b40,true,gt,kkr
1529303,2,false,18,120,99b75528,caught,11061889,true,gt,kkr
1529303,2,false,19,127,39a2dfa8,caught,eaa76d3c,true,gt,kkr
1529304,1,false,2,15,3c55c703,bowled,c05edf8e,true,rcb,pbks
1529304,1,false,9,59,2c25d4f5,caught,c05edf8e,true,rcb,pbks
1529304,1,false,14,94,ba607b88,caught,57ee1fde,true,rcb,pbks
1529304,1,false,19,126,f1f99156,caught,244048f6,true,rcb,pbks
1529304,2,false,0,4,b5797845,caught,2e81a32d,true,pbks,rcb
1529304,2,false,2,18,9418198b,caught,2e81a32d,true,pbks,rcb
1529304,2,false,3,21,85ec8e33,caught,b8527c3d,true,pbks,rcb
1529304,2,false,7,48,fe366f34,caught,c5aef772,true,pbks,rcb
1529304,2,false,10,69,970ddd24,caught,9440ef41,true,pbks,rcb
1529304,2,false,16,103,d9273ee7,lbw,03806cf8,true,pbks,rcb
1529304,2,false,19,124,26989d80,caught,b8527c3d,true,pbks,rcb
1529304,2,false,19,128,8f6dd463,caught,b8527c3d,true,pbks,rcb
1529305,1,false,1,11,6c19c6e5,caught,f834dcfc,true,rr,dc
1529305,1,false,7,48,470f446b,caught,fb5f69e4,true,rr,dc
1529305,1,false,14,92,04a418e8,caught,3fb19989,true,rr,dc
1529305,1,false,14,93,f0af99a7,caught,3fb19989,true,rr,dc
1529305,1,false,14,95,548516a6,lbw,3fb19989,true,rr,dc
1529305,1,false,16,107,6b2ff18f,caught,fb5f69e4,true,rr,dc
1529305,1,false,18,119,3ff033bb,caught,3fb19989,true,rr,dc
1529305,1,false,19,124,bcf325d2,lbw,f834dcfc,true,rr,dc
1529305,2,false,10,64,ad3b6e95,caught,133bbd61,true,dc,rr
1529305,2,false,12,79,926c7443,caught,5574750c,true,dc,rr
1529305,2,false,14,91,b17e2f24,bowled,3ff033bb,true,dc,rr
1529305,2,false,16,104,85b3fab2,caught,5574750c,true,dc,rr
1529305,2,false,18,115,d67d5f00,caught,133bbd61,true,dc,rr
1529306,1,false,2,16,a4cc73aa,caught,ded9240e,true,csk,srh
1529306,1,false,4,29,cf59b3f0,bowled,280fff14,true,csk,srh
1529306,1,false,9,61,7b679de5,caught,ded9240e,true,csk,srh
1529306,1,false,11,73,45a43fe2,caught,ded9240e,true,csk,srh
1529306,1,false,17,113,844e79d1,bowled,5750bcb4,true,csk,srh
1529306,1,false,18,118,a4e37e47,bowled,280fff14,true,csk,srh
1529306,1,false,19,129,e148e6bd,caught and bowled,ece7b6b3,true,csk,srh
1529306,2,false,2,16,12b610c2,caught and bowled,765a4731,true,srh,csk
1529306,2,false,7,47,f29185a1,caught,4d7f517e,true,srh,csk
1529306,2,false,14,90,235c2bb6,stumped,efc04be7,true,srh,csk
1529306,2,false,17,107,aad0c365,caught,765a4731,true,srh,csk
1529306,2,false,18,117,752f7486,caught,fcc21ace,true,srh,csk
1529307,1,false,8,52,989889ff,bowled,02dfebbe,true,lsg,rr
1529307,1,false,12,80,3241e3fd,caught,02dfebbe,true,lsg,rr
1529307,1,false,19,125,919a3be2,run out,,false,lsg,rr
1529307,1,false,19,129,3d8feaf8,run out,,false,lsg,rr
1529307,1,false,19,130,872b03f7,bowled,5574750c,true,lsg,rr
1529307,2,false,6,42,6c19c6e5,caught,b483905d,true,rr,lsg
1529307,2,false,13,90,470f446b,caught,c33d8116,true,rr,lsg
1529307,2,false,16,104,60aa2db3,run out,,false,rr,lsg
1529308,1,false,2,16,e66732f8,caught,eaa76d3c,true,mi,kkr
1529308,1,false,2,19,fffa744b,caught,eaa76d3c,true,mi,kkr
1529308,1,false,3,24,740742ef,caught,11061889,true,mi,kkr
1529308,1,false,5,35,271f83cd,bowled,11061889,true,mi,kkr
1529308,1,false,13,84,b0482a1d,caught,5d2eea49,true,mi,kkr
1529308,1,false,15,94,dbe50b21,bowled,9d430b40,true,mi,kkr
1529308,1,false,16,103,9caf69a1,run out,,false,mi,kkr
1529308,1,false,19,123,23eeb873,caught,5d2eea49,true,mi,kkr
1529308,2,false,0,7,bf74b130,bowled,23eeb873,true,kkr,mi
1529308,2,false,5,37,29e95537,caught,172dff15,true,kkr,mi
1529308,2,false,7,46,eaa76d3c,caught,172dff15,true,kkr,mi
1529308,2,false,14,95,93b4fc78,bowled,462411b3,true,kkr,mi
1529308,2,false,15,97,650d5e49,caught,9ca68676,true,kkr,mi
1529308,2,false,17,112,f12fe2a1,caught,172dff15,true,kkr,mi
1529309,1,false,12,78,b4b99816,caught,83c3e8e3,true,gt,csk
1529309,1,false,18,119,d5130a30,caught,fcc21ace,true,gt,csk
1529309,1,false,18,120,39a2dfa8,run out,,false,gt,csk
1529309,1,false,19,129,f19ccfad,caught,765a4731,true,gt,csk
1529309,2,false,0,1,a4cc73aa,caught,2f49c897,true,csk,gt
1529309,2,false,2,15,45a43fe2,bowled,2f49c897,true,csk,gt
1529309,2,false,2,17,cf59b3f0,caught,2f49c897,true,csk,gt
1529309,2,false,5,32,a90e53ec,caught,e62dd25d,true,csk,gt
1529309,2,false,6,43,7b679de5,run out,,false,csk,gt
1529309,2,false,10,66,a4e37e47,caught,5f547c8b,true,csk,gt
1529309,2,false,12,76,fcc21ace,caught,5f547c8b,true,csk,gt
1529309,2,false,12,80,844e79d1,caught,5f547c8b,true,csk,gt
1529309,2,false,13,85,efc04be7,caught and bowled,e62dd25d,true,csk,gt
1529309,2,false,13,86,83c3e8e3,caught,e62dd25d,true,csk,gt
1529310,1,false,3,25,12b610c2,bowled,b8527c3d,true,srh,rcb
1529310,1,false,8,53,f29185a1,caught,9440ef41,true,srh,rcb
1529310,1,false,16,108,235c2bb6,caught,5b8c830e,true,srh,rcb
1529310,1,false,19,133,752f7486,caught,b8527c3d,true,srh,rcb
1529310,2,false,4,29,a24be938,caught,5750bcb4,true,rcb,srh
1529310,2,false,5,37,ba607b88,caught,280fff14,true,rcb,srh
1529310,2,false,8,55,2c25d4f5,caught,5750bcb4,true,rcb,srh
1529310,2,false,18,115,c740ea83,caught,12b610c2,true,rcb,srh
1529311,1,false,1,7,2d140b79,caught,8f6dd463,true,lsg,pbks
1529311,1,false,2,18,3241e3fd,bowled,81c36ee9,true,lsg,pbks
1529311,1,false,6,42,872b03f7,stumped,57ee1fde,true,lsg,pbks
1529311,1,false,13,87,919a3be2,caught,57ee1fde,true,lsg,pbks
1529311,1,false,16,107,989889ff,caught,26989d80,true,lsg,pbks
1529311,1,false,17,112,1c84109e,caught,81c36ee9,true,lsg,pbks
1529311,2,false,0,1,b5797845,caught,8cf9814c,true,pbks,lsg
1529311,2,false,2,16,fe366f34,bowled,8cf9814c,true,pbks,lsg
1529311,2,false,14,93,9418198b,lbw,44aac2f0,true,pbks,lsg
1529312,1,false,3,24,6c19c6e5,caught,9caf69a1,true,rr,mi
1529312,1,false,4,27,470f446b,caught,23eeb873,true,rr,mi
1529312,1,false,5,38,04a418e8,caught,9ca68676,true,rr,mi
1529312,1,false,10,66,3ff033bb,run out,,false,rr,mi
1529312,1,false,12,80,bcf325d2,bowled,172dff15,true,rr,mi
1529312,1,false,15,96,f0af99a7,caught,23eeb873,true,rr,mi
1529312,1,false,17,110,6b2ff18f,caught,1abb78f8,true,rr,mi
1529312,1,false,17,112,5574750c,caught,1abb78f8,true,rr,mi
1529312,2,false,0,4,740742ef,caught,5574750c,true,mi,rr
1529312,2,false,2,15,fffa744b,bowled,5574750c,true,mi,rr
1529312,2,false,3,20,e66732f8,caught,465aa633,true,mi,rr
1529312,2,false,5,31,b0482a1d,bowled,133bbd61,true,mi,rr
1529312,2,false,11,70,9caf69a1,caught,02dfebbe,true,mi,rr
1529312,2,false,15,97,dbe50b21,caught,5574750c,true,mi,rr
1529312,2,false,16,102,172dff15,caught,02dfebbe,true,mi,rr
1529312,2,false,17,110,271f83cd,caught and bowled,465aa633,true,mi,rr
1529312,2,false,18,116,23eeb873,lbw,133bbd61,true,mi,rr
1529313,1,false,4,29,ad3b6e95,caught,11061889,true,dc,kkr
1529313,1,false,9,59,926c7443,caught,9d430b40,true,dc,kkr
1529313,1,false,12,80,b17e2f24,caught,e4cdf230,true,dc,kkr
1529313,1,false,16,107,2e171977,caught,5b7ab5a9,true,dc,kkr
1529313,1,false,19,127,d67d5f00,caught,11061889,true,dc,kkr
1529313,2,false,4,26,bf74b130,bowled,f834dcfc,true,kkr,dc
1529313,2,false,8,53,93b4fc78,caught,f834dcfc,true,kkr,dc
1529313,2,false,9,60,eaa76d3c,caught,8d2c70ad,true,kkr,dc
1529313,2,false,13,83,29e95537,caught,8d2c70ad,true,kkr,dc
1529313,2,false,13,84,0a509d6b,caught,8d2c70ad,true,kkr,dc
1529313,2,false,14,88,f12fe2a1,bowled,2e171977,true,kkr,dc
1529313,2,false,17,107,650d5e49,run out,,false,kkr,dc
1529313,2,false,17,108,e4cdf230,caught and bowled,3fb19989,true,kkr,dc
1529313,2,false,17,110,5d2eea49,caught,3fb19989,true,kkr,dc
1529313,2,false,18,116,5b7ab5a9,caught,f834dcfc,true,kkr,dc
1535462,1,false,1,12,a24be938,caught,e62dd25d,true,rcb,gt
1535462,1,false,8,50,ba607b88,bowled,0f721006,true,rcb,gt
1535462,1,false,8,52,2c25d4f5,caught,0f721006,true,rcb,gt
1535462,1,false,16,100,5b8c830e,caught,e62dd25d,true,rcb,gt
1535462,1,false,17,113,f1f99156,bowled,85e0cf10,true,rcb,gt
1535462,2,false,2,16,d5130a30,hit wicket,dadbdb68,true,gt,rcb
1535462,2,false,3,20,b4b99816,bowled,2e81a32d,true,gt,rcb
1535462,2,false,4,30,99b75528,bowled,03806cf8,true,gt,rcb
1535462,2,false,5,32,3cea23da,caught and bowled,b8527c3d,true,gt,rcb
1535462,2,false,5,35,0f721006,caught,b8527c3d,true,gt,rcb
1535462,2,false,8,53,f19ccfad,caught,dadbdb68,true,gt,rcb
1535462,2,false,10,67,5f547c8b,caught,dadbdb68,true,gt,rcb
1535462,2,false,11,73,e62dd25d,caught,5b8c830e,true,gt,rcb
1535462,2,false,18,116,39a2dfa8,caught,2e81a32d,true,gt,rcb
1535462,2,false,19,124,2f49c897,caught,5b8c830e,true,gt,rcb
1535463,1,false,7,51,470f446b,caught,ece7b6b3,true,rr,srh
1535463,1,false,10,65,6c19c6e5,caught,7b44eb3e,true,rr,srh
1535463,1,false,13,87,bcf325d2,caught,ece7b6b3,true,rr,srh
1535463,1,false,15,96,04a418e8,caught,ece7b6b3,true,rr,srh
1535463,1,false,16,101,3ff033bb,caught,5750bcb4,true,rr,srh
1535463,1,false,18,113,f0af99a7,run out,,false,rr,srh
1535463,1,false,18,118,5574750c,caught,aad0c365,true,rr,srh
1535463,1,false,19,120,465aa633,run out,,false,rr,srh
1535463,2,false,0,2,f29185a1,caught,5574750c,true,srh,rr
1535463,2,false,2,18,752f7486,caught,5574750c,true,srh,rr
1535463,2,false,3,22,c1e53c3f,caught,465aa633,true,srh,rr
1535463,2,false,4,30,12b610c2,bowled,5574750c,true,srh,rr
1535463,2,false,6,44,235c2bb6,lbw,02dfebbe,true,srh,rr
1535463,2,false,10,69,aad0c365,caught,fe93fd9d,true,srh,rr
1535463,2,false,11,72,ded9240e,caught,92500ad5,true,srh,rr
1535463,2,false,14,97,d7423da1,caught,fe93fd9d,true,srh,rr
1535463,2,false,17,115,5750bcb4,caught,465aa633,true,srh,rr
1535463,2,false,19,128,7b44eb3e,caught,92500ad5,true,srh,rr
1535464,1,false,0,4,6c19c6e5,caught,2f49c897,true,rr,gt
1535464,1,false,1,11,bcf325d2,caught,e62dd25d,true,rr,gt
1535464,1,false,9,59,04a418e8,caught,0f721006,true,rr,gt
1535464,1,false,11,71,3ff033bb,caught,0f721006,true,rr,gt
1535464,1,false,12,78,5574750c,caught,85e0cf10,true,rr,gt
1535464,1,false,17,106,470f446b,caught,e62dd25d,true,rr,gt
1535464,2,false,12,83,d5130a30,hit wicket,133bbd61,true,gt,rr
1535464,2,false,14,96,b4b99816,lbw,5574750c,true,gt,rr
1535464,2,false,17,109,f19ccfad,caught,465aa633,true,gt,rr
1535465,1,false,2,17,b4b99816,caught,03806cf8,true,gt,rcb
1535465,1,false,3,25,d5130a30,caught,2e81a32d,true,gt,rcb
1535465,1,false,7,51,3cea23da,caught,b8527c3d,true,gt,rcb
1535465,1,false,12,76,99b75528,stumped,5b8c830e,true,gt,rcb
1535465,1,false,14,88,12314277,caught,03806cf8,true,gt,rcb
1535465,1,false,16,100,39a2dfa8,caught,b8527c3d,true,gt,rcb
1535465,1,false,18,115,0f721006,caught,2e81a32d,true,gt,rcb
1535465,1,false,19,120,5f547c8b,caught,b8527c3d,true,gt,rcb
1535465,2,false,4,27,a24be938,caught,2f49c897,true,rcb,gt
1535465,2,false,5,31,2c25d4f5,caught,e62dd25d,true,rcb,gt
1535465,2,false,8,51,c740ea83,caught,5f547c8b,true,rcb,gt
1535465,2,false,8,54,5b8c830e,lbw,5f547c8b,true,rcb,gt
1535465,2,false,13,85,f1f99156,caught,12314277,true,rcb,gt
335982,1,false,5,34,725529bc,caught,91a4a398,true,kkr,rcb
335982,1,false,12,75,7d415ea5,caught,86dc8f2e,true,kkr,rcb
335982,1,false,17,107,fd835ab3,caught,b69e69ed,true,kkr,rcb
335982,2,false,1,8,0184dc35,bowled,5bb1a1c4,true,rcb,kkr
335982,2,false,2,15,ba607b88,bowled,66b30f71,true,rcb,kkr
335982,2,false,4,31,86dc8f2e,caught,fa463154,true,rcb,kkr
335982,2,false,5,34,619aa81f,caught,66b30f71,true,rcb,kkr
335982,2,false,7,51,f3cb53a1,caught,725529bc,true,rcb,kkr
335982,2,false,8,54,af7dadf7,caught,fa463154,true,rcb,kkr
335982,2,false,8,60,d0513f63,caught,fa463154,true,rcb,kkr
335982,2,false,11,74,b69e69ed,run out,,false,rcb,kkr
335982,2,false,13,87,91a4a398,bowled,725529bc,true,rcb,kkr
335982,2,false,15,101,670709ec,caught,b1451597,true,rcb,kkr
335983,1,false,2,18,b5da6c24,caught,dd09ff8e,true,csk,pbks
335983,1,false,6,40,d8699ab7,bowled,5fa06777,true,csk,pbks
335983,1,false,7,45,4a8a2e3b,lbw,2498e163,true,csk,pbks
335983,1,false,12,76,1dc12ab9,caught,3dba85c2,true,csk,pbks
335983,1,false,15,97,3eac9d95,bowled,5fa06777,true,csk,pbks
335983,2,false,5,36,a1f1829d,caught,ae78bc32,true,pbks,csk
335983,2,false,10,65,2498e163,caught,6ad3a659,true,pbks,csk
335983,2,false,14,90,1c914163,caught,9f961c14,true,pbks,csk
335983,2,false,17,110,6b71e6cf,caught,4ba44e19,true,pbks,csk
335984,1,false,2,16,40caa465,caught,ee7d0c82,true,rr,dc
335984,1,false,3,24,3c6ffae8,run out,,false,rr,dc
335984,1,false,6,39,4329fbb5,run out,,false,rr,dc
335984,1,false,7,47,53fe6ee4,lbw,ab89348d,true,rr,dc
335984,1,false,10,64,d84378a4,caught,33a364a6,true,rr,dc
335984,1,false,12,74,de8d3876,bowled,33a364a6,true,rr,dc
335984,1,false,14,88,fe93fd9d,bowled,d7c6af50,true,rr,dc
335984,1,false,17,105,bb18be76,bowled,ab89348d,true,rr,dc
335984,2,false,1,10,8ba8195d,bowled,4329fbb5,true,dc,rr
335985,1,false,1,11,0fa5042b,caught,91a4a398,true,mi,rcb
335985,1,false,3,23,7d3937ed,retired hurt,,false,mi,rcb
335985,1,false,5,36,f233bbb4,run out,,false,mi,rcb
335985,1,false,13,83,0aadc906,caught,af7dadf7,true,mi,rcb
335985,1,false,16,104,1c17e270,stumped,af7dadf7,true,mi,rcb
335985,1,false,18,116,a45a5e8d,caught,e938e1bc,true,mi,rcb
335985,1,false,19,123,88fccd6c,bowled,91a4a398,true,mi,rcb
335985,2,false,4,31,881a9bdd,caught,d2a989fc,true,rcb,mi
335985,2,false,8,55,0184dc35,caught and bowled,8b5b6769,true,rcb,mi
335985,2,false,9,62,b61a3e1a,caught,f233bbb4,true,rcb,mi
335985,2,false,13,84,ba607b88,caught,96fd40ae,true,rcb,mi
335985,2,false,18,116,86dc8f2e,caught,8b5b6769,true,rcb,mi
335986,1,false,3,23,fe763256,caught,5bb1a1c4,true,deccan,kkr
335986,1,false,4,30,de8cce37,caught,66b30f71,true,deccan,kkr
335986,1,false,8,53,2b6e6dec,caught,abfeb126,true,deccan,kkr
335986,1,false,8,56,740742ef,caught,abfeb126,true,deccan,kkr
335986,1,false,11,74,57efa3be,bowled,9ab63e7b,true,deccan,kkr
335986,1,false,14,91,b9be6507,caught,fd835ab3,true,deccan,kkr
335986,1,false,17,112,bd77eb62,caught,fa463154,true,deccan,kkr
335986,1,false,17,114,bcce309e,caught,fa463154,true,deccan,kkr
335986,1,false,18,117,0604ef16,caught,abfeb126,true,deccan,kkr
335986,1,false,18,118,6c6591ab,run out,,false,deccan,kkr
335986,2,false,1,8,b8a55852,caught,c3d1402f,true,kkr,deccan
335986,2,false,2,13,7d415ea5,lbw,bcce309e,true,kkr,deccan
335986,2,false,4,26,fe11caa6,caught,bcce309e,true,kkr,deccan
335986,2,false,12,86,725529bc,bowled,6c6591ab,true,kkr,deccan
335986,2,false,16,107,9ab63e7b,caught,6c6591ab,true,kkr,deccan
335987,1,false,4,29,a1f1829d,bowled,f0f628c7,true,pbks,rr
335987,1,false,6,39,6b71e6cf,caught and bowled,bb18be76,true,pbks,rr
335987,1,false,7,46,d18f9182,stumped,0264c10e,true,pbks,rr
335987,1,false,8,55,2498e163,lbw,bb18be76,true,pbks,rr
335987,1,false,16,102,1c914163,lbw,bb18be76,true,pbks,rr
335987,1,false,17,105,5fa06777,bowled,3d7e087f,true,pbks,rr
335987,1,false,17,107,dd09ff8e,caught,3d7e087f,true,pbks,rr
335987,1,false,18,115,3fca55af,run out,,false,pbks,rr
335987,2,false,1,8,d84378a4,caught,6b8eb6e5,true,rr,pbks
335987,2,false,2,18,3c6ffae8,caught and bowled,dd09ff8e,true,rr,pbks
335987,2,false,4,35,ff077124,caught,2498e163,true,rr,pbks
335987,2,false,11,75,53fe6ee4,lbw,5fa06777,true,rr,pbks
335988,1,false,1,12,2b6e6dec,bowled,e03b66ec,true,deccan,dc
335988,1,false,5,31,de8cce37,bowled,e03b66ec,true,deccan,dc
335988,1,false,7,48,fe763256,caught,ab89348d,true,deccan,dc
335988,1,false,9,57,bd77eb62,caught,ab89348d,true,deccan,dc
335988,1,false,12,74,0dc00542,lbw,33a364a6,true,deccan,dc
335988,1,false,16,98,0604ef16,run out,,false,deccan,dc
335988,1,false,18,113,740742ef,caught,33a364a6,true,deccan,dc
335988,1,false,19,117,b9be6507,caught,93a17209,true,deccan,dc
335988,2,false,3,21,bb345e0b,caught,c3d1402f,true,dc,deccan
335989,1,false,3,20,b5da6c24,caught,96fd40ae,true,csk,mi
335989,1,false,4,29,48fd7349,bowled,d2a989fc,true,csk,mi
335989,1,false,14,95,1dc12ab9,caught,0d232ffd,true,csk,mi
335989,1,false,18,121,d8699ab7,run out,,false,csk,mi
335989,1,false,19,126,4a8a2e3b,caught,0d232ffd,true,csk,mi
335989,2,false,0,8,0fa5042b,run out,,false,mi,csk
335989,2,false,3,24,f233bbb4,caught,ae78bc32,true,mi,csk
335989,2,false,9,61,1c17e270,bowled,9f961c14,true,mi,csk
335989,2,false,11,76,88fccd6c,bowled,6ad3a659,true,mi,csk
335989,2,false,14,93,87e562a9,caught,9f961c14,true,mi,csk
335989,2,false,15,100,0d232ffd,caught,4ba44e19,true,mi,csk
335989,2,false,18,120,8b5b6769,caught,4ba44e19,true,mi,csk
335990,1,false,2,14,2b6e6dec,stumped,3c6ffae8,true,deccan,rr
335990,1,false,2,18,0dc00542,caught,3c6ffae8,true,deccan,rr
335990,1,false,8,52,de8cce37,caught and bowled,bb18be76,true,deccan,rr
335990,1,false,17,111,740742ef,caught,bb18be76,true,deccan,rr
335990,1,false,19,126,b9be6507,caught,4329fbb5,true,deccan,rr
335990,2,false,2,13,ff077124,caught,bcce309e,true,rr,deccan
335990,2,false,9,58,3c6ffae8,caught,94bc776b,true,rr,deccan
335990,2,false,11,73,4329fbb5,bowled,0dc00542,true,rr,deccan
335990,2,false,17,104,d84378a4,caught,0dc00542,true,rr,deccan
335990,2,false,17,106,72861603,caught,0dc00542,true,rr,deccan
335990,2,false,18,113,fe93fd9d,bowled,c3d1402f,true,rr,deccan
335990,2,false,18,115,0264c10e,run out,,false,rr,deccan
335991,1,false,1,10,5fa06777,caught,96fd40ae,true,pbks,mi
335991,1,false,8,51,a1f1829d,run out,,false,pbks,mi
335991,1,false,10,68,1c914163,caught,88fccd6c,true,pbks,mi
335991,1,false,13,85,36d33dd0,caught,96fd40ae,true,pbks,mi
335991,1,false,16,102,d18f9182,caught,8b5b6769,true,pbks,mi
335991,1,false,17,108,3fca55af,caught,d2a989fc,true,pbks,mi
335991,1,false,18,113,6b71e6cf,caught,8b5b6769,true,pbks,mi
335991,1,false,18,118,98ae73b1,lbw,8b5b6769,true,pbks,mi
335991,1,false,19,120,6b8eb6e5,caught,d2a989fc,true,pbks,mi
335991,1,false,19,124,034b4b7d,run out,,false,pbks,mi
335991,2,false,2,16,f233bbb4,caught and bowled,dd09ff8e,true,mi,pbks
335991,2,false,2,17,0fa5042b,run out,,false,mi,pbks
335991,2,false,8,56,87e562a9,bowled,98ae73b1,true,mi,pbks
335991,2,false,9,59,1c17e270,caught,034b4b7d,true,mi,pbks
335991,2,false,12,78,709b0bac,bowled,98ae73b1,true,mi,pbks
335991,2,false,13,83,a45a5e8d,caught,5fa06777,true,mi,pbks
335991,2,false,13,84,8b5b6769,lbw,5fa06777,true,mi,pbks
335991,2,false,15,96,88fccd6c,caught,6b8eb6e5,true,mi,pbks
335991,2,false,17,108,0d232ffd,hit wicket,6b8eb6e5,true,mi,pbks
335992,1,false,0,2,0184dc35,caught,4329fbb5,true,rcb,rr
335992,1,false,2,15,881a9bdd,caught,4329fbb5,true,rcb,rr
335992,1,false,6,40,86dc8f2e,caught,3d7e087f,true,rcb,rr
335992,1,false,7,47,b61a3e1a,caught,f0f628c7,true,rcb,rr
335992,1,false,9,61,ba607b88,caught,f0f628c7,true,rcb,rr
335992,1,false,11,73,f3cb53a1,caught,bb18be76,true,rcb,rr
335992,1,false,13,87,670709ec,run out,,false,rcb,rr
335992,1,false,19,119,e938e1bc,run out,,false,rcb,rr
335992,2,false,0,4,de8d3876,caught,e938e1bc,true,rr,rcb
335992,2,false,3,20,3c6ffae8,caught,91a4a398,true,rr,rcb
335992,2,false,15,98,72861603,caught,670709ec,true,rr,rcb
335993,1,false,2,16,b8a55852,caught,3eac9d95,true,kkr,csk
335993,1,false,2,17,7d415ea5,caught,3eac9d95,true,kkr,csk
335993,1,false,5,36,fe11caa6,bowled,ae78bc32,true,kkr,csk
335993,1,false,7,46,fd835ab3,caught,6ad3a659,true,kkr,csk
335993,1,false,9,60,725529bc,caught,9f961c14,true,kkr,csk
335993,1,false,14,91,9ab63e7b,caught,6ad3a659,true,kkr,csk
335993,1,false,17,109,fa463154,caught,ae78bc32,true,kkr,csk
335993,1,false,18,115,abfeb126,caught and bowled,3eac9d95,true,kkr,csk
335993,1,false,19,125,b1451597,run out,,false,kkr,csk
335993,2,false,8,54,b5da6c24,caught,fa463154,true,csk,kkr
335994,1,false,2,15,0fa5042b,caught,c3d1402f,true,mi,deccan
335994,1,false,3,24,29e95537,caught,0604ef16,true,mi,deccan
335994,1,false,5,35,1c17e270,caught,0dc00542,true,mi,deccan
335994,1,false,10,66,f233bbb4,caught,0dc00542,true,mi,deccan
335994,1,false,13,85,88fccd6c,bowled,0604ef16,true,mi,deccan
335994,1,false,16,104,a45a5e8d,caught,e0351c86,true,mi,deccan
335994,1,false,19,125,87e562a9,caught,c3d1402f,true,mi,deccan
335995,1,false,1,11,8ba8195d,lbw,5fa06777,true,dc,pbks
335995,1,false,2,16,0a476045,caught,dd09ff8e,true,dc,pbks
335995,1,false,5,38,bb345e0b,caught,034b4b7d,true,dc,pbks
335995,1,false,7,46,64c34cd0,caught,034b4b7d,true,dc,pbks
335995,1,false,11,75,c03f1114,bowled,1c914163,true,dc,pbks
335995,1,false,16,104,33a364a6,bowled,5fa06777,true,dc,pbks
335995,1,false,17,112,26e5cabf,caught,034b4b7d,true,dc,pbks
335995,1,false,19,125,ab89348d,run out,,false,dc,pbks
335995,2,false,0,6,a1f1829d,lbw,ee7d0c82,true,pbks,dc
335995,2,false,1,12,6b71e6cf,caught,e03b66ec,true,pbks,dc
335995,2,false,7,49,d18f9182,caught and bowled,64c34cd0,true,pbks,dc
335995,2,false,13,89,fdedb37c,run out,,false,pbks,dc
335995,2,false,16,105,a76d10ba,caught,93a17209,true,pbks,dc
335995,2,false,17,114,5fa06777,caught,e03b66ec,true,pbks,dc
335996,1,false,3,26,d8699ab7,bowled,91a4a398,true,csk,rcb
335996,1,false,6,41,b5da6c24,caught,e938e1bc,true,csk,rcb
335996,1,false,11,74,1dc12ab9,run out,,false,csk,rcb
335996,1,false,19,122,4a8a2e3b,caught,91a4a398,true,csk,rcb
335996,1,false,19,123,48fd7349,caught,91a4a398,true,csk,rcb
335996,2,false,3,21,5451a2c1,bowled,ae78bc32,true,rcb,csk
335996,2,false,10,71,619aa81f,caught,6ad3a659,true,rcb,csk
335996,2,false,14,90,86dc8f2e,caught,9f961c14,true,rcb,csk
335996,2,false,15,97,b61a3e1a,caught,6ad3a659,true,rcb,csk
335996,2,false,16,104,f3cb53a1,caught,ae78bc32,true,rcb,csk
335996,2,false,16,106,0184dc35,lbw,ae78bc32,true,rcb,csk
335996,2,false,17,110,ba607b88,bowled,c3d35165,true,rcb,csk
335996,2,false,18,119,91a4a398,run out,,false,rcb,csk
335996,2,false,18,120,e938e1bc,run out,,false,rcb,csk
335996,2,false,19,124,8fd1a8f5,caught,9f961c14,true,rcb,csk
335997,1,false,0,3,725529bc,caught,88fccd6c,true,kkr,mi
335997,1,false,0,5,b8a55852,lbw,88fccd6c,true,kkr,mi
335997,1,false,5,34,7050a1e7,caught,87e562a9,true,kkr,mi
335997,1,false,11,73,fd835ab3,caught,f233bbb4,true,kkr,mi
335997,1,false,13,80,7d415ea5,run out,,false,kkr,mi
335997,1,false,13,82,9ab63e7b,caught,f233bbb4,true,kkr,mi
335997,1,false,15,95,fa463154,caught,f233bbb4,true,kkr,mi
335997,1,false,19,121,abfeb126,caught,342d8ade,true,kkr,mi
335997,2,false,2,18,29e95537,caught,fa463154,true,mi,kkr
335997,2,false,3,25,f233bbb4,bowled,5bb1a1c4,true,mi,kkr
335997,2,false,4,28,93b4fc78,bowled,66b30f71,true,mi,kkr
335998,1,false,4,31,8ba8195d,run out,,false,dc,rcb
335998,1,false,14,91,0a476045,caught,86dc8f2e,true,dc,rcb
335998,1,false,16,98,64c34cd0,bowled,8fd1a8f5,true,dc,rcb
335998,1,false,17,105,c03f1114,bowled,86dc8f2e,true,dc,rcb
335998,1,false,18,112,bb345e0b,caught,91a4a398,true,dc,rcb
335998,2,false,0,5,e938e1bc,caught,ee7d0c82,true,rcb,dc
335998,2,false,4,26,b61a3e1a,caught,ee7d0c82,true,rcb,dc
335998,2,false,4,30,619aa81f,caught,ee7d0c82,true,rcb,dc
335998,2,false,15,94,0184dc35,caught,ee7d0c82,true,rcb,dc
335998,2,false,18,115,86dc8f2e,bowled,d7c6af50,true,rcb,dc
335999,1,false,3,20,2b6e6dec,bowled,5fa06777,true,deccan,pbks
335999,1,false,6,44,e1d1b294,caught,98ae73b1,true,deccan,pbks
335999,1,false,8,56,de8cce37,caught,98ae73b1,true,deccan,pbks
335999,1,false,11,73,0dc00542,caught,890de8cb,true,deccan,pbks
335999,1,false,12,77,fe763256,run out,,false,deccan,pbks
335999,1,false,14,87,0604ef16,caught,98ae73b1,true,deccan,pbks
335999,1,false,16,99,e0351c86,bowled,6b8eb6e5,true,deccan,pbks
335999,1,false,19,117,94bc776b,caught,5fa06777,true,deccan,pbks
335999,2,false,5,36,36d33dd0,run out,,false,pbks,deccan
335999,2,false,6,41,6b71e6cf,caught,94bc776b,true,pbks,deccan
335999,2,false,10,66,1c914163,caught and bowled,e0351c86,true,pbks,deccan
336000,1,false,1,12,72861603,bowled,5bb1a1c4,true,rr,kkr
336000,1,false,6,43,d84378a4,caught and bowled,fa463154,true,rr,kkr
336000,1,false,11,71,ae091d39,caught,16dfcc19,true,rr,kkr
336000,1,false,11,74,4329fbb5,lbw,16dfcc19,true,rr,kkr
336000,1,false,17,109,fe93fd9d,bowled,b1451597,true,rr,kkr
336000,1,false,19,122,3c6ffae8,bowled,16dfcc19,true,rr,kkr
336000,1,false,19,124,bb18be76,run out,,false,rr,kkr
336000,2,false,1,12,4d6d6280,bowled,64d43928,true,kkr,rr
336000,2,false,4,33,fa463154,caught,4329fbb5,true,kkr,rr
336000,2,false,5,41,b57f8a9a,run out,,false,kkr,rr
336000,2,false,13,90,725529bc,caught,bb18be76,true,kkr,rr
336000,2,false,14,92,b1451597,run out,,false,kkr,rr
336000,2,false,17,110,fd835ab3,bowled,3d7e087f,true,kkr,rr
336000,2,false,17,113,fe11caa6,bowled,3d7e087f,true,kkr,rr
336000,2,false,18,117,7050a1e7,caught,64d43928,true,kkr,rr
336000,2,false,18,118,16dfcc19,run out,,false,kkr,rr
336000,2,false,19,122,66b30f71,caught,4329fbb5,true,kkr,rr
336001,1,false,3,23,eea6b7f1,bowled,93a17209,true,csk,dc
336001,1,false,8,54,b5da6c24,caught,8ba8195d,true,csk,dc
336001,1,false,14,94,756389bd,caught,ee7d0c82,true,csk,dc
336001,1,false,17,109,4a8a2e3b,caught,e03b66ec,true,csk,dc
336001,1,false,18,116,1dc12ab9,run out,,false,csk,dc
336001,1,false,19,125,c3d35165,caught,33a364a6,true,csk,dc
336001,2,false,11,71,8ba8195d,caught,9f961c14,true,dc,csk
336001,2,false,14,90,bb345e0b,bowled,ae78bc32,true,dc,csk
336002,1,false,11,71,e1d1b294,stumped,0c2730df,true,deccan,rcb
336002,1,false,12,78,2b6e6dec,caught,41eb4a4f,true,deccan,rcb
336002,1,false,13,83,1be70c88,caught,ba607b88,true,deccan,rcb
336002,1,false,14,95,740742ef,caught,41eb4a4f,true,deccan,rcb
336002,1,false,17,110,b720a5d6,bowled,ba607b88,true,deccan,rcb
336002,1,false,18,116,fe763256,caught,41eb4a4f,true,deccan,rcb
336002,1,false,18,117,0604ef16,run out,,false,deccan,rcb
336002,1,false,19,122,bcce309e,run out,,false,deccan,rcb
336002,1,false,19,124,b9be6507,caught,8fd1a8f5,true,deccan,rcb
336002,1,false,19,126,c3d1402f,bowled,8fd1a8f5,true,deccan,rcb
336002,2,false,2,16,619aa81f,run out,,false,rcb,deccan
336002,2,false,6,42,86dc8f2e,run out,,false,rcb,deccan
336002,2,false,11,67,7eae4418,caught,b720a5d6,true,rcb,deccan
336002,2,false,15,95,0184dc35,caught,0604ef16,true,rcb,deccan
336002,2,false,17,104,ba607b88,caught,bcce309e,true,rcb,deccan
336003,1,false,3,23,2498e163,caught,66b30f71,true,pbks,kkr
336003,1,false,8,56,1c914163,stumped,9ab63e7b,true,pbks,kkr
336003,1,false,11,71,508a1ea7,stumped,fd835ab3,true,pbks,kkr
336003,1,false,12,75,d18f9182,caught,16dfcc19,true,pbks,kkr
336003,1,false,13,83,a1f1829d,run out,,false,pbks,kkr
336003,1,false,18,116,6b71e6cf,bowled,16dfcc19,true,pbks,kkr
336003,2,false,2,18,725529bc,caught,6b8eb6e5,true,kkr,pbks
336003,2,false,3,20,9ab63e7b,bowled,5fa06777,true,kkr,pbks
336003,2,false,3,25,b57f8a9a,lbw,5fa06777,true,kkr,pbks
336003,2,false,4,31,7050a1e7,caught,6b8eb6e5,true,kkr,pbks
336003,2,false,9,60,b1451597,bowled,034b4b7d,true,kkr,pbks
336003,2,false,18,115,fd835ab3,caught,890de8cb,true,kkr,pbks
336004,1,false,5,35,4e04666c,caught,93a17209,true,mi,dc
336004,1,false,5,37,f233bbb4,bowled,93a17209,true,mi,dc
336004,1,false,12,80,1c17e270,caught,9fc0ef64,true,mi,dc
336004,1,false,13,83,7d3937ed,bowled,33a364a6,true,mi,dc
336004,1,false,14,91,a45a5e8d,bowled,8ba8195d,true,mi,dc
336004,1,false,15,93,87e562a9,caught,64c34cd0,true,mi,dc
336004,1,false,18,113,709b0bac,caught,e03b66ec,true,mi,dc
336004,1,false,19,120,88fccd6c,caught,93a17209,true,mi,dc
336004,2,false,1,11,bb345e0b,caught,96fd40ae,true,dc,mi
336004,2,false,2,14,0a476045,caught,88fccd6c,true,dc,mi
336004,2,false,6,37,c4487b84,run out,,false,dc,mi
336004,2,false,10,63,8ba8195d,caught,7d3937ed,true,dc,mi
336004,2,false,14,86,64c34cd0,caught,88fccd6c,true,dc,mi
336004,2,false,16,98,c03f1114,lbw,87e562a9,true,dc,mi
336004,2,false,17,105,9fc0ef64,caught,96fd40ae,true,dc,mi
336004,2,false,17,106,33a364a6,caught,96fd40ae,true,dc,mi
336004,2,false,18,110,e03b66ec,caught,d2a989fc,true,dc,mi
336004,2,false,18,114,ee7d0c82,caught,d2a989fc,true,dc,mi
336005,1,false,0,1,b5da6c24,lbw,64d43928,true,csk,rr
336005,1,false,0,5,eea6b7f1,lbw,64d43928,true,csk,rr
336005,1,false,2,18,756389bd,caught,64d43928,true,csk,rr
336005,1,false,5,36,3576e47e,caught and bowled,4329fbb5,true,csk,rr
336005,1,false,7,48,4a8a2e3b,caught,bb18be76,true,csk,rr
336005,1,false,14,87,1dc12ab9,caught,f0f628c7,true,csk,rr
336005,1,false,14,90,9f961c14,caught,f0f628c7,true,csk,rr
336005,1,false,16,98,c3d35165,bowled,64d43928,true,csk,rr
336005,1,false,16,101,4ba44e19,bowled,64d43928,true,csk,rr
336005,1,false,18,116,20a941bb,bowled,64d43928,true,csk,rr
336005,2,false,10,66,ae091d39,caught,756389bd,true,rr,csk
336005,2,false,11,79,3c6ffae8,caught,4ba44e19,true,rr,csk
336006,1,false,0,5,619aa81f,caught,6b8eb6e5,true,rcb,pbks
336006,1,false,0,6,d0513f63,bowled,6b8eb6e5,true,rcb,pbks
336006,1,false,3,24,86dc8f2e,run out,,false,rcb,pbks
336006,1,false,12,77,ba607b88,caught,5fa06777,true,rcb,pbks
336006,1,false,15,98,7eae4418,lbw,98ae73b1,true,rcb,pbks
336006,1,false,15,100,e938e1bc,caught,98ae73b1,true,rcb,pbks
336006,1,false,16,102,f48cf4da,run out,,false,rcb,pbks
336006,1,false,17,109,91a4a398,bowled,98ae73b1,true,rcb,pbks
336006,1,false,18,116,0184dc35,caught,034b4b7d,true,rcb,pbks
336006,1,false,19,121,0c2730df,run out,,false,rcb,pbks
336006,2,false,1,9,2498e163,caught,91a4a398,true,pbks,rcb
336006,2,false,8,56,36d33dd0,caught,e938e1bc,true,pbks,rcb
336006,2,false,10,67,1c914163,caught,e938e1bc,true,pbks,rcb
336006,2,false,14,92,508a1ea7,bowled,91a4a398,true,pbks,rcb
336007,1,false,0,6,b5da6c24,caught,acd4f5dc,true,csk,deccan
336007,1,false,3,22,95a2ea61,caught,c3d1402f,true,csk,deccan
336007,1,false,5,36,eea6b7f1,caught,57efa3be,true,csk,deccan
336007,1,false,6,44,3576e47e,caught,0dc00542,true,csk,deccan
336007,1,false,13,85,1dc12ab9,caught,0604ef16,true,csk,deccan
336007,1,false,14,93,4a8a2e3b,caught,6c6591ab,true,csk,deccan
336007,1,false,18,116,9f961c14,bowled,c3d1402f,true,csk,deccan
336007,2,false,4,26,e1d1b294,caught and bowled,ae78bc32,true,deccan,csk
336007,2,false,9,62,2b6e6dec,caught,c3d35165,true,deccan,csk
336007,2,false,16,100,740742ef,caught,4ba44e19,true,deccan,csk
336008,1,false,2,14,72861603,stumped,88fccd6c,true,rr,mi
336008,1,false,3,19,3c6ffae8,bowled,96fd40ae,true,rr,mi
336008,1,false,8,57,4329fbb5,bowled,87e562a9,true,rr,mi
336008,1,false,10,69,d84378a4,caught,5f4e9e8f,true,rr,mi
336008,1,false,11,71,fe93fd9d,caught,d2a989fc,true,rr,mi
336008,1,false,13,84,bb18be76,caught,d2a989fc,true,rr,mi
336008,1,false,14,90,ae091d39,caught,5f4e9e8f,true,rr,mi
336008,1,false,15,96,64d43928,bowled,96fd40ae,true,rr,mi
336008,1,false,15,100,de8d3876,caught,96fd40ae,true,rr,mi
336008,1,false,16,103,3d7e087f,bowled,87e562a9,true,rr,mi
336008,2,false,7,48,f233bbb4,caught,4329fbb5,true,mi,rr
336008,2,false,10,65,4e04666c,bowled,bb18be76,true,mi,rr
336008,2,false,11,74,87e562a9,caught,4329fbb5,true,mi,rr
336009,1,false,4,32,8ba8195d,bowled,ae78bc32,true,dc,csk
336009,1,false,5,34,c4487b84,bowled,c3d35165,true,dc,csk
336009,1,false,17,114,bb345e0b,caught,b2b50355,true,dc,csk
336009,1,false,18,119,0a476045,caught,c3d35165,true,dc,csk
336009,1,false,19,121,64c34cd0,caught,b2b50355,true,dc,csk
336009,2,false,6,39,756389bd,caught,9fc0ef64,true,csk,dc
336009,2,false,9,61,eea6b7f1,caught,e03b66ec,true,csk,dc
336009,2,false,10,65,1dc12ab9,caught,9fc0ef64,true,csk,dc
336009,2,false,14,89,c3d35165,run out,,false,csk,dc
336009,2,false,18,113,4a8a2e3b,caught,93a17209,true,csk,dc
336009,2,false,18,114,cfad138c,caught,93a17209,true,csk,dc
336010,1,false,2,14,e249fdaa,lbw,8fd1a8f5,true,kkr,rcb
336010,1,false,3,23,b57f8a9a,caught,91a4a398,true,kkr,rcb
336010,1,false,7,47,725529bc,run out,,false,kkr,rcb
336010,1,false,8,56,fd835ab3,run out,,false,kkr,rcb
336010,1,false,11,70,75de770f,caught,8fd1a8f5,true,kkr,rcb
336010,1,false,11,73,b1451597,bowled,8fd1a8f5,true,kkr,rcb
336010,1,false,15,96,abfeb126,caught and bowled,e938e1bc,true,kkr,rcb
336010,2,false,3,22,881a9bdd,caught,5bb1a1c4,true,rcb,kkr
336010,2,false,4,31,f663ef00,run out,,false,rcb,kkr
336010,2,false,9,57,0184dc35,bowled,725529bc,true,rcb,kkr
336010,2,false,14,88,d0513f63,run out,,false,rcb,kkr
336011,1,false,7,49,e1d1b294,caught,f0f628c7,true,deccan,rr
336011,1,false,12,75,57efa3be,caught,3c6ffae8,true,deccan,rr
336011,1,false,13,82,2b6e6dec,caught,3d7e087f,true,deccan,rr
336011,1,false,14,87,0dc00542,caught,bb18be76,true,deccan,rr
336011,1,false,15,95,740742ef,run out,,false,deccan,rr
336011,1,false,16,99,0604ef16,caught,4329fbb5,true,deccan,rr
336011,1,false,18,112,b720a5d6,lbw,bb18be76,true,deccan,rr
336011,1,false,19,117,c3d1402f,run out,,false,deccan,rr
336011,2,false,12,80,3c6ffae8,caught,6c6591ab,true,rr,deccan
336011,2,false,15,98,72861603,caught,c3d1402f,true,rr,deccan
336012,1,false,5,33,f3cb53a1,caught,342d8ade,true,rcb,mi
336012,1,false,5,36,7eae4418,caught,342d8ade,true,rcb,mi
336012,1,false,7,43,541f85c9,caught,342d8ade,true,rcb,mi
336012,1,false,11,72,d0513f63,caught,35205dfc,true,rcb,mi
336012,1,false,12,76,ba607b88,caught,96fd40ae,true,rcb,mi
336012,1,false,13,81,0184dc35,bowled,35205dfc,true,rcb,mi
336012,1,false,13,84,af7dadf7,lbw,35205dfc,true,rcb,mi
336012,1,false,17,114,41eb4a4f,caught,342d8ade,true,rcb,mi
336012,1,false,17,115,e938e1bc,run out,,false,rcb,mi
336012,2,false,11,74,f233bbb4,caught,8fd1a8f5,true,mi,rcb
336013,1,false,0,6,756389bd,caught,6b8eb6e5,true,csk,pbks
336013,1,false,2,17,eea6b7f1,caught,6b8eb6e5,true,csk,pbks
336013,1,false,6,49,1dc12ab9,caught,98ae73b1,true,csk,pbks
336013,1,false,17,115,3576e47e,caught,034b4b7d,true,csk,pbks
336013,2,false,1,12,2498e163,caught,c3d35165,true,pbks,csk
336013,2,false,4,27,a1f1829d,caught,ae78bc32,true,pbks,csk
336013,2,false,12,74,36d33dd0,bowled,b2b50355,true,pbks,csk
336013,2,false,12,78,508a1ea7,caught,b2b50355,true,pbks,csk
336013,2,false,13,80,1c914163,caught,6ad3a659,true,pbks,csk
336013,2,false,14,91,d18f9182,caught,4ba44e19,true,pbks,csk
336013,2,false,19,119,5fa06777,caught,b2b50355,true,pbks,csk
336013,2,false,19,120,98ae73b1,caught,b2b50355,true,pbks,csk
336013,2,false,19,121,034b4b7d,caught,b2b50355,true,pbks,csk
336014,1,false,0,4,4d6d6280,caught,bcce309e,true,kkr,deccan
336014,1,false,10,63,e249fdaa,run out,,false,kkr,deccan
336014,1,false,18,112,725529bc,caught,acd4f5dc,true,kkr,deccan
336014,1,false,19,121,75de770f,caught,c3d1402f,true,kkr,deccan
336014,2,false,2,15,e1d1b294,caught,66b30f71,true,deccan,kkr
336014,2,false,4,31,2b6e6dec,caught,66b30f71,true,deccan,kkr
336014,2,false,5,32,b720a5d6,caught,16dfcc19,true,deccan,kkr
336014,2,false,8,53,57efa3be,caught,725529bc,true,deccan,kkr
336014,2,false,12,78,740742ef,caught,66b30f71,true,deccan,kkr
336014,2,false,14,92,0604ef16,caught,725529bc,true,deccan,kkr
336014,2,false,17,113,bcce309e,bowled,b1451597,true,deccan,kkr
336015,1,false,5,37,8ba8195d,caught,4329fbb5,true,dc,rr
336015,1,false,6,43,0a476045,run out,,false,dc,rr
336015,1,false,9,61,bb345e0b,bowled,3d7e087f,true,dc,rr
336015,1,false,13,83,c4487b84,caught,3edb58fc,true,dc,rr
336015,1,false,13,87,c03f1114,caught,3edb58fc,true,dc,rr
336015,1,false,15,98,6b19d823,bowled,3d7e087f,true,dc,rr
336015,1,false,19,120,ab89348d,caught,4329fbb5,true,dc,rr
336015,2,false,3,20,3c6ffae8,run out,,false,rr,dc
336015,2,false,4,32,d84378a4,run out,,false,rr,dc
336015,2,false,10,68,72861603,caught,6b19d823,true,rr,dc
336015,2,false,12,79,fe93fd9d,bowled,6b19d823,true,rr,dc
336015,2,false,15,100,3edb58fc,bowled,8ba8195d,true,rr,dc
336015,2,false,18,116,bb18be76,bowled,ab89348d,true,rr,dc
336015,2,false,18,117,4329fbb5,run out,,false,rr,dc
336016,1,false,2,13,f663ef00,caught,6b8eb6e5,true,rcb,pbks
336016,1,false,4,30,7eae4418,hit wicket,6b8eb6e5,true,rcb,pbks
336016,1,false,5,34,ba607b88,bowled,98ae73b1,true,rcb,pbks
336016,1,false,10,63,d0513f63,caught and bowled,98ae73b1,true,rcb,pbks
336016,1,false,14,92,0184dc35,bowled,5fa06777,true,rcb,pbks
336016,1,false,17,106,e938e1bc,bowled,6b8eb6e5,true,rcb,pbks
336016,1,false,18,113,41eb4a4f,bowled,034b4b7d,true,rcb,pbks
336016,1,false,19,123,f3cb53a1,run out,,false,rcb,pbks
336016,2,false,6,39,2498e163,caught,41eb4a4f,true,pbks,rcb
336017,1,false,5,39,e249fdaa,caught,9fc0ef64,true,kkr,dc
336017,1,false,6,47,725529bc,bowled,93a17209,true,kkr,dc
336017,1,false,13,87,4d6d6280,caught,93a17209,true,kkr,dc
336017,1,false,15,102,75de770f,run out,,false,kkr,dc
336017,1,false,17,116,b1451597,caught,ab89348d,true,kkr,dc
336017,1,false,19,123,fd835ab3,caught,ab89348d,true,kkr,dc
336017,2,false,0,3,8ba8195d,caught,10a91f35,true,dc,kkr
336017,2,false,2,17,bb345e0b,caught,10a91f35,true,dc,kkr
336017,2,false,4,27,c4487b84,caught,10a91f35,true,dc,kkr
336017,2,false,4,28,26e5cabf,lbw,10a91f35,true,dc,kkr
336017,2,false,7,47,0a476045,bowled,66b30f71,true,dc,kkr
336017,2,false,11,69,5bdcdb72,run out,,false,dc,kkr
336017,2,false,15,98,ab89348d,run out,,false,dc,kkr
336017,2,false,17,106,6b19d823,caught,b1451597,true,dc,kkr
336017,2,false,17,107,9fc0ef64,caught,b1451597,true,dc,kkr
336017,2,false,17,110,93a17209,bowled,b1451597,true,dc,kkr
336018,1,false,2,17,756389bd,caught,88fccd6c,true,csk,mi
336018,1,false,5,35,1dc12ab9,caught,87e562a9,true,csk,mi
336018,1,false,8,51,eea6b7f1,bowled,d2a989fc,true,csk,mi
336018,1,false,8,53,cfad138c,caught,d2a989fc,true,csk,mi
336018,1,false,18,118,3576e47e,caught and bowled,87e562a9,true,csk,mi
336018,1,false,19,127,c3d35165,caught,d2a989fc,true,csk,mi
336018,2,false,7,52,d2c2b2d5,bowled,9f961c14,true,mi,csk
336019,1,false,13,83,2498e163,caught,3c6ffae8,true,pbks,rr
336019,1,false,19,120,508a1ea7,caught,4329fbb5,true,pbks,rr
336019,1,false,19,124,1c914163,run out,,false,pbks,rr
336019,2,false,1,9,d84378a4,bowled,6b8eb6e5,true,rr,pbks
336019,2,false,4,30,33cb3411,bowled,5fa06777,true,rr,pbks
336019,2,false,10,67,a2870fb7,bowled,98ae73b1,true,rr,pbks
336019,2,false,12,75,4329fbb5,caught,98ae73b1,true,rr,pbks
336019,2,false,14,86,ff077124,caught,98ae73b1,true,rr,pbks
336019,2,false,18,110,3c6ffae8,caught,2498e163,true,rr,pbks
336019,2,false,18,115,0264c10e,caught and bowled,2498e163,true,rr,pbks
336020,1,false,0,6,8ba8195d,caught,acd4f5dc,true,dc,deccan
336020,1,false,15,96,bb345e0b,stumped,6c6591ab,true,dc,deccan
336020,1,false,17,111,ab89348d,caught,6c6591ab,true,dc,deccan
336020,1,false,19,124,5bdcdb72,run out,,false,dc,deccan
336020,2,false,2,14,2b6e6dec,caught,ee7d0c82,true,deccan,dc
336020,2,false,6,39,0dc00542,caught,6b19d823,true,deccan,dc
336020,2,false,8,52,e1d1b294,bowled,6b19d823,true,deccan,dc
336020,2,false,12,78,740742ef,bowled,ab89348d,true,deccan,dc
336020,2,false,17,107,57efa3be,caught,ab89348d,true,deccan,dc
336020,2,false,18,112,fe763256,caught,ee7d0c82,true,deccan,dc
336020,2,false,19,117,b720a5d6,caught,6b19d823,true,deccan,dc
336020,2,false,19,118,6c6591ab,caught,6b19d823,true,deccan,dc
336020,2,false,19,119,c3d1402f,stumped,6b19d823,true,deccan,dc
336021,1,false,2,19,4d6d6280,caught,88fccd6c,true,kkr,mi
336021,1,false,2,20,e249fdaa,run out,,false,kkr,mi
336021,1,false,4,30,fd835ab3,caught,88fccd6c,true,kkr,mi
336021,1,false,6,45,9ab63e7b,caught,88fccd6c,true,kkr,mi
336021,1,false,7,52,fe11caa6,caught,87e562a9,true,kkr,mi
336021,1,false,9,60,b1451597,bowled,5f4e9e8f,true,kkr,mi
336021,1,false,12,81,725529bc,caught,7d3937ed,true,kkr,mi
336021,1,false,13,88,fa463154,caught,87e562a9,true,kkr,mi
336021,1,false,14,93,5bb1a1c4,caught and bowled,7d3937ed,true,kkr,mi
336021,1,false,15,98,10a91f35,caught,5f4e9e8f,true,kkr,mi
336021,2,false,0,6,d2c2b2d5,caught,10a91f35,true,mi,kkr
336021,2,false,3,24,1c17e270,caught,5bb1a1c4,true,mi,kkr
336022,1,false,6,47,bb345e0b,bowled,5d096f3d,true,dc,pbks
336022,1,false,8,60,0a476045,caught,5d096f3d,true,dc,pbks
336022,1,false,10,69,5bdcdb72,caught,2498e163,true,dc,pbks
336022,1,false,10,71,ab89348d,caught,2498e163,true,dc,pbks
336022,2,false,1,7,508a1ea7,caught,9fc0ef64,true,pbks,dc
336022,2,false,2,19,1c914163,caught,ee7d0c82,true,pbks,dc
336022,2,false,3,22,2498e163,caught,6b19d823,true,pbks,dc
336023,1,false,12,80,ae091d39,caught,0c2730df,true,rr,rcb
336023,2,false,0,3,f663ef00,caught,64d43928,true,rcb,rr
336023,2,false,1,8,7eae4418,caught,f0f628c7,true,rcb,rr
336023,2,false,2,15,ba607b88,bowled,64d43928,true,rcb,rr
336023,2,false,7,52,d0513f63,caught,f0f628c7,true,rcb,rr
336023,2,false,10,66,86dc8f2e,caught,3d7e087f,true,rcb,rr
336023,2,false,13,87,f48cf4da,caught,bb18be76,true,rcb,rr
336023,2,false,13,88,e938e1bc,caught,bb18be76,true,rcb,rr
336023,2,false,15,97,91a4a398,caught and bowled,bb18be76,true,rcb,rr
336023,2,false,18,117,0c2730df,caught,64d43928,true,rcb,rr
336024,1,false,2,18,f233bbb4,caught,fe763256,true,mi,deccan
336024,1,false,8,51,d2c2b2d5,caught,0dc00542,true,mi,deccan
336024,1,false,8,53,7d3937ed,lbw,0dc00542,true,mi,deccan
336024,1,false,12,80,1c17e270,caught,fe763256,true,mi,deccan
336024,1,false,17,110,a45a5e8d,caught,c3d1402f,true,mi,deccan
336024,1,false,17,112,87e562a9,bowled,c3d1402f,true,mi,deccan
336024,1,false,19,124,0aadc906,bowled,c3d1402f,true,mi,deccan
336024,2,false,1,9,0dc00542,caught,87e562a9,true,deccan,mi
336024,2,false,4,27,2b6e6dec,caught,342d8ade,true,deccan,mi
336024,2,false,4,28,740742ef,lbw,342d8ade,true,deccan,mi
336024,2,false,9,58,1be70c88,caught,a45a5e8d,true,deccan,mi
336024,2,false,17,107,fe763256,caught,87e562a9,true,deccan,mi
336024,2,false,17,109,b720a5d6,bowled,87e562a9,true,deccan,mi
336024,2,false,18,117,0ed0cdbf,run out,,false,deccan,mi
336025,1,false,2,15,9ab63e7b,caught,20a941bb,true,kkr,csk
336025,1,false,4,31,725529bc,bowled,20a941bb,true,kkr,csk
336025,1,false,16,100,7050a1e7,bowled,20a941bb,true,kkr,csk
336025,1,false,16,101,fd835ab3,bowled,20a941bb,true,kkr,csk
336025,1,false,17,107,4d6d6280,lbw,b2b50355,true,kkr,csk
336026,1,false,4,33,5451a2c1,caught,ee7d0c82,true,rcb,dc
336026,1,false,6,41,86dc8f2e,caught,ab89348d,true,rcb,dc
336026,1,false,10,70,0184dc35,bowled,5bdcdb72,true,rcb,dc
336026,1,false,15,96,541f85c9,caught,ab89348d,true,rcb,dc
336026,1,false,15,101,d0513f63,run out,,false,rcb,dc
336026,1,false,17,111,af7dadf7,run out,,false,rcb,dc
336026,1,false,18,118,e938e1bc,bowled,ee7d0c82,true,rcb,dc
336026,2,false,6,43,8ba8195d,caught,e938e1bc,true,dc,rcb
336026,2,false,8,55,bb345e0b,run out,,false,dc,rcb
336026,2,false,13,83,5bdcdb72,stumped,0c2730df,true,dc,rcb
336026,2,false,14,87,c4487b84,caught,8fd1a8f5,true,dc,rcb
336026,2,false,15,94,c03f1114,caught,0c2730df,true,dc,rcb
336027,1,false,1,11,9ab63e7b,caught,f0f628c7,true,kkr,rr
336027,1,false,6,42,4d6d6280,lbw,f0f628c7,true,kkr,rr
336027,1,false,11,73,fd835ab3,bowled,3c6ffae8,true,kkr,rr
336027,1,false,14,90,725529bc,caught,3d7e087f,true,kkr,rr
336027,1,false,17,107,7050a1e7,bowled,64d43928,true,kkr,rr
336027,1,false,17,110,b1451597,caught,64d43928,true,kkr,rr
336027,1,false,18,113,fa463154,run out,,false,kkr,rr
336027,1,false,19,119,16dfcc19,caught,64d43928,true,kkr,rr
336027,2,false,1,12,ae091d39,caught,5bb1a1c4,true,rr,kkr
336027,2,false,5,32,64d43928,caught,16dfcc19,true,rr,kkr
336027,2,false,5,35,72861603,caught,16dfcc19,true,rr,kkr
336027,2,false,9,60,4329fbb5,bowled,725529bc,true,rr,kkr
336028,1,false,0,3,2498e163,caught,88fccd6c,true,pbks,mi
336028,1,false,14,91,508a1ea7,caught,facb9086,true,pbks,mi
336028,1,false,16,104,1c914163,caught,facb9086,true,pbks,mi
336028,1,false,17,109,d18f9182,caught and bowled,342d8ade,true,pbks,mi
336028,2,false,2,20,f233bbb4,lbw,6b8eb6e5,true,mi,pbks
336028,2,false,8,55,35205dfc,run out,,false,mi,pbks
336028,2,false,13,83,a45a5e8d,caught,98ae73b1,true,mi,pbks
336028,2,false,16,106,d2c2b2d5,run out,,false,mi,pbks
336028,2,false,17,107,88fccd6c,caught,1c914163,true,mi,pbks
336028,2,false,17,112,1c17e270,caught,1c914163,true,mi,pbks
336028,2,false,18,117,0aadc906,caught,6b8eb6e5,true,mi,pbks
336028,2,false,19,121,facb9086,run out,,false,mi,pbks
336028,2,false,19,123,96fd40ae,run out,,false,mi,pbks
336028,2,false,19,125,38f2c66c,run out,,false,mi,pbks
336029,1,false,1,10,86dc8f2e,caught,ae78bc32,true,rcb,csk
336029,1,false,5,33,541f85c9,caught,ae78bc32,true,rcb,csk
336029,1,false,8,50,ba607b88,caught,4ba44e19,true,rcb,csk
336029,1,false,9,61,7eae4418,caught,b2b50355,true,rcb,csk
336029,1,false,14,91,f3cb53a1,lbw,c3d35165,true,rcb,csk
336029,1,false,16,102,0184dc35,caught,c3d35165,true,rcb,csk
336029,1,false,19,119,e938e1bc,bowled,c3d35165,true,rcb,csk
336029,1,false,19,120,41eb4a4f,bowled,c3d35165,true,rcb,csk
336029,2,false,9,58,b5da6c24,caught and bowled,0c2730df,true,csk,rcb
336029,2,false,10,69,4a8a2e3b,caught,41eb4a4f,true,csk,rcb
336029,2,false,13,84,eea6b7f1,caught,0c2730df,true,csk,rcb
336029,2,false,13,88,3576e47e,lbw,0c2730df,true,csk,rcb
336029,2,false,15,97,c3d35165,caught,8fd1a8f5,true,csk,rcb
336029,2,false,15,100,756389bd,caught,8fd1a8f5,true,csk,rcb
336029,2,false,17,111,ae78bc32,caught,e938e1bc,true,csk,rcb
336029,2,false,18,116,b2b50355,run out,,false,csk,rcb
336031,1,false,11,68,e1d1b294,bowled,890de8cb,true,deccan,pbks
336031,1,false,14,90,2b6e6dec,bowled,5d096f3d,true,deccan,pbks
336031,1,false,17,107,740742ef,bowled,034b4b7d,true,deccan,pbks
336031,1,false,18,114,fe763256,caught,6b8eb6e5,true,deccan,pbks
336031,2,false,7,46,6b71e6cf,caught,740742ef,true,pbks,deccan
336031,2,false,12,79,1c914163,caught,6c6591ab,true,pbks,deccan
336031,2,false,15,97,508a1ea7,caught,57efa3be,true,pbks,deccan
336031,2,false,16,106,b63ab531,caught,6c6591ab,true,pbks,deccan
336032,1,false,7,47,d2c2b2d5,bowled,93a17209,true,mi,dc
336032,1,false,12,79,35205dfc,caught,93a17209,true,mi,dc
336032,1,false,13,87,f233bbb4,caught,6b19d823,true,mi,dc
336032,1,false,14,91,a45a5e8d,caught,50758325,true,mi,dc
336032,1,false,17,112,88fccd6c,bowled,ab89348d,true,mi,dc
336032,1,false,19,122,facb9086,caught,93a17209,true,mi,dc
336032,1,false,19,124,0aadc906,caught,93a17209,true,mi,dc
336032,1,false,19,127,2503e881,run out,,false,mi,dc
336032,2,false,1,8,8ba8195d,bowled,96fd40ae,true,dc,mi
336032,2,false,4,29,bb345e0b,caught,2503e881,true,dc,mi
336032,2,false,10,65,0a476045,caught,35205dfc,true,dc,mi
336032,2,false,10,66,5bdcdb72,bowled,35205dfc,true,dc,mi
336032,2,false,14,91,26e5cabf,run out,,false,dc,mi
336033,1,false,11,69,ae091d39,run out,,false,rr,csk
336033,1,false,13,86,72861603,caught,1dc12ab9,true,rr,csk
336033,1,false,16,100,3c6ffae8,caught,c3d35165,true,rr,csk
336033,1,false,18,112,d84378a4,caught,c3d35165,true,rr,csk
336033,1,false,19,122,40caa465,run out,,false,rr,csk
336033,2,false,1,11,eea6b7f1,run out,,false,csk,rr
336033,2,false,8,53,1dc12ab9,caught,bb18be76,true,csk,rr
336033,2,false,14,94,b5da6c24,stumped,bb18be76,true,csk,rr
336033,2,false,17,110,4a8a2e3b,caught,64d43928,true,csk,rr
336033,2,false,18,116,3576e47e,caught,f0f628c7,true,csk,rr
336033,2,false,19,125,c3d35165,caught,64d43928,true,csk,rr
336033,2,false,19,126,6165bca6,bowled,64d43928,true,csk,rr
336034,1,false,1,12,5451a2c1,bowled,c3d1402f,true,rcb,deccan
336034,1,false,10,68,619aa81f,caught,6c6591ab,true,rcb,deccan
336034,1,false,12,79,86dc8f2e,bowled,6c6591ab,true,rcb,deccan
336034,1,false,13,82,ba607b88,caught,c3d1402f,true,rcb,deccan
336034,1,false,14,88,7eae4418,lbw,0dc00542,true,rcb,deccan
336034,1,false,18,113,f3cb53a1,bowled,c3d1402f,true,rcb,deccan
336034,1,false,19,120,e938e1bc,run out,,false,rcb,deccan
336034,1,false,19,122,0184dc35,caught,57efa3be,true,rcb,deccan
336034,2,false,3,24,2b6e6dec,caught,91a4a398,true,deccan,rcb
336034,2,false,5,32,e1d1b294,caught,e938e1bc,true,deccan,rcb
336034,2,false,16,103,740742ef,caught,86dc8f2e,true,deccan,rcb
336034,2,false,17,105,0dc00542,caught,e938e1bc,true,deccan,rcb
336034,2,false,17,110,de8cce37,lbw,e938e1bc,true,deccan,rcb
336034,2,false,18,111,57efa3be,lbw,91a4a398,true,deccan,rcb
336035,1,false,3,21,2498e163,lbw,16dfcc19,true,pbks,kkr
336035,1,false,12,81,508a1ea7,caught,ea0cdc12,true,pbks,kkr
336035,1,false,14,95,6b71e6cf,lbw,16dfcc19,true,pbks,kkr
336035,1,false,18,116,1c914163,run out,,false,pbks,kkr
336035,1,false,19,124,5fa06777,bowled,16dfcc19,true,pbks,kkr
336035,1,false,19,125,98ae73b1,bowled,16dfcc19,true,pbks,kkr
336035,2,false,5,34,4d6d6280,caught,6b8eb6e5,true,kkr,pbks
336035,2,false,5,35,7050a1e7,lbw,6b8eb6e5,true,kkr,pbks
336035,2,false,8,54,fd835ab3,bowled,98ae73b1,true,kkr,pbks
336035,2,false,9,62,b1451597,bowled,034b4b7d,true,kkr,pbks
336035,2,false,14,92,fe11caa6,caught,98ae73b1,true,kkr,pbks
336035,2,false,15,97,e249fdaa,caught,2498e163,true,kkr,pbks
336035,2,false,18,115,16dfcc19,caught,034b4b7d,true,kkr,pbks
336036,1,false,10,69,f233bbb4,caught,3d7e087f,true,mi,rr
336036,1,false,12,80,d2c2b2d5,caught and bowled,3d7e087f,true,mi,rr
336036,1,false,15,96,1c17e270,stumped,bb18be76,true,mi,rr
336036,1,false,16,104,a45a5e8d,lbw,64d43928,true,mi,rr
336036,1,false,16,105,88fccd6c,caught,64d43928,true,mi,rr
336036,1,false,18,116,93b4fc78,bowled,64d43928,true,mi,rr
336036,1,false,18,118,35205dfc,caught,64d43928,true,mi,rr
336036,2,false,3,19,ff077124,run out,,false,rr,mi
336036,2,false,5,33,3c6ffae8,caught,342d8ade,true,rr,mi
336036,2,false,7,46,ae091d39,caught,342d8ade,true,rr,mi
336036,2,false,11,73,d84378a4,run out,,false,rr,mi
336036,2,false,11,76,4329fbb5,caught,5f4e9e8f,true,rr,mi
336037,1,false,2,14,e1d1b294,caught,20a941bb,true,deccan,csk
336037,1,false,3,21,2b6e6dec,caught,ae78bc32,true,deccan,csk
336037,1,false,10,63,57efa3be,bowled,4ba44e19,true,deccan,csk
336037,1,false,18,117,b720a5d6,caught,c3d35165,true,deccan,csk
336037,1,false,18,118,fe763256,run out,,false,deccan,csk
336037,1,false,18,119,b9be6507,bowled,c3d35165,true,deccan,csk
336037,1,false,19,124,0dc00542,caught,b2b50355,true,deccan,csk
336037,1,false,19,126,c3d1402f,caught,b2b50355,true,deccan,csk
336037,2,false,3,22,eea6b7f1,caught,acd4f5dc,true,csk,deccan
336037,2,false,8,57,b5da6c24,caught,4b4d1957,true,csk,deccan
336037,2,false,15,100,4a8a2e3b,caught,6c6591ab,true,csk,deccan
336038,1,false,6,41,72861603,caught,ab89348d,true,rr,dc
336038,1,false,6,43,ae091d39,caught,ab89348d,true,rr,dc
336038,1,false,8,54,64d43928,caught,ab89348d,true,rr,dc
336038,1,false,13,85,d84378a4,bowled,6b19d823,true,rr,dc
336038,1,false,15,99,4329fbb5,stumped,6b19d823,true,rr,dc
336038,1,false,17,109,fe93fd9d,caught,93a17209,true,rr,dc
336038,1,false,17,111,bb18be76,caught,93a17209,true,rr,dc
336038,1,false,19,120,de8d3876,caught and bowled,e03b66ec,true,rr,dc
336038,1,false,19,121,3c6ffae8,run out,,false,rr,dc
336038,2,false,1,10,8ba8195d,caught,4329fbb5,true,dc,rr
336038,2,false,3,27,bb345e0b,caught,4329fbb5,true,dc,rr
336038,2,false,5,35,0a476045,caught,4329fbb5,true,dc,rr
336038,2,false,6,41,26e5cabf,caught,f0f628c7,true,dc,rr
336038,2,false,9,62,c03f1114,caught,3d7e087f,true,dc,rr
336038,2,false,12,76,ab89348d,caught,bb18be76,true,dc,rr
336038,2,false,12,80,5bdcdb72,caught,bb18be76,true,dc,rr
336038,2,false,13,82,6b19d823,bowled,f0f628c7,true,dc,rr
336038,2,false,15,95,93a17209,caught,f0f628c7,true,dc,rr
336038,2,false,16,100,e03b66ec,run out,,false,dc,rr
336039,1,false,1,9,2498e163,caught,20a941bb,true,pbks,csk
336039,1,false,2,14,6b71e6cf,caught,ae78bc32,true,pbks,csk
336039,1,false,4,29,1c914163,caught,ae78bc32,true,pbks,csk
336039,1,false,5,36,508a1ea7,bowled,20a941bb,true,pbks,csk
336039,1,false,8,51,5fa06777,run out,,false,pbks,csk
336039,1,false,9,60,d18f9182,caught,c3d35165,true,pbks,csk
336039,1,false,13,83,98ae73b1,bowled,4ba44e19,true,pbks,csk
336039,1,false,18,116,3dba85c2,caught,c3d35165,true,pbks,csk
336039,2,false,2,15,756389bd,caught,5fa06777,true,csk,pbks
336040,1,false,5,33,756389bd,caught,3c6ffae8,true,csk,rr
336040,1,false,8,55,b5da6c24,caught,3c6ffae8,true,csk,rr
336040,1,false,12,78,c3d35165,caught,3c6ffae8,true,csk,rr
336040,1,false,16,100,1dc12ab9,caught,4329fbb5,true,csk,rr
336040,1,false,19,119,cfad138c,caught,64d43928,true,csk,rr
336040,2,false,3,19,a2870fb7,bowled,ae78bc32,true,rr,csk
336040,2,false,6,37,ae091d39,caught,c3d35165,true,rr,csk
336040,2,false,6,40,ff077124,run out,,false,rr,csk
336040,2,false,14,88,4329fbb5,bowled,4ba44e19,true,rr,csk
336040,2,false,16,105,d84378a4,caught,4ba44e19,true,rr,csk
336040,2,false,17,106,fe93fd9d,caught,c3d35165,true,rr,csk
336040,2,false,17,110,3c6ffae8,run out,,false,rr,csk
392181,1,false,5,35,f233bbb4,caught,b2ae53f5,true,mi,csk
392181,1,false,11,71,0a476045,caught,ae78bc32,true,mi,csk
392181,1,false,13,82,2e8994e7,caught and bowled,ae78bc32,true,mi,csk
392181,1,false,14,88,87e562a9,caught,9f961c14,true,mi,csk
392181,1,false,18,110,a45a5e8d,caught,3eac9d95,true,mi,csk
392181,1,false,18,115,8b5b6769,run out,,false,mi,csk
392181,1,false,19,120,91a4a398,caught,ddc0828d,true,mi,csk
392181,2,false,0,2,b5da6c24,caught,a12e1d51,true,csk,mi
392181,2,false,2,17,1dc12ab9,caught,87e562a9,true,csk,mi
392181,2,false,9,61,ddc0828d,caught and bowled,8b5b6769,true,csk,mi
392181,2,false,12,78,d8699ab7,caught,f233bbb4,true,csk,mi
392181,2,false,14,89,3eac9d95,caught,f233bbb4,true,csk,mi
392181,2,false,15,95,3576e47e,caught,a12e1d51,true,csk,mi
392181,2,false,19,120,4a8a2e3b,bowled,a12e1d51,true,csk,mi
392182,1,false,0,2,91ffa6c6,caught,3edb58fc,true,rcb,rr
392182,1,false,0,3,b61a3e1a,bowled,3edb58fc,true,rcb,rr
392182,1,false,4,29,1c17e270,caught,3edb58fc,true,rcb,rr
392182,1,false,8,53,39f01cdb,caught,0a4ebc61,true,rcb,rr
392182,1,false,11,71,ba607b88,bowled,bb18be76,true,rcb,rr
392182,1,false,15,95,af7dadf7,bowled,bb18be76,true,rcb,rr
392182,1,false,19,118,e938e1bc,caught and bowled,f0f628c7,true,rcb,rr
392182,1,false,19,120,0184dc35,caught,f0f628c7,true,rcb,rr
392182,2,false,0,6,ae091d39,caught,e938e1bc,true,rr,rcb
392182,2,false,2,22,72861603,caught,e938e1bc,true,rr,rcb
392182,2,false,6,44,a2870fb7,caught,91ffa6c6,true,rr,rcb
392182,2,false,8,58,0a4ebc61,bowled,91ffa6c6,true,rr,rcb
392182,2,false,8,59,3edb58fc,run out,,false,rr,rcb
392182,2,false,11,75,3c6ffae8,caught,0c2730df,true,rr,rcb
392182,2,false,11,76,fe93fd9d,caught,0c2730df,true,rr,rcb
392182,2,false,13,89,bb18be76,stumped,0c2730df,true,rr,rcb
392182,2,false,13,91,f0f628c7,caught,0c2730df,true,rr,rcb
392182,2,false,15,99,6ef60d3a,caught,0c2730df,true,rr,rcb
392183,1,false,5,39,a1f1829d,caught,93a17209,true,pbks,dc
392183,1,false,6,40,7ca5e05d,lbw,d7c6af50,true,pbks,dc
392183,1,false,8,55,6b71e6cf,caught,d7c6af50,true,pbks,dc
392183,1,false,10,67,1c914163,run out,,false,pbks,dc
392183,1,false,10,69,d18f9182,caught,d7c6af50,true,pbks,dc
392183,1,false,10,70,98ae73b1,run out,,false,pbks,dc
392183,1,false,11,76,5fa06777,caught,260fd380,true,pbks,dc
392184,1,false,1,7,b8a55852,caught,c3d1402f,true,kkr,deccan
392184,1,false,3,22,db584dad,caught,c3d1402f,true,kkr,deccan
392184,1,false,5,32,725529bc,caught,2a72fd4f,true,kkr,deccan
392184,1,false,10,65,e249fdaa,stumped,6c6591ab,true,kkr,deccan
392184,1,false,12,75,b1451597,stumped,6c6591ab,true,kkr,deccan
392184,1,false,15,94,b57f8a9a,caught,57efa3be,true,kkr,deccan
392184,1,false,15,96,32198ae0,caught,57efa3be,true,kkr,deccan
392184,1,false,16,100,fa463154,run out,,false,kkr,deccan
392184,1,false,19,117,5bb1a1c4,bowled,c3d1402f,true,kkr,deccan
392184,1,false,19,119,66b30f71,bowled,c3d1402f,true,kkr,deccan
392184,2,false,2,17,2b6e6dec,caught,66b30f71,true,deccan,kkr
392184,2,false,4,29,de8cce37,run out,,false,deccan,kkr
392185,1,false,10,63,b5da6c24,bowled,39f01cdb,true,csk,rcb
392185,1,false,10,64,d8699ab7,run out,,false,csk,rcb
392185,1,false,15,99,4a8a2e3b,caught,e938e1bc,true,csk,rcb
392185,1,false,18,117,1dc12ab9,caught,e938e1bc,true,csk,rcb
392185,1,false,19,124,c3d35165,bowled,8fd1a8f5,true,csk,rcb
392185,2,false,0,3,e938e1bc,bowled,ae78bc32,true,rcb,csk
392185,2,false,5,35,86dc8f2e,lbw,c3d35165,true,rcb,csk
392185,2,false,6,44,b61a3e1a,caught and bowled,ddc0828d,true,rcb,csk
392185,2,false,7,48,39f01cdb,lbw,4ba44e19,true,rcb,csk
392185,2,false,7,50,1c17e270,stumped,4ba44e19,true,rcb,csk
392185,2,false,10,69,ba607b88,caught,9f961c14,true,rcb,csk
392185,2,false,11,71,4d5a1617,caught,4ba44e19,true,rcb,csk
392185,2,false,12,80,41eb4a4f,caught,b2b50355,true,rcb,csk
392185,2,false,13,85,8fd1a8f5,run out,,false,rcb,csk
392185,2,false,15,96,0184dc35,caught,b2b50355,true,rcb,csk
392186,1,false,2,14,a1f1829d,caught,5bb1a1c4,true,pbks,kkr
392186,1,false,6,38,5fa06777,caught,725529bc,true,pbks,kkr
392186,1,false,6,40,7ca5e05d,caught,725529bc,true,pbks,kkr
392186,1,false,14,88,6b71e6cf,run out,,false,pbks,kkr
392186,1,false,15,99,1c914163,caught,32198ae0,true,pbks,kkr
392186,1,false,17,109,40caa465,caught,66b30f71,true,pbks,kkr
392186,2,false,5,37,b8a55852,caught,5f26df4f,true,kkr,pbks
392188,1,false,3,23,e1d1b294,lbw,e938e1bc,true,deccan,rcb
392188,1,false,7,43,de8cce37,caught,91ffa6c6,true,deccan,rcb
392188,1,false,13,80,2b6e6dec,caught,39f01cdb,true,deccan,rcb
392188,1,false,15,94,57efa3be,caught,39f01cdb,true,deccan,rcb
392188,1,false,18,111,740742ef,caught,8fd1a8f5,true,deccan,rcb
392188,1,false,18,115,fe763256,run out,,false,deccan,rcb
392188,2,false,0,1,91ffa6c6,bowled,a7c226e1,true,rcb,deccan
392188,2,false,3,23,86dc8f2e,caught,c3d1402f,true,rcb,deccan
392188,2,false,7,46,1c17e270,caught,57efa3be,true,rcb,deccan
392188,2,false,10,66,39f01cdb,stumped,6c6591ab,true,rcb,deccan
392188,2,false,15,98,0184dc35,caught,57efa3be,true,rcb,deccan
392188,2,false,16,103,4d5a1617,run out,,false,rcb,deccan
392188,2,false,17,111,119678fd,caught,57efa3be,true,rcb,deccan
392188,2,false,19,124,ba607b88,caught,c3d1402f,true,rcb,deccan
392189,1,false,0,1,bb345e0b,caught,b2b50355,true,dc,csk
392189,1,false,1,12,8ba8195d,caught,ae78bc32,true,dc,csk
392189,1,false,8,51,5bdcdb72,caught,c3d35165,true,dc,csk
392189,1,false,13,85,c03f1114,caught,b2b50355,true,dc,csk
392189,1,false,19,120,26e5cabf,caught,b2b50355,true,dc,csk
392189,2,false,5,34,b5da6c24,caught,9fc0ef64,true,csk,dc
392189,2,false,7,52,d8699ab7,caught,9fc0ef64,true,csk,dc
392189,2,false,10,67,4a8a2e3b,caught,d7c6af50,true,csk,dc
392189,2,false,14,89,1dc12ab9,caught,9fc0ef64,true,csk,dc
392189,2,false,15,101,ddc0828d,caught,96fd40ae,true,csk,dc
392189,2,false,18,116,3576e47e,caught,d7c6af50,true,csk,dc
392189,2,false,18,119,ae78bc32,run out,,false,csk,dc
392189,2,false,19,122,9f961c14,run out,,false,csk,dc
392189,2,false,19,123,b2b50355,run out,,false,csk,dc
392190,1,false,1,12,25eeb281,caught,69be866a,true,rr,kkr
392190,1,false,2,14,23ac69e6,caught,5bb1a1c4,true,rr,kkr
392190,1,false,8,50,72861603,caught,ea0cdc12,true,rr,kkr
392190,1,false,8,55,3c6ffae8,caught,ea0cdc12,true,rr,kkr
392190,1,false,16,100,fe93fd9d,caught,5bb1a1c4,true,rr,kkr
392190,1,false,17,112,3edb58fc,bowled,69be866a,true,rr,kkr
392190,2,false,3,25,b8a55852,caught,3edb58fc,true,kkr,rr
392190,2,false,8,55,db584dad,caught,bb18be76,true,kkr,rr
392190,2,false,9,64,b1451597,caught,6ef60d3a,true,kkr,rr
392190,2,false,10,70,b57f8a9a,caught,f0f628c7,true,kkr,rr
392190,2,false,13,91,0604ef16,caught,6ef60d3a,true,kkr,rr
392190,2,false,18,122,297b26da,caught,bb18be76,true,kkr,rr
392190,2,false,19,129,725529bc,caught,6ef60d3a,true,kkr,rr
392190,2,false,19,130,5bb1a1c4,run out,,false,kkr,rr
392190,3,true,0,7,db584dad,caught,6ef60d3a,true,kkr,rr
392191,1,false,1,7,1c17e270,caught,5fa06777,true,rcb,pbks
392191,1,false,5,33,91ffa6c6,bowled,4353bba5,true,rcb,pbks
392191,1,false,5,35,39f01cdb,caught,4353bba5,true,rcb,pbks
392191,1,false,10,64,0184dc35,caught,98ae73b1,true,rcb,pbks
392191,1,false,16,101,86dc8f2e,caught,4353bba5,true,rcb,pbks
392191,1,false,17,108,ba607b88,caught,034b4b7d,true,rcb,pbks
392191,1,false,18,115,b61a3e1a,caught,4353bba5,true,rcb,pbks
392191,1,false,19,118,e938e1bc,lbw,5fa06777,true,rcb,pbks
392191,1,false,19,119,e32d22f6,bowled,5fa06777,true,rcb,pbks
392191,2,false,6,44,a1f1829d,run out,,false,pbks,rcb
392191,2,false,12,79,6b71e6cf,caught,0c2730df,true,pbks,rcb
392191,2,false,18,113,7ca5e05d,caught,86dc8f2e,true,pbks,rcb
392192,1,false,6,44,2b6e6dec,caught,87e562a9,true,deccan,mi
392192,1,false,12,81,35205dfc,bowled,f233bbb4,true,deccan,mi
392192,1,false,14,92,740742ef,caught,87e562a9,true,deccan,mi
392192,1,false,14,94,de8cce37,caught,87e562a9,true,deccan,mi
392192,1,false,15,98,e1d1b294,run out,,false,deccan,mi
392192,1,false,17,111,fe763256,bowled,a12e1d51,true,deccan,mi
392192,1,false,18,117,c3d1402f,caught,8b5b6769,true,deccan,mi
392192,1,false,19,121,a7c226e1,bowled,a12e1d51,true,deccan,mi
392192,1,false,19,125,b720a5d6,lbw,a12e1d51,true,deccan,mi
392192,2,false,1,11,f233bbb4,caught,c3d1402f,true,mi,deccan
392192,2,false,10,71,d2c2b2d5,caught,6c6591ab,true,mi,deccan
392192,2,false,12,81,0a476045,bowled,6c6591ab,true,mi,deccan
392192,2,false,14,93,2e8994e7,caught,6c6591ab,true,mi,deccan
392192,2,false,16,104,a45a5e8d,caught,a7c226e1,true,mi,deccan
392192,2,false,18,117,87e562a9,lbw,a7c226e1,true,mi,deccan
392192,2,false,19,124,8b5b6769,caught,c3d1402f,true,mi,deccan
392194,1,false,0,1,86dc8f2e,bowled,c404f58a,true,rcb,dc
392194,1,false,1,8,1c17e270,caught,96fd40ae,true,rcb,dc
392194,1,false,9,61,39f01cdb,bowled,d7c6af50,true,rcb,dc
392194,1,false,10,70,b61a3e1a,lbw,6b19d823,true,rcb,dc
392194,1,false,18,119,f3cb53a1,caught,9fc0ef64,true,rcb,dc
392194,1,false,19,120,ba607b88,caught,96fd40ae,true,rcb,dc
392194,1,false,19,122,41eb4a4f,run out,,false,rcb,dc
392194,2,false,1,11,8ba8195d,caught,e32d22f6,true,dc,rcb
392194,2,false,5,35,bb345e0b,caught,e32d22f6,true,dc,rcb
392194,2,false,13,80,c4487b84,bowled,d92e42f5,true,dc,rcb
392194,2,false,15,97,c03f1114,caught,af7dadf7,true,dc,rcb
392195,1,false,0,1,a1f1829d,run out,,false,pbks,rr
392195,1,false,4,26,7ca5e05d,caught,6ef60d3a,true,pbks,rr
392195,1,false,6,43,1c914163,caught,f0f628c7,true,pbks,rr
392195,1,false,8,56,d18f9182,caught,f0f628c7,true,pbks,rr
392195,1,false,18,116,5fa06777,bowled,6ef60d3a,true,pbks,rr
392195,1,false,18,121,6b71e6cf,run out,,false,pbks,rr
392195,2,false,1,9,ae091d39,caught,5fa06777,true,rr,pbks
392195,2,false,1,14,72861603,caught,5fa06777,true,rr,pbks
392195,2,false,4,28,23ac69e6,caught,4353bba5,true,rr,pbks
392195,2,false,4,30,3edb58fc,bowled,4353bba5,true,rr,pbks
392195,2,false,6,43,3c6ffae8,caught,98ae73b1,true,rr,pbks
392195,2,false,8,55,c69a7b5c,caught,98ae73b1,true,rr,pbks
392195,2,false,18,114,fe93fd9d,bowled,4353bba5,true,rr,pbks
392196,1,false,0,2,b5da6c24,caught,a7c226e1,true,csk,deccan
392196,1,false,6,45,1dc12ab9,caught and bowled,740742ef,true,csk,deccan
392196,1,false,12,81,4a8a2e3b,caught,6c6591ab,true,csk,deccan
392196,1,false,12,84,d8699ab7,caught,6c6591ab,true,csk,deccan
392196,1,false,16,107,c3d35165,caught,fe763256,true,csk,deccan
392196,1,false,19,126,3576e47e,caught and bowled,c3d1402f,true,csk,deccan
392196,2,false,5,36,2b6e6dec,caught,1dc12ab9,true,deccan,csk
392196,2,false,7,47,de8cce37,caught,1dc12ab9,true,deccan,csk
392196,2,false,13,85,740742ef,caught,b2b50355,true,deccan,csk
392196,2,false,15,95,35205dfc,lbw,4ba44e19,true,deccan,csk
392197,1,false,12,78,d2c2b2d5,lbw,b1451597,true,mi,kkr
392197,1,false,13,87,8b5b6769,caught,b57f8a9a,true,mi,kkr
392197,1,false,14,92,f233bbb4,caught,b1451597,true,mi,kkr
392197,1,false,15,95,a45a5e8d,run out,,false,mi,kkr
392197,1,false,16,106,87e562a9,caught,b1451597,true,mi,kkr
392197,1,false,18,117,0a476045,caught,5bb1a1c4,true,mi,kkr
392197,2,false,1,13,b8a55852,caught,a12e1d51,true,kkr,mi
392197,2,false,2,20,db584dad,caught,87e562a9,true,kkr,mi
392197,2,false,10,65,b57f8a9a,bowled,a45a5e8d,true,kkr,mi
392197,2,false,12,76,725529bc,caught,a45a5e8d,true,kkr,mi
392197,2,false,12,78,7023d182,caught,a45a5e8d,true,kkr,mi
392197,2,false,13,83,297b26da,caught,87e562a9,true,kkr,mi
392197,2,false,14,92,b1451597,caught,91a4a398,true,kkr,mi
392197,2,false,15,94,ea0cdc12,bowled,a12e1d51,true,kkr,mi
392197,2,false,15,95,66b30f71,bowled,a12e1d51,true,kkr,mi
392198,1,false,2,15,bb345e0b,caught,3edb58fc,true,dc,rr
392198,1,false,2,18,8ba8195d,caught,3edb58fc,true,dc,rr
392198,1,false,5,36,5bdcdb72,caught,f0f628c7,true,dc,rr
392198,1,false,7,45,c03f1114,caught and bowled,bb18be76,true,dc,rr
392198,1,false,15,94,c4487b84,lbw,bb18be76,true,dc,rr
392198,1,false,18,113,d7c6af50,bowled,f0f628c7,true,dc,rr
392198,1,false,19,121,6b19d823,bowled,6ef60d3a,true,dc,rr
392198,2,false,3,24,23ac69e6,lbw,96fd40ae,true,rr,dc
392198,2,false,4,32,ae091d39,run out,,false,rr,dc
392198,2,false,6,43,25eeb281,caught,6b19d823,true,rr,dc
392198,2,false,10,68,fe93fd9d,caught,6b19d823,true,rr,dc
392198,2,false,10,71,bb18be76,stumped,6b19d823,true,rr,dc
392199,1,false,0,1,b8a55852,caught,39f01cdb,true,kkr,rcb
392199,1,false,5,37,b57f8a9a,lbw,0c2730df,true,kkr,rcb
392199,1,false,8,53,725529bc,caught,e938e1bc,true,kkr,rcb
392199,1,false,11,70,db584dad,caught,d92e42f5,true,kkr,rcb
392199,1,false,16,101,fe11caa6,caught,0c2730df,true,kkr,rcb
392199,1,false,17,108,b1451597,lbw,05c2ca46,true,kkr,rcb
392199,2,false,11,72,541f85c9,caught,b57f8a9a,true,rcb,kkr
392199,2,false,12,81,86dc8f2e,caught,5bb1a1c4,true,rcb,kkr
392199,2,false,15,100,ba607b88,caught,b57f8a9a,true,rcb,kkr
392199,2,false,15,102,39f01cdb,caught,b57f8a9a,true,rcb,kkr
392199,2,false,18,119,05c2ca46,caught,5bb1a1c4,true,rcb,kkr
392200,1,false,3,23,a1f1829d,stumped,8b5b6769,true,pbks,mi
392200,1,false,4,27,7ca5e05d,caught,87e562a9,true,pbks,mi
392200,1,false,8,52,1c914163,caught,2e8994e7,true,pbks,mi
392200,1,false,10,65,d18f9182,caught,f233bbb4,true,pbks,mi
392200,1,false,14,92,5fa06777,caught,91a4a398,true,pbks,mi
392200,1,false,16,104,3dba85c2,bowled,a12e1d51,true,pbks,mi
392200,1,false,16,106,98ae73b1,bowled,a12e1d51,true,pbks,mi
392200,1,false,19,126,5d096f3d,run out,,false,pbks,mi
392200,2,false,0,2,f233bbb4,caught,5fa06777,true,mi,pbks
392200,2,false,1,10,d2c2b2d5,caught,5f26df4f,true,mi,pbks
392200,2,false,4,27,0a476045,lbw,4353bba5,true,mi,pbks
392200,2,false,9,60,87e562a9,caught,5d096f3d,true,mi,pbks
392200,2,false,17,110,a45a5e8d,bowled,5fa06777,true,mi,pbks
392200,2,false,18,116,8b5b6769,caught,98ae73b1,true,mi,pbks
392200,2,false,19,126,2e8994e7,caught,4353bba5,true,mi,pbks
392201,1,false,0,5,2b6e6dec,caught,c404f58a,true,deccan,dc
392201,1,false,2,16,e1d1b294,caught,c404f58a,true,deccan,dc
392201,1,false,8,56,740742ef,caught,6b19d823,true,deccan,dc
392201,1,false,9,58,bff458c6,lbw,d7c6af50,true,deccan,dc
392201,1,false,14,92,aaa1b522,caught,9fc0ef64,true,deccan,dc
392201,1,false,17,111,35205dfc,caught,96fd40ae,true,deccan,dc
392201,1,false,18,114,8a668774,run out,,false,deccan,dc
392201,1,false,19,122,fe763256,bowled,96fd40ae,true,deccan,dc
392201,1,false,19,123,6c6591ab,run out,,false,deccan,dc
392201,2,false,3,21,8ba8195d,caught,c3d1402f,true,dc,deccan
392201,2,false,4,30,c4487b84,caught,8a668774,true,dc,deccan
392201,2,false,6,43,bb345e0b,lbw,8a668774,true,dc,deccan
392201,2,false,17,109,c03f1114,lbw,6c6591ab,true,dc,deccan
392202,1,false,1,7,d8699ab7,bowled,3c6ffae8,true,csk,rr
392202,1,false,3,21,b5da6c24,caught,3c6ffae8,true,csk,rr
392202,1,false,11,67,3576e47e,stumped,bb18be76,true,csk,rr
392202,1,false,12,78,3eac9d95,caught,f0f628c7,true,csk,rr
392202,1,false,19,121,1dc12ab9,caught,f0f628c7,true,csk,rr
392202,2,false,1,13,72861603,caught,c3d35165,true,rr,csk
392202,2,false,5,34,ae091d39,hit wicket,c3d35165,true,rr,csk
392202,2,false,9,59,23ac69e6,lbw,1dc12ab9,true,rr,csk
392202,2,false,12,80,3c6ffae8,caught,b2b50355,true,rr,csk
392202,2,false,14,92,3edb58fc,caught,3eac9d95,true,rr,csk
392202,2,false,17,107,fe93fd9d,caught,b2b50355,true,rr,csk
392202,2,false,17,111,bb18be76,caught,b2b50355,true,rr,csk
392202,2,false,18,112,f0f628c7,caught,3eac9d95,true,rr,csk
392202,2,false,19,120,3d7e087f,caught,b2b50355,true,rr,csk
392203,1,false,3,22,f233bbb4,caught,66b30f71,true,mi,kkr
392203,1,false,5,38,8b5b6769,caught,abfeb126,true,mi,kkr
392203,1,false,7,51,d2c2b2d5,caught,fa463154,true,mi,kkr
392203,1,false,11,74,a45a5e8d,bowled,b57f8a9a,true,mi,kkr
392203,1,false,15,100,611926bc,caught,db584dad,true,mi,kkr
392203,1,false,18,119,29e95537,caught,5bb1a1c4,true,mi,kkr
392203,2,false,0,4,725529bc,bowled,91a4a398,true,kkr,mi
392203,2,false,2,14,db584dad,bowled,91a4a398,true,kkr,mi
392203,2,false,14,94,710dd98c,caught,611926bc,true,kkr,mi
392203,2,false,17,111,b1451597,bowled,91a4a398,true,kkr,mi
392203,2,false,18,121,b57f8a9a,run out,,false,kkr,mi
392203,2,false,19,124,b8a55852,caught,a45a5e8d,true,kkr,mi
392204,1,false,0,5,91ffa6c6,caught,5fa06777,true,rcb,pbks
392204,1,false,4,29,4d5a1617,caught,4353bba5,true,rcb,pbks
392204,1,false,6,38,541f85c9,caught,4353bba5,true,rcb,pbks
392204,1,false,11,74,1c17e270,caught,1c914163,true,rcb,pbks
392204,1,false,11,75,86dc8f2e,bowled,1c914163,true,rcb,pbks
392204,1,false,13,82,f3cb53a1,lbw,1c914163,true,rcb,pbks
392204,1,false,17,109,05c2ca46,caught,4353bba5,true,rcb,pbks
392204,1,false,18,112,ba607b88,caught,5fa06777,true,rcb,pbks
392204,1,false,19,119,0c2730df,bowled,4353bba5,true,rcb,pbks
392204,2,false,9,60,1c914163,caught,0c2730df,true,pbks,rcb
392204,2,false,10,67,a1f1829d,caught,05c2ca46,true,pbks,rcb
392204,2,false,12,77,fdedb37c,run out,,false,pbks,rcb
392204,2,false,17,105,d18f9182,caught,05c2ca46,true,pbks,rcb
392204,2,false,18,113,6b71e6cf,bowled,0c2730df,true,pbks,rcb
392204,2,false,19,121,5fa06777,caught,e938e1bc,true,pbks,rcb
392204,2,false,19,122,98ae73b1,bowled,e938e1bc,true,pbks,rcb
392205,1,false,4,25,e1d1b294,lbw,3c6ffae8,true,deccan,rr
392205,1,false,5,31,bff458c6,caught,63bff7f9,true,deccan,rr
392205,1,false,9,60,2b6e6dec,caught,fe93fd9d,true,deccan,rr
392205,1,false,16,105,740742ef,caught,3d7e087f,true,deccan,rr
392205,1,false,19,120,35205dfc,caught,63bff7f9,true,deccan,rr
392205,2,false,0,2,72861603,caught,a7c226e1,true,rr,deccan
392205,2,false,0,4,ae091d39,run out,,false,rr,deccan
392205,2,false,1,13,890946a0,caught,c3d1402f,true,rr,deccan
392205,2,false,9,59,fe93fd9d,caught,fe763256,true,rr,deccan
392205,2,false,9,63,d872f52a,lbw,fe763256,true,rr,deccan
392205,2,false,14,89,bb18be76,caught,6c6591ab,true,rr,deccan
392205,2,false,17,112,3c6ffae8,caught,c3d1402f,true,rr,deccan
392206,1,false,4,30,4b57e452,caught,96fd40ae,true,csk,dc
392206,1,false,5,36,d8699ab7,caught,9fc0ef64,true,csk,dc
392206,1,false,12,78,1dc12ab9,caught,33a364a6,true,csk,dc
392206,1,false,14,92,3576e47e,bowled,33a364a6,true,csk,dc
392206,1,false,15,95,c3d35165,caught and bowled,96fd40ae,true,csk,dc
392206,1,false,17,108,3eac9d95,caught,c404f58a,true,csk,dc
392206,1,false,17,109,4a8a2e3b,caught,c404f58a,true,csk,dc
392206,1,false,18,117,b2b50355,caught,96fd40ae,true,csk,dc
392206,1,false,19,123,c8179c68,caught,c404f58a,true,csk,dc
392206,1,false,19,125,4ba44e19,run out,,false,csk,dc
392206,2,false,3,20,bb345e0b,caught,c24a2c5d,true,dc,csk
392206,2,false,3,21,c4487b84,bowled,c24a2c5d,true,dc,csk
392206,2,false,6,42,5bdcdb72,bowled,c8179c68,true,dc,csk
392206,2,false,15,96,dcce6f09,stumped,c8179c68,true,dc,csk
392206,2,false,16,101,c42aaf71,bowled,4ba44e19,true,dc,csk
392206,2,false,17,105,c03f1114,caught,c8179c68,true,dc,csk
392206,2,false,17,109,9fc0ef64,bowled,c8179c68,true,dc,csk
392206,2,false,18,115,33a364a6,caught,c3d35165,true,dc,csk
392207,1,false,4,30,db584dad,caught,4353bba5,true,kkr,pbks
392207,1,false,10,65,b8a55852,caught,98ae73b1,true,kkr,pbks
392207,1,false,15,99,725529bc,caught,98ae73b1,true,kkr,pbks
392207,2,false,0,5,6b71e6cf,caught,5bb1a1c4,true,pbks,kkr
392207,2,false,5,33,3fca55af,caught,fa463154,true,pbks,kkr
392207,2,false,9,59,fdedb37c,caught,b57f8a9a,true,pbks,kkr
392207,2,false,14,91,1c914163,caught,5bb1a1c4,true,pbks,kkr
392208,1,false,3,22,d2c2b2d5,caught,d7a57f75,true,mi,rcb
392208,1,false,3,23,29e95537,caught,d7a57f75,true,mi,rcb
392208,1,false,5,33,2e8994e7,caught,d7a57f75,true,mi,rcb
392208,1,false,14,86,f233bbb4,caught,05c2ca46,true,mi,rcb
392208,2,false,2,21,619aa81f,caught,91a4a398,true,rcb,mi
392209,1,false,6,43,d8699ab7,caught,8a668774,true,csk,deccan
392209,1,false,12,76,4b57e452,caught,aaa1b522,true,csk,deccan
392209,1,false,17,111,1dc12ab9,caught,c3d1402f,true,csk,deccan
392209,2,false,0,1,2b6e6dec,lbw,c3d35165,true,deccan,csk
392209,2,false,1,9,e1d1b294,bowled,c24a2c5d,true,deccan,csk
392209,2,false,2,15,de8cce37,caught,c3d35165,true,deccan,csk
392209,2,false,8,52,740742ef,caught,c8179c68,true,deccan,csk
392209,2,false,8,56,35205dfc,lbw,c8179c68,true,deccan,csk
392209,2,false,10,67,fe763256,caught,c8179c68,true,deccan,csk
392209,2,false,12,79,12eddf28,bowled,c8179c68,true,deccan,csk
392209,2,false,13,86,c3d1402f,caught,4ba44e19,true,deccan,csk
392209,2,false,13,87,aaa1b522,caught,4ba44e19,true,deccan,csk
392209,2,false,14,91,6c6591ab,caught,1dc12ab9,true,deccan,csk
392210,1,false,14,91,72861603,caught,5d096f3d,true,rr,pbks
392210,1,false,16,100,3c6ffae8,caught,98ae73b1,true,rr,pbks
392210,1,false,16,104,890946a0,caught,98ae73b1,true,rr,pbks
392210,1,false,19,120,fe93fd9d,caught,5fa06777,true,rr,pbks
392210,2,false,0,1,3fca55af,caught,5b040b81,true,pbks,rr
392210,2,false,0,6,a1f1829d,caught,5b040b81,true,pbks,rr
392210,2,false,4,30,fdedb37c,bowled,3d7e087f,true,pbks,rr
392210,2,false,5,36,6b71e6cf,stumped,3c6ffae8,true,pbks,rr
392210,2,false,7,47,d18f9182,caught,63bff7f9,true,pbks,rr
392210,2,false,13,86,5fa06777,lbw,bb18be76,true,pbks,rr
392210,2,false,15,100,98ae73b1,caught,bb18be76,true,pbks,rr
392210,2,false,18,117,1c914163,caught,5b040b81,true,pbks,rr
392211,1,false,6,45,b8a55852,caught,9fc0ef64,true,kkr,dc
392211,1,false,12,82,b57f8a9a,caught,9fc0ef64,true,kkr,dc
392211,1,false,19,120,710dd98c,bowled,96fd40ae,true,kkr,dc
392211,2,false,6,43,dcce6f09,caught,fa463154,true,dc,kkr
392212,1,false,1,12,e1d1b294,caught,d2a989fc,true,deccan,mi
392212,1,false,5,36,aaa1b522,caught,87e562a9,true,deccan,mi
392212,1,false,9,61,2b6e6dec,bowled,5f4e9e8f,true,deccan,mi
392212,1,false,12,81,35205dfc,bowled,f233bbb4,true,deccan,mi
392212,1,false,17,107,740742ef,caught,a12e1d51,true,deccan,mi
392212,1,false,19,119,fe763256,run out,,false,deccan,mi
392212,2,false,1,10,f233bbb4,caught,c3d1402f,true,mi,deccan
392212,2,false,1,11,d2c2b2d5,bowled,c3d1402f,true,mi,deccan
392212,2,false,8,54,0aadc906,caught,aaa1b522,true,mi,deccan
392212,2,false,14,86,87e562a9,caught,aaa1b522,true,mi,deccan
392212,2,false,15,96,a45a5e8d,bowled,740742ef,true,mi,deccan
392212,2,false,15,97,8b5b6769,bowled,740742ef,true,mi,deccan
392212,2,false,17,104,2e8994e7,caught,740742ef,true,mi,deccan
392212,2,false,17,106,709b0bac,stumped,740742ef,true,mi,deccan
392213,1,false,2,15,619aa81f,caught,5b040b81,true,rcb,rr
392213,1,false,4,30,86dc8f2e,caught,f0f628c7,true,rcb,rr
392213,1,false,5,38,0184dc35,caught,d872f52a,true,rcb,rr
392213,1,false,8,53,1c17e270,lbw,fe93fd9d,true,rcb,rr
392213,1,false,10,69,f3cb53a1,bowled,fe93fd9d,true,rcb,rr
392213,1,false,14,90,ba607b88,caught,fe93fd9d,true,rcb,rr
392213,1,false,16,105,05c2ca46,bowled,5b040b81,true,rcb,rr
392213,1,false,17,109,e938e1bc,run out,,false,rcb,rr
392213,1,false,19,121,d7a57f75,caught,5b040b81,true,rcb,rr
392213,1,false,19,125,41eb4a4f,bowled,5b040b81,true,rcb,rr
392213,2,false,5,34,72861603,bowled,86dc8f2e,true,rr,rcb
392213,2,false,8,52,d872f52a,run out,,false,rr,rcb
392213,2,false,13,85,3c6ffae8,caught,d7a57f75,true,rr,rcb
392214,1,false,0,1,3576e47e,caught,5fa06777,true,csk,pbks
392214,1,false,9,56,1dc12ab9,caught,98ae73b1,true,csk,pbks
392214,1,false,16,103,d8699ab7,caught,6b8eb6e5,true,csk,pbks
392214,2,false,0,2,3fca55af,bowled,c3d35165,true,pbks,csk
392214,2,false,6,39,a1f1829d,caught,c8179c68,true,pbks,csk
392214,2,false,9,56,fdedb37c,caught,b2b50355,true,pbks,csk
392215,1,false,0,3,0fa5042b,run out,,false,mi,dc
392215,1,false,0,7,2e8994e7,caught,c404f58a,true,mi,dc
392215,1,false,5,41,d2c2b2d5,run out,,false,mi,dc
392215,1,false,7,51,0aadc906,caught,33a364a6,true,mi,dc
392215,1,false,15,105,87e562a9,caught,c404f58a,true,mi,dc
392215,1,false,16,106,a45a5e8d,caught,96fd40ae,true,mi,dc
392215,1,false,18,123,8b5b6769,bowled,96fd40ae,true,mi,dc
392215,1,false,19,125,5f4e9e8f,bowled,33a364a6,true,mi,dc
392215,1,false,19,128,29e95537,caught,33a364a6,true,mi,dc
392215,1,false,19,130,d2a989fc,run out,,false,mi,dc
392215,2,false,8,53,dcce6f09,stumped,2e8994e7,true,dc,mi
392215,2,false,9,58,bb345e0b,caught,8b5b6769,true,dc,mi
392215,2,false,17,111,5bdcdb72,caught,a12e1d51,true,dc,mi
392216,1,false,3,24,2b6e6dec,caught,6b8eb6e5,true,deccan,pbks
392216,1,false,6,41,e1d1b294,caught,98ae73b1,true,deccan,pbks
392216,1,false,9,58,aaa1b522,caught,3dba85c2,true,deccan,pbks
392216,1,false,10,66,740742ef,caught,dd09ff8e,true,deccan,pbks
392216,1,false,19,125,fe763256,run out,,false,deccan,pbks
392216,2,false,4,28,3fca55af,caught,740742ef,true,pbks,deccan
392216,2,false,4,30,fdedb37c,caught,740742ef,true,pbks,deccan
392216,2,false,9,60,6b71e6cf,bowled,8a668774,true,pbks,deccan
392216,2,false,9,62,1c914163,caught,8a668774,true,pbks,deccan
392216,2,false,14,88,5fa06777,caught,aaa1b522,true,pbks,deccan
392216,2,false,16,100,3dba85c2,run out,,false,pbks,deccan
392216,2,false,17,110,d18f9182,run out,,false,pbks,deccan
392217,1,false,0,3,890946a0,bowled,c3d35165,true,rr,csk
392217,1,false,8,54,ae091d39,lbw,4ba44e19,true,rr,csk
392217,1,false,12,75,72861603,stumped,4ba44e19,true,rr,csk
392217,1,false,14,86,fe93fd9d,caught,b2b50355,true,rr,csk
392217,1,false,15,96,3c6ffae8,caught,c8179c68,true,rr,csk
392217,1,false,16,101,d872f52a,run out,,false,rr,csk
392217,1,false,17,105,c69a7b5c,stumped,c8179c68,true,rr,csk
392217,2,false,2,19,4b57e452,lbw,3d7e087f,true,csk,rr
392217,2,false,5,38,1dc12ab9,caught,5b040b81,true,csk,rr
392217,2,false,16,107,d8699ab7,stumped,bb18be76,true,csk,rr
392218,1,false,1,10,d2c2b2d5,caught,41eb4a4f,true,mi,rcb
392218,1,false,7,54,f233bbb4,lbw,05c2ca46,true,mi,rcb
392218,2,false,3,25,86dc8f2e,caught,87e562a9,true,rcb,mi
392218,2,false,4,31,1c17e270,caught,d2a989fc,true,rcb,mi
392218,2,false,6,41,ba607b88,caught,f24ca2ba,true,rcb,mi
392218,2,false,9,62,0184dc35,run out,,false,rcb,mi
392218,2,false,11,75,b61a3e1a,bowled,a12e1d51,true,rcb,mi
392218,2,false,13,84,05c2ca46,stumped,8b5b6769,true,rcb,mi
392218,2,false,17,111,41eb4a4f,stumped,8b5b6769,true,rcb,mi
392219,1,false,0,4,b8a55852,lbw,96fd40ae,true,kkr,dc
392219,1,false,0,7,b57f8a9a,caught,96fd40ae,true,kkr,dc
392219,1,false,1,13,710dd98c,caught,c404f58a,true,kkr,dc
392219,1,false,7,49,297b26da,caught,6b19d823,true,kkr,dc
392219,1,false,7,52,fe11caa6,caught,6b19d823,true,kkr,dc
392219,1,false,11,72,32198ae0,stumped,6b19d823,true,kkr,dc
392219,1,false,16,103,725529bc,caught,c404f58a,true,kkr,dc
392219,1,false,19,126,fa463154,caught,9fc0ef64,true,kkr,dc
392219,2,false,6,43,bb345e0b,caught,32198ae0,true,dc,kkr
392219,2,false,8,54,dcce6f09,caught,5bb1a1c4,true,dc,kkr
392219,2,false,8,58,5bdcdb72,caught,5bb1a1c4,true,dc,kkr
392220,1,false,3,22,2b6e6dec,lbw,3c6ffae8,true,deccan,rr
392220,1,false,5,36,aaa1b522,caught,3d7e087f,true,deccan,rr
392220,1,false,9,58,740742ef,stumped,fe93fd9d,true,deccan,rr
392220,1,false,11,70,bd77eb62,bowled,fe93fd9d,true,deccan,rr
392220,1,false,16,99,bcce309e,caught,3c6ffae8,true,deccan,rr
392220,1,false,18,113,fe763256,caught,bb18be76,true,deccan,rr
392220,1,false,19,120,35205dfc,caught,3c6ffae8,true,deccan,rr
392220,2,false,1,7,72861603,lbw,bcce309e,true,rr,deccan
392220,2,false,3,25,d872f52a,stumped,bcce309e,true,rr,deccan
392220,2,false,7,49,890946a0,run out,,false,rr,deccan
392220,2,false,11,70,3c6ffae8,caught,6c6591ab,true,rr,deccan
392220,2,false,13,81,ae091d39,run out,,false,rr,deccan
392220,2,false,13,84,c69a7b5c,bowled,740742ef,true,rr,deccan
392220,2,false,15,95,5bb5a915,caught,740742ef,true,rr,deccan
392220,2,false,15,97,bb18be76,bowled,740742ef,true,rr,deccan
392220,2,false,16,102,3d7e087f,bowled,c3d1402f,true,rr,deccan
392220,2,false,19,120,f0f628c7,run out,,false,rr,deccan
392221,1,false,2,15,725529bc,caught,41eb4a4f,true,kkr,rcb
392221,1,false,4,26,7023d182,caught,41eb4a4f,true,kkr,rcb
392221,1,false,13,81,fd835ab3,bowled,af7dadf7,true,kkr,rcb
392221,1,false,17,107,896d78ad,caught,0c2730df,true,kkr,rcb
392221,2,false,8,55,86dc8f2e,caught,abfeb126,true,rcb,kkr
392221,2,false,9,62,91ffa6c6,caught,fa463154,true,rcb,kkr
392221,2,false,10,72,1c17e270,caught,abfeb126,true,rcb,kkr
392221,2,false,15,101,0184dc35,caught and bowled,ea0cdc12,true,rcb,kkr
392222,1,false,1,9,fdedb37c,caught,d2a989fc,true,pbks,mi
392222,1,false,3,23,5fa06777,run out,,false,pbks,mi
392222,1,false,5,38,3fca55af,run out,,false,pbks,mi
392222,1,false,9,61,6b71e6cf,bowled,8b5b6769,true,pbks,mi
392222,1,false,11,73,3dba85c2,caught,2e8994e7,true,pbks,mi
392222,1,false,11,76,1c914163,caught,2e8994e7,true,pbks,mi
392222,1,false,14,93,b63ab531,bowled,29e95537,true,pbks,mi
392222,1,false,17,111,dd09ff8e,caught,a12e1d51,true,pbks,mi
392222,1,false,17,114,98ae73b1,run out,,false,pbks,mi
392222,2,false,2,14,f233bbb4,caught,dd09ff8e,true,mi,pbks
392222,2,false,5,37,29e95537,lbw,98ae73b1,true,mi,pbks
392223,1,false,1,10,dcce6f09,caught,bcce309e,true,dc,deccan
392223,1,false,6,41,5bdcdb72,caught,bd77eb62,true,dc,deccan
392223,1,false,9,63,bb345e0b,caught,6c6591ab,true,dc,deccan
392223,1,false,13,88,8ba8195d,caught,bcce309e,true,dc,deccan
392223,1,false,16,107,c4487b84,caught,35205dfc,true,dc,deccan
392223,1,false,17,109,33a364a6,caught,6c6591ab,true,dc,deccan
392223,1,false,19,120,6b19d823,run out,,false,dc,deccan
392223,2,false,2,19,aaa1b522,caught,9fc0ef64,true,deccan,dc
392223,2,false,4,28,740742ef,caught,9fc0ef64,true,deccan,dc
392223,2,false,10,68,2b6e6dec,bowled,9fc0ef64,true,deccan,dc
392223,2,false,16,107,b720a5d6,caught,c404f58a,true,deccan,dc
392223,2,false,17,109,bd77eb62,bowled,33a364a6,true,deccan,dc
392223,2,false,17,111,35205dfc,bowled,33a364a6,true,deccan,dc
392223,2,false,18,116,fe763256,caught,96fd40ae,true,deccan,dc
392223,2,false,18,117,c3d1402f,run out,,false,deccan,dc
392223,2,false,19,122,6c6591ab,bowled,33a364a6,true,deccan,dc
392223,2,false,19,123,8a668774,caught,33a364a6,true,deccan,dc
392224,1,false,3,22,4b57e452,caught,86dc8f2e,true,csk,rcb
392224,1,false,5,35,1dc12ab9,caught,86dc8f2e,true,csk,rcb
392224,1,false,12,74,4a8a2e3b,caught and bowled,05c2ca46,true,csk,rcb
392224,1,false,13,81,d8699ab7,caught,0c2730df,true,csk,rcb
392224,1,false,16,98,3576e47e,caught,0c2730df,true,csk,rcb
392224,1,false,17,107,c3d35165,caught,e938e1bc,true,csk,rcb
392224,1,false,18,111,3eac9d95,caught,41eb4a4f,true,csk,rcb
392224,1,false,18,112,b2b50355,caught,41eb4a4f,true,csk,rcb
392224,1,false,19,118,4ba44e19,run out,,false,csk,rcb
392224,1,false,19,119,c24a2c5d,run out,,false,csk,rcb
392224,2,false,0,3,86dc8f2e,lbw,c3d35165,true,rcb,csk
392224,2,false,1,12,0184dc35,caught,c24a2c5d,true,rcb,csk
392224,2,false,4,30,1c17e270,lbw,c3d35165,true,rcb,csk
392224,2,false,14,88,ba607b88,caught,b2b50355,true,rcb,csk
392224,2,false,15,93,f3cb53a1,caught,4ba44e19,true,rcb,csk
392224,2,false,16,104,05c2ca46,run out,,false,rcb,csk
392224,2,false,17,108,af7dadf7,caught,3eac9d95,true,rcb,csk
392224,2,false,19,118,b61a3e1a,caught,3eac9d95,true,rcb,csk
392225,1,false,6,39,72861603,caught,8b5b6769,true,rr,mi
392225,1,false,9,59,3c6ffae8,caught,f24ca2ba,true,rr,mi
392225,1,false,15,95,23ac69e6,bowled,a12e1d51,true,rr,mi
392225,1,false,18,115,facb9086,caught,87e562a9,true,rr,mi
392225,1,false,19,119,fe93fd9d,caught,f233bbb4,true,rr,mi
392225,1,false,19,122,890946a0,caught,f233bbb4,true,rr,mi
392225,1,false,19,124,bb18be76,run out,,false,rr,mi
392225,2,false,1,9,87e562a9,caught and bowled,f0f628c7,true,mi,rr
392225,2,false,4,30,29e95537,caught,bb18be76,true,mi,rr
392225,2,false,5,32,4e04666c,caught,3d7e087f,true,mi,rr
392225,2,false,11,69,f233bbb4,caught,bb18be76,true,mi,rr
392225,2,false,13,83,2e8994e7,bowled,3d7e087f,true,mi,rr
392225,2,false,15,99,d2c2b2d5,lbw,bb18be76,true,mi,rr
392225,2,false,18,119,a45a5e8d,run out,,false,mi,rr
392225,2,false,19,124,d2a989fc,lbw,f0f628c7,true,mi,rr
392225,2,false,19,125,f24ca2ba,run out,,false,mi,rr
392225,2,false,19,127,a12e1d51,run out,,false,mi,rr
392226,1,false,2,18,8ba8195d,caught,dd09ff8e,true,dc,pbks
392226,1,false,3,23,bb345e0b,run out,,false,dc,pbks
392226,1,false,7,48,c4487b84,caught,6b8eb6e5,true,dc,pbks
392226,1,false,9,59,5bdcdb72,caught,6b8eb6e5,true,dc,pbks
392226,1,false,15,101,c42aaf71,caught,3dba85c2,true,dc,pbks
392226,1,false,16,109,ab89348d,bowled,dd09ff8e,true,dc,pbks
392226,1,false,17,115,d7c6af50,caught,5fa06777,true,dc,pbks
392226,1,false,18,116,33a364a6,caught,dd09ff8e,true,dc,pbks
392226,1,false,19,124,c03f1114,caught,5fa06777,true,dc,pbks
392226,2,false,3,19,fdedb37c,caught,ab89348d,true,pbks,dc
392226,2,false,4,28,3fca55af,bowled,96fd40ae,true,pbks,dc
392226,2,false,5,35,b63ab531,caught,ab89348d,true,pbks,dc
392226,2,false,15,100,1c914163,caught,9fc0ef64,true,pbks,dc
392227,1,false,2,13,87e562a9,bowled,c3d35165,true,mi,csk
392227,1,false,5,38,f233bbb4,caught,c24a2c5d,true,mi,csk
392227,1,false,10,67,d2c2b2d5,caught,1dc12ab9,true,mi,csk
392227,1,false,19,119,2e8994e7,run out,,false,mi,csk
392227,1,false,19,122,8b5b6769,run out,,false,mi,csk
392227,2,false,0,1,b5da6c24,lbw,a12e1d51,true,csk,mi
392227,2,false,3,24,1dc12ab9,caught and bowled,87e562a9,true,csk,mi
392227,2,false,10,66,3576e47e,caught,d2a989fc,true,csk,mi
392228,1,false,4,28,b8a55852,caught,12eddf28,true,kkr,deccan
392228,1,false,14,90,725529bc,caught,740742ef,true,kkr,deccan
392228,1,false,17,109,b57f8a9a,caught,12eddf28,true,kkr,deccan
392228,1,false,19,120,fe11caa6,caught,bd77eb62,true,kkr,deccan
392228,1,false,19,122,fd835ab3,run out,,false,kkr,deccan
392228,2,false,9,57,2b6e6dec,caught,b57f8a9a,true,deccan,kkr
392228,2,false,12,76,e1d1b294,caught,abfeb126,true,deccan,kkr
392228,2,false,16,99,aaa1b522,run out,,false,deccan,kkr
392228,2,false,17,104,bd77eb62,run out,,false,deccan,kkr
392229,1,false,1,15,3fca55af,caught,c3d1402f,true,pbks,deccan
392229,1,false,2,21,b63ab531,run out,,false,pbks,deccan
392229,1,false,4,30,fdedb37c,caught,bd77eb62,true,pbks,deccan
392229,1,false,8,57,1c914163,bowled,fe763256,true,pbks,deccan
392229,1,false,16,102,3dba85c2,caught,aaa1b522,true,pbks,deccan
392229,1,false,17,113,6b71e6cf,caught,c3d1402f,true,pbks,deccan
392229,1,false,19,122,5fa06777,caught,c3d1402f,true,pbks,deccan
392229,2,false,4,26,2b6e6dec,stumped,5d096f3d,true,deccan,pbks
392229,2,false,4,27,aaa1b522,bowled,5d096f3d,true,deccan,pbks
392229,2,false,11,73,e1d1b294,caught,1c914163,true,deccan,pbks
392229,2,false,13,81,bd77eb62,stumped,1c914163,true,deccan,pbks
392229,2,false,13,82,fe763256,bowled,1c914163,true,deccan,pbks
392229,2,false,18,112,b720a5d6,run out,,false,deccan,pbks
392229,2,false,19,121,740742ef,bowled,5fa06777,true,deccan,pbks
392229,2,false,19,123,c3d1402f,caught and bowled,5fa06777,true,deccan,pbks
392230,1,false,2,15,bb345e0b,caught and bowled,f0f628c7,true,dc,rr
392230,1,false,2,19,8ba8195d,lbw,f0f628c7,true,dc,rr
392230,1,false,16,103,5bdcdb72,bowled,7c503806,true,dc,rr
392230,2,false,1,12,72861603,caught,c404f58a,true,rr,dc
392230,2,false,2,15,23ac69e6,caught,96fd40ae,true,rr,dc
392230,2,false,6,41,890946a0,caught,260fd380,true,rr,dc
392230,2,false,12,78,fe93fd9d,caught,260fd380,true,rr,dc
392230,2,false,13,85,3c6ffae8,caught,ab89348d,true,rr,dc
392230,2,false,15,100,7c503806,caught,ab89348d,true,rr,dc
392230,2,false,16,102,c69a7b5c,bowled,6b19d823,true,rr,dc
392230,2,false,16,103,5b040b81,stumped,6b19d823,true,rr,dc
392230,2,false,16,108,bb18be76,stumped,6b19d823,true,rr,dc
392231,1,false,6,41,b5da6c24,run out,,false,csk,kkr
392231,1,false,9,59,5056011d,run out,,false,csk,kkr
392231,1,false,16,108,1dc12ab9,caught,66b30f71,true,csk,kkr
392231,2,false,4,29,725529bc,bowled,4ba44e19,true,kkr,csk
392231,2,false,13,85,b8a55852,bowled,c8179c68,true,kkr,csk
392231,2,false,15,93,fd835ab3,run out,,false,kkr,csk
392232,1,false,0,3,8ba8195d,caught,e938e1bc,true,dc,rcb
392232,1,false,0,5,c42aaf71,caught,e938e1bc,true,dc,rcb
392232,1,false,5,36,bb345e0b,caught,86dc8f2e,true,dc,rcb
392232,1,false,10,63,c4487b84,bowled,05c2ca46,true,dc,rcb
392232,1,false,11,69,16043342,bowled,0c2730df,true,dc,rcb
392232,1,false,16,104,662c47a6,caught,0c2730df,true,dc,rcb
392232,1,false,17,110,c03f1114,caught,e938e1bc,true,dc,rcb
392232,2,false,0,6,1c17e270,caught,96fd40ae,true,rcb,dc
392232,2,false,12,75,0184dc35,caught and bowled,662c47a6,true,rcb,dc
392232,2,false,14,90,b61a3e1a,caught,662c47a6,true,rcb,dc
392233,1,false,1,7,23ac69e6,caught,d1c94b25,true,rr,kkr
392233,1,false,2,18,ae091d39,run out,,false,rr,kkr
392233,1,false,3,22,890946a0,caught,d1c94b25,true,rr,kkr
392233,1,false,5,34,7c503806,bowled,fa463154,true,rr,kkr
392233,1,false,9,57,a2870fb7,caught,d1c94b25,true,rr,kkr
392233,1,false,10,67,3c6ffae8,run out,,false,rr,kkr
392233,1,false,11,70,0a4ebc61,run out,,false,rr,kkr
392233,1,false,17,107,fe93fd9d,bowled,caa89a48,true,rr,kkr
392233,1,false,19,120,bb18be76,bowled,fa463154,true,rr,kkr
392233,2,false,0,6,725529bc,caught,f0f628c7,true,kkr,rr
392233,2,false,1,7,b8a55852,lbw,5b040b81,true,kkr,rr
392233,2,false,4,31,297b26da,caught,f0f628c7,true,kkr,rr
392233,2,false,7,44,b57f8a9a,stumped,7c503806,true,kkr,rr
392233,2,false,9,56,fd835ab3,caught,7c503806,true,kkr,rr
392233,2,false,11,70,5f5d3ad4,run out,,false,kkr,rr
392234,1,false,4,29,5056011d,run out,,false,csk,pbks
392234,1,false,6,41,b5da6c24,bowled,5d096f3d,true,csk,pbks
392234,1,false,9,58,3576e47e,caught,6b8eb6e5,true,csk,pbks
392234,1,false,9,60,4a8a2e3b,bowled,6b8eb6e5,true,csk,pbks
392234,1,false,13,82,1dc12ab9,caught,3dba85c2,true,csk,pbks
392234,1,false,14,89,ae78bc32,bowled,98ae73b1,true,csk,pbks
392234,1,false,17,108,3eac9d95,caught and bowled,5fa06777,true,csk,pbks
392234,1,false,17,110,495d42a5,caught,5fa06777,true,csk,pbks
392234,1,false,19,120,b2ae53f5,run out,,false,csk,pbks
392234,2,false,1,12,3fca55af,caught,b2ae53f5,true,pbks,csk
392234,2,false,6,42,fdedb37c,bowled,4ba44e19,true,pbks,csk
392234,2,false,11,69,b63ab531,caught,4ba44e19,true,pbks,csk
392234,2,false,12,78,1c914163,bowled,1dc12ab9,true,pbks,csk
392234,2,false,15,93,6b71e6cf,caught and bowled,495d42a5,true,pbks,csk
392234,2,false,15,95,3dba85c2,lbw,495d42a5,true,pbks,csk
392234,2,false,16,103,dd09ff8e,caught,1dc12ab9,true,pbks,csk
392234,2,false,18,116,5fa06777,caught,b2ae53f5,true,pbks,csk
392235,1,false,0,3,f233bbb4,lbw,c404f58a,true,mi,dc
392235,1,false,2,18,2e8994e7,caught,c404f58a,true,mi,dc
392235,1,false,4,33,2bb09eb2,caught,9fc0ef64,true,mi,dc
392235,1,false,13,90,d2c2b2d5,bowled,33a364a6,true,mi,dc
392235,1,false,14,95,a45a5e8d,lbw,260fd380,true,mi,dc
392235,1,false,18,121,0aadc906,caught and bowled,c404f58a,true,mi,dc
392235,1,false,19,125,29e95537,caught,9fc0ef64,true,mi,dc
392235,1,false,19,129,a12e1d51,run out,,false,mi,dc
392235,2,false,3,21,dcce6f09,caught,d2a989fc,true,dc,mi
392235,2,false,11,69,bb345e0b,caught,a12e1d51,true,dc,mi
392235,2,false,14,90,5bdcdb72,caught,8b5b6769,true,dc,mi
392235,2,false,14,91,8ba8195d,bowled,8b5b6769,true,dc,mi
392235,2,false,16,104,c4487b84,caught,8b5b6769,true,dc,mi
392235,2,false,16,105,33a364a6,bowled,8b5b6769,true,dc,mi
392236,1,false,1,12,86dc8f2e,caught,c3d1402f,true,rcb,deccan
392236,1,false,9,57,05c2ca46,stumped,bd77eb62,true,rcb,deccan
392236,1,false,14,87,0184dc35,caught,6c6591ab,true,rcb,deccan
392236,1,false,16,103,b61a3e1a,caught,6c6591ab,true,rcb,deccan
392236,2,false,6,43,2b6e6dec,caught,af7dadf7,true,deccan,rcb
392236,2,false,10,70,aaa1b522,caught,0c2730df,true,deccan,rcb
392236,2,false,14,91,e1d1b294,caught,af7dadf7,true,deccan,rcb
392236,2,false,15,97,bd77eb62,bowled,05c2ca46,true,deccan,rcb
392236,2,false,17,113,fe763256,run out,,false,deccan,rcb
392236,2,false,18,115,740742ef,caught,0c2730df,true,deccan,rcb
392237,1,false,0,5,bb345e0b,caught,12eddf28,true,dc,deccan
392237,1,false,0,6,dcce6f09,caught,12eddf28,true,dc,deccan
392237,1,false,10,66,8ba8195d,lbw,bd77eb62,true,dc,deccan
392237,1,false,17,106,c4487b84,caught,c3d1402f,true,dc,deccan
392237,1,false,18,118,c03f1114,bowled,12eddf28,true,dc,deccan
392237,1,false,19,122,33a364a6,caught,c3d1402f,true,dc,deccan
392237,1,false,19,124,5bdcdb72,run out,,false,dc,deccan
392237,1,false,19,125,6b19d823,run out,,false,dc,deccan
392237,2,false,1,10,e1d1b294,bowled,96fd40ae,true,deccan,dc
392237,2,false,7,53,bff458c6,stumped,6b19d823,true,deccan,dc
392237,2,false,9,65,2b6e6dec,caught,6b19d823,true,deccan,dc
392237,2,false,13,87,bd77eb62,caught,6b19d823,true,deccan,dc
392238,1,false,6,42,d8699ab7,caught,41eb4a4f,true,csk,rcb
392238,1,false,8,52,b5da6c24,lbw,86dc8f2e,true,csk,rcb
392238,1,false,14,86,1dc12ab9,caught,e938e1bc,true,csk,rcb
392238,1,false,17,105,4a8a2e3b,caught,05c2ca46,true,csk,rcb
392238,1,false,19,119,3eac9d95,caught,41eb4a4f,true,csk,rcb
392238,2,false,1,10,86dc8f2e,caught,ae78bc32,true,rcb,csk
392238,2,false,2,17,05c2ca46,bowled,c3d35165,true,rcb,csk
392238,2,false,12,76,93b4fc78,bowled,c8179c68,true,rcb,csk
392238,2,false,15,92,0184dc35,lbw,4ba44e19,true,rcb,csk
392239,1,false,0,3,2b6e6dec,bowled,0c2730df,true,deccan,rcb
392239,1,false,3,24,aaa1b522,caught,41eb4a4f,true,deccan,rcb
392239,1,false,8,56,bd77eb62,bowled,0c2730df,true,deccan,rcb
392239,1,false,16,103,740742ef,caught,0c2730df,true,deccan,rcb
392239,1,false,16,107,fe763256,caught,0c2730df,true,deccan,rcb
392239,1,false,19,121,bff458c6,lbw,41eb4a4f,true,deccan,rcb
392239,2,false,3,22,86dc8f2e,bowled,c3d1402f,true,rcb,deccan
392239,2,false,6,38,93b4fc78,caught,6c6591ab,true,rcb,deccan
392239,2,false,8,52,05c2ca46,stumped,6c6591ab,true,rcb,deccan
392239,2,false,11,71,0184dc35,bowled,2a72fd4f,true,rcb,deccan
392239,2,false,14,87,b61a3e1a,caught,bd77eb62,true,rcb,deccan
392239,2,false,14,88,ba607b88,stumped,bd77eb62,true,rcb,deccan
392239,2,false,15,96,f3cb53a1,caught,2a72fd4f,true,rcb,deccan
392239,2,false,16,101,e938e1bc,caught,6c6591ab,true,rcb,deccan
392239,2,false,18,115,41eb4a4f,caught,12eddf28,true,rcb,deccan
419106,1,false,0,1,26e5cabf,caught,bcce309e,true,kkr,deccan
419106,1,false,0,4,725529bc,caught,bcce309e,true,kkr,deccan
419106,1,false,4,31,d4f9dbd4,caught,c3d1402f,true,kkr,deccan
419106,1,false,5,34,b57f8a9a,caught,d7b3a420,true,kkr,deccan
419106,2,false,5,38,de8cce37,caught and bowled,abfeb126,true,deccan,kkr
419106,2,false,11,72,2b6e6dec,caught,b57f8a9a,true,deccan,kkr
419106,2,false,12,79,e1d1b294,caught,d1c94b25,true,deccan,kkr
419106,2,false,14,90,bd77eb62,caught,5bb1a1c4,true,deccan,kkr
419106,2,false,16,103,740742ef,caught,896d78ad,true,deccan,kkr
419106,2,false,17,113,7bb62642,caught and bowled,b1451597,true,deccan,kkr
419106,2,false,18,116,bcce309e,bowled,d1c94b25,true,deccan,kkr
419107,1,false,3,24,f233bbb4,lbw,fdcb08c2,true,mi,rr
419107,1,false,6,43,d2c2b2d5,lbw,3edb58fc,true,mi,rr
419107,1,false,6,45,855a210c,caught,3edb58fc,true,mi,rr
419107,1,false,16,110,70d205c9,caught,fdcb08c2,true,mi,rr
419107,1,false,17,117,709b0bac,caught,addfb70e,true,mi,rr
419107,1,false,18,119,626c5379,run out,,false,mi,rr
419107,1,false,19,128,8b5b6769,retired hurt,,false,mi,rr
419107,2,false,0,2,ae091d39,run out,,false,rr,mi
419107,2,false,5,31,890946a0,caught,ef5da05c,true,rr,mi
419107,2,false,6,39,72861603,caught and bowled,626c5379,true,rr,mi
419107,2,false,9,56,2815fe50,bowled,a12e1d51,true,rr,mi
419107,2,false,17,106,3c6ffae8,run out,,false,rr,mi
419107,2,false,19,119,2728e7e9,run out,,false,rr,mi
419107,2,false,19,120,fdcb08c2,bowled,a12e1d51,true,rr,mi
419108,1,false,1,9,5afd4539,run out,,false,pbks,dc
419108,1,false,5,33,6b71e6cf,caught,ab89348d,true,pbks,dc
419108,1,false,5,39,1c914163,caught,ab89348d,true,pbks,dc
419108,1,false,6,40,d18f9182,caught,9fc0ef64,true,pbks,dc
419108,1,false,13,84,5fa06777,stumped,5bdcdb72,true,pbks,dc
419108,1,false,14,93,d84378a4,stumped,6b19d823,true,pbks,dc
419108,1,false,15,96,7ca5e05d,caught,93a17209,true,pbks,dc
419108,1,false,16,103,5d096f3d,bowled,c404f58a,true,pbks,dc
419108,1,false,18,119,98ae73b1,caught,c404f58a,true,pbks,dc
419108,2,false,1,8,8ba8195d,caught,6b8eb6e5,true,dc,pbks
419108,2,false,1,11,5bdcdb72,caught,6b8eb6e5,true,dc,pbks
419108,2,false,7,47,c4487b84,run out,,false,dc,pbks
419108,2,false,12,76,c03f1114,caught,4353bba5,true,dc,pbks
419108,2,false,19,118,bb345e0b,caught,5fa06777,true,dc,pbks
419109,1,false,2,18,541f85c9,caught,d1c94b25,true,rcb,kkr
419109,1,false,4,28,93b4fc78,bowled,896d78ad,true,rcb,kkr
419109,1,false,5,35,ba607b88,caught,abfeb126,true,rcb,kkr
419109,1,false,7,45,d2a6c0e6,bowled,abfeb126,true,rcb,kkr
419109,1,false,12,75,0184dc35,bowled,896d78ad,true,rcb,kkr
419109,1,false,17,107,1c17e270,caught,896d78ad,true,rcb,kkr
419109,1,false,17,110,05c2ca46,caught,896d78ad,true,rcb,kkr
419109,2,false,11,73,26e5cabf,caught and bowled,05c2ca46,true,kkr,rcb
419109,2,false,13,89,b57f8a9a,caught,05c2ca46,true,kkr,rcb
419109,2,false,18,115,725529bc,caught,e938e1bc,true,kkr,rcb
419110,1,false,4,31,2b6e6dec,bowled,495d42a5,true,deccan,csk
419110,1,false,4,32,de8cce37,run out,,false,deccan,csk
419110,1,false,17,113,e1d1b294,run out,,false,deccan,csk
419110,1,false,18,118,bd77eb62,run out,,false,deccan,csk
419110,2,false,2,13,4b57e452,bowled,bcce309e,true,csk,deccan
419110,2,false,2,16,1dc12ab9,caught,bcce309e,true,csk,deccan
419110,2,false,4,25,d8699ab7,caught,bcce309e,true,csk,deccan
419110,2,false,5,33,3576e47e,caught,6c6591ab,true,csk,deccan
419110,2,false,9,61,6581d753,stumped,6c6591ab,true,csk,deccan
419110,2,false,14,91,4a8a2e3b,bowled,bd77eb62,true,csk,deccan
419110,2,false,15,94,495d42a5,caught,740742ef,true,csk,deccan
419110,2,false,17,109,b2b50355,caught,c3d1402f,true,csk,deccan
419110,2,false,18,111,4ba44e19,lbw,bd77eb62,true,csk,deccan
419111,1,false,1,9,ae091d39,caught,c404f58a,true,rr,dc
419111,1,false,4,30,890946a0,bowled,6b19d823,true,rr,dc
419111,1,false,5,36,3c6ffae8,caught,ab89348d,true,rr,dc
419111,1,false,8,51,72861603,caught,9fc0ef64,true,rr,dc
419111,1,false,16,102,2728e7e9,run out,,false,rr,dc
419111,1,false,17,107,3edb58fc,run out,,false,rr,dc
419111,2,false,3,22,bb345e0b,caught,3edb58fc,true,dc,rr
419111,2,false,3,23,5bdcdb72,caught,3edb58fc,true,dc,rr
419111,2,false,9,63,8ba8195d,caught,f0f628c7,true,dc,rr
419111,2,false,12,78,c4487b84,caught,bb18be76,true,dc,rr
419112,1,false,14,92,5afd4539,caught,86dc8f2e,true,pbks,rcb
419112,1,false,15,102,1c914163,caught,8fd1a8f5,true,pbks,rcb
419112,1,false,19,126,7ca5e05d,caught,e938e1bc,true,pbks,rcb
419112,2,false,8,53,93b4fc78,caught,98ae73b1,true,rcb,pbks
419112,2,false,13,88,1c17e270,caught,c18496e1,true,rcb,pbks
419113,1,false,3,19,d8699ab7,bowled,5bb1a1c4,true,csk,kkr
419113,1,false,8,53,4b57e452,bowled,b1451597,true,csk,kkr
419113,1,false,9,56,1dc12ab9,bowled,b57f8a9a,true,csk,kkr
419113,2,false,0,2,b57f8a9a,caught,c3d35165,true,kkr,csk
419113,2,false,1,9,26e5cabf,bowled,ae78bc32,true,kkr,csk
419113,2,false,4,31,fe11caa6,bowled,b2b50355,true,kkr,csk
419113,2,false,6,39,7bf96684,caught,b2b50355,true,kkr,csk
419113,2,false,8,52,725529bc,caught,6581d753,true,kkr,csk
419113,2,false,10,65,896d78ad,lbw,6581d753,true,kkr,csk
419113,2,false,12,78,9ff100a6,caught,6581d753,true,kkr,csk
419113,2,false,13,83,b1451597,caught,4ba44e19,true,kkr,csk
419113,2,false,14,88,4f629497,bowled,495d42a5,true,kkr,csk
419113,2,false,19,119,abfeb126,run out,,false,kkr,csk
419114,1,false,3,23,f233bbb4,caught,ab89348d,true,mi,dc
419114,1,false,6,40,855a210c,bowled,9fc0ef64,true,mi,dc
419114,1,false,10,67,d2c2b2d5,caught,6b19d823,true,mi,dc
419114,1,false,17,111,70d205c9,caught,ab89348d,true,mi,dc
419114,1,false,18,120,709b0bac,run out,,false,mi,dc
419114,1,false,19,124,87e562a9,caught,fb693839,true,mi,dc
419114,1,false,19,127,a757b0d8,stumped,fb693839,true,mi,dc
419114,2,false,3,23,5bdcdb72,bowled,a12e1d51,true,dc,mi
419114,2,false,6,38,8ba8195d,caught,87e562a9,true,dc,mi
419114,2,false,6,42,c4487b84,bowled,87e562a9,true,dc,mi
419114,2,false,8,54,c03f1114,stumped,8b5b6769,true,dc,mi
419114,2,false,9,57,c42aaf71,caught,f233bbb4,true,dc,mi
419114,2,false,11,70,ab89348d,stumped,f233bbb4,true,dc,mi
419114,2,false,12,81,6b19d823,bowled,a757b0d8,true,dc,mi
419114,2,false,13,84,9fc0ef64,run out,,false,dc,mi
419114,2,false,16,103,c404f58a,bowled,8b5b6769,true,dc,mi
419115,1,false,5,33,890946a0,caught,86dc8f2e,true,rr,rcb
419115,1,false,6,41,11df3dc8,stumped,0c2730df,true,rr,rcb
419115,1,false,7,50,2815fe50,bowled,86dc8f2e,true,rr,rcb
419115,1,false,14,89,3c6ffae8,run out,,false,rr,rcb
419115,1,false,16,103,69762509,bowled,e938e1bc,true,rr,rcb
419115,1,false,16,104,287686fd,caught,e938e1bc,true,rr,rcb
419115,1,false,16,105,2728e7e9,bowled,e938e1bc,true,rr,rcb
419115,1,false,19,120,bb18be76,bowled,0c2730df,true,rr,rcb
419115,1,false,19,123,5bb5a915,stumped,0c2730df,true,rr,rcb
419115,1,false,19,124,f0f628c7,run out,,false,rr,rcb
419116,1,false,3,21,dcce6f09,caught,b2b50355,true,dc,csk
419116,1,false,11,73,5bdcdb72,caught,4ba44e19,true,dc,csk
419116,1,false,11,75,8ba8195d,caught,4ba44e19,true,dc,csk
419116,1,false,12,80,c4487b84,caught,495d42a5,true,dc,csk
419116,1,false,16,103,c03f1114,lbw,9f961c14,true,dc,csk
419116,1,false,19,121,33a364a6,caught,b2b50355,true,dc,csk
419116,2,false,2,14,b5da6c24,run out,,false,csk,dc
419116,2,false,6,44,3576e47e,caught,cc1e8c68,true,csk,dc
419116,2,false,13,87,d8699ab7,caught,6b19d823,true,csk,dc
419116,2,false,15,99,c3d35165,caught,5bdcdb72,true,csk,dc
419116,2,false,17,115,6581d753,bowled,c404f58a,true,csk,dc
419117,1,false,2,19,2b6e6dec,caught,2049f3a0,true,deccan,pbks
419117,1,false,3,22,de8cce37,retired hurt,,false,deccan,pbks
419117,1,false,10,63,e1d1b294,bowled,1c914163,true,deccan,pbks
419117,1,false,10,66,740742ef,run out,,false,deccan,pbks
419117,1,false,11,71,7bb62642,caught,c18496e1,true,deccan,pbks
419117,1,false,16,101,bd77eb62,caught,1c914163,true,deccan,pbks
419117,1,false,18,114,bcce309e,caught,5fa06777,true,deccan,pbks
419117,1,false,19,117,aaa1b522,run out,,false,deccan,pbks
419117,2,false,2,14,5afd4539,run out,,false,pbks,deccan
419117,2,false,2,18,6b71e6cf,bowled,bcce309e,true,pbks,deccan
419117,2,false,4,31,1c914163,caught,bcce309e,true,pbks,deccan
419117,2,false,7,47,d18f9182,bowled,bd77eb62,true,pbks,deccan
419117,2,false,10,62,d3a3e82d,caught,6c6591ab,true,pbks,deccan
419117,2,false,11,73,7ca5e05d,caught,740742ef,true,pbks,deccan
419117,2,false,16,99,98ae73b1,caught,c3d1402f,true,pbks,deccan
419117,2,false,19,117,5fa06777,caught,d7b3a420,true,pbks,deccan
419118,1,false,0,1,11df3dc8,lbw,66b30f71,true,rr,kkr
419118,1,false,4,32,c15e2193,caught,4f629497,true,rr,kkr
419118,1,false,8,53,890946a0,run out,,false,rr,kkr
419118,1,false,12,81,3c6ffae8,caught,66b30f71,true,rr,kkr
419118,1,false,17,106,2815fe50,caught,5bb1a1c4,true,rr,kkr
419118,1,false,17,108,2728e7e9,caught,5bb1a1c4,true,rr,kkr
419118,1,false,18,113,bb18be76,caught,4f629497,true,rr,kkr
419118,2,false,2,18,26e5cabf,bowled,3c6ffae8,true,kkr,rr
419118,2,false,10,64,d4f9dbd4,bowled,3d7e087f,true,kkr,rr
419118,2,false,14,85,b57f8a9a,bowled,3c6ffae8,true,kkr,rr
419118,2,false,19,117,725529bc,caught,f0f628c7,true,kkr,rr
419118,2,false,19,118,896d78ad,run out,,false,kkr,rr
419119,1,false,1,10,f233bbb4,lbw,8fd1a8f5,true,mi,rcb
419119,1,false,4,31,855a210c,caught,86dc8f2e,true,mi,rcb
419119,1,false,9,61,709b0bac,bowled,0c2730df,true,mi,rcb
419119,1,false,10,65,70d205c9,caught,41eb4a4f,true,mi,rcb
419119,1,false,10,67,d2c2b2d5,bowled,41eb4a4f,true,mi,rcb
419119,1,false,10,70,87e562a9,lbw,41eb4a4f,true,mi,rcb
419119,1,false,17,107,a757b0d8,caught,8fd1a8f5,true,mi,rcb
419119,1,false,17,111,626c5379,caught,8fd1a8f5,true,mi,rcb
419119,1,false,19,119,8b5b6769,caught,e938e1bc,true,mi,rcb
419119,2,false,9,59,93b4fc78,caught,8b5b6769,true,rcb,mi
419119,2,false,14,87,1c17e270,caught,91a4a398,true,rcb,mi
419119,2,false,16,102,ba607b88,run out,,false,rcb,mi
419120,1,false,0,5,6afb26d6,bowled,6b19d823,true,deccan,dc
419120,1,false,4,30,2b6e6dec,caught,fb693839,true,deccan,dc
419120,1,false,9,57,e1d1b294,caught,662c47a6,true,deccan,dc
419120,1,false,13,81,bd77eb62,caught,32198ae0,true,deccan,dc
419120,1,false,18,113,740742ef,caught,c404f58a,true,deccan,dc
419120,1,false,19,118,fe763256,run out,,false,deccan,dc
419120,2,false,3,23,8ba8195d,caught,6c6591ab,true,dc,deccan
419120,2,false,10,61,dcce6f09,run out,,false,dc,deccan
419120,2,false,12,74,c4487b84,bowled,5d9a1a73,true,dc,deccan
419120,2,false,14,89,c42aaf71,caught,5d9a1a73,true,dc,deccan
419120,2,false,16,98,32198ae0,caught,bd77eb62,true,dc,deccan
419120,2,false,18,111,c03f1114,caught and bowled,bd77eb62,true,dc,deccan
419120,2,false,18,112,6b19d823,caught,bd77eb62,true,dc,deccan
419120,2,false,19,116,662c47a6,bowled,bcce309e,true,dc,deccan
419120,2,false,19,117,fb693839,run out,,false,dc,deccan
419121,1,false,2,17,7ca5e05d,caught,c3d35165,true,pbks,csk
419121,1,false,8,50,6b71e6cf,stumped,4ba44e19,true,pbks,csk
419121,1,false,9,59,5fa06777,bowled,b2b50355,true,pbks,csk
419121,1,false,10,66,d18f9182,lbw,4ba44e19,true,pbks,csk
419121,1,false,16,99,d84378a4,caught,4ba44e19,true,pbks,csk
419121,1,false,18,114,5afd4539,run out,,false,pbks,csk
419121,1,false,18,115,1c914163,caught,c3d35165,true,pbks,csk
419121,1,false,19,117,dec8e038,run out,,false,pbks,csk
419121,2,false,8,56,d8699ab7,bowled,5d096f3d,true,csk,pbks
419121,2,false,12,81,1dc12ab9,run out,,false,csk,pbks
419121,2,false,12,85,4b57e452,lbw,dec8e038,true,csk,pbks
419121,2,false,13,91,3576e47e,caught,1c914163,true,csk,pbks
419121,2,false,17,111,b5da6c24,stumped,98ae73b1,true,csk,pbks
419121,2,false,18,120,ae78bc32,bowled,dec8e038,true,csk,pbks
419121,2,false,19,128,495d42a5,caught,5fa06777,true,csk,pbks
419121,3,true,0,2,d8699ab7,bowled,dec8e038,true,csk,pbks
419121,3,true,0,5,1dc12ab9,caught,dec8e038,true,csk,pbks
419121,4,true,0,2,d18f9182,caught,4ba44e19,true,pbks,csk
419122,1,false,10,69,725529bc,bowled,8b5b6769,true,kkr,mi
419122,1,false,19,122,7bf96684,bowled,91a4a398,true,kkr,mi
419122,1,false,19,126,db584dad,lbw,91a4a398,true,kkr,mi
419122,2,false,6,44,0a476045,caught,abfeb126,true,mi,kkr
419122,2,false,13,88,709b0bac,caught,5bb1a1c4,true,mi,kkr
419122,2,false,15,99,a757b0d8,lbw,5bb1a1c4,true,mi,kkr
419123,1,false,4,29,86dc8f2e,bowled,b2b50355,true,rcb,csk
419123,1,false,7,51,0184dc35,bowled,4ba44e19,true,rcb,csk
419123,1,false,9,62,93b4fc78,caught,4ba44e19,true,rcb,csk
419123,1,false,15,98,ba607b88,stumped,4ba44e19,true,rcb,csk
419123,1,false,16,105,d2a6c0e6,bowled,c3d35165,true,rcb,csk
419123,2,false,0,6,b5da6c24,caught,e938e1bc,true,csk,rcb
419123,2,false,9,60,d8699ab7,run out,,false,csk,rcb
419123,2,false,9,62,5056011d,caught,41eb4a4f,true,csk,rcb
419123,2,false,11,74,1dc12ab9,caught,41eb4a4f,true,csk,rcb
419123,2,false,12,80,4b57e452,caught,0c2730df,true,csk,rcb
419123,2,false,15,101,3576e47e,caught,41eb4a4f,true,csk,rcb
419123,2,false,19,124,c3d35165,bowled,41eb4a4f,true,csk,rcb
419124,1,false,3,23,890946a0,caught,6b8eb6e5,true,rr,pbks
419124,1,false,7,47,11df3dc8,stumped,98ae73b1,true,rr,pbks
419124,1,false,12,85,3c6ffae8,caught,2049f3a0,true,rr,pbks
419124,1,false,19,122,c15e2193,run out,,false,rr,pbks
419124,1,false,19,126,2728e7e9,run out,,false,rr,pbks
419124,2,false,3,25,6b71e6cf,caught,addfb70e,true,pbks,rr
419124,2,false,7,49,5afd4539,caught,bb18be76,true,pbks,rr
419124,2,false,10,69,1c914163,caught,3d7e087f,true,pbks,rr
419124,2,false,12,78,7ca5e05d,caught,f0f628c7,true,pbks,rr
419124,2,false,12,81,5fa06777,run out,,false,pbks,rr
419124,2,false,14,92,d84378a4,lbw,3c6ffae8,true,pbks,rr
419124,2,false,16,102,98ae73b1,caught,3c6ffae8,true,pbks,rr
419124,2,false,17,109,dec8e038,caught,addfb70e,true,pbks,rr
419124,2,false,18,117,d18f9182,caught,3d7e087f,true,pbks,rr
419124,2,false,19,119,2049f3a0,bowled,addfb70e,true,pbks,rr
419125,1,false,3,24,d8699ab7,lbw,8b5b6769,true,csk,mi
419125,1,false,4,34,b5da6c24,bowled,c654af19,true,csk,mi
419125,2,false,8,59,0a476045,caught,c8179c68,true,mi,csk
419125,2,false,9,63,709b0bac,lbw,4ba44e19,true,mi,csk
419125,2,false,13,86,626c5379,bowled,9f961c14,true,mi,csk
419125,2,false,16,106,a757b0d8,bowled,4ba44e19,true,mi,csk
419125,2,false,18,116,d2c2b2d5,caught,b2b50355,true,mi,csk
419126,1,false,0,4,2b6e6dec,caught,287686fd,true,deccan,rr
419126,1,false,4,30,de8cce37,caught,addfb70e,true,deccan,rr
419126,1,false,6,43,e1d1b294,stumped,bb18be76,true,deccan,rr
419126,1,false,8,52,bd77eb62,run out,,false,deccan,rr
419126,1,false,12,79,aaa1b522,bowled,addfb70e,true,deccan,rr
419126,1,false,13,86,fe763256,run out,,false,deccan,rr
419126,1,false,17,115,bcce309e,run out,,false,deccan,rr
419126,1,false,18,120,5d9a1a73,caught,287686fd,true,deccan,rr
419126,1,false,19,125,740742ef,caught,addfb70e,true,deccan,rr
419126,2,false,6,39,890946a0,stumped,6c6591ab,true,rr,deccan
419126,2,false,11,70,11df3dc8,run out,,false,rr,deccan
419127,1,false,2,19,db584dad,caught,2049f3a0,true,kkr,pbks
419127,1,false,4,33,c3a96caf,caught,2049f3a0,true,kkr,pbks
419127,1,false,14,94,725529bc,caught,5fa06777,true,kkr,pbks
419127,1,false,15,103,fd835ab3,bowled,98ae73b1,true,kkr,pbks
419127,1,false,19,126,896d78ad,caught,5fa06777,true,kkr,pbks
419127,2,false,0,2,7ca5e05d,lbw,4f629497,true,pbks,kkr
419127,2,false,5,37,1c914163,caught,fa463154,true,pbks,kkr
419127,2,false,7,49,5afd4539,caught,fa463154,true,pbks,kkr
419127,2,false,13,86,d18f9182,bowled,896d78ad,true,pbks,kkr
419127,2,false,14,90,6b71e6cf,stumped,db584dad,true,pbks,kkr
419127,2,false,18,117,5fa06777,caught and bowled,4f629497,true,pbks,kkr
419128,1,false,3,21,dcce6f09,caught,8fd1a8f5,true,dc,rcb
419128,1,false,5,32,8ba8195d,caught,41eb4a4f,true,dc,rcb
419128,1,false,11,72,c03f1114,run out,,false,dc,rcb
419128,1,false,16,100,c4487b84,run out,,false,dc,rcb
419128,2,false,9,58,86dc8f2e,bowled,6b19d823,true,rcb,dc
419128,2,false,10,66,93b4fc78,bowled,16043342,true,rcb,dc
419128,2,false,10,67,0184dc35,run out,,false,rcb,dc
419128,2,false,11,75,1c17e270,caught,6b19d823,true,rcb,dc
419128,2,false,14,93,d2a6c0e6,run out,,false,rcb,dc
419128,2,false,15,98,f3cb53a1,caught,9fc0ef64,true,rcb,dc
419128,2,false,16,106,41eb4a4f,run out,,false,rcb,dc
419128,2,false,17,109,e938e1bc,caught,cc1e8c68,true,rcb,dc
419128,2,false,19,124,8fd1a8f5,bowled,16043342,true,rcb,dc
419129,1,false,3,26,11df3dc8,caught,c3d35165,true,rr,csk
419129,1,false,10,68,c15e2193,caught,c8179c68,true,rr,csk
419129,1,false,12,78,3c6ffae8,caught,c8179c68,true,rr,csk
419129,1,false,17,107,890946a0,caught,b2ae53f5,true,rr,csk
419129,1,false,18,112,864c199e,caught,c3d35165,true,rr,csk
419129,1,false,19,118,2728e7e9,run out,,false,rr,csk
419129,1,false,19,119,2815fe50,caught,b2ae53f5,true,rr,csk
419129,1,false,19,120,bb18be76,run out,,false,rr,csk
419129,2,false,3,22,d8699ab7,caught and bowled,3c6ffae8,true,csk,rr
419129,2,false,8,53,4b57e452,run out,,false,csk,rr
419129,2,false,9,59,1dc12ab9,bowled,bb18be76,true,csk,rr
419129,2,false,15,97,4a8a2e3b,run out,,false,csk,rr
419129,2,false,18,112,3576e47e,caught,addfb70e,true,csk,rr
419129,2,false,18,116,c3d35165,caught,addfb70e,true,csk,rr
419130,1,false,3,22,0a476045,lbw,d7b3a420,true,mi,deccan
419130,1,false,7,50,87e562a9,caught,c3d1402f,true,mi,deccan
419130,1,false,7,53,709b0bac,caught,c3d1402f,true,mi,deccan
419130,1,false,10,70,70d205c9,stumped,6c6591ab,true,mi,deccan
419130,1,false,12,79,626c5379,caught,6c6591ab,true,mi,deccan
419130,1,false,13,85,a757b0d8,caught,d7b3a420,true,mi,deccan
419130,1,false,16,107,d2c2b2d5,caught,c3d1402f,true,mi,deccan
419130,2,false,0,2,2b6e6dec,caught,8b5b6769,true,deccan,mi
419130,2,false,4,30,e1d1b294,caught,91a4a398,true,deccan,mi
419130,2,false,5,33,6afb26d6,caught,a12e1d51,true,deccan,mi
419130,2,false,5,38,bd77eb62,caught,a12e1d51,true,deccan,mi
419130,2,false,10,68,aaa1b522,caught and bowled,8b5b6769,true,deccan,mi
419130,2,false,13,83,fe763256,caught,a757b0d8,true,deccan,mi
419130,2,false,14,91,d7b3a420,caught,8b5b6769,true,deccan,mi
419130,2,false,16,104,740742ef,bowled,91a4a398,true,deccan,mi
419130,2,false,16,106,78eb4223,bowled,91a4a398,true,deccan,mi
419130,2,false,17,110,c3d1402f,bowled,a12e1d51,true,deccan,mi
419131,1,false,0,6,8ba8195d,stumped,db584dad,true,dc,kkr
419131,1,false,1,13,bb345e0b,lbw,d1c94b25,true,dc,kkr
419131,1,false,2,21,c03f1114,bowled,5bb1a1c4,true,dc,kkr
419131,1,false,19,120,a386e91b,caught,d1c94b25,true,dc,kkr
419131,2,false,2,19,725529bc,bowled,c404f58a,true,kkr,dc
419131,2,false,3,24,c3a96caf,stumped,6b19d823,true,kkr,dc
419131,2,false,4,28,26e5cabf,bowled,16043342,true,kkr,dc
419131,2,false,8,51,db584dad,caught,33a364a6,true,kkr,dc
419131,2,false,13,86,fd835ab3,caught,cc1e8c68,true,kkr,dc
419131,2,false,15,97,896d78ad,bowled,cc1e8c68,true,kkr,dc
419131,2,false,18,120,fa463154,caught and bowled,a386e91b,true,kkr,dc
419131,2,false,19,125,abfeb126,run out,,false,kkr,dc
419131,2,false,19,126,d1c94b25,bowled,16043342,true,kkr,dc
419132,1,false,1,8,7ca5e05d,lbw,91a4a398,true,pbks,mi
419132,1,false,4,28,5afd4539,caught,a12e1d51,true,pbks,mi
419132,1,false,10,67,d18f9182,run out,,false,pbks,mi
419132,1,false,11,71,1c914163,caught,87e562a9,true,pbks,mi
419132,1,false,15,98,5fa06777,caught,a12e1d51,true,pbks,mi
419132,1,false,15,99,508a1ea7,bowled,a12e1d51,true,pbks,mi
419132,1,false,16,104,dd09ff8e,caught,91a4a398,true,pbks,mi
419132,1,false,17,108,a1f1829d,bowled,a12e1d51,true,pbks,mi
419132,1,false,18,120,5f26df4f,bowled,91a4a398,true,pbks,mi
419132,1,false,19,127,98ae73b1,run out,,false,pbks,mi
419132,2,false,5,34,d2c2b2d5,caught,98ae73b1,true,mi,pbks
419132,2,false,9,63,a757b0d8,caught,5fa06777,true,mi,pbks
419132,2,false,11,73,0a476045,caught,7ca5e05d,true,mi,pbks
419132,2,false,15,100,70d205c9,caught,2049f3a0,true,mi,pbks
419132,2,false,16,108,87e562a9,caught and bowled,7ca5e05d,true,mi,pbks
419132,2,false,18,120,709b0bac,caught,7ca5e05d,true,mi,pbks
419133,1,false,2,15,93b4fc78,caught,b2ae53f5,true,rcb,csk
419133,1,false,6,42,1c17e270,caught,c8179c68,true,rcb,csk
419133,1,false,15,95,ba607b88,caught,c8179c68,true,rcb,csk
419133,1,false,15,97,86dc8f2e,run out,,false,rcb,csk
419133,2,false,6,41,d8699ab7,stumped,0c2730df,true,csk,rcb
419133,2,false,10,65,4b57e452,caught,39f01cdb,true,csk,rcb
419133,2,false,16,100,4a8a2e3b,caught,8fd1a8f5,true,csk,rcb
419133,2,false,17,107,c3d35165,bowled,86dc8f2e,true,csk,rcb
419133,2,false,18,115,3576e47e,caught,41eb4a4f,true,csk,rcb
419134,1,false,3,20,dcce6f09,bowled,287686fd,true,dc,rr
419134,1,false,3,22,8ba8195d,caught,287686fd,true,dc,rr
419134,1,false,5,36,a386e91b,run out,,false,dc,rr
419134,1,false,8,53,99d63244,caught,bb18be76,true,dc,rr
419134,1,false,16,104,bb345e0b,caught,287686fd,true,dc,rr
419134,1,false,19,124,c03f1114,caught,addfb70e,true,dc,rr
419134,2,false,0,2,11df3dc8,caught,ab89348d,true,rr,dc
419134,2,false,0,5,c15e2193,lbw,ab89348d,true,rr,dc
419134,2,false,3,22,890946a0,caught,6b19d823,true,rr,dc
419134,2,false,4,26,2815fe50,run out,,false,rr,dc
419134,2,false,8,51,3c6ffae8,caught,6b19d823,true,rr,dc
419134,2,false,10,64,864c199e,caught,6b19d823,true,rr,dc
419134,2,false,10,67,bb18be76,run out,,false,rr,dc
419134,2,false,13,84,287686fd,caught,a386e91b,true,rr,dc
419134,2,false,16,101,2728e7e9,stumped,fb693839,true,rr,dc
419134,2,false,17,109,addfb70e,stumped,8ba8195d,true,rr,dc
419135,1,false,2,14,db584dad,caught,bd77eb62,true,kkr,deccan
419135,1,false,5,37,d4f9dbd4,caught,bd77eb62,true,kkr,deccan
419135,1,false,8,53,26e5cabf,bowled,6c6591ab,true,kkr,deccan
419135,1,false,16,107,725529bc,caught,6c6591ab,true,kkr,deccan
419135,1,false,18,115,896d78ad,caught,d7b3a420,true,kkr,deccan
419135,1,false,18,117,fd835ab3,caught,d7b3a420,true,kkr,deccan
419135,2,false,2,18,2b6e6dec,caught,fa463154,true,deccan,kkr
419135,2,false,8,54,6afb26d6,caught,896d78ad,true,deccan,kkr
419135,2,false,14,89,e1d1b294,caught,4f629497,true,deccan,kkr
419135,2,false,15,97,740742ef,bowled,abfeb126,true,deccan,kkr
419135,2,false,19,123,bd77eb62,caught,db584dad,true,deccan,kkr
419136,1,false,1,10,508a1ea7,caught,41eb4a4f,true,pbks,rcb
419136,1,false,8,55,5afd4539,bowled,0c2730df,true,pbks,rcb
419136,1,false,11,68,6b71e6cf,caught,8fd1a8f5,true,pbks,rcb
419136,1,false,17,109,1c914163,caught,86dc8f2e,true,pbks,rcb
419136,1,false,19,123,5fa06777,run out,,false,pbks,rcb
419136,2,false,4,26,86dc8f2e,caught,2049f3a0,true,rcb,pbks
419136,2,false,6,43,93b4fc78,run out,,false,rcb,pbks
419136,2,false,15,94,ba607b88,caught,c18496e1,true,rcb,pbks
419136,2,false,17,110,1c17e270,caught,5fa06777,true,rcb,pbks
419137,1,false,5,35,d8699ab7,caught,dddca1d6,true,csk,rr
419137,1,false,8,50,1dc12ab9,caught,bb18be76,true,csk,rr
419137,1,false,19,117,c3d35165,run out,,false,csk,rr
419137,1,false,19,119,4b57e452,caught,4329fbb5,true,csk,rr
419137,1,false,19,120,4a8a2e3b,caught,4329fbb5,true,csk,rr
419137,2,false,7,46,11df3dc8,caught,c3d35165,true,rr,csk
419137,2,false,7,50,3c6ffae8,caught,c3d35165,true,rr,csk
419137,2,false,15,95,4329fbb5,bowled,45c2196c,true,rr,csk
419137,2,false,17,108,c15e2193,caught,4ba44e19,true,rr,csk
419137,2,false,18,116,2815fe50,caught,45c2196c,true,rr,csk
419138,1,false,6,40,0a476045,stumped,6c6591ab,true,mi,deccan
419138,1,false,7,47,d2c2b2d5,lbw,5d9a1a73,true,mi,deccan
419138,1,false,8,57,87e562a9,bowled,6c6591ab,true,mi,deccan
419138,1,false,16,103,709b0bac,caught,6c6591ab,true,mi,deccan
419138,1,false,19,124,a757b0d8,caught,12eddf28,true,mi,deccan
419138,2,false,4,25,e1d1b294,caught,91a4a398,true,deccan,mi
419138,2,false,5,35,de8cce37,run out,,false,deccan,mi
419138,2,false,6,37,2b6e6dec,bowled,91a4a398,true,deccan,mi
419138,2,false,10,63,740742ef,caught and bowled,a757b0d8,true,deccan,mi
419138,2,false,11,74,bd77eb62,bowled,c654af19,true,deccan,mi
419138,2,false,12,78,6afb26d6,caught,a757b0d8,true,deccan,mi
419138,2,false,15,96,12eddf28,caught,c654af19,true,deccan,mi
419138,2,false,17,108,5d9a1a73,caught,8b5b6769,true,deccan,mi
419138,2,false,17,110,aaa1b522,caught,8b5b6769,true,deccan,mi
419138,2,false,18,114,6c6591ab,bowled,a12e1d51,true,deccan,mi
419139,1,false,7,47,725529bc,caught and bowled,7ca5e05d,true,kkr,pbks
419139,1,false,15,99,db584dad,caught,dec8e038,true,kkr,pbks
419139,1,false,18,117,26e5cabf,caught,5fa06777,true,kkr,pbks
419139,2,false,4,30,5afd4539,bowled,abfeb126,true,pbks,kkr
419139,2,false,13,84,6b71e6cf,caught,4f629497,true,pbks,kkr
419140,1,false,4,26,8ba8195d,bowled,66cf56a5,true,dc,rcb
419140,1,false,5,35,bb345e0b,run out,,false,dc,rcb
419140,1,false,9,59,dcce6f09,caught,0c2730df,true,dc,rcb
419140,1,false,10,64,c03f1114,caught,d92e42f5,true,dc,rcb
419140,1,false,14,90,99d63244,run out,,false,dc,rcb
419140,2,false,3,22,d0513f63,caught,6b19d823,true,rcb,dc
419140,2,false,9,57,39f01cdb,bowled,9fc0ef64,true,rcb,dc
419140,2,false,11,72,1c17e270,caught,9fc0ef64,true,rcb,dc
419140,2,false,14,87,b61a3e1a,lbw,33a364a6,true,rcb,dc
419140,2,false,15,96,86dc8f2e,caught,9fc0ef64,true,rcb,dc
419140,2,false,17,107,ba607b88,bowled,ab89348d,true,rcb,dc
419140,2,false,18,110,41eb4a4f,bowled,d7c6af50,true,rcb,dc
419140,2,false,19,117,0184dc35,caught,6b19d823,true,rcb,dc
419140,2,false,19,118,66cf56a5,bowled,6b19d823,true,rcb,dc
419141,1,false,2,13,11df3dc8,caught,c3d1402f,true,rr,deccan
419141,1,false,2,16,890946a0,caught,c3d1402f,true,rr,deccan
419141,1,false,10,67,c15e2193,caught,6c6591ab,true,rr,deccan
419141,1,false,12,77,3c6ffae8,caught,12eddf28,true,rr,deccan
419141,1,false,15,95,2815fe50,caught,2a72fd4f,true,rr,deccan
419141,1,false,15,98,c69a7b5c,lbw,2a72fd4f,true,rr,deccan
419141,1,false,16,103,4329fbb5,caught,c3d1402f,true,rr,deccan
419141,1,false,17,109,bb18be76,run out,,false,rr,deccan
419141,1,false,18,114,dbc50253,caught,12eddf28,true,rr,deccan
419141,1,false,19,123,3d7e087f,bowled,35205dfc,true,rr,deccan
419141,2,false,2,19,de8cce37,caught,dbc50253,true,deccan,rr
419141,2,false,4,34,2b6e6dec,caught,dbc50253,true,deccan,rr
419141,2,false,10,67,bd77eb62,caught,3d7e087f,true,deccan,rr
419141,2,false,13,89,7bb62642,caught,bb18be76,true,deccan,rr
419141,2,false,15,99,35205dfc,caught,bb18be76,true,deccan,rr
419141,2,false,17,109,bff458c6,caught,bb18be76,true,deccan,rr
419141,2,false,17,112,12eddf28,bowled,bb18be76,true,deccan,rr
419141,2,false,19,124,c3d1402f,caught,3d7e087f,true,deccan,rr
419141,2,false,19,125,2a72fd4f,run out,,false,deccan,rr
419141,2,false,19,126,740742ef,caught,3d7e087f,true,deccan,rr
419142,1,false,3,26,4b57e452,bowled,8b5b6769,true,csk,mi
419142,1,false,8,58,1dc12ab9,caught,87e562a9,true,csk,mi
419142,1,false,13,90,4a8a2e3b,caught and bowled,a757b0d8,true,csk,mi
419142,1,false,13,91,d8699ab7,caught,a757b0d8,true,csk,mi
419142,2,false,6,39,0a476045,bowled,b2ae53f5,true,mi,csk
419142,2,false,9,63,70d205c9,stumped,1dc12ab9,true,mi,csk
419142,2,false,10,67,87e562a9,caught,c24a2c5d,true,mi,csk
419142,2,false,11,78,709b0bac,caught,c8179c68,true,mi,csk
419142,2,false,12,84,a757b0d8,caught,495d42a5,true,mi,csk
419142,2,false,13,88,626c5379,run out,,false,mi,csk
419142,2,false,14,92,c654af19,lbw,495d42a5,true,mi,csk
419142,2,false,16,105,d2c2b2d5,caught,b2ae53f5,true,mi,csk
419142,2,false,19,129,8b5b6769,bowled,45c2196c,true,mi,csk
419143,1,false,3,23,5afd4539,caught,4329fbb5,true,pbks,rr
419143,1,false,6,40,6b71e6cf,caught,3d7e087f,true,pbks,rr
419143,1,false,11,73,1c914163,bowled,dbc50253,true,pbks,rr
419143,1,false,11,75,d18f9182,caught,dbc50253,true,pbks,rr
419143,1,false,15,97,7ca5e05d,run out,,false,pbks,rr
419143,1,false,19,122,98ae73b1,caught,3d7e087f,true,pbks,rr
419143,2,false,9,61,11df3dc8,caught,7ca5e05d,true,rr,pbks
419144,1,false,10,67,db584dad,bowled,33a364a6,true,kkr,dc
419144,1,false,11,76,725529bc,bowled,d7c6af50,true,kkr,dc
419144,1,false,13,84,b8a55852,run out,,false,kkr,dc
419144,2,false,0,5,dcce6f09,bowled,66b30f71,true,dc,kkr
419144,2,false,10,66,bb345e0b,run out,,false,dc,kkr
419144,2,false,11,72,a386e91b,caught,ea0cdc12,true,dc,kkr
419144,2,false,14,92,8ba8195d,bowled,fa463154,true,dc,kkr
419144,2,false,16,102,99d63244,caught,ea0cdc12,true,dc,kkr
419144,2,false,17,106,ab89348d,bowled,85aae393,true,dc,kkr
419144,2,false,17,109,33a364a6,run out,,false,dc,kkr
419144,2,false,18,113,c03f1114,caught,66b30f71,true,dc,kkr
419145,1,false,2,19,93b4fc78,bowled,12eddf28,true,rcb,deccan
419145,1,false,8,58,0184dc35,caught,6c6591ab,true,rcb,deccan
419145,1,false,9,64,1c17e270,caught,bd77eb62,true,rcb,deccan
419145,1,false,10,67,b61a3e1a,lbw,6c6591ab,true,rcb,deccan
419145,1,false,18,123,86dc8f2e,caught,3d8feaf8,true,rcb,deccan
419145,1,false,19,128,ba607b88,caught,12eddf28,true,rcb,deccan
419145,2,false,2,13,6afb26d6,caught,e938e1bc,true,deccan,rcb
419145,2,false,10,68,2b6e6dec,stumped,0c2730df,true,deccan,rcb
419145,2,false,11,74,740742ef,caught,41eb4a4f,true,deccan,rcb
419146,1,false,1,7,0a476045,bowled,5fa06777,true,mi,pbks
419146,1,false,5,36,70d205c9,bowled,98ae73b1,true,mi,pbks
419146,1,false,7,45,709b0bac,stumped,98ae73b1,true,mi,pbks
419146,1,false,9,58,d2c2b2d5,bowled,98ae73b1,true,mi,pbks
419146,1,false,13,82,626c5379,caught,5fa06777,true,mi,pbks
419146,1,false,17,107,a757b0d8,bowled,5fa06777,true,mi,pbks
419146,1,false,19,117,8b5b6769,caught,8b9704ae,true,mi,pbks
419146,1,false,19,120,c654af19,bowled,8b9704ae,true,mi,pbks
419146,1,false,19,121,2e8994e7,run out,,false,mi,pbks
419146,2,false,4,27,d18f9182,caught,a12e1d51,true,pbks,mi
419146,2,false,10,62,d3a3e82d,lbw,2e8994e7,true,pbks,mi
419146,2,false,16,102,1c914163,caught,a757b0d8,true,pbks,mi
419146,2,false,18,114,6b71e6cf,caught,a12e1d51,true,pbks,mi
419147,1,false,4,30,d8699ab7,caught,2a72fd4f,true,csk,deccan
419147,1,false,7,49,4b57e452,run out,,false,csk,deccan
419147,1,false,11,72,4a8a2e3b,bowled,6c6591ab,true,csk,deccan
419147,1,false,14,92,48fd7349,caught,bd77eb62,true,csk,deccan
419147,1,false,16,105,3576e47e,caught,c3d1402f,true,csk,deccan
419147,1,false,17,107,1dc12ab9,caught,12eddf28,true,csk,deccan
419147,1,false,19,118,495d42a5,caught and bowled,12eddf28,true,csk,deccan
419147,1,false,19,120,b2ae53f5,caught,12eddf28,true,csk,deccan
419147,2,false,4,28,2b6e6dec,caught,495d42a5,true,deccan,csk
419147,2,false,4,31,6afb26d6,stumped,495d42a5,true,deccan,csk
419147,2,false,10,68,740742ef,caught,1dc12ab9,true,deccan,csk
419147,2,false,16,101,aaa1b522,caught,c8179c68,true,deccan,csk
419148,1,false,5,34,db584dad,caught,86dc8f2e,true,kkr,rcb
419148,1,false,11,75,725529bc,caught,41eb4a4f,true,kkr,rcb
419148,1,false,12,78,26e5cabf,caught,86dc8f2e,true,kkr,rcb
419148,1,false,13,83,896d78ad,caught,41eb4a4f,true,kkr,rcb
419148,1,false,16,103,b8a55852,caught,0c2730df,true,kkr,rcb
419148,1,false,17,109,fe11caa6,caught,8fd1a8f5,true,kkr,rcb
419148,1,false,18,119,d4f9dbd4,run out,,false,kkr,rcb
419148,1,false,19,120,66b30f71,run out,,false,kkr,rcb
419148,1,false,19,122,5bb1a1c4,caught,41eb4a4f,true,kkr,rcb
419148,2,false,2,17,86dc8f2e,caught,66b30f71,true,rcb,kkr
419148,2,false,11,72,64a4c383,bowled,66b30f71,true,rcb,kkr
419148,2,false,13,82,0184dc35,caught,896d78ad,true,rcb,kkr
419149,1,false,1,7,8ba8195d,caught,5fa06777,true,dc,pbks
419149,1,false,3,26,bb345e0b,run out,,false,dc,pbks
419149,1,false,4,28,dcce6f09,run out,,false,dc,pbks
419149,1,false,7,50,a386e91b,lbw,98ae73b1,true,dc,pbks
419149,1,false,9,65,d7c6af50,bowled,98ae73b1,true,dc,pbks
419149,1,false,13,85,c03f1114,caught,5fa06777,true,dc,pbks
419149,1,false,14,95,33a364a6,caught,1c914163,true,dc,pbks
419149,1,false,15,97,ab89348d,bowled,8b9704ae,true,dc,pbks
419149,1,false,18,118,c42aaf71,bowled,dec8e038,true,dc,pbks
419149,1,false,19,126,96fd40ae,caught,5fa06777,true,dc,pbks
419149,2,false,6,40,5fa06777,caught,6b19d823,true,pbks,dc
419149,2,false,10,67,d18f9182,caught,a386e91b,true,pbks,dc
419149,2,false,17,108,6b71e6cf,bowled,a386e91b,true,pbks,dc
419150,1,false,1,10,f233bbb4,caught,4329fbb5,true,mi,rr
419150,1,false,1,13,70d205c9,caught,4329fbb5,true,mi,rr
419150,1,false,3,26,709b0bac,caught,4329fbb5,true,mi,rr
419150,1,false,12,80,2e8994e7,caught,3d7e087f,true,mi,rr
419150,1,false,17,116,a757b0d8,bowled,dbc50253,true,mi,rr
419150,2,false,1,10,11df3dc8,caught,d2a989fc,true,rr,mi
419150,2,false,2,13,890946a0,caught,91a4a398,true,rr,mi
419150,2,false,2,16,4329fbb5,run out,,false,rr,mi
419150,2,false,6,38,c15e2193,run out,,false,rr,mi
419150,2,false,10,64,2815fe50,run out,,false,rr,mi
419150,2,false,13,84,3c6ffae8,caught,a757b0d8,true,rr,mi
419150,2,false,14,88,864c199e,caught,91a4a398,true,rr,mi
419150,2,false,19,123,dbc50253,caught,8b5b6769,true,rr,mi
419151,1,false,0,4,2b6e6dec,caught,8fd1a8f5,true,deccan,rcb
419151,1,false,0,5,aaa1b522,caught,8fd1a8f5,true,deccan,rcb
419151,1,false,2,15,e1d1b294,bowled,8fd1a8f5,true,deccan,rcb
419151,1,false,12,77,6afb26d6,run out,,false,deccan,rcb
419151,1,false,17,109,bd77eb62,stumped,0c2730df,true,deccan,rcb
419151,1,false,18,113,740742ef,caught,41eb4a4f,true,deccan,rcb
419151,2,false,0,1,93b4fc78,caught,12eddf28,true,rcb,deccan
419151,2,false,10,67,0184dc35,caught,bd77eb62,true,rcb,deccan
419151,2,false,13,85,86dc8f2e,caught,6c6591ab,true,rcb,deccan
419151,2,false,14,93,b61a3e1a,bowled,c3d1402f,true,rcb,deccan
419151,2,false,15,97,ba607b88,caught,6c6591ab,true,rcb,deccan
419151,2,false,16,102,d0513f63,caught,c3d1402f,true,rcb,deccan
419151,2,false,18,115,1c17e270,bowled,2a72fd4f,true,rcb,deccan
419151,2,false,18,116,8fd1a8f5,lbw,2a72fd4f,true,rcb,deccan
419151,2,false,19,124,41eb4a4f,bowled,12eddf28,true,rcb,deccan
419151,2,false,19,125,d92e42f5,run out,,false,rcb,deccan
419152,1,false,5,37,2eeb4370,caught,16043342,true,mi,dc
419152,1,false,9,61,d2c2b2d5,caught,9fc0ef64,true,mi,dc
419152,1,false,13,87,709b0bac,bowled,9fc0ef64,true,mi,dc
419152,1,false,16,107,70d205c9,caught,96fd40ae,true,mi,dc
419152,2,false,3,22,dcce6f09,caught,342d8ade,true,dc,mi
419152,2,false,6,41,bb345e0b,caught and bowled,8b5b6769,true,dc,mi
419152,2,false,7,46,8ba8195d,run out,,false,dc,mi
419152,2,false,9,58,c4487b84,lbw,ef5da05c,true,dc,mi
419152,2,false,10,66,a386e91b,run out,,false,dc,mi
419152,2,false,11,73,c03f1114,bowled,ef5da05c,true,dc,mi
419152,2,false,16,104,6b19d823,bowled,342d8ade,true,dc,mi
419153,1,false,2,14,db584dad,stumped,495d42a5,true,kkr,csk
419153,1,false,2,18,b8a55852,caught,495d42a5,true,kkr,csk
419153,1,false,3,20,725529bc,lbw,45c2196c,true,kkr,csk
419153,1,false,4,25,fd835ab3,stumped,495d42a5,true,kkr,csk
419153,1,false,14,91,26e5cabf,caught,1dc12ab9,true,kkr,csk
419153,1,false,15,98,fe11caa6,stumped,c8179c68,true,kkr,csk
419153,1,false,18,115,b1451597,caught,45c2196c,true,kkr,csk
419153,1,false,19,123,896d78ad,caught,4ba44e19,true,kkr,csk
419153,2,false,0,4,d8699ab7,bowled,db584dad,true,csk,kkr
419154,1,false,2,15,11df3dc8,run out,,false,rr,rcb
419154,1,false,2,17,3a02626a,caught,41eb4a4f,true,rr,rcb
419154,1,false,3,21,890946a0,caught,e32d22f6,true,rr,rcb
419154,1,false,10,63,4329fbb5,caught,86dc8f2e,true,rr,rcb
419154,1,false,11,73,2815fe50,caught,e32d22f6,true,rr,rcb
419154,1,false,13,82,3c6ffae8,bowled,8fd1a8f5,true,rr,rcb
419154,2,false,1,9,86dc8f2e,bowled,6ef60d3a,true,rcb,rr
419154,2,false,4,29,93b4fc78,caught,3d7e087f,true,rcb,rr
419154,2,false,10,64,1c17e270,stumped,bb18be76,true,rcb,rr
419154,2,false,11,71,39f01cdb,run out,,false,rcb,rr
419154,2,false,13,82,ba607b88,caught,3d7e087f,true,rcb,rr
419155,1,false,1,10,d8699ab7,caught,96fd40ae,true,csk,dc
419155,1,false,2,15,4a8a2e3b,caught,c404f58a,true,csk,dc
419155,1,false,3,23,4b57e452,caught,96fd40ae,true,csk,dc
419155,1,false,8,51,1dc12ab9,caught,5bdcdb72,true,csk,dc
419155,1,false,9,57,48fd7349,caught,8ba8195d,true,csk,dc
419155,1,false,9,62,c3d35165,caught,8ba8195d,true,csk,dc
419155,1,false,14,87,495d42a5,run out,,false,csk,dc
419155,1,false,16,99,b2b50355,lbw,6b19d823,true,csk,dc
419155,1,false,19,126,3576e47e,caught,96fd40ae,true,csk,dc
419155,2,false,0,3,dcce6f09,caught,495d42a5,true,dc,csk
419155,2,false,1,7,8ba8195d,caught,45c2196c,true,dc,csk
419155,2,false,1,10,5bdcdb72,bowled,45c2196c,true,dc,csk
419155,2,false,6,43,c03f1114,caught,c8179c68,true,dc,csk
419156,1,false,0,5,508a1ea7,caught,12eddf28,true,pbks,deccan
419156,1,false,11,71,6b71e6cf,caught,5d9a1a73,true,pbks,deccan
419156,1,false,19,124,1c914163,caught,c3d1402f,true,pbks,deccan
419156,2,false,1,9,2b6e6dec,caught,5fa06777,true,deccan,pbks
419156,2,false,6,43,6afb26d6,lbw,5f26df4f,true,deccan,pbks
419156,2,false,13,83,aaa1b522,caught,98ae73b1,true,deccan,pbks
419156,2,false,14,92,bd77eb62,bowled,dec8e038,true,deccan,pbks
419156,2,false,17,112,3d8feaf8,caught,1c914163,true,deccan,pbks
419157,1,false,5,38,d2c2b2d5,caught,86dc8f2e,true,mi,rcb
419157,1,false,12,81,70d205c9,caught and bowled,86dc8f2e,true,mi,rcb
419157,1,false,15,97,a757b0d8,lbw,0c2730df,true,mi,rcb
419157,1,false,16,103,c654af19,lbw,39f01cdb,true,mi,rcb
419157,2,false,4,29,93b4fc78,caught,342d8ade,true,rcb,mi
419157,2,false,5,34,86dc8f2e,bowled,c654af19,true,rcb,mi
419157,2,false,8,54,0184dc35,caught,8b5b6769,true,rcb,mi
419157,2,false,10,65,39f01cdb,caught,8b5b6769,true,rcb,mi
419157,2,false,11,68,1c17e270,caught,a757b0d8,true,rcb,mi
419157,2,false,14,89,b61a3e1a,caught,342d8ade,true,rcb,mi
419157,2,false,15,96,8fd1a8f5,bowled,91a4a398,true,rcb,mi
419157,2,false,18,111,ba607b88,caught,a757b0d8,true,rcb,mi
419157,2,false,18,116,e32d22f6,caught,a757b0d8,true,rcb,mi
419158,1,false,7,45,4329fbb5,bowled,b1451597,true,rr,kkr
419158,1,false,8,52,890946a0,caught,1e66c162,true,rr,kkr
419158,1,false,10,62,3c6ffae8,caught,1e66c162,true,rr,kkr
419158,1,false,13,81,864c199e,caught,66b30f71,true,rr,kkr
419158,1,false,14,86,b8d490fd,bowled,4f629497,true,rr,kkr
419158,1,false,15,95,c69a7b5c,caught,1e66c162,true,rr,kkr
419158,1,false,17,106,2728e7e9,bowled,abfeb126,true,rr,kkr
419158,1,false,19,118,c15e2193,run out,,false,rr,kkr
419158,1,false,19,120,3d7e087f,caught,66b30f71,true,rr,kkr
419158,2,false,2,17,b8a55852,caught,6ef60d3a,true,kkr,rr
419158,2,false,2,20,db584dad,bowled,6ef60d3a,true,kkr,rr
419159,1,false,2,20,d18f9182,caught,c3d35165,true,pbks,csk
419159,1,false,10,67,6b71e6cf,bowled,495d42a5,true,pbks,csk
419159,1,false,11,74,1c914163,lbw,1dc12ab9,true,pbks,csk
419159,2,false,2,17,d8699ab7,caught,5d096f3d,true,csk,pbks
419159,2,false,4,25,4b57e452,stumped,5d096f3d,true,csk,pbks
419159,2,false,9,61,1dc12ab9,caught,dec8e038,true,csk,pbks
419159,2,false,16,104,3576e47e,stumped,98ae73b1,true,csk,pbks
419160,1,false,1,10,2b6e6dec,caught,96fd40ae,true,deccan,dc
419160,1,false,4,25,aaa1b522,bowled,cc1e8c68,true,deccan,dc
419160,1,false,6,40,740742ef,caught,cc1e8c68,true,deccan,dc
419160,1,false,8,55,6afb26d6,run out,,false,deccan,dc
419160,1,false,14,88,bd77eb62,caught,6b19d823,true,deccan,dc
419160,1,false,15,97,3d8feaf8,caught,96fd40ae,true,deccan,dc
419160,1,false,17,109,bcce309e,caught,a386e91b,true,deccan,dc
419160,2,false,1,8,dcce6f09,caught,3d8feaf8,true,dc,deccan
419160,2,false,2,16,8ba8195d,caught,bcce309e,true,dc,deccan
419160,2,false,3,22,5bdcdb72,lbw,2a72fd4f,true,dc,deccan
419160,2,false,6,38,bb345e0b,caught,6c6591ab,true,dc,deccan
419160,2,false,11,72,c42aaf71,run out,,false,dc,deccan
419160,2,false,12,78,c03f1114,bowled,6c6591ab,true,dc,deccan
419160,2,false,15,93,6b19d823,bowled,2a72fd4f,true,dc,deccan
419161,1,false,0,5,855a210c,caught,4f629497,true,mi,kkr
419161,1,false,2,17,0a476045,caught,4f629497,true,mi,kkr
419161,1,false,12,78,2e8994e7,bowled,1e66c162,true,mi,kkr
419161,1,false,13,80,709b0bac,caught,abfeb126,true,mi,kkr
419161,1,false,15,95,87e562a9,stumped,abfeb126,true,mi,kkr
419161,1,false,17,109,626c5379,caught,26e5cabf,true,mi,kkr
419161,1,false,19,117,bd17b45f,caught,66b30f71,true,mi,kkr
419161,1,false,19,122,70d205c9,run out,,false,mi,kkr
419161,2,false,13,87,725529bc,caught,626c5379,true,kkr,mi
419162,1,false,1,12,d2c2b2d5,caught,8fd1a8f5,true,mi,rcb
419162,1,false,3,24,0a476045,run out,,false,mi,rcb
419162,1,false,8,54,a45a5e8d,caught,39f01cdb,true,mi,rcb
419162,1,false,9,61,2e8994e7,caught,0c2730df,true,mi,rcb
419162,1,false,17,112,70d205c9,caught,8fd1a8f5,true,mi,rcb
419162,2,false,2,16,86dc8f2e,caught,a12e1d51,true,rcb,mi
419162,2,false,6,38,39f01cdb,stumped,8b5b6769,true,rcb,mi
419162,2,false,9,59,1c17e270,caught,a757b0d8,true,rcb,mi
419162,2,false,9,60,0184dc35,run out,,false,rcb,mi
419162,2,false,11,74,ba607b88,caught,a757b0d8,true,rcb,mi
419162,2,false,13,88,93b4fc78,caught,a757b0d8,true,rcb,mi
419162,2,false,14,96,e938e1bc,bowled,8b5b6769,true,rcb,mi
419162,2,false,17,115,41eb4a4f,bowled,a12e1d51,true,rcb,mi
419162,2,false,19,124,8fd1a8f5,bowled,342d8ade,true,rcb,mi
419163,1,false,1,14,d8699ab7,caught,12eddf28,true,csk,deccan
419163,1,false,3,21,4b57e452,lbw,12eddf28,true,csk,deccan
419163,1,false,4,31,1dc12ab9,caught,bd77eb62,true,csk,deccan
419163,1,false,13,83,4a8a2e3b,caught,2a72fd4f,true,csk,deccan
419163,1,false,14,92,c3d35165,caught,6c6591ab,true,csk,deccan
419163,1,false,18,113,3576e47e,run out,,false,csk,deccan
419163,1,false,19,121,95a2ea61,caught,12eddf28,true,csk,deccan
419163,2,false,5,31,2b6e6dec,caught,45c2196c,true,deccan,csk
419163,2,false,5,35,aaa1b522,caught,45c2196c,true,deccan,csk
419163,2,false,7,44,740742ef,caught,c3d35165,true,deccan,csk
419163,2,false,10,65,e1d1b294,bowled,c8179c68,true,deccan,csk
419163,2,false,12,73,6afb26d6,stumped,c8179c68,true,deccan,csk
419163,2,false,15,94,bd77eb62,caught,495d42a5,true,deccan,csk
419163,2,false,17,108,12eddf28,caught,45c2196c,true,deccan,csk
419163,2,false,17,110,f4f0fafd,bowled,45c2196c,true,deccan,csk
419163,2,false,18,111,2a72fd4f,lbw,4ba44e19,true,deccan,csk
419163,2,false,19,118,6c6591ab,caught,1dc12ab9,true,deccan,csk
419164,1,false,0,4,2b6e6dec,caught,0c2730df,true,deccan,rcb
419164,1,false,1,7,6afb26d6,lbw,e938e1bc,true,deccan,rcb
419164,1,false,3,21,740742ef,caught,e938e1bc,true,deccan,rcb
419164,1,false,6,39,bd77eb62,caught,8fd1a8f5,true,deccan,rcb
419164,1,false,8,52,35205dfc,bowled,0c2730df,true,deccan,rcb
419164,1,false,15,94,7bb62642,bowled,86dc8f2e,true,deccan,rcb
419164,1,false,16,102,fe763256,caught,6ec424a9,true,deccan,rcb
419164,1,false,17,111,5d9a1a73,bowled,86dc8f2e,true,deccan,rcb
419164,1,false,18,112,12eddf28,lbw,0c2730df,true,deccan,rcb
419164,1,false,18,114,6c6591ab,caught,0c2730df,true,deccan,rcb
419164,2,false,7,45,86dc8f2e,caught and bowled,5d9a1a73,true,rcb,deccan
419165,1,false,7,45,4b57e452,caught,342d8ade,true,csk,mi
419165,1,false,8,53,d8699ab7,caught,a757b0d8,true,csk,mi
419165,1,false,11,69,3576e47e,caught,342d8ade,true,csk,mi
419165,1,false,17,106,4a8a2e3b,caught,91a4a398,true,csk,mi
419165,1,false,19,120,c3d35165,run out,,false,csk,mi
419165,2,false,1,10,0a476045,caught,45c2196c,true,mi,csk
419165,2,false,11,70,a45a5e8d,run out,,false,mi,csk
419165,2,false,11,74,8b5b6769,lbw,1dc12ab9,true,mi,csk
419165,2,false,14,90,d2c2b2d5,caught,c8179c68,true,mi,csk
419165,2,false,14,93,709b0bac,caught,c8179c68,true,mi,csk
419165,2,false,16,107,2e8994e7,caught,4ba44e19,true,mi,csk
419165,2,false,18,118,70d205c9,run out,,false,mi,csk
419165,2,false,18,119,a757b0d8,caught,c3d35165,true,mi,csk
419165,2,false,19,122,91a4a398,run out,,false,mi,csk
501198,1,false,0,6,4b57e452,caught,85aae393,true,csk,kkr
501198,1,false,10,64,1dc12ab9,caught,3c6ffae8,true,csk,kkr
501198,1,false,17,105,4a8a2e3b,caught,86dc8f2e,true,csk,kkr
501198,1,false,19,117,95a2ea61,bowled,86dc8f2e,true,csk,kkr
501198,2,false,8,55,5afd4539,stumped,c8179c68,true,kkr,csk
501198,2,false,12,79,3c6ffae8,run out,,false,kkr,csk
501198,2,false,15,95,86dc8f2e,caught,495d42a5,true,kkr,csk
501198,2,false,16,102,d2a6c0e6,stumped,1dc12ab9,true,kkr,csk
501198,2,false,16,104,bb345e0b,run out,,false,kkr,csk
501198,2,false,18,117,26e5cabf,stumped,f5f18a18,true,kkr,csk
501198,2,false,19,119,b1451597,caught,13c35c9e,true,kkr,csk
501199,1,false,4,29,0a476045,caught,5b040b81,true,deccan,rr
501199,1,false,5,33,6b71e6cf,caught,3d7e087f,true,deccan,rr
501199,1,false,7,48,5451a2c1,bowled,3d7e087f,true,deccan,rr
501199,1,false,10,62,dded65e7,caught,bb18be76,true,deccan,rr
501199,1,false,12,79,2e8994e7,caught,bb18be76,true,deccan,rr
501199,1,false,17,106,2a2e6343,caught,3d7e087f,true,deccan,rr
501199,1,false,19,116,b720a5d6,caught,5b040b81,true,deccan,rr
501199,1,false,19,118,8fd1a8f5,caught,5b040b81,true,deccan,rr
501199,2,false,5,36,3a02626a,caught,8fd1a8f5,true,rr,deccan
501199,2,false,12,79,0184dc35,bowled,8fd1a8f5,true,rr,deccan
501200,1,false,8,55,de8cce37,caught,5bdcdb72,true,ktk,rcb
501200,1,false,11,71,b8a55852,caught,ba607b88,true,ktk,rcb
501200,1,false,15,95,d18f9182,stumped,d7c6af50,true,ktk,rcb
501200,1,false,17,112,b57f8a9a,bowled,91a4a398,true,ktk,rcb
501200,1,false,18,116,b2570b38,caught,c404f58a,true,ktk,rcb
501200,2,false,1,9,5bdcdb72,caught,6b8eb6e5,true,rcb,ktk
501200,2,false,5,37,ba607b88,lbw,41eb4a4f,true,rcb,ktk
501200,2,false,9,66,00ea847a,caught,fe93fd9d,true,rcb,ktk
501200,2,false,17,114,709b0bac,caught,b2570b38,true,rcb,ktk
501201,1,false,1,8,dcce6f09,bowled,a12e1d51,true,dc,mi
501201,1,false,1,10,0c94f480,bowled,a12e1d51,true,dc,mi
501201,1,false,4,29,8ba8195d,run out,,false,dc,mi
501201,1,false,6,43,b8d490fd,caught,8b5b6769,true,dc,mi
501201,1,false,14,89,890946a0,caught,ef5da05c,true,dc,mi
501201,1,false,14,90,5fa06777,run out,,false,dc,mi
501201,1,false,15,95,fe763256,bowled,a12e1d51,true,dc,mi
501201,1,false,15,97,5bb5a915,bowled,a12e1d51,true,dc,mi
501201,1,false,16,103,cc1e8c68,stumped,8b5b6769,true,dc,mi
501201,1,false,17,110,66b30f71,caught,a12e1d51,true,dc,mi
501201,2,false,1,8,a84468fe,bowled,5bb5a915,true,mi,dc
501201,2,false,6,40,70d205c9,run out,,false,mi,dc
501202,1,false,0,4,2b6e6dec,caught,b552a935,true,pbks,pwi
501202,1,false,1,9,508a1ea7,caught,dddca1d6,true,pbks,pwi
501202,1,false,2,17,25eeb281,caught,b552a935,true,pbks,pwi
501202,1,false,3,22,c03f1114,caught,dddca1d6,true,pbks,pwi
501202,1,false,5,37,30e37810,run out,,false,pbks,pwi
501202,1,false,8,53,a45a5e8d,caught,91ffa6c6,true,pbks,pwi
501202,1,false,17,105,98ae73b1,caught,dddca1d6,true,pbks,pwi
501202,1,false,19,120,e938e1bc,caught,3a60e0b5,true,pbks,pwi
501202,2,false,0,1,72861603,caught,e938e1bc,true,pwi,pbks
501202,2,false,7,48,c42aaf71,caught,a45a5e8d,true,pwi,pbks
501202,2,false,8,52,91ffa6c6,caught,c654af19,true,pwi,pbks
501203,1,false,8,50,5afd4539,lbw,6b19d823,true,kkr,deccan
501203,1,false,12,75,86dc8f2e,caught,2e8994e7,true,kkr,deccan
501203,1,false,16,103,bb345e0b,bowled,6b19d823,true,kkr,deccan
501203,1,false,19,123,3c6ffae8,caught,8fd1a8f5,true,kkr,deccan
501203,2,false,2,16,dded65e7,bowled,85aae393,true,deccan,kkr
501203,2,false,3,21,0a476045,run out,,false,deccan,kkr
501203,2,false,8,55,6b71e6cf,caught,33a364a6,true,deccan,kkr
501203,2,false,12,76,2e8994e7,caught,85aae393,true,deccan,kkr
501203,2,false,13,86,5451a2c1,caught,33a364a6,true,deccan,kkr
501203,2,false,16,102,2a2e6343,caught,85aae393,true,deccan,kkr
501203,2,false,17,105,b720a5d6,caught,1e66c162,true,deccan,kkr
501203,2,false,19,121,8fd1a8f5,bowled,1e66c162,true,deccan,kkr
501204,1,false,0,3,8ba8195d,caught,addfb70e,true,dc,rr
501204,1,false,4,31,b8d490fd,caught,addfb70e,true,dc,rr
501204,1,false,7,45,0c94f480,caught,bb18be76,true,dc,rr
501204,1,false,7,47,890946a0,caught,bb18be76,true,dc,rr
501204,1,false,17,108,dcce6f09,caught,5b040b81,true,dc,rr
501204,1,false,18,117,fe763256,caught,3d7e087f,true,dc,rr
501204,2,false,2,20,3a02626a,bowled,66b30f71,true,rr,dc
501204,2,false,7,48,0184dc35,caught,05c2ca46,true,rr,dc
501204,2,false,10,68,8291f939,caught,5fa06777,true,rr,dc
501204,2,false,15,94,29e95537,bowled,5bb5a915,true,rr,dc
501205,1,false,0,1,00ea847a,bowled,a12e1d51,true,rcb,mi
501205,1,false,4,28,ba607b88,caught,a757b0d8,true,rcb,mi
501205,1,false,16,104,c4487b84,caught and bowled,a757b0d8,true,rcb,mi
501205,1,false,17,108,3ae3f034,bowled,a12e1d51,true,rcb,mi
501205,2,false,4,27,a84468fe,bowled,c404f58a,true,mi,rcb
501206,1,false,0,1,95a2ea61,lbw,e938e1bc,true,csk,pbks
501206,1,false,0,2,1dc12ab9,caught,e938e1bc,true,csk,pbks
501206,1,false,14,90,4b57e452,stumped,98ae73b1,true,csk,pbks
501206,1,false,19,122,4a8a2e3b,bowled,12eddf28,true,csk,pbks
501206,2,false,5,36,2b6e6dec,caught,c3d35165,true,pbks,csk
501206,2,false,10,62,508a1ea7,run out,,false,pbks,csk
501206,2,false,13,85,30e37810,caught,f5f18a18,true,pbks,csk
501206,2,false,14,86,a45a5e8d,lbw,13c35c9e,true,pbks,csk
501207,1,false,0,1,b8a55852,caught,b552a935,true,ktk,pwi
501207,1,false,2,14,de8cce37,bowled,3a60e0b5,true,ktk,pwi
501207,1,false,2,17,d18f9182,caught,3a60e0b5,true,ktk,pwi
501207,1,false,4,29,b5da6c24,caught,3a60e0b5,true,ktk,pwi
501207,1,false,15,94,b57f8a9a,caught,5d9a1a73,true,ktk,pwi
501207,1,false,16,99,fe93fd9d,caught,91ffa6c6,true,ktk,pwi
501207,1,false,16,104,41eb4a4f,run out,,false,ktk,pwi
501207,1,false,19,122,6b8eb6e5,run out,,false,ktk,pwi
501207,2,false,3,26,91ffa6c6,caught and bowled,41eb4a4f,true,pwi,ktk
501207,2,false,7,50,72861603,caught,fe93fd9d,true,pwi,ktk
501207,2,false,9,64,c42aaf71,caught,b57f8a9a,true,pwi,ktk
501207,2,false,11,73,1c914163,caught,b57f8a9a,true,pwi,ktk
501207,2,false,14,95,1c17e270,bowled,4ba44e19,true,pwi,ktk
501207,2,false,15,102,3a60e0b5,run out,,false,pwi,ktk
501208,1,false,2,20,0a476045,caught,91a4a398,true,deccan,rcb
501208,1,false,8,59,3fca55af,caught,ce4cc4d5,true,deccan,rcb
501208,1,false,14,93,6b71e6cf,caught,6821ac10,true,deccan,rcb
501208,1,false,19,121,2e8994e7,caught,91a4a398,true,deccan,rcb
501208,1,false,19,125,2a2e6343,lbw,91a4a398,true,deccan,rcb
501208,2,false,1,12,5bdcdb72,caught,5bb1a1c4,true,rcb,deccan
501208,2,false,2,19,91a4a398,bowled,8fd1a8f5,true,rcb,deccan
501208,2,false,4,31,00ea847a,caught,ae78bc32,true,rcb,deccan
501208,2,false,6,41,c4487b84,caught,ae78bc32,true,rcb,deccan
501208,2,false,11,68,709b0bac,caught,6b19d823,true,rcb,deccan
501208,2,false,16,103,d4f9dbd4,caught,8fd1a8f5,true,rcb,deccan
501208,2,false,16,104,6821ac10,caught,8fd1a8f5,true,rcb,deccan
501208,2,false,17,108,ba607b88,bowled,ae78bc32,true,rcb,deccan
501208,2,false,19,118,ce4cc4d5,caught,2a2e6343,true,rcb,deccan
501209,1,false,4,31,3a02626a,caught,7dc35884,true,rr,kkr
501209,1,false,11,75,0184dc35,bowled,3c6ffae8,true,rr,kkr
501209,1,false,11,77,8291f939,caught and bowled,3c6ffae8,true,rr,kkr
501209,1,false,16,107,4329fbb5,bowled,7dc35884,true,rr,kkr
501209,2,false,1,10,5afd4539,run out,,false,kkr,rr
501210,1,false,8,53,a84468fe,bowled,b2570b38,true,mi,ktk
501210,1,false,19,124,70d205c9,run out,,false,mi,ktk
501210,2,false,13,89,d18f9182,bowled,a12e1d51,true,ktk,mi
501210,2,false,17,110,b8a55852,bowled,a12e1d51,true,ktk,mi
501211,1,false,6,39,4b57e452,caught,ce4cc4d5,true,csk,rcb
501211,1,false,10,66,1dc12ab9,caught,ce4cc4d5,true,csk,rcb
501211,1,false,16,100,4a8a2e3b,caught,91a4a398,true,csk,rcb
501211,1,false,19,116,c3d35165,caught,6821ac10,true,csk,rcb
501211,1,false,19,121,3576e47e,caught,6821ac10,true,csk,rcb
501211,2,false,0,2,5bdcdb72,caught,c3d35165,true,rcb,csk
501211,2,false,1,9,3ae3f034,bowled,13c35c9e,true,rcb,csk
501211,2,false,4,30,00ea847a,caught,495d42a5,true,rcb,csk
501211,2,false,10,66,ba607b88,caught,c8179c68,true,rcb,csk
501211,2,false,14,93,709b0bac,caught,f5f18a18,true,rcb,csk
501211,2,false,16,104,d4f9dbd4,caught,f5f18a18,true,rcb,csk
501211,2,false,18,114,c4487b84,caught,c3d35165,true,rcb,csk
501212,1,false,1,12,3fca55af,caught,12eddf28,true,deccan,pbks
501212,1,false,10,66,6b71e6cf,caught,98ae73b1,true,deccan,pbks
501212,1,false,11,71,0a476045,caught,25eeb281,true,deccan,pbks
501212,1,false,14,89,5451a2c1,caught,25eeb281,true,deccan,pbks
501212,1,false,17,103,2e8994e7,caught,c654af19,true,deccan,pbks
501212,1,false,17,106,ae78bc32,bowled,c654af19,true,deccan,pbks
501212,1,false,18,115,2a2e6343,bowled,25eeb281,true,deccan,pbks
501212,1,false,18,116,6b19d823,lbw,25eeb281,true,deccan,pbks
501212,2,false,13,91,2b6e6dec,caught,6b19d823,true,pbks,deccan
501212,2,false,15,103,25eeb281,caught,6b19d823,true,pbks,deccan
501213,1,false,3,24,72861603,caught,66b30f71,true,pwi,dc
501213,1,false,8,54,c42aaf71,caught,2498e163,true,pwi,dc
501213,1,false,9,63,91ffa6c6,caught,9d80c5e1,true,pwi,dc
501213,1,false,13,84,1c17e270,caught,9d80c5e1,true,pwi,dc
501213,1,false,17,108,6afb26d6,caught,66b30f71,true,pwi,dc
501213,2,false,6,44,dcce6f09,run out,,false,dc,pwi
501213,2,false,9,61,8ba8195d,bowled,91ffa6c6,true,dc,pwi
501213,2,false,12,78,5fa06777,caught,1c914163,true,dc,pwi
501213,2,false,12,79,890946a0,stumped,1c914163,true,dc,pwi
501213,2,false,13,87,afa7e784,lbw,5d9a1a73,true,dc,pwi
501213,2,false,18,114,b8d490fd,caught and bowled,1c914163,true,dc,pwi
501213,2,false,18,119,fe763256,caught,1c914163,true,dc,pwi
501214,1,false,3,23,4329fbb5,bowled,b2b50355,true,rr,kkr
501214,1,false,4,29,3a02626a,stumped,85aae393,true,rr,kkr
501214,1,false,6,42,c15e2193,run out,,false,rr,kkr
501214,1,false,7,49,c69a7b5c,run out,,false,rr,kkr
501214,1,false,10,69,b61a3e1a,stumped,3c6ffae8,true,rr,kkr
501214,1,false,13,83,29e95537,bowled,b2b50355,true,rr,kkr
501214,1,false,13,88,8291f939,caught,b2b50355,true,rr,kkr
501214,1,false,14,92,5b040b81,bowled,7dc35884,true,rr,kkr
501214,1,false,14,93,addfb70e,bowled,7dc35884,true,rr,kkr
501214,1,false,15,96,3d7e087f,bowled,dd09ff8e,true,rr,kkr
501214,2,false,0,2,86dc8f2e,caught,addfb70e,true,kkr,rr
501214,2,false,6,44,5afd4539,caught,bb18be76,true,kkr,rr
501215,1,false,2,15,48fd7349,caught,c3d1402f,true,csk,ktk
501215,1,false,7,46,4b57e452,lbw,0f12f9df,true,csk,ktk
501215,1,false,13,82,3576e47e,lbw,b2570b38,true,csk,ktk
501215,1,false,15,93,1dc12ab9,run out,,false,csk,ktk
501215,2,false,4,27,d18f9182,caught,495d42a5,true,ktk,csk
501215,2,false,10,64,b8a55852,caught,495d42a5,true,ktk,csk
501215,2,false,12,79,b5da6c24,caught,45c2196c,true,ktk,csk
501216,1,false,1,9,0a476045,bowled,5fa06777,true,deccan,dc
501216,1,false,11,74,6b71e6cf,caught,66b30f71,true,deccan,dc
501216,1,false,14,90,3fca55af,caught,9d80c5e1,true,deccan,dc
501216,1,false,18,114,2a2e6343,bowled,2498e163,true,deccan,dc
501216,2,false,3,23,8ba8195d,caught,2a72fd4f,true,dc,deccan
501216,2,false,4,30,890946a0,lbw,2a2e6343,true,dc,deccan
501216,2,false,5,35,b8d490fd,caught,2a72fd4f,true,dc,deccan
501216,2,false,12,76,fe763256,caught,6b19d823,true,dc,deccan
501216,2,false,14,87,dcce6f09,caught,0a476045,true,dc,deccan
501216,2,false,16,98,5fa06777,caught,6c6591ab,true,dc,deccan
501216,2,false,19,119,662c47a6,bowled,2a2e6343,true,dc,deccan
501218,1,false,3,22,91ffa6c6,caught,2af1b6d2,true,pwi,mi
501218,1,false,3,24,c42aaf71,caught,2af1b6d2,true,pwi,mi
501218,1,false,4,27,5748e866,bowled,f0f628c7,true,pwi,mi
501218,1,false,4,29,1c914163,caught,f0f628c7,true,pwi,mi
501218,1,false,8,53,6afb26d6,caught,ef5da05c,true,pwi,mi
501218,1,false,12,83,abfeb126,caught,a12e1d51,true,pwi,mi
501218,1,false,14,91,1c17e270,caught,ef5da05c,true,pwi,mi
501218,1,false,15,101,3a60e0b5,bowled,cf73ad76,true,pwi,mi
501218,1,false,16,105,dddca1d6,caught,a12e1d51,true,pwi,mi
501218,1,false,17,109,5d9a1a73,caught,f0f628c7,true,pwi,mi
501218,2,false,1,10,cf73ad76,caught,dddca1d6,true,mi,pwi
501218,2,false,13,83,d2c2b2d5,caught,5d9a1a73,true,mi,pwi
501218,2,false,14,91,70d205c9,caught,b552a935,true,mi,pwi
501219,1,false,6,43,b8a55852,caught,7dc35884,true,ktk,kkr
501219,1,false,7,49,d18f9182,lbw,3c6ffae8,true,ktk,kkr
501219,1,false,9,60,b57f8a9a,bowled,3c6ffae8,true,ktk,kkr
501219,1,false,11,73,b5da6c24,lbw,3c6ffae8,true,ktk,kkr
501219,1,false,14,92,99d63244,bowled,7dc35884,true,ktk,kkr
501219,1,false,15,97,fe93fd9d,caught,dd09ff8e,true,ktk,kkr
501219,1,false,18,115,41eb4a4f,bowled,7dc35884,true,ktk,kkr
501219,2,false,3,21,86dc8f2e,caught,41eb4a4f,true,kkr,ktk
501219,2,false,4,26,bb345e0b,bowled,c3d1402f,true,kkr,ktk
501219,2,false,5,36,5afd4539,bowled,fe93fd9d,true,kkr,ktk
501219,2,false,12,74,d2a6c0e6,run out,,false,kkr,ktk
501219,2,false,14,90,7dc35884,bowled,c3d1402f,true,kkr,ktk
501219,2,false,15,95,3c6ffae8,caught,5d096f3d,true,kkr,ktk
501219,2,false,16,102,26e5cabf,stumped,fe93fd9d,true,kkr,ktk
501219,2,false,17,107,dd09ff8e,caught,4ba44e19,true,kkr,ktk
501219,2,false,19,121,33a364a6,run out,,false,kkr,ktk
501220,1,false,4,31,2b6e6dec,caught,4329fbb5,true,pbks,rr
501220,1,false,9,63,25eeb281,caught,bb18be76,true,pbks,rr
501220,1,false,15,103,c03f1114,caught,addfb70e,true,pbks,rr
501220,1,false,16,108,a45a5e8d,run out,,false,pbks,rr
501220,1,false,18,117,508a1ea7,caught and bowled,4329fbb5,true,pbks,rr
501220,1,false,19,123,c654af19,caught,addfb70e,true,pbks,rr
501220,1,false,19,128,98ae73b1,bowled,addfb70e,true,pbks,rr
501220,2,false,1,12,0184dc35,bowled,12eddf28,true,rr,pbks
501220,2,false,2,18,ae091d39,bowled,e938e1bc,true,rr,pbks
501220,2,false,6,39,4329fbb5,caught,e938e1bc,true,rr,pbks
501220,2,false,7,48,b61a3e1a,lbw,98ae73b1,true,rr,pbks
501220,2,false,12,78,bd17b45f,caught,c654af19,true,rr,pbks
501220,2,false,17,103,8291f939,caught,dc4686e6,true,rr,pbks
501220,2,false,19,116,c69a7b5c,caught,dc4686e6,true,rr,pbks
501221,1,false,2,14,626c5379,caught,c3d35165,true,mi,csk
501221,1,false,3,23,d2c2b2d5,caught,45c2196c,true,mi,csk
501221,1,false,11,72,70d205c9,stumped,f5f18a18,true,mi,csk
501221,1,false,19,123,740742ef,caught,45c2196c,true,mi,csk
501221,2,false,3,25,4b57e452,caught,f0f628c7,true,csk,mi
501221,2,false,4,32,1dc12ab9,caught and bowled,8b5b6769,true,csk,mi
501221,2,false,11,71,48fd7349,caught,a12e1d51,true,csk,mi
501221,2,false,12,77,4a8a2e3b,caught,a757b0d8,true,csk,mi
501221,2,false,15,103,95a2ea61,caught,8b5b6769,true,csk,mi
501221,2,false,17,113,c3d35165,bowled,8b5b6769,true,csk,mi
501221,2,false,17,115,495d42a5,caught,8b5b6769,true,csk,mi
501221,2,false,17,117,9f961c14,caught and bowled,8b5b6769,true,csk,mi
501221,2,false,18,122,f5f18a18,caught,a12e1d51,true,csk,mi
501222,1,false,4,32,b0c772ee,caught,c64c2443,true,kkr,rcb
501222,1,false,13,86,86dc8f2e,caught,d7c6af50,true,kkr,rcb
501222,1,false,17,112,bb345e0b,caught,957532de,true,kkr,rcb
501222,1,false,19,127,3c6ffae8,caught,957532de,true,kkr,rcb
501222,1,false,19,129,d2a6c0e6,run out,,false,kkr,rcb
501222,2,false,12,74,5bdcdb72,bowled,b2b50355,true,rcb,kkr
501223,1,false,11,74,8ba8195d,caught,fd835ab3,true,dc,pbks
501223,1,false,13,89,662c47a6,caught,a45a5e8d,true,dc,pbks
501223,1,false,15,100,dcce6f09,caught,e938e1bc,true,dc,pbks
501223,1,false,16,107,b8d490fd,caught,98ae73b1,true,dc,pbks
501223,2,false,3,23,25eeb281,caught,5fa06777,true,pbks,dc
501223,2,false,10,64,2b6e6dec,bowled,0a3d54b9,true,pbks,dc
501223,2,false,12,75,c03f1114,caught,fa463154,true,pbks,dc
501223,2,false,15,94,fd835ab3,caught,2498e163,true,pbks,dc
501223,2,false,17,109,508a1ea7,caught,5bb5a915,true,pbks,dc
501223,2,false,19,118,30e37810,caught,fa463154,true,pbks,dc
501224,1,false,5,31,a84468fe,caught,5bb1a1c4,true,mi,deccan
501224,1,false,8,52,d2c2b2d5,caught,6b19d823,true,mi,deccan
501224,1,false,8,54,70d205c9,caught,6b19d823,true,mi,deccan
501224,1,false,9,57,a757b0d8,caught,6c6591ab,true,mi,deccan
501224,2,false,1,11,3fca55af,run out,,false,deccan,mi
501224,2,false,5,34,0a476045,bowled,a12e1d51,true,deccan,mi
501224,2,false,7,46,d0513f63,run out,,false,deccan,mi
501224,2,false,9,60,5451a2c1,caught,a757b0d8,true,deccan,mi
501224,2,false,13,83,6b71e6cf,bowled,a12e1d51,true,deccan,mi
501224,2,false,14,90,2a2e6343,stumped,f0f628c7,true,deccan,mi
501224,2,false,15,95,b720a5d6,caught and bowled,a12e1d51,true,deccan,mi
501224,2,false,18,116,8fd1a8f5,run out,,false,deccan,mi
501225,1,false,3,22,de8cce37,run out,,false,ktk,rr
501225,1,false,4,26,d18f9182,bowled,7c503806,true,ktk,rr
501225,1,false,7,48,b57f8a9a,bowled,bb18be76,true,ktk,rr
501225,1,false,15,95,fe93fd9d,caught and bowled,bb18be76,true,ktk,rr
501225,1,false,15,96,b5da6c24,stumped,bb18be76,true,ktk,rr
501225,1,false,16,99,b2570b38,caught,3d7e087f,true,ktk,rr
501225,1,false,16,104,0f12f9df,caught,3d7e087f,true,ktk,rr
501225,1,false,17,109,41eb4a4f,caught,5b040b81,true,ktk,rr
501225,1,false,19,122,99d63244,caught,3d7e087f,true,ktk,rr
501225,1,false,19,123,c3d1402f,run out,,false,ktk,rr
501225,2,false,10,65,0184dc35,run out,,false,rr,ktk
501225,2,false,13,84,4329fbb5,bowled,fe93fd9d,true,rr,ktk
501226,1,false,9,57,4b57e452,caught,b552a935,true,csk,pwi
501226,1,false,9,61,1dc12ab9,bowled,b552a935,true,csk,pwi
501226,1,false,16,102,4a8a2e3b,stumped,5d9a1a73,true,csk,pwi
501226,1,false,17,106,48fd7349,caught,4180d897,true,csk,pwi
501226,1,false,17,109,c3d35165,caught,4180d897,true,csk,pwi
501226,1,false,19,123,95a2ea61,caught,4180d897,true,csk,pwi
501226,2,false,2,16,6afb26d6,bowled,c3d35165,true,pwi,csk
501226,2,false,3,24,91ffa6c6,bowled,495d42a5,true,pwi,csk
501226,2,false,4,30,93b4fc78,bowled,c3d35165,true,pwi,csk
501226,2,false,5,34,1c17e270,bowled,495d42a5,true,pwi,csk
501226,2,false,12,79,c42aaf71,caught,45c2196c,true,pwi,csk
501226,2,false,18,113,1c914163,caught,c3d35165,true,pwi,csk
501226,2,false,18,115,5d9a1a73,run out,,false,pwi,csk
501226,2,false,19,118,4180d897,run out,,false,pwi,csk
501226,2,false,19,119,5673a3fc,caught,45c2196c,true,pwi,csk
501227,1,false,4,27,dcce6f09,bowled,91a4a398,true,dc,rcb
501227,1,false,6,39,8ba8195d,run out,,false,dc,rcb
501227,1,false,9,59,afa7e784,bowled,66cf56a5,true,dc,rcb
501227,1,false,15,95,fe763256,bowled,d7c6af50,true,dc,rcb
501227,1,false,18,115,2498e163,caught,66cf56a5,true,dc,rcb
501227,1,false,19,123,890946a0,caught,957532de,true,dc,rcb
501227,2,false,0,2,5bdcdb72,caught,66b30f71,true,rcb,dc
501227,2,false,7,47,db584dad,caught,2498e163,true,rcb,dc
501227,2,false,8,55,c4487b84,run out,,false,rcb,dc
501227,2,false,9,57,ba607b88,bowled,5bb5a915,true,rcb,dc
501227,2,false,12,77,d4f9dbd4,caught,662c47a6,true,rcb,dc
501227,2,false,16,104,709b0bac,caught,5bb5a915,true,rcb,dc
501227,2,false,16,106,66cf56a5,caught,5bb5a915,true,rcb,dc
501228,1,false,3,20,91ffa6c6,caught,45c2196c,true,pwi,csk
501228,1,false,3,22,6afb26d6,caught,45c2196c,true,pwi,csk
501228,1,false,5,33,c42aaf71,bowled,469ea22b,true,pwi,csk
501228,1,false,7,45,93b4fc78,caught,13c35c9e,true,pwi,csk
501228,1,false,13,81,1c17e270,caught,495d42a5,true,pwi,csk
501228,1,false,18,114,3d8feaf8,caught,45c2196c,true,pwi,csk
501228,2,false,4,29,48fd7349,caught,abfeb126,true,csk,pwi
501228,2,false,11,75,4b57e452,caught,91ffa6c6,true,csk,pwi
501229,1,false,0,7,3fca55af,lbw,c3d1402f,true,deccan,ktk
501229,1,false,2,15,0a476045,caught,c3d1402f,true,deccan,ktk
501229,1,false,5,36,5451a2c1,caught,41eb4a4f,true,deccan,ktk
501229,1,false,16,105,d0513f63,caught,41eb4a4f,true,deccan,ktk
501229,1,false,16,106,6b71e6cf,caught,41eb4a4f,true,deccan,ktk
501229,1,false,19,122,2a2e6343,bowled,0f12f9df,true,deccan,ktk
501229,1,false,19,123,6b19d823,run out,,false,deccan,ktk
501229,2,false,0,4,b8a55852,caught,8fd1a8f5,true,ktk,deccan
501229,2,false,1,8,b5da6c24,caught,5bb1a1c4,true,ktk,deccan
501229,2,false,1,9,b2570b38,bowled,5bb1a1c4,true,ktk,deccan
501229,2,false,1,12,b57f8a9a,bowled,5bb1a1c4,true,ktk,deccan
501229,2,false,3,20,99d63244,lbw,5bb1a1c4,true,ktk,deccan
501229,2,false,3,25,d18f9182,caught,5bb1a1c4,true,ktk,deccan
501229,2,false,10,68,0f12f9df,caught,ae78bc32,true,ktk,deccan
501229,2,false,15,98,fe93fd9d,caught,6b19d823,true,ktk,deccan
501229,2,false,16,102,41eb4a4f,bowled,8fd1a8f5,true,ktk,deccan
501229,2,false,16,103,c3d1402f,bowled,8fd1a8f5,true,ktk,deccan
501230,1,false,4,28,86dc8f2e,bowled,5fa06777,true,kkr,dc
501230,1,false,6,38,541f85c9,caught,fa463154,true,kkr,dc
501230,1,false,11,74,bb345e0b,caught,2498e163,true,kkr,dc
501230,1,false,14,93,3c6ffae8,caught,cc1e8c68,true,kkr,dc
501230,1,false,14,94,d2a6c0e6,caught,cc1e8c68,true,kkr,dc
501230,1,false,18,120,4ec07775,caught,5bb5a915,true,kkr,dc
501230,1,false,19,125,dd09ff8e,run out,,false,kkr,dc
501230,2,false,1,13,dcce6f09,bowled,b2b50355,true,dc,kkr
501230,2,false,6,42,8ba8195d,caught,1e66c162,true,dc,kkr
501230,2,false,10,65,5fa06777,caught,85aae393,true,dc,kkr
501230,2,false,13,81,d2d4bb0a,caught,3c6ffae8,true,dc,kkr
501230,2,false,14,88,2498e163,caught,85aae393,true,dc,kkr
501230,2,false,14,91,890946a0,caught,85aae393,true,dc,kkr
501230,2,false,18,114,fe763256,run out,,false,dc,kkr
501230,2,false,18,115,fa463154,run out,,false,dc,kkr
501230,2,false,19,123,662c47a6,caught,b2b50355,true,dc,kkr
501231,1,false,3,20,a84468fe,bowled,5b040b81,true,mi,rr
501231,1,false,4,27,d2c2b2d5,stumped,8291f939,true,mi,rr
501231,1,false,8,54,70d205c9,caught and bowled,8291f939,true,mi,rr
501231,1,false,9,62,740742ef,caught,bb18be76,true,mi,rr
501231,1,false,15,97,a757b0d8,lbw,7c503806,true,mi,rr
501231,1,false,17,107,bd77eb62,bowled,7c503806,true,mi,rr
501231,1,false,17,109,626c5379,stumped,7c503806,true,mi,rr
501231,1,false,18,113,a12e1d51,bowled,5b040b81,true,mi,rr
501231,2,false,4,27,0184dc35,caught,f0f628c7,true,rr,mi
501231,2,false,11,70,4329fbb5,caught,a12e1d51,true,rr,mi
501231,2,false,17,105,7c503806,bowled,f0f628c7,true,rr,mi
501232,1,false,6,40,5bdcdb72,bowled,5d9a1a73,true,rcb,pwi
501232,1,false,8,54,db584dad,lbw,5d9a1a73,true,rcb,pwi
501232,1,false,16,100,c4487b84,caught,b552a935,true,rcb,pwi
501232,1,false,18,112,ba607b88,caught,b552a935,true,rcb,pwi
501232,1,false,19,119,709b0bac,caught,4180d897,true,rcb,pwi
501232,2,false,5,34,5748e866,caught,957532de,true,pwi,rcb
501232,2,false,11,73,91ffa6c6,caught,c64c2443,true,pwi,rcb
501232,2,false,13,88,93b4fc78,caught,d7c6af50,true,pwi,rcb
501232,2,false,16,105,1c914163,caught,91a4a398,true,pwi,rcb
501232,2,false,18,115,c42aaf71,caught,db584dad,true,pwi,rcb
501233,1,false,1,8,dcce6f09,bowled,6b8eb6e5,true,dc,ktk
501233,1,false,1,11,890946a0,lbw,6b8eb6e5,true,dc,ktk
501233,1,false,6,41,fe763256,lbw,fe93fd9d,true,dc,ktk
501233,1,false,14,92,662c47a6,run out,,false,dc,ktk
501233,1,false,17,112,8ba8195d,caught,41eb4a4f,true,dc,ktk
501233,1,false,18,117,d2d4bb0a,caught,5d096f3d,true,dc,ktk
501233,1,false,19,125,5fa06777,run out,,false,dc,ktk
501233,2,false,1,12,b970a03f,caught,5bb5a915,true,ktk,dc
501233,2,false,2,14,b8a55852,bowled,5fa06777,true,ktk,dc
501233,2,false,4,28,b5da6c24,bowled,5fa06777,true,ktk,dc
501233,2,false,9,59,d18f9182,caught,fa463154,true,ktk,dc
501233,2,false,13,80,b57f8a9a,caught,5bb5a915,true,ktk,dc
501233,2,false,15,93,af7dadf7,caught,5bb5a915,true,ktk,dc
501233,2,false,17,109,fe93fd9d,caught,fa463154,true,ktk,dc
501233,2,false,18,110,5d096f3d,bowled,05c2ca46,true,ktk,dc
501233,2,false,18,112,6b8eb6e5,bowled,05c2ca46,true,ktk,dc
501233,2,false,18,114,41eb4a4f,caught,05c2ca46,true,ktk,dc
501234,1,false,4,28,25eeb281,caught,3c6ffae8,true,pbks,kkr
501234,1,false,5,38,508a1ea7,run out,,false,pbks,kkr
501234,1,false,7,49,2b6e6dec,bowled,85aae393,true,pbks,kkr
501234,1,false,9,58,a45a5e8d,run out,,false,pbks,kkr
501234,1,false,14,94,fd835ab3,lbw,85aae393,true,pbks,kkr
501234,1,false,19,122,c03f1114,run out,,false,pbks,kkr
501234,2,false,1,7,86dc8f2e,caught,dc4686e6,true,kkr,pbks
501234,2,false,4,26,d2a6c0e6,caught,dc4686e6,true,kkr,pbks
501235,1,false,2,18,91ffa6c6,stumped,7c503806,true,pwi,rr
501235,1,false,8,50,1c17e270,caught,bb18be76,true,pwi,rr
501235,1,false,12,73,1c914163,run out,,false,pwi,rr
501235,1,false,12,77,93b4fc78,caught,3d7e087f,true,pwi,rr
501235,1,false,18,109,28c78fb3,caught,4329fbb5,true,pwi,rr
501235,1,false,19,118,c42aaf71,caught,3d7e087f,true,pwi,rr
501235,1,false,19,120,5d9a1a73,run out,,false,pwi,rr
501235,2,false,4,27,4329fbb5,caught,b552a935,true,rr,pwi
501235,2,false,7,44,0184dc35,caught and bowled,5d9a1a73,true,rr,pwi
501235,2,false,10,62,7c503806,lbw,5d9a1a73,true,rr,pwi
501235,2,false,14,86,8291f939,caught,5d9a1a73,true,rr,pwi
501236,1,false,3,23,4b57e452,bowled,6c6591ab,true,csk,deccan
501236,1,false,12,76,48fd7349,caught,2a72fd4f,true,csk,deccan
501236,1,false,17,110,1dc12ab9,caught,6c6591ab,true,csk,deccan
501236,1,false,19,119,c3d35165,run out,,false,csk,deccan
501236,1,false,19,122,4a8a2e3b,stumped,6c6591ab,true,csk,deccan
501236,2,false,6,44,3fca55af,bowled,c8179c68,true,deccan,csk
501236,2,false,10,69,0a476045,bowled,c8179c68,true,deccan,csk
501236,2,false,13,83,5451a2c1,caught,c3d35165,true,deccan,csk
501236,2,false,15,98,6b71e6cf,bowled,45c2196c,true,deccan,csk
501236,2,false,18,112,d0513f63,caught,c3d35165,true,deccan,csk
501236,2,false,18,117,2e8994e7,caught,c3d35165,true,deccan,csk
501236,2,false,19,119,2a2e6343,run out,,false,deccan,csk
501236,2,false,19,123,6b19d823,caught and bowled,45c2196c,true,deccan,csk
501237,1,false,2,15,a84468fe,bowled,c18496e1,true,mi,pbks
501237,1,false,14,88,70d205c9,caught,98ae73b1,true,mi,pbks
501237,1,false,16,99,d2c2b2d5,caught,12eddf28,true,mi,pbks
501237,1,false,17,109,a757b0d8,caught,98ae73b1,true,mi,pbks
501237,1,false,19,120,740742ef,caught,12eddf28,true,mi,pbks
501237,2,false,0,5,2b6e6dec,lbw,8b5b6769,true,pbks,mi
501237,2,false,10,66,25eeb281,caught,bd77eb62,true,pbks,mi
501237,2,false,12,75,fd835ab3,caught,f0f628c7,true,pbks,mi
501237,2,false,13,81,c03f1114,lbw,a757b0d8,true,pbks,mi
501237,2,false,15,97,a45a5e8d,caught,8b5b6769,true,pbks,mi
501237,2,false,16,101,c18496e1,bowled,a12e1d51,true,pbks,mi
501237,2,false,18,114,508a1ea7,caught,a12e1d51,true,pbks,mi
501237,2,false,19,116,12eddf28,caught,f0f628c7,true,pbks,mi
501238,1,false,2,15,8ba8195d,caught,0c432afb,true,dc,ktk
501238,1,false,5,36,dcce6f09,caught,6b8eb6e5,true,dc,ktk
501238,1,false,6,40,890946a0,caught,c3d1402f,true,dc,ktk
501238,1,false,14,94,662c47a6,caught,41eb4a4f,true,dc,ktk
501238,1,false,17,108,fe763256,caught,0c432afb,true,dc,ktk
501238,1,false,18,119,d2d4bb0a,caught,41eb4a4f,true,dc,ktk
501238,2,false,5,36,b8a55852,caught,5bb5a915,true,ktk,dc
501238,2,false,7,51,b970a03f,lbw,05c2ca46,true,ktk,dc
501238,2,false,9,70,d18f9182,run out,,false,ktk,dc
501239,1,false,5,37,d2a6c0e6,bowled,2a2e6343,true,kkr,deccan
501239,1,false,10,70,86dc8f2e,caught,6b19d823,true,kkr,deccan
501239,1,false,11,74,bb345e0b,caught,6c6591ab,true,kkr,deccan
501239,1,false,19,124,26e5cabf,caught,8fd1a8f5,true,kkr,deccan
501239,2,false,5,33,3fca55af,caught,85aae393,true,deccan,kkr
501239,2,false,5,35,6b71e6cf,caught,85aae393,true,deccan,kkr
501239,2,false,10,61,d0513f63,bowled,33a364a6,true,deccan,kkr
501239,2,false,10,65,2a2e6343,lbw,33a364a6,true,deccan,kkr
501239,2,false,16,104,b720a5d6,bowled,dd09ff8e,true,deccan,kkr
501239,2,false,17,107,0a476045,bowled,86dc8f2e,true,deccan,kkr
501240,1,false,10,61,4329fbb5,caught and bowled,c8179c68,true,rr,csk
501240,1,false,12,74,8291f939,caught,495d42a5,true,rr,csk
501240,1,false,14,87,7c503806,caught,c8179c68,true,rr,csk
501240,1,false,15,94,0184dc35,caught,f5f18a18,true,rr,csk
501240,1,false,18,113,29e95537,caught and bowled,c3d35165,true,rr,csk
501240,1,false,18,114,b61a3e1a,caught,c3d35165,true,rr,csk
501240,2,false,1,11,4b57e452,lbw,7c503806,true,csk,rr
501240,2,false,18,115,1dc12ab9,caught,3d7e087f,true,csk,rr
501241,1,false,2,15,1efb8a28,caught,b552a935,true,mi,pwi
501241,1,false,8,51,d2c2b2d5,caught,1c914163,true,mi,pwi
501241,1,false,10,67,70d205c9,caught,1c914163,true,mi,pwi
501241,1,false,14,87,740742ef,caught,5d9a1a73,true,mi,pwi
501241,1,false,16,100,aaa1b522,caught,5d9a1a73,true,mi,pwi
501241,1,false,17,108,bd77eb62,caught,4180d897,true,mi,pwi
501241,1,false,19,124,a757b0d8,caught,4180d897,true,mi,pwi
501241,2,false,0,1,91ffa6c6,caught,8b5b6769,true,pwi,mi
501241,2,false,3,22,72861603,caught,f0f628c7,true,pwi,mi
501241,2,false,8,54,2815fe50,caught,a757b0d8,true,pwi,mi
501241,2,false,12,79,1c914163,caught,a12e1d51,true,pwi,mi
501241,2,false,18,114,93b4fc78,caught,a12e1d51,true,pwi,mi
501241,2,false,18,118,c42aaf71,caught and bowled,a12e1d51,true,pwi,mi
501241,2,false,19,123,dddca1d6,run out,,false,pwi,mi
501242,1,false,1,11,b8a55852,caught,1e66c162,true,ktk,kkr
501242,1,false,5,33,b5da6c24,caught,1e66c162,true,ktk,kkr
501242,1,false,11,73,b970a03f,caught,3c6ffae8,true,ktk,kkr
501242,1,false,14,91,fe93fd9d,caught,33a364a6,true,ktk,kkr
501242,1,false,18,119,d18f9182,run out,,false,ktk,kkr
501242,2,false,10,63,86dc8f2e,bowled,b2570b38,true,kkr,ktk
501242,2,false,10,64,bb345e0b,caught,b2570b38,true,kkr,ktk
501242,2,false,13,86,26e5cabf,caught,41eb4a4f,true,kkr,ktk
501242,2,false,18,114,d2a6c0e6,run out,,false,kkr,ktk
501242,2,false,18,115,3c6ffae8,caught,41eb4a4f,true,kkr,ktk
501242,2,false,19,120,dd09ff8e,run out,,false,kkr,ktk
501242,2,false,19,122,f3cb53a1,bowled,c3d1402f,true,kkr,ktk
501243,1,false,2,17,b720a5d6,caught,260fd380,true,deccan,dc
501243,1,false,8,53,0a476045,caught,fa463154,true,deccan,dc
501243,1,false,11,73,6b71e6cf,caught,2498e163,true,deccan,dc
501243,1,false,17,110,2e8994e7,run out,,false,deccan,dc
501243,1,false,18,115,5451a2c1,caught,fa463154,true,deccan,dc
501243,2,false,0,2,b8d490fd,caught,8fd1a8f5,true,dc,deccan
501243,2,false,3,22,890946a0,caught,5bb1a1c4,true,dc,deccan
501243,2,false,5,40,fe763256,caught,5bb1a1c4,true,dc,deccan
501243,2,false,10,69,d2d4bb0a,bowled,2a2e6343,true,dc,deccan
501243,2,false,16,105,8ba8195d,caught,8fd1a8f5,true,dc,deccan
501243,2,false,17,115,5fa06777,stumped,6b19d823,true,dc,deccan
501244,1,false,4,29,5bdcdb72,caught,c654af19,true,rcb,pbks
501244,1,false,14,89,db584dad,caught,98ae73b1,true,rcb,pbks
501244,1,false,14,91,ba607b88,bowled,98ae73b1,true,rcb,pbks
501244,1,false,17,108,709b0bac,caught and bowled,12eddf28,true,rcb,pbks
501244,1,false,17,109,3ae3f034,lbw,12eddf28,true,rcb,pbks
501244,1,false,19,117,d84378a4,bowled,12eddf28,true,rcb,pbks
501244,2,false,0,1,2b6e6dec,run out,,false,pbks,rcb
501244,2,false,1,13,a45a5e8d,caught,957532de,true,pbks,rcb
501244,2,false,4,29,25eeb281,caught,db584dad,true,pbks,rcb
501244,2,false,5,35,508a1ea7,caught and bowled,957532de,true,pbks,rcb
501244,2,false,7,48,30e37810,caught,d7c6af50,true,pbks,rcb
501244,2,false,8,55,c03f1114,lbw,db584dad,true,pbks,rcb
501244,2,false,10,68,98ae73b1,bowled,db584dad,true,pbks,rcb
501244,2,false,18,114,c654af19,bowled,957532de,true,pbks,rcb
501244,2,false,18,116,12eddf28,caught,957532de,true,pbks,rcb
501245,1,false,3,23,4b57e452,caught and bowled,85aae393,true,csk,kkr
501245,1,false,5,35,1dc12ab9,caught,3c6ffae8,true,csk,kkr
501245,1,false,10,67,48fd7349,caught,b2b50355,true,csk,kkr
501245,1,false,19,123,3576e47e,run out,,false,csk,kkr
501245,2,false,1,9,d2a6c0e6,bowled,495d42a5,true,kkr,csk
501245,2,false,5,38,bb345e0b,caught,495d42a5,true,kkr,csk
501246,1,false,5,34,d2c2b2d5,bowled,5fa06777,true,mi,dc
501246,1,false,6,44,1efb8a28,caught,9d80c5e1,true,mi,dc
501246,1,false,16,101,740742ef,caught,5bb5a915,true,mi,dc
501246,1,false,18,117,70d205c9,caught,2498e163,true,mi,dc
501246,2,false,0,5,dcce6f09,lbw,8b5b6769,true,dc,mi
501246,2,false,1,7,c995d726,bowled,a12e1d51,true,dc,mi
501246,2,false,2,13,8ba8195d,caught,f0f628c7,true,dc,mi
501246,2,false,2,18,890946a0,caught,f0f628c7,true,dc,mi
501246,2,false,13,84,fe763256,bowled,d2a989fc,true,dc,mi
501246,2,false,16,104,2498e163,run out,,false,dc,mi
501246,2,false,16,105,662c47a6,caught,8b5b6769,true,dc,mi
501246,2,false,17,112,5fa06777,bowled,a12e1d51,true,dc,mi
501246,2,false,19,125,5bb5a915,caught,a757b0d8,true,dc,mi
501246,2,false,19,126,9d80c5e1,caught,a757b0d8,true,dc,mi
501247,1,false,5,34,b8a55852,caught,d7c6af50,true,ktk,rcb
501247,1,false,8,52,b970a03f,bowled,db584dad,true,ktk,rcb
501247,1,false,9,65,d18f9182,caught,d7c6af50,true,ktk,rcb
501247,1,false,10,67,b5da6c24,run out,,false,ktk,rcb
501247,1,false,13,88,b57f8a9a,caught,957532de,true,ktk,rcb
501247,1,false,17,112,b2570b38,caught,957532de,true,ktk,rcb
501247,1,false,18,120,41eb4a4f,caught,91a4a398,true,ktk,rcb
501247,1,false,19,126,fe93fd9d,caught,66cf56a5,true,ktk,rcb
501247,1,false,19,127,c3d1402f,run out,,false,ktk,rcb
501247,2,false,3,25,db584dad,bowled,41eb4a4f,true,rcb,ktk
501248,1,false,3,24,2b6e6dec,caught,5d9a1a73,true,pbks,pwi
501248,1,false,7,46,25eeb281,caught,5d9a1a73,true,pbks,pwi
501248,1,false,12,76,508a1ea7,bowled,2e81a32d,true,pbks,pwi
501248,1,false,14,87,fd835ab3,caught,2e81a32d,true,pbks,pwi
501248,1,false,15,94,c03f1114,caught,3d8feaf8,true,pbks,pwi
501248,1,false,17,108,c3a96caf,caught,3a60e0b5,true,pbks,pwi
501248,1,false,18,112,12eddf28,caught,3d8feaf8,true,pbks,pwi
501248,1,false,19,115,facb9086,caught,3a60e0b5,true,pbks,pwi
501248,2,false,4,30,91ffa6c6,caught,dc4686e6,true,pwi,pbks
501248,2,false,9,62,1c17e270,caught,12eddf28,true,pwi,pbks
501248,2,false,12,76,93b4fc78,bowled,e938e1bc,true,pwi,pbks
501248,2,false,15,98,1c914163,caught and bowled,2049f3a0,true,pwi,pbks
501248,2,false,15,101,2815fe50,caught,2049f3a0,true,pwi,pbks
501249,1,false,9,58,48fd7349,bowled,7c503806,true,csk,rr
501249,1,false,14,92,4b57e452,run out,,false,csk,rr
501249,1,false,18,115,1dc12ab9,bowled,5b040b81,true,csk,rr
501249,2,false,3,23,0184dc35,caught,45c2196c,true,rr,csk
501249,2,false,5,36,4329fbb5,caught,495d42a5,true,rr,csk
501249,2,false,8,52,b61a3e1a,caught,c3d35165,true,rr,csk
501249,2,false,9,62,8291f939,caught,495d42a5,true,rr,csk
501249,2,false,14,89,29e95537,caught,87e562a9,true,rr,csk
501249,2,false,17,109,c69a7b5c,run out,,false,rr,csk
501249,2,false,18,116,063b3673,bowled,45c2196c,true,rr,csk
501249,2,false,18,118,7c503806,caught and bowled,45c2196c,true,rr,csk
501249,2,false,19,119,5b040b81,caught and bowled,1dc12ab9,true,rr,csk
501249,2,false,19,121,bb18be76,caught,1dc12ab9,true,rr,csk
501250,1,false,6,41,0a476045,caught,1c914163,true,deccan,pwi
501250,1,false,7,46,b720a5d6,bowled,3d8feaf8,true,deccan,pwi
501250,1,false,10,67,6b71e6cf,lbw,5d9a1a73,true,deccan,pwi
501250,1,false,14,88,2a2e6343,lbw,1c914163,true,deccan,pwi
501250,1,false,18,110,2e8994e7,caught,3d8feaf8,true,deccan,pwi
501250,1,false,18,113,3fca55af,caught,3d8feaf8,true,deccan,pwi
501250,1,false,18,114,6b19d823,caught,3d8feaf8,true,deccan,pwi
501250,1,false,19,120,8fd1a8f5,caught,3a60e0b5,true,deccan,pwi
501250,2,false,6,42,91ffa6c6,bowled,6c6591ab,true,pwi,deccan
501250,2,false,11,72,93b4fc78,lbw,6b19d823,true,pwi,deccan
501250,2,false,12,77,1c17e270,caught,2a2e6343,true,pwi,deccan
501250,2,false,16,100,1c914163,bowled,2a2e6343,true,pwi,deccan
501251,1,false,3,23,25eeb281,caught,f0f628c7,true,pbks,mi
501251,1,false,10,67,2b6e6dec,caught,a12e1d51,true,pbks,mi
501251,1,false,15,95,508a1ea7,caught,f0f628c7,true,pbks,mi
501251,1,false,15,99,fd835ab3,caught,f0f628c7,true,pbks,mi
501251,1,false,17,108,c3a96caf,run out,,false,pbks,mi
501251,1,false,18,112,c03f1114,caught,f0f628c7,true,pbks,mi
501251,1,false,18,117,12eddf28,caught,f0f628c7,true,pbks,mi
501251,1,false,19,119,e938e1bc,bowled,a12e1d51,true,pbks,mi
501251,2,false,2,16,d2c2b2d5,caught,e938e1bc,true,mi,pbks
501251,2,false,3,24,740742ef,stumped,c18496e1,true,mi,pbks
501251,2,false,4,26,1efb8a28,caught,e938e1bc,true,mi,pbks
501251,2,false,7,47,bd77eb62,run out,,false,mi,pbks
501251,2,false,8,55,70d205c9,caught,2049f3a0,true,mi,pbks
501251,2,false,9,58,aaa1b522,caught,12eddf28,true,mi,pbks
501251,2,false,10,67,8b5b6769,bowled,dc4686e6,true,mi,pbks
501251,2,false,12,78,a757b0d8,caught,dc4686e6,true,mi,pbks
501251,2,false,12,80,d2a989fc,caught and bowled,dc4686e6,true,mi,pbks
501251,2,false,12,81,f0f628c7,lbw,dc4686e6,true,mi,pbks
501252,1,false,9,59,4329fbb5,caught,957532de,true,rr,rcb
501252,1,false,9,61,0184dc35,caught and bowled,957532de,true,rr,rcb
501252,1,false,13,84,29e95537,run out,,false,rr,rcb
501252,1,false,16,102,7c503806,caught,957532de,true,rr,rcb
501252,1,false,17,107,b61a3e1a,caught,d1c94b25,true,rr,rcb
501252,1,false,18,114,8291f939,caught,db584dad,true,rr,rcb
501252,2,false,6,41,5bdcdb72,caught,bb18be76,true,rcb,rr
501253,1,false,0,6,48fd7349,lbw,5fa06777,true,csk,dc
501253,1,false,5,33,1dc12ab9,caught,0a3d54b9,true,csk,dc
501253,1,false,10,62,4b57e452,caught,fa463154,true,csk,dc
501253,1,false,19,120,3576e47e,run out,,false,csk,dc
501253,2,false,2,17,890946a0,caught,c3d35165,true,dc,csk
501253,2,false,7,43,c995d726,caught,495d42a5,true,dc,csk
501253,2,false,9,59,dcce6f09,caught,87e562a9,true,dc,csk
501253,2,false,15,95,fe763256,bowled,495d42a5,true,dc,csk
501253,2,false,17,107,2498e163,caught,87e562a9,true,dc,csk
501253,2,false,19,120,16043342,caught,45c2196c,true,dc,csk
501254,1,false,8,59,b8a55852,lbw,c18496e1,true,ktk,pbks
501254,1,false,13,86,fe93fd9d,lbw,98ae73b1,true,ktk,pbks
501254,1,false,14,96,b57f8a9a,caught,c18496e1,true,ktk,pbks
501254,1,false,18,118,7bf96684,run out,,false,ktk,pbks
501254,1,false,18,119,b5da6c24,caught,2049f3a0,true,ktk,pbks
501254,1,false,19,128,b2570b38,lbw,12eddf28,true,ktk,pbks
501254,1,false,19,129,d18f9182,run out,,false,ktk,pbks
501254,2,false,2,19,25eeb281,bowled,c3d1402f,true,pbks,ktk
501254,2,false,4,31,2b6e6dec,caught,c3d1402f,true,pbks,ktk
501254,2,false,14,89,c03f1114,caught,c3d1402f,true,pbks,ktk
501254,2,false,14,94,508a1ea7,caught and bowled,c3d1402f,true,pbks,ktk
501255,1,false,2,15,d2a6c0e6,caught,91a4a398,true,kkr,rcb
501255,1,false,3,23,86dc8f2e,caught,d1c94b25,true,kkr,rcb
501255,1,false,5,33,bb345e0b,caught,957532de,true,kkr,rcb
501255,1,false,12,76,3c6ffae8,caught,d1c94b25,true,kkr,rcb
501255,2,false,2,16,db584dad,caught,dd09ff8e,true,rcb,kkr
501255,2,false,5,37,b63ab531,caught,86dc8f2e,true,rcb,kkr
501255,2,false,7,47,ba607b88,caught,86dc8f2e,true,rcb,kkr
501255,2,false,10,67,d84378a4,caught,1e66c162,true,rcb,kkr
501255,2,false,11,70,7daedf2f,caught,85aae393,true,rcb,kkr
501255,2,false,12,78,709b0bac,run out,,false,rcb,kkr
501256,1,false,0,2,11df3dc8,bowled,a12e1d51,true,deccan,mi
501256,1,false,7,44,6b71e6cf,caught,d2a989fc,true,deccan,mi
501256,1,false,9,60,3fca55af,caught,a757b0d8,true,deccan,mi
501256,1,false,10,64,2e8994e7,stumped,8b5b6769,true,deccan,mi
501256,1,false,14,86,5451a2c1,caught,d2a989fc,true,deccan,mi
501256,1,false,18,110,2a2e6343,bowled,d2a989fc,true,deccan,mi
501256,2,false,2,13,1efb8a28,bowled,2e8994e7,true,mi,deccan
501256,2,false,3,25,70d205c9,bowled,5bb1a1c4,true,mi,deccan
501256,2,false,5,34,740742ef,caught,5bb1a1c4,true,mi,deccan
501256,2,false,11,72,bd77eb62,caught,6b19d823,true,mi,deccan
501256,2,false,15,99,aaa1b522,caught,d2340a43,true,mi,deccan
501256,2,false,15,102,d2c2b2d5,lbw,d2340a43,true,mi,deccan
501256,2,false,19,125,a757b0d8,caught,d2340a43,true,mi,deccan
501256,2,false,19,127,a12e1d51,run out,,false,mi,deccan
501257,1,false,3,22,2b6e6dec,caught,5bb5a915,true,pbks,dc
501257,1,false,14,90,508a1ea7,caught,5fa06777,true,pbks,dc
501257,1,false,14,91,25eeb281,bowled,5fa06777,true,pbks,dc
501257,1,false,16,107,fd835ab3,caught,260fd380,true,pbks,dc
501257,1,false,18,119,c3a96caf,bowled,5fa06777,true,pbks,dc
501257,1,false,19,125,c03f1114,caught,260fd380,true,pbks,dc
501257,2,false,7,51,890946a0,caught,2049f3a0,true,dc,pbks
501257,2,false,9,62,dcce6f09,caught,2049f3a0,true,dc,pbks
501257,2,false,11,71,64a4c383,caught,98ae73b1,true,dc,pbks
501257,2,false,13,86,fe763256,caught,98ae73b1,true,dc,pbks
501257,2,false,14,89,5fa06777,caught,25eeb281,true,dc,pbks
501257,2,false,15,94,2498e163,caught,98ae73b1,true,dc,pbks
501257,2,false,17,109,d2d4bb0a,caught,e938e1bc,true,dc,pbks
501257,2,false,18,115,662c47a6,lbw,12eddf28,true,dc,pbks
501258,1,false,2,18,c15e2193,lbw,c3d1402f,true,rr,ktk
501258,1,false,3,19,0184dc35,caught,6b8eb6e5,true,rr,ktk
501258,1,false,5,32,29e95537,lbw,6b8eb6e5,true,rr,ktk
501258,1,false,8,54,4329fbb5,bowled,0c432afb,true,rr,ktk
501258,1,false,9,59,0aadc906,caught,b57f8a9a,true,rr,ktk
501258,1,false,11,69,3eac9d95,bowled,b57f8a9a,true,rr,ktk
501258,1,false,13,80,bb18be76,bowled,b57f8a9a,true,rr,ktk
501258,1,false,13,84,29d72eb2,run out,,false,rr,ktk
501258,1,false,15,94,8291f939,caught,b57f8a9a,true,rr,ktk
501258,1,false,18,113,6ec424a9,caught,0c432afb,true,rr,ktk
501258,2,false,1,11,d18f9182,caught,3eac9d95,true,ktk,rr
501258,2,false,3,22,b8a55852,bowled,6ec424a9,true,ktk,rr
501259,1,false,3,24,91ffa6c6,caught,8fd1a8f5,true,pwi,deccan
501259,1,false,5,35,725529bc,caught,2a2e6343,true,pwi,deccan
501259,1,false,6,40,93b4fc78,bowled,6c6591ab,true,pwi,deccan
501259,1,false,7,46,1c17e270,caught and bowled,6b19d823,true,pwi,deccan
501259,1,false,7,47,c42aaf71,bowled,6b19d823,true,pwi,deccan
501259,1,false,11,67,9b4935c8,caught and bowled,2e8994e7,true,pwi,deccan
501259,1,false,14,90,1c914163,caught,2a2e6343,true,pwi,deccan
501259,1,false,19,118,3d8feaf8,bowled,6c6591ab,true,pwi,deccan
501259,1,false,19,122,3a60e0b5,run out,,false,pwi,deccan
501259,2,false,8,53,0a476045,stumped,1c914163,true,deccan,pwi
501259,2,false,9,60,3fca55af,lbw,5d9a1a73,true,deccan,pwi
501259,2,false,15,95,6b71e6cf,caught,5d9a1a73,true,deccan,pwi
501259,2,false,17,111,2e8994e7,bowled,3a60e0b5,true,deccan,pwi
501260,1,false,3,25,25eeb281,caught,d1c94b25,true,pbks,rcb
501260,1,false,19,125,2b6e6dec,caught,d1c94b25,true,pbks,rcb
501260,2,false,1,12,db584dad,caught,12eddf28,true,rcb,pbks
501260,2,false,3,28,ba607b88,caught,12eddf28,true,rcb,pbks
501260,2,false,5,40,709b0bac,caught,2049f3a0,true,rcb,pbks
501260,2,false,6,46,3ae3f034,caught,25eeb281,true,rcb,pbks
501260,2,false,10,68,d84378a4,stumped,98ae73b1,true,rcb,pbks
501260,2,false,12,78,7daedf2f,bowled,98ae73b1,true,rcb,pbks
501260,2,false,12,82,c4487b84,caught,98ae73b1,true,rcb,pbks
501260,2,false,14,89,6821ac10,lbw,98ae73b1,true,rcb,pbks
501260,2,false,15,97,66cf56a5,caught,12eddf28,true,rcb,pbks
501260,2,false,16,106,d1c94b25,bowled,2049f3a0,true,rcb,pbks
501261,1,false,2,18,4b57e452,bowled,c3d1402f,true,csk,ktk
501261,1,false,5,34,1dc12ab9,caught,6b8eb6e5,true,csk,ktk
501261,1,false,8,52,3576e47e,caught,b57f8a9a,true,csk,ktk
501261,1,false,14,88,48fd7349,caught,fe93fd9d,true,csk,ktk
501261,1,false,16,99,4a8a2e3b,caught,fe93fd9d,true,csk,ktk
501261,2,false,2,15,b5da6c24,caught,495d42a5,true,ktk,csk
501261,2,false,6,43,bae11797,caught and bowled,87e562a9,true,ktk,csk
501261,2,false,13,89,b8a55852,bowled,c8179c68,true,ktk,csk
501261,2,false,17,114,fe93fd9d,caught,45c2196c,true,ktk,csk
501261,2,false,19,123,7bf96684,run out,,false,ktk,csk
501262,1,false,1,8,91ffa6c6,caught,3c6ffae8,true,pwi,kkr
501262,1,false,3,21,93b4fc78,lbw,85aae393,true,pwi,kkr
501262,1,false,8,52,9b4935c8,stumped,7dc35884,true,pwi,kkr
501262,1,false,12,77,725529bc,caught,7dc35884,true,pwi,kkr
501262,1,false,13,87,1c17e270,caught,3c6ffae8,true,pwi,kkr
501262,1,false,19,120,1c914163,caught,b2b50355,true,pwi,kkr
501262,1,false,19,124,90edaaa9,bowled,b2b50355,true,pwi,kkr
501262,2,false,0,4,541f85c9,caught,b552a935,true,kkr,pwi
501262,2,false,7,46,26e5cabf,bowled,2e81a32d,true,kkr,pwi
501262,2,false,15,97,3c6ffae8,caught,3a60e0b5,true,kkr,pwi
501263,1,false,1,9,aaa1b522,caught,4329fbb5,true,mi,rr
501263,1,false,3,24,70d205c9,caught,4329fbb5,true,mi,rr
501263,1,false,11,69,d2c2b2d5,caught,5b040b81,true,mi,rr
501263,1,false,17,110,a757b0d8,bowled,4329fbb5,true,mi,rr
501263,1,false,19,120,740742ef,stumped,bb18be76,true,mi,rr
501264,1,false,13,83,b720a5d6,caught,25eeb281,true,deccan,pbks
501264,1,false,16,100,2e8994e7,caught,12eddf28,true,deccan,pbks
501264,2,false,1,10,25eeb281,caught,8fd1a8f5,true,pbks,deccan
501264,2,false,2,18,508a1ea7,caught,2e8994e7,true,pbks,deccan
501264,2,false,10,66,2b6e6dec,caught,2a2e6343,true,pbks,deccan
501264,2,false,10,68,c03f1114,caught,2a2e6343,true,pbks,deccan
501264,2,false,13,83,a45a5e8d,caught,6c6591ab,true,pbks,deccan
501264,2,false,15,95,c654af19,caught,6b19d823,true,pbks,deccan
501264,2,false,15,96,c3a96caf,stumped,6b19d823,true,pbks,deccan
501264,2,false,15,97,12eddf28,caught,6b19d823,true,pbks,deccan
501264,2,false,17,105,e938e1bc,bowled,6b19d823,true,pbks,deccan
501264,2,false,18,116,dc4686e6,run out,,false,pbks,deccan
501265,1,false,3,22,dcce6f09,bowled,808f425a,true,dc,pwi
501265,1,false,5,36,890946a0,caught,0af3426f,true,dc,pwi
501265,1,false,8,55,afa7e784,bowled,3d8feaf8,true,dc,pwi
501266,1,false,2,14,48fd7349,bowled,91a4a398,true,csk,rcb
501266,1,false,3,23,4b57e452,caught,957532de,true,csk,rcb
501266,1,false,4,28,1dc12ab9,caught,91a4a398,true,csk,rcb
501266,1,false,5,37,3576e47e,caught,d7c6af50,true,csk,rcb
501266,1,false,13,86,fe11caa6,caught,ba607b88,true,csk,rcb
501266,1,false,15,96,87e562a9,lbw,d7c6af50,true,csk,rcb
501266,1,false,17,112,c3d35165,caught,66cf56a5,true,csk,rcb
501266,1,false,18,119,495d42a5,caught,957532de,true,csk,rcb
501266,2,false,0,3,c4487b84,stumped,495d42a5,true,rcb,csk
501266,2,false,9,62,ba607b88,caught,c3d35165,true,rcb,csk
501267,1,false,1,11,541f85c9,run out,,false,kkr,mi
501267,1,false,3,21,bb345e0b,bowled,2af1b6d2,true,kkr,mi
501267,1,false,8,54,26e5cabf,run out,,false,kkr,mi
501267,1,false,15,97,3c6ffae8,caught,cf73ad76,true,kkr,mi
501267,1,false,17,107,86dc8f2e,caught,cf73ad76,true,kkr,mi
501267,1,false,19,118,4ec07775,lbw,2af1b6d2,true,kkr,mi
501267,1,false,19,122,33a364a6,run out,,false,kkr,mi
501267,2,false,1,7,aaa1b522,caught,85aae393,true,mi,kkr
501267,2,false,8,51,8b5b6769,caught,33a364a6,true,mi,kkr
501267,2,false,10,65,740742ef,caught,33a364a6,true,mi,kkr
501267,2,false,12,78,d2c2b2d5,caught,33a364a6,true,mi,kkr
501267,2,false,17,110,a757b0d8,bowled,b2b50355,true,mi,kkr
501268,1,false,3,21,db584dad,lbw,495d42a5,true,rcb,csk
501268,1,false,8,59,00ea847a,caught,87e562a9,true,rcb,csk
501268,1,false,11,76,c4487b84,caught,c8179c68,true,rcb,csk
501268,1,false,16,105,b63ab531,bowled,45c2196c,true,rcb,csk
501268,2,false,0,7,48fd7349,lbw,91a4a398,true,csk,rcb
501268,2,false,1,10,4b57e452,lbw,957532de,true,csk,rcb
501268,2,false,10,69,3576e47e,caught,66cf56a5,true,csk,rcb
501268,2,false,16,105,4a8a2e3b,caught,91a4a398,true,csk,rcb
501269,1,false,1,11,86dc8f2e,caught,f0f628c7,true,kkr,mi
501269,1,false,2,18,bb345e0b,bowled,8b5b6769,true,kkr,mi
501269,1,false,3,21,541f85c9,caught,f0f628c7,true,kkr,mi
501269,1,false,5,34,26e5cabf,lbw,d2a989fc,true,kkr,mi
501269,1,false,12,79,3c6ffae8,caught,f0f628c7,true,kkr,mi
501269,1,false,17,106,7dc35884,bowled,a12e1d51,true,kkr,mi
501269,1,false,18,114,33a364a6,run out,,false,kkr,mi
501269,2,false,7,47,1efb8a28,caught,dd09ff8e,true,mi,kkr
501269,2,false,8,50,740742ef,run out,,false,mi,kkr
501269,2,false,10,65,d2c2b2d5,caught,86dc8f2e,true,mi,kkr
501269,2,false,12,77,70d205c9,caught,86dc8f2e,true,mi,kkr
501269,2,false,15,95,a757b0d8,lbw,7dc35884,true,mi,kkr
501269,2,false,17,109,aaa1b522,caught,7dc35884,true,mi,kkr
501270,1,false,10,69,00ea847a,caught,a757b0d8,true,rcb,mi
501270,1,false,14,94,db584dad,caught,f0f628c7,true,rcb,mi
501270,1,false,15,98,ba607b88,bowled,2af1b6d2,true,rcb,mi
501270,1,false,16,105,b63ab531,caught,f0f628c7,true,rcb,mi
501270,2,false,3,21,1efb8a28,caught,957532de,true,mi,rcb
501270,2,false,5,31,8b5b6769,caught,957532de,true,mi,rcb
501270,2,false,7,49,d2c2b2d5,stumped,c64c2443,true,mi,rcb
501270,2,false,10,65,740742ef,caught,d7c6af50,true,mi,rcb
501270,2,false,10,67,70d205c9,lbw,d7c6af50,true,mi,rcb
501270,2,false,12,78,a757b0d8,caught,d7c6af50,true,mi,rcb
501270,2,false,14,89,cf73ad76,bowled,91a4a398,true,mi,rcb
501270,2,false,15,96,a12e1d51,caught,c64c2443,true,mi,rcb
501271,1,false,14,90,48fd7349,caught,c64c2443,true,csk,rcb
501271,1,false,18,110,4b57e452,caught,957532de,true,csk,rcb
501271,1,false,18,111,4a8a2e3b,caught,957532de,true,csk,rcb
501271,1,false,19,120,c3d35165,caught,db584dad,true,csk,rcb
501271,1,false,19,121,1dc12ab9,bowled,db584dad,true,csk,rcb
501271,2,false,0,4,db584dad,caught,495d42a5,true,rcb,csk
501271,2,false,2,15,00ea847a,bowled,495d42a5,true,rcb,csk
501271,2,false,6,39,c4487b84,lbw,c8179c68,true,rcb,csk
501271,2,false,8,51,b63ab531,caught and bowled,c8179c68,true,rcb,csk
501271,2,false,9,61,ba607b88,lbw,1dc12ab9,true,rcb,csk
501271,2,false,10,63,d7c6af50,caught and bowled,495d42a5,true,rcb,csk
501271,2,false,12,79,66cf56a5,caught,87e562a9,true,rcb,csk
501271,2,false,18,113,91a4a398,caught,45c2196c,true,rcb,csk
548306,1,false,0,5,3355b542,run out,,false,csk,mi
548306,1,false,5,38,4b57e452,caught,cf73ad76,true,csk,mi
548306,1,false,9,64,1dc12ab9,caught,6c6591ab,true,csk,mi
548306,1,false,11,74,87e562a9,caught,6c6591ab,true,csk,mi
548306,1,false,12,82,c3d35165,caught,a757b0d8,true,csk,mi
548306,1,false,15,98,4a8a2e3b,run out,,false,csk,mi
548306,1,false,16,104,3576e47e,caught,a757b0d8,true,csk,mi
548306,1,false,17,110,495d42a5,run out,,false,csk,mi
548306,1,false,17,115,fe93fd9d,bowled,a12e1d51,true,csk,mi
548306,1,false,19,126,45c2196c,caught,a12e1d51,true,csk,mi
548306,2,false,7,49,18c78b11,caught,87e562a9,true,mi,csk
548306,2,false,8,53,740742ef,caught,45c2196c,true,mi,csk
548306,2,false,8,56,d2c2b2d5,retired hurt,,false,mi,csk
548307,1,false,1,11,b8a55852,lbw,05c2ca46,true,kkr,dc
548307,1,false,2,17,86dc8f2e,bowled,5bb5a915,true,kkr,dc
548307,1,false,2,18,26e5cabf,bowled,5bb5a915,true,kkr,dc
548307,1,false,3,25,3c6ffae8,caught,cc1e8c68,true,kkr,dc
548307,1,false,6,42,bb345e0b,bowled,5bb5a915,true,kkr,dc
548307,1,false,6,43,7050a1e7,run out,,false,kkr,dc
548307,1,false,10,66,b1451597,caught,cc1e8c68,true,kkr,dc
548307,1,false,11,70,33a364a6,stumped,05c2ca46,true,kkr,dc
548307,1,false,11,74,dd09ff8e,run out,,false,kkr,dc
548307,2,false,6,39,b8d490fd,bowled,86dc8f2e,true,dc,kkr
548307,2,false,7,45,8ba8195d,caught,33a364a6,true,dc,kkr
548308,1,false,0,5,93b4fc78,bowled,a12e1d51,true,pwi,mi
548308,1,false,3,23,725529bc,stumped,8b5b6769,true,pwi,mi
548308,1,false,4,30,3a60e0b5,bowled,f0f628c7,true,pwi,mi
548308,1,false,8,54,9b4935c8,run out,,false,pwi,mi
548308,1,false,15,94,1c17e270,caught and bowled,a757b0d8,true,pwi,mi
548308,1,false,16,101,f846de6a,bowled,a12e1d51,true,pwi,mi
548308,1,false,17,107,2e81a32d,bowled,6c6591ab,true,pwi,mi
548308,1,false,19,120,30a45b23,caught,f0f628c7,true,pwi,mi
548308,1,false,19,123,5d9a1a73,run out,,false,pwi,mi
548308,2,false,0,2,18c78b11,stumped,abfeb126,true,mi,pwi
548308,2,false,1,7,70d205c9,caught,66b30f71,true,mi,pwi
548308,2,false,1,14,740742ef,caught,66b30f71,true,mi,pwi
548308,2,false,10,69,c03f1114,stumped,abfeb126,true,mi,pwi
548308,2,false,12,78,271f83cd,bowled,f846de6a,true,mi,pwi
548308,2,false,15,100,a757b0d8,bowled,5d9a1a73,true,mi,pwi
548308,2,false,17,109,cf73ad76,caught,66b30f71,true,mi,pwi
548308,2,false,18,117,a12e1d51,caught,3a60e0b5,true,mi,pwi
548308,2,false,19,122,8b5b6769,lbw,66b30f71,true,mi,pwi
548309,1,false,9,61,0184dc35,caught,2a72fd4f,true,rr,pbks
548309,1,false,10,69,8291f939,bowled,98ae73b1,true,rr,pbks
548309,1,false,17,110,b57f8a9a,bowled,808f425a,true,rr,pbks
548309,1,false,19,124,29e95537,bowled,808f425a,true,rr,pbks
548309,2,false,4,27,2b6e6dec,caught,5b040b81,true,pbks,rr
548309,2,false,5,37,25eeb281,caught,557153ca,true,pbks,rr
548309,2,false,7,46,508a1ea7,caught,557153ca,true,pbks,rr
548309,2,false,7,50,a45a5e8d,caught,557153ca,true,pbks,rr
548309,2,false,11,70,fd835ab3,caught,3d7e087f,true,pbks,rr
548309,2,false,15,96,c18496e1,caught,29d72eb2,true,pbks,rr
548309,2,false,15,98,c3a96caf,bowled,29d72eb2,true,pbks,rr
548309,2,false,18,112,98ae73b1,bowled,557153ca,true,pbks,rr
548309,2,false,19,119,e938e1bc,run out,,false,pbks,rr
548310,1,false,3,25,d4f9dbd4,caught,5bb5a915,true,rcb,dc
548310,1,false,5,37,16043342,caught,5bb5a915,true,rcb,dc
548310,1,false,7,45,ba607b88,caught,2e9fdf9b,true,rcb,dc
548310,1,false,8,50,709b0bac,lbw,b681e71e,true,rcb,dc
548310,1,false,12,75,00ea847a,caught,9d80c5e1,true,rcb,dc
548310,1,false,14,88,d7c6af50,run out,,false,rcb,dc
548310,1,false,19,121,41eb4a4f,caught,2e9fdf9b,true,rcb,dc
548310,1,false,19,122,f986ca1a,bowled,2e9fdf9b,true,rcb,dc
548310,2,false,0,5,8ba8195d,caught,91a4a398,true,dc,rcb
548310,2,false,7,46,890946a0,caught,4ba44e19,true,dc,rcb
548310,2,false,9,60,b8d490fd,lbw,4ba44e19,true,dc,rcb
548310,2,false,11,71,b681e71e,caught,4ba44e19,true,dc,rcb
548310,2,false,13,83,fe763256,caught,16043342,true,dc,rcb
548310,2,false,16,104,662c47a6,caught,d7c6af50,true,dc,rcb
548310,2,false,18,116,5fa06777,run out,,false,dc,rcb
548311,1,false,0,5,4b57e452,bowled,24d94623,true,csk,deccan
548311,1,false,5,34,1dc12ab9,caught and bowled,2a2e6343,true,csk,deccan
548311,1,false,8,50,3355b542,caught,2f3817ce,true,csk,deccan
548311,1,false,12,77,3576e47e,caught,2a2e6343,true,csk,deccan
548311,1,false,14,93,4a8a2e3b,caught,8fd1a8f5,true,csk,deccan
548311,1,false,17,108,fe93fd9d,hit wicket,8fd1a8f5,true,csk,deccan
548311,2,false,3,27,39f82db3,caught,45c2196c,true,deccan,csk
548311,2,false,6,41,0a476045,caught,1dc12ab9,true,deccan,csk
548311,2,false,10,66,b5da6c24,bowled,fe93fd9d,true,deccan,csk
548311,2,false,11,72,d0513f63,caught,c8179c68,true,deccan,csk
548311,2,false,12,78,5451a2c1,bowled,fe93fd9d,true,deccan,csk
548311,2,false,13,86,2a2e6343,caught,c8179c68,true,deccan,csk
548311,2,false,14,88,ae78bc32,caught,fe93fd9d,true,deccan,csk
548311,2,false,14,90,b720a5d6,stumped,fe93fd9d,true,deccan,csk
548311,2,false,16,105,8fd1a8f5,lbw,fe93fd9d,true,deccan,csk
548311,2,false,17,106,24d94623,caught,45c2196c,true,deccan,csk
548312,1,false,1,9,29e95537,run out,,false,rr,kkr
548312,1,false,6,41,0184dc35,run out,,false,rr,kkr
548312,1,false,8,54,541f85c9,bowled,33a364a6,true,rr,kkr
548312,1,false,16,99,b57f8a9a,caught,dd09ff8e,true,rr,kkr
548312,1,false,18,114,8291f939,bowled,dd09ff8e,true,rr,kkr
548312,2,false,1,12,86dc8f2e,caught,5b040b81,true,kkr,rr
548312,2,false,1,13,bb345e0b,caught,5b040b81,true,kkr,rr
548312,2,false,2,14,b8a55852,lbw,29d72eb2,true,kkr,rr
548312,2,false,5,35,7050a1e7,bowled,557153ca,true,kkr,rr
548312,2,false,10,65,3c6ffae8,caught,3d7e087f,true,kkr,rr
548312,2,false,12,77,33a364a6,caught and bowled,3d7e087f,true,kkr,rr
548312,2,false,14,92,b1451597,caught,29d72eb2,true,kkr,rr
548312,2,false,18,115,dd09ff8e,bowled,557153ca,true,kkr,rr
548312,2,false,18,116,9d430b40,bowled,557153ca,true,kkr,rr
548312,2,false,19,125,26e5cabf,bowled,7c503806,true,kkr,rr
548313,1,false,3,24,725529bc,caught,3edb58fc,true,pwi,pbks
548313,1,false,4,30,91ffa6c6,run out,,false,pwi,pbks
548313,1,false,14,92,f846de6a,bowled,2a72fd4f,true,pwi,pbks
548313,1,false,16,101,9b4935c8,caught and bowled,2a72fd4f,true,pwi,pbks
548313,1,false,18,112,1c17e270,bowled,2a72fd4f,true,pwi,pbks
548313,1,false,19,122,30a45b23,bowled,808f425a,true,pwi,pbks
548313,2,false,2,13,25eeb281,run out,,false,pbks,pwi
548313,2,false,3,20,2b6e6dec,run out,,false,pbks,pwi
548313,2,false,9,60,c3a96caf,caught,91ffa6c6,true,pbks,pwi
548313,2,false,12,80,a45a5e8d,caught,96fd40ae,true,pbks,pwi
548313,2,false,13,87,fd835ab3,bowled,5d9a1a73,true,pbks,pwi
548313,2,false,15,94,98ae73b1,caught,5d9a1a73,true,pbks,pwi
548313,2,false,16,103,3edb58fc,caught,f846de6a,true,pbks,pwi
548313,2,false,18,118,808f425a,caught,66b30f71,true,pbks,pwi
548314,1,false,1,10,b5da6c24,caught,f0f628c7,true,deccan,mi
548314,1,false,3,19,5451a2c1,caught,f0f628c7,true,deccan,mi
548314,1,false,6,42,0a476045,caught,a12e1d51,true,deccan,mi
548314,1,false,12,76,6b71e6cf,bowled,f0f628c7,true,deccan,mi
548314,1,false,17,110,2a2e6343,caught,f0f628c7,true,deccan,mi
548314,1,false,18,112,b720a5d6,bowled,a12e1d51,true,deccan,mi
548314,1,false,18,114,6b19d823,caught,a12e1d51,true,deccan,mi
548314,1,false,19,120,8fd1a8f5,bowled,a757b0d8,true,deccan,mi
548314,1,false,19,123,24d94623,caught,a757b0d8,true,deccan,mi
548314,2,false,1,11,aaa1b522,caught and bowled,8fd1a8f5,true,mi,deccan
548314,2,false,3,24,18c78b11,bowled,8fd1a8f5,true,mi,deccan
548314,2,false,11,68,70d205c9,caught,6b19d823,true,mi,deccan
548314,2,false,16,98,a757b0d8,caught,2a2e6343,true,mi,deccan
548314,2,false,18,113,c03f1114,bowled,8fd1a8f5,true,mi,deccan
548315,1,false,6,38,86dc8f2e,caught,d7c6af50,true,kkr,rcb
548315,1,false,13,81,5afd4539,stumped,4ba44e19,true,kkr,rcb
548315,1,false,14,85,3c6ffae8,caught,41eb4a4f,true,kkr,rcb
548315,1,false,16,98,bb345e0b,caught,91a4a398,true,kkr,rcb
548315,1,false,16,101,26e5cabf,caught,91a4a398,true,kkr,rcb
548315,1,false,17,104,4ec07775,caught,4ba44e19,true,kkr,rcb
548315,1,false,18,113,7dc35884,caught,41eb4a4f,true,kkr,rcb
548315,1,false,19,119,b1451597,caught,f986ca1a,true,kkr,rcb
548315,2,false,1,10,d4f9dbd4,caught,86dc8f2e,true,rcb,kkr
548315,2,false,3,21,db584dad,caught,86dc8f2e,true,rcb,kkr
548315,2,false,5,35,ba607b88,caught,b2b50355,true,rcb,kkr
548315,2,false,7,44,c4487b84,bowled,b2b50355,true,rcb,kkr
548315,2,false,9,55,00ea847a,caught,b2b50355,true,rcb,kkr
548315,2,false,11,72,d7c6af50,bowled,b2b50355,true,rcb,kkr
548315,2,false,14,89,709b0bac,caught,4ec07775,true,rcb,kkr
548315,2,false,17,114,f986ca1a,bowled,7dc35884,true,rcb,kkr
548315,2,false,19,127,41eb4a4f,caught,7dc35884,true,rcb,kkr
548316,1,false,0,1,4b57e452,run out,,false,csk,dc
548316,1,false,3,20,3355b542,caught,5bb5a915,true,csk,dc
548316,1,false,6,43,1dc12ab9,run out,,false,csk,dc
548316,1,false,9,62,3576e47e,run out,,false,csk,dc
548316,1,false,10,66,fe93fd9d,caught,5fa06777,true,csk,dc
548316,1,false,17,107,4a8a2e3b,caught,5bb5a915,true,csk,dc
548316,1,false,18,116,87e562a9,bowled,cc1e8c68,true,csk,dc
548316,1,false,19,121,495d42a5,run out,,false,csk,dc
548316,2,false,3,22,890946a0,run out,,false,dc,csk
548316,2,false,5,36,8ba8195d,caught,495d42a5,true,dc,csk
548317,1,false,3,21,aaa1b522,caught,5b040b81,true,mi,rr
548317,1,false,6,41,740742ef,bowled,f708a0bc,true,mi,rr
548317,1,false,8,50,18c78b11,bowled,f708a0bc,true,mi,rr
548317,1,false,16,102,a757b0d8,caught,29d72eb2,true,mi,rr
548317,1,false,17,106,c03f1114,caught,557153ca,true,mi,rr
548317,1,false,18,112,cf73ad76,caught,5b040b81,true,mi,rr
548317,2,false,1,9,0184dc35,caught,f0f628c7,true,rr,mi
548317,2,false,1,10,541f85c9,caught,f0f628c7,true,rr,mi
548317,2,false,11,68,29e95537,caught,a757b0d8,true,rr,mi
548317,2,false,14,86,7bf96684,bowled,a12e1d51,true,rr,mi
548317,2,false,14,89,7c503806,caught,a12e1d51,true,rr,mi
548317,2,false,16,102,557153ca,bowled,f0f628c7,true,rr,mi
548317,2,false,17,106,8291f939,caught,a757b0d8,true,rr,mi
548317,2,false,17,107,29d72eb2,caught,a757b0d8,true,rr,mi
548317,2,false,17,110,5b040b81,bowled,a757b0d8,true,rr,mi
548317,2,false,19,121,f708a0bc,caught,f0f628c7,true,rr,mi
548318,1,false,5,34,00ea847a,caught,c3d35165,true,rcb,csk
548318,1,false,16,105,db584dad,caught,fe93fd9d,true,rcb,csk
548318,1,false,17,113,c4487b84,caught,c3d35165,true,rcb,csk
548318,1,false,18,124,709b0bac,caught,fe93fd9d,true,rcb,csk
548318,1,false,19,125,ba607b88,caught,45c2196c,true,rcb,csk
548318,1,false,19,126,d4f9dbd4,bowled,45c2196c,true,rcb,csk
548318,1,false,19,128,d7c6af50,run out,,false,rcb,csk
548318,1,false,19,129,7d3720ba,caught,45c2196c,true,rcb,csk
548318,2,false,6,41,4b57e452,caught and bowled,4ba44e19,true,csk,rcb
548318,2,false,10,63,1dc12ab9,caught,4ba44e19,true,csk,rcb
548318,2,false,14,87,3355b542,caught,4ba44e19,true,csk,rcb
548318,2,false,17,111,4a8a2e3b,caught,91a4a398,true,csk,rcb
548318,2,false,19,119,c3d35165,caught,41eb4a4f,true,csk,rcb
548319,1,false,2,15,91ffa6c6,run out,,false,pwi,pbks
548319,1,false,5,33,725529bc,caught,3edb58fc,true,pwi,pbks
548319,1,false,5,36,f846de6a,bowled,3edb58fc,true,pwi,pbks
548319,1,false,8,54,896d78ad,lbw,2a72fd4f,true,pwi,pbks
548319,1,false,12,77,1c17e270,caught,3edb58fc,true,pwi,pbks
548319,1,false,15,98,30a45b23,bowled,98ae73b1,true,pwi,pbks
548319,1,false,16,103,93b4fc78,caught,2a72fd4f,true,pwi,pbks
548319,1,false,17,108,c42aaf71,bowled,3edb58fc,true,pwi,pbks
548319,1,false,17,111,5d9a1a73,caught,3edb58fc,true,pwi,pbks
548319,1,false,18,119,66b30f71,run out,,false,pwi,pbks
548319,2,false,0,1,25eeb281,bowled,66b30f71,true,pbks,pwi
548319,2,false,7,48,2b6e6dec,caught,896d78ad,true,pbks,pwi
548319,2,false,11,70,c3a96caf,caught,5d9a1a73,true,pbks,pwi
548320,1,false,6,37,29e95537,caught,7dc35884,true,rr,kkr
548320,1,false,7,47,8291f939,run out,,false,rr,kkr
548320,1,false,8,50,0184dc35,caught,7dc35884,true,rr,kkr
548320,1,false,16,102,541f85c9,caught,7dc35884,true,rr,kkr
548320,1,false,18,113,7bf96684,stumped,9d430b40,true,rr,kkr
548320,2,false,3,25,bb345e0b,run out,,false,kkr,rr
548320,2,false,10,68,86dc8f2e,lbw,7c503806,true,kkr,rr
548320,2,false,14,93,5afd4539,caught,8291f939,true,kkr,rr
548320,2,false,16,103,26e5cabf,stumped,f708a0bc,true,kkr,rr
548320,2,false,18,117,7dc35884,caught,5b040b81,true,kkr,rr
548321,1,false,2,14,6b71e6cf,caught,5bb5a915,true,deccan,dc
548321,1,false,9,57,0a476045,lbw,9d80c5e1,true,deccan,dc
548321,1,false,11,76,b5da6c24,caught,9d80c5e1,true,deccan,dc
548321,1,false,13,86,2e8994e7,caught,9d80c5e1,true,deccan,dc
548321,1,false,16,101,2a2e6343,caught,cc1e8c68,true,deccan,dc
548321,1,false,17,109,2815fe50,caught,5bb5a915,true,deccan,dc
548321,1,false,17,112,8fd1a8f5,caught,5bb5a915,true,deccan,dc
548321,1,false,19,125,6b19d823,run out,,false,deccan,dc
548321,2,false,0,5,890946a0,caught,d718440b,true,dc,deccan
548321,2,false,3,20,8ba8195d,caught,8fd1a8f5,true,dc,deccan
548321,2,false,4,28,d18f9182,caught,2a2e6343,true,dc,deccan
548321,2,false,9,60,b61a3e1a,run out,,false,dc,deccan
548321,2,false,14,92,5fa06777,caught,8fd1a8f5,true,dc,deccan
548322,1,false,6,37,4b57e452,caught,896d78ad,true,csk,pwi
548322,1,false,9,56,3355b542,stumped,5d9a1a73,true,csk,pwi
548322,1,false,11,72,1dc12ab9,caught,5d9a1a73,true,csk,pwi
548322,1,false,18,118,4a8a2e3b,caught,66b30f71,true,csk,pwi
548322,1,false,19,120,fe93fd9d,caught,96fd40ae,true,csk,pwi
548322,2,false,2,19,1c17e270,run out,,false,pwi,csk
548322,2,false,8,52,725529bc,run out,,false,pwi,csk
548322,2,false,12,78,f846de6a,bowled,93a17209,true,pwi,csk
548323,1,false,2,17,2b6e6dec,caught,9d430b40,true,pbks,kkr
548323,1,false,4,27,508a1ea7,bowled,9d430b40,true,pbks,kkr
548323,1,false,11,73,c3a96caf,caught,7dc35884,true,pbks,kkr
548323,1,false,14,86,fd835ab3,run out,,false,pbks,kkr
548323,1,false,16,100,2728e7e9,caught,33a364a6,true,pbks,kkr
548323,1,false,16,102,3edb58fc,caught,33a364a6,true,pbks,kkr
548323,1,false,17,108,c18496e1,caught,9d430b40,true,pbks,kkr
548323,1,false,17,109,e938e1bc,bowled,9d430b40,true,pbks,kkr
548323,1,false,19,119,2a72fd4f,caught,9d430b40,true,pbks,kkr
548323,2,false,1,12,86dc8f2e,caught,dc4686e6,true,kkr,pbks
548323,2,false,3,22,bb345e0b,caught and bowled,3edb58fc,true,kkr,pbks
548323,2,false,11,70,26e5cabf,lbw,dc4686e6,true,kkr,pbks
548323,2,false,12,75,5afd4539,bowled,98ae73b1,true,kkr,pbks
548323,2,false,12,78,3c6ffae8,bowled,98ae73b1,true,kkr,pbks
548323,2,false,14,90,7dc35884,caught and bowled,98ae73b1,true,kkr,pbks
548323,2,false,19,119,4ec07775,bowled,2a72fd4f,true,kkr,pbks
548324,1,false,10,62,0184dc35,stumped,d7c6af50,true,rr,rcb
548324,1,false,18,113,7bf96684,caught,91a4a398,true,rr,rcb
548324,2,false,4,28,00ea847a,caught,e32d22f6,true,rcb,rr
548324,2,false,4,30,db584dad,bowled,e32d22f6,true,rcb,rr
548324,2,false,8,53,c4487b84,bowled,3d7e087f,true,rcb,rr
548324,2,false,10,64,ba607b88,bowled,3d7e087f,true,rcb,rr
548324,2,false,14,86,709b0bac,bowled,3d7e087f,true,rcb,rr
548324,2,false,14,89,d7c6af50,bowled,3d7e087f,true,rcb,rr
548324,2,false,15,95,d84378a4,caught,7c503806,true,rcb,rr
548324,2,false,16,102,41eb4a4f,bowled,5b040b81,true,rcb,rr
548324,2,false,17,105,91a4a398,caught,f708a0bc,true,rcb,rr
548324,2,false,19,120,4ba44e19,caught,5b040b81,true,rcb,rr
548325,1,false,1,11,a84468fe,bowled,9d80c5e1,true,mi,dc
548325,1,false,3,19,18c78b11,bowled,9d80c5e1,true,mi,dc
548325,1,false,7,44,70d205c9,run out,,false,mi,dc
548325,1,false,8,53,a757b0d8,caught,cc1e8c68,true,mi,dc
548325,1,false,9,59,740742ef,caught,fa463154,true,mi,dc
548325,1,false,10,64,c03f1114,caught,cc1e8c68,true,mi,dc
548325,1,false,14,91,94eac556,caught,5fa06777,true,mi,dc
548325,1,false,15,97,c3d1402f,bowled,5bb5a915,true,mi,dc
548325,1,false,17,111,8b5b6769,caught,5bb5a915,true,mi,dc
548325,1,false,19,120,6c6591ab,bowled,fa463154,true,mi,dc
548325,2,false,5,34,890946a0,caught,c3d1402f,true,dc,mi
548325,2,false,7,51,39f01cdb,caught,c3d1402f,true,dc,mi
548325,2,false,12,76,8ba8195d,caught,6c6591ab,true,dc,mi
548326,1,false,10,68,6b71e6cf,caught,b57f8a9a,true,deccan,rr
548326,1,false,13,83,0a476045,caught,3d7e087f,true,deccan,rr
548326,2,false,5,38,0184dc35,bowled,2a2e6343,true,rr,deccan
548326,2,false,11,75,8291f939,caught,6b19d823,true,rr,deccan
548326,2,false,13,85,29e95537,caught,6b19d823,true,rr,deccan
548326,2,false,15,97,7bf96684,caught,6b19d823,true,rr,deccan
548326,2,false,18,114,7c503806,caught,d2340a43,true,rr,deccan
548327,1,false,6,44,91ffa6c6,caught,f986ca1a,true,pwi,rcb
548327,1,false,11,74,725529bc,caught,41eb4a4f,true,pwi,rcb
548327,1,false,12,81,1c17e270,caught,d7c6af50,true,pwi,rcb
548327,1,false,17,110,30a45b23,run out,,false,pwi,rcb
548327,1,false,18,114,f846de6a,run out,,false,pwi,rcb
548327,1,false,19,122,896d78ad,caught,41eb4a4f,true,pwi,rcb
548327,2,false,2,16,5bdcdb72,caught,66b30f71,true,rcb,pwi
548327,2,false,5,39,00ea847a,caught,f846de6a,true,rcb,pwi
548327,2,false,11,74,ba607b88,caught,896d78ad,true,rcb,pwi
548327,2,false,15,98,db584dad,bowled,96fd40ae,true,rcb,pwi
548328,1,false,2,19,25eeb281,caught,dd09ff8e,true,pbks,kkr
548328,1,false,9,58,c3a96caf,caught,b2b50355,true,pbks,kkr
548328,1,false,13,85,508a1ea7,caught,dd09ff8e,true,pbks,kkr
548328,1,false,14,87,fd835ab3,run out,,false,pbks,kkr
548328,1,false,16,102,3edb58fc,caught,33a364a6,true,pbks,kkr
548328,1,false,17,105,2728e7e9,caught,9d430b40,true,pbks,kkr
548328,1,false,19,122,98ae73b1,bowled,9d430b40,true,pbks,kkr
548328,2,false,5,35,b8a55852,caught,98ae73b1,true,kkr,pbks
548328,2,false,9,60,5afd4539,bowled,98ae73b1,true,kkr,pbks
548329,1,false,4,29,39f82db3,caught,5bb5a915,true,deccan,dc
548329,1,false,5,35,6b71e6cf,caught,0a3d54b9,true,deccan,dc
548329,1,false,17,105,0a476045,run out,,false,deccan,dc
548329,1,false,19,119,d0513f63,caught,0a3d54b9,true,deccan,dc
548329,2,false,0,2,8ba8195d,caught,0a476045,true,dc,deccan
548330,1,false,15,94,3355b542,caught,f846de6a,true,csk,pwi
548330,1,false,15,96,3576e47e,caught,f846de6a,true,csk,pwi
548330,1,false,16,100,1dc12ab9,caught,96fd40ae,true,csk,pwi
548330,1,false,18,114,87e562a9,caught,96fd40ae,true,csk,pwi
548330,1,false,19,121,fe93fd9d,caught,f846de6a,true,csk,pwi
548330,2,false,1,8,1c17e270,caught,469ea22b,true,pwi,csk
548330,2,false,3,22,91ffa6c6,caught,469ea22b,true,pwi,csk
548330,2,false,6,37,93b4fc78,caught,87e562a9,true,pwi,csk
548330,2,false,9,58,725529bc,caught,c8179c68,true,pwi,csk
548330,2,false,13,81,f846de6a,caught,495d42a5,true,pwi,csk
548330,2,false,18,113,30a45b23,caught,45c2196c,true,pwi,csk
548330,2,false,19,118,896d78ad,bowled,87e562a9,true,pwi,csk
548331,1,false,2,16,addbde6c,bowled,91a4a398,true,pbks,rcb
548331,1,false,4,30,25eeb281,caught,91a4a398,true,pbks,rcb
548331,1,false,8,49,508a1ea7,bowled,16043342,true,pbks,rcb
548331,1,false,13,86,d67d5f00,caught,16043342,true,pbks,rcb
548331,1,false,14,93,fd835ab3,bowled,f986ca1a,true,pbks,rcb
548331,1,false,19,118,c3a96caf,caught,41eb4a4f,true,pbks,rcb
548331,2,false,1,9,00ea847a,lbw,1a0c3177,true,rcb,pbks
548331,2,false,1,13,ba607b88,caught,1a0c3177,true,rcb,pbks
548331,2,false,5,33,709b0bac,caught,1a0c3177,true,rcb,pbks
548331,2,false,17,114,db584dad,caught,1a0c3177,true,rcb,pbks
548331,2,false,18,119,c4487b84,lbw,98ae73b1,true,rcb,pbks
548332,1,false,4,29,29e95537,caught,495d42a5,true,rr,csk
548332,1,false,7,49,0184dc35,caught,c8179c68,true,rr,csk
548332,1,false,18,116,8291f939,caught,45c2196c,true,rr,csk
548332,1,false,19,123,7bf96684,caught,469ea22b,true,rr,csk
548332,2,false,7,45,3576e47e,stumped,f708a0bc,true,csk,rr
548332,2,false,16,98,3355b542,caught,557153ca,true,csk,rr
548332,2,false,16,100,1dc12ab9,caught,557153ca,true,csk,rr
548333,1,false,3,24,1c17e270,caught,5bb5a915,true,pwi,dc
548333,1,false,14,95,725529bc,caught,5bb5a915,true,pwi,dc
548333,1,false,19,128,91ffa6c6,bowled,5bb5a915,true,pwi,dc
548333,2,false,2,13,d18f9182,caught,b552a935,true,dc,pwi
548333,2,false,9,55,39f01cdb,bowled,725529bc,true,dc,pwi
548333,2,false,11,73,5fa06777,caught,725529bc,true,dc,pwi
548333,2,false,12,76,8ba8195d,caught and bowled,abfeb126,true,dc,pwi
548333,2,false,13,85,f62772e5,run out,,false,dc,pwi
548333,2,false,17,106,b61a3e1a,caught,b552a935,true,dc,pwi
548333,2,false,19,117,662c47a6,caught,b552a935,true,dc,pwi
548334,1,false,8,50,d2c2b2d5,run out,,false,mi,pbks
548334,1,false,9,57,740742ef,caught,1a0c3177,true,mi,pbks
548334,1,false,15,93,c03f1114,run out,,false,mi,pbks
548334,1,false,17,107,a757b0d8,caught,1a0c3177,true,mi,pbks
548334,1,false,18,112,cf73ad76,caught,e938e1bc,true,mi,pbks
548334,1,false,18,113,8b5b6769,caught,e938e1bc,true,mi,pbks
548334,2,false,6,38,addbde6c,lbw,6c6591ab,true,pbks,mi
548334,2,false,8,54,c3a96caf,caught,a757b0d8,true,pbks,mi
548334,2,false,15,93,fd835ab3,caught,a757b0d8,true,pbks,mi
548334,2,false,17,108,9a158001,caught,6c6591ab,true,pbks,mi
548335,1,false,5,35,6b71e6cf,bowled,b2b50355,true,deccan,kkr
548335,1,false,11,70,b5da6c24,run out,,false,deccan,kkr
548335,1,false,14,86,d0513f63,caught,dd09ff8e,true,deccan,kkr
548335,1,false,15,95,0a476045,caught,33a364a6,true,deccan,kkr
548335,1,false,17,107,dded65e7,caught,9d430b40,true,deccan,kkr
548335,1,false,18,112,24d94623,caught,b2b50355,true,deccan,kkr
548335,1,false,19,117,8fd1a8f5,caught,9d430b40,true,deccan,kkr
548335,2,false,2,17,b8a55852,lbw,8fd1a8f5,true,kkr,deccan
548335,2,false,6,44,5afd4539,bowled,6b19d823,true,kkr,deccan
548335,2,false,9,63,bb345e0b,caught,d2340a43,true,kkr,deccan
548335,2,false,10,69,3c6ffae8,bowled,24d94623,true,kkr,deccan
548335,2,false,16,103,86dc8f2e,caught,8fd1a8f5,true,kkr,deccan
548336,1,false,3,22,ba607b88,caught,e32d22f6,true,rcb,rr
548336,1,false,9,58,00ea847a,caught,f708a0bc,true,rcb,rr
548336,1,false,11,70,db584dad,lbw,f708a0bc,true,rcb,rr
548336,2,false,7,46,29e95537,caught,d92e42f5,true,rr,rcb
548336,2,false,11,69,7bf96684,stumped,d92e42f5,true,rr,rcb
548336,2,false,11,74,541f85c9,caught,d92e42f5,true,rr,rcb
548336,2,false,13,82,0184dc35,caught,d92e42f5,true,rr,rcb
548336,2,false,14,92,b57f8a9a,caught,f986ca1a,true,rr,rcb
548336,2,false,16,105,557153ca,caught,91a4a398,true,rr,rcb
548336,2,false,19,124,f708a0bc,caught,f986ca1a,true,rr,rcb
548337,1,false,0,2,91ffa6c6,bowled,5fa06777,true,pwi,dc
548337,1,false,1,8,725529bc,caught,5bb5a915,true,pwi,dc
548337,2,false,2,18,d18f9182,run out,,false,dc,pwi
548337,2,false,11,68,39f01cdb,caught,5d9a1a73,true,dc,pwi
548339,1,false,5,33,c3a96caf,caught,c3d1402f,true,pbks,mi
548339,1,false,7,47,addbde6c,caught,94eac556,true,pbks,mi
548339,1,false,12,80,508a1ea7,caught,cf73ad76,true,pbks,mi
548339,2,false,7,48,cf73ad76,caught,9a158001,true,mi,pbks
548339,2,false,9,56,d2c2b2d5,caught,9a158001,true,mi,pbks
548339,2,false,10,66,c03f1114,caught,98ae73b1,true,mi,pbks
548339,2,false,13,84,a757b0d8,caught,1a0c3177,true,mi,pbks
548339,2,false,17,108,740742ef,caught,1a0c3177,true,mi,pbks
548339,2,false,17,110,8b5b6769,caught,1a0c3177,true,mi,pbks
548341,1,false,3,24,0a476045,run out,,false,deccan,pwi
548341,1,false,5,36,b5da6c24,caught,2e81a32d,true,deccan,pwi
548341,1,false,11,68,6b71e6cf,bowled,5d9a1a73,true,deccan,pwi
548341,1,false,17,106,d0513f63,caught,f846de6a,true,deccan,pwi
548341,2,false,2,15,91ffa6c6,caught,24d94623,true,pwi,deccan
548341,2,false,5,34,93b4fc78,bowled,dec8e038,true,pwi,deccan
548341,2,false,9,62,725529bc,caught,ae78bc32,true,pwi,deccan
548341,2,false,13,82,1c17e270,bowled,1c2a64cd,true,pwi,deccan
548341,2,false,13,87,f846de6a,caught,1c2a64cd,true,pwi,deccan
548341,2,false,16,106,30a45b23,caught,dec8e038,true,pwi,deccan
548341,2,false,19,122,b552a935,run out,,false,pwi,deccan
548342,1,false,13,83,d18f9182,caught,26ff4c29,true,dc,mi
548342,1,false,15,96,8ba8195d,caught,26ff4c29,true,dc,mi
548342,1,false,15,98,5fa06777,caught,26ff4c29,true,dc,mi
548342,1,false,18,114,b61a3e1a,lbw,a12e1d51,true,dc,mi
548342,1,false,18,115,662c47a6,lbw,a12e1d51,true,dc,mi
548342,2,false,0,3,1efb8a28,caught,5fa06777,true,mi,dc
548342,2,false,2,15,d2c2b2d5,caught,5bb5a915,true,mi,dc
548342,2,false,3,19,740742ef,caught,5fa06777,true,mi,dc
548342,2,false,12,79,c03f1114,bowled,fa463154,true,mi,dc
548342,2,false,15,93,70d205c9,caught,9d80c5e1,true,mi,dc
548342,2,false,15,94,a757b0d8,bowled,9d80c5e1,true,mi,dc
548342,2,false,16,100,26ff4c29,run out,,false,mi,dc
548342,2,false,19,121,8b5b6769,caught,cc1e8c68,true,mi,dc
548342,2,false,19,124,a12e1d51,bowled,cc1e8c68,true,mi,dc
548343,1,false,8,53,508a1ea7,run out,,false,pbks,csk
548343,1,false,11,77,9a158001,lbw,87e562a9,true,pbks,csk
548343,1,false,15,100,d67d5f00,caught,c3d35165,true,pbks,csk
548343,1,false,16,106,c3a96caf,caught,87e562a9,true,pbks,csk
548343,1,false,17,109,fd835ab3,caught,c3d35165,true,pbks,csk
548343,1,false,17,111,98ae73b1,caught,c3d35165,true,pbks,csk
548343,1,false,18,117,c18496e1,run out,,false,pbks,csk
548343,1,false,19,124,addbde6c,caught and bowled,469ea22b,true,pbks,csk
548343,2,false,5,33,3355b542,caught and bowled,9a158001,true,csk,pbks
548343,2,false,7,46,3576e47e,caught,9a158001,true,csk,pbks
548343,2,false,10,62,1dc12ab9,stumped,98ae73b1,true,csk,pbks
548343,2,false,12,77,fe11caa6,bowled,fd835ab3,true,csk,pbks
548343,2,false,13,81,4a8a2e3b,run out,,false,csk,pbks
548343,2,false,14,89,fe93fd9d,caught,98ae73b1,true,csk,pbks
548343,2,false,18,116,87e562a9,caught,e938e1bc,true,csk,pbks
548343,2,false,19,118,c3d35165,caught,9a158001,true,csk,pbks
548344,1,false,10,66,b8a55852,bowled,d7c6af50,true,kkr,rcb
548344,1,false,18,116,bb345e0b,caught,91a4a398,true,kkr,rcb
548344,1,false,19,120,86dc8f2e,caught,41eb4a4f,true,kkr,rcb
548344,1,false,19,124,3c6ffae8,caught,41eb4a4f,true,kkr,rcb
548344,2,false,0,6,5bdcdb72,caught,3c6ffae8,true,rcb,kkr
548344,2,false,5,33,ba607b88,lbw,86dc8f2e,true,rcb,kkr
548344,2,false,5,34,c4487b84,caught,86dc8f2e,true,rcb,kkr
548344,2,false,12,80,709b0bac,caught,33a364a6,true,rcb,kkr
548344,2,false,17,107,00ea847a,bowled,9d430b40,true,rcb,kkr
548344,2,false,19,122,db584dad,caught,b1451597,true,rcb,kkr
548345,1,false,1,12,d18f9182,caught,e32d22f6,true,dc,rr
548345,1,false,2,18,39f01cdb,caught,29d72eb2,true,dc,rr
548345,1,false,13,81,8ba8195d,caught,f708a0bc,true,dc,rr
548345,1,false,14,89,b61a3e1a,bowled,e32d22f6,true,dc,rr
548345,1,false,17,110,890946a0,caught,5b040b81,true,dc,rr
548345,1,false,19,122,662c47a6,caught,5b040b81,true,dc,rr
548345,2,false,13,87,0184dc35,caught,5fa06777,true,rr,dc
548345,2,false,18,118,b57f8a9a,lbw,5bb5a915,true,rr,dc
548345,2,false,19,124,7bf96684,run out,,false,rr,dc
548346,1,false,5,33,b5da6c24,caught,c3d1402f,true,deccan,mi
548346,1,false,7,44,dded65e7,caught,8b5b6769,true,deccan,mi
548346,1,false,8,50,d0513f63,caught,a12e1d51,true,deccan,mi
548346,1,false,11,69,0a476045,stumped,8b5b6769,true,deccan,mi
548346,1,false,12,75,2a2e6343,caught,cf73ad76,true,deccan,mi
548346,1,false,12,80,5451a2c1,caught,cf73ad76,true,deccan,mi
548346,1,false,15,94,1c2a64cd,caught,f0f628c7,true,deccan,mi
548346,1,false,16,104,6b19d823,caught,a12e1d51,true,deccan,mi
548346,1,false,18,114,8fd1a8f5,caught and bowled,a12e1d51,true,deccan,mi
548346,1,false,18,115,d718440b,caught,a12e1d51,true,deccan,mi
548346,2,false,0,1,18c78b11,bowled,8fd1a8f5,true,mi,deccan
548346,2,false,5,38,d2c2b2d5,caught,d718440b,true,mi,deccan
548346,2,false,8,55,c03f1114,caught,8fd1a8f5,true,mi,deccan
548346,2,false,13,90,740742ef,caught,2e8994e7,true,mi,deccan
548346,2,false,16,103,cf73ad76,caught,1c2a64cd,true,mi,deccan
548347,1,false,1,10,3355b542,caught,dd09ff8e,true,csk,kkr
548347,1,false,4,31,48fd7349,run out,,false,csk,kkr
548347,1,false,10,64,87e562a9,caught,86dc8f2e,true,csk,kkr
548347,1,false,12,81,1dc12ab9,caught,86dc8f2e,true,csk,kkr
548347,1,false,17,111,fe93fd9d,caught,9d430b40,true,csk,kkr
548347,2,false,2,18,b8a55852,caught,495d42a5,true,kkr,csk
548347,2,false,12,84,86dc8f2e,caught,87e562a9,true,kkr,csk
548347,2,false,16,106,26e5cabf,caught,c3d35165,true,kkr,csk
548347,2,false,18,118,bb345e0b,lbw,87e562a9,true,kkr,csk
548347,2,false,19,126,3c6ffae8,caught,495d42a5,true,kkr,csk
548348,1,false,0,1,b5da6c24,bowled,f846de6a,true,deccan,pwi
548348,1,false,4,28,0a476045,bowled,2e81a32d,true,deccan,pwi
548348,1,false,18,115,6b71e6cf,bowled,96fd40ae,true,deccan,pwi
548348,1,false,19,116,d0513f63,caught,3a60e0b5,true,deccan,pwi
548348,2,false,0,1,93b4fc78,caught,24d94623,true,pwi,deccan
548348,2,false,11,73,f842c2cf,run out,,false,pwi,deccan
548348,2,false,12,79,725529bc,caught,0a476045,true,pwi,deccan
548348,2,false,18,118,1c17e270,caught,1c2a64cd,true,pwi,deccan
548348,2,false,19,124,c42aaf71,caught,d718440b,true,pwi,deccan
548349,1,false,8,54,29e95537,caught,f62772e5,true,rr,dc
548349,1,false,10,67,4329fbb5,bowled,f62772e5,true,rr,dc
548349,1,false,11,72,7bf96684,caught,cc1e8c68,true,rr,dc
548349,1,false,12,76,b57f8a9a,caught,f62772e5,true,rr,dc
548349,1,false,12,80,8291f939,caught,f62772e5,true,rr,dc
548349,1,false,18,112,0184dc35,bowled,5bb5a915,true,rr,dc
548349,2,false,0,3,d18f9182,lbw,29d72eb2,true,dc,rr
548349,2,false,10,62,39f01cdb,caught,4329fbb5,true,dc,rr
548349,2,false,11,71,b61a3e1a,caught,f708a0bc,true,dc,rr
548349,2,false,14,89,8ba8195d,caught,f708a0bc,true,dc,rr
548350,1,false,1,9,00ea847a,bowled,12eddf28,true,rcb,pbks
548350,1,false,15,94,db584dad,caught,9a158001,true,rcb,pbks
548350,1,false,16,102,ba607b88,bowled,98ae73b1,true,rcb,pbks
548350,1,false,19,118,16043342,caught,9a158001,true,rcb,pbks
548350,1,false,19,120,c4487b84,caught,9a158001,true,rcb,pbks
548350,2,false,4,29,508a1ea7,bowled,16043342,true,pbks,rcb
548350,2,false,8,54,c3a96caf,lbw,d92e42f5,true,pbks,rcb
548350,2,false,16,99,addbde6c,caught,16043342,true,pbks,rcb
548350,2,false,17,107,9a158001,run out,,false,pbks,rcb
548350,2,false,18,113,fd835ab3,run out,,false,pbks,rcb
548350,2,false,18,114,a45a5e8d,run out,,false,pbks,rcb
548351,1,false,7,47,cf73ad76,caught,2e81a32d,true,mi,pwi
548351,1,false,8,55,740742ef,run out,,false,mi,pwi
548351,1,false,11,74,d2c2b2d5,caught,96fd40ae,true,mi,pwi
548351,1,false,13,83,26ff4c29,caught,96fd40ae,true,mi,pwi
548351,1,false,14,91,70d205c9,bowled,2e81a32d,true,mi,pwi
548351,1,false,15,98,0f12f9df,run out,,false,mi,pwi
548351,1,false,16,99,8b5b6769,caught,66b30f71,true,mi,pwi
548351,1,false,19,121,a12e1d51,run out,,false,mi,pwi
548351,1,false,19,123,6c6591ab,run out,,false,mi,pwi
548351,2,false,3,22,1c17e270,lbw,f0f628c7,true,pwi,mi
548351,2,false,6,42,91ffa6c6,caught,8b5b6769,true,pwi,mi
548351,2,false,8,51,f842c2cf,lbw,8b5b6769,true,pwi,mi
548351,2,false,9,60,30a45b23,bowled,6c6591ab,true,pwi,mi
548351,2,false,16,106,725529bc,bowled,a12e1d51,true,pwi,mi
548351,2,false,18,115,3a60e0b5,caught,a12e1d51,true,pwi,mi
548352,1,false,2,14,4b57e452,caught,d718440b,true,csk,deccan
548352,1,false,9,59,1dc12ab9,caught,6b19d823,true,csk,deccan
548352,1,false,13,81,3355b542,caught,d718440b,true,csk,deccan
548352,1,false,14,93,c3d35165,bowled,2815fe50,true,csk,deccan
548352,1,false,18,115,fe93fd9d,caught,1c2a64cd,true,csk,deccan
548352,1,false,19,118,4a8a2e3b,bowled,2a2e6343,true,csk,deccan
548352,2,false,1,10,b5da6c24,bowled,c3d35165,true,deccan,csk
548352,2,false,10,65,0a476045,run out,,false,deccan,csk
548352,2,false,11,73,6b71e6cf,caught and bowled,1dc12ab9,true,deccan,csk
548352,2,false,18,113,d0513f63,run out,,false,deccan,csk
548352,2,false,19,120,1c2a64cd,caught,f3171936,true,deccan,csk
548353,1,false,12,81,bb345e0b,caught,abfeb126,true,kkr,pwi
548353,1,false,13,88,b8a55852,lbw,896d78ad,true,kkr,pwi
548353,1,false,15,99,86dc8f2e,bowled,896d78ad,true,kkr,pwi
548353,1,false,18,118,3c6ffae8,caught,2e81a32d,true,kkr,pwi
548353,1,false,18,123,b1451597,caught,2e81a32d,true,kkr,pwi
548353,2,false,1,7,f842c2cf,bowled,d4eef961,true,pwi,kkr
548353,2,false,3,25,1c17e270,caught,d4eef961,true,pwi,kkr
548353,2,false,6,44,93b4fc78,caught,85aae393,true,pwi,kkr
548353,2,false,7,50,c42aaf71,caught,86dc8f2e,true,pwi,kkr
548353,2,false,8,54,30a45b23,lbw,9d430b40,true,pwi,kkr
548353,2,false,17,112,725529bc,caught,33a364a6,true,pwi,kkr
548353,2,false,18,117,3a60e0b5,run out,,false,pwi,kkr
548353,2,false,19,124,896d78ad,caught,d4eef961,true,pwi,kkr
548354,1,false,1,9,29e95537,caught,12eddf28,true,rr,pbks
548354,1,false,7,49,4329fbb5,caught,98ae73b1,true,rr,pbks
548354,1,false,13,83,0184dc35,caught,12eddf28,true,rr,pbks
548354,1,false,15,99,8291f939,caught,98ae73b1,true,rr,pbks
548354,1,false,19,122,b57f8a9a,caught,12eddf28,true,rr,pbks
548354,1,false,19,124,bd17b45f,caught,12eddf28,true,rr,pbks
548354,2,false,1,9,c3a96caf,caught,4329fbb5,true,pbks,rr
548354,2,false,5,36,addbde6c,caught and bowled,addfb70e,true,pbks,rr
548354,2,false,7,48,fd835ab3,caught,3d7e087f,true,pbks,rr
548354,2,false,8,55,508a1ea7,bowled,7c503806,true,pbks,rr
548354,2,false,14,94,9a158001,bowled,bd17b45f,true,pbks,rr
548354,2,false,16,104,6eb146d2,caught and bowled,7c503806,true,pbks,rr
548354,2,false,17,110,98ae73b1,bowled,4329fbb5,true,pbks,rr
548354,2,false,18,115,12eddf28,caught,addfb70e,true,pbks,rr
548355,1,false,5,34,3355b542,run out,,false,csk,mi
548355,1,false,6,42,4b57e452,bowled,c3d1402f,true,csk,mi
548355,1,false,14,90,1dc12ab9,caught,cf73ad76,true,csk,mi
548355,1,false,17,112,87e562a9,bowled,a12e1d51,true,csk,mi
548355,1,false,18,116,4a8a2e3b,caught,c3d1402f,true,csk,mi
548355,1,false,18,119,c3d35165,bowled,c3d1402f,true,csk,mi
548355,1,false,19,124,fe93fd9d,caught,a12e1d51,true,csk,mi
548355,1,false,19,125,495d42a5,caught,a12e1d51,true,csk,mi
548355,2,false,2,14,cf73ad76,caught,f3171936,true,mi,csk
548355,2,false,15,97,d2c2b2d5,caught,495d42a5,true,mi,csk
548355,2,false,16,104,c03f1114,bowled,87e562a9,true,mi,csk
548355,2,false,17,107,70d205c9,bowled,fe93fd9d,true,mi,csk
548355,2,false,17,110,740742ef,bowled,fe93fd9d,true,mi,csk
548355,2,false,18,114,26ff4c29,run out,,false,mi,csk
548355,2,false,18,117,8b5b6769,caught,87e562a9,true,mi,csk
548355,2,false,19,119,a12e1d51,bowled,f3171936,true,mi,csk
548356,1,false,11,73,39f82db3,run out,,false,deccan,rcb
548356,1,false,19,118,d0513f63,caught and bowled,0c432afb,true,deccan,rcb
548356,2,false,10,66,db584dad,bowled,d2340a43,true,rcb,deccan
548356,2,false,13,81,ba607b88,caught,6b19d823,true,rcb,deccan
548356,2,false,13,85,3ae3f034,caught,6b19d823,true,rcb,deccan
548356,2,false,15,95,5bdcdb72,bowled,d718440b,true,rcb,deccan
548356,2,false,16,106,00ea847a,lbw,1c2a64cd,true,rcb,deccan
548357,1,false,3,21,8ba8195d,lbw,86dc8f2e,true,dc,kkr
548357,1,false,5,34,dcce6f09,caught,86dc8f2e,true,dc,kkr
548357,1,false,12,77,d18f9182,run out,,false,dc,kkr
548357,1,false,14,87,b61a3e1a,caught,9fc0ef64,true,dc,kkr
548357,1,false,16,103,662c47a6,bowled,dd09ff8e,true,dc,kkr
548357,1,false,19,118,890946a0,caught,9d430b40,true,dc,kkr
548357,1,false,19,120,5fa06777,stumped,9d430b40,true,dc,kkr
548357,1,false,19,121,5bb5a915,run out,,false,dc,kkr
548357,1,false,19,123,0a3d54b9,run out,,false,dc,kkr
548357,2,false,6,43,bb345e0b,bowled,0a3d54b9,true,kkr,dc
548357,2,false,15,95,86dc8f2e,caught,cc1e8c68,true,kkr,dc
548357,2,false,15,96,b8a55852,caught,cc1e8c68,true,kkr,dc
548357,2,false,17,110,26e5cabf,caught,5bb5a915,true,kkr,dc
548358,1,false,5,35,725529bc,caught,addfb70e,true,pwi,rr
548358,1,false,6,38,f842c2cf,lbw,bd17b45f,true,pwi,rr
548358,1,false,11,71,f4cb4f53,bowled,7c503806,true,pwi,rr
548358,1,false,12,80,1c17e270,caught,addfb70e,true,pwi,rr
548358,1,false,17,106,896d78ad,run out,,false,pwi,rr
548358,1,false,19,119,c42aaf71,bowled,addfb70e,true,pwi,rr
548358,2,false,1,9,29e95537,caught,2e81a32d,true,rr,pwi
548358,2,false,5,36,0184dc35,caught,3a60e0b5,true,rr,pwi
548358,2,false,13,82,8291f939,caught,f842c2cf,true,rr,pwi
548359,1,false,6,43,508a1ea7,bowled,0a476045,true,pbks,deccan
548359,1,false,7,48,addbde6c,lbw,1c2a64cd,true,pbks,deccan
548359,1,false,11,75,fd835ab3,caught,d718440b,true,pbks,deccan
548359,1,false,15,96,c3a96caf,bowled,1c2a64cd,true,pbks,deccan
548359,1,false,16,105,9a158001,run out,,false,pbks,deccan
548359,2,false,1,11,0a476045,caught,e938e1bc,true,deccan,pbks
548359,2,false,4,30,b5da6c24,bowled,1a0c3177,true,deccan,pbks
548359,2,false,10,63,39f82db3,caught,fd835ab3,true,deccan,pbks
548359,2,false,10,66,d0513f63,caught,fd835ab3,true,deccan,pbks
548359,2,false,11,70,6b71e6cf,caught,e938e1bc,true,deccan,pbks
548359,2,false,16,102,2461eef2,stumped,98ae73b1,true,deccan,pbks
548359,2,false,17,107,2815fe50,run out,,false,deccan,pbks
548359,2,false,18,113,1c2a64cd,caught,1a0c3177,true,deccan,pbks
548360,1,false,1,8,cf73ad76,caught,41eb4a4f,true,mi,rcb
548360,1,false,1,12,740742ef,lbw,41eb4a4f,true,mi,rcb
548360,1,false,8,53,d2c2b2d5,caught and bowled,f986ca1a,true,mi,rcb
548360,1,false,13,86,70d205c9,caught,f986ca1a,true,mi,rcb
548360,1,false,15,96,c03f1114,caught,4ba44e19,true,mi,rcb
548360,1,false,15,97,35205dfc,caught,4ba44e19,true,mi,rcb
548360,2,false,8,51,5bdcdb72,lbw,6c6591ab,true,rcb,mi
548361,1,false,1,12,0184dc35,caught,f3171936,true,rr,csk
548361,1,false,5,35,4329fbb5,caught,f3171936,true,rr,csk
548361,1,false,8,55,29e95537,caught,93a17209,true,rr,csk
548361,1,false,10,67,bd17b45f,caught,93a17209,true,rr,csk
548361,1,false,17,109,7c503806,bowled,fe93fd9d,true,rr,csk
548361,1,false,18,117,b57f8a9a,lbw,495d42a5,true,rr,csk
548361,2,false,0,6,4b57e452,bowled,4329fbb5,true,csk,rr
548361,2,false,5,40,1dc12ab9,caught,e32d22f6,true,csk,rr
548361,2,false,11,72,87e562a9,caught,3d7e087f,true,csk,rr
548361,2,false,12,78,48fd7349,run out,,false,csk,rr
548361,2,false,15,101,4a8a2e3b,caught,3d7e087f,true,csk,rr
548361,2,false,16,103,fe93fd9d,caught,e32d22f6,true,csk,rr
548362,1,false,8,55,db584dad,caught,896d78ad,true,rcb,pwi
548362,1,false,11,73,ba607b88,caught,5d9a1a73,true,rcb,pwi
548362,1,false,17,109,5bdcdb72,run out,,false,rcb,pwi
548362,2,false,0,4,6afb26d6,lbw,91a4a398,true,pwi,rcb
548362,2,false,0,6,93b4fc78,bowled,91a4a398,true,pwi,rcb
548362,2,false,3,23,f842c2cf,caught,41eb4a4f,true,pwi,rcb
548362,2,false,8,51,1c17e270,stumped,4ba44e19,true,pwi,rcb
548362,2,false,11,68,896d78ad,stumped,d92e42f5,true,pwi,rcb
548362,2,false,14,86,f4cb4f53,caught,f986ca1a,true,pwi,rcb
548362,2,false,15,96,2e81a32d,bowled,4ba44e19,true,pwi,rcb
548362,2,false,17,105,b552a935,bowled,41eb4a4f,true,pwi,rcb
548362,2,false,17,109,5d9a1a73,bowled,41eb4a4f,true,pwi,rcb
548363,1,false,2,14,d2c2b2d5,stumped,7dc35884,true,mi,kkr
548363,2,false,0,3,bb345e0b,bowled,f0f628c7,true,kkr,mi
548363,2,false,1,8,5afd4539,caught,6c6591ab,true,kkr,mi
548363,2,false,9,58,26e5cabf,lbw,a757b0d8,true,kkr,mi
548363,2,false,19,121,86dc8f2e,caught,35205dfc,true,kkr,mi
548364,1,false,0,5,8ba8195d,bowled,f3171936,true,dc,csk
548364,1,false,2,13,dcce6f09,caught,f3171936,true,dc,csk
548364,1,false,4,31,890946a0,caught,f3171936,true,dc,csk
548364,1,false,5,33,d18f9182,caught,c3d35165,true,dc,csk
548364,1,false,13,82,fe763256,caught,495d42a5,true,dc,csk
548364,2,false,10,62,48fd7349,caught,5fa06777,true,csk,dc
548365,1,false,4,28,0184dc35,caught,96fd40ae,true,rr,pwi
548365,1,false,14,88,4329fbb5,bowled,96fd40ae,true,rr,pwi
548365,1,false,18,112,b57f8a9a,caught,96fd40ae,true,rr,pwi
548365,1,false,19,118,29e95537,bowled,896d78ad,true,rr,pwi
548365,2,false,0,5,91ffa6c6,caught,99b202b3,true,pwi,rr
548365,2,false,0,6,725529bc,stumped,99b202b3,true,pwi,rr
548365,2,false,2,14,1c17e270,stumped,99b202b3,true,pwi,rr
548365,2,false,4,30,f4cb4f53,caught and bowled,99b202b3,true,pwi,rr
548365,2,false,10,63,9b4935c8,lbw,7c503806,true,pwi,rr
548365,2,false,14,87,30a45b23,caught,7c503806,true,pwi,rr
548365,2,false,16,100,2e81a32d,bowled,addfb70e,true,pwi,rr
548365,2,false,17,106,896d78ad,caught,4329fbb5,true,pwi,rr
548365,2,false,17,110,5d9a1a73,caught,4329fbb5,true,pwi,rr
548366,1,false,5,37,b5da6c24,caught,9a158001,true,deccan,pbks
548366,1,false,6,43,6b71e6cf,caught,1a0c3177,true,deccan,pbks
548366,1,false,16,104,0a476045,caught,e938e1bc,true,deccan,pbks
548366,1,false,19,122,2a2e6343,caught,9a158001,true,deccan,pbks
548366,2,false,2,15,addbde6c,caught,2a2e6343,true,pbks,deccan
548366,2,false,4,29,508a1ea7,caught,2a2e6343,true,pbks,deccan
548366,2,false,7,45,c3a96caf,caught,ae78bc32,true,pbks,deccan
548366,2,false,12,75,9a158001,stumped,6b19d823,true,pbks,deccan
548366,2,false,16,99,facb9086,caught,8fd1a8f5,true,pbks,deccan
548366,2,false,16,102,98ae73b1,caught,8fd1a8f5,true,pbks,deccan
548367,1,false,2,14,db584dad,bowled,f0f628c7,true,rcb,mi
548367,1,false,2,16,ba607b88,run out,,false,rcb,mi
548367,1,false,6,44,709b0bac,hit wicket,8b5b6769,true,rcb,mi
548367,1,false,11,75,c4487b84,caught,a757b0d8,true,rcb,mi
548367,1,false,17,116,5bdcdb72,bowled,c3d1402f,true,rcb,mi
548367,1,false,17,118,41eb4a4f,run out,,false,rcb,mi
548367,2,false,0,6,d2c2b2d5,caught,91a4a398,true,mi,rcb
548367,2,false,1,9,e1d1b294,run out,,false,mi,rcb
548367,2,false,3,24,740742ef,caught and bowled,41eb4a4f,true,mi,rcb
548367,2,false,7,51,c03f1114,caught,4ba44e19,true,mi,rcb
548367,2,false,8,57,35205dfc,caught,f986ca1a,true,mi,rcb
548368,1,false,11,69,b8a55852,run out,,false,kkr,csk
548368,1,false,12,73,bb345e0b,bowled,c8179c68,true,kkr,csk
548368,1,false,14,88,86dc8f2e,caught,c8179c68,true,kkr,csk
548368,1,false,16,102,3c6ffae8,caught,495d42a5,true,kkr,csk
548368,1,false,17,104,26e5cabf,caught,fe93fd9d,true,kkr,csk
548368,1,false,19,118,b1451597,caught,f3171936,true,kkr,csk
548368,2,false,10,63,48fd7349,caught,9d430b40,true,csk,kkr
548368,2,false,10,65,4b57e452,bowled,9d430b40,true,csk,kkr
548368,2,false,13,81,1dc12ab9,run out,,false,csk,kkr
548368,2,false,17,104,3355b542,caught,33a364a6,true,csk,kkr
548368,2,false,19,117,4a8a2e3b,bowled,33a364a6,true,csk,kkr
548369,1,false,3,19,508a1ea7,caught,0a3d54b9,true,pbks,dc
548369,1,false,5,33,c3a96caf,caught,0a3d54b9,true,pbks,dc
548369,1,false,7,44,addbde6c,caught,cc1e8c68,true,pbks,dc
548369,1,false,9,58,d67d5f00,run out,,false,pbks,dc
548369,1,false,11,71,9a158001,caught,cc1e8c68,true,pbks,dc
548369,1,false,12,77,6eb146d2,stumped,f62772e5,true,pbks,dc
548369,1,false,17,103,98ae73b1,caught,cc1e8c68,true,pbks,dc
548369,1,false,18,110,e938e1bc,run out,,false,pbks,dc
548369,2,false,2,14,dcce6f09,caught,e938e1bc,true,dc,pbks
548369,2,false,3,20,8ba8195d,bowled,1a0c3177,true,dc,pbks
548369,2,false,5,33,fe763256,caught,1a0c3177,true,dc,pbks
548369,2,false,5,35,b61a3e1a,caught,1a0c3177,true,dc,pbks
548369,2,false,13,85,890946a0,caught,98ae73b1,true,dc,pbks
548370,1,false,1,8,b8a55852,lbw,c3d1402f,true,kkr,mi
548370,1,false,1,9,86dc8f2e,bowled,c3d1402f,true,kkr,mi
548370,1,false,8,53,bb345e0b,bowled,a757b0d8,true,kkr,mi
548370,1,false,13,84,7dc35884,bowled,35205dfc,true,kkr,mi
548370,1,false,14,89,26e5cabf,caught,f0f628c7,true,kkr,mi
548370,1,false,15,98,7050a1e7,run out,,false,kkr,mi
548370,1,false,18,116,33a364a6,caught,a12e1d51,true,kkr,mi
548370,2,false,5,37,e1d1b294,lbw,85aae393,true,mi,kkr
548370,2,false,10,67,d2c2b2d5,bowled,9d430b40,true,mi,kkr
548370,2,false,12,79,c03f1114,caught,b2b50355,true,mi,kkr
548370,2,false,15,95,70d205c9,stumped,7dc35884,true,mi,kkr
548370,2,false,16,102,a757b0d8,caught,86dc8f2e,true,mi,kkr
548370,2,false,16,103,35205dfc,lbw,86dc8f2e,true,mi,kkr
548370,2,false,17,105,8b5b6769,caught,9d430b40,true,mi,kkr
548370,2,false,17,109,740742ef,caught,9d430b40,true,mi,kkr
548370,2,false,18,116,a12e1d51,caught,b2b50355,true,mi,kkr
548370,2,false,19,117,c3d1402f,caught,9d430b40,true,mi,kkr
548371,1,false,2,19,4b57e452,caught,e938e1bc,true,csk,pbks
548371,1,false,4,28,48fd7349,caught,e938e1bc,true,csk,pbks
548371,1,false,7,47,1dc12ab9,caught,9a158001,true,csk,pbks
548371,1,false,10,63,4a8a2e3b,caught,1a0c3177,true,csk,pbks
548371,1,false,15,95,fe93fd9d,caught,1a0c3177,true,csk,pbks
548371,1,false,18,114,c3d35165,caught,9a158001,true,csk,pbks
548371,1,false,19,120,87e562a9,caught,12eddf28,true,csk,pbks
548371,2,false,6,43,c3a96caf,bowled,c3d35165,true,pbks,csk
548371,2,false,8,52,addbde6c,caught,87e562a9,true,pbks,csk
548371,2,false,10,64,fd835ab3,caught,87e562a9,true,pbks,csk
548371,2,false,15,93,facb9086,caught,f3171936,true,pbks,csk
548372,1,false,2,14,5bdcdb72,caught,0a3d54b9,true,rcb,dc
548372,2,false,1,11,dcce6f09,caught,91a4a398,true,dc,rcb
548372,2,false,4,27,0c94f480,caught,41eb4a4f,true,dc,rcb
548372,2,false,8,50,d18f9182,caught,0c432afb,true,dc,rcb
548372,2,false,11,70,fe763256,caught,4ba44e19,true,dc,rcb
548372,2,false,15,96,890946a0,caught,91a4a398,true,dc,rcb
548372,2,false,16,100,b61a3e1a,caught,41eb4a4f,true,dc,rcb
548372,2,false,17,109,5fa06777,caught,91a4a398,true,dc,rcb
548372,2,false,19,120,bbd41817,caught,0c432afb,true,dc,rcb
548372,2,false,19,124,cc1e8c68,caught,0c432afb,true,dc,rcb
548373,1,false,1,9,29e95537,caught,8fd1a8f5,true,rr,deccan
548373,1,false,6,37,4329fbb5,bowled,6b19d823,true,rr,deccan
548373,1,false,8,53,bd17b45f,bowled,6b19d823,true,rr,deccan
548373,1,false,11,74,0184dc35,caught,ae78bc32,true,rr,deccan
548373,1,false,17,108,8291f939,caught,d718440b,true,rr,deccan
548373,1,false,18,117,7c503806,caught and bowled,8fd1a8f5,true,rr,deccan
548373,1,false,19,123,541f85c9,bowled,d718440b,true,rr,deccan
548373,1,false,19,124,7bf96684,run out,,false,rr,deccan
548373,2,false,8,55,0a476045,caught,7c503806,true,deccan,rr
548373,2,false,11,76,2461eef2,caught,3d7e087f,true,deccan,rr
548373,2,false,12,83,d0513f63,caught and bowled,99b202b3,true,deccan,rr
548373,2,false,15,102,45eda7c8,caught,3d7e087f,true,deccan,rr
548373,2,false,17,115,2e8994e7,caught,bd17b45f,true,deccan,rr
548374,1,false,1,8,c3a96caf,caught,cc1e8c68,true,pbks,dc
548374,1,false,3,22,2b6e6dec,caught,cc1e8c68,true,pbks,dc
548374,1,false,4,28,25eeb281,caught,5bb5a915,true,pbks,dc
548374,1,false,5,36,fd835ab3,caught,cc1e8c68,true,pbks,dc
548374,1,false,14,87,facb9086,caught,bbd41817,true,pbks,dc
548374,1,false,18,112,9a158001,caught,5bb5a915,true,pbks,dc
548374,1,false,18,114,6eb146d2,bowled,5bb5a915,true,pbks,dc
548374,1,false,18,117,98ae73b1,bowled,5bb5a915,true,pbks,dc
548374,2,false,8,56,0c94f480,caught,9a158001,true,dc,pbks
548374,2,false,12,80,dcce6f09,caught,12eddf28,true,dc,pbks
548374,2,false,14,89,5fa06777,caught,12eddf28,true,dc,pbks
548374,2,false,16,104,d18f9182,caught,9a158001,true,dc,pbks
548375,1,false,4,27,bb345e0b,caught,3a60e0b5,true,kkr,pwi
548375,1,false,8,53,86dc8f2e,bowled,f842c2cf,true,kkr,pwi
548375,1,false,16,98,b8a55852,caught,3a60e0b5,true,kkr,pwi
548375,1,false,17,108,7dc35884,bowled,2e81a32d,true,kkr,pwi
548375,2,false,2,15,1c17e270,caught,85aae393,true,pwi,kkr
548375,2,false,7,50,f842c2cf,stumped,3c6ffae8,true,pwi,kkr
548375,2,false,9,60,91ffa6c6,bowled,3c6ffae8,true,pwi,kkr
548375,2,false,10,68,725529bc,lbw,7dc35884,true,pwi,kkr
548375,2,false,15,99,f4cb4f53,stumped,7dc35884,true,pwi,kkr
548375,2,false,16,106,9b4935c8,caught,33a364a6,true,pwi,kkr
548375,2,false,17,111,28c78fb3,caught and bowled,9d430b40,true,pwi,kkr
548375,2,false,18,115,3a60e0b5,caught,b2b50355,true,pwi,kkr
548376,1,false,0,6,0a476045,bowled,91a4a398,true,deccan,rcb
548376,1,false,3,22,2461eef2,caught,41eb4a4f,true,deccan,rcb
548376,1,false,4,27,d0513f63,caught,0c432afb,true,deccan,rcb
548376,1,false,11,69,6b71e6cf,caught,4ba44e19,true,deccan,rcb
548376,1,false,18,116,2e8994e7,caught,91a4a398,true,deccan,rcb
548376,1,false,19,123,b5da6c24,caught,41eb4a4f,true,deccan,rcb
548376,1,false,19,124,1c2a64cd,bowled,41eb4a4f,true,deccan,rcb
548376,2,false,2,17,db584dad,bowled,8fd1a8f5,true,rcb,deccan
548376,2,false,4,28,5bdcdb72,lbw,8fd1a8f5,true,rcb,deccan
548376,2,false,9,57,c4487b84,caught,6b19d823,true,rcb,deccan
548376,2,false,9,60,00ea847a,bowled,6b19d823,true,rcb,deccan
548376,2,false,15,98,ba607b88,caught,1c2a64cd,true,rcb,deccan
548376,2,false,16,103,91a4a398,bowled,8fd1a8f5,true,rcb,deccan
548376,2,false,18,111,709b0bac,caught,d718440b,true,rcb,deccan
548376,2,false,19,118,41eb4a4f,caught,1c2a64cd,true,rcb,deccan
548376,2,false,19,120,4ba44e19,caught,1c2a64cd,true,rcb,deccan
548377,1,false,1,12,0184dc35,caught,d2a989fc,true,rr,mi
548377,1,false,5,35,29e95537,caught,d2a989fc,true,rr,mi
548377,1,false,11,72,bd17b45f,run out,,false,rr,mi
548377,1,false,13,90,4329fbb5,caught,a757b0d8,true,rr,mi
548377,1,false,18,124,8291f939,caught and bowled,d2a989fc,true,rr,mi
548377,1,false,19,131,063b3673,caught and bowled,a12e1d51,true,rr,mi
548378,1,false,5,36,bb345e0b,run out,,false,kkr,dc
548378,1,false,12,77,b8a55852,caught,f62772e5,true,kkr,dc
548378,1,false,13,83,7dc35884,caught,5fa06777,true,kkr,dc
548378,1,false,15,97,86dc8f2e,caught,cc1e8c68,true,kkr,dc
548378,2,false,1,13,dcce6f09,caught,7dc35884,true,dc,kkr
548378,2,false,2,14,8ba8195d,caught,b2b50355,true,dc,kkr
548378,2,false,10,65,890946a0,caught,33a364a6,true,dc,kkr
548378,2,false,14,91,d18f9182,stumped,85aae393,true,dc,kkr
548378,2,false,16,105,fe763256,caught,86dc8f2e,true,dc,kkr
548378,2,false,18,117,b61a3e1a,caught,86dc8f2e,true,dc,kkr
548378,2,false,19,121,f62772e5,stumped,9d430b40,true,dc,kkr
548378,2,false,19,122,5bb5a915,caught,9d430b40,true,dc,kkr
548379,1,false,1,7,4b57e452,caught,d2a989fc,true,csk,mi
548379,1,false,1,8,1dc12ab9,bowled,d2a989fc,true,csk,mi
548379,1,false,13,82,3576e47e,caught,a757b0d8,true,csk,mi
548379,1,false,14,88,48fd7349,caught,cf73ad76,true,csk,mi
548379,1,false,15,93,fe93fd9d,caught,d2a989fc,true,csk,mi
548379,2,false,4,33,d2c2b2d5,run out,,false,mi,csk
548379,2,false,6,41,35205dfc,caught,c8179c68,true,mi,csk
548379,2,false,8,52,c03f1114,caught,c3d35165,true,mi,csk
548379,2,false,10,64,740742ef,caught,c3d35165,true,mi,csk
548379,2,false,11,74,70d205c9,caught,495d42a5,true,mi,csk
548379,2,false,13,84,cf73ad76,caught,87e562a9,true,mi,csk
548379,2,false,14,89,8b5b6769,caught,f3171936,true,mi,csk
548379,2,false,17,114,a757b0d8,caught,87e562a9,true,mi,csk
548379,2,false,19,124,a12e1d51,bowled,fe93fd9d,true,mi,csk
548380,1,false,8,50,48fd7349,caught,0a3d54b9,true,csk,dc
548380,1,false,13,83,1dc12ab9,caught and bowled,f62772e5,true,csk,dc
548380,1,false,16,101,4a8a2e3b,caught,0a3d54b9,true,csk,dc
548380,1,false,17,105,c3d35165,caught,cc1e8c68,true,csk,dc
548380,1,false,19,123,4b57e452,run out,,false,csk,dc
548380,2,false,2,14,dcce6f09,caught,f3171936,true,dc,csk
548380,2,false,3,24,8ba8195d,caught,c3d35165,true,dc,csk
548380,2,false,8,54,b61a3e1a,caught,87e562a9,true,dc,csk
548380,2,false,11,75,bbd41817,caught,495d42a5,true,dc,csk
548380,2,false,13,85,890946a0,caught,c8179c68,true,dc,csk
548380,2,false,14,93,d18f9182,bowled,495d42a5,true,dc,csk
548380,2,false,14,94,fe763256,run out,,false,dc,csk
548380,2,false,15,100,ee3dfa89,stumped,c8179c68,true,dc,csk
548380,2,false,16,104,cc1e8c68,bowled,495d42a5,true,dc,csk
548380,2,false,16,106,0a3d54b9,run out,,false,dc,csk
548381,1,false,10,65,4b57e452,caught,33a364a6,true,csk,kkr
548381,1,false,17,106,48fd7349,bowled,86dc8f2e,true,csk,kkr
548381,1,false,19,124,1dc12ab9,caught,7dc35884,true,csk,kkr
548381,2,false,0,6,bb345e0b,bowled,f3171936,true,kkr,csk
548381,2,false,14,93,5afd4539,caught,c3d35165,true,kkr,csk
548381,2,false,16,103,b1451597,caught,87e562a9,true,kkr,csk
548381,2,false,17,108,3c6ffae8,caught,495d42a5,true,kkr,csk
548381,2,false,18,118,86dc8f2e,caught,f3171936,true,kkr,csk
597998,1,false,0,1,0c94f480,bowled,dd09ff8e,true,dc,kkr
597998,1,false,5,37,dcce6f09,caught,9d430b40,true,dc,kkr
597998,1,false,8,55,605b7efa,caught,b2b50355,true,dc,kkr
597998,1,false,11,74,890946a0,caught,33a364a6,true,dc,kkr
597998,1,false,13,82,7c503806,lbw,33a364a6,true,dc,kkr
597998,1,false,15,95,5fa06777,caught,9d430b40,true,dc,kkr
597998,1,false,17,111,bbd41817,caught and bowled,9d430b40,true,dc,kkr
597998,1,false,18,118,d18f9182,caught,dd09ff8e,true,dc,kkr
597998,1,false,19,123,96fd40ae,caught,9d430b40,true,dc,kkr
597998,1,false,19,124,9d80c5e1,run out,,false,dc,kkr
597998,2,false,1,10,5afd4539,caught,96fd40ae,true,kkr,dc
597998,2,false,7,45,86dc8f2e,caught,9d80c5e1,true,kkr,dc
597998,2,false,13,80,bb345e0b,lbw,7c503806,true,kkr,dc
597998,2,false,14,87,26e5cabf,caught,9d80c5e1,true,kkr,dc
597999,1,false,2,14,5bdcdb72,bowled,f5180fe6,true,rcb,mi
597999,1,false,4,30,ba607b88,lbw,462411b3,true,rcb,mi
597999,1,false,6,39,00ea847a,caught,462411b3,true,rcb,mi
597999,1,false,11,73,2a2e6343,caught,8b5b6769,true,rcb,mi
597999,1,false,12,79,944533a5,lbw,462411b3,true,rcb,mi
597999,2,false,7,45,d2c2b2d5,run out,,false,mi,rcb
597999,2,false,9,60,7d415ea5,stumped,abfeb126,true,mi,rcb
597999,2,false,13,83,740742ef,bowled,41eb4a4f,true,mi,rcb
597999,2,false,19,118,c03f1114,caught,41eb4a4f,true,mi,rcb
597999,2,false,19,119,70d205c9,bowled,41eb4a4f,true,mi,rcb
598000,1,false,5,34,b5da6c24,bowled,66b30f71,true,srh,pwi
598000,1,false,9,61,6b71e6cf,bowled,5d9a1a73,true,srh,pwi
598000,1,false,12,80,2461eef2,bowled,1c914163,true,srh,pwi
598000,1,false,14,88,d0513f63,caught,f846de6a,true,srh,pwi
598000,1,false,17,109,0f12f9df,caught,66b30f71,true,srh,pwi
598000,1,false,18,115,94253925,caught,2e81a32d,true,srh,pwi
598000,2,false,6,43,1c17e270,caught,0f12f9df,true,pwi,srh
598000,2,false,8,53,f846de6a,caught,0f12f9df,true,pwi,srh
598000,2,false,9,61,1c914163,stumped,6b19d823,true,pwi,srh
598000,2,false,11,70,93b4fc78,caught,6b19d823,true,pwi,srh
598000,2,false,15,97,a45a5e8d,caught,6b19d823,true,pwi,srh
598000,2,false,16,100,b61a3e1a,bowled,1c2a64cd,true,pwi,srh
598000,2,false,17,105,3d8feaf8,run out,,false,pwi,srh
598000,2,false,18,112,2e81a32d,bowled,8fd1a8f5,true,pwi,srh
598000,2,false,18,113,5d9a1a73,bowled,8fd1a8f5,true,pwi,srh
598000,2,false,18,115,66b30f71,caught,8fd1a8f5,true,pwi,srh
598001,1,false,2,18,f21043a5,caught,cc1e8c68,true,rr,dc
598001,1,false,11,71,29e95537,caught and bowled,9d80c5e1,true,rr,dc
598001,1,false,16,99,bd17b45f,bowled,cc1e8c68,true,rr,dc
598001,1,false,18,115,0184dc35,caught,cc1e8c68,true,rr,dc
598001,1,false,18,116,b57f8a9a,caught,cc1e8c68,true,rr,dc
598001,1,false,19,119,557153ca,caught,96fd40ae,true,rr,dc
598001,1,false,19,120,8291f939,bowled,96fd40ae,true,rr,dc
598001,2,false,5,35,0c94f480,bowled,6b8eb6e5,true,dc,rr
598001,2,false,10,69,d18f9182,caught,de4b0555,true,dc,rr
598001,2,false,17,113,605b7efa,caught,557153ca,true,dc,rr
598001,2,false,18,117,dcce6f09,run out,,false,dc,rr
598001,2,false,19,123,7c503806,lbw,557153ca,true,dc,rr
598001,2,false,19,125,bbd41817,bowled,557153ca,true,dc,rr
598002,1,false,0,5,d2c2b2d5,lbw,c404f58a,true,mi,csk
598002,1,false,3,20,7d415ea5,caught,db31895a,true,mi,csk
598002,1,false,6,38,740742ef,caught,87e562a9,true,mi,csk
598002,1,false,8,52,c03f1114,lbw,87e562a9,true,mi,csk
598002,1,false,10,66,70d205c9,caught,b2a79f17,true,mi,csk
598002,1,false,11,75,35205dfc,caught,495d42a5,true,mi,csk
598002,2,false,1,12,4b57e452,bowled,f0f628c7,true,csk,mi
598002,2,false,4,28,1dc12ab9,caught,f5180fe6,true,csk,mi
598002,2,false,7,47,48fd7349,bowled,8b5b6769,true,csk,mi
598002,2,false,10,63,87e562a9,caught,6c6591ab,true,csk,mi
598002,2,false,12,75,3576e47e,lbw,6c6591ab,true,csk,mi
598002,2,false,15,94,fe93fd9d,bowled,f0f628c7,true,csk,mi
598002,2,false,16,103,495d42a5,caught,8b5b6769,true,csk,mi
598002,2,false,17,111,b2a79f17,bowled,a757b0d8,true,csk,mi
598002,2,false,19,121,4a8a2e3b,caught,f0f628c7,true,csk,mi
598003,1,false,0,6,93b4fc78,bowled,e938e1bc,true,pwi,pbks
598003,1,false,4,30,aaa1b522,caught,9a158001,true,pwi,pbks
598003,1,false,7,46,f846de6a,run out,,false,pwi,pbks
598003,1,false,8,54,1c17e270,bowled,98ae73b1,true,pwi,pbks
598003,1,false,9,60,896d78ad,caught,1a0c3177,true,pwi,pbks
598003,1,false,13,81,b61a3e1a,caught,e938e1bc,true,pwi,pbks
598003,1,false,16,98,3d8feaf8,bowled,12eddf28,true,pwi,pbks
598003,1,false,19,117,2e81a32d,bowled,9a158001,true,pwi,pbks
598003,1,false,19,121,5d9a1a73,run out,,false,pwi,pbks
598003,2,false,2,15,2b6e6dec,caught,896d78ad,true,pbks,pwi
598003,2,false,9,59,c3a96caf,bowled,5d9a1a73,true,pbks,pwi
598004,1,false,1,8,db584dad,caught,94253925,true,rcb,srh
598004,1,false,3,24,5bdcdb72,bowled,5bb1a1c4,true,rcb,srh
598004,1,false,7,45,944533a5,lbw,6b19d823,true,rcb,srh
598004,1,false,13,86,ba607b88,caught and bowled,1c2a64cd,true,rcb,srh
598004,1,false,16,104,00ea847a,caught,8fd1a8f5,true,rcb,srh
598004,1,false,17,111,7daedf2f,caught,0f12f9df,true,rcb,srh
598004,1,false,19,118,32198ae0,caught,5bb1a1c4,true,rcb,srh
598004,1,false,19,120,41eb4a4f,caught,5bb1a1c4,true,rcb,srh
598004,2,false,1,7,b5da6c24,caught,32198ae0,true,srh,rcb
598004,2,false,3,23,d0513f63,caught,32198ae0,true,srh,rcb
598004,2,false,8,54,2461eef2,bowled,4ba44e19,true,srh,rcb
598004,2,false,13,86,6b71e6cf,caught,1e66c162,true,srh,rcb
598004,2,false,15,100,0f12f9df,caught,1e66c162,true,srh,rcb
598004,2,false,16,102,6b19d823,run out,,false,srh,rcb
598004,2,false,19,120,1c2a64cd,caught,41eb4a4f,true,srh,rcb
598005,1,false,2,16,4329fbb5,caught,dd09ff8e,true,rr,kkr
598005,1,false,7,48,0184dc35,bowled,33a364a6,true,rr,kkr
598005,1,false,10,62,bd17b45f,lbw,b1451597,true,rr,kkr
598005,1,false,15,93,29e95537,caught,9d430b40,true,rr,kkr
598005,1,false,15,95,557153ca,stumped,9d430b40,true,rr,kkr
598005,1,false,19,117,063b3673,run out,,false,rr,kkr
598005,2,false,2,17,5afd4539,bowled,de4b0555,true,kkr,rr
598005,2,false,2,19,86dc8f2e,caught,de4b0555,true,kkr,rr
598005,2,false,6,41,26e5cabf,lbw,3d7e087f,true,kkr,rr
598005,2,false,6,45,bb345e0b,caught,3d7e087f,true,kkr,rr
598005,2,false,7,49,3c6ffae8,caught,557153ca,true,kkr,rr
598005,2,false,10,71,b1451597,caught,3d7e087f,true,kkr,rr
598005,2,false,14,91,33a364a6,caught,addfb70e,true,kkr,rr
598005,2,false,15,99,dd09ff8e,caught,6b8eb6e5,true,kkr,rr
598005,2,false,18,115,d2a6c0e6,bowled,557153ca,true,kkr,rr
598005,2,false,18,120,8cf9814c,caught,557153ca,true,kkr,rr
598006,1,false,0,6,7d415ea5,caught,5fa06777,true,mi,dc
598006,1,false,1,9,d2c2b2d5,run out,,false,mi,dc
598006,1,false,14,91,c03f1114,caught,5bb5a915,true,mi,dc
598006,1,false,17,109,a757b0d8,caught,96fd40ae,true,mi,dc
598006,1,false,19,119,70d205c9,caught and bowled,96fd40ae,true,mi,dc
598006,2,false,0,1,0c94f480,caught,8b5b6769,true,dc,mi
598006,2,false,2,17,d18f9182,caught,f5180fe6,true,dc,mi
598006,2,false,10,66,dcce6f09,caught,f5180fe6,true,dc,mi
598006,2,false,11,69,9868bc75,caught and bowled,a757b0d8,true,dc,mi
598006,2,false,14,89,5fa06777,caught,6c6591ab,true,dc,mi
598006,2,false,15,96,99d63244,caught and bowled,a12e1d51,true,dc,mi
598006,2,false,16,103,9d80c5e1,caught,6c6591ab,true,dc,mi
598006,2,false,17,110,605b7efa,run out,,false,dc,mi
598006,2,false,19,119,96fd40ae,caught,a757b0d8,true,dc,mi
598007,1,false,2,15,2b6e6dec,caught,c404f58a,true,pbks,csk
598007,1,false,2,17,c3a96caf,caught,c404f58a,true,pbks,csk
598007,1,false,6,42,c03e2850,caught,fe93fd9d,true,pbks,csk
598007,1,false,14,87,fd835ab3,caught,495d42a5,true,pbks,csk
598007,1,false,15,93,6eb146d2,caught,87e562a9,true,pbks,csk
598007,1,false,16,102,9a158001,caught,fb66ce1f,true,pbks,csk
598007,1,false,17,106,626c5379,caught,87e562a9,true,pbks,csk
598007,1,false,17,109,98ae73b1,caught,87e562a9,true,pbks,csk
598007,1,false,18,112,12eddf28,caught,fb66ce1f,true,pbks,csk
598007,1,false,19,121,e938e1bc,run out,,false,pbks,csk
598008,1,false,0,7,5afd4539,caught,32198ae0,true,kkr,rcb
598008,1,false,8,51,86dc8f2e,caught,41eb4a4f,true,kkr,rcb
598008,1,false,12,79,3c6ffae8,caught,32198ae0,true,kkr,rcb
598008,1,false,16,100,bb345e0b,caught and bowled,41eb4a4f,true,kkr,rcb
598008,1,false,17,106,d2a6c0e6,caught,c3d1402f,true,kkr,rcb
598008,1,false,17,111,26e5cabf,caught,c3d1402f,true,kkr,rcb
598008,1,false,19,119,c654af19,run out,,false,kkr,rcb
598008,1,false,19,120,33a364a6,bowled,c3d1402f,true,kkr,rcb
598008,2,false,2,16,00ea847a,caught,c654af19,true,rcb,kkr
598008,2,false,9,58,ba607b88,caught,b2b50355,true,rcb,kkr
598009,1,false,0,1,f21043a5,lbw,2e81a32d,true,rr,pwi
598009,1,false,11,69,29e95537,caught,5d9a1a73,true,rr,pwi
598009,1,false,12,76,bd17b45f,caught,1c914163,true,rr,pwi
598009,1,false,14,88,0184dc35,caught,1c914163,true,rr,pwi
598009,1,false,15,97,063b3673,caught,5d9a1a73,true,rr,pwi
598009,2,false,4,31,1c17e270,caught,808f425a,true,pwi,rr
598009,2,false,11,75,b61a3e1a,caught,0bf15e52,true,pwi,rr
598009,2,false,16,106,b8d490fd,bowled,808f425a,true,pwi,rr
598010,1,false,0,4,dcce6f09,caught,8fd1a8f5,true,dc,srh
598010,1,false,4,27,d18f9182,caught,5bb1a1c4,true,dc,srh
598010,1,false,4,28,8ba8195d,caught,5bb1a1c4,true,dc,srh
598010,1,false,8,54,7c503806,caught,d2340a43,true,dc,srh
598010,1,false,13,82,605b7efa,caught,6b19d823,true,dc,srh
598010,1,false,17,109,5fa06777,caught,0f12f9df,true,dc,srh
598010,1,false,17,111,5bb5a915,caught,0f12f9df,true,dc,srh
598010,1,false,18,114,9d80c5e1,bowled,8fd1a8f5,true,dc,srh
598010,2,false,1,9,2461eef2,run out,,false,srh,dc
598010,2,false,7,47,b5da6c24,caught and bowled,9d80c5e1,true,srh,dc
598010,2,false,10,67,6b71e6cf,caught,7c503806,true,srh,dc
598010,2,false,13,85,d0513f63,stumped,9d80c5e1,true,srh,dc
598010,2,false,14,87,94253925,caught,5bb5a915,true,srh,dc
598010,2,false,16,98,1c2a64cd,bowled,5bb5a915,true,srh,dc
598010,2,false,17,108,0f12f9df,caught,5fa06777,true,srh,dc
598011,1,false,7,44,7d415ea5,caught,1c914163,true,mi,pwi
598011,1,false,8,51,d2c2b2d5,caught,b8d490fd,true,mi,pwi
598011,1,false,15,92,c03f1114,lbw,3d8feaf8,true,mi,pwi
598011,2,false,0,1,b8d490fd,bowled,f5180fe6,true,pwi,mi
598011,2,false,1,8,b61a3e1a,run out,,false,pwi,mi
598011,2,false,2,17,1c17e270,bowled,f5180fe6,true,pwi,mi
598011,2,false,5,34,aaa1b522,caught,8b5b6769,true,pwi,mi
598011,2,false,9,61,1c914163,caught,a757b0d8,true,pwi,mi
598011,2,false,12,77,896d78ad,caught,6c6591ab,true,pwi,mi
598011,2,false,15,97,a45a5e8d,caught,a12e1d51,true,pwi,mi
598011,2,false,16,104,3d8feaf8,caught,f5180fe6,true,pwi,mi
598012,1,false,1,12,db584dad,caught,fb66ce1f,true,rcb,csk
598012,1,false,8,54,00ea847a,stumped,495d42a5,true,rcb,csk
598012,1,false,16,105,ba607b88,caught,fb66ce1f,true,rcb,csk
598012,1,false,16,107,2a2e6343,caught,fb66ce1f,true,rcb,csk
598012,1,false,17,114,d68e7f48,caught,87e562a9,true,rcb,csk
598012,1,false,19,127,c4487b84,caught,c404f58a,true,rcb,csk
598012,2,false,2,14,4b57e452,caught,d68e7f48,true,csk,rcb
598012,2,false,3,25,48fd7349,caught,41eb4a4f,true,csk,rcb
598012,2,false,10,65,1dc12ab9,caught,c64c2443,true,csk,rcb
598012,2,false,12,76,3576e47e,caught,c64c2443,true,csk,rcb
598012,2,false,18,114,4a8a2e3b,caught,d68e7f48,true,csk,rcb
598012,2,false,18,118,87e562a9,lbw,d68e7f48,true,csk,rcb
598013,1,false,7,46,5afd4539,caught,119678fd,true,kkr,srh
598013,1,false,13,83,bb345e0b,bowled,1c2a64cd,true,kkr,srh
598013,1,false,18,116,d2a6c0e6,run out,,false,kkr,srh
598013,1,false,19,124,86dc8f2e,run out,,false,kkr,srh
598013,2,false,8,55,b5da6c24,bowled,86dc8f2e,true,srh,kkr
598013,2,false,10,64,d0513f63,caught,86dc8f2e,true,srh,kkr
598013,2,false,11,69,6b71e6cf,caught,33a364a6,true,srh,kkr
598013,2,false,15,95,b720a5d6,caught,9d430b40,true,srh,kkr
598013,2,false,16,104,1c2a64cd,bowled,4c4fa80b,true,srh,kkr
598013,2,false,18,114,0f12f9df,bowled,86dc8f2e,true,srh,kkr
598013,2,false,19,119,94253925,caught,33a364a6,true,srh,kkr
598014,1,false,1,9,2b6e6dec,caught,6b8eb6e5,true,pbks,rr
598014,1,false,1,13,c3a96caf,caught,6b8eb6e5,true,pbks,rr
598014,1,false,3,22,c03e2850,run out,,false,pbks,rr
598014,1,false,8,53,6eb146d2,caught,3d7e087f,true,pbks,rr
598014,1,false,11,72,626c5379,caught,808f425a,true,pbks,rr
598014,1,false,12,79,fd835ab3,caught,3d7e087f,true,pbks,rr
598014,1,false,15,98,98ae73b1,caught,557153ca,true,pbks,rr
598014,1,false,17,107,9a158001,bowled,557153ca,true,pbks,rr
598014,1,false,18,115,e938e1bc,run out,,false,pbks,rr
598014,1,false,18,116,1a0c3177,caught,808f425a,true,pbks,rr
598014,2,false,4,31,4329fbb5,caught,1a0c3177,true,rr,pbks
598014,2,false,7,46,0184dc35,caught,e938e1bc,true,rr,pbks
598014,2,false,7,50,bd17b45f,caught,e938e1bc,true,rr,pbks
598014,2,false,12,80,b57f8a9a,lbw,98ae73b1,true,rr,pbks
598015,1,false,12,76,b8d490fd,stumped,fe93fd9d,true,pwi,csk
598015,1,false,14,86,1c17e270,caught,fb66ce1f,true,pwi,csk
598015,1,false,16,98,b61a3e1a,caught,fb66ce1f,true,pwi,csk
598015,1,false,17,104,3d8feaf8,caught,87e562a9,true,pwi,csk
598015,1,false,19,121,93b4fc78,bowled,87e562a9,true,pwi,csk
598015,2,false,0,2,95a2ea61,lbw,2e81a32d,true,csk,pwi
598015,2,false,4,27,1dc12ab9,caught,2e81a32d,true,csk,pwi
598015,2,false,6,41,4b57e452,caught,a45a5e8d,true,csk,pwi
598015,2,false,12,79,3576e47e,caught,3d8feaf8,true,csk,pwi
598015,2,false,14,89,fe93fd9d,caught,3d8feaf8,true,csk,pwi
598015,2,false,15,97,87e562a9,caught,5d9a1a73,true,csk,pwi
598015,2,false,17,107,4a8a2e3b,caught,66b30f71,true,csk,pwi
598015,2,false,19,117,c3d35165,caught,66b30f71,true,csk,pwi
598016,1,false,3,24,2b6e6dec,lbw,4c4fa80b,true,pbks,kkr
598016,1,false,8,53,c03e2850,caught and bowled,b2b50355,true,pbks,kkr
598016,1,false,10,62,c3a96caf,caught,86dc8f2e,true,pbks,kkr
598016,1,false,14,89,fd835ab3,caught,9d430b40,true,pbks,kkr
598016,1,false,14,90,9a158001,caught and bowled,9d430b40,true,pbks,kkr
598016,1,false,14,91,6eb146d2,bowled,9d430b40,true,pbks,kkr
598016,1,false,15,97,d67d5f00,bowled,4c4fa80b,true,pbks,kkr
598016,1,false,19,118,ae78bc32,bowled,86dc8f2e,true,pbks,kkr
598016,1,false,19,121,e938e1bc,caught,86dc8f2e,true,pbks,kkr
598016,2,false,0,1,5afd4539,caught,e938e1bc,true,kkr,pbks
598016,2,false,1,8,86dc8f2e,caught,9a158001,true,kkr,pbks
598016,2,false,13,79,bb345e0b,caught,ae78bc32,true,kkr,pbks
598016,2,false,14,92,d2a6c0e6,caught,9a158001,true,kkr,pbks
598016,2,false,16,100,26e5cabf,bowled,1a0c3177,true,kkr,pbks
598016,2,false,17,107,7050a1e7,lbw,9a158001,true,kkr,pbks
598016,2,false,18,117,33a364a6,bowled,1a0c3177,true,kkr,pbks
598016,2,false,19,120,3c6ffae8,caught,e938e1bc,true,kkr,pbks
598016,2,false,19,123,4c4fa80b,run out,,false,kkr,pbks
598017,1,false,5,36,dcce6f09,caught and bowled,41eb4a4f,true,dc,rcb
598017,1,false,6,39,8ba8195d,caught,16043342,true,dc,rcb
598017,1,false,11,71,605b7efa,caught,1e66c162,true,dc,rcb
598017,1,false,14,89,27af6414,caught,1e66c162,true,dc,rcb
598017,1,false,17,112,d18f9182,run out,,false,dc,rcb
598017,2,false,2,19,b17e2f24,caught,96fd40ae,true,rcb,dc
598017,2,false,3,22,db584dad,caught,5bb5a915,true,rcb,dc
598017,2,false,15,98,c4487b84,run out,,false,rcb,dc
598017,2,false,16,100,16043342,caught and bowled,9d80c5e1,true,rcb,dc
598017,2,false,17,110,7daedf2f,run out,,false,rcb,dc
598017,2,false,18,113,c64c2443,caught,cc1e8c68,true,rcb,dc
598017,2,false,18,114,ba607b88,caught,cc1e8c68,true,rcb,dc
598017,4,true,0,1,dcce6f09,caught,d68e7f48,true,dc,rcb
598017,4,true,0,6,27af6414,bowled,d68e7f48,true,dc,rcb
598018,1,false,1,13,372455c4,caught,66b30f71,true,srh,pwi
598018,1,false,2,18,b5da6c24,bowled,2e81a32d,true,srh,pwi
598018,1,false,2,19,d0513f63,bowled,2e81a32d,true,srh,pwi
598018,1,false,4,32,94253925,caught,2e81a32d,true,srh,pwi
598018,1,false,9,59,119678fd,lbw,5d9a1a73,true,srh,pwi
598018,1,false,10,67,0f12f9df,caught,3d8feaf8,true,srh,pwi
598018,1,false,14,93,53f27a35,caught,5d9a1a73,true,srh,pwi
598018,1,false,19,124,6b19d823,run out,,false,srh,pwi
598018,2,false,4,26,1c17e270,caught,0f12f9df,true,pwi,srh
598018,2,false,4,27,b8d490fd,caught,0f12f9df,true,pwi,srh
598018,2,false,8,51,aaa1b522,lbw,119678fd,true,pwi,srh
598018,2,false,12,75,30a45b23,caught,5bb1a1c4,true,pwi,srh
598018,2,false,16,102,3d8feaf8,caught,8fd1a8f5,true,pwi,srh
598018,2,false,17,104,a45a5e8d,caught,0f12f9df,true,pwi,srh
598018,2,false,18,110,896d78ad,caught,6b19d823,true,pwi,srh
598018,2,false,18,112,2e81a32d,lbw,6b19d823,true,pwi,srh
598018,2,false,18,113,5d9a1a73,bowled,6b19d823,true,pwi,srh
598018,2,false,18,114,66b30f71,bowled,6b19d823,true,pwi,srh
598019,1,false,7,45,4329fbb5,caught,a757b0d8,true,rr,mi
598019,1,false,13,88,063b3673,caught,8b5b6769,true,rr,mi
598019,1,false,15,98,bd17b45f,run out,,false,rr,mi
598019,2,false,0,4,d2c2b2d5,caught,99b202b3,true,mi,rr
598019,2,false,2,17,7d415ea5,caught and bowled,99b202b3,true,mi,rr
598019,2,false,6,39,740742ef,caught,3d7e087f,true,mi,rr
598019,2,false,7,49,a757b0d8,bowled,bd17b45f,true,mi,rr
598019,2,false,12,78,c03f1114,caught,808f425a,true,mi,rr
598019,2,false,13,82,26a85969,caught,bd17b45f,true,mi,rr
598019,2,false,13,85,8b5b6769,run out,,false,mi,rr
598019,2,false,16,99,f5180fe6,bowled,808f425a,true,mi,rr
598019,2,false,17,105,70d205c9,lbw,557153ca,true,mi,rr
598019,2,false,18,113,a12e1d51,bowled,808f425a,true,mi,rr
598020,1,false,4,28,4b57e452,lbw,5bb5a915,true,csk,dc
598020,1,false,12,80,1dc12ab9,caught,5fa06777,true,csk,dc
598020,1,false,19,121,4a8a2e3b,caught,cc1e8c68,true,csk,dc
598020,1,false,19,125,87e562a9,run out,,false,csk,dc
598020,2,false,1,11,dcce6f09,bowled,759ac88f,true,dc,csk
598020,2,false,1,14,605b7efa,lbw,759ac88f,true,dc,csk
598020,2,false,4,34,d18f9182,lbw,fb66ce1f,true,dc,csk
598020,2,false,5,35,8ba8195d,caught,759ac88f,true,dc,csk
598020,2,false,10,66,9868bc75,run out,,false,dc,csk
598020,2,false,12,78,5fa06777,caught,fe93fd9d,true,dc,csk
598020,2,false,13,87,fa463154,caught,495d42a5,true,dc,csk
598020,2,false,15,96,5bb5a915,bowled,495d42a5,true,dc,csk
598020,2,false,16,101,99d63244,caught,c3d35165,true,dc,csk
598020,2,false,17,109,cc1e8c68,caught,87e562a9,true,dc,csk
598021,1,false,2,18,c3a96caf,caught,5bb1a1c4,true,pbks,srh
598021,1,false,8,53,2b6e6dec,caught,119678fd,true,pbks,srh
598021,1,false,8,55,25eeb281,caught,119678fd,true,pbks,srh
598021,1,false,14,87,98ae73b1,run out,,false,pbks,srh
598021,1,false,16,101,fd835ab3,caught,5bb1a1c4,true,pbks,srh
598021,1,false,17,108,9a158001,caught,6b19d823,true,pbks,srh
598021,1,false,17,109,ae78bc32,run out,,false,pbks,srh
598021,1,false,17,110,c03e2850,caught,6b19d823,true,pbks,srh
598021,1,false,18,111,6eb146d2,bowled,8fd1a8f5,true,pbks,srh
598021,2,false,0,4,372455c4,bowled,e938e1bc,true,srh,pbks
598021,2,false,7,47,2461eef2,caught,ae78bc32,true,srh,pbks
598021,2,false,11,70,94253925,caught,98ae73b1,true,srh,pbks
598021,2,false,15,91,d0513f63,bowled,ae78bc32,true,srh,pbks
598021,2,false,16,97,53f27a35,lbw,9a158001,true,srh,pbks
598022,1,false,5,36,bb345e0b,caught,fb66ce1f,true,kkr,csk
598022,1,false,6,38,86dc8f2e,run out,,false,kkr,csk
598022,1,false,7,47,d2a6c0e6,caught,87e562a9,true,kkr,csk
598022,1,false,7,49,3c6ffae8,run out,,false,kkr,csk
598022,1,false,12,77,7050a1e7,lbw,495d42a5,true,kkr,csk
598022,1,false,14,86,26e5cabf,caught,495d42a5,true,kkr,csk
598022,1,false,15,94,33a364a6,caught and bowled,fe93fd9d,true,kkr,csk
598022,1,false,15,96,b1451597,lbw,fe93fd9d,true,kkr,csk
598022,1,false,17,106,9d430b40,caught,fe93fd9d,true,kkr,csk
598022,2,false,4,28,495d42a5,caught,9d430b40,true,csk,kkr
598022,2,false,7,45,4b57e452,lbw,4c4fa80b,true,csk,kkr
598022,2,false,8,55,1dc12ab9,caught,3c6ffae8,true,csk,kkr
598022,2,false,11,70,4a8a2e3b,run out,,false,csk,kkr
598022,2,false,15,94,3576e47e,bowled,86dc8f2e,true,csk,kkr
598022,2,false,16,102,48fd7349,caught,b2b50355,true,csk,kkr
598023,1,false,2,14,4329fbb5,caught,d68e7f48,true,rr,rcb
598023,1,false,5,32,29e95537,caught,1e66c162,true,rr,rcb
598023,1,false,9,59,bd17b45f,caught,41eb4a4f,true,rr,rcb
598023,1,false,14,88,0184dc35,caught,abfeb126,true,rr,rcb
598023,1,false,15,92,b57f8a9a,caught,41eb4a4f,true,rr,rcb
598023,1,false,16,99,808f425a,caught,c3d1402f,true,rr,rcb
598023,1,false,16,102,063b3673,caught,c3d1402f,true,rr,rcb
598023,1,false,17,106,6b8eb6e5,lbw,41eb4a4f,true,rr,rcb
598023,1,false,18,109,addfb70e,bowled,c3d1402f,true,rr,rcb
598023,1,false,19,118,3d7e087f,caught,d68e7f48,true,rr,rcb
598023,2,false,6,43,5bdcdb72,caught,4329fbb5,true,rcb,rr
598023,2,false,7,50,ba607b88,bowled,808f425a,true,rcb,rr
598023,2,false,8,58,c4487b84,caught,4329fbb5,true,rcb,rr
598024,1,false,3,20,35205dfc,caught,05c2ca46,true,mi,dc
598024,1,false,5,31,c03f1114,run out,,false,mi,dc
598024,1,false,16,99,d2c2b2d5,caught,cc1e8c68,true,mi,dc
598024,1,false,18,116,740742ef,caught,cc1e8c68,true,mi,dc
598024,2,false,15,97,d18f9182,lbw,a12e1d51,true,dc,mi
598025,1,false,10,64,1c17e270,caught,1a0c3177,true,pwi,pbks
598025,1,false,15,93,b8d490fd,caught,ae78bc32,true,pwi,pbks
598025,1,false,17,106,1c914163,caught,9a158001,true,pwi,pbks
598025,1,false,19,120,cca50cd6,caught,9a158001,true,pwi,pbks
598025,2,false,0,3,2b6e6dec,caught,2e81a32d,true,pbks,pwi
598025,2,false,1,7,9a158001,lbw,ea0cdc12,true,pbks,pwi
598025,2,false,6,40,c03e2850,bowled,1c914163,true,pbks,pwi
598026,1,false,7,45,29e95537,bowled,495d42a5,true,rr,csk
598026,1,false,9,59,063b3673,caught and bowled,495d42a5,true,rr,csk
598026,1,false,13,83,0184dc35,caught,87e562a9,true,rr,csk
598026,1,false,17,111,4329fbb5,caught,87e562a9,true,rr,csk
598026,2,false,2,15,4b57e452,caught and bowled,99b202b3,true,csk,rr
598026,2,false,12,76,1dc12ab9,lbw,808f425a,true,csk,rr
598026,2,false,16,99,48fd7349,run out,,false,csk,rr
598026,2,false,16,101,fe93fd9d,bowled,808f425a,true,csk,rr
598026,2,false,18,116,4a8a2e3b,caught,808f425a,true,csk,rr
598027,1,false,13,87,5bdcdb72,caught,cca50cd6,true,rcb,pwi
598027,1,false,16,104,ba607b88,run out,,false,rcb,pwi
598027,1,false,18,120,c4487b84,caught,3d8feaf8,true,rcb,pwi
598027,1,false,19,126,709b0bac,caught,66b30f71,true,rcb,pwi
598027,1,false,19,128,d68e7f48,caught,66b30f71,true,rcb,pwi
598027,2,false,0,2,1c17e270,caught,abfeb126,true,pwi,rcb
598027,2,false,4,26,b8d490fd,caught,d68e7f48,true,pwi,rcb
598027,2,false,5,33,cca50cd6,caught,1e66c162,true,pwi,rcb
598027,2,false,5,35,1c914163,caught,1e66c162,true,pwi,rcb
598027,2,false,13,84,30a45b23,caught,d68e7f48,true,pwi,rcb
598027,2,false,16,101,3d8feaf8,bowled,41eb4a4f,true,pwi,rcb
598027,2,false,18,116,2e81a32d,caught,c3d1402f,true,pwi,rcb
598027,2,false,19,120,ef5da05c,stumped,db584dad,true,pwi,rcb
598027,2,false,19,122,e0407c01,bowled,db584dad,true,pwi,rcb
598028,1,false,7,46,2b6e6dec,caught and bowled,5fa06777,true,pbks,dc
598028,1,false,11,71,9a158001,caught,96fd40ae,true,pbks,dc
598028,1,false,16,101,508a1ea7,caught,5bb5a915,true,pbks,dc
598028,1,false,19,122,626c5379,caught,96fd40ae,true,pbks,dc
598028,2,false,2,16,0c94f480,bowled,e938e1bc,true,dc,pbks
598028,2,false,3,23,5fa06777,caught,ce820073,true,dc,pbks
598028,2,false,3,24,dcce6f09,caught,ce820073,true,dc,pbks
598028,2,false,10,64,8ba8195d,caught,1a0c3177,true,dc,pbks
598028,2,false,16,98,d18f9182,caught,ce820073,true,dc,pbks
598028,2,false,19,116,27af6414,bowled,98ae73b1,true,dc,pbks
598028,2,false,19,121,5bb5a915,caught,98ae73b1,true,dc,pbks
598029,1,false,1,9,3c6ffae8,caught,f5180fe6,true,kkr,mi
598029,1,false,7,50,bb345e0b,caught,6c6591ab,true,kkr,mi
598029,1,false,11,72,86dc8f2e,caught,6c6591ab,true,kkr,mi
598029,1,false,17,110,d2a6c0e6,caught,f5180fe6,true,kkr,mi
598029,1,false,19,120,26e5cabf,bowled,a12e1d51,true,kkr,mi
598029,1,false,19,122,7050a1e7,bowled,a12e1d51,true,kkr,mi
598029,2,false,4,29,d2c2b2d5,bowled,9d430b40,true,mi,kkr
598029,2,false,7,47,c03f1114,lbw,4c4fa80b,true,mi,kkr
598029,2,false,10,66,35205dfc,caught,9d430b40,true,mi,kkr
598029,2,false,16,102,740742ef,caught and bowled,9d430b40,true,mi,kkr
598029,2,false,19,115,a757b0d8,caught,33a364a6,true,mi,kkr
598030,1,false,0,3,372455c4,caught,759ac88f,true,srh,csk
598030,1,false,1,14,94253925,run out,,false,srh,csk
598030,1,false,4,31,d0513f63,caught,759ac88f,true,srh,csk
598030,1,false,9,62,6b19d823,caught,495d42a5,true,srh,csk
598030,1,false,15,96,1763bc6c,caught and bowled,87e562a9,true,srh,csk
598030,1,false,17,107,c03c6200,caught,87e562a9,true,srh,csk
598030,2,false,7,48,4b57e452,stumped,6b19d823,true,csk,srh
598030,2,false,9,59,48fd7349,caught,6b19d823,true,csk,srh
598030,2,false,13,83,1dc12ab9,caught,6b19d823,true,csk,srh
598030,2,false,17,108,87e562a9,caught,5bb1a1c4,true,csk,srh
598030,2,false,18,117,fe93fd9d,caught,8fd1a8f5,true,csk,srh
598031,1,false,6,37,c3a96caf,caught,86dc8f2e,true,pbks,kkr
598031,1,false,9,57,2b6e6dec,caught,33a364a6,true,pbks,kkr
598031,1,false,12,77,c03e2850,caught,b2b50355,true,pbks,kkr
598031,1,false,14,88,d67d5f00,bowled,fb693839,true,pbks,kkr
598031,1,false,17,104,fd835ab3,caught,86dc8f2e,true,pbks,kkr
598031,1,false,18,114,9a158001,run out,,false,pbks,kkr
598031,2,false,1,8,bb345e0b,bowled,9a158001,true,kkr,pbks
598031,2,false,1,9,3c6ffae8,caught,9a158001,true,kkr,pbks
598031,2,false,10,65,86dc8f2e,caught,2a72fd4f,true,kkr,pbks
598031,2,false,17,110,d2a6c0e6,caught,9a158001,true,kkr,pbks
598032,1,false,0,5,2461eef2,caught,99b202b3,true,srh,rr
598032,1,false,1,10,6b71e6cf,caught,808f425a,true,srh,rr
598032,1,false,1,12,0a476045,caught,808f425a,true,srh,rr
598032,1,false,3,22,119678fd,caught,808f425a,true,srh,rr
598032,1,false,4,28,0f12f9df,caught,99b202b3,true,srh,rr
598032,1,false,6,38,94253925,caught,557153ca,true,srh,rr
598032,1,false,14,92,6b19d823,caught,808f425a,true,srh,rr
598032,1,false,17,115,1c2a64cd,caught,bd17b45f,true,srh,rr
598032,1,false,18,122,c03c6200,lbw,808f425a,true,srh,rr
598032,2,false,2,15,29e95537,caught,8fd1a8f5,true,rr,srh
598032,2,false,12,78,0184dc35,caught,0f12f9df,true,rr,srh
598033,1,false,3,23,d2c2b2d5,lbw,c3d1402f,true,mi,rcb
598033,1,false,10,62,35205dfc,bowled,c64c2443,true,mi,rcb
598033,1,false,12,78,740742ef,run out,,false,mi,rcb
598033,1,false,17,107,c03f1114,run out,,false,mi,rcb
598033,1,false,17,108,70d205c9,run out,,false,mi,rcb
598033,1,false,17,109,a757b0d8,caught,41eb4a4f,true,mi,rcb
598033,1,false,19,119,8b5b6769,caught,d68e7f48,true,mi,rcb
598033,2,false,5,35,5bdcdb72,caught,d2a989fc,true,rcb,mi
598033,2,false,6,42,db584dad,caught,8b5b6769,true,rcb,mi
598033,2,false,7,45,ba607b88,caught,d2a989fc,true,rcb,mi
598033,2,false,7,48,c4487b84,caught,d2a989fc,true,rcb,mi
598033,2,false,10,66,7daedf2f,stumped,8b5b6769,true,rcb,mi
598033,2,false,13,83,709b0bac,caught,35205dfc,true,rcb,mi
598033,2,false,13,86,c64c2443,caught,35205dfc,true,rcb,mi
598034,1,false,10,62,fe11caa6,caught,33a364a6,true,csk,kkr
598034,1,false,15,96,48fd7349,caught,9d430b40,true,csk,kkr
598034,1,false,19,118,1dc12ab9,run out,,false,csk,kkr
598034,2,false,2,19,bb345e0b,bowled,fb66ce1f,true,kkr,csk
598034,2,false,5,39,b8a55852,bowled,759ac88f,true,kkr,csk
598034,2,false,12,78,86dc8f2e,caught,87e562a9,true,kkr,csk
598034,2,false,18,117,5afd4539,run out,,false,kkr,csk
598035,1,false,4,27,d18f9182,caught,66b30f71,true,dc,pwi
598035,1,false,9,66,8ba8195d,caught,66b30f71,true,dc,pwi
598035,1,false,10,68,0c94f480,caught,5d9a1a73,true,dc,pwi
598035,1,false,13,90,27af6414,caught,a45a5e8d,true,dc,pwi
598035,1,false,19,126,99d63244,caught,66b30f71,true,dc,pwi
598035,2,false,10,64,1c17e270,caught,5fa06777,true,pwi,dc
598035,2,false,10,68,b8d490fd,caught,5fa06777,true,pwi,dc
598035,2,false,17,108,cca50cd6,caught,cc1e8c68,true,pwi,dc
598035,2,false,17,111,1c914163,caught,cc1e8c68,true,pwi,dc
598036,1,false,3,26,db584dad,caught,4329fbb5,true,rcb,rr
598036,1,false,7,51,6165bca6,bowled,3d7e087f,true,rcb,rr
598036,1,false,12,76,c4487b84,caught,6b8eb6e5,true,rcb,rr
598036,1,false,15,98,ba607b88,caught,4329fbb5,true,rcb,rr
598036,1,false,18,114,32198ae0,run out,,false,rcb,rr
598036,1,false,18,119,d68e7f48,caught,4329fbb5,true,rcb,rr
598036,2,false,2,17,29e95537,caught,d68e7f48,true,rr,rcb
598036,2,false,6,41,0184dc35,bowled,32198ae0,true,rr,rcb
598036,2,false,14,88,a4cc73aa,caught,d68e7f48,true,rr,rcb
598036,2,false,18,113,4329fbb5,caught,c3d1402f,true,rr,rcb
598036,2,false,19,118,b57f8a9a,bowled,41eb4a4f,true,rr,rcb
598036,2,false,19,119,7bf96684,run out,,false,rr,rcb
598037,1,false,2,16,d2c2b2d5,bowled,e938e1bc,true,mi,pbks
598037,1,false,7,47,c03f1114,bowled,ae78bc32,true,mi,pbks
598037,1,false,12,76,35205dfc,caught,98ae73b1,true,mi,pbks
598037,2,false,1,13,c3a96caf,bowled,a12e1d51,true,pbks,mi
598037,2,false,2,19,c03e2850,caught,f5180fe6,true,pbks,mi
598037,2,false,6,39,508a1ea7,caught,6c6591ab,true,pbks,mi
598037,2,false,8,54,fd835ab3,caught,6c6591ab,true,pbks,mi
598037,2,false,9,59,6eb146d2,caught,8b5b6769,true,pbks,mi
598037,2,false,13,82,9a158001,caught,8b5b6769,true,pbks,mi
598037,2,false,13,86,ae78bc32,caught,8b5b6769,true,pbks,mi
598037,2,false,16,105,98ae73b1,caught,d2a989fc,true,pbks,mi
598037,2,false,17,111,d67d5f00,caught,f5180fe6,true,pbks,mi
598037,2,false,19,126,e938e1bc,caught,d2a989fc,true,pbks,mi
598038,1,false,2,15,48fd7349,bowled,dfc4d8b5,true,csk,pwi
598038,1,false,5,34,fe11caa6,lbw,5d9a1a73,true,csk,pwi
598038,1,false,15,94,3576e47e,caught,cca50cd6,true,csk,pwi
598038,2,false,2,18,b8d490fd,caught,759ac88f,true,pwi,csk
598038,2,false,2,19,aaa1b522,lbw,759ac88f,true,pwi,csk
598038,2,false,3,22,1c17e270,run out,,false,pwi,csk
598038,2,false,4,31,1c914163,caught,759ac88f,true,pwi,csk
598038,2,false,7,48,cca50cd6,run out,,false,pwi,csk
598038,2,false,9,58,a45a5e8d,run out,,false,pwi,csk
598038,2,false,14,89,30a45b23,caught and bowled,fe93fd9d,true,pwi,csk
598038,2,false,18,116,dfc4d8b5,caught,fb66ce1f,true,pwi,csk
598038,2,false,19,121,5d9a1a73,caught,87e562a9,true,pwi,csk
598039,1,false,4,30,d2c2b2d5,bowled,5bb1a1c4,true,mi,srh
598039,1,false,4,32,c03f1114,caught,5bb1a1c4,true,mi,srh
598039,1,false,12,76,740742ef,caught,6b19d823,true,mi,srh
598039,1,false,12,80,35205dfc,lbw,6b19d823,true,mi,srh
598039,2,false,2,14,2461eef2,caught,f5180fe6,true,srh,mi
598039,2,false,7,48,6b71e6cf,caught and bowled,8b5b6769,true,srh,mi
598039,2,false,17,106,94253925,caught,d2a989fc,true,srh,mi
598040,1,false,0,2,bb345e0b,run out,,false,kkr,dc
598040,1,false,2,15,5afd4539,bowled,cc1e8c68,true,kkr,dc
598040,1,false,5,37,3c6ffae8,caught,5bb5a915,true,kkr,dc
598040,1,false,7,48,d2a6c0e6,caught,9d80c5e1,true,kkr,dc
598040,1,false,8,53,86dc8f2e,caught,5fa06777,true,kkr,dc
598040,1,false,15,96,7050a1e7,caught,96fd40ae,true,kkr,dc
598040,1,false,18,115,287686fd,caught,cc1e8c68,true,kkr,dc
598040,2,false,3,23,8ba8195d,caught,86dc8f2e,true,dc,kkr
598040,2,false,4,26,d18f9182,caught,b2b50355,true,dc,kkr
598040,2,false,16,102,0c94f480,caught,dd09ff8e,true,dc,kkr
598041,1,false,3,23,fe11caa6,caught,1a0c3177,true,csk,pbks
598041,1,false,11,68,48fd7349,stumped,98ae73b1,true,csk,pbks
598041,1,false,12,74,4a8a2e3b,run out,,false,csk,pbks
598041,1,false,18,112,c3d35165,caught,1a0c3177,true,csk,pbks
598041,2,false,1,12,b63ab531,bowled,759ac88f,true,pbks,csk
598041,2,false,5,36,c3a96caf,caught,759ac88f,true,pbks,csk
598041,2,false,10,63,fd835ab3,caught,495d42a5,true,pbks,csk
598041,2,false,19,115,508a1ea7,bowled,87e562a9,true,pbks,csk
598041,2,false,19,116,6eb146d2,caught,87e562a9,true,pbks,csk
598041,2,false,19,119,626c5379,lbw,87e562a9,true,pbks,csk
598042,1,false,6,40,db584dad,caught,aaa1b522,true,rcb,pwi
598042,1,false,12,81,ba607b88,bowled,66b30f71,true,rcb,pwi
598042,1,false,15,94,709b0bac,caught,66b30f71,true,rcb,pwi
598042,2,false,2,18,b8d490fd,bowled,32198ae0,true,pwi,rcb
598042,2,false,6,44,aaa1b522,run out,,false,pwi,rcb
598042,2,false,10,64,1c914163,caught,41eb4a4f,true,pwi,rcb
598042,2,false,10,68,30a45b23,caught,41eb4a4f,true,pwi,rcb
598042,2,false,16,102,896d78ad,caught,41eb4a4f,true,pwi,rcb
598042,2,false,17,108,a45a5e8d,caught,abfeb126,true,pwi,rcb
598042,2,false,17,111,1c17e270,caught,abfeb126,true,pwi,rcb
598042,2,false,18,116,2e81a32d,caught,c3d1402f,true,pwi,rcb
598042,2,false,19,120,ea0cdc12,lbw,db584dad,true,pwi,rcb
598043,1,false,3,21,29e95537,stumped,4c4fa80b,true,rr,kkr
598043,1,false,4,29,808f425a,caught,85aae393,true,rr,kkr
598043,1,false,10,70,4329fbb5,lbw,9d430b40,true,rr,kkr
598043,1,false,12,79,063b3673,bowled,4c4fa80b,true,rr,kkr
598043,1,false,17,111,a4cc73aa,caught,33a364a6,true,rr,kkr
598043,1,false,19,123,7bf96684,bowled,86dc8f2e,true,rr,kkr
598043,2,false,5,35,bb345e0b,stumped,4329fbb5,true,kkr,rr
598043,2,false,7,46,5afd4539,caught,29d72eb2,true,kkr,rr
598044,1,false,3,22,d18f9182,lbw,5bb1a1c4,true,dc,srh
598044,1,false,7,45,8ba8195d,bowled,c03c6200,true,dc,srh
598044,1,false,10,67,0c94f480,bowled,8fd1a8f5,true,dc,srh
598044,1,false,11,70,dcce6f09,stumped,6b19d823,true,dc,srh
598044,1,false,12,76,99d63244,caught and bowled,119678fd,true,dc,srh
598044,1,false,14,91,9868bc75,caught,c03c6200,true,dc,srh
598044,1,false,16,102,7c503806,caught,0f12f9df,true,dc,srh
598044,1,false,17,109,9d80c5e1,run out,,false,dc,srh
598044,1,false,18,111,5fa06777,bowled,8fd1a8f5,true,dc,srh
598044,1,false,19,117,96fd40ae,bowled,0f12f9df,true,dc,srh
598044,2,false,4,28,0a476045,lbw,7c503806,true,srh,dc
598044,2,false,5,37,1c2a64cd,caught,96fd40ae,true,srh,dc
598044,2,false,6,42,b5da6c24,stumped,9868bc75,true,srh,dc
598044,2,false,11,69,6b71e6cf,caught,7c503806,true,srh,dc
598045,1,false,4,25,d4f9dbd4,caught,1a0c3177,true,rcb,pbks
598045,1,false,18,117,db584dad,bowled,1a0c3177,true,rcb,pbks
598045,1,false,18,119,c4487b84,bowled,1a0c3177,true,rcb,pbks
598045,1,false,19,122,ba607b88,lbw,9a158001,true,rcb,pbks
598045,1,false,19,126,b17e2f24,caught,9a158001,true,rcb,pbks
598045,2,false,2,18,508a1ea7,bowled,91a4a398,true,pbks,rcb
598045,2,false,15,96,9a158001,caught,1e66c162,true,pbks,rcb
598045,2,false,16,105,d67d5f00,bowled,4ba44e19,true,pbks,rcb
598046,1,false,6,44,d2c2b2d5,lbw,fe93fd9d,true,mi,csk
598046,1,false,7,49,35205dfc,caught and bowled,87e562a9,true,mi,csk
598046,1,false,9,58,a757b0d8,caught,fe93fd9d,true,mi,csk
598046,1,false,11,74,c03f1114,caught,fe93fd9d,true,mi,csk
598046,1,false,15,94,70d205c9,bowled,495d42a5,true,mi,csk
598046,2,false,2,13,4b57e452,bowled,f5180fe6,true,csk,mi
598046,2,false,2,14,1dc12ab9,caught,f5180fe6,true,csk,mi
598046,2,false,2,17,3576e47e,lbw,f5180fe6,true,csk,mi
598046,2,false,3,24,87e562a9,caught,cedc1d9a,true,csk,mi
598046,2,false,6,41,495d42a5,bowled,8b5b6769,true,csk,mi
598046,2,false,9,56,48fd7349,caught,6c6591ab,true,csk,mi
598046,2,false,11,69,4a8a2e3b,caught,6c6591ab,true,csk,mi
598046,2,false,12,75,fb66ce1f,bowled,a12e1d51,true,csk,mi
598046,2,false,12,78,759ac88f,caught,a12e1d51,true,csk,mi
598046,2,false,15,96,fe93fd9d,caught,6c6591ab,true,csk,mi
598047,1,false,10,71,b8d490fd,bowled,557153ca,true,pwi,rr
598047,1,false,13,90,1c914163,caught,3d7e087f,true,pwi,rr
598047,1,false,15,98,1c17e270,run out,,false,pwi,rr
598047,1,false,19,125,896d78ad,caught,808f425a,true,pwi,rr
598047,2,false,11,74,0184dc35,caught,896d78ad,true,rr,pwi
598047,2,false,14,92,4329fbb5,bowled,3a60e0b5,true,rr,pwi
598047,2,false,15,99,29e95537,caught,2e81a32d,true,rr,pwi
598047,2,false,17,106,b57f8a9a,caught,3a60e0b5,true,rr,pwi
598047,2,false,19,119,a4cc73aa,caught,3a60e0b5,true,rr,pwi
598048,1,false,2,13,2461eef2,caught,c3d1402f,true,srh,rcb
598048,1,false,7,47,b5da6c24,bowled,4ba44e19,true,srh,rcb
598048,1,false,10,62,6b71e6cf,caught,abfeb126,true,srh,rcb
598048,1,false,17,110,0f12f9df,bowled,c3d1402f,true,srh,rcb
598048,1,false,18,119,d0513f63,caught,41eb4a4f,true,srh,rcb
598048,1,false,19,120,1c2a64cd,bowled,c3d1402f,true,srh,rcb
598048,2,false,5,31,00ea847a,caught,0f12f9df,true,rcb,srh
598048,2,false,6,38,db584dad,caught,5bb1a1c4,true,rcb,srh
598048,2,false,11,73,c4487b84,caught,d0513f63,true,rcb,srh
598049,1,false,1,13,8ba8195d,bowled,808f425a,true,dc,rr
598049,1,false,2,19,30a2649b,caught,4329fbb5,true,dc,rr
598049,1,false,7,48,dcce6f09,caught,bd17b45f,true,dc,rr
598049,1,false,11,75,d18f9182,caught,3d7e087f,true,dc,rr
598049,2,false,13,87,0184dc35,caught,dcf81436,true,rr,dc
598050,1,false,12,82,d2c2b2d5,bowled,33a364a6,true,mi,kkr
598050,1,false,13,85,35205dfc,caught,85aae393,true,mi,kkr
598050,1,false,17,107,740742ef,caught,c654af19,true,mi,kkr
598050,1,false,17,111,a757b0d8,caught,c654af19,true,mi,kkr
598050,1,false,17,112,70d205c9,run out,,false,mi,kkr
598050,1,false,18,116,8b5b6769,run out,,false,mi,kkr
598050,2,false,0,4,bb345e0b,bowled,f5180fe6,true,kkr,mi
598050,2,false,6,37,5afd4539,stumped,6c6591ab,true,kkr,mi
598050,2,false,8,51,3c6ffae8,bowled,6c6591ab,true,kkr,mi
598050,2,false,9,59,86dc8f2e,caught,8b5b6769,true,kkr,mi
598050,2,false,12,74,d2a6c0e6,caught,2af1b6d2,true,kkr,mi
598050,2,false,13,84,7050a1e7,caught and bowled,8b5b6769,true,kkr,mi
598050,2,false,14,85,c654af19,run out,,false,kkr,mi
598050,2,false,15,96,33a364a6,caught,8b5b6769,true,kkr,mi
598050,2,false,17,106,9d430b40,caught,f5180fe6,true,kkr,mi
598050,2,false,18,110,b2b50355,bowled,a12e1d51,true,kkr,mi
598051,1,false,5,33,4b57e452,caught,0f12f9df,true,csk,srh
598051,1,false,17,109,48fd7349,bowled,0f12f9df,true,csk,srh
598051,1,false,17,112,4a8a2e3b,caught,0f12f9df,true,csk,srh
598051,2,false,1,11,0a476045,run out,,false,srh,csk
598051,2,false,5,36,6b71e6cf,caught,495d42a5,true,srh,csk
598051,2,false,7,50,94253925,caught,1dc12ab9,true,srh,csk
598051,2,false,8,53,c03c6200,caught,759ac88f,true,srh,csk
598051,2,false,8,57,b5da6c24,caught,759ac88f,true,srh,csk
598051,2,false,12,80,0f12f9df,caught,87e562a9,true,srh,csk
598051,2,false,15,95,6b19d823,run out,,false,srh,csk
598051,2,false,19,122,8fd1a8f5,caught,fb66ce1f,true,srh,csk
598052,1,false,0,3,c3a96caf,caught and bowled,99b202b3,true,pbks,rr
598052,1,false,13,83,2b6e6dec,caught and bowled,557153ca,true,pbks,rr
598052,1,false,14,89,fd835ab3,bowled,4329fbb5,true,pbks,rr
598052,1,false,18,114,508a1ea7,bowled,557153ca,true,pbks,rr
598052,1,false,18,116,d67d5f00,caught,557153ca,true,pbks,rr
598052,1,false,19,121,ae78bc32,caught,808f425a,true,pbks,rr
598052,2,false,1,8,0184dc35,bowled,c18496e1,true,rr,pbks
598052,2,false,9,58,4329fbb5,bowled,98ae73b1,true,rr,pbks
598053,1,false,5,34,5afd4539,stumped,2e81a32d,true,kkr,pwi
598053,1,false,6,44,86dc8f2e,caught,9170ff49,true,kkr,pwi
598053,1,false,11,72,d2a6c0e6,caught,3d8feaf8,true,kkr,pwi
598053,1,false,13,86,bb345e0b,caught,3d8feaf8,true,kkr,pwi
598053,1,false,15,97,3c6ffae8,caught,2e81a32d,true,kkr,pwi
598053,1,false,18,115,4ec07775,caught,2e81a32d,true,kkr,pwi
598053,2,false,2,17,b8d490fd,bowled,86dc8f2e,true,pwi,kkr
598053,2,false,3,22,1c914163,caught,b2b50355,true,pwi,kkr
598053,2,false,7,46,91b9300b,bowled,85aae393,true,pwi,kkr
598053,2,false,10,68,1c17e270,caught,85aae393,true,pwi,kkr
598053,2,false,13,87,3d8feaf8,caught,33a364a6,true,pwi,kkr
598053,2,false,16,100,896d78ad,caught,9d430b40,true,pwi,kkr
598053,2,false,17,111,de8d3876,caught,86dc8f2e,true,pwi,kkr
598053,2,false,18,112,3a60e0b5,caught,9d430b40,true,pwi,kkr
598053,2,false,19,118,2e81a32d,bowled,b2b50355,true,pwi,kkr
598053,2,false,19,120,9170ff49,caught and bowled,b2b50355,true,pwi,kkr
598054,1,false,1,12,db584dad,bowled,5fa06777,true,rcb,dc
598054,1,false,4,32,d4f9dbd4,bowled,dcf81436,true,rcb,dc
598054,1,false,13,84,32198ae0,caught and bowled,9d80c5e1,true,rcb,dc
598054,1,false,19,124,ba607b88,run out,,false,rcb,dc
598054,2,false,3,19,d18f9182,bowled,1e66c162,true,dc,rcb
598054,2,false,5,33,8ba8195d,caught,1e66c162,true,dc,rcb
598054,2,false,6,42,dcce6f09,bowled,32198ae0,true,dc,rcb
598054,2,false,14,88,27af6414,bowled,41eb4a4f,true,dc,rcb
598054,2,false,16,100,0c94f480,caught,1e66c162,true,dc,rcb
598054,2,false,16,102,99d63244,caught,1e66c162,true,dc,rcb
598054,2,false,19,124,5bb5a915,bowled,1e66c162,true,dc,rcb
598055,1,false,2,17,b8d490fd,caught,f5180fe6,true,pwi,mi
598055,1,false,4,29,1c17e270,lbw,a12e1d51,true,pwi,mi
598055,1,false,12,79,93b4fc78,caught,a12e1d51,true,pwi,mi
598055,1,false,13,82,896d78ad,run out,,false,pwi,mi
598055,1,false,13,84,1c914163,lbw,8b5b6769,true,pwi,mi
598055,1,false,17,106,dfc4d8b5,caught,f5180fe6,true,pwi,mi
598055,1,false,19,118,a45a5e8d,caught,2af1b6d2,true,pwi,mi
598055,1,false,19,121,2e81a32d,caught,2af1b6d2,true,pwi,mi
598055,2,false,0,1,35205dfc,bowled,66b30f71,true,mi,pwi
598055,2,false,4,29,d2c2b2d5,caught,ea0cdc12,true,mi,pwi
598055,2,false,7,46,c03f1114,caught,1c914163,true,mi,pwi
598055,2,false,15,99,70d205c9,caught,66b30f71,true,mi,pwi
598055,2,false,18,113,740742ef,caught,dfc4d8b5,true,mi,pwi
598056,1,false,4,26,0a476045,caught and bowled,2a72fd4f,true,srh,pbks
598056,1,false,5,34,94253925,caught,ce820073,true,srh,pbks
598056,1,false,7,48,d0513f63,lbw,ce820073,true,srh,pbks
598056,1,false,7,49,53f27a35,bowled,ce820073,true,srh,pbks
598056,1,false,8,53,c03c6200,lbw,98ae73b1,true,srh,pbks
598056,1,false,14,90,119678fd,caught,1a0c3177,true,srh,pbks
598056,1,false,18,115,b5da6c24,run out,,false,srh,pbks
598056,2,false,0,5,c3a96caf,caught,8fd1a8f5,true,pbks,srh
598056,2,false,7,44,508a1ea7,caught,c03c6200,true,pbks,srh
598056,2,false,7,45,2b6e6dec,bowled,c03c6200,true,pbks,srh
598056,2,false,9,59,d67d5f00,caught,c03c6200,true,pbks,srh
598056,2,false,16,103,626c5379,run out,,false,pbks,srh
598056,2,false,17,106,98ae73b1,caught,0f12f9df,true,pbks,srh
598056,2,false,18,111,e938e1bc,bowled,8fd1a8f5,true,pbks,srh
598056,2,false,19,117,2a72fd4f,run out,,false,pbks,srh
598056,2,false,19,120,1a0c3177,caught,c03c6200,true,pbks,srh
598057,1,false,4,28,d4f9dbd4,caught,4c4fa80b,true,rcb,kkr
598057,1,false,8,53,ba607b88,bowled,86dc8f2e,true,rcb,kkr
598057,1,false,13,80,db584dad,stumped,9d430b40,true,rcb,kkr
598057,1,false,15,96,c4487b84,caught,b2b50355,true,rcb,kkr
598057,1,false,16,99,709b0bac,lbw,9d430b40,true,rcb,kkr
598057,1,false,17,104,32198ae0,caught,86dc8f2e,true,rcb,kkr
598057,1,false,18,111,d68e7f48,lbw,9d430b40,true,rcb,kkr
598057,1,false,18,113,66cf56a5,caught,9d430b40,true,rcb,kkr
598057,1,false,19,119,abfeb126,bowled,b2b50355,true,rcb,kkr
598057,2,false,0,2,5afd4539,caught,d68e7f48,true,kkr,rcb
598057,2,false,5,36,bb345e0b,caught,41eb4a4f,true,kkr,rcb
598057,2,false,10,65,3c6ffae8,lbw,abfeb126,true,kkr,rcb
598057,2,false,16,104,86dc8f2e,caught,66cf56a5,true,kkr,rcb
598057,2,false,17,110,26e5cabf,caught,41eb4a4f,true,kkr,rcb
598058,1,false,11,71,48fd7349,bowled,bd17b45f,true,csk,rr
598058,1,false,12,75,1dc12ab9,caught,557153ca,true,csk,rr
598058,1,false,12,79,4a8a2e3b,caught,557153ca,true,csk,rr
598058,1,false,17,107,4b57e452,run out,,false,csk,rr
598058,2,false,3,19,29e95537,caught,0f721006,true,rr,csk
598058,2,false,3,22,808f425a,bowled,0f721006,true,rr,csk
598058,2,false,4,28,a4cc73aa,caught,759ac88f,true,rr,csk
598058,2,false,9,56,0184dc35,caught,fb66ce1f,true,rr,csk
598058,2,false,16,102,4329fbb5,bowled,87e562a9,true,rr,csk
598059,1,false,0,4,d18f9182,caught,e938e1bc,true,dc,pbks
598059,1,false,3,21,05c2ca46,caught,1a0c3177,true,dc,pbks
598059,1,false,6,44,8ba8195d,caught,2a72fd4f,true,dc,pbks
598059,1,false,13,83,605b7efa,caught,2a72fd4f,true,dc,pbks
598059,1,false,13,86,99d63244,caught,2a72fd4f,true,dc,pbks
598059,1,false,14,91,7c503806,caught,dc4686e6,true,dc,pbks
598059,1,false,17,107,dcce6f09,bowled,e938e1bc,true,dc,pbks
598059,2,false,0,3,2b6e6dec,caught,5fa06777,true,pbks,dc
598059,2,false,4,29,b63ab531,bowled,05c2ca46,true,pbks,dc
598059,2,false,4,30,c3a96caf,run out,,false,pbks,dc
598059,2,false,9,57,c03e2850,caught and bowled,7c503806,true,pbks,dc
598059,2,false,15,96,fd835ab3,caught,96fd40ae,true,pbks,dc
598060,1,false,3,26,b5da6c24,caught,a12e1d51,true,srh,mi
598060,1,false,12,82,0a476045,caught,f5180fe6,true,srh,mi
598060,1,false,18,116,94253925,caught,a12e1d51,true,srh,mi
598060,2,false,3,22,35205dfc,bowled,5bb1a1c4,true,mi,srh
598060,2,false,11,74,d2c2b2d5,retired hurt,,false,mi,srh
598060,2,false,11,76,c03f1114,caught,119678fd,true,mi,srh
598060,2,false,13,84,70d205c9,stumped,119678fd,true,mi,srh
598061,1,false,5,34,1c17e270,bowled,4c4fa80b,true,pwi,kkr
598061,1,false,12,77,b8d490fd,bowled,b2b50355,true,pwi,kkr
598061,1,false,19,118,93b4fc78,run out,,false,pwi,kkr
598061,1,false,19,121,1c914163,caught,86dc8f2e,true,pwi,kkr
598061,2,false,1,13,5afd4539,lbw,3a60e0b5,true,kkr,pwi
598061,2,false,3,27,86dc8f2e,bowled,3a60e0b5,true,kkr,pwi
598061,2,false,4,31,bb345e0b,caught,e0407c01,true,kkr,pwi
598061,2,false,15,98,4ec07775,run out,,false,kkr,pwi
598061,2,false,16,101,26e5cabf,caught,2e81a32d,true,kkr,pwi
598061,2,false,17,110,3c6ffae8,obstructing the field,,false,kkr,pwi
598061,2,false,19,121,33a364a6,run out,,false,kkr,pwi
598062,1,false,7,46,4b57e452,run out,,false,csk,dc
598062,1,false,9,59,48fd7349,caught,cc1e8c68,true,csk,dc
598062,1,false,10,67,1dc12ab9,caught,05c2ca46,true,csk,dc
598062,1,false,16,106,fe93fd9d,bowled,cc1e8c68,true,csk,dc
598062,2,false,0,2,8ba8195d,caught,759ac88f,true,dc,csk
598062,2,false,4,29,0c94f480,caught,759ac88f,true,dc,csk
598062,2,false,6,40,7c503806,caught,495d42a5,true,dc,csk
598062,2,false,7,50,99d63244,caught,c3d35165,true,dc,csk
598062,2,false,9,60,27af6414,caught,c3d35165,true,dc,csk
598062,2,false,14,92,05c2ca46,caught,495d42a5,true,dc,csk
598062,2,false,16,103,dcce6f09,caught,c3d35165,true,dc,csk
598062,2,false,17,110,5fa06777,bowled,87e562a9,true,dc,csk
598062,2,false,17,111,96fd40ae,caught,87e562a9,true,dc,csk
598063,1,false,3,20,b681e71e,lbw,4329fbb5,true,mi,rr
598063,1,false,11,73,c03f1114,caught,6aed7e79,true,mi,rr
598063,1,false,12,78,855a210c,caught,557153ca,true,mi,rr
598063,1,false,15,98,740742ef,caught,808f425a,true,mi,rr
598063,1,false,16,104,a757b0d8,run out,,false,mi,rr
598063,1,false,17,111,70d205c9,caught,4329fbb5,true,mi,rr
598063,1,false,19,121,f5180fe6,caught,808f425a,true,mi,rr
598063,1,false,19,124,a12e1d51,run out,,false,mi,rr
598063,2,false,0,6,0184dc35,caught,f5180fe6,true,rr,mi
598063,2,false,3,23,808f425a,caught,d2a989fc,true,rr,mi
598063,2,false,4,29,a4cc73aa,caught,f5180fe6,true,rr,mi
598063,2,false,5,35,29e95537,caught,d2a989fc,true,rr,mi
598063,2,false,9,58,4329fbb5,caught,6c6591ab,true,rr,mi
598063,2,false,12,80,063b3673,bowled,8b5b6769,true,rr,mi
598063,2,false,19,119,b57f8a9a,lbw,a12e1d51,true,rr,mi
598064,1,false,11,70,db584dad,bowled,ae78bc32,true,rcb,pbks
598064,1,false,15,95,d4f9dbd4,bowled,ae78bc32,true,rcb,pbks
598064,1,false,16,106,ba607b88,caught,1a0c3177,true,rcb,pbks
598064,2,false,2,15,508a1ea7,caught,d68e7f48,true,pbks,rcb
598064,2,false,4,27,c3a96caf,caught,41eb4a4f,true,pbks,rcb
598064,2,false,7,47,6eb146d2,lbw,abfeb126,true,pbks,rcb
598064,2,false,9,60,fd835ab3,caught,abfeb126,true,pbks,rcb
598065,1,false,1,7,b5da6c24,bowled,808f425a,true,srh,rr
598065,1,false,1,12,0a476045,caught,808f425a,true,srh,rr
598065,1,false,2,16,d0513f63,caught,4329fbb5,true,srh,rr
598065,1,false,10,65,94253925,caught,3d7e087f,true,srh,rr
598065,1,false,16,101,c03c6200,caught,808f425a,true,srh,rr
598065,1,false,18,114,53f27a35,caught,808f425a,true,srh,rr
598065,1,false,18,118,8fd1a8f5,bowled,808f425a,true,srh,rr
598065,1,false,19,123,119678fd,run out,,false,srh,rr
598065,1,false,19,124,6b19d823,run out,,false,srh,rr
598065,2,false,7,45,0184dc35,run out,,false,rr,srh
598065,2,false,8,52,29e95537,caught,119678fd,true,rr,srh
598065,2,false,11,71,a4cc73aa,caught,6b19d823,true,rr,srh
598065,2,false,13,82,4329fbb5,caught,0f12f9df,true,rr,srh
598065,2,false,13,85,bd17b45f,bowled,0f12f9df,true,rr,srh
598065,2,false,15,96,dc9dd038,lbw,6b19d823,true,rr,srh
598065,2,false,16,100,808f425a,caught,119678fd,true,rr,srh
598065,2,false,17,104,b57f8a9a,bowled,8fd1a8f5,true,rr,srh
598065,2,false,19,119,557153ca,caught,8fd1a8f5,true,rr,srh
598066,1,false,1,10,c3a96caf,caught,26a85969,true,pbks,mi
598066,1,false,2,14,2b6e6dec,bowled,56ab442f,true,pbks,mi
598066,1,false,16,104,508a1ea7,bowled,8b5b6769,true,pbks,mi
598066,1,false,17,108,9a158001,lbw,a12e1d51,true,pbks,mi
598066,1,false,18,118,d67d5f00,caught,a757b0d8,true,pbks,mi
598066,1,false,19,119,6eb146d2,lbw,a12e1d51,true,pbks,mi
598066,1,false,19,123,98ae73b1,run out,,false,pbks,mi
598066,1,false,19,124,e938e1bc,bowled,a12e1d51,true,pbks,mi
598066,2,false,0,3,b681e71e,caught,e938e1bc,true,mi,pbks
598066,2,false,3,23,855a210c,bowled,ce820073,true,mi,pbks
598066,2,false,8,53,70d205c9,caught,1a0c3177,true,mi,pbks
598066,2,false,9,58,c03f1114,caught and bowled,98ae73b1,true,mi,pbks
598066,2,false,11,73,740742ef,bowled,98ae73b1,true,mi,pbks
598066,2,false,15,99,a757b0d8,caught,ce820073,true,mi,pbks
598066,2,false,16,104,26a85969,lbw,9a158001,true,mi,pbks
598066,2,false,18,113,56ab442f,bowled,9a158001,true,mi,pbks
598066,2,false,19,118,8b5b6769,caught,2b6e6dec,true,mi,pbks
598067,1,false,5,32,1c17e270,caught,cc1e8c68,true,pwi,dc
598067,1,false,9,59,93b4fc78,bowled,9d80c5e1,true,pwi,dc
598067,1,false,11,73,b8d490fd,caught,dcf81436,true,pwi,dc
598067,1,false,13,82,1c914163,caught,5fa06777,true,pwi,dc
598067,1,false,19,121,cca50cd6,caught,dcf81436,true,pwi,dc
598067,2,false,2,15,dcce6f09,caught,3a60e0b5,true,dc,pwi
598067,2,false,4,33,d18f9182,caught,ef5da05c,true,dc,pwi
598067,2,false,7,48,8ba8195d,caught,ef5da05c,true,dc,pwi
598067,2,false,7,49,5451a2c1,lbw,ef5da05c,true,dc,pwi
598067,2,false,9,62,27af6414,bowled,66b30f71,true,dc,pwi
598067,2,false,16,107,30a2649b,caught,896d78ad,true,dc,pwi
598067,2,false,16,109,5bb5a915,caught,896d78ad,true,dc,pwi
598067,2,false,18,118,5fa06777,caught,896d78ad,true,dc,pwi
598067,2,false,19,126,9d80c5e1,caught,66b30f71,true,dc,pwi
598068,1,false,5,33,db584dad,caught,87e562a9,true,rcb,csk
598068,1,false,6,38,c4487b84,caught,759ac88f,true,rcb,csk
598068,2,false,1,9,48fd7349,caught,91a4a398,true,csk,rcb
598068,2,false,1,10,1dc12ab9,caught,91a4a398,true,csk,rcb
598068,2,false,3,25,87e562a9,caught,41eb4a4f,true,csk,rcb
598068,2,false,6,38,4b57e452,caught,d68e7f48,true,csk,rcb
598068,2,false,7,48,4a8a2e3b,caught,91a4a398,true,csk,rcb
598068,2,false,7,50,fe93fd9d,caught and bowled,91a4a398,true,csk,rcb
598069,1,false,4,28,5afd4539,caught,0f12f9df,true,kkr,srh
598069,1,false,7,46,bb345e0b,run out,,false,kkr,srh
598069,1,false,10,67,d2a6c0e6,lbw,119678fd,true,kkr,srh
598069,1,false,15,94,86dc8f2e,caught,8fd1a8f5,true,kkr,srh
598069,1,false,16,100,4ec07775,lbw,6b19d823,true,kkr,srh
598069,1,false,18,112,2728e7e9,caught,8fd1a8f5,true,kkr,srh
598069,1,false,19,118,9d430b40,caught,d2340a43,true,kkr,srh
598069,2,false,11,70,0a476045,lbw,85aae393,true,srh,kkr
598069,2,false,13,84,b5da6c24,lbw,85aae393,true,srh,kkr
598069,2,false,14,89,d0513f63,run out,,false,srh,kkr
598069,2,false,15,97,94253925,caught,85aae393,true,srh,kkr
598069,2,false,17,111,0f12f9df,bowled,8cf9814c,true,srh,kkr
598070,1,false,7,44,4b57e452,caught,a757b0d8,true,csk,mi
598070,2,false,1,10,855a210c,caught,c3d35165,true,mi,csk
598070,2,false,8,51,35205dfc,caught,fe93fd9d,true,mi,csk
598070,2,false,10,64,c03f1114,lbw,fe93fd9d,true,mi,csk
598070,2,false,11,73,740742ef,caught,fb66ce1f,true,mi,csk
598070,2,false,14,90,a757b0d8,caught,fe93fd9d,true,mi,csk
598070,2,false,15,96,8b5b6769,caught,87e562a9,true,mi,csk
598070,2,false,17,107,f5180fe6,caught,87e562a9,true,mi,csk
598070,2,false,17,110,a12e1d51,caught,87e562a9,true,mi,csk
598070,2,false,18,112,70d205c9,caught,759ac88f,true,mi,csk
598070,2,false,18,114,6c6591ab,caught,759ac88f,true,mi,csk
598071,1,false,0,6,b5da6c24,caught,5f26df4f,true,srh,rr
598071,1,false,2,15,94253925,caught,5f26df4f,true,srh,rr
598071,1,false,10,66,d0513f63,caught,3d7e087f,true,srh,rr
598071,1,false,15,95,0a476045,caught,808f425a,true,srh,rr
598071,1,false,17,107,c03c6200,run out,,false,srh,rr
598071,1,false,17,112,0f12f9df,caught,4329fbb5,true,srh,rr
598071,1,false,19,121,53f27a35,run out,,false,srh,rr
598071,2,false,1,12,0184dc35,caught,5bb1a1c4,true,rr,srh
598071,2,false,6,40,4329fbb5,caught,119678fd,true,rr,srh
598071,2,false,7,46,063b3673,bowled,c03c6200,true,rr,srh
598071,2,false,8,50,29e95537,caught and bowled,6b19d823,true,rr,srh
598071,2,false,9,60,bd17b45f,bowled,c03c6200,true,rr,srh
598071,2,false,15,95,a4cc73aa,lbw,8fd1a8f5,true,rr,srh
598072,1,false,6,40,29e95537,bowled,8b5b6769,true,rr,mi
598072,1,false,8,53,4329fbb5,caught,8b5b6769,true,rr,mi
598072,1,false,9,59,a4cc73aa,caught,a12e1d51,true,rr,mi
598072,1,false,12,74,0184dc35,caught,8b5b6769,true,rr,mi
598072,1,false,15,93,bd17b45f,caught,a757b0d8,true,rr,mi
598072,1,false,15,95,557153ca,caught,a757b0d8,true,rr,mi
598072,2,false,9,57,855a210c,caught,557153ca,true,mi,rr
598072,2,false,14,88,c03f1114,caught,557153ca,true,mi,rr
598072,2,false,15,98,740742ef,bowled,3d7e087f,true,mi,rr
598072,2,false,16,102,35205dfc,caught,bd17b45f,true,mi,rr
598072,2,false,17,108,a757b0d8,caught,808f425a,true,mi,rr
598072,2,false,19,120,70d205c9,bowled,4329fbb5,true,mi,rr
598073,1,false,0,4,35205dfc,lbw,759ac88f,true,mi,csk
598073,1,false,1,7,855a210c,bowled,c3d35165,true,mi,csk
598073,1,false,3,20,740742ef,caught and bowled,c3d35165,true,mi,csk
598073,1,false,9,58,c03f1114,bowled,fb66ce1f,true,mi,csk
598073,1,false,15,93,70d205c9,bowled,87e562a9,true,mi,csk
598073,1,false,17,110,8b5b6769,caught,87e562a9,true,mi,csk
598073,1,false,18,115,26a85969,run out,,false,mi,csk
598073,1,false,19,118,f5180fe6,caught,87e562a9,true,mi,csk
598073,1,false,19,120,a12e1d51,caught,87e562a9,true,mi,csk
598073,2,false,0,4,48fd7349,bowled,a12e1d51,true,csk,mi
598073,2,false,0,5,1dc12ab9,caught,a12e1d51,true,csk,mi
598073,2,false,1,10,3576e47e,caught,f5180fe6,true,csk,mi
598073,2,false,5,38,87e562a9,caught,26a85969,true,csk,mi
598073,2,false,6,42,fe93fd9d,caught,8b5b6769,true,csk,mi
598073,2,false,7,47,4b57e452,caught,f5180fe6,true,csk,mi
598073,2,false,10,69,c3d35165,bowled,6c6591ab,true,csk,mi
598073,2,false,11,72,fb66ce1f,caught,8b5b6769,true,csk,mi
598073,2,false,17,110,495d42a5,caught,a757b0d8,true,csk,mi
729279,1,false,1,11,bb345e0b,bowled,a12e1d51,true,kkr,mi
729279,1,false,16,105,93b4fc78,bowled,a12e1d51,true,kkr,mi
729279,1,false,17,111,1c17e270,caught,91a4a398,true,kkr,mi
729279,1,false,18,113,86dc8f2e,caught,a12e1d51,true,kkr,mi
729279,1,false,18,118,7dc35884,caught,a12e1d51,true,kkr,mi
729279,2,false,4,28,48fd7349,bowled,9d430b40,true,mi,kkr
729279,2,false,7,47,855a210c,caught and bowled,7dc35884,true,mi,kkr
729279,2,false,15,92,740742ef,caught,5bb5a915,true,mi,kkr
729279,2,false,16,97,70d205c9,stumped,9d430b40,true,mi,kkr
729279,2,false,18,110,8abdf100,bowled,9d430b40,true,mi,kkr
729279,2,false,18,112,8b5b6769,bowled,9d430b40,true,mi,kkr
729279,2,false,19,121,30a2649b,stumped,98ae73b1,true,mi,kkr
729281,1,false,2,19,00ea847a,caught,3fb19989,true,dc,rcb
729281,1,false,3,22,c03f1114,caught,c3d35165,true,dc,rcb
729281,1,false,4,26,26e5cabf,caught,0a3d54b9,true,dc,rcb
729281,1,false,7,46,4b57e452,bowled,57ee1fde,true,dc,rcb
729281,2,false,1,11,44afbf2d,caught,8cf9814c,true,rcb,dc
729281,2,false,8,55,b5da6c24,bowled,5d9a1a73,true,rcb,dc
729283,1,false,12,82,b8a55852,caught,2e171977,true,csk,pbks
729283,1,false,16,106,35205dfc,caught,b2b50355,true,csk,pbks
729283,1,false,18,120,1dc12ab9,caught,1a0c3177,true,csk,pbks
729283,1,false,19,128,4a8a2e3b,caught,b2b50355,true,csk,pbks
729283,2,false,2,18,8ba8195d,bowled,96fd40ae,true,pbks,csk
729283,2,false,3,23,d4f9dbd4,lbw,495d42a5,true,pbks,csk
729283,2,false,5,32,2e171977,lbw,495d42a5,true,pbks,csk
729283,2,false,15,99,b681e71e,bowled,35205dfc,true,pbks,csk
729285,1,false,0,5,b8d490fd,caught,d2a989fc,true,srh,rr
729285,1,false,11,72,0a476045,caught,33a364a6,true,srh,rr
729285,1,false,13,83,dcce6f09,caught,33a364a6,true,srh,rr
729285,1,false,16,107,b17e2f24,caught,d2a989fc,true,srh,rr
729285,1,false,17,110,c03c6200,caught,dfc4d8b5,true,srh,rr
729285,1,false,19,123,119678fd,caught,dfc4d8b5,true,srh,rr
729285,2,false,0,3,a45a5e8d,lbw,8fd1a8f5,true,rr,srh
729285,2,false,3,21,a4cc73aa,caught,2e81a32d,true,rr,srh
729285,2,false,6,39,4329fbb5,caught,5bb1a1c4,true,rr,srh
729285,2,false,15,98,29e95537,caught,6b19d823,true,rr,srh
729285,2,false,17,108,b57f8a9a,caught,6b19d823,true,rr,srh
729285,2,false,18,113,33a364a6,caught,8fd1a8f5,true,rr,srh
729287,1,false,3,24,48fd7349,caught,c3d35165,true,mi,rcb
729287,1,false,6,44,855a210c,caught,0a3d54b9,true,mi,rcb
729287,1,false,9,58,740742ef,caught,57ee1fde,true,mi,rcb
729287,1,false,11,71,a757b0d8,caught,57ee1fde,true,mi,rcb
729287,1,false,16,103,70d205c9,caught,3fb19989,true,mi,rcb
729287,1,false,16,104,8abdf100,caught,3fb19989,true,mi,rcb
729287,1,false,17,108,91a4a398,caught,66b30f71,true,mi,rcb
729287,1,false,18,117,8b5b6769,bowled,0a3d54b9,true,mi,rcb
729287,1,false,19,122,a12e1d51,run out,,false,mi,rcb
729287,2,false,2,18,44afbf2d,bowled,a12e1d51,true,rcb,mi
729287,2,false,3,21,ba607b88,caught,91a4a398,true,rcb,mi
729287,2,false,3,23,1c914163,lbw,91a4a398,true,rcb,mi
729289,1,false,0,2,86dc8f2e,caught,8cf9814c,true,kkr,dc
729289,1,false,1,13,bb345e0b,caught,56ab442f,true,kkr,dc
729289,1,false,10,73,93b4fc78,bowled,9d80c5e1,true,kkr,dc
729289,1,false,16,109,1c17e270,caught,1e66c162,true,kkr,dc
729289,1,false,19,126,3c6ffae8,bowled,56ab442f,true,kkr,dc
729289,2,false,0,5,4b57e452,run out,,false,dc,kkr
729289,2,false,3,25,00ea847a,caught,5bb5a915,true,dc,kkr
729289,2,false,6,43,b61a3e1a,bowled,86dc8f2e,true,dc,kkr
729289,2,false,14,89,c03f1114,lbw,9d430b40,true,dc,kkr
729289,2,false,15,98,26e5cabf,caught,5bb5a915,true,dc,kkr
729289,2,false,19,119,9219eff0,caught,98ae73b1,true,dc,kkr
729291,1,false,2,18,29e95537,run out,,false,rr,pbks
729291,1,false,6,39,a45a5e8d,lbw,abfeb126,true,rr,pbks
729291,1,false,13,82,4329fbb5,bowled,2e171977,true,rr,pbks
729291,1,false,15,96,bd17b45f,caught,f5180fe6,true,rr,pbks
729291,1,false,16,104,a4cc73aa,bowled,1a0c3177,true,rr,pbks
729291,2,false,1,11,8ba8195d,caught,d2a989fc,true,pbks,rr
729291,2,false,2,17,fe11caa6,caught,808f425a,true,pbks,rr
729291,2,false,13,86,b681e71e,caught,dfc4d8b5,true,pbks,rr
729293,1,false,3,21,b8a55852,caught,1e66c162,true,csk,dc
729293,1,false,10,68,35205dfc,bowled,9d80c5e1,true,csk,dc
729293,1,false,14,90,1dc12ab9,caught,9219eff0,true,csk,dc
729293,1,false,17,106,3355b542,caught,8cf9814c,true,csk,dc
729293,1,false,18,114,4a8a2e3b,caught,1e66c162,true,csk,dc
729293,1,false,18,116,fe93fd9d,caught,1e66c162,true,csk,dc
729293,1,false,19,122,495d42a5,run out,,false,csk,dc
729293,2,false,2,13,00ea847a,caught,e0407c01,true,dc,csk
729293,2,false,3,21,4b57e452,caught,759ac88f,true,dc,csk
729293,2,false,4,26,26e5cabf,caught,e0407c01,true,dc,csk
729293,2,false,8,49,2e8994e7,lbw,35205dfc,true,dc,csk
729293,2,false,9,57,b61a3e1a,caught,f3171936,true,dc,csk
729293,2,false,12,74,c03f1114,bowled,495d42a5,true,dc,csk
729293,2,false,13,84,9219eff0,caught,fe93fd9d,true,dc,csk
729293,2,false,14,88,8cf9814c,caught,495d42a5,true,dc,csk
729293,2,false,15,96,9d80c5e1,caught,fe93fd9d,true,dc,csk
729295,1,false,6,40,8ba8195d,caught,6b19d823,true,pbks,srh
729295,1,false,10,67,d4f9dbd4,caught,c03c6200,true,pbks,srh
729295,1,false,15,95,d67d5f00,caught,2e81a32d,true,pbks,srh
729295,1,false,17,111,b681e71e,caught,6b19d823,true,pbks,srh
729295,1,false,19,120,5056011d,caught,2e81a32d,true,pbks,srh
729295,1,false,19,124,f5180fe6,bowled,2e81a32d,true,pbks,srh
729295,2,false,1,9,0a476045,caught,f5180fe6,true,srh,pbks
729295,2,false,4,30,b8d490fd,bowled,b2b50355,true,srh,pbks
729295,2,false,4,33,dcce6f09,caught,b2b50355,true,srh,pbks
729295,2,false,6,46,fe763256,bowled,ce820073,true,srh,pbks
729295,2,false,10,67,5fa06777,bowled,2e171977,true,srh,pbks
729295,2,false,13,86,c03c6200,caught,b2b50355,true,srh,pbks
729295,2,false,14,90,b17e2f24,caught,2e171977,true,srh,pbks
729295,2,false,17,110,119678fd,caught,f5180fe6,true,srh,pbks
729295,2,false,18,116,8fd1a8f5,bowled,b2b50355,true,srh,pbks
729295,2,false,19,121,2e81a32d,caught,26a85969,true,srh,pbks
729297,1,false,5,33,b8a55852,caught,808f425a,true,csk,rr
729297,1,false,7,45,35205dfc,caught,bd17b45f,true,csk,rr
729297,1,false,8,51,1dc12ab9,caught,33a364a6,true,csk,rr
729297,1,false,10,62,3355b542,run out,,false,csk,rr
729297,1,false,11,68,4a8a2e3b,caught,6aed7e79,true,csk,rr
729297,1,false,14,91,c42aaf71,caught,33a364a6,true,csk,rr
729297,2,false,1,10,a45a5e8d,run out,,false,rr,csk
729297,2,false,5,33,29e95537,caught,495d42a5,true,rr,csk
729297,2,false,6,41,4329fbb5,caught,fe93fd9d,true,rr,csk
729297,2,false,6,42,a4cc73aa,caught and bowled,fe93fd9d,true,rr,csk
729297,2,false,10,66,bd17b45f,caught,759ac88f,true,rr,csk
729297,2,false,12,79,30a45b23,caught,fe93fd9d,true,rr,csk
729297,2,false,13,82,808f425a,caught,e0407c01,true,rr,csk
729297,2,false,14,87,13c35c9e,bowled,fe93fd9d,true,rr,csk
729297,2,false,18,113,33a364a6,caught,f3171936,true,rr,csk
729297,2,false,19,121,6aed7e79,run out,,false,rr,csk
729299,1,false,0,3,bb345e0b,lbw,3fb19989,true,kkr,rcb
729299,1,false,1,8,93b4fc78,caught,c3d35165,true,kkr,rcb
729299,1,false,11,71,45eda7c8,caught,0a3d54b9,true,kkr,rcb
729299,1,false,11,73,3c6ffae8,caught,0a3d54b9,true,kkr,rcb
729299,1,false,15,94,86dc8f2e,caught,57ee1fde,true,kkr,rcb
729299,1,false,17,105,1c17e270,caught,0a3d54b9,true,kkr,rcb
729299,1,false,19,124,41eb4a4f,caught,3fb19989,true,kkr,rcb
729299,2,false,7,47,4e04666c,lbw,86dc8f2e,true,rcb,kkr
729299,2,false,8,50,b5da6c24,caught,41eb4a4f,true,rcb,kkr
729299,2,false,15,97,ba607b88,bowled,9d430b40,true,rcb,kkr
729299,2,false,18,115,1c914163,caught,cc1e8c68,true,rcb,kkr
729299,2,false,19,121,c4487b84,caught,41eb4a4f,true,rcb,kkr
729301,1,false,6,40,0a476045,caught,9d80c5e1,true,srh,dc
729301,2,false,11,70,372455c4,caught,119678fd,true,dc,srh
729301,2,false,12,76,4b57e452,caught,c03c6200,true,dc,srh
729301,2,false,16,102,c03f1114,caught,8fd1a8f5,true,dc,srh
729301,2,false,16,103,39f01cdb,caught,8fd1a8f5,true,dc,srh
729303,1,false,1,12,48fd7349,bowled,f3171936,true,mi,csk
729303,1,false,4,28,855a210c,caught,759ac88f,true,mi,csk
729303,1,false,15,92,8abdf100,run out,,false,mi,csk
729303,1,false,17,106,740742ef,caught,f3171936,true,mi,csk
729303,1,false,18,109,70d205c9,caught,759ac88f,true,mi,csk
729303,1,false,18,112,a757b0d8,bowled,759ac88f,true,mi,csk
729303,1,false,18,114,8b5b6769,caught,759ac88f,true,mi,csk
729303,2,false,6,39,35205dfc,caught,6c6591ab,true,csk,mi
729303,2,false,7,47,1dc12ab9,stumped,8b5b6769,true,csk,mi
729303,2,false,15,98,3355b542,stumped,8b5b6769,true,csk,mi
729305,1,false,0,4,4e04666c,caught,bd17b45f,true,rcb,rr
729305,1,false,0,5,b5da6c24,run out,,false,rcb,rr
729305,1,false,2,13,1c914163,caught,dfc4d8b5,true,rcb,rr
729305,1,false,2,14,c4487b84,bowled,dfc4d8b5,true,rcb,rr
729305,1,false,5,33,90edaaa9,bowled,4329fbb5,true,rcb,rr
729305,1,false,8,53,c3d35165,caught,6aed7e79,true,rcb,rr
729305,1,false,10,64,ba607b88,caught,6aed7e79,true,rcb,rr
729305,1,false,13,85,3fb19989,caught,33a364a6,true,rcb,rr
729305,1,false,14,88,d68e7f48,caught,6aed7e79,true,rcb,rr
729305,1,false,14,91,66b30f71,lbw,6aed7e79,true,rcb,rr
729305,2,false,4,28,29e95537,caught,3fb19989,true,rr,rcb
729305,2,false,5,35,a4cc73aa,run out,,false,rr,rcb
729305,2,false,6,41,944533a5,caught,3fb19989,true,rr,rcb
729305,2,false,12,79,4329fbb5,caught,57ee1fde,true,rr,rcb
729307,1,false,1,11,d4f9dbd4,run out,,false,pbks,kkr
729307,1,false,4,26,fe11caa6,lbw,86dc8f2e,true,pbks,kkr
729307,1,false,7,48,b681e71e,bowled,5bb5a915,true,pbks,kkr
729307,1,false,9,60,d67d5f00,caught,98ae73b1,true,pbks,kkr
729307,1,false,13,84,5056011d,caught,98ae73b1,true,pbks,kkr
729307,1,false,13,86,8ba8195d,bowled,98ae73b1,true,pbks,kkr
729307,1,false,18,111,2e171977,stumped,9d430b40,true,pbks,kkr
729307,1,false,18,112,f5180fe6,bowled,9d430b40,true,pbks,kkr
729307,1,false,18,114,b2b50355,lbw,9d430b40,true,pbks,kkr
729307,2,false,2,17,93b4fc78,lbw,ce820073,true,kkr,pbks
729307,2,false,4,26,bb345e0b,caught,ce820073,true,kkr,pbks
729307,2,false,5,32,86dc8f2e,caught,b2b50355,true,kkr,pbks
729307,2,false,11,70,45eda7c8,bowled,2e171977,true,kkr,pbks
729307,2,false,12,78,3c6ffae8,lbw,26a85969,true,kkr,pbks
729307,2,false,12,81,1c17e270,run out,,false,kkr,pbks
729307,2,false,13,85,98ae73b1,stumped,2e171977,true,kkr,pbks
729307,2,false,15,99,9d430b40,bowled,f5180fe6,true,kkr,pbks
729307,2,false,17,109,271f83cd,caught,ce820073,true,kkr,pbks
729307,2,false,18,115,cc1e8c68,bowled,f5180fe6,true,kkr,pbks
729309,1,false,1,11,740742ef,run out,,false,mi,dc
729309,1,false,3,22,855a210c,caught,3a60e0b5,true,mi,dc
729309,1,false,6,42,8abdf100,caught,1e66c162,true,mi,dc
729309,1,false,8,56,70d205c9,caught,9d80c5e1,true,mi,dc
729309,1,false,13,86,48fd7349,bowled,1e66c162,true,mi,dc
729309,1,false,18,116,30a2649b,run out,,false,mi,dc
729309,1,false,19,123,8b5b6769,retired hurt,,false,mi,dc
729309,2,false,6,42,372455c4,caught,8abdf100,true,dc,mi
729309,2,false,12,75,4b57e452,bowled,740742ef,true,dc,mi
729309,2,false,15,93,2e8994e7,caught,a12e1d51,true,dc,mi
729309,2,false,15,96,c03f1114,caught,a12e1d51,true,dc,mi
729311,1,false,2,14,0a476045,caught,f3171936,true,srh,csk
729311,1,false,2,16,dcce6f09,lbw,f3171936,true,srh,csk
729311,1,false,10,63,b17e2f24,caught,35205dfc,true,srh,csk
729311,1,false,14,91,fe763256,caught,759ac88f,true,srh,csk
729311,1,false,17,106,b8d490fd,bowled,759ac88f,true,srh,csk
729311,2,false,10,65,b8a55852,bowled,119678fd,true,csk,srh
729311,2,false,13,84,1dc12ab9,caught,5bb1a1c4,true,csk,srh
729311,2,false,15,93,35205dfc,caught,2e81a32d,true,csk,srh
729311,2,false,15,95,3355b542,caught,2e81a32d,true,csk,srh
729311,2,false,18,111,fe93fd9d,bowled,5bb1a1c4,true,csk,srh
729313,1,false,1,8,db584dad,bowled,ce820073,true,rcb,pbks
729313,1,false,1,10,ba607b88,lbw,ce820073,true,rcb,pbks
729313,1,false,2,18,4e04666c,caught,f5180fe6,true,rcb,pbks
729313,1,false,3,23,b5da6c24,caught,ce820073,true,rcb,pbks
729313,1,false,9,56,c4487b84,caught,26a85969,true,rcb,pbks
729313,1,false,13,80,c3d35165,bowled,b2b50355,true,rcb,pbks
729313,1,false,14,87,1c914163,caught,26a85969,true,rcb,pbks
729313,1,false,19,115,3fb19989,bowled,f5180fe6,true,rcb,pbks
729313,2,false,4,27,d4f9dbd4,caught,66b30f71,true,pbks,rcb
729313,2,false,5,37,fe11caa6,caught,0a3d54b9,true,pbks,rcb
729313,2,false,7,45,b681e71e,caught,0a3d54b9,true,pbks,rcb
729313,2,false,12,79,d67d5f00,caught,57ee1fde,true,pbks,rcb
729313,2,false,12,83,8ba8195d,caught,57ee1fde,true,pbks,rcb
729315,1,false,2,15,944533a5,bowled,41eb4a4f,true,rr,kkr
729315,1,false,8,54,a4cc73aa,bowled,7dc35884,true,rr,kkr
729315,1,false,15,99,4329fbb5,run out,,false,rr,kkr
729315,1,false,17,107,bd17b45f,caught,5bb5a915,true,rr,kkr
729315,1,false,19,120,29e95537,caught,41eb4a4f,true,rr,kkr
729315,2,false,3,23,5afd4539,caught,dfc4d8b5,true,kkr,rr
729315,2,false,8,55,86dc8f2e,caught,6aed7e79,true,kkr,rr
729315,2,false,12,81,93b4fc78,lbw,6aed7e79,true,kkr,rr
729315,2,false,13,86,bb345e0b,caught,33a364a6,true,kkr,rr
729315,2,false,18,114,271f83cd,caught,808f425a,true,kkr,rr
729315,2,false,18,118,1c17e270,bowled,808f425a,true,kkr,rr
729315,2,false,18,119,41eb4a4f,bowled,808f425a,true,kkr,rr
729315,2,false,19,122,98ae73b1,run out,,false,kkr,rr
729315,3,true,0,1,271f83cd,run out,,false,kkr,rr
729315,3,true,0,6,7dc35884,run out,,false,kkr,rr
729317,1,false,2,16,0a476045,caught,91a4a398,true,srh,mi
729317,1,false,4,30,b8d490fd,caught,91a4a398,true,srh,mi
729317,1,false,18,113,dcce6f09,caught,8abdf100,true,srh,mi
729317,1,false,18,119,c03c6200,caught,8abdf100,true,srh,mi
729317,1,false,19,121,b17e2f24,caught,a12e1d51,true,srh,mi
729317,2,false,1,8,740742ef,bowled,2e81a32d,true,mi,srh
729317,2,false,2,17,8abdf100,caught,8fd1a8f5,true,mi,srh
729317,2,false,5,37,272d796e,bowled,c03c6200,true,mi,srh
729317,2,false,15,96,70d205c9,caught,5fa06777,true,mi,srh
729317,2,false,17,111,855a210c,caught,8fd1a8f5,true,mi,srh
729317,2,false,18,118,8b5b6769,caught,2e81a32d,true,mi,srh
729317,2,false,19,121,a757b0d8,bowled,5fa06777,true,mi,srh
733971,1,false,2,15,35205dfc,lbw,7dc35884,true,csk,kkr
733971,1,false,10,64,1dc12ab9,caught,7dc35884,true,csk,kkr
733971,1,false,14,87,b8a55852,caught,bbd41817,true,csk,kkr
733971,2,false,2,15,bb345e0b,run out,,false,kkr,csk
733971,2,false,4,29,86dc8f2e,caught,495d42a5,true,kkr,csk
733971,2,false,5,32,93b4fc78,caught,fe93fd9d,true,kkr,csk
733971,2,false,5,33,7dc35884,caught,fe93fd9d,true,kkr,csk
733971,2,false,9,58,271f83cd,lbw,fe93fd9d,true,kkr,csk
733971,2,false,13,83,1c17e270,caught,fe93fd9d,true,kkr,csk
733971,2,false,14,91,bbd41817,bowled,759ac88f,true,kkr,csk
733971,2,false,16,101,98ae73b1,caught,759ac88f,true,kkr,csk
733971,2,false,16,102,3c6ffae8,lbw,759ac88f,true,kkr,csk
733973,1,false,2,15,8ba8195d,run out,,false,pbks,mi
733973,1,false,3,23,d4f9dbd4,caught,8abdf100,true,pbks,mi
733973,1,false,11,76,b681e71e,caught,8b5b6769,true,pbks,mi
733973,1,false,15,100,5056011d,caught,8b5b6769,true,pbks,mi
733973,1,false,19,122,d67d5f00,caught,a12e1d51,true,pbks,mi
733973,2,false,0,5,272d796e,caught,ce820073,true,mi,pbks
733973,2,false,2,18,70d205c9,lbw,ce820073,true,mi,pbks
733973,2,false,9,60,30a2649b,lbw,26a85969,true,mi,pbks
733973,2,false,15,95,740742ef,caught,b2b50355,true,mi,pbks
733973,2,false,16,102,8abdf100,caught,26a85969,true,mi,pbks
733975,1,false,4,25,4b57e452,caught,808f425a,true,dc,rr
733975,1,false,9,57,39f01cdb,caught,6aed7e79,true,dc,rr
733975,1,false,9,60,372455c4,caught and bowled,6aed7e79,true,dc,rr
733975,1,false,15,92,c03f1114,caught,808f425a,true,dc,rr
733975,1,false,19,118,2e8994e7,caught,dfc4d8b5,true,dc,rr
733975,2,false,2,17,29e95537,caught,3a60e0b5,true,rr,dc
733975,2,false,9,62,a4cc73aa,stumped,9d80c5e1,true,rr,dc
733975,2,false,14,93,33a364a6,bowled,8cf9814c,true,rr,dc
733977,1,false,2,17,b8d490fd,caught,3fb19989,true,srh,rcb
733977,1,false,3,24,b17e2f24,caught,66b30f71,true,srh,rcb
733977,1,false,12,82,0a476045,caught,0a3d54b9,true,srh,rcb
733977,1,false,15,102,c03c6200,caught,f986ca1a,true,srh,rcb
733977,1,false,18,121,890946a0,caught,0a3d54b9,true,srh,rcb
733977,1,false,19,125,dcce6f09,bowled,3fb19989,true,srh,rcb
733977,2,false,1,8,b5da6c24,bowled,2e81a32d,true,rcb,srh
733977,2,false,1,14,ba607b88,caught,2e81a32d,true,rcb,srh
733977,2,false,6,42,db584dad,caught,119678fd,true,rcb,srh
733977,2,false,10,65,cad00a4d,lbw,119678fd,true,rcb,srh
733977,2,false,14,91,1c914163,caught,119678fd,true,rcb,srh
733977,2,false,19,119,3fb19989,run out,,false,rcb,srh
733979,1,false,6,40,29e95537,run out,,false,rr,kkr
733979,1,false,13,83,944533a5,stumped,7dc35884,true,rr,kkr
733979,1,false,16,101,a4cc73aa,caught,9d430b40,true,rr,kkr
733979,1,false,18,115,4329fbb5,caught,9d430b40,true,rr,kkr
733979,1,false,19,121,30a45b23,caught,41eb4a4f,true,rr,kkr
733979,1,false,19,122,bd17b45f,caught,41eb4a4f,true,rr,kkr
733979,2,false,14,85,bb345e0b,caught,4329fbb5,true,kkr,rr
733979,2,false,14,87,1c17e270,caught,4329fbb5,true,kkr,rr
733979,2,false,14,89,bbd41817,bowled,4329fbb5,true,kkr,rr
733979,2,false,15,91,93b4fc78,stumped,6aed7e79,true,kkr,rr
733979,2,false,15,92,3c6ffae8,caught and bowled,6aed7e79,true,kkr,rr
733979,2,false,15,93,4ec07775,lbw,6aed7e79,true,kkr,rr
733981,1,false,4,26,372455c4,run out,,false,dc,csk
733981,1,false,4,28,39f01cdb,bowled,759ac88f,true,dc,csk
733981,1,false,12,80,c03f1114,caught,f3171936,true,dc,csk
733981,1,false,13,86,b1451597,caught,495d42a5,true,dc,csk
733981,1,false,14,88,4b57e452,caught,fe93fd9d,true,dc,csk
733981,2,false,11,68,b8a55852,caught,b1451597,true,csk,dc
733981,2,false,18,114,35205dfc,caught,3a60e0b5,true,csk,dc
733983,1,false,3,19,272d796e,caught,f986ca1a,true,mi,rcb
733983,1,false,7,51,70d205c9,bowled,66b30f71,true,mi,rcb
733983,1,false,8,59,30a2649b,caught,0a3d54b9,true,mi,rcb
733983,1,false,9,64,8abdf100,caught,57ee1fde,true,mi,rcb
733983,1,false,19,126,a757b0d8,run out,,false,mi,rcb
733983,2,false,5,34,b5da6c24,bowled,8b5b6769,true,rcb,mi
733983,2,false,9,62,db584dad,bowled,8b5b6769,true,rcb,mi
733983,2,false,12,79,c4487b84,bowled,462411b3,true,rcb,mi
733983,2,false,13,84,ba607b88,caught,cedc1d9a,true,rcb,mi
733983,2,false,15,96,1c914163,run out,,false,rcb,mi
733983,2,false,16,103,3fb19989,caught,a12e1d51,true,rcb,mi
733983,2,false,17,108,f986ca1a,bowled,462411b3,true,rcb,mi
733983,2,false,18,113,cad00a4d,caught,a12e1d51,true,rcb,mi
733985,1,false,2,15,372455c4,caught,cc1e8c68,true,dc,kkr
733985,1,false,5,33,39f01cdb,run out,,false,dc,kkr
733985,1,false,8,55,4b57e452,caught,86dc8f2e,true,dc,kkr
733985,1,false,11,72,c03f1114,caught,7dc35884,true,dc,kkr
733985,1,false,15,97,b1451597,bowled,9d430b40,true,dc,kkr
733985,2,false,11,72,1c17e270,lbw,3a60e0b5,true,kkr,dc
733985,2,false,17,105,bb345e0b,caught,3a60e0b5,true,kkr,dc
733987,1,false,4,29,c3a96caf,caught,759ac88f,true,pbks,csk
733987,1,false,5,34,8ba8195d,bowled,f3171936,true,pbks,csk
733987,1,false,15,101,d67d5f00,bowled,35205dfc,true,pbks,csk
733987,1,false,17,109,b681e71e,caught,759ac88f,true,pbks,csk
733987,2,false,0,5,35205dfc,caught,ce820073,true,csk,pbks
733987,2,false,7,47,1dc12ab9,caught,b681e71e,true,csk,pbks
733987,2,false,10,67,fe93fd9d,bowled,26a85969,true,csk,pbks
733987,2,false,11,74,b8a55852,run out,,false,csk,pbks
733987,2,false,18,111,3355b542,caught,f5180fe6,true,csk,pbks
733987,2,false,18,115,4a8a2e3b,caught,f5180fe6,true,csk,pbks
733989,1,false,3,24,0a476045,bowled,4329fbb5,true,srh,rr
733989,1,false,6,39,b8d490fd,caught,33a364a6,true,srh,rr
733989,1,false,8,54,b17e2f24,bowled,33a364a6,true,srh,rr
733989,1,false,11,72,dcce6f09,stumped,6aed7e79,true,srh,rr
733989,1,false,12,78,890946a0,bowled,33a364a6,true,srh,rr
733989,1,false,16,98,32198ae0,caught,4329fbb5,true,srh,rr
733989,1,false,16,99,119678fd,caught,4329fbb5,true,srh,rr
733989,1,false,19,118,8fd1a8f5,run out,,false,srh,rr
733989,1,false,19,120,6b19d823,run out,,false,srh,rr
733989,2,false,0,3,29e95537,caught,2e81a32d,true,rr,srh
733989,2,false,3,25,944533a5,caught,8fd1a8f5,true,rr,srh
733989,2,false,5,37,a4cc73aa,bowled,119678fd,true,rr,srh
733989,2,false,6,41,4329fbb5,caught,32198ae0,true,rr,srh
733989,2,false,13,85,bd17b45f,run out,,false,rr,srh
733989,2,false,15,97,30a45b23,caught,8fd1a8f5,true,rr,srh
733989,2,false,17,106,808f425a,caught,2e81a32d,true,rr,srh
733989,2,false,17,107,33a364a6,caught,2e81a32d,true,rr,srh
733989,2,false,17,111,dfc4d8b5,caught and bowled,2e81a32d,true,rr,srh
733989,2,false,19,124,6aed7e79,caught,5fa06777,true,rr,srh
733991,1,false,5,43,c3a96caf,caught,f986ca1a,true,pbks,rcb
733991,1,false,6,49,8ba8195d,caught,57ee1fde,true,pbks,rcb
733991,1,false,8,62,b681e71e,caught,57ee1fde,true,pbks,rcb
733991,1,false,11,79,5056011d,caught,c3d35165,true,pbks,rcb
733991,1,false,16,110,d67d5f00,caught,0a3d54b9,true,pbks,rcb
733991,1,false,17,118,fe11caa6,caught,f986ca1a,true,pbks,rcb
733991,1,false,19,127,2e171977,bowled,3fb19989,true,pbks,rcb
733991,1,false,19,129,6f49cc6e,bowled,3fb19989,true,pbks,rcb
733991,2,false,2,13,db584dad,caught,ce820073,true,rcb,pbks
733991,2,false,2,14,ba607b88,caught,ce820073,true,rcb,pbks
733991,2,false,5,33,b5da6c24,caught,ce820073,true,rcb,pbks
733991,2,false,6,41,90edaaa9,bowled,2e171977,true,rcb,pbks
733991,2,false,9,57,1c914163,caught,6f49cc6e,true,rcb,pbks
733991,2,false,11,69,c3d35165,caught,6f49cc6e,true,rcb,pbks
733991,2,false,15,97,c4487b84,caught,b2b50355,true,rcb,pbks
733991,2,false,16,102,f986ca1a,caught,f5180fe6,true,rcb,pbks
733991,2,false,19,119,3fb19989,caught,b2b50355,true,rcb,pbks
733993,1,false,2,16,372455c4,caught,8fd1a8f5,true,dc,srh
733993,1,false,6,40,39f01cdb,caught,6b19d823,true,dc,srh
733993,1,false,8,54,00ea847a,caught,6b19d823,true,dc,srh
733993,1,false,16,98,c03f1114,caught,32198ae0,true,dc,srh
733993,1,false,16,102,b1451597,caught,32198ae0,true,dc,srh
733993,1,false,18,115,2e8994e7,bowled,2e81a32d,true,dc,srh
733993,1,false,19,121,99d63244,caught,8fd1a8f5,true,dc,srh
733993,2,false,1,11,0a476045,caught,dcf81436,true,srh,dc
733993,2,false,3,24,b8d490fd,bowled,de4b0555,true,srh,dc
733995,1,false,2,18,30a2649b,caught,76388dc8,true,mi,csk
733995,1,false,11,73,89f64c19,caught,495d42a5,true,mi,csk
733995,1,false,17,108,740742ef,caught,495d42a5,true,mi,csk
733995,1,false,17,111,a757b0d8,caught,495d42a5,true,mi,csk
733995,1,false,18,112,70d205c9,caught,759ac88f,true,mi,csk
733995,1,false,19,124,855a210c,caught,e0407c01,true,mi,csk
733995,2,false,4,27,b8a55852,lbw,e938e1bc,true,csk,mi
733995,2,false,7,49,1dc12ab9,stumped,a757b0d8,true,csk,mi
733995,2,false,15,95,35205dfc,caught,e938e1bc,true,csk,mi
733995,2,false,16,103,3355b542,bowled,a12e1d51,true,csk,mi
733995,2,false,18,117,fe93fd9d,bowled,a12e1d51,true,csk,mi
733995,2,false,18,118,c42aaf71,run out,,false,csk,mi
733997,1,false,1,10,c3a96caf,caught,5bb5a915,true,pbks,kkr
733997,1,false,5,33,fe11caa6,bowled,5bb5a915,true,pbks,kkr
733997,1,false,10,65,b681e71e,caught,98ae73b1,true,pbks,kkr
733997,1,false,14,89,8ba8195d,bowled,98ae73b1,true,pbks,kkr
733997,1,false,15,94,d67d5f00,bowled,cc1e8c68,true,pbks,kkr
733997,1,false,16,104,26a85969,bowled,98ae73b1,true,pbks,kkr
733997,1,false,19,121,f5180fe6,stumped,9d430b40,true,pbks,kkr
733997,1,false,19,122,2e171977,run out,,false,pbks,kkr
733997,2,false,6,44,1c17e270,caught,1a0c3177,true,kkr,pbks
733999,1,false,2,15,ba607b88,caught,dfc4d8b5,true,rcb,rr
733999,1,false,7,46,db584dad,caught,6aed7e79,true,rcb,rr
733999,1,false,8,49,6dbcf855,caught,39a2dfa8,true,rcb,rr
733999,1,false,18,118,1c914163,lbw,dfc4d8b5,true,rcb,rr
733999,1,false,19,122,c4487b84,caught,808f425a,true,rcb,rr
733999,2,false,7,44,29e95537,caught,57ee1fde,true,rr,rcb
733999,2,false,8,52,4329fbb5,bowled,1c914163,true,rr,rcb
733999,2,false,8,55,bd17b45f,caught,1c914163,true,rr,rcb
733999,2,false,10,67,a4cc73aa,caught and bowled,1c914163,true,rr,rcb
733999,2,false,13,82,944533a5,bowled,1c914163,true,rr,rcb
734001,1,false,4,32,0a476045,bowled,a12e1d51,true,srh,mi
734001,1,false,9,61,b17e2f24,run out,,false,srh,mi
734001,1,false,18,116,b8d490fd,caught,a12e1d51,true,srh,mi
734001,2,false,1,8,30a2649b,caught,2e81a32d,true,mi,srh
734001,2,false,15,95,89f64c19,bowled,2e81a32d,true,mi,srh
734001,2,false,16,104,70d205c9,caught and bowled,32198ae0,true,mi,srh
734003,1,false,7,50,24d94623,caught,495d42a5,true,rr,csk
734003,1,false,10,67,29e95537,run out,,false,rr,csk
734003,1,false,12,79,4329fbb5,bowled,759ac88f,true,rr,csk
734003,1,false,14,93,944533a5,bowled,76388dc8,true,rr,csk
734003,1,false,17,107,30a45b23,bowled,759ac88f,true,rr,csk
734003,1,false,18,112,808f425a,bowled,fe93fd9d,true,rr,csk
734003,1,false,18,114,bd17b45f,caught,fe93fd9d,true,rr,csk
734003,1,false,19,121,33a364a6,caught,759ac88f,true,rr,csk
734003,2,false,2,14,b8a55852,caught,24d94623,true,csk,rr
734003,2,false,4,28,1dc12ab9,caught,24d94623,true,csk,rr
734003,2,false,9,63,35205dfc,caught,557153ca,true,csk,rr
734003,2,false,14,92,495d42a5,bowled,33a364a6,true,csk,rr
734003,2,false,17,110,3355b542,bowled,808f425a,true,csk,rr
734005,1,false,5,33,db584dad,bowled,de4b0555,true,rcb,dc
734005,1,false,8,49,ba607b88,run out,,false,rcb,dc
734005,1,false,12,75,b5da6c24,caught,8cf9814c,true,rcb,dc
734005,1,false,14,86,c4487b84,bowled,dcf81436,true,rcb,dc
734005,2,false,0,4,4b57e452,lbw,4ba44e19,true,dc,rcb
734005,2,false,1,12,372455c4,bowled,3fb19989,true,dc,rcb
734005,2,false,9,58,00ea847a,caught,2af1b6d2,true,dc,rcb
734005,2,false,11,74,39f01cdb,stumped,57ee1fde,true,dc,rcb
734005,2,false,12,80,c03f1114,caught,4ba44e19,true,dc,rcb
734005,2,false,17,109,2e8994e7,bowled,3fb19989,true,dc,rcb
734005,2,false,19,122,99d63244,run out,,false,dc,rcb
734007,1,false,8,54,b8d490fd,bowled,6f49cc6e,true,srh,pbks
734007,1,false,11,73,0a476045,caught,26a85969,true,srh,pbks
734007,1,false,18,116,dcce6f09,run out,,false,srh,pbks
734007,1,false,18,120,32198ae0,caught,ce820073,true,srh,pbks
734007,1,false,19,125,5fa06777,caught,26a85969,true,srh,pbks
734007,2,false,0,2,8ba8195d,caught and bowled,2e81a32d,true,pbks,srh
734007,2,false,7,43,fe11caa6,stumped,119678fd,true,pbks,srh
734007,2,false,9,55,c03e2850,run out,,false,pbks,srh
734007,2,false,13,80,b681e71e,caught,6b19d823,true,pbks,srh
734009,1,false,2,15,30a2649b,caught,5bb5a915,true,mi,kkr
734009,1,false,5,35,89f64c19,bowled,7dc35884,true,mi,kkr
734009,1,false,11,75,70d205c9,caught,98ae73b1,true,mi,kkr
734009,1,false,15,101,8abdf100,caught,5bb5a915,true,mi,kkr
734009,1,false,19,121,740742ef,bowled,9d430b40,true,mi,kkr
734009,2,false,7,46,bb345e0b,bowled,8b5b6769,true,kkr,mi
734009,2,false,14,88,93b4fc78,bowled,8b5b6769,true,kkr,mi
734009,2,false,15,99,1c17e270,bowled,89f64c19,true,kkr,mi
734009,2,false,18,115,7dc35884,caught,a12e1d51,true,kkr,mi
734011,1,false,5,33,944533a5,lbw,9d80c5e1,true,rr,dc
734011,1,false,10,64,557153ca,caught,2e8994e7,true,rr,dc
734011,1,false,16,105,29e95537,bowled,9d80c5e1,true,rr,dc
734011,1,false,17,109,bd17b45f,stumped,acee4cc4,true,rr,dc
734011,1,false,17,112,a4cc73aa,caught,acee4cc4,true,rr,dc
734011,1,false,19,125,2e11c706,run out,,false,rr,dc
734011,2,false,2,15,00ea847a,caught,808f425a,true,dc,rr
734011,2,false,4,28,c03f1114,caught,d2a989fc,true,dc,rr
734011,2,false,6,42,2e8994e7,caught,6aed7e79,true,dc,rr
734011,2,false,7,48,39f01cdb,bowled,33a364a6,true,dc,rr
734011,2,false,9,60,b61a3e1a,caught and bowled,33a364a6,true,dc,rr
734011,2,false,11,74,99d63244,run out,,false,dc,rr
734011,2,false,13,84,9d80c5e1,bowled,2e11c706,true,dc,rr
734011,2,false,14,92,acee4cc4,bowled,bd17b45f,true,dc,rr
734011,2,false,18,114,de4b0555,caught,557153ca,true,dc,rr
734013,1,false,4,26,b8a55852,caught,0a3d54b9,true,csk,rcb
734013,1,false,4,28,35205dfc,caught,0a3d54b9,true,csk,rcb
734013,1,false,14,90,fd835ab3,caught,4ba44e19,true,csk,rcb
734013,1,false,16,101,4a8a2e3b,caught,2af1b6d2,true,csk,rcb
734013,2,false,3,21,b5da6c24,caught,495d42a5,true,rcb,csk
734013,2,false,14,87,ba607b88,stumped,fe93fd9d,true,rcb,csk
734013,2,false,16,104,db584dad,bowled,495d42a5,true,rcb,csk
734013,2,false,17,111,c4487b84,caught,fd835ab3,true,rcb,csk
734013,2,false,19,121,90edaaa9,caught,fd835ab3,true,rcb,csk
734015,1,false,1,10,b8d490fd,caught,cc1e8c68,true,srh,kkr
734015,1,false,5,37,0a476045,caught,9d430b40,true,srh,kkr
734015,1,false,8,54,890946a0,caught,7dc35884,true,srh,kkr
734015,1,false,12,79,b17e2f24,lbw,98ae73b1,true,srh,kkr
734015,1,false,13,83,dcce6f09,caught,cc1e8c68,true,srh,kkr
734015,1,false,18,112,c03c6200,caught,7dc35884,true,srh,kkr
734015,1,false,19,122,119678fd,run out,,false,srh,kkr
734015,1,false,19,126,8fd1a8f5,bowled,cc1e8c68,true,srh,kkr
734015,2,false,1,12,bb345e0b,caught,8fd1a8f5,true,kkr,srh
734015,2,false,9,59,1c17e270,run out,,false,kkr,srh
734015,2,false,15,92,93b4fc78,caught,119678fd,true,kkr,srh
734017,1,false,14,90,89f64c19,caught,24d94623,true,mi,rr
734017,1,false,14,93,48fd7349,caught,24d94623,true,mi,rr
734017,1,false,19,123,740742ef,run out,,false,mi,rr
734017,2,false,2,17,0c94f480,caught,6c6591ab,true,rr,mi
734017,2,false,4,28,4329fbb5,caught,6c6591ab,true,rr,mi
734017,2,false,5,35,a4cc73aa,caught,531f0278,true,rr,mi
734017,2,false,7,50,557153ca,caught,8b5b6769,true,rr,mi
734017,2,false,8,56,24d94623,caught,7a8bd078,true,rr,mi
734017,2,false,10,68,bd17b45f,stumped,7a8bd078,true,rr,mi
734017,2,false,11,77,944533a5,caught,8b5b6769,true,rr,mi
734017,2,false,18,120,b57f8a9a,caught,531f0278,true,rr,mi
734019,1,false,2,16,4b57e452,caught,ce820073,true,dc,pbks
734019,1,false,10,67,39f01cdb,bowled,2e171977,true,dc,pbks
734019,1,false,16,105,2e8994e7,caught,b56dc5f7,true,dc,pbks
734019,1,false,17,107,99d63244,caught,ce820073,true,dc,pbks
734019,1,false,17,111,00ea847a,bowled,ce820073,true,dc,pbks
734019,1,false,18,113,c03f1114,caught,b56dc5f7,true,dc,pbks
734019,1,false,18,116,3a60e0b5,caught,b56dc5f7,true,dc,pbks
734019,2,false,6,44,c03e2850,caught,acee4cc4,true,pbks,dc
734019,2,false,7,54,8ba8195d,caught,2e8994e7,true,pbks,dc
734019,2,false,8,62,b681e71e,bowled,acee4cc4,true,pbks,dc
734019,2,false,9,67,d67d5f00,bowled,2e8994e7,true,pbks,dc
734019,2,false,14,101,fe11caa6,caught,8cf9814c,true,pbks,dc
734019,2,false,18,122,5056011d,caught,acee4cc4,true,pbks,dc
734021,1,false,0,5,b5da6c24,lbw,2e81a32d,true,rcb,srh
734021,1,false,5,31,db584dad,caught,119678fd,true,rcb,srh
734021,1,false,12,74,1c914163,caught,9170ff49,true,rcb,srh
734021,1,false,17,108,ba607b88,caught,5fa06777,true,rcb,srh
734021,1,false,18,112,c4487b84,bowled,2e81a32d,true,rcb,srh
734021,1,false,19,123,3fb19989,run out,,false,rcb,srh
734021,2,false,12,76,0a476045,run out,,false,srh,rcb
734021,2,false,16,99,dcce6f09,caught,0a3d54b9,true,srh,rcb
734021,2,false,18,115,890946a0,caught,0a3d54b9,true,srh,rcb
734023,1,false,1,8,35205dfc,bowled,ded9240e,true,csk,kkr
734023,1,false,10,64,b8a55852,caught,9d430b40,true,csk,kkr
734023,1,false,16,101,3355b542,run out,,false,csk,kkr
734023,1,false,17,107,1dc12ab9,caught,98ae73b1,true,csk,kkr
734023,2,false,6,43,bb345e0b,bowled,e0407c01,true,kkr,csk
734023,2,false,11,71,1c17e270,caught,fe93fd9d,true,kkr,csk
734025,1,false,2,14,8ba8195d,run out,,false,pbks,mi
734025,1,false,9,59,508a1ea7,caught,531f0278,true,pbks,mi
734025,1,false,10,67,c03e2850,bowled,7a8bd078,true,pbks,mi
734025,1,false,10,69,b681e71e,caught and bowled,7a8bd078,true,pbks,mi
734025,1,false,14,91,fe11caa6,run out,,false,pbks,mi
734025,1,false,16,100,2e171977,caught,e938e1bc,true,pbks,mi
734025,1,false,19,120,5056011d,caught,462411b3,true,pbks,mi
734025,1,false,19,122,b56dc5f7,bowled,462411b3,true,pbks,mi
734025,2,false,6,45,48fd7349,bowled,2e171977,true,mi,pbks
734025,2,false,11,74,70d205c9,caught,26a85969,true,mi,pbks
734025,2,false,17,110,740742ef,caught,b56dc5f7,true,mi,pbks
734027,1,false,0,5,bb345e0b,caught,3fb19989,true,kkr,rcb
734027,1,false,3,23,93b4fc78,caught,66b30f71,true,kkr,rcb
734027,1,false,6,44,3c6ffae8,run out,,false,kkr,rcb
734027,1,false,18,117,7dc35884,bowled,2af1b6d2,true,kkr,rcb
734027,2,false,1,12,db584dad,lbw,cc1e8c68,true,rcb,kkr
734027,2,false,12,75,ba607b88,caught,9d430b40,true,rcb,kkr
734027,2,false,12,78,4e04666c,bowled,9d430b40,true,rcb,kkr
734027,2,false,16,99,1c914163,caught,9d430b40,true,rcb,kkr
734027,2,false,16,103,c4487b84,bowled,9d430b40,true,rcb,kkr
734029,1,false,3,21,3355b542,run out,,false,csk,srh
734029,1,false,6,41,35205dfc,lbw,119678fd,true,csk,srh
734029,1,false,8,52,1dc12ab9,caught,119678fd,true,csk,srh
734029,2,false,11,71,dcce6f09,bowled,012829ff,true,srh,csk
734029,2,false,17,107,890946a0,caught,1dc12ab9,true,srh,csk
734029,2,false,18,112,b8d490fd,run out,,false,srh,csk
734029,2,false,19,119,c03c6200,caught,fe93fd9d,true,srh,csk
734031,1,false,7,50,89f64c19,caught,acee4cc4,true,mi,dc
734031,1,false,11,74,48fd7349,run out,,false,mi,dc
734031,1,false,14,88,740742ef,bowled,1e66c162,true,mi,dc
734031,1,false,14,90,a757b0d8,caught,1e66c162,true,mi,dc
734031,1,false,15,96,70d205c9,caught,9d80c5e1,true,mi,dc
734031,1,false,16,101,855a210c,caught,acee4cc4,true,mi,dc
734031,1,false,17,106,8b5b6769,caught,3a60e0b5,true,mi,dc
734031,1,false,18,112,d4eef961,caught,acee4cc4,true,mi,dc
734031,1,false,18,116,6c6591ab,run out,,false,mi,dc
734031,1,false,19,120,7a8bd078,run out,,false,mi,dc
734031,2,false,5,32,4b57e452,stumped,7a8bd078,true,dc,mi
734031,2,false,8,53,39f01cdb,bowled,8b5b6769,true,dc,mi
734031,2,false,9,58,c03f1114,bowled,d4eef961,true,dc,mi
734031,2,false,18,114,26e5cabf,caught,d4eef961,true,dc,mi
734033,1,false,2,16,8ba8195d,caught,808f425a,true,pbks,rr
734033,1,false,6,41,c03e2850,run out,,false,pbks,rr
734033,1,false,13,82,508a1ea7,caught,5f26df4f,true,pbks,rr
734033,1,false,14,91,fe11caa6,caught,39a2dfa8,true,pbks,rr
734033,2,false,2,16,944533a5,caught,b2b50355,true,rr,pbks
734033,2,false,8,50,29e95537,bowled,26a85969,true,rr,pbks
734033,2,false,8,51,4329fbb5,bowled,26a85969,true,rr,pbks
734033,2,false,11,69,bd17b45f,caught,1647bd37,true,rr,pbks
734033,2,false,13,81,a4cc73aa,stumped,1647bd37,true,rr,pbks
734033,2,false,15,98,39a2dfa8,caught,2e171977,true,rr,pbks
734033,2,false,17,108,b57f8a9a,stumped,2e171977,true,rr,pbks
734033,2,false,17,110,557153ca,caught,2e171977,true,rr,pbks
734035,1,false,0,5,cad00a4d,bowled,96fd40ae,true,rcb,csk
734035,1,false,4,29,4e04666c,lbw,495d42a5,true,rcb,csk
734035,1,false,5,34,6dbcf855,bowled,759ac88f,true,rcb,csk
734035,1,false,13,85,1c914163,caught,fe93fd9d,true,rcb,csk
734035,1,false,17,109,c4487b84,bowled,96fd40ae,true,rcb,csk
734035,1,false,19,120,ba607b88,bowled,96fd40ae,true,rcb,csk
734035,2,false,4,27,35205dfc,caught,d68e7f48,true,csk,rcb
734035,2,false,9,58,1dc12ab9,stumped,1c914163,true,csk,rcb
734037,1,false,0,3,dcce6f09,bowled,5bb5a915,true,srh,kkr
734037,1,false,7,50,890946a0,caught and bowled,4ec07775,true,srh,kkr
734037,1,false,12,77,0a476045,run out,,false,srh,kkr
734037,1,false,14,93,fe763256,run out,,false,srh,kkr
734037,1,false,16,102,95a2ea61,stumped,7dc35884,true,srh,kkr
734037,1,false,19,121,0f721006,run out,,false,srh,kkr
734037,1,false,19,122,c03c6200,caught,41eb4a4f,true,srh,kkr
734037,2,false,4,30,bb345e0b,bowled,0f721006,true,kkr,srh
734037,2,false,7,48,93b4fc78,caught,119678fd,true,kkr,srh
734037,2,false,9,59,1c17e270,caught,119678fd,true,kkr,srh
734037,2,false,9,61,4ec07775,run out,,false,kkr,srh
734037,2,false,11,75,7dc35884,caught,119678fd,true,kkr,srh
734037,2,false,13,86,3c6ffae8,caught,119678fd,true,kkr,srh
734039,1,false,2,14,00ea847a,caught,f5180fe6,true,dc,pbks
734039,1,false,5,32,c03f1114,caught,1a0c3177,true,dc,pbks
734039,1,false,5,36,99d63244,caught,1a0c3177,true,dc,pbks
734039,1,false,9,58,26e5cabf,run out,,false,dc,pbks
734039,1,false,12,76,2e8994e7,caught,1647bd37,true,dc,pbks
734039,1,false,13,83,39f01cdb,lbw,26a85969,true,dc,pbks
734039,1,false,16,104,9219eff0,caught,1647bd37,true,dc,pbks
734039,1,false,17,106,8cf9814c,bowled,2e171977,true,dc,pbks
734039,1,false,17,110,acee4cc4,caught,2e171977,true,dc,pbks
734039,1,false,18,111,1e66c162,caught,f5180fe6,true,dc,pbks
734039,2,false,2,15,8ba8195d,caught,8cf9814c,true,pbks,dc
734039,2,false,3,21,b681e71e,caught,1e66c162,true,pbks,dc
734039,2,false,13,86,c03e2850,bowled,acee4cc4,true,pbks,dc
734041,1,false,5,34,4329fbb5,caught,8b5b6769,true,rr,mi
734041,1,false,14,91,944533a5,caught,462411b3,true,rr,mi
734041,1,false,15,94,a4cc73aa,caught,7a8bd078,true,rr,mi
734041,1,false,19,122,808f425a,caught,a757b0d8,true,rr,mi
734041,2,false,1,11,89f64c19,caught,d2a989fc,true,mi,rr
734041,2,false,4,27,48fd7349,bowled,557153ca,true,mi,rr
734041,2,false,4,31,a757b0d8,caught,557153ca,true,mi,rr
734041,2,false,9,58,740742ef,caught,d2a989fc,true,mi,rr
734041,2,false,14,91,70d205c9,run out,,false,mi,rr
734043,1,false,1,8,bb345e0b,caught,f5180fe6,true,kkr,pbks
734043,1,false,8,51,1c17e270,caught,2e171977,true,kkr,pbks
734043,1,false,8,54,93b4fc78,bowled,2e171977,true,kkr,pbks
734043,1,false,14,89,7dc35884,caught,1647bd37,true,kkr,pbks
734043,1,false,14,90,3c6ffae8,caught,1647bd37,true,kkr,pbks
734043,1,false,17,111,271f83cd,bowled,1647bd37,true,kkr,pbks
734043,1,false,18,115,4ec07775,caught,f5180fe6,true,kkr,pbks
734043,1,false,19,122,9d430b40,run out,,false,kkr,pbks
734043,2,false,1,7,8ba8195d,caught,cc1e8c68,true,pbks,kkr
734043,2,false,5,36,c03e2850,caught,5bb5a915,true,pbks,kkr
734043,2,false,7,49,b681e71e,lbw,cc1e8c68,true,pbks,kkr
734043,2,false,11,74,fe11caa6,caught,5bb5a915,true,pbks,kkr
734043,2,false,12,76,d67d5f00,bowled,98ae73b1,true,pbks,kkr
734043,2,false,13,83,2e171977,run out,,false,pbks,kkr
734043,2,false,17,107,26a85969,stumped,7dc35884,true,pbks,kkr
734043,2,false,19,117,5056011d,caught,cc1e8c68,true,pbks,kkr
734045,1,false,9,58,48fd7349,bowled,fe93fd9d,true,mi,csk
734045,1,false,12,73,8abdf100,caught,495d42a5,true,mi,csk
734045,1,false,16,100,89f64c19,caught,fe93fd9d,true,mi,csk
734045,1,false,17,105,740742ef,caught,759ac88f,true,mi,csk
734045,1,false,18,112,a757b0d8,caught,96fd40ae,true,mi,csk
734045,1,false,18,114,855a210c,caught,96fd40ae,true,mi,csk
734045,1,false,19,115,70d205c9,caught,759ac88f,true,mi,csk
734045,1,false,19,118,e938e1bc,bowled,759ac88f,true,mi,csk
734045,2,false,6,38,35205dfc,caught,8b5b6769,true,csk,mi
734045,2,false,6,43,3355b542,caught,8b5b6769,true,csk,mi
734045,2,false,9,60,b8a55852,stumped,6c6591ab,true,csk,mi
734047,1,false,10,69,c03e2850,caught,e0407c01,true,pbks,csk
734047,1,false,12,86,b681e71e,caught,495d42a5,true,pbks,csk
734047,1,false,18,118,8ba8195d,caught,96fd40ae,true,pbks,csk
734047,1,false,18,123,5056011d,bowled,96fd40ae,true,pbks,csk
734047,1,false,19,126,d67d5f00,run out,,false,pbks,csk
734047,1,false,19,129,fe11caa6,caught,759ac88f,true,pbks,csk
734047,2,false,0,2,3355b542,caught,f5180fe6,true,csk,pbks
734047,2,false,4,32,35205dfc,bowled,ce820073,true,csk,pbks
734047,2,false,6,40,1dc12ab9,run out,,false,csk,pbks
734047,2,false,11,76,b8a55852,run out,,false,csk,pbks
734047,2,false,12,77,fe93fd9d,caught,1a0c3177,true,csk,pbks
734047,2,false,12,81,fd835ab3,caught,1a0c3177,true,csk,pbks
734047,2,false,16,106,495d42a5,stumped,2e171977,true,csk,pbks
734049,1,false,3,22,8ba8195d,caught,cc1e8c68,true,pbks,kkr
734049,1,false,5,31,5056011d,bowled,9d430b40,true,pbks,kkr
734049,1,false,17,105,c03e2850,caught and bowled,98ae73b1,true,pbks,kkr
734049,1,false,17,110,b681e71e,caught,98ae73b1,true,pbks,kkr
734049,2,false,0,4,1c17e270,caught,f5180fe6,true,kkr,pbks
734049,2,false,6,39,bb345e0b,caught,1647bd37,true,kkr,pbks
734049,2,false,13,84,3c6ffae8,caught,1647bd37,true,kkr,pbks
734049,2,false,15,97,7dc35884,run out,,false,kkr,pbks
734049,2,false,16,103,4ec07775,caught,1647bd37,true,kkr,pbks
734049,2,false,16,107,93b4fc78,caught,1647bd37,true,kkr,pbks
734049,2,false,18,116,271f83cd,caught,f5180fe6,true,kkr,pbks
829705,1,false,1,9,b8d490fd,caught,5bb5a915,true,mi,kkr
829705,1,false,4,31,855a210c,caught,7dc35884,true,mi,kkr
829705,1,false,5,33,70d205c9,caught,5bb5a915,true,mi,kkr
829705,2,false,2,18,1c17e270,caught,8abdf100,true,kkr,mi
829705,2,false,11,73,93b4fc78,caught,8b5b6769,true,kkr,mi
829705,2,false,14,87,bb345e0b,caught,462411b3,true,kkr,mi
829707,1,false,1,8,b8a55852,caught,56ab442f,true,csk,dc
829707,1,false,3,25,1dc12ab9,bowled,56ab442f,true,csk,dc
829707,1,false,8,51,35205dfc,caught,acee4cc4,true,csk,dc
829707,1,false,12,77,3355b542,caught,2e8994e7,true,csk,dc
829707,1,false,15,95,fe93fd9d,stumped,6b19d823,true,csk,dc
829707,1,false,16,103,87e562a9,lbw,2c76b512,true,csk,dc
829707,1,false,19,122,4a8a2e3b,caught,56ab442f,true,csk,dc
829707,2,false,2,15,30a2649b,caught,96fd40ae,true,dc,csk
829707,2,false,2,18,00ea847a,caught,96fd40ae,true,dc,csk
829707,2,false,4,31,85ec8e33,caught,96fd40ae,true,dc,csk
829707,2,false,13,81,99d63244,caught,759ac88f,true,dc,csk
829707,2,false,14,90,1c914163,caught,87e562a9,true,dc,csk
829707,2,false,15,97,2e8994e7,bowled,e0407c01,true,dc,csk
829707,2,false,17,110,56ab442f,bowled,495d42a5,true,dc,csk
829707,2,false,18,117,6b19d823,run out,,false,dc,csk
829707,2,false,19,122,acee4cc4,caught,87e562a9,true,dc,csk
829709,1,false,1,9,29e95537,caught,69be866a,true,rr,pbks
829709,1,false,2,17,a4cc73aa,lbw,ce820073,true,rr,pbks
829709,1,false,5,36,944533a5,bowled,2e171977,true,rr,pbks
829709,1,false,10,64,30a45b23,caught,f5180fe6,true,rr,pbks
829709,1,false,10,68,bd17b45f,caught,f5180fe6,true,rr,pbks
829709,1,false,16,108,73ad96ed,bowled,69be866a,true,rr,pbks
829709,1,false,19,125,808f425a,caught,69be866a,true,rr,pbks
829709,2,false,0,1,8ba8195d,caught,13c35c9e,true,pbks,rr
829709,2,false,2,20,fe11caa6,run out,,false,pbks,rr
829709,2,false,4,32,b681e71e,caught,808f425a,true,pbks,rr
829709,2,false,8,56,4b57e452,run out,,false,pbks,rr
829709,2,false,13,84,d67d5f00,caught,d2a989fc,true,pbks,rr
829709,2,false,17,112,2e171977,bowled,13c35c9e,true,pbks,rr
829709,2,false,18,118,f5180fe6,caught,808f425a,true,pbks,rr
829709,2,false,18,121,5056011d,caught,808f425a,true,pbks,rr
829711,1,false,8,55,35205dfc,run out,,false,csk,srh
829711,1,false,13,88,1dc12ab9,run out,,false,csk,srh
829711,1,false,19,124,4a8a2e3b,caught,a818c1be,true,csk,srh
829711,1,false,19,125,fe93fd9d,run out,,false,csk,srh
829711,2,false,3,22,0a476045,caught,759ac88f,true,srh,csk
829711,2,false,5,36,b17e2f24,bowled,759ac88f,true,srh,csk
829711,2,false,11,70,890946a0,caught,495d42a5,true,srh,csk
829711,2,false,14,90,dcce6f09,caught,e0407c01,true,srh,csk
829711,2,false,16,102,7ca5e05d,bowled,87e562a9,true,srh,csk
829711,2,false,18,118,119678fd,caught,87e562a9,true,srh,csk
829713,1,false,10,65,1c17e270,caught,2af1b6d2,true,kkr,rcb
829713,1,false,13,82,bb345e0b,caught,57ee1fde,true,kkr,rcb
829713,1,false,16,99,271f83cd,caught,f986ca1a,true,kkr,rcb
829713,1,false,16,100,93b4fc78,run out,,false,kkr,rcb
829713,1,false,19,117,3c6ffae8,caught,0a3d54b9,true,kkr,rcb
829713,1,false,19,122,7dc35884,run out,,false,kkr,rcb
829713,2,false,4,29,ba607b88,caught,5bb5a915,true,rcb,kkr
829713,2,false,7,45,c03f1114,bowled,3c6ffae8,true,rcb,kkr
829713,2,false,7,48,c3a96caf,bowled,3c6ffae8,true,rcb,kkr
829713,2,false,10,66,c4487b84,stumped,edb3d4f8,true,rcb,kkr
829713,2,false,14,88,c03c6200,stumped,7dc35884,true,rcb,kkr
829713,2,false,16,97,1a2676c5,run out,,false,rcb,kkr
829713,2,false,18,111,db584dad,run out,,false,rcb,kkr
829715,1,false,4,29,00ea847a,caught and bowled,6aed7e79,true,dc,rr
829715,1,false,10,70,85ec8e33,caught,fb66ce1f,true,dc,rr
829715,1,false,16,105,1c914163,caught,fb66ce1f,true,dc,rr
829715,2,false,4,30,a4cc73aa,caught,896d78ad,true,rr,dc
829715,2,false,7,44,30a45b23,caught,6b19d823,true,rr,dc
829715,2,false,9,60,944533a5,stumped,6b19d823,true,rr,dc
829715,2,false,10,65,bd17b45f,lbw,acee4cc4,true,rr,dc
829715,2,false,15,94,29e95537,bowled,acee4cc4,true,rr,dc
829715,2,false,18,114,73ad96ed,caught,acee4cc4,true,rr,dc
829715,2,false,18,118,808f425a,bowled,acee4cc4,true,rr,dc
829717,1,false,6,41,8ba8195d,caught,8b5b6769,true,pbks,mi
829717,1,false,7,47,b681e71e,caught,4125d931,true,pbks,mi
829717,1,false,10,64,4b57e452,caught,8b5b6769,true,pbks,mi
829717,1,false,15,95,d67d5f00,caught,a12e1d51,true,pbks,mi
829717,1,false,17,105,26a85969,caught,a12e1d51,true,pbks,mi
829717,2,false,0,2,740742ef,lbw,ce820073,true,mi,pbks
829717,2,false,3,21,855a210c,caught,69be866a,true,mi,pbks
829717,2,false,5,33,b8d490fd,bowled,f5180fe6,true,mi,pbks
829717,2,false,7,46,8abdf100,stumped,2e171977,true,mi,pbks
829717,2,false,11,72,70d205c9,caught,f5180fe6,true,mi,pbks
829717,2,false,13,83,a757b0d8,caught,2e171977,true,mi,pbks
829717,2,false,19,124,8b5b6769,caught,69be866a,true,mi,pbks
829719,1,false,5,37,db584dad,caught,e938e1bc,true,rcb,srh
829719,1,false,10,66,c03f1114,caught,119678fd,true,rcb,srh
829719,1,false,11,76,ba607b88,bowled,7ca5e05d,true,rcb,srh
829719,1,false,11,77,c3a96caf,caught,7ca5e05d,true,rcb,srh
829719,1,false,15,101,c03c6200,bowled,1c2a64cd,true,rcb,srh
829719,1,false,18,116,c4487b84,caught,a818c1be,true,rcb,srh
829719,1,false,18,117,1a2676c5,caught,a818c1be,true,rcb,srh
829719,1,false,18,120,f986ca1a,caught,a818c1be,true,rcb,srh
829719,1,false,19,124,0a3d54b9,bowled,2e81a32d,true,rcb,srh
829719,1,false,19,126,2af1b6d2,bowled,2e81a32d,true,rcb,srh
829719,2,false,7,48,dcce6f09,lbw,57ee1fde,true,srh,rcb
829719,2,false,9,60,d027ba9f,stumped,57ee1fde,true,srh,rcb
829721,1,false,3,21,b8d490fd,retired hurt,,false,mi,rr
829721,1,false,4,28,b5da6c24,caught,d2a989fc,true,mi,rr
829721,1,false,6,39,740742ef,caught,bd17b45f,true,mi,rr
829721,1,false,9,59,0c94f480,bowled,6aed7e79,true,mi,rr
829721,1,false,18,115,a757b0d8,caught,13c35c9e,true,mi,rr
829721,1,false,19,119,8abdf100,bowled,fb66ce1f,true,mi,rr
829721,2,false,4,28,a4cc73aa,caught,41eb4a4f,true,rr,mi
829721,2,false,13,80,29e95537,caught,7a8bd078,true,rr,mi
829721,2,false,14,91,73ad96ed,bowled,a12e1d51,true,rr,mi
829723,1,false,0,1,35205dfc,caught,ded9240e,true,csk,kkr
829723,1,false,3,23,1dc12ab9,caught,cc1e8c68,true,csk,kkr
829723,1,false,5,33,b8a55852,lbw,f708a0bc,true,csk,kkr
829723,1,false,5,37,3355b542,stumped,f708a0bc,true,csk,kkr
829723,1,false,6,43,4a8a2e3b,bowled,98ae73b1,true,csk,kkr
829723,1,false,16,101,87e562a9,bowled,bbd41817,true,csk,kkr
829723,1,false,18,113,fe93fd9d,caught,f708a0bc,true,csk,kkr
829723,1,false,18,115,f62772e5,bowled,f708a0bc,true,csk,kkr
829723,1,false,19,117,759ac88f,caught,bbd41817,true,csk,kkr
829723,2,false,4,28,bb345e0b,caught,759ac88f,true,kkr,csk
829723,2,false,8,54,93b4fc78,caught,f62772e5,true,kkr,csk
829723,2,false,9,59,271f83cd,caught,b2b23612,true,kkr,csk
829725,1,false,4,31,4b57e452,caught,896d78ad,true,pbks,dc
829725,1,false,13,87,fe11caa6,bowled,6b19d823,true,pbks,dc
829725,1,false,14,95,8ba8195d,caught,2e8994e7,true,pbks,dc
829725,1,false,15,101,b681e71e,caught,acee4cc4,true,pbks,dc
829725,1,false,16,108,d67d5f00,bowled,2e8994e7,true,pbks,dc
829725,1,false,19,125,5056011d,caught,acee4cc4,true,pbks,dc
829725,1,false,19,126,2e171977,caught,acee4cc4,true,pbks,dc
829725,2,false,2,19,85ec8e33,caught,ce820073,true,dc,pbks
829725,2,false,7,47,2e8994e7,run out,,false,dc,pbks
829725,2,false,18,117,1c914163,caught,69be866a,true,dc,pbks
829725,2,false,18,118,00ea847a,bowled,69be866a,true,dc,pbks
829725,2,false,19,125,99d63244,caught,2e171977,true,dc,pbks
829727,1,false,3,25,0a476045,caught,d2a989fc,true,srh,rr
829727,1,false,4,32,dcce6f09,run out,,false,srh,rr
829727,1,false,5,33,b17e2f24,lbw,d2a989fc,true,srh,rr
829727,1,false,14,90,890946a0,bowled,6aed7e79,true,srh,rr
829727,1,false,16,104,d2a6c0e6,lbw,6aed7e79,true,srh,rr
829727,2,false,10,65,a4cc73aa,caught,7ca5e05d,true,rr,srh
829727,2,false,13,84,30a45b23,caught,119678fd,true,rr,srh
829727,2,false,14,92,944533a5,caught and bowled,7ca5e05d,true,rr,srh
829727,2,false,18,116,29e95537,bowled,a818c1be,true,rr,srh
829729,1,false,0,4,b5da6c24,lbw,96fd40ae,true,mi,csk
829729,1,false,2,18,8abdf100,caught,96fd40ae,true,mi,csk
829729,1,false,3,23,89f64c19,caught,e0407c01,true,mi,csk
829729,1,false,9,59,8b5b6769,caught,759ac88f,true,mi,csk
829729,1,false,14,94,740742ef,caught,96fd40ae,true,mi,csk
829729,1,false,19,122,70d205c9,caught,87e562a9,true,mi,csk
829729,1,false,19,123,a757b0d8,caught,87e562a9,true,mi,csk
829729,2,false,7,51,b8a55852,caught,8b5b6769,true,csk,mi
829729,2,false,7,55,35205dfc,caught,8b5b6769,true,csk,mi
829729,2,false,12,82,3355b542,bowled,a12e1d51,true,csk,mi
829729,2,false,14,99,4a8a2e3b,caught and bowled,a757b0d8,true,csk,mi
829731,1,false,2,14,00ea847a,caught,2e81a32d,true,dc,srh
829731,1,false,11,74,85ec8e33,caught,e938e1bc,true,dc,srh
829731,1,false,15,102,2e8994e7,bowled,8fd1a8f5,true,dc,srh
829731,1,false,16,103,1c914163,caught,1c2a64cd,true,dc,srh
829731,2,false,6,38,0a476045,bowled,2e8994e7,true,srh,dc
829731,2,false,6,40,dcce6f09,caught and bowled,2e8994e7,true,srh,dc
829731,2,false,12,77,b17e2f24,bowled,896d78ad,true,srh,dc
829731,2,false,15,97,890946a0,caught,acee4cc4,true,srh,dc
829731,2,false,16,101,7ca5e05d,caught,2e8994e7,true,srh,dc
829731,2,false,16,103,d2a6c0e6,bowled,2e8994e7,true,srh,dc
829731,2,false,19,117,1c2a64cd,run out,,false,srh,dc
829731,2,false,19,121,119678fd,caught,56ab442f,true,srh,dc
829733,1,false,0,4,4b57e452,caught,cc1e8c68,true,pbks,kkr
829733,1,false,3,23,fe11caa6,caught,5bb5a915,true,pbks,kkr
829733,1,false,4,26,8ba8195d,caught,bbd41817,true,pbks,kkr
829733,1,false,11,73,b681e71e,caught,cc1e8c68,true,pbks,kkr
829733,1,false,13,87,0f12f9df,caught,bbd41817,true,pbks,kkr
829733,1,false,17,108,6eb146d2,caught,cc1e8c68,true,pbks,kkr
829733,1,false,18,117,2e171977,caught,9d430b40,true,pbks,kkr
829733,1,false,19,121,5056011d,run out,,false,pbks,kkr
829733,1,false,19,123,f5180fe6,caught,5bb5a915,true,pbks,kkr
829733,2,false,2,14,1c17e270,lbw,ce820073,true,kkr,pbks
829733,2,false,4,27,93b4fc78,caught,ce820073,true,kkr,pbks
829733,2,false,6,41,271f83cd,caught,0f12f9df,true,kkr,pbks
829733,2,false,7,46,bb345e0b,caught,ce820073,true,kkr,pbks
829733,2,false,7,47,4ec07775,lbw,ce820073,true,kkr,pbks
829733,2,false,17,107,bbd41817,bowled,f5180fe6,true,kkr,pbks
829735,1,false,2,14,b8a55852,caught,6aed7e79,true,csk,rr
829735,1,false,5,33,1dc12ab9,caught,fb66ce1f,true,csk,rr
829735,1,false,6,38,3355b542,caught,24d94623,true,csk,rr
829735,1,false,9,55,35205dfc,bowled,808f425a,true,csk,rr
829735,2,false,16,98,4329fbb5,bowled,fe93fd9d,true,rr,csk
829735,2,false,18,110,30a45b23,caught and bowled,87e562a9,true,rr,csk
829737,1,false,5,38,b5da6c24,bowled,aa8d28ae,true,mi,rcb
829737,1,false,13,87,89f64c19,caught,57ee1fde,true,mi,rcb
829737,1,false,17,113,0c94f480,caught,57ee1fde,true,mi,rcb
829737,1,false,18,117,a757b0d8,caught,aa8d28ae,true,mi,rcb
829737,1,false,18,118,70d205c9,caught,aa8d28ae,true,mi,rcb
829737,1,false,18,120,740742ef,caught and bowled,aa8d28ae,true,mi,rcb
829737,1,false,19,128,8b5b6769,run out,,false,mi,rcb
829737,2,false,4,33,5afd4539,bowled,8b5b6769,true,rcb,mi
829737,2,false,8,57,db584dad,bowled,8b5b6769,true,rcb,mi
829737,2,false,10,72,ba607b88,caught,51a3c5ef,true,rcb,mi
829737,2,false,12,84,c03f1114,caught,a12e1d51,true,rcb,mi
829737,2,false,13,90,cad00a4d,bowled,8b5b6769,true,rcb,mi
829737,2,false,14,97,c4487b84,caught,462411b3,true,rcb,mi
829737,2,false,19,129,85aae393,run out,,false,rcb,mi
829739,1,false,1,10,00ea847a,caught,5bb5a915,true,dc,kkr
829739,1,false,4,30,2e8994e7,bowled,9d430b40,true,dc,kkr
829739,1,false,8,56,85ec8e33,bowled,98ae73b1,true,dc,kkr
829739,1,false,13,87,26e5cabf,caught,5bb5a915,true,dc,kkr
829739,1,false,14,95,1c914163,stumped,98ae73b1,true,dc,kkr
829739,1,false,17,114,99d63244,caught,cc1e8c68,true,dc,kkr
829739,1,false,19,122,56ab442f,run out,,false,dc,kkr
829739,1,false,19,126,896d78ad,caught,cc1e8c68,true,dc,kkr
829739,2,false,4,26,1c17e270,caught,2c76b512,true,kkr,dc
829739,2,false,4,29,93b4fc78,caught,2c76b512,true,kkr,dc
829739,2,false,9,63,271f83cd,caught,56ab442f,true,kkr,dc
829739,2,false,17,110,bb345e0b,bowled,acee4cc4,true,kkr,dc
829741,1,false,11,72,4329fbb5,stumped,2e171977,true,rr,pbks
829741,1,false,14,93,73ad96ed,bowled,6f49cc6e,true,rr,pbks
829741,1,false,15,96,30a45b23,caught,2e171977,true,rr,pbks
829741,1,false,17,110,29e95537,caught,f5180fe6,true,rr,pbks
829741,1,false,18,115,808f425a,caught,ce820073,true,rr,pbks
829741,1,false,19,121,944533a5,caught,69be866a,true,rr,pbks
829741,2,false,1,12,8ba8195d,run out,,false,pbks,rr
829741,2,false,6,38,4b57e452,run out,,false,pbks,rr
829741,2,false,8,52,b681e71e,caught,39a2dfa8,true,pbks,rr
829741,2,false,14,87,508a1ea7,caught,6aed7e79,true,pbks,rr
829741,2,false,16,102,fe11caa6,bowled,fb66ce1f,true,pbks,rr
829741,2,false,17,107,d67d5f00,caught,73ad96ed,true,pbks,rr
829741,3,true,0,1,d67d5f00,lbw,fb66ce1f,true,pbks,rr
829741,3,true,0,7,508a1ea7,run out,,false,pbks,rr
829741,4,true,0,1,4329fbb5,bowled,f5180fe6,true,rr,pbks
829741,4,true,0,4,808f425a,run out,,false,rr,pbks
829743,1,false,14,87,dcce6f09,caught,5bb5a915,true,srh,kkr
829743,1,false,16,98,7ca5e05d,caught,5bb5a915,true,srh,kkr
829743,1,false,18,112,0a476045,caught,bbd41817,true,srh,kkr
829743,1,false,19,117,890946a0,bowled,cc1e8c68,true,srh,kkr
829743,2,false,3,23,bb345e0b,bowled,e938e1bc,true,kkr,srh
829743,2,false,5,37,1c17e270,caught,32198ae0,true,kkr,srh
829743,2,false,8,55,bbd41817,caught,7ca5e05d,true,kkr,srh
829743,2,false,11,70,3c6ffae8,caught,2e81a32d,true,kkr,srh
829745,1,false,1,11,b8a55852,caught,57ee1fde,true,csk,rcb
829745,1,false,8,53,35205dfc,caught,f986ca1a,true,csk,rcb
829745,1,false,12,78,1dc12ab9,caught,57ee1fde,true,csk,rcb
829745,1,false,14,86,4a8a2e3b,caught,57ee1fde,true,csk,rcb
829745,1,false,15,93,fe93fd9d,caught,85aae393,true,csk,rcb
829745,1,false,17,106,87e562a9,caught,85aae393,true,csk,rcb
829745,1,false,18,113,495d42a5,caught,aa8d28ae,true,csk,rcb
829745,1,false,19,121,759ac88f,bowled,3fb19989,true,csk,rcb
829745,2,false,3,21,5afd4539,caught,96fd40ae,true,rcb,csk
829745,2,false,3,24,cad00a4d,bowled,96fd40ae,true,rcb,csk
829745,2,false,8,51,c03f1114,caught,e0407c01,true,rcb,csk
829745,2,false,11,70,c4487b84,run out,,false,rcb,csk
829745,2,false,13,82,f088b960,caught,fe93fd9d,true,rcb,csk
829745,2,false,16,98,ba607b88,caught,96fd40ae,true,rcb,csk
829745,2,false,16,99,f986ca1a,caught,96fd40ae,true,rcb,csk
829745,2,false,19,121,aa8d28ae,caught,87e562a9,true,rcb,csk
829747,1,false,0,3,00ea847a,caught,51a3c5ef,true,dc,mi
829747,1,false,16,105,85ec8e33,bowled,a12e1d51,true,dc,mi
829747,1,false,17,114,896d78ad,caught,51a3c5ef,true,dc,mi
829747,1,false,19,124,1c914163,caught,462411b3,true,dc,mi
829747,2,false,4,29,89f64c19,caught,2c76b512,true,mi,dc
829747,2,false,5,39,b5da6c24,caught,896d78ad,true,mi,dc
829747,2,false,8,56,0c94f480,stumped,6b19d823,true,mi,dc
829747,2,false,10,68,a757b0d8,caught,6b19d823,true,mi,dc
829747,2,false,15,102,740742ef,caught,56ab442f,true,mi,dc
829747,2,false,16,103,dbe50b21,caught,acee4cc4,true,mi,dc
829747,2,false,16,105,70d205c9,caught,acee4cc4,true,mi,dc
829747,2,false,16,106,51a3c5ef,caught,acee4cc4,true,mi,dc
829747,2,false,19,126,8b5b6769,caught,896d78ad,true,mi,dc
829749,1,false,4,32,29e95537,lbw,f986ca1a,true,rr,rcb
829749,1,false,5,36,4329fbb5,caught,57ee1fde,true,rr,rcb
829749,1,false,9,61,944533a5,run out,,false,rr,rcb
829749,1,false,11,71,73ad96ed,bowled,85aae393,true,rr,rcb
829749,1,false,12,79,a4cc73aa,bowled,57ee1fde,true,rr,rcb
829749,1,false,17,106,30a45b23,caught,3fb19989,true,rr,rcb
829749,1,false,17,110,bd17b45f,caught,3fb19989,true,rr,rcb
829749,1,false,18,116,808f425a,caught,f986ca1a,true,rr,rcb
829749,1,false,19,118,d2a989fc,bowled,3fb19989,true,rr,rcb
829749,2,false,4,27,db584dad,caught,4329fbb5,true,rcb,rr
829751,1,false,5,38,b5da6c24,caught,8fd1a8f5,true,mi,srh
829751,1,false,6,46,0c94f480,caught,e938e1bc,true,mi,srh
829751,1,false,12,79,89f64c19,bowled,8fd1a8f5,true,mi,srh
829751,1,false,13,87,740742ef,caught,119678fd,true,mi,srh
829751,1,false,16,104,70d205c9,caught,2e81a32d,true,mi,srh
829751,1,false,17,110,8b5b6769,caught,e938e1bc,true,mi,srh
829751,1,false,19,123,a757b0d8,bowled,2e81a32d,true,mi,srh
829751,1,false,19,124,41eb4a4f,caught,2e81a32d,true,mi,srh
829751,2,false,4,30,dcce6f09,caught,a12e1d51,true,srh,mi
829751,2,false,5,37,0a476045,caught,51a3c5ef,true,srh,mi
829751,2,false,8,54,890946a0,caught,4125d931,true,srh,mi
829751,2,false,14,91,b17e2f24,caught,51a3c5ef,true,srh,mi
829751,2,false,17,109,7ca5e05d,caught,51a3c5ef,true,srh,mi
829751,2,false,18,112,94253925,caught,a12e1d51,true,srh,mi
829751,2,false,18,114,e938e1bc,bowled,a12e1d51,true,srh,mi
829751,2,false,18,115,8fd1a8f5,caught,a12e1d51,true,srh,mi
829753,1,false,4,28,35205dfc,bowled,69be866a,true,csk,pbks
829753,1,false,12,78,b8a55852,caught,2e171977,true,csk,pbks
829753,1,false,15,97,1dc12ab9,run out,,false,csk,pbks
829753,2,false,0,6,8ba8195d,caught,e0407c01,true,pbks,csk
829753,2,false,5,32,508a1ea7,lbw,96fd40ae,true,pbks,csk
829753,2,false,6,40,5056011d,caught,fe93fd9d,true,pbks,csk
829753,2,false,8,56,d67d5f00,caught,fe93fd9d,true,pbks,csk
829753,2,false,9,58,4b57e452,caught,495d42a5,true,pbks,csk
829753,2,false,11,72,2e171977,stumped,495d42a5,true,pbks,csk
829753,2,false,12,76,f5180fe6,caught,fe93fd9d,true,pbks,csk
829753,2,false,17,108,fe11caa6,caught,96fd40ae,true,pbks,csk
829753,2,false,19,117,69be866a,caught,759ac88f,true,pbks,csk
829757,1,false,0,6,85ec8e33,lbw,3fb19989,true,dc,rcb
829757,1,false,5,36,2e8994e7,caught,aa8d28ae,true,dc,rcb
829757,1,false,6,42,1c914163,caught,0a3d54b9,true,dc,rcb
829757,1,false,6,43,896d78ad,caught,0a3d54b9,true,dc,rcb
829757,1,false,12,78,00ea847a,stumped,85aae393,true,dc,rcb
829757,1,false,13,87,56ab442f,lbw,aa8d28ae,true,dc,rcb
829757,1,false,14,95,6b19d823,bowled,3fb19989,true,dc,rcb
829757,1,false,16,105,9d80c5e1,bowled,3fb19989,true,dc,rcb
829757,1,false,17,111,99d63244,caught,f986ca1a,true,dc,rcb
829757,1,false,18,116,2c76b512,run out,,false,dc,rcb
829759,1,false,1,11,0a476045,caught,f5180fe6,true,srh,pbks
829759,1,false,5,36,94253925,caught,69be866a,true,srh,pbks
829759,1,false,9,59,dcce6f09,caught,2e171977,true,srh,pbks
829759,1,false,16,100,890946a0,caught,2e171977,true,srh,pbks
829759,1,false,17,104,7ca5e05d,caught,f5180fe6,true,srh,pbks
829759,1,false,19,116,32198ae0,bowled,ce820073,true,srh,pbks
829759,2,false,2,15,c03e2850,bowled,a818c1be,true,pbks,srh
829759,2,false,3,22,508a1ea7,bowled,2e81a32d,true,pbks,srh
829759,2,false,7,50,5056011d,caught,32198ae0,true,pbks,srh
829759,2,false,8,55,4b57e452,run out,,false,pbks,srh
829759,2,false,12,79,d67d5f00,caught,119678fd,true,pbks,srh
829759,2,false,17,108,2e171977,bowled,a818c1be,true,pbks,srh
829759,2,false,17,113,fe11caa6,caught,a818c1be,true,pbks,srh
829759,2,false,18,118,26a85969,lbw,2e81a32d,true,pbks,srh
829759,2,false,19,122,69be866a,caught,e938e1bc,true,pbks,srh
829761,1,false,4,30,bb345e0b,caught,91a4a398,true,kkr,dc
829761,1,false,8,57,1c17e270,lbw,6b19d823,true,kkr,dc
829761,1,false,11,74,93b4fc78,bowled,1c914163,true,kkr,dc
829761,1,false,14,93,98ae73b1,caught,c3d35165,true,kkr,dc
829761,1,false,16,104,bbd41817,caught,acee4cc4,true,kkr,dc
829761,1,false,18,119,3c6ffae8,caught,acee4cc4,true,kkr,dc
829761,1,false,19,125,7c503806,run out,,false,kkr,dc
829761,2,false,9,61,26e5cabf,caught,98ae73b1,true,dc,kkr
829761,2,false,10,68,85ec8e33,bowled,f708a0bc,true,dc,kkr
829761,2,false,13,82,99d63244,caught,98ae73b1,true,dc,kkr
829761,2,false,13,85,1c914163,caught,98ae73b1,true,dc,kkr
829761,2,false,15,96,2e8994e7,caught,98ae73b1,true,dc,kkr
829761,2,false,18,118,896d78ad,bowled,bbd41817,true,dc,kkr
829763,1,false,0,4,db584dad,caught,13c35c9e,true,rcb,rr
829763,1,false,2,14,ba607b88,caught,13c35c9e,true,rcb,rr
829763,1,false,11,70,c3a96caf,lbw,bd17b45f,true,rcb,rr
829763,1,false,13,87,c4487b84,run out,,false,rcb,rr
829763,1,false,16,104,c03f1114,run out,,false,rcb,rr
829763,1,false,18,121,aa8d28ae,caught,d2a989fc,true,rcb,rr
829763,1,false,19,128,f986ca1a,run out,,false,rcb,rr
829765,1,false,4,29,b8a55852,lbw,98ae73b1,true,csk,kkr
829765,1,false,8,53,35205dfc,run out,,false,csk,kkr
829765,1,false,9,59,1dc12ab9,caught,bbd41817,true,csk,kkr
829765,1,false,11,73,4a8a2e3b,caught,bbd41817,true,csk,kkr
829765,1,false,12,82,87e562a9,caught,98ae73b1,true,csk,kkr
829765,1,false,18,120,fe93fd9d,bowled,f708a0bc,true,csk,kkr
829765,2,false,0,2,bb345e0b,caught,e0407c01,true,kkr,csk
829765,2,false,5,32,1c17e270,caught,495d42a5,true,kkr,csk
829765,2,false,7,44,93b4fc78,caught,495d42a5,true,kkr,csk
829765,2,false,12,75,271f83cd,caught,759ac88f,true,kkr,csk
829765,2,false,15,95,3c6ffae8,bowled,87e562a9,true,kkr,csk
829765,2,false,16,104,bbd41817,run out,,false,kkr,csk
829765,2,false,17,106,ded9240e,caught,87e562a9,true,kkr,csk
829765,2,false,17,110,98ae73b1,caught,87e562a9,true,kkr,csk
829765,2,false,18,116,cc1e8c68,bowled,96fd40ae,true,kkr,csk
829767,1,false,0,2,8ba8195d,caught,91a4a398,true,pbks,dc
829767,1,false,1,7,508a1ea7,lbw,2e8994e7,true,pbks,dc
829767,1,false,2,18,c03e2850,caught,91a4a398,true,pbks,dc
829767,1,false,3,21,fe11caa6,caught,56ab442f,true,pbks,dc
829767,1,false,7,49,5056011d,lbw,6b19d823,true,pbks,dc
829767,1,false,9,60,0f12f9df,caught,56ab442f,true,pbks,dc
829767,1,false,18,112,2e171977,caught,56ab442f,true,pbks,dc
829767,1,false,18,115,d67d5f00,caught,56ab442f,true,pbks,dc
829767,2,false,12,80,85ec8e33,caught,1abb78f8,true,dc,pbks
829769,1,false,4,31,b5da6c24,caught and bowled,d2a989fc,true,mi,rr
829769,1,false,9,57,89f64c19,lbw,24d94623,true,mi,rr
829769,1,false,10,67,0c94f480,caught,13c35c9e,true,mi,rr
829769,1,false,14,92,740742ef,caught,d2a989fc,true,mi,rr
829769,1,false,19,123,a757b0d8,caught,dec8e038,true,mi,rr
829769,2,false,3,22,29e95537,caught,41eb4a4f,true,rr,mi
829769,2,false,8,54,4329fbb5,bowled,4125d931,true,rr,mi
829769,2,false,14,97,30a45b23,caught,51a3c5ef,true,rr,mi
829769,2,false,17,113,a4cc73aa,caught,51a3c5ef,true,rr,mi
829769,2,false,17,114,944533a5,caught,51a3c5ef,true,rr,mi
829769,2,false,18,116,73ad96ed,caught,a12e1d51,true,rr,mi
829769,2,false,19,126,13c35c9e,run out,,false,rr,mi
829771,1,false,3,26,bb345e0b,caught,aa8d28ae,true,kkr,rcb
829771,1,false,6,44,1c17e270,caught,57ee1fde,true,kkr,rcb
829771,1,false,8,55,bbd41817,run out,,false,kkr,rcb
829771,1,false,9,58,4ec07775,caught,3fb19989,true,kkr,rcb
829771,2,false,3,26,db584dad,caught,f708a0bc,true,rcb,kkr
829771,2,false,4,31,c4487b84,bowled,98ae73b1,true,rcb,kkr
829771,2,false,7,47,ba607b88,caught,bbd41817,true,rcb,kkr
829773,1,false,8,51,dcce6f09,caught,1dc12ab9,true,srh,csk
829773,1,false,9,62,32198ae0,stumped,f62772e5,true,srh,csk
829773,1,false,12,81,0a476045,run out,,false,srh,csk
829773,1,false,16,101,890946a0,bowled,96fd40ae,true,srh,csk
829773,1,false,17,108,1c2a64cd,caught,87e562a9,true,srh,csk
829773,1,false,19,122,94253925,caught,87e562a9,true,srh,csk
829773,1,false,19,124,119678fd,caught,87e562a9,true,srh,csk
829773,2,false,1,11,b8a55852,bowled,2e81a32d,true,csk,srh
829773,2,false,5,32,35205dfc,caught,32198ae0,true,csk,srh
829773,2,false,7,48,1dc12ab9,caught,32198ae0,true,csk,srh
829773,2,false,12,79,3355b542,run out,,false,csk,srh
829773,2,false,12,80,4a8a2e3b,bowled,1c2a64cd,true,csk,srh
829773,2,false,16,102,f62772e5,bowled,2e81a32d,true,csk,srh
829775,1,false,12,74,b5da6c24,caught,1647bd37,true,mi,pbks
829775,1,false,17,109,740742ef,caught,f5180fe6,true,mi,pbks
829775,1,false,19,118,89f64c19,caught,69be866a,true,mi,pbks
829775,2,false,1,8,8ba8195d,caught,a12e1d51,true,pbks,mi
829775,2,false,4,28,b681e71e,caught,4125d931,true,pbks,mi
829775,2,false,11,73,4b57e452,caught,8b5b6769,true,pbks,mi
829775,2,false,16,100,d67d5f00,caught,a12e1d51,true,pbks,mi
829775,2,false,18,115,5056011d,run out,,false,pbks,mi
829775,2,false,18,116,2e171977,run out,,false,pbks,mi
829775,2,false,19,123,fe11caa6,run out,,false,pbks,mi
829777,1,false,6,44,4329fbb5,caught,896d78ad,true,rr,dc
829777,1,false,18,114,944533a5,caught,56ab442f,true,rr,dc
829777,2,false,2,15,00ea847a,bowled,bd17b45f,true,dc,rr
829777,2,false,4,26,85ec8e33,bowled,4329fbb5,true,dc,rr
829777,2,false,8,57,1c914163,caught,808f425a,true,dc,rr
829777,2,false,13,87,896d78ad,caught,bd17b45f,true,dc,rr
829777,2,false,15,100,99d63244,caught,d2a989fc,true,dc,rr
829777,2,false,17,115,2e8994e7,caught,808f425a,true,dc,rr
829777,2,false,18,121,56ab442f,caught,d2a989fc,true,dc,rr
829779,1,false,0,6,35205dfc,bowled,3fb19989,true,csk,rcb
829779,1,false,5,33,b8a55852,caught,aa8d28ae,true,csk,rcb
829779,1,false,14,89,3355b542,bowled,f986ca1a,true,csk,rcb
829779,1,false,14,94,1dc12ab9,lbw,f986ca1a,true,csk,rcb
829779,1,false,17,107,fe93fd9d,caught,57ee1fde,true,csk,rcb
829779,1,false,18,115,4a8a2e3b,caught,aa8d28ae,true,csk,rcb
829779,1,false,19,122,87e562a9,caught,3fb19989,true,csk,rcb
829779,1,false,19,124,f62772e5,bowled,3fb19989,true,csk,rcb
829779,1,false,19,125,759ac88f,run out,,false,csk,rcb
829779,2,false,2,13,44afbf2d,bowled,e0407c01,true,rcb,csk
829779,2,false,4,30,c4487b84,caught,e0407c01,true,rcb,csk
829779,2,false,5,32,c3a96caf,run out,,false,rcb,csk
829779,2,false,13,84,ba607b88,run out,,false,rcb,csk
829779,2,false,14,85,c03f1114,caught,96fd40ae,true,rcb,csk
829779,2,false,16,101,f088b960,caught,96fd40ae,true,rcb,csk
829779,2,false,16,103,f986ca1a,caught,96fd40ae,true,rcb,csk
829779,2,false,18,115,3fb19989,caught,759ac88f,true,rcb,csk
829779,2,false,19,116,aa8d28ae,caught,87e562a9,true,rcb,csk
829779,2,false,19,119,85aae393,caught,87e562a9,true,rcb,csk
829781,1,false,6,38,bb345e0b,caught,119678fd,true,kkr,srh
829781,1,false,10,66,1c17e270,caught,119678fd,true,kkr,srh
829781,1,false,11,72,bbd41817,caught,c18496e1,true,kkr,srh
829781,1,false,13,83,93b4fc78,run out,,false,kkr,srh
829781,1,false,14,90,4ec07775,lbw,32198ae0,true,kkr,srh
829781,1,false,17,106,7c503806,bowled,2e81a32d,true,kkr,srh
829781,1,false,17,109,271f83cd,caught,2e81a32d,true,kkr,srh
829781,2,false,0,4,dcce6f09,bowled,cc1e8c68,true,srh,kkr
829781,2,false,0,8,890946a0,bowled,cc1e8c68,true,srh,kkr
829781,2,false,4,31,0a476045,caught,f708a0bc,true,srh,kkr
829781,2,false,8,51,d2a6c0e6,run out,,false,srh,kkr
829781,2,false,11,73,94253925,stumped,98ae73b1,true,srh,kkr
829781,2,false,11,75,c18496e1,run out,,false,srh,kkr
829781,2,false,14,88,32198ae0,caught,f708a0bc,true,srh,kkr
829781,2,false,17,111,119678fd,caught,7c503806,true,srh,kkr
829781,2,false,19,122,e938e1bc,caught,bbd41817,true,srh,kkr
829783,1,false,0,1,00ea847a,caught,a12e1d51,true,dc,mi
829783,1,false,5,32,85ec8e33,caught,8b5b6769,true,dc,mi
829783,1,false,6,41,2e8994e7,caught and bowled,4125d931,true,dc,mi
829783,1,false,11,69,99d63244,stumped,8b5b6769,true,dc,mi
829783,1,false,15,95,896d78ad,caught,dbe50b21,true,dc,mi
829783,1,false,18,115,1c914163,caught,a12e1d51,true,dc,mi
829783,2,false,0,2,89f64c19,lbw,91a4a398,true,mi,dc
829783,2,false,1,14,dbe50b21,caught,56ab442f,true,mi,dc
829783,2,false,4,29,b5da6c24,caught,896d78ad,true,mi,dc
829783,2,false,5,35,8b5b6769,bowled,56ab442f,true,mi,dc
829783,2,false,15,96,740742ef,bowled,6b19d823,true,mi,dc
829785,1,false,11,73,ba607b88,bowled,ce820073,true,rcb,pbks
829785,1,false,16,110,db584dad,caught and bowled,2e171977,true,rcb,pbks
829785,1,false,17,114,c03f1114,bowled,ce820073,true,rcb,pbks
829785,2,false,0,5,c03e2850,caught,3fb19989,true,pbks,rcb
829785,2,false,2,15,4b57e452,bowled,f986ca1a,true,pbks,rcb
829785,2,false,3,20,b681e71e,bowled,957532de,true,pbks,rcb
829785,2,false,5,35,fe11caa6,caught,957532de,true,pbks,rcb
829785,2,false,5,37,d67d5f00,bowled,957532de,true,pbks,rcb
829785,2,false,7,44,5056011d,bowled,957532de,true,pbks,rcb
829785,2,false,8,52,f5180fe6,bowled,3fb19989,true,pbks,rcb
829785,2,false,8,54,69be866a,bowled,3fb19989,true,pbks,rcb
829785,2,false,10,66,1647bd37,bowled,3fb19989,true,pbks,rcb
829785,2,false,13,84,ce820073,caught and bowled,57ee1fde,true,pbks,rcb
829787,1,false,4,28,dcce6f09,caught,4329fbb5,true,srh,rr
829787,1,false,10,65,32198ae0,bowled,6aed7e79,true,srh,rr
829787,1,false,14,89,0a476045,bowled,808f425a,true,srh,rr
829787,1,false,17,110,d2a6c0e6,caught,4329fbb5,true,srh,rr
829787,2,false,0,6,29e95537,caught,2e81a32d,true,rr,srh
829787,2,false,3,24,4329fbb5,caught,5bb1a1c4,true,rr,srh
829787,2,false,7,46,944533a5,caught,32198ae0,true,rr,srh
829787,2,false,10,67,73ad96ed,caught,119678fd,true,rr,srh
829787,2,false,14,87,30a45b23,bowled,7ca5e05d,true,rr,srh
829787,2,false,17,104,808f425a,caught,2e81a32d,true,rr,srh
829787,2,false,17,107,a4cc73aa,bowled,2e81a32d,true,rr,srh
829789,1,false,4,30,b8a55852,caught,41eb4a4f,true,csk,mi
829789,1,false,8,53,1dc12ab9,caught,4125d931,true,csk,mi
829789,1,false,9,56,35205dfc,caught,8b5b6769,true,csk,mi
829789,1,false,15,93,3355b542,caught,51a3c5ef,true,csk,mi
829789,1,false,19,122,f62772e5,run out,,false,csk,mi
829789,2,false,10,62,b5da6c24,caught,495d42a5,true,mi,csk
829789,2,false,10,65,89f64c19,caught,495d42a5,true,mi,csk
829789,2,false,11,73,a757b0d8,run out,,false,mi,csk
829789,2,false,17,104,740742ef,caught,87e562a9,true,mi,csk
829791,1,false,5,35,4b57e452,bowled,9d430b40,true,pbks,kkr
829791,1,false,10,66,c03e2850,caught and bowled,9d430b40,true,pbks,kkr
829791,1,false,16,101,b681e71e,caught,9d430b40,true,pbks,kkr
829791,1,false,16,104,fe11caa6,bowled,9d430b40,true,pbks,kkr
829791,1,false,19,120,6eb146d2,caught and bowled,bbd41817,true,pbks,kkr
829791,2,false,3,21,1c17e270,caught,69be866a,true,kkr,pbks
829791,2,false,7,47,93b4fc78,caught,b681e71e,true,kkr,pbks
829791,2,false,8,55,bb345e0b,caught,6eb146d2,true,kkr,pbks
829791,2,false,10,67,271f83cd,bowled,6eb146d2,true,kkr,pbks
829791,2,false,14,94,3c6ffae8,caught,b56dc5f7,true,kkr,pbks
829791,2,false,16,105,bbd41817,caught,2e171977,true,kkr,pbks
829791,2,false,17,108,7c503806,run out,,false,kkr,pbks
829791,2,false,19,120,f708a0bc,run out,,false,kkr,pbks
829791,2,false,19,122,98ae73b1,caught,69be866a,true,kkr,pbks
829793,1,false,3,23,0a476045,caught,91a4a398,true,srh,dc
829793,1,false,4,26,dcce6f09,caught,56ab442f,true,srh,dc
829793,1,false,10,66,d2a6c0e6,caught,81049310,true,srh,dc
829793,1,false,14,92,119678fd,caught,56ab442f,true,srh,dc
829793,2,false,2,16,85ec8e33,caught and bowled,2e81a32d,true,dc,srh
829793,2,false,8,50,372455c4,stumped,119678fd,true,dc,srh
829793,2,false,9,60,1c914163,caught,9170ff49,true,dc,srh
829793,2,false,10,62,2e8994e7,bowled,119678fd,true,dc,srh
829795,1,false,3,20,db584dad,caught,a12e1d51,true,rcb,mi
829795,2,false,3,25,b5da6c24,run out,,false,mi,rcb
829795,2,false,8,51,740742ef,caught,f986ca1a,true,mi,rcb
829795,2,false,14,88,a757b0d8,caught,957532de,true,mi,rcb
829795,2,false,15,96,dbe50b21,stumped,57ee1fde,true,mi,rcb
829795,2,false,17,108,70d205c9,caught,f986ca1a,true,mi,rcb
829795,2,false,18,113,8b5b6769,caught,3fb19989,true,mi,rcb
829795,2,false,19,119,4125d931,caught,57ee1fde,true,mi,rcb
829797,1,false,2,16,35205dfc,caught,24d94623,true,csk,rr
829797,1,false,3,22,1dc12ab9,caught,fb66ce1f,true,csk,rr
829797,1,false,16,101,3355b542,run out,,false,csk,rr
829797,1,false,17,107,b8a55852,caught,fb66ce1f,true,csk,rr
829797,1,false,17,108,f62772e5,caught,fb66ce1f,true,csk,rr
829797,2,false,5,33,29e95537,caught,759ac88f,true,rr,csk
829797,2,false,7,46,30a45b23,bowled,fe93fd9d,true,rr,csk
829797,2,false,9,60,4329fbb5,caught,fe93fd9d,true,rr,csk
829797,2,false,11,71,944533a5,caught,fe93fd9d,true,rr,csk
829797,2,false,14,86,73ad96ed,caught,fe93fd9d,true,rr,csk
829797,2,false,17,107,a4cc73aa,caught,87e562a9,true,rr,csk
829797,2,false,18,114,808f425a,caught,759ac88f,true,rr,csk
829797,2,false,18,115,33a364a6,caught,759ac88f,true,rr,csk
829797,2,false,19,122,24d94623,caught,87e562a9,true,rr,csk
829799,1,false,6,38,0a476045,stumped,b681e71e,true,srh,pbks
829799,1,false,13,85,32198ae0,caught,6eb146d2,true,srh,pbks
829799,1,false,15,95,d2a6c0e6,caught,b56dc5f7,true,srh,pbks
829799,1,false,17,107,dcce6f09,caught,b56dc5f7,true,srh,pbks
829799,1,false,17,108,890946a0,run out,,false,srh,pbks
829799,2,false,4,29,4b57e452,caught,c18496e1,true,pbks,srh
829799,2,false,6,37,c03e2850,caught,c18496e1,true,pbks,srh
829799,2,false,7,45,b681e71e,caught,a818c1be,true,pbks,srh
829799,2,false,8,55,fe11caa6,caught,32198ae0,true,pbks,srh
829799,2,false,12,76,5056011d,caught,32198ae0,true,pbks,srh
829799,2,false,14,86,6eb146d2,caught,32198ae0,true,pbks,srh
829799,2,false,18,118,2e171977,caught,2e81a32d,true,pbks,srh
829801,1,false,5,36,b8a55852,caught,91a4a398,true,csk,dc
829801,1,false,8,49,35205dfc,lbw,c3d35165,true,csk,dc
829801,1,false,9,56,1dc12ab9,caught,81049310,true,csk,dc
829801,1,false,15,92,3355b542,bowled,c3d35165,true,csk,dc
829801,1,false,17,105,87e562a9,caught,1558d83b,true,csk,dc
829801,1,false,18,109,4a8a2e3b,caught,91a4a398,true,csk,dc
829801,2,false,2,15,372455c4,caught,e0407c01,true,dc,csk
829801,2,false,4,25,2e8994e7,bowled,e0407c01,true,dc,csk
829801,2,false,13,80,1c914163,caught,f62772e5,true,dc,csk
829801,2,false,15,96,c3d35165,caught,f62772e5,true,dc,csk
829803,1,false,2,15,fe11caa6,caught,aa8d28ae,true,pbks,rcb
829803,1,false,4,28,c03e2850,caught,f986ca1a,true,pbks,rcb
829803,1,false,4,30,b681e71e,caught,f986ca1a,true,pbks,rcb
829803,1,false,5,37,d67d5f00,stumped,57ee1fde,true,pbks,rcb
829803,1,false,8,56,5056011d,bowled,57ee1fde,true,pbks,rcb
829803,1,false,9,60,6eb146d2,caught,3fb19989,true,pbks,rcb
829803,2,false,2,18,ba607b88,bowled,69be866a,true,rcb,pbks
829803,2,false,4,30,db584dad,caught,ce820073,true,rcb,pbks
829803,2,false,6,42,c4487b84,caught,2e171977,true,rcb,pbks
829803,2,false,7,49,c03f1114,caught,b56dc5f7,true,rcb,pbks
829803,2,false,8,54,c3a96caf,caught,2e171977,true,rcb,pbks
829803,2,false,9,62,f088b960,caught,69be866a,true,rcb,pbks
829805,1,false,4,26,b5da6c24,caught,7dc35884,true,mi,kkr
829805,1,false,5,35,89f64c19,caught,5bb5a915,true,mi,kkr
829805,1,false,6,41,70d205c9,caught,7dc35884,true,mi,kkr
829805,1,false,11,73,740742ef,bowled,9d430b40,true,mi,kkr
829805,2,false,5,35,1c17e270,caught,8b5b6769,true,kkr,mi
829805,2,false,5,37,93b4fc78,run out,,false,kkr,mi
829805,2,false,10,70,bb345e0b,bowled,4125d931,true,kkr,mi
829805,2,false,14,92,7dc35884,caught,41eb4a4f,true,kkr,mi
829805,2,false,15,101,bbd41817,caught,a12e1d51,true,kkr,mi
829805,2,false,17,109,271f83cd,caught,51a3c5ef,true,kkr,mi
829805,2,false,19,121,3c6ffae8,caught,a757b0d8,true,kkr,mi
829807,1,false,2,14,0a476045,caught,aa8d28ae,true,srh,rcb
829807,1,false,9,61,32198ae0,caught,aa8d28ae,true,srh,rcb
829807,1,false,10,70,d2a6c0e6,caught,3fb19989,true,srh,rcb
829807,2,false,2,16,db584dad,caught,32198ae0,true,rcb,srh
829807,2,false,2,17,c4487b84,caught,32198ae0,true,rcb,srh
829807,2,false,4,26,c3a96caf,caught,e938e1bc,true,rcb,srh
829807,2,false,5,33,c03f1114,run out,,false,rcb,srh
829809,1,false,2,14,fe11caa6,caught,f62772e5,true,pbks,csk
829809,1,false,4,25,5056011d,caught,96fd40ae,true,pbks,csk
829809,1,false,5,31,c03e2850,caught,e0407c01,true,pbks,csk
829809,1,false,8,52,6eb146d2,stumped,495d42a5,true,pbks,csk
829809,1,false,9,60,b681e71e,bowled,fe93fd9d,true,pbks,csk
829809,1,false,13,84,d67d5f00,caught,f62772e5,true,pbks,csk
829809,1,false,18,117,2e171977,caught,87e562a9,true,pbks,csk
829809,2,false,0,6,48fd7349,caught,ce820073,true,csk,pbks
829809,2,false,1,11,b8a55852,bowled,b56dc5f7,true,csk,pbks
829809,2,false,13,86,3355b542,bowled,26a85969,true,csk,pbks
829811,1,false,6,43,29e95537,run out,,false,rr,kkr
829811,1,false,10,67,30a45b23,caught,bbd41817,true,rr,kkr
829811,1,false,12,79,a4cc73aa,caught,bbd41817,true,rr,kkr
829811,1,false,14,90,808f425a,caught,bbd41817,true,rr,kkr
829811,1,false,17,113,944533a5,caught,cc1e8c68,true,rr,kkr
829811,1,false,19,125,fb66ce1f,run out,,false,rr,kkr
829811,2,false,0,7,bb345e0b,caught,fb66ce1f,true,kkr,rr
829811,2,false,2,19,1c17e270,caught,d2a989fc,true,kkr,rr
829811,2,false,8,53,93b4fc78,caught,d2a989fc,true,kkr,rr
829811,2,false,13,86,bbd41817,caught,fb66ce1f,true,kkr,rr
829811,2,false,13,88,271f83cd,caught,fb66ce1f,true,kkr,rr
829811,2,false,15,100,3c6ffae8,caught,4329fbb5,true,kkr,rr
829811,2,false,16,111,9a158001,caught,808f425a,true,kkr,rr
829811,2,false,17,116,98ae73b1,caught,4329fbb5,true,kkr,rr
829811,2,false,19,129,7dc35884,caught,fb66ce1f,true,kkr,rr
829813,1,false,6,40,85ec8e33,caught,f986ca1a,true,dc,rcb
829813,1,false,11,71,372455c4,caught,57ee1fde,true,dc,rcb
829813,1,false,13,86,1c914163,caught,57ee1fde,true,dc,rcb
829813,1,false,14,89,99d63244,caught,f986ca1a,true,dc,rcb
829813,1,false,15,95,896d78ad,run out,,false,dc,rcb
829815,1,false,0,6,0a476045,bowled,a12e1d51,true,srh,mi
829815,1,false,1,7,dcce6f09,caught,51a3c5ef,true,srh,mi
829815,1,false,5,35,d2a6c0e6,caught,51a3c5ef,true,srh,mi
829815,1,false,9,60,32198ae0,stumped,4125d931,true,srh,mi
829815,1,false,9,61,890946a0,caught,4125d931,true,srh,mi
829815,1,false,12,77,b17e2f24,bowled,8b5b6769,true,srh,mi
829815,1,false,15,98,1c2a64cd,caught,a757b0d8,true,srh,mi
829815,1,false,16,103,2e81a32d,caught,51a3c5ef,true,srh,mi
829815,1,false,17,109,119678fd,caught,a12e1d51,true,srh,mi
829815,1,false,19,124,e938e1bc,run out,,false,srh,mi
829815,2,false,13,85,89f64c19,caught,119678fd,true,mi,srh
829817,1,false,10,67,b5da6c24,caught,87e562a9,true,mi,csk
829817,1,false,13,85,89f64c19,caught,fe93fd9d,true,mi,csk
829817,1,false,15,97,740742ef,caught,87e562a9,true,mi,csk
829817,1,false,16,100,dbe50b21,caught,96fd40ae,true,mi,csk
829817,1,false,18,118,70d205c9,caught,759ac88f,true,mi,csk
829817,1,false,19,127,a757b0d8,caught,87e562a9,true,mi,csk
829817,2,false,0,4,35205dfc,lbw,a12e1d51,true,csk,mi
829817,2,false,5,33,48fd7349,caught,41eb4a4f,true,csk,mi
829817,2,false,10,65,1dc12ab9,caught and bowled,8b5b6769,true,csk,mi
829817,2,false,10,66,4a8a2e3b,lbw,8b5b6769,true,csk,mi
829817,2,false,13,86,3355b542,caught,4125d931,true,csk,mi
829817,2,false,14,92,87e562a9,run out,,false,csk,mi
829817,2,false,15,97,f62772e5,caught,41eb4a4f,true,csk,mi
829817,2,false,17,108,fe93fd9d,caught,51a3c5ef,true,csk,mi
829817,2,false,18,117,495d42a5,caught,a12e1d51,true,csk,mi
829817,2,false,18,119,96fd40ae,caught,a12e1d51,true,csk,mi
829819,1,false,5,38,db584dad,bowled,d2a989fc,true,rcb,rr
829819,1,false,7,47,ba607b88,caught and bowled,d2a989fc,true,rcb,rr
829819,1,false,18,117,c4487b84,run out,,false,rcb,rr
829819,1,false,19,122,c03f1114,caught,fb66ce1f,true,rcb,rr
829819,2,false,1,12,4329fbb5,caught,957532de,true,rr,rcb
829819,2,false,4,29,a4cc73aa,caught,f986ca1a,true,rr,rcb
829819,2,false,8,49,30a45b23,caught,aa8d28ae,true,rr,rcb
829819,2,false,12,74,944533a5,caught,f986ca1a,true,rr,rcb
829819,2,false,13,85,29e95537,caught,57ee1fde,true,rr,rcb
829819,2,false,14,90,808f425a,caught and bowled,957532de,true,rr,rcb
829819,2,false,14,91,bd17b45f,run out,,false,rr,rcb
829819,2,false,15,98,fb66ce1f,caught,3fb19989,true,rr,rcb
829819,2,false,16,103,73ad96ed,caught,aa8d28ae,true,rr,rcb
829819,2,false,18,117,d2a989fc,bowled,57ee1fde,true,rr,rcb
829821,1,false,4,25,ba607b88,caught,96fd40ae,true,rcb,csk
829821,1,false,4,30,c4487b84,lbw,96fd40ae,true,rcb,csk
829821,1,false,7,43,c3a96caf,caught,495d42a5,true,rcb,csk
829821,1,false,13,84,db584dad,caught and bowled,1dc12ab9,true,rcb,csk
829821,1,false,16,101,c03f1114,caught,96fd40ae,true,rcb,csk
829821,1,false,18,114,aa8d28ae,caught,759ac88f,true,rcb,csk
829821,1,false,19,122,f986ca1a,run out,,false,rcb,csk
829821,1,false,19,124,f088b960,caught,87e562a9,true,rcb,csk
829821,2,false,3,19,35205dfc,caught,957532de,true,csk,rcb
829821,2,false,9,58,3355b542,bowled,57ee1fde,true,csk,rcb
829821,2,false,9,60,1dc12ab9,caught,57ee1fde,true,csk,rcb
829821,2,false,16,101,48fd7349,caught,aa8d28ae,true,csk,rcb
829821,2,false,18,116,f62772e5,run out,,false,csk,rcb
829821,2,false,18,117,87e562a9,bowled,3fb19989,true,csk,rcb
829821,2,false,19,121,4a8a2e3b,caught,f986ca1a,true,csk,rcb
829823,1,false,0,5,b5da6c24,run out,,false,mi,csk
829823,1,false,11,73,740742ef,caught,87e562a9,true,mi,csk
829823,1,false,12,74,89f64c19,bowled,35205dfc,true,mi,csk
829823,1,false,18,114,a757b0d8,caught,759ac88f,true,mi,csk
829823,1,false,19,117,dbe50b21,caught,87e562a9,true,mi,csk
829823,2,false,4,29,48fd7349,caught,51a3c5ef,true,csk,mi
829823,2,false,11,74,35205dfc,lbw,8b5b6769,true,csk,mi
829823,2,false,13,84,1dc12ab9,stumped,8b5b6769,true,csk,mi
829823,2,false,14,90,87e562a9,caught,51a3c5ef,true,csk,mi
829823,2,false,15,99,4a8a2e3b,bowled,a12e1d51,true,csk,mi
829823,2,false,16,102,3355b542,caught,41eb4a4f,true,csk,mi
829823,2,false,17,110,f62772e5,caught,a12e1d51,true,csk,mi
829823,2,false,18,115,495d42a5,caught,51a3c5ef,true,csk,mi
980901,1,false,1,7,740742ef,lbw,5bb1a1c4,true,mi,rps
980901,1,false,3,25,89f64c19,bowled,5bb1a1c4,true,mi,rps
980901,1,false,4,27,dbe50b21,caught,3d8feaf8,true,mi,rps
980901,1,false,4,32,99b75528,caught,3d8feaf8,true,mi,rps
980901,1,false,7,48,a757b0d8,lbw,33a364a6,true,mi,rps
980901,1,false,10,71,7a8bd078,caught,e2db2409,true,mi,rps
980901,1,false,15,96,70d205c9,caught,495d42a5,true,mi,rps
980901,1,false,18,118,41eb4a4f,caught,c3d1402f,true,mi,rps
980901,2,false,9,62,3355b542,bowled,8b5b6769,true,rps,mi
980903,1,false,2,15,372455c4,caught,bbd41817,true,dc,kkr
980903,1,false,2,19,85ec8e33,lbw,bbd41817,true,dc,kkr
980903,1,false,4,31,00ea847a,caught,bbd41817,true,dc,kkr
980903,1,false,5,35,944533a5,caught,012829ff,true,dc,kkr
980903,1,false,9,62,f62772e5,stumped,f708a0bc,true,dc,kkr
980903,1,false,10,68,e342e5fb,lbw,98ae73b1,true,dc,kkr
980903,1,false,12,80,fb66ce1f,bowled,98ae73b1,true,dc,kkr
980903,1,false,13,83,a4cc73aa,caught,f708a0bc,true,dc,kkr
980903,1,false,15,98,6b19d823,caught,f708a0bc,true,dc,kkr
980903,1,false,17,110,91a4a398,caught,012829ff,true,dc,kkr
980903,2,false,9,62,1c17e270,caught,6b19d823,true,kkr,dc
980905,1,false,8,51,c03e2850,caught,fe93fd9d,true,pbks,gl
980905,1,false,10,65,4b57e452,bowled,fe93fd9d,true,pbks,gl
980905,1,false,11,72,b681e71e,bowled,87e562a9,true,pbks,gl
980905,1,false,11,74,d67d5f00,bowled,87e562a9,true,pbks,gl
980905,1,false,19,121,fe11caa6,caught,87e562a9,true,pbks,gl
980905,1,false,19,122,d9273ee7,caught,87e562a9,true,pbks,gl
980905,2,false,0,6,b8a55852,stumped,ce820073,true,gl,pbks
980905,2,false,5,35,1dc12ab9,caught,d9273ee7,true,gl,pbks
980905,2,false,11,74,b8d490fd,stumped,9a0146b3,true,gl,pbks
980905,2,false,14,90,fe93fd9d,run out,,false,gl,pbks
980905,2,false,16,104,752f7486,caught,f5180fe6,true,gl,pbks
980907,1,false,1,9,db584dad,bowled,2e81a32d,true,rcb,srh
980907,1,false,15,98,ba607b88,bowled,2e81a32d,true,rcb,srh
980907,1,false,17,108,c4487b84,caught,0a8fce53,true,rcb,srh
980907,1,false,17,109,4329fbb5,caught,0a8fce53,true,rcb,srh
980907,2,false,3,20,0a476045,bowled,9170ff49,true,srh,rcb
980907,2,false,8,54,dcce6f09,caught,4329fbb5,true,srh,rcb
980907,2,false,9,60,890946a0,caught,57ee1fde,true,srh,rcb
980907,2,false,10,66,32198ae0,caught,350bb1b1,true,srh,rcb
980907,2,false,11,73,73ad96ed,caught,57ee1fde,true,srh,rcb
980907,2,false,15,100,1c2a64cd,bowled,4329fbb5,true,srh,rcb
980909,1,false,3,24,1c17e270,caught,51a3c5ef,true,kkr,mi
980909,1,false,13,87,93b4fc78,caught and bowled,8b5b6769,true,kkr,mi
980909,1,false,17,110,bbd41817,bowled,51a3c5ef,true,kkr,mi
980909,1,false,18,115,bb345e0b,caught,dbe50b21,true,kkr,mi
980909,1,false,19,126,af2c687b,run out,,false,kkr,mi
980909,2,false,5,38,b5da6c24,run out,,false,mi,kkr
980909,2,false,10,65,dbe50b21,caught,98ae73b1,true,mi,kkr
980909,2,false,11,75,51a3c5ef,caught,8d2c70ad,true,mi,kkr
980909,2,false,18,115,99b75528,caught,bbd41817,true,mi,kkr
980911,1,false,3,23,29e95537,lbw,6aed7e79,true,rps,gl
980911,1,false,13,84,39f01cdb,bowled,87e562a9,true,rps,gl
980911,1,false,15,94,3355b542,stumped,6aed7e79,true,rps,gl
980911,1,false,16,98,30a45b23,caught,fe93fd9d,true,rps,gl
980911,1,false,18,112,3d8feaf8,bowled,fe93fd9d,true,rps,gl
980911,2,false,8,52,b8d490fd,caught,e2db2409,true,gl,rps
980911,2,false,13,81,b8a55852,caught,5bb1a1c4,true,gl,rps
980911,2,false,16,99,1dc12ab9,stumped,e2db2409,true,gl,rps
980913,1,false,1,9,4b57e452,run out,,false,pbks,dc
980913,1,false,6,37,508a1ea7,stumped,6b19d823,true,pbks,dc
980913,1,false,8,50,d67d5f00,lbw,6b19d823,true,pbks,dc
980913,1,false,8,53,b681e71e,caught,6b19d823,true,pbks,dc
980913,1,false,10,66,c03e2850,bowled,6b19d823,true,pbks,dc
980913,1,false,12,80,fe11caa6,run out,,false,pbks,dc
980913,1,false,15,93,2e171977,caught,81049310,true,pbks,dc
980913,1,false,17,106,759ac88f,caught,91a4a398,true,pbks,dc
980913,1,false,18,116,f5180fe6,bowled,fb66ce1f,true,pbks,dc
980913,2,false,2,13,85ec8e33,caught,ce820073,true,dc,pbks
980913,2,false,12,80,a4cc73aa,bowled,2e171977,true,dc,pbks
980915,1,false,2,19,0a476045,caught,5bb5a915,true,srh,kkr
980915,1,false,3,24,dcce6f09,caught,cc1e8c68,true,srh,kkr
980915,1,false,5,40,32198ae0,lbw,cc1e8c68,true,srh,kkr
980915,1,false,9,62,73ad96ed,caught,bbd41817,true,srh,kkr
980915,1,false,17,109,890946a0,caught,5bb5a915,true,srh,kkr
980915,1,false,18,116,d2a6c0e6,caught,cc1e8c68,true,srh,kkr
980915,1,false,19,124,1c2a64cd,run out,,false,srh,kkr
980915,2,false,12,79,1c17e270,lbw,1c2a64cd,true,kkr,srh
980915,2,false,13,86,bbd41817,bowled,0a8fce53,true,kkr,srh
980917,1,false,1,9,740742ef,caught,d2a989fc,true,mi,gl
980917,1,false,3,21,dbe50b21,caught,d2a989fc,true,mi,gl
980917,1,false,8,56,99b75528,stumped,c8179c68,true,mi,gl
980917,1,false,10,64,a757b0d8,caught,6aed7e79,true,mi,gl
980917,1,false,12,81,b5da6c24,caught,6aed7e79,true,mi,gl
980917,1,false,15,98,8b5b6769,caught,87e562a9,true,mi,gl
980917,1,false,16,106,70d205c9,bowled,808f425a,true,mi,gl
980917,1,false,19,126,13c35c9e,run out,,false,mi,gl
980917,2,false,1,9,b8a55852,caught,462411b3,true,gl,mi
980917,2,false,8,53,1dc12ab9,caught,51a3c5ef,true,gl,mi
980917,2,false,11,70,c03f1114,caught,5b8c830e,true,gl,mi
980917,2,false,12,77,87e562a9,caught,462411b3,true,gl,mi
980917,2,false,16,100,f10e94c4,caught,51a3c5ef,true,gl,mi
980917,2,false,18,114,808f425a,caught,51a3c5ef,true,gl,mi
980917,2,false,18,116,e938e1bc,caught,51a3c5ef,true,gl,mi
980919,1,false,2,13,29e95537,bowled,ce820073,true,rps,pbks
980919,1,false,7,50,39f01cdb,caught,a9da7784,true,rps,pbks
980919,1,false,10,63,0f12f9df,caught,ce820073,true,rps,pbks
980919,1,false,17,110,30a45b23,caught,759ac88f,true,rps,pbks
980919,1,false,19,118,3355b542,caught and bowled,759ac88f,true,rps,pbks
980919,1,false,19,119,4a8a2e3b,caught,759ac88f,true,rps,pbks
980919,1,false,19,123,5fa06777,run out,,false,rps,pbks
980919,2,false,12,76,c03e2850,lbw,24d94623,true,pbks,rps
980919,2,false,14,87,508a1ea7,bowled,e2db2409,true,pbks,rps
980919,2,false,14,92,4b57e452,caught,e2db2409,true,pbks,rps
980919,2,false,16,100,d67d5f00,caught,e2db2409,true,pbks,rps
980921,1,false,0,3,db584dad,caught,91a4a398,true,rcb,dc
980921,1,false,11,68,c4487b84,caught,e342e5fb,true,rcb,dc
980921,1,false,16,98,4329fbb5,caught,8cf9814c,true,rcb,dc
980921,1,false,16,101,f088b960,run out,,false,rcb,dc
980921,1,false,18,109,ba607b88,caught,8cf9814c,true,rcb,dc
980921,2,false,0,8,85ec8e33,caught,957532de,true,dc,rcb
980921,2,false,5,37,a4cc73aa,caught,4329fbb5,true,dc,rcb
980921,2,false,18,117,372455c4,caught,4329fbb5,true,dc,rcb
980923,1,false,0,4,2be41edb,caught,2e81a32d,true,mi,srh
980923,1,false,3,27,b5da6c24,bowled,d8b2f218,true,mi,srh
980923,1,false,7,46,740742ef,run out,,false,mi,srh
980923,1,false,10,67,99b75528,caught,d8b2f218,true,mi,srh
980923,1,false,17,107,70d205c9,caught,d8b2f218,true,mi,srh
980923,1,false,18,118,dbe50b21,bowled,0a8fce53,true,mi,srh
980923,2,false,0,6,0a476045,bowled,13c35c9e,true,srh,mi
980923,2,false,10,64,32198ae0,caught,13c35c9e,true,srh,mi
980923,2,false,14,89,d2a6c0e6,caught,13c35c9e,true,srh,mi
980925,1,false,3,23,c03e2850,caught,5bb5a915,true,pbks,kkr
980925,1,false,7,48,4b57e452,bowled,98ae73b1,true,pbks,kkr
980925,1,false,10,66,fe11caa6,caught,9d430b40,true,pbks,kkr
980925,1,false,12,76,d67d5f00,caught,3c6ffae8,true,pbks,kkr
980925,1,false,14,94,b681e71e,caught,9d430b40,true,pbks,kkr
980925,1,false,16,107,2e171977,caught,cc1e8c68,true,pbks,kkr
980925,1,false,17,113,759ac88f,caught,5bb5a915,true,pbks,kkr
980925,1,false,18,116,9a0146b3,run out,,false,pbks,kkr
980925,2,false,8,53,1c17e270,lbw,9a0146b3,true,kkr,pbks
980925,2,false,10,67,bb345e0b,caught,9a0146b3,true,kkr,pbks
980925,2,false,13,81,93b4fc78,bowled,2e171977,true,kkr,pbks
980925,2,false,15,97,7dc35884,caught,2e171977,true,kkr,pbks
980927,1,false,3,23,b17e2f24,caught,51a3c5ef,true,rcb,mi
980927,1,false,10,67,ba607b88,caught,5b8c830e,true,rcb,mi
980927,1,false,10,71,c4487b84,stumped,5b8c830e,true,rcb,mi
980927,1,false,13,86,4329fbb5,caught,462411b3,true,rcb,mi
980927,1,false,19,121,12b610c2,run out,,false,rcb,mi
980927,1,false,19,124,f088b960,caught,462411b3,true,rcb,mi
980927,1,false,19,125,bd17b45f,caught,462411b3,true,rcb,mi
980927,2,false,1,7,b5da6c24,caught,dfc4d8b5,true,mi,rcb
980927,2,false,10,64,70d205c9,caught,85aae393,true,mi,rcb
980927,2,false,12,80,740742ef,caught,85aae393,true,mi,rcb
980927,2,false,15,96,99b75528,caught,85aae393,true,mi,rcb
980929,1,false,0,4,b8d490fd,bowled,2e81a32d,true,gl,srh
980929,1,false,7,44,b8a55852,caught,c18496e1,true,gl,srh
980929,1,false,9,61,c03f1114,caught,73ad96ed,true,gl,srh
980929,1,false,13,80,87e562a9,caught,d8b2f218,true,gl,srh
980929,1,false,16,104,fe93fd9d,bowled,0a8fce53,true,gl,srh
980929,1,false,19,119,1dc12ab9,caught,2e81a32d,true,gl,srh
980929,1,false,19,120,f10e94c4,caught,2e81a32d,true,gl,srh
980929,1,false,19,123,8fd1a8f5,caught,2e81a32d,true,gl,srh
980931,1,false,3,23,b17e2f24,caught,0f12f9df,true,rcb,rps
980931,1,false,19,125,ba607b88,caught,0f12f9df,true,rcb,rps
980931,1,false,19,126,c4487b84,caught,0f12f9df,true,rcb,rps
980931,2,false,1,10,3355b542,caught,dfc4d8b5,true,rps,rcb
980931,2,false,1,11,39f01cdb,retired hurt,,false,rps,rcb
980931,2,false,2,16,30a45b23,run out,,false,rps,rcb
980931,2,false,14,91,29e95537,stumped,a03bba42,true,rps,rcb
980931,2,false,15,99,4a8a2e3b,caught,f986ca1a,true,rps,rcb
980931,2,false,18,117,0f12f9df,caught,4329fbb5,true,rps,rcb
980931,2,false,18,119,495d42a5,caught,4329fbb5,true,rps,rcb
980931,2,false,19,123,33a364a6,caught,dfc4d8b5,true,rps,rcb
980931,2,false,19,124,e2db2409,caught,dfc4d8b5,true,rps,rcb
980933,1,false,1,12,372455c4,caught,51a3c5ef,true,dc,mi
980933,1,false,6,45,85ec8e33,caught,dbe50b21,true,dc,mi
980933,1,false,7,51,944533a5,caught,8b5b6769,true,dc,mi
980933,1,false,16,104,a4cc73aa,caught,51a3c5ef,true,dc,mi
980933,2,false,1,10,b5da6c24,run out,,false,mi,dc
980933,2,false,8,51,70d205c9,bowled,6b19d823,true,mi,dc
980933,2,false,12,76,5b8c830e,run out,,false,mi,dc
980933,2,false,14,87,99b75528,lbw,6b19d823,true,mi,dc
980933,2,false,18,116,a757b0d8,caught,91a4a398,true,mi,dc
980933,2,false,19,119,740742ef,run out,,false,mi,dc
980933,2,false,19,120,8b5b6769,lbw,fb66ce1f,true,mi,dc
980935,1,false,2,13,4b57e452,caught,2e81a32d,true,pbks,srh
980935,1,false,5,36,c03e2850,run out,,false,pbks,srh
980935,1,false,9,57,d67d5f00,caught,32198ae0,true,pbks,srh
980935,1,false,9,61,b681e71e,caught,32198ae0,true,pbks,srh
980935,1,false,13,83,508a1ea7,lbw,0a8fce53,true,pbks,srh
980935,1,false,19,119,aedc3b7c,caught,0a8fce53,true,pbks,srh
980935,2,false,9,62,dcce6f09,caught,ce820073,true,srh,pbks
980935,2,false,9,63,855a210c,run out,,false,srh,pbks
980935,2,false,13,87,0a476045,caught,26a85969,true,srh,pbks
980935,2,false,16,106,d2a6c0e6,caught,759ac88f,true,srh,pbks
980935,2,false,16,107,73ad96ed,run out,,false,srh,pbks
980937,1,false,1,10,4329fbb5,caught,d2a989fc,true,rcb,gl
980937,1,false,7,46,c4487b84,caught,6aed7e79,true,rcb,gl
980937,2,false,5,34,35205dfc,caught,dfc4d8b5,true,gl,rcb
980937,2,false,8,53,b8a55852,caught and bowled,a03bba42,true,gl,rcb
980937,2,false,15,98,1dc12ab9,caught,57ee1fde,true,gl,rcb
980937,2,false,19,123,fe93fd9d,caught,4329fbb5,true,gl,rcb
980939,1,false,3,24,3355b542,bowled,7dc35884,true,rps,kkr
980939,1,false,12,74,30a45b23,run out,,false,rps,kkr
980939,1,false,14,89,0f12f9df,bowled,626c5379,true,rps,kkr
980939,1,false,17,103,29e95537,caught and bowled,9d430b40,true,rps,kkr
980939,1,false,18,109,c3d35165,bowled,cc1e8c68,true,rps,kkr
980939,2,false,0,1,1c17e270,lbw,c3d35165,true,kkr,rps
980939,2,false,2,18,bb345e0b,run out,,false,kkr,rps
980939,2,false,6,43,7dc35884,bowled,33a364a6,true,kkr,rps
980939,2,false,14,91,3c6ffae8,lbw,33a364a6,true,kkr,rps
980939,2,false,15,100,271f83cd,lbw,e2db2409,true,kkr,rps
980939,2,false,17,113,bbd41817,caught,0f12f9df,true,kkr,rps
980939,2,false,18,118,626c5379,bowled,c3d35165,true,kkr,rps
980939,2,false,19,123,98ae73b1,caught,0f12f9df,true,kkr,rps
980941,1,false,0,2,740742ef,caught,ce820073,true,mi,pbks
980941,1,false,14,90,70d205c9,caught,2e171977,true,mi,pbks
980941,1,false,17,111,99b75528,bowled,759ac88f,true,mi,pbks
980941,1,false,18,116,b5da6c24,caught,f5180fe6,true,mi,pbks
980941,1,false,19,123,a757b0d8,caught,759ac88f,true,mi,pbks
980941,1,false,19,124,dbe50b21,caught,759ac88f,true,mi,pbks
980941,2,false,2,17,4b57e452,caught,13c35c9e,true,pbks,mi
980941,2,false,4,29,c03e2850,caught,462411b3,true,pbks,mi
980941,2,false,14,90,508a1ea7,caught,13c35c9e,true,pbks,mi
980941,2,false,17,103,b681e71e,bowled,462411b3,true,pbks,mi
980941,2,false,17,107,aedc3b7c,bowled,462411b3,true,pbks,mi
980941,2,false,18,114,2e171977,bowled,51a3c5ef,true,pbks,mi
980941,2,false,18,117,f5180fe6,bowled,51a3c5ef,true,pbks,mi
980943,1,false,0,4,dcce6f09,caught,66b30f71,true,srh,rps
980943,1,false,4,30,855a210c,caught,66b30f71,true,srh,rps
980943,1,false,5,33,d2a6c0e6,caught,3d8feaf8,true,srh,rps
980943,1,false,7,43,73ad96ed,caught,495d42a5,true,srh,rps
980943,1,false,8,49,32198ae0,caught,3d8feaf8,true,srh,rps
980943,1,false,16,101,890946a0,bowled,66b30f71,true,srh,rps
980943,1,false,18,110,c18496e1,run out,,false,srh,rps
980943,1,false,19,121,2e81a32d,caught,0f12f9df,true,srh,rps
980943,2,false,0,5,29e95537,caught,2e81a32d,true,rps,srh
980943,2,false,9,61,3355b542,caught,32198ae0,true,rps,srh
980943,2,false,10,73,4a8a2e3b,caught,96fd40ae,true,rps,srh
980945,1,false,10,64,35205dfc,lbw,acee4cc4,true,gl,dc
980945,1,false,11,68,b8a55852,bowled,fb66ce1f,true,gl,dc
980945,1,false,11,72,1dc12ab9,caught,fb66ce1f,true,gl,dc
980945,1,false,14,87,fe93fd9d,caught,2e8994e7,true,gl,dc
980945,1,false,16,100,752f7486,caught,acee4cc4,true,gl,dc
980945,1,false,16,101,c03f1114,caught,acee4cc4,true,gl,dc
980945,2,false,1,9,a4cc73aa,caught,d2a989fc,true,dc,gl
980945,2,false,3,22,372455c4,caught,d2a989fc,true,dc,gl
980945,2,false,3,24,944533a5,caught,d2a989fc,true,dc,gl
980945,2,false,10,64,919a3be2,caught,808f425a,true,dc,gl
980945,2,false,17,103,2e8994e7,caught and bowled,87e562a9,true,dc,gl
980947,1,false,7,46,1c17e270,caught,8b5b6769,true,kkr,mi
980947,1,false,8,53,7dc35884,caught,dbe50b21,true,kkr,mi
980947,1,false,13,83,bb345e0b,caught,51a3c5ef,true,kkr,mi
980947,1,false,15,95,271f83cd,caught and bowled,13c35c9e,true,kkr,mi
980947,1,false,17,104,bbd41817,bowled,13c35c9e,true,kkr,mi
980947,2,false,1,7,b5da6c24,caught,cc1e8c68,true,mi,kkr
980947,2,false,6,43,70d205c9,caught,7dc35884,true,mi,kkr
980947,2,false,8,56,5b8c830e,bowled,9d430b40,true,mi,kkr
980947,2,false,12,80,99b75528,caught,9d430b40,true,mi,kkr
980949,1,false,2,16,709b0bac,run out,,false,rps,gl
980949,1,false,13,85,29e95537,run out,,false,rps,gl
980949,1,false,19,122,30a45b23,bowled,87e562a9,true,rps,gl
980949,2,false,8,53,b8a55852,caught,33a364a6,true,gl,rps
980949,2,false,10,69,35205dfc,bowled,0f12f9df,true,gl,rps
980949,2,false,16,103,c03f1114,caught,66b30f71,true,gl,rps
980949,2,false,18,116,87e562a9,caught,66b30f71,true,gl,rps
980949,2,false,18,117,fe93fd9d,run out,,false,gl,rps
980949,2,false,19,124,1dc12ab9,bowled,0f12f9df,true,gl,rps
980949,2,false,19,125,752f7486,run out,,false,gl,rps
980951,1,false,0,3,85ec8e33,lbw,bbd41817,true,dc,kkr
980951,1,false,0,5,372455c4,caught,bbd41817,true,dc,kkr
980951,1,false,4,31,a4cc73aa,lbw,9d430b40,true,dc,kkr
980951,1,false,16,101,944533a5,lbw,cc1e8c68,true,dc,kkr
980951,1,false,16,103,fb66ce1f,bowled,cc1e8c68,true,dc,kkr
980951,1,false,18,115,c16d4035,bowled,cc1e8c68,true,dc,kkr
980951,1,false,19,119,e342e5fb,caught,bbd41817,true,dc,kkr
980951,1,false,19,123,919a3be2,run out,,false,dc,kkr
980951,2,false,2,18,bb345e0b,caught,91a4a398,true,kkr,dc
980951,2,false,4,28,98ae73b1,lbw,91a4a398,true,kkr,dc
980951,2,false,7,47,3c6ffae8,caught,e342e5fb,true,kkr,dc
980951,2,false,11,70,271f83cd,caught,e342e5fb,true,kkr,dc
980951,2,false,13,83,626c5379,caught,e342e5fb,true,kkr,dc
980951,2,false,16,107,bbd41817,caught and bowled,6b19d823,true,kkr,dc
980951,2,false,17,109,0f721006,run out,,false,kkr,dc
980951,2,false,17,111,1c17e270,caught,fb66ce1f,true,kkr,dc
980951,2,false,18,116,9d430b40,run out,,false,kkr,dc
980951,2,false,18,117,cc1e8c68,caught,91a4a398,true,kkr,dc
980953,1,false,3,22,0a476045,caught and bowled,dfc4d8b5,true,srh,rcb
980953,1,false,15,98,dcce6f09,caught,a03bba42,true,srh,rcb
980953,1,false,16,104,d027ba9f,caught,4329fbb5,true,srh,rcb
980953,1,false,17,107,890946a0,caught,dfc4d8b5,true,srh,rcb
980953,1,false,19,119,73ad96ed,run out,,false,srh,rcb
980953,2,false,5,33,ba607b88,caught,0a8fce53,true,rcb,srh
980953,2,false,9,61,b17e2f24,caught,32198ae0,true,rcb,srh
980953,2,false,11,69,4329fbb5,run out,,false,rcb,srh
980953,2,false,14,90,c4487b84,caught,d8b2f218,true,rcb,srh
980953,2,false,17,105,dc9dd038,caught,96fd40ae,true,rcb,srh
980953,2,false,19,122,9170ff49,caught,2e81a32d,true,rcb,srh
980955,1,false,6,42,d9273ee7,stumped,fe93fd9d,true,pbks,gl
980955,1,false,7,49,508a1ea7,caught,1da489ff,true,pbks,gl
980955,1,false,7,50,b681e71e,caught,1da489ff,true,pbks,gl
980955,1,false,8,55,6eb146d2,run out,,false,pbks,gl
980955,1,false,13,82,4b57e452,caught,1da489ff,true,pbks,gl
980955,1,false,17,107,d67d5f00,caught,d2a989fc,true,pbks,gl
980955,1,false,18,113,2e171977,caught,87e562a9,true,pbks,gl
980955,1,false,18,116,fe11caa6,bowled,87e562a9,true,pbks,gl
980955,1,false,19,120,759ac88f,bowled,e938e1bc,true,pbks,gl
980955,1,false,19,122,edb3d4f8,bowled,e938e1bc,true,pbks,gl
980955,2,false,1,11,b8a55852,bowled,759ac88f,true,gl,pbks
980955,2,false,4,31,1dc12ab9,bowled,759ac88f,true,gl,pbks
980955,2,false,6,41,35205dfc,caught,2e171977,true,gl,pbks
980955,2,false,6,43,c03f1114,bowled,2e171977,true,gl,pbks
980955,2,false,6,44,87e562a9,bowled,2e171977,true,gl,pbks
980955,2,false,10,64,fe93fd9d,caught,2e171977,true,gl,pbks
980955,2,false,14,92,752f7486,run out,,false,gl,pbks
980955,2,false,18,117,e938e1bc,caught,759ac88f,true,gl,pbks
980955,2,false,19,119,808f425a,caught,ce820073,true,gl,pbks
980957,1,false,1,12,29e95537,caught,51a3c5ef,true,rps,mi
980957,1,false,9,60,30a45b23,caught,462411b3,true,rps,mi
980957,1,false,12,77,ada15e88,caught,8b5b6769,true,rps,mi
980957,1,false,17,111,709b0bac,caught,462411b3,true,rps,mi
980957,1,false,19,123,4a8a2e3b,caught,462411b3,true,rps,mi
980957,2,false,3,25,b5da6c24,caught,66b30f71,true,mi,rps
980957,2,false,11,71,70d205c9,caught,495d42a5,true,mi,rps
980959,1,false,1,9,db584dad,caught,5bb5a915,true,rcb,kkr
980959,1,false,11,68,b17e2f24,caught,98ae73b1,true,rcb,kkr
980959,1,false,13,83,c4487b84,lbw,98ae73b1,true,rcb,kkr
980959,1,false,16,101,ba607b88,caught,5bb5a915,true,rcb,kkr
980959,1,false,18,118,dc9dd038,caught and bowled,bbd41817,true,rcb,kkr
980959,1,false,19,123,bd17b45f,caught,cc1e8c68,true,rcb,kkr
980959,1,false,19,124,4329fbb5,run out,,false,rcb,kkr
980959,2,false,0,6,1c17e270,caught,bd17b45f,true,kkr,rcb
980959,2,false,4,30,45eda7c8,bowled,57ee1fde,true,kkr,rcb
980959,2,false,8,59,bb345e0b,lbw,957532de,true,kkr,rcb
980959,2,false,10,66,93b4fc78,caught,4329fbb5,true,kkr,rcb
980959,2,false,17,114,bbd41817,caught,57ee1fde,true,kkr,rcb
980961,1,false,2,17,b8a55852,bowled,91a4a398,true,gl,dc
980961,1,false,3,19,35205dfc,caught,9d80c5e1,true,gl,dc
980961,1,false,3,25,b8d490fd,caught,9d80c5e1,true,gl,dc
980961,1,false,10,68,1dc12ab9,stumped,6b19d823,true,gl,dc
980961,1,false,17,108,c03f1114,bowled,8cf9814c,true,gl,dc
980961,1,false,18,117,808f425a,bowled,fb66ce1f,true,gl,dc
980961,1,false,19,123,752f7486,run out,,false,gl,dc
980961,2,false,13,82,919a3be2,caught,fe93fd9d,true,dc,gl
980961,2,false,14,90,372455c4,caught,1da489ff,true,dc,gl
980963,1,false,13,81,bb345e0b,run out,,false,kkr,pbks
980963,1,false,16,101,1c17e270,run out,,false,kkr,pbks
980963,1,false,19,123,bbd41817,run out,,false,kkr,pbks
980963,2,false,0,4,d9273ee7,caught,bbd41817,true,pbks,kkr
980963,2,false,2,20,c03e2850,caught,bbd41817,true,pbks,kkr
980963,2,false,3,21,4b57e452,caught,5bb5a915,true,pbks,kkr
980963,2,false,8,56,fe11caa6,bowled,98ae73b1,true,pbks,kkr
980963,2,false,15,97,b681e71e,lbw,98ae73b1,true,pbks,kkr
980963,2,false,17,109,d67d5f00,caught,bbd41817,true,pbks,kkr
980963,2,false,19,120,2e171977,run out,,false,pbks,kkr
980963,2,false,19,121,6eb146d2,run out,,false,pbks,kkr
980963,2,false,19,123,983f2f61,lbw,bbd41817,true,pbks,kkr
980965,1,false,2,17,919a3be2,bowled,66b30f71,true,dc,rps
980965,1,false,5,38,a4cc73aa,caught,d167edd3,true,dc,rps
980965,1,false,9,60,944533a5,caught,33a364a6,true,dc,rps
980965,1,false,14,93,c16d4035,caught,33a364a6,true,dc,rps
980965,1,false,16,106,e342e5fb,caught,d167edd3,true,dc,rps
980965,1,false,16,107,2e8994e7,run out,,false,dc,rps
980965,1,false,17,114,81049310,run out,,false,dc,rps
980965,2,false,8,50,331ea488,stumped,6b19d823,true,rps,dc
980965,2,false,13,84,709b0bac,caught,acee4cc4,true,rps,dc
980965,2,false,18,114,4a8a2e3b,caught,acee4cc4,true,rps,dc
980967,1,false,2,16,35205dfc,caught,2e81a32d,true,gl,srh
980967,1,false,4,30,1dc12ab9,caught and bowled,2e81a32d,true,gl,srh
980967,1,false,5,34,c03f1114,caught,0a8fce53,true,gl,srh
980967,1,false,7,48,b8a55852,caught,32198ae0,true,gl,srh
980967,1,false,14,90,87e562a9,caught,d8b2f218,true,gl,srh
980967,1,false,18,114,fe93fd9d,caught,0a8fce53,true,gl,srh
980967,2,false,3,20,dcce6f09,caught,d2a989fc,true,srh,gl
980967,2,false,4,30,d027ba9f,caught,e938e1bc,true,srh,gl
980967,2,false,9,58,32198ae0,caught,87e562a9,true,srh,gl
980967,2,false,13,86,1c914163,caught,d2a989fc,true,srh,gl
980967,2,false,17,106,73ad96ed,caught,87e562a9,true,srh,gl
980969,1,false,2,14,331ea488,run out,,false,rps,rcb
980969,1,false,14,89,709b0bac,stumped,57ee1fde,true,rps,rcb
980969,1,false,15,100,4a8a2e3b,caught,4329fbb5,true,rps,rcb
980969,1,false,17,114,0f12f9df,caught,ffe699c0,true,rps,rcb
980969,1,false,18,115,29e95537,bowled,4329fbb5,true,rps,rcb
980969,1,false,18,119,5056011d,caught,4329fbb5,true,rps,rcb
980969,2,false,11,67,b17e2f24,caught,14f96089,true,rcb,rps
980969,2,false,11,72,c4487b84,caught,14f96089,true,rcb,rps
980969,2,false,15,93,4329fbb5,lbw,c3d1402f,true,rcb,rps
980971,1,false,5,34,4b57e452,caught,fb66ce1f,true,pbks,dc
980971,1,false,6,42,e798611a,run out,,false,pbks,dc
980971,1,false,13,83,d9273ee7,caught,91a4a398,true,pbks,dc
980971,1,false,17,109,b681e71e,bowled,fb66ce1f,true,pbks,dc
980971,1,false,18,110,fe11caa6,caught,8cf9814c,true,pbks,dc
980971,2,false,7,48,372455c4,caught,d9273ee7,true,dc,pbks
980971,2,false,13,83,a4cc73aa,caught,d9273ee7,true,dc,pbks
980971,2,false,15,95,944533a5,caught,edb3d4f8,true,dc,pbks
980971,2,false,16,103,c16d4035,caught,d9273ee7,true,dc,pbks
980971,2,false,17,109,e342e5fb,caught,ce820073,true,dc,pbks
980973,1,false,9,61,dcce6f09,caught,8b5b6769,true,srh,mi
980973,1,false,11,71,d027ba9f,caught,8b5b6769,true,srh,mi
980973,1,false,19,121,1c914163,hit wicket,51a3c5ef,true,srh,mi
980973,2,false,0,6,b5da6c24,lbw,2e81a32d,true,mi,srh
980973,2,false,1,7,740742ef,bowled,96fd40ae,true,mi,srh
980973,2,false,3,22,70d205c9,caught,96fd40ae,true,mi,srh
980973,2,false,3,24,99b75528,caught,96fd40ae,true,mi,srh
980973,2,false,4,26,5b8c830e,caught,d8b2f218,true,mi,srh
980973,2,false,8,52,a757b0d8,caught,32198ae0,true,mi,srh
980973,2,false,9,55,dbe50b21,caught,0a8fce53,true,mi,srh
980973,2,false,11,67,13c35c9e,caught,0a8fce53,true,mi,srh
980973,2,false,13,86,51a3c5ef,caught,0a8fce53,true,mi,srh
980973,2,false,16,103,462411b3,caught,d8b2f218,true,mi,srh
980975,1,false,2,13,bb345e0b,bowled,e938e1bc,true,kkr,gl
980975,1,false,2,15,93b4fc78,caught,e938e1bc,true,kkr,gl
980975,1,false,3,21,1c17e270,caught,d2a989fc,true,kkr,gl
980975,1,false,5,35,271f83cd,caught,35205dfc,true,kkr,gl
980975,2,false,5,34,35205dfc,bowled,7dc35884,true,gl,kkr
980975,2,false,7,48,b8a55852,caught,98ae73b1,true,gl,kkr
980975,2,false,13,84,1dc12ab9,caught,bbd41817,true,gl,kkr
980975,2,false,16,100,c03f1114,stumped,f708a0bc,true,gl,kkr
980975,2,false,17,107,b8d490fd,run out,,false,gl,kkr
980977,1,false,7,46,b17e2f24,bowled,edb3d4f8,true,rcb,pbks
980977,1,false,7,48,ba607b88,caught,edb3d4f8,true,rcb,pbks
980977,1,false,8,53,4329fbb5,bowled,2e171977,true,rcb,pbks
980977,1,false,17,108,c4487b84,caught,ce820073,true,rcb,pbks
980977,1,false,19,123,12b610c2,caught,ce820073,true,rcb,pbks
980977,1,false,19,124,dc9dd038,run out,,false,rcb,pbks
980977,2,false,5,35,e798611a,caught,4329fbb5,true,pbks,rcb
980977,2,false,10,67,fe11caa6,run out,,false,pbks,rcb
980977,2,false,10,68,d67d5f00,stumped,57ee1fde,true,pbks,rcb
980977,2,false,16,104,4b57e452,caught,4329fbb5,true,pbks,rcb
980979,1,false,3,21,dcce6f09,caught,c3d1402f,true,srh,rps
980979,1,false,10,65,0a476045,caught,495d42a5,true,srh,rps
980979,1,false,15,95,1c914163,caught,14f96089,true,srh,rps
980979,1,false,17,109,d027ba9f,caught,14f96089,true,srh,rps
980979,1,false,17,110,32198ae0,caught,14f96089,true,srh,rps
980979,1,false,19,119,73ad96ed,stumped,14f96089,true,srh,rps
980979,1,false,19,121,890946a0,bowled,14f96089,true,srh,rps
980979,1,false,19,123,2e81a32d,caught,14f96089,true,srh,rps
980979,2,false,0,3,29e95537,caught,2e81a32d,true,rps,srh
980979,2,false,3,24,331ea488,run out,,false,rps,srh
980979,2,false,11,72,5056011d,caught,32198ae0,true,rps,srh
980979,2,false,13,80,495d42a5,caught,d8b2f218,true,rps,srh
980979,2,false,14,90,709b0bac,caught,96fd40ae,true,rps,srh
980979,2,false,19,118,0f12f9df,caught,96fd40ae,true,rps,srh
980979,2,false,19,120,4a8a2e3b,run out,,false,rps,srh
980979,2,false,19,121,14f96089,caught,96fd40ae,true,rps,srh
980981,1,false,1,8,ba607b88,caught,51a3c5ef,true,rcb,mi
980981,1,false,3,23,db584dad,caught,13c35c9e,true,rcb,mi
980981,1,false,10,62,c4487b84,caught,5b8c830e,true,rcb,mi
980981,1,false,15,94,4329fbb5,run out,,false,rcb,mi
980981,2,false,1,7,b5da6c24,caught,957532de,true,mi,rcb
980981,2,false,9,60,740742ef,caught,0a3d54b9,true,mi,rcb
980981,2,false,12,81,fb2d1dda,caught,57ee1fde,true,mi,rcb
980981,2,false,15,96,70d205c9,caught,0a3d54b9,true,mi,rcb
980983,1,false,8,54,dcce6f09,bowled,81049310,true,srh,dc
980983,1,false,12,81,0a476045,caught,6b19d823,true,srh,dc
980983,1,false,14,93,1c914163,caught,6b19d823,true,srh,dc
980983,1,false,15,95,32198ae0,lbw,8cf9814c,true,srh,dc
980983,1,false,17,111,73ad96ed,hit wicket,56ab442f,true,srh,dc
980983,1,false,18,115,d027ba9f,bowled,fb66ce1f,true,srh,dc
980983,1,false,18,118,2e81a32d,run out,,false,srh,dc
980983,1,false,19,123,890946a0,caught,56ab442f,true,srh,dc
980983,2,false,3,19,00ea847a,caught,96fd40ae,true,dc,srh
980983,2,false,9,57,944533a5,bowled,32198ae0,true,dc,srh
980983,2,false,9,60,372455c4,caught,32198ae0,true,dc,srh
980985,1,false,1,13,0c94f480,caught,759ac88f,true,mi,pbks
980985,1,false,2,18,70d205c9,bowled,ce820073,true,mi,pbks
980985,1,false,8,55,740742ef,bowled,2e171977,true,mi,pbks
980985,1,false,10,66,fb2d1dda,caught,d9273ee7,true,mi,pbks
980985,1,false,13,83,99b75528,caught,d9273ee7,true,mi,pbks
980985,1,false,16,102,5b8c830e,caught,d9273ee7,true,mi,pbks
980985,1,false,16,103,a757b0d8,bowled,d9273ee7,true,mi,pbks
980985,1,false,17,106,13c35c9e,caught,759ac88f,true,mi,pbks
980985,1,false,18,113,51a3c5ef,caught,ce820073,true,mi,pbks
980985,2,false,0,6,e798611a,lbw,13c35c9e,true,pbks,mi
980985,2,false,15,97,fe11caa6,bowled,51a3c5ef,true,pbks,mi
980985,2,false,15,99,b681e71e,caught,51a3c5ef,true,pbks,mi
980987,1,false,3,23,db584dad,bowled,d2a989fc,true,rcb,gl
980987,1,false,19,121,ba607b88,caught,e938e1bc,true,rcb,gl
980987,1,false,19,122,4329fbb5,caught,e938e1bc,true,rcb,gl
980987,2,false,1,11,35205dfc,bowled,957532de,true,gl,rcb
980987,2,false,4,30,b8a55852,caught,57ee1fde,true,gl,rcb
980987,2,false,6,42,c03f1114,caught,ffe699c0,true,gl,rcb
980987,2,false,6,43,fe93fd9d,caught and bowled,ffe699c0,true,gl,rcb
980987,2,false,7,48,87e562a9,lbw,57ee1fde,true,gl,rcb
980987,2,false,11,70,f10e94c4,bowled,57ee1fde,true,gl,rcb
980987,2,false,12,75,e938e1bc,bowled,ffe699c0,true,gl,rcb
980987,2,false,12,80,d2a989fc,bowled,ffe699c0,true,gl,rcb
980987,2,false,18,119,b8d490fd,caught,dc9dd038,true,gl,rcb
980987,2,false,18,120,1da489ff,caught,dc9dd038,true,gl,rcb
980989,1,false,2,17,29e95537,bowled,bbd41817,true,rps,kkr
980989,1,false,4,28,331ea488,caught,7dc35884,true,rps,kkr
980989,1,false,9,59,709b0bac,caught,db31895a,true,rps,kkr
980989,1,false,10,65,5056011d,stumped,98ae73b1,true,rps,kkr
980989,1,false,13,85,5fa06777,run out,,false,rps,kkr
980989,1,false,16,100,0f12f9df,caught,98ae73b1,true,rps,kkr
980989,2,false,0,2,1c17e270,stumped,495d42a5,true,kkr,rps
980989,2,false,0,4,bb345e0b,lbw,495d42a5,true,kkr,rps
980991,1,false,4,26,4b57e452,caught,0a8fce53,true,pbks,srh
980991,1,false,11,67,fe11caa6,caught,32198ae0,true,pbks,srh
980991,1,false,17,104,6eb146d2,bowled,2e81a32d,true,pbks,srh
980991,1,false,19,118,e798611a,caught,2e81a32d,true,pbks,srh
980991,2,false,7,50,0a476045,run out,,false,srh,pbks
980991,2,false,12,77,dcce6f09,hit wicket,2e171977,true,srh,pbks
980991,2,false,15,100,73ad96ed,caught,ce820073,true,srh,pbks
980993,1,false,6,39,740742ef,caught,6b19d823,true,mi,dc
980993,1,false,14,90,2be41edb,caught,91a4a398,true,mi,dc
980993,1,false,17,105,5b8c830e,bowled,fb66ce1f,true,mi,dc
980993,1,false,17,108,a757b0d8,caught,fb66ce1f,true,mi,dc
980993,2,false,1,9,00ea847a,bowled,41eb4a4f,true,dc,mi
980993,2,false,4,28,944533a5,caught,8b5b6769,true,dc,mi
980993,2,false,7,47,a4cc73aa,run out,,false,dc,mi
980993,2,false,9,57,372455c4,caught,5b8c830e,true,dc,mi
980993,2,false,12,78,2e8994e7,caught,462411b3,true,dc,mi
980993,2,false,12,79,919a3be2,bowled,462411b3,true,dc,mi
980993,2,false,15,94,6b19d823,bowled,462411b3,true,dc,mi
980993,2,false,16,101,fb66ce1f,run out,,false,dc,mi
980993,2,false,17,109,acee4cc4,run out,,false,dc,mi
980993,2,false,19,116,91a4a398,bowled,5b8c830e,true,dc,mi
980995,1,false,2,14,1c17e270,caught and bowled,85aae393,true,kkr,rcb
980995,1,false,10,66,bb345e0b,run out,,false,kkr,rcb
980995,1,false,13,85,93b4fc78,caught,957532de,true,kkr,rcb
980995,1,false,14,88,3c6ffae8,stumped,57ee1fde,true,kkr,rcb
980995,1,false,15,95,271f83cd,caught,957532de,true,kkr,rcb
980995,2,false,7,45,db584dad,lbw,9d430b40,true,rcb,kkr
980997,1,false,2,13,372455c4,lbw,66b30f71,true,dc,rps
980997,1,false,4,29,85ec8e33,caught,66b30f71,true,dc,rps
980997,1,false,9,60,a4cc73aa,stumped,14f96089,true,dc,rps
980997,1,false,12,78,919a3be2,caught,14f96089,true,dc,rps
980997,1,false,14,87,944533a5,lbw,14f96089,true,dc,rps
980997,1,false,18,112,2e8994e7,caught,66b30f71,true,dc,rps
980997,2,false,3,25,331ea488,caught,fb66ce1f,true,rps,dc
980999,1,false,10,71,db584dad,caught,2e171977,true,rcb,pbks
980999,1,false,11,75,c4487b84,bowled,a9da7784,true,rcb,pbks
980999,1,false,13,91,ba607b88,caught,ce820073,true,rcb,pbks
980999,2,false,1,10,4b57e452,bowled,957532de,true,pbks,rcb
980999,2,false,3,22,fe11caa6,lbw,57ee1fde,true,pbks,rcb
980999,2,false,4,30,e798611a,caught,957532de,true,pbks,rcb
980999,2,false,5,33,d67d5f00,caught,4329fbb5,true,pbks,rcb
980999,2,false,7,50,2e171977,caught,4329fbb5,true,pbks,rcb
980999,2,false,8,55,dce2019b,caught,57ee1fde,true,pbks,rcb
980999,2,false,8,58,a9da7784,caught,57ee1fde,true,pbks,rcb
980999,2,false,10,70,6eb146d2,caught,57ee1fde,true,pbks,rcb
980999,2,false,12,79,759ac88f,run out,,false,pbks,rcb
981001,1,false,3,21,bb345e0b,run out,,false,kkr,gl
981001,1,false,4,28,93b4fc78,caught,35205dfc,true,kkr,gl
981001,1,false,6,41,1c17e270,caught,35205dfc,true,kkr,gl
981001,1,false,9,60,98ae73b1,bowled,35205dfc,true,kkr,gl
981001,1,false,11,73,7dc35884,caught,35205dfc,true,kkr,gl
981001,1,false,16,105,271f83cd,caught,c8179c68,true,kkr,gl
981001,1,false,18,115,3c6ffae8,caught,d2a989fc,true,kkr,gl
981001,1,false,19,122,0f721006,caught,87e562a9,true,kkr,gl
981001,2,false,0,1,35205dfc,caught,db31895a,true,gl,kkr
981001,2,false,1,10,b8a55852,lbw,9d430b40,true,gl,kkr
981001,2,false,3,25,c03f1114,bowled,5bb5a915,true,gl,kkr
981001,2,false,9,67,b8d490fd,run out,,false,gl,kkr
981003,1,false,5,36,0a476045,run out,,false,srh,dc
981003,1,false,6,40,73ad96ed,run out,,false,srh,dc
981003,1,false,9,57,1c914163,bowled,e342e5fb,true,srh,dc
981003,1,false,13,82,32198ae0,caught,2e8994e7,true,srh,dc
981003,1,false,15,93,dcce6f09,caught,e342e5fb,true,srh,dc
981003,1,false,17,106,d2a6c0e6,caught,56ab442f,true,srh,dc
981003,1,false,19,121,2e81a32d,run out,,false,srh,dc
981003,2,false,1,13,372455c4,caught,d8b2f218,true,dc,srh
981003,2,false,11,74,919a3be2,run out,,false,dc,srh
981003,2,false,16,102,2e8994e7,caught,d8b2f218,true,dc,srh
981003,2,false,18,116,e342e5fb,caught,0a8fce53,true,dc,srh
981005,1,false,7,48,e798611a,caught,495d42a5,true,pbks,rps
981005,1,false,8,54,fe11caa6,caught,14f96089,true,pbks,rps
981005,1,false,15,97,4b57e452,bowled,495d42a5,true,pbks,rps
981005,1,false,17,108,6eb146d2,caught,495d42a5,true,pbks,rps
981005,1,false,17,110,d67d5f00,lbw,495d42a5,true,pbks,rps
981005,1,false,18,117,dce2019b,caught,66b30f71,true,pbks,rps
981005,1,false,19,118,2e171977,caught,0f12f9df,true,pbks,rps
981005,2,false,4,29,29e95537,caught,ce820073,true,rps,pbks
981005,2,false,6,43,5056011d,stumped,2e171977,true,rps,pbks
981005,2,false,11,71,709b0bac,caught,6eb146d2,true,rps,pbks
981005,2,false,11,74,331ea488,caught,6eb146d2,true,rps,pbks
981005,2,false,13,83,5fa06777,caught,26a85969,true,rps,pbks
981005,2,false,18,115,0f12f9df,caught,759ac88f,true,rps,pbks
981007,1,false,3,23,740742ef,caught,d2a989fc,true,mi,gl
981007,1,false,4,27,2be41edb,caught,35205dfc,true,mi,gl
981007,1,false,4,30,5b8c830e,caught,35205dfc,true,mi,gl
981007,1,false,13,86,99b75528,caught and bowled,87e562a9,true,mi,gl
981007,1,false,16,106,fb2d1dda,caught,87e562a9,true,mi,gl
981007,1,false,17,111,a757b0d8,caught,d2a989fc,true,mi,gl
981007,1,false,19,121,8b5b6769,caught,e938e1bc,true,mi,gl
981007,1,false,19,125,dbe50b21,caught,e938e1bc,true,mi,gl
981007,2,false,0,2,b8d490fd,lbw,41eb4a4f,true,gl,mi
981007,2,false,9,58,b8a55852,bowled,8b5b6769,true,gl,mi
981007,2,false,10,68,c03f1114,caught,41eb4a4f,true,gl,mi
981007,2,false,12,76,1dc12ab9,caught,462411b3,true,gl,mi
981009,1,false,3,22,1c17e270,caught,d8b2f218,true,kkr,srh
981009,1,false,5,36,af2c687b,caught,73ad96ed,true,kkr,srh
981009,1,false,7,46,bb345e0b,caught,73ad96ed,true,kkr,srh
981009,1,false,15,97,93b4fc78,caught,2e81a32d,true,kkr,srh
981009,1,false,16,103,0f721006,caught,0a8fce53,true,kkr,srh
981009,1,false,19,118,7dc35884,caught,2e81a32d,true,kkr,srh
981009,2,false,3,21,dcce6f09,bowled,9d430b40,true,srh,kkr
981009,2,false,11,70,0a476045,caught,8d2c70ad,true,srh,kkr
981009,2,false,12,74,890946a0,caught,9d430b40,true,srh,kkr
981009,2,false,14,88,1c914163,caught,7dc35884,true,srh,kkr
981009,2,false,15,92,73ad96ed,run out,,false,srh,kkr
981009,2,false,15,95,d027ba9f,caught,8d2c70ad,true,srh,kkr
981009,2,false,17,112,32198ae0,bowled,9d430b40,true,srh,kkr
981009,2,false,19,119,2e81a32d,caught,db31895a,true,srh,kkr
981011,1,false,1,9,919a3be2,caught,957532de,true,dc,rcb
981011,1,false,5,35,944533a5,caught,57ee1fde,true,dc,rcb
981011,1,false,9,59,a4cc73aa,caught,57ee1fde,true,dc,rcb
981011,1,false,11,70,c16d4035,caught,ffe699c0,true,dc,rcb
981011,1,false,14,91,f62772e5,caught,db584dad,true,dc,rcb
981011,1,false,14,94,e342e5fb,caught,db584dad,true,dc,rcb
981011,1,false,16,101,372455c4,caught,57ee1fde,true,dc,rcb
981011,1,false,19,125,81049310,run out,,false,dc,rcb
981011,2,false,1,7,db584dad,bowled,fb66ce1f,true,rcb,dc
981011,2,false,2,17,c4487b84,caught,91a4a398,true,rcb,dc
981011,2,false,10,62,b17e2f24,bowled,e342e5fb,true,rcb,dc
981011,2,false,14,91,4329fbb5,caught,f62772e5,true,rcb,dc
981013,1,false,1,7,b8a55852,caught,85aae393,true,gl,rcb
981013,1,false,1,10,b8d490fd,caught,85aae393,true,gl,rcb
981013,1,false,3,22,1dc12ab9,caught,4329fbb5,true,gl,rcb
981013,1,false,13,85,c03f1114,bowled,ffe699c0,true,gl,rcb
981013,1,false,15,98,fe93fd9d,caught,4329fbb5,true,gl,rcb
981013,1,false,16,102,35205dfc,caught,57ee1fde,true,gl,rcb
981013,1,false,18,115,b274dbbd,caught,4329fbb5,true,gl,rcb
981013,1,false,18,116,87e562a9,bowled,4329fbb5,true,gl,rcb
981013,1,false,19,122,e938e1bc,bowled,ffe699c0,true,gl,rcb
981013,1,false,19,125,d2a989fc,run out,,false,gl,rcb
981013,2,false,1,10,ba607b88,bowled,d2a989fc,true,rcb,gl
981013,2,false,3,22,db584dad,bowled,d2a989fc,true,rcb,gl
981013,2,false,3,23,b17e2f24,caught,d2a989fc,true,rcb,gl
981013,2,false,4,31,4329fbb5,caught,fe93fd9d,true,rcb,gl
981013,2,false,5,35,dc9dd038,caught,d2a989fc,true,rcb,gl
981013,2,false,9,61,bd17b45f,lbw,fe93fd9d,true,rcb,gl
981015,1,false,1,12,0a476045,bowled,5bb5a915,true,srh,kkr
981015,1,false,9,59,32198ae0,caught and bowled,8d2c70ad,true,srh,kkr
981015,1,false,9,60,dcce6f09,bowled,8d2c70ad,true,srh,kkr
981015,1,false,15,96,73ad96ed,run out,,false,srh,kkr
981015,1,false,16,98,2e11c706,stumped,8d2c70ad,true,srh,kkr
981015,1,false,18,114,1c914163,bowled,0f721006,true,srh,kkr
981015,1,false,18,117,890946a0,caught,0f721006,true,srh,kkr
981015,1,false,19,123,2e81a32d,caught,5bb5a915,true,srh,kkr
981015,2,false,1,11,1c17e270,caught,d8b2f218,true,kkr,srh
981015,2,false,6,42,af2c687b,run out,,false,kkr,srh
981015,2,false,9,55,bb345e0b,caught,2e11c706,true,kkr,srh
981015,2,false,10,65,3c6ffae8,caught,32198ae0,true,kkr,srh
981015,2,false,15,95,271f83cd,caught,32198ae0,true,kkr,srh
981015,2,false,17,104,93b4fc78,caught,2e81a32d,true,kkr,srh
981015,2,false,19,116,626c5379,bowled,2e81a32d,true,kkr,srh
981015,2,false,19,119,0f721006,caught,2e81a32d,true,kkr,srh
981017,1,false,0,7,b274dbbd,caught,2e81a32d,true,gl,srh
981017,1,false,3,22,1dc12ab9,lbw,a818c1be,true,gl,srh
981017,1,false,8,56,c03f1114,run out,,false,gl,srh
981017,1,false,11,75,b8a55852,caught,c18496e1,true,gl,srh
981017,1,false,12,79,35205dfc,caught,2e11c706,true,gl,srh
981017,1,false,17,108,b8d490fd,bowled,2e11c706,true,gl,srh
981017,1,false,19,122,87e562a9,bowled,2e81a32d,true,gl,srh
981017,2,false,1,7,0a476045,run out,,false,srh,gl
981017,2,false,4,26,32198ae0,caught,35205dfc,true,srh,gl
981017,2,false,8,51,1c914163,caught,1da489ff,true,srh,gl
981017,2,false,11,68,73ad96ed,lbw,87e562a9,true,srh,gl
981017,2,false,12,76,2e11c706,caught,1da489ff,true,srh,gl
981017,2,false,15,96,890946a0,caught,87e562a9,true,srh,gl
981019,1,false,6,42,0a476045,caught,57ee1fde,true,srh,rcb
981019,1,false,9,61,32198ae0,caught,ffe699c0,true,srh,rcb
981019,1,false,13,83,dcce6f09,caught,957532de,true,srh,rcb
981019,1,false,15,98,73ad96ed,caught,957532de,true,srh,rcb
981019,1,false,16,100,1c914163,caught,ffe699c0,true,srh,rcb
981019,1,false,17,108,890946a0,run out,,false,srh,rcb
981019,1,false,18,117,c18496e1,caught,ffe699c0,true,srh,rcb
981019,2,false,10,67,db584dad,caught,2e11c706,true,rcb,srh
981019,2,false,12,81,ba607b88,bowled,d8b2f218,true,rcb,srh
981019,2,false,13,87,c4487b84,caught,c18496e1,true,rcb,srh
981019,2,false,15,97,b17e2f24,bowled,2e11c706,true,rcb,srh
981019,2,false,16,103,4329fbb5,caught,0a8fce53,true,rcb,srh
981019,2,false,18,113,bd17b45f,run out,,false,rcb,srh
981019,2,false,19,121,ffe699c0,run out,,false,rcb,srh
