match_id,innings_no,is_super_over,fielder_id,fielding_team,kind,is_catch,is_stumping,is_runout
1082591,1,false,c3a96caf,rcb,caught,true,false,false
1082591,1,false,dc9dd038,rcb,caught,true,false,false
1082591,1,false,dc9dd038,rcb,caught,true,false,false
1082591,2,false,dcce6f09,srh,caught,true,false,false
1082591,2,false,2e11c706,srh,run out,false,false,true
1082591,2,false,1c914163,srh,caught,true,false,false
1082591,2,false,32198ae0,srh,caught,true,false,false
1082591,2,false,1c914163,srh,caught,true,false,false
1082591,2,false,32198ae0,srh,caught,true,false,false
1082591,2,false,dcce6f09,srh,caught,true,false,false
1082591,2,false,ffe699c0,srh,run out,false,false,true
1082592,1,false,4a8a2e3b,rps,caught,true,false,false
1082592,1,false,33a364a6,rps,caught,true,false,false
1082592,1,false,00ea847a,rps,caught,true,false,false
1082592,1,false,4a8a2e3b,rps,run out,false,false,true
1082592,1,false,66b30f71,rps,run out,false,false,true
1082592,2,false,740742ef,mi,caught,true,false,false
1082592,2,false,fb2d1dda,mi,caught,true,false,false
1082592,2,false,13c35c9e,mi,caught,true,false,false
1082593,1,false,3c6ffae8,kkr,caught,true,false,false
1082593,1,false,271f83cd,kkr,caught,true,false,false
1082593,1,false,271f83cd,kkr,caught,true,false,false
1082594,1,false,d9273ee7,pbks,caught,true,false,false
1082594,1,false,c03e2850,pbks,caught,true,false,false
1082594,1,false,b681e71e,pbks,caught,true,false,false
1082594,2,false,26e5cabf,rps,caught,true,false,false
1082594,2,false,e087956b,rps,caught,true,false,false
1082595,1,false,a4cc73aa,dc,caught,true,false,false
1082595,1,false,919a3be2,dc,stumped,false,true,false
1082595,1,false,c16d4035,dc,caught,true,false,false
1082595,1,false,fb66ce1f,dc,caught,true,false,false
1082595,2,false,6834d1f2,rcb,caught,true,false,false
1082595,2,false,bd17b45f,rcb,caught,true,false,false
1082596,1,false,0a476045,srh,caught,true,false,false
1082596,1,false,0994d0ae,srh,caught,true,false,false
1082596,1,false,890946a0,srh,caught,true,false,false
1082596,1,false,5f547c8b,srh,run out,false,false,true
1082596,2,false,b8a55852,gl,caught,true,false,false
1082597,1,false,51a3c5ef,mi,caught,true,false,false
1082597,1,false,dbe50b21,mi,caught,true,false,false
1082597,1,false,dbe50b21,mi,caught,true,false,false
1082597,1,false,a757b0d8,mi,caught,true,false,false
1082597,1,false,a757b0d8,mi,caught,true,false,false
1082597,2,false,1c17e270,kkr,caught,true,false,false
1082597,2,false,26a85969,kkr,caught,true,false,false
1082597,2,false,9d430b40,kkr,caught,true,false,false
1082598,1,false,b681e71e,pbks,caught,true,false,false
1082598,1,false,fe11caa6,pbks,caught,true,false,false
1082599,1,false,4a8a2e3b,rps,caught,true,false,false
1082599,1,false,00ea847a,rps,run out,false,false,true
1082599,2,false,a4cc73aa,dc,caught,true,false,false
1082599,2,false,fb66ce1f,dc,caught,true,false,false
1082599,2,false,9d80c5e1,dc,caught,true,false,false
1082599,2,false,919a3be2,dc,caught,true,false,false
1082599,2,false,919a3be2,dc,caught,true,false,false
1082599,2,false,944533a5,dc,caught,true,false,false
1082599,2,false,fb66ce1f,dc,caught,true,false,false
1082599,2,false,919a3be2,dc,caught,true,false,false
1082599,2,false,a4cc73aa,dc,caught,true,false,false
1082599,2,false,6b19d823,dc,caught,true,false,false
1082600,1,false,b5da6c24,mi,caught,true,false,false
1082600,1,false,a757b0d8,mi,caught,true,false,false
1082600,1,false,fb2d1dda,mi,caught,true,false,false
1082600,1,false,a757b0d8,mi,caught,true,false,false
1082600,2,false,2e81a32d,srh,caught,true,false,false
1082600,2,false,0a476045,srh,caught,true,false,false
1082600,2,false,2e11c706,srh,caught,true,false,false
1082601,1,false,bb345e0b,kkr,caught,true,false,false
1082601,1,false,1c17e270,kkr,caught,true,false,false
1082601,1,false,93b4fc78,kkr,caught,true,false,false
1082601,1,false,4c5d73db,kkr,caught,true,false,false
1082601,1,false,9d430b40,kkr,caught,true,false,false
1082601,1,false,271f83cd,kkr,caught,true,false,false
1082601,1,false,bb345e0b,kkr,caught,true,false,false
1082601,2,false,2e171977,pbks,caught,true,false,false
1082602,1,false,b5da6c24,mi,caught,true,false,false
1082602,1,false,99b75528,mi,caught,true,false,false
1082602,1,false,740742ef,mi,caught,true,false,false
1082602,1,false,462411b3,mi,run out,false,false,true
1082602,2,false,db584dad,rcb,caught,true,false,false
1082602,2,false,db584dad,rcb,caught,true,false,false
1082602,2,false,c3a96caf,rcb,caught,true,false,false
1082602,2,false,957532de,rcb,caught,true,false,false
1082602,2,false,c4487b84,rcb,caught,true,false,false
1082603,1,false,1dc12ab9,gl,caught,true,false,false
1082603,1,false,b8d490fd,gl,caught,true,false,false
1082603,1,false,b8d490fd,gl,caught,true,false,false
1082603,1,false,b8a55852,gl,caught,true,false,false
1082603,1,false,752f7486,gl,caught,true,false,false
1082603,2,false,2ed569a0,rps,caught,true,false,false
1082603,2,false,4a8a2e3b,rps,stumped,false,true,false
1082604,1,false,5f547c8b,srh,caught,true,false,false
1082604,1,false,dcce6f09,srh,caught,true,false,false
1082604,1,false,890946a0,srh,caught,true,false,false
1082604,2,false,94d7f855,kkr,caught,true,false,false
1082604,2,false,4c5d73db,kkr,caught,true,false,false
1082604,2,false,1c17e270,kkr,stumped,false,true,false
1082604,2,false,26a85969,kkr,caught,true,false,false
1082604,2,false,94d7f855,kkr,caught,true,false,false
1082605,1,false,d2a6c0e6,pbks,caught,true,false,false
1082605,1,false,fe11caa6,pbks,caught,true,false,false
1082605,1,false,d2a6c0e6,pbks,caught,true,false,false
1082605,1,false,d67d5f00,pbks,caught,true,false,false
1082605,1,false,d2a6c0e6,pbks,caught,true,false,false
1082605,1,false,759ac88f,pbks,caught,true,false,false
1082605,2,false,91a4a398,dc,caught,true,false,false
1082605,2,false,c16d4035,dc,caught,true,false,false
1082605,2,false,944533a5,dc,caught,true,false,false
1082605,2,false,c16d4035,dc,caught,true,false,false
1082606,1,false,fb2d1dda,mi,caught,true,false,false
1082606,1,false,740742ef,mi,caught,true,false,false
1082606,1,false,5b8c830e,mi,caught,true,false,false
1082606,2,false,d1c36f5c,gl,caught,true,false,false
1082606,2,false,c03f1114,gl,caught,true,false,false
1082606,2,false,b8a55852,gl,caught,true,false,false
1082606,2,false,fe93fd9d,gl,caught,true,false,false
1082607,1,false,ba607b88,rcb,caught,true,false,false
1082607,1,false,c3a96caf,rcb,caught,true,false,false
1082607,1,false,c4487b84,rcb,caught,true,false,false
1082607,1,false,ba607b88,rcb,run out,false,false,true
1082607,1,false,99d63244,rcb,run out,false,false,true
1082607,2,false,4a8a2e3b,rps,caught,true,false,false
1082607,2,false,29e95537,rps,caught,true,false,false
1082607,2,false,4a8a2e3b,rps,stumped,false,true,false
1082607,2,false,77255a9e,rps,caught,true,false,false
1082608,1,false,1c17e270,kkr,caught,true,false,false
1082608,1,false,1c17e270,kkr,caught,true,false,false
1082608,1,false,94d7f855,kkr,run out,false,false,true
1082608,1,false,1c17e270,kkr,run out,false,false,true
1082608,1,false,bb345e0b,kkr,caught,true,false,false
1082608,1,false,cc1e8c68,kkr,caught,true,false,false
1082608,2,false,c16d4035,dc,caught,true,false,false
1082608,2,false,919a3be2,dc,caught,true,false,false
1082608,2,false,896d78ad,dc,caught,true,false,false
1082608,2,false,91a4a398,dc,caught,true,false,false
1082608,2,false,919a3be2,dc,stumped,false,true,false
1082609,1,false,fe11caa6,pbks,caught,true,false,false
1082609,1,false,fe11caa6,pbks,stumped,false,true,false
1082609,1,false,fe11caa6,pbks,caught,true,false,false
1082609,1,false,fe11caa6,pbks,stumped,false,true,false
1082609,1,false,ce820073,pbks,caught,true,false,false
1082609,1,false,d67d5f00,pbks,caught,true,false,false
1082609,2,false,dcce6f09,srh,caught,true,false,false
1082609,2,false,0a476045,srh,caught,true,false,false
1082609,2,false,0a476045,srh,caught,true,false,false
1082610,1,false,35205dfc,gl,caught,true,false,false
1082610,2,false,c3a96caf,rcb,caught,true,false,false
1082610,2,false,4329fbb5,rcb,caught,true,false,false
1082610,2,false,99d63244,rcb,stumped,false,true,false
1082610,2,false,ba607b88,rcb,caught,true,false,false
1082610,2,false,350bb1b1,rcb,caught,true,false,false
1082610,2,false,f62772e5,rcb,run out,false,false,true
1082610,2,false,99d63244,rcb,run out,false,false,true
1082610,2,false,57ee1fde,rcb,caught,true,false,false
1082611,1,false,6b19d823,dc,caught,true,false,false
1082611,1,false,85ec8e33,dc,caught,true,false,false
1082611,1,false,896d78ad,dc,caught,true,false,false
1082611,2,false,73ad96ed,srh,caught,true,false,false
1082611,2,false,0994d0ae,srh,run out,false,false,true
1082611,2,false,1c914163,srh,run out,false,false,true
1082611,2,false,dcce6f09,srh,caught,true,false,false
1082611,2,false,32198ae0,srh,caught,true,false,false
1082611,2,false,ffe699c0,srh,caught,true,false,false
1082612,1,false,a757b0d8,mi,caught,true,false,false
1082612,1,false,a757b0d8,mi,caught,true,false,false
1082612,2,false,b681e71e,pbks,caught,true,false,false
1082612,2,false,b681e71e,pbks,caught,true,false,false
1082613,1,false,808f425a,gl,caught,true,false,false
1082613,1,false,1dc12ab9,gl,caught,true,false,false
1082613,1,false,b8a55852,gl,caught,true,false,false
1082613,1,false,b8a55852,gl,run out,false,false,true
1082613,1,false,c03f1114,gl,run out,false,false,true
1082613,2,false,93b4fc78,kkr,caught,true,false,false
1082613,2,false,93b4fc78,kkr,caught,true,false,false
1082613,2,false,bb345e0b,kkr,caught,true,false,false
1082613,2,false,cc1e8c68,kkr,caught,true,false,false
1082613,2,false,93b4fc78,kkr,caught,true,false,false
1082614,1,false,a4cc73aa,dc,run out,false,false,true
1082614,1,false,8abdf100,dc,caught,true,false,false
1082614,1,false,ded9240e,dc,caught,true,false,false
1082614,1,false,919a3be2,dc,caught,true,false,false
1082614,1,false,a4cc73aa,dc,caught,true,false,false
1082614,1,false,e62dd25d,dc,run out,false,false,true
1082614,1,false,944533a5,dc,run out,false,false,true
1082614,1,false,919a3be2,dc,run out,false,false,true
1082614,2,false,dbe50b21,mi,run out,false,false,true
1082614,2,false,740742ef,mi,caught,true,false,false
1082614,2,false,b5da6c24,mi,caught,true,false,false
1082614,2,false,8b5b6769,mi,caught,true,false,false
1082615,1,false,77255a9e,rps,caught,true,false,false
1082615,2,false,dcf81436,srh,caught,true,false,false
1082615,2,false,5f547c8b,srh,run out,false,false,true
1082615,2,false,0994d0ae,srh,caught,true,false,false
1082616,1,false,c03f1114,gl,caught,true,false,false
1082616,1,false,1dc12ab9,gl,caught,true,false,false
1082616,1,false,b8a55852,gl,caught,true,false,false
1082616,1,false,b8d490fd,gl,caught,true,false,false
1082616,1,false,871e9faf,gl,run out,false,false,true
1082616,2,false,d9273ee7,pbks,caught,true,false,false
1082616,2,false,b681e71e,pbks,caught,true,false,false
1082616,2,false,d9273ee7,pbks,caught,true,false,false
1082617,1,false,99d63244,rcb,caught,true,false,false
1082617,1,false,57ee1fde,rcb,caught,true,false,false
1082617,1,false,99d63244,rcb,stumped,false,true,false
1082617,1,false,76388dc8,rcb,caught,true,false,false
1082617,1,false,ba607b88,rcb,caught,true,false,false
1082617,1,false,c3a96caf,rcb,caught,true,false,false
1082617,1,false,c4487b84,rcb,caught,true,false,false
1082617,1,false,245c97cb,rcb,caught,true,false,false
1082617,2,false,93b4fc78,kkr,caught,true,false,false
1082617,2,false,93b4fc78,kkr,caught,true,false,false
1082617,2,false,1c17e270,kkr,caught,true,false,false
1082617,2,false,4c5d73db,kkr,caught,true,false,false
1082617,2,false,56ab442f,kkr,caught,true,false,false
1082617,2,false,1c17e270,kkr,caught,true,false,false
1082617,2,false,8d2c70ad,kkr,caught,true,false,false
1082617,2,false,93b4fc78,kkr,caught,true,false,false
1082618,1,false,a757b0d8,mi,caught,true,false,false
1082618,2,false,f19ccfad,rps,caught,true,false,false
1082618,2,false,1e66c162,rps,caught,true,false,false
1082618,2,false,30a45b23,rps,caught,true,false,false
1082618,2,false,e087956b,rps,caught,true,false,false
1082618,2,false,1e66c162,rps,run out,false,false,true
1082618,2,false,e087956b,rps,run out,false,false,true
1082620,1,false,1c17e270,kkr,stumped,false,true,false
1082620,1,false,1c17e270,kkr,stumped,false,true,false
1082620,1,false,1c17e270,kkr,stumped,false,true,false
1082620,1,false,93b4fc78,kkr,caught,true,false,false
1082620,2,false,1abb78f8,rps,run out,false,false,true
1082620,2,false,4a8a2e3b,rps,run out,false,false,true
1082620,2,false,77255a9e,rps,caught,true,false,false
1082620,2,false,1abb78f8,rps,caught,true,false,false
1082621,1,false,b8d490fd,gl,caught,true,false,false
1082621,1,false,c03f1114,gl,caught,true,false,false
1082621,1,false,1dc12ab9,gl,caught,true,false,false
1082621,1,false,fe93fd9d,gl,run out,false,false,true
1082621,1,false,871e9faf,gl,caught,true,false,false
1082621,1,false,752f7486,gl,caught,true,false,false
1082621,1,false,fe93fd9d,gl,caught,true,false,false
1082621,1,false,b8a55852,gl,caught,true,false,false
1082621,1,false,b8a55852,gl,run out,false,false,true
1082621,1,false,c03f1114,gl,run out,false,false,true
1082621,2,false,c4487b84,rcb,caught,true,false,false
1082621,2,false,c4487b84,rcb,caught,true,false,false
1082622,1,false,acc1aeda,kkr,run out,false,false,true
1082622,1,false,bb345e0b,kkr,run out,false,false,true
1082622,1,false,4c5d73db,kkr,caught,true,false,false
1082622,2,false,944533a5,dc,run out,false,false,true
1082623,1,false,b681e71e,pbks,caught,true,false,false
1082623,1,false,2e171977,pbks,caught,true,false,false
1082623,2,false,32198ae0,srh,caught,true,false,false
1082623,2,false,dcf81436,srh,caught,true,false,false
1082623,2,false,96fd40ae,srh,caught,true,false,false
1082623,2,false,73ad96ed,srh,caught,true,false,false
1082623,2,false,73ad96ed,srh,caught,true,false,false
1082623,2,false,dcce6f09,srh,caught,true,false,false
1082623,2,false,73ad96ed,srh,caught,true,false,false
1082623,2,false,d027ba9f,srh,caught,true,false,false
1082624,1,false,350bb1b1,rcb,caught,true,false,false
1082624,1,false,99d63244,rcb,caught,true,false,false
1082624,1,false,350bb1b1,rcb,caught,true,false,false
1082624,2,false,26e5cabf,rps,caught,true,false,false
1082624,2,false,2f9d0389,rps,run out,false,false,true
1082624,2,false,4a8a2e3b,rps,run out,false,false,true
1082624,2,false,30a45b23,rps,caught,true,false,false
1082624,2,false,f19ccfad,rps,caught,true,false,false
1082624,2,false,2a2e6343,rps,caught,true,false,false
1082624,2,false,30a45b23,rps,caught,true,false,false
1082624,2,false,00ea847a,rps,caught,true,false,false
1082625,1,false,a757b0d8,mi,caught,true,false,false
1082625,1,false,b5da6c24,mi,stumped,false,true,false
1082625,1,false,a757b0d8,mi,caught,true,false,false
1082625,1,false,dbe50b21,mi,caught,true,false,false
1082625,1,false,462411b3,mi,run out,false,false,true
1082625,2,false,808f425a,gl,run out,false,false,true
1082625,2,false,c03f1114,gl,caught,true,false,false
1082625,2,false,c03f1114,gl,caught,true,false,false
1082625,2,false,b8a55852,gl,caught,true,false,false
1082625,2,false,752f7486,gl,caught,true,false,false
1082625,2,false,5fa06777,gl,run out,false,false,true
1082625,2,false,fe93fd9d,gl,run out,false,false,true
1082625,2,false,fe93fd9d,gl,run out,false,false,true
1082625,3,true,b8d490fd,gl,caught,true,false,false
1082625,3,true,752f7486,gl,caught,true,false,false
1082626,1,false,fe11caa6,pbks,caught,true,false,false
1082626,1,false,759ac88f,pbks,caught,true,false,false
1082626,1,false,508a1ea7,pbks,caught,true,false,false
1082626,1,false,ce820073,pbks,caught,true,false,false
1082627,1,false,8d2c70ad,kkr,run out,false,false,true
1082627,1,false,bb345e0b,kkr,caught,true,false,false
1082627,1,false,56ab442f,kkr,run out,false,false,true
1082627,1,false,1c17e270,kkr,run out,false,false,true
1082627,2,false,dcce6f09,srh,caught,true,false,false
1082627,2,false,5f547c8b,srh,caught,true,false,false
1082627,2,false,dcce6f09,srh,caught,true,false,false
1082627,2,false,dcf81436,srh,caught,true,false,false
1082627,2,false,5f547c8b,srh,caught,true,false,false
1082627,2,false,5f547c8b,srh,caught,true,false,false
1082628,1,false,dbe50b21,mi,caught,true,false,false
1082628,1,false,740742ef,mi,caught,true,false,false
1082628,1,false,dbe50b21,mi,caught,true,false,false
1082628,1,false,462411b3,mi,caught,true,false,false
1082628,1,false,a757b0d8,mi,caught,true,false,false
1082628,1,false,a757b0d8,mi,caught,true,false,false
1082628,1,false,b5da6c24,mi,run out,false,false,true
1082628,2,false,57ee1fde,rcb,caught,true,false,false
1082628,2,false,12b610c2,rcb,caught,true,false,false
1082628,2,false,12b610c2,rcb,caught,true,false,false
1082628,2,false,12b610c2,rcb,caught,true,false,false
1082628,2,false,350bb1b1,rcb,caught,true,false,false
1082629,1,false,f19ccfad,rps,caught,true,false,false
1082629,1,false,29e95537,rps,run out,false,false,true
1082629,1,false,4a8a2e3b,rps,run out,false,false,true
1082629,1,false,29e95537,rps,caught,true,false,false
1082629,1,false,1e66c162,rps,caught,true,false,false
1082629,1,false,26e5cabf,rps,caught,true,false,false
1082629,1,false,77255a9e,rps,caught,true,false,false
1082629,1,false,4a8a2e3b,rps,run out,false,false,true
1082629,2,false,f18ba07f,gl,caught,true,false,false
1082629,2,false,b8d490fd,gl,run out,false,false,true
1082629,2,false,b8a55852,gl,caught,true,false,false
1082630,1,false,85ec8e33,dc,caught,true,false,false
1082630,1,false,fb66ce1f,dc,caught,true,false,false
1082630,2,false,0a476045,srh,caught,true,false,false
1082630,2,false,2e81a32d,srh,caught,true,false,false
1082630,2,false,2f49c897,srh,caught,true,false,false
1082631,1,false,29e95537,rps,caught,true,false,false
1082631,1,false,29e95537,rps,caught,true,false,false
1082631,1,false,f19ccfad,rps,caught,true,false,false
1082631,1,false,30a45b23,rps,run out,false,false,true
1082631,1,false,2a2e6343,rps,run out,false,false,true
1082631,1,false,f19ccfad,rps,caught,true,false,false
1082631,2,false,acc1aeda,kkr,caught,true,false,false
1082631,2,false,acc1aeda,kkr,caught,true,false,false
1082631,2,false,650d5e49,kkr,caught,true,false,false
1082632,1,false,919a3be2,dc,caught,true,false,false
1082632,1,false,9d80c5e1,dc,run out,false,false,true
1082632,1,false,e62dd25d,dc,run out,false,false,true
1082632,1,false,8abdf100,dc,caught,true,false,false
1082632,1,false,85ec8e33,dc,caught,true,false,false
1082632,1,false,919a3be2,dc,caught,true,false,false
1082632,1,false,e342e5fb,dc,caught,true,false,false
1082632,2,false,c03f1114,gl,caught,true,false,false
1082632,2,false,808f425a,gl,caught,true,false,false
1082632,2,false,c03f1114,gl,caught,true,false,false
1082633,1,false,99d63244,rcb,caught,true,false,false
1082633,1,false,f62772e5,rcb,caught,true,false,false
1082633,1,false,c3a96caf,rcb,caught,true,false,false
1082633,1,false,c4487b84,rcb,caught,true,false,false
1082633,1,false,76388dc8,rcb,caught,true,false,false
1082633,1,false,99d63244,rcb,caught,true,false,false
1082633,2,false,2be41edb,pbks,caught,true,false,false
1082633,2,false,fe11caa6,pbks,caught,true,false,false
1082633,2,false,2e171977,pbks,caught,true,false,false
1082633,2,false,fe11caa6,pbks,caught,true,false,false
1082633,2,false,fe11caa6,pbks,caught,true,false,false
1082633,2,false,2be41edb,pbks,caught,true,false,false
1082634,1,false,c18496e1,srh,run out,false,false,true
1082634,1,false,1c914163,srh,caught,true,false,false
1082634,1,false,c18496e1,srh,caught,true,false,false
1082634,1,false,5f547c8b,srh,caught,true,false,false
1082634,1,false,dcce6f09,srh,run out,false,false,true
1082634,1,false,2e81a32d,srh,run out,false,false,true
1082634,1,false,890946a0,srh,caught,true,false,false
1082634,1,false,dcce6f09,srh,caught,true,false,false
1082634,2,false,4a8a2e3b,rps,caught,true,false,false
1082634,2,false,1abb78f8,rps,caught,true,false,false
1082634,2,false,77255a9e,rps,caught,true,false,false
1082634,2,false,e087956b,rps,caught,true,false,false
1082634,2,false,e087956b,rps,caught,true,false,false
1082634,2,false,26e5cabf,rps,caught,true,false,false
1082635,1,false,919a3be2,dc,stumped,false,true,false
1082635,1,false,f846de6a,dc,caught,true,false,false
1082635,1,false,6b19d823,dc,caught,true,false,false
1082635,2,false,89f64c19,mi,caught,true,false,false
1082635,2,false,8b5b6769,mi,caught,true,false,false
1082635,2,false,89f64c19,mi,caught,true,false,false
1082635,2,false,740742ef,mi,caught,true,false,false
1082635,2,false,119678fd,mi,caught,true,false,false
1082635,2,false,740742ef,mi,caught,true,false,false
1082635,2,false,b5da6c24,mi,caught,true,false,false
1082635,2,false,740742ef,mi,caught,true,false,false
1082635,2,false,a757b0d8,mi,caught,true,false,false
1082635,2,false,fb2d1dda,mi,caught,true,false,false
1082636,1,false,bb345e0b,kkr,caught,true,false,false
1082636,1,false,cc1e8c68,kkr,caught,true,false,false
1082636,1,false,cc1e8c68,kkr,caught,true,false,false
1082636,1,false,45eda7c8,kkr,caught,true,false,false
1082636,2,false,99d63244,rcb,caught,true,false,false
1082636,2,false,99d63244,rcb,stumped,false,true,false
1082636,2,false,f62772e5,rcb,caught,true,false,false
1082637,1,false,871e9faf,gl,caught,true,false,false
1082637,1,false,b8d490fd,gl,caught,true,false,false
1082637,2,false,d67d5f00,pbks,caught,true,false,false
1082637,2,false,2be41edb,pbks,caught,true,false,false
1082637,2,false,6eb146d2,pbks,caught,true,false,false
1082637,2,false,fe11caa6,pbks,caught,true,false,false
1082638,1,false,2e81a32d,srh,caught,true,false,false
1082638,1,false,dcce6f09,srh,caught,true,false,false
1082638,1,false,32198ae0,srh,caught,true,false,false
1082638,1,false,0994d0ae,srh,caught,true,false,false
1082638,1,false,890946a0,srh,caught,true,false,false
1082638,2,false,740742ef,mi,caught,true,false,false
1082638,2,false,dbe50b21,mi,caught,true,false,false
1082639,1,false,1c17e270,kkr,caught,true,false,false
1082639,1,false,4c5d73db,kkr,caught,true,false,false
1082639,1,false,1c17e270,kkr,stumped,false,true,false
1082639,2,false,508a1ea7,pbks,caught,true,false,false
1082639,2,false,2e171977,pbks,caught,true,false,false
1082639,2,false,2e171977,pbks,caught,true,false,false
1082639,2,false,2e171977,pbks,run out,false,false,true
1082639,2,false,fe11caa6,pbks,run out,false,false,true
1082639,2,false,b681e71e,pbks,caught,true,false,false
1082640,1,false,6b19d823,dc,run out,false,false,true
1082640,1,false,8cf9814c,dc,run out,false,false,true
1082640,1,false,91a4a398,dc,caught,true,false,false
1082640,1,false,8abdf100,dc,caught,true,false,false
1082640,2,false,1dc12ab9,gl,run out,false,false,true
1082640,2,false,35205dfc,gl,caught,true,false,false
1082640,2,false,fe93fd9d,gl,run out,false,false,true
1082640,2,false,fe93fd9d,gl,run out,false,false,true
1082640,2,false,35205dfc,gl,caught,true,false,false
1082641,1,false,dbe50b21,mi,caught,true,false,false
1082641,1,false,b5da6c24,mi,caught,true,false,false
1082641,2,false,c03e2850,pbks,caught,true,false,false
1082641,2,false,2be41edb,pbks,caught,true,false,false
1082641,2,false,2be41edb,pbks,caught,true,false,false
1082641,2,false,2be41edb,pbks,caught,true,false,false
1082641,2,false,fe11caa6,pbks,caught,true,false,false
1082642,1,false,e087956b,rps,run out,false,false,true
1082642,1,false,4a8a2e3b,rps,caught,true,false,false
1082642,1,false,2a2e6343,rps,caught,true,false,false
1082642,1,false,4a8a2e3b,rps,caught,true,false,false
1082642,1,false,4a8a2e3b,rps,stumped,false,true,false
1082642,1,false,1e66c162,rps,caught,true,false,false
1082642,1,false,e087956b,rps,caught,true,false,false
1082642,2,false,919a3be2,dc,caught,true,false,false
1082642,2,false,8abdf100,dc,caught,true,false,false
1082642,2,false,8cf9814c,dc,run out,false,false,true
1082643,1,false,890946a0,srh,caught,true,false,false
1082643,1,false,0a476045,srh,caught,true,false,false
1082643,1,false,73ad96ed,srh,caught,true,false,false
1082643,2,false,808f425a,gl,caught,true,false,false
1082643,2,false,c03f1114,gl,caught,true,false,false
1082644,1,false,9d430b40,kkr,caught,true,false,false
1082644,1,false,cc1e8c68,kkr,run out,false,false,true
1082644,1,false,1c17e270,kkr,stumped,false,true,false
1082644,1,false,3c6ffae8,kkr,caught,true,false,false
1082644,2,false,dbe50b21,mi,caught,true,false,false
1082644,2,false,119678fd,mi,caught,true,false,false
1082644,2,false,740742ef,mi,caught,true,false,false
1082644,2,false,4125d931,mi,caught,true,false,false
1082644,2,false,dbe50b21,mi,caught,true,false,false
1082644,2,false,4125d931,mi,caught,true,false,false
1082644,2,false,70d205c9,mi,caught,true,false,false
1082645,1,false,26e5cabf,rps,caught,true,false,false
1082645,1,false,30a45b23,rps,caught,true,false,false
1082645,1,false,1e66c162,rps,run out,false,false,true
1082645,1,false,1e66c162,rps,caught,true,false,false
1082645,1,false,29e95537,rps,caught,true,false,false
1082645,1,false,4a8a2e3b,rps,caught,true,false,false
1082645,1,false,4a8a2e3b,rps,caught,true,false,false
1082645,1,false,4a8a2e3b,rps,caught,true,false,false
1082645,1,false,30a45b23,rps,caught,true,false,false
1082645,1,false,2a2e6343,rps,caught,true,false,false
1082646,1,false,91a4a398,dc,caught,true,false,false
1082646,1,false,85ec8e33,dc,run out,false,false,true
1082646,1,false,91a4a398,dc,run out,false,false,true
1082646,1,false,9d80c5e1,dc,caught,true,false,false
1082646,1,false,ded9240e,dc,run out,false,false,true
1082646,1,false,8abdf100,dc,caught,true,false,false
1082646,2,false,ba607b88,rcb,caught,true,false,false
1082646,2,false,99d63244,rcb,caught,true,false,false
1082646,2,false,4329fbb5,rcb,caught,true,false,false
1082646,2,false,0494fa6e,rcb,stumped,false,true,false
1082646,2,false,ba607b88,rcb,caught,true,false,false
1082646,2,false,0494fa6e,rcb,stumped,false,true,false
1082646,2,false,99d63244,rcb,caught,true,false,false
1082647,1,false,dbe50b21,mi,caught,true,false,false
1082647,1,false,462411b3,mi,run out,false,false,true
1082647,2,false,1abb78f8,rps,run out,false,false,true
1082647,2,false,30a45b23,rps,caught,true,false,false
1082647,2,false,30a45b23,rps,caught,true,false,false
1082647,2,false,2a2e6343,rps,caught,true,false,false
1082647,2,false,2a2e6343,rps,caught,true,false,false
1082647,2,false,2a2e6343,rps,caught,true,false,false
1082647,2,false,4a8a2e3b,rps,caught,true,false,false
1082647,2,false,1e66c162,rps,caught,true,false,false
1082648,1,false,1c17e270,kkr,caught,true,false,false
1082648,1,false,271f83cd,kkr,caught,true,false,false
1082648,1,false,98ae73b1,kkr,caught,true,false,false
1082648,1,false,271f83cd,kkr,caught,true,false,false
1082648,1,false,45eda7c8,kkr,caught,true,false,false
1082648,2,false,890946a0,srh,caught,true,false,false
1082648,2,false,2e81a32d,srh,run out,false,false,true
1082648,2,false,0a476045,srh,caught,true,false,false
1082649,1,false,a757b0d8,mi,caught,true,false,false
1082649,1,false,b5da6c24,mi,stumped,false,true,false
1082649,1,false,dbe50b21,mi,caught,true,false,false
1082649,1,false,f5180fe6,mi,caught,true,false,false
1082649,1,false,70d205c9,mi,caught,true,false,false
1082649,1,false,dbe50b21,mi,caught,true,false,false
1082649,1,false,a12e1d51,mi,caught,true,false,false
1082649,2,false,1c17e270,kkr,caught,true,false,false
1082649,2,false,db31895a,kkr,caught,true,false,false
1082650,1,false,1abb78f8,rps,caught,true,false,false
1082650,1,false,30a45b23,rps,run out,false,false,true
1082650,1,false,1abb78f8,rps,caught,true,false,false
1082650,1,false,26e5cabf,rps,caught,true,false,false
1082650,1,false,2a2e6343,rps,run out,false,false,true
1082650,1,false,1abb78f8,rps,run out,false,false,true
1082650,1,false,29e95537,rps,caught,true,false,false
1082650,2,false,a757b0d8,mi,caught,true,false,false
1082650,2,false,b5da6c24,mi,caught,true,false,false
1082650,2,false,a757b0d8,mi,caught,true,false,false
1082650,2,false,70d205c9,mi,caught,true,false,false
1082650,2,false,4125d931,mi,run out,false,false,true
1082650,2,false,b5da6c24,mi,run out,false,false,true
1136561,1,false,70d205c9,csk,caught,true,false,false
1136561,1,false,8b5b6769,csk,caught,true,false,false
1136561,1,false,8d92a2c3,csk,caught,true,false,false
1136561,2,false,0ebfb1ad,mi,caught,true,false,false
1136561,2,false,271f83cd,mi,caught,true,false,false
1136561,2,false,752f7486,mi,stumped,false,true,false
1136561,2,false,462411b3,mi,caught,true,false,false
1136561,2,false,0a8fce53,mi,caught,true,false,false
1136561,2,false,740742ef,mi,caught,true,false,false
1136562,1,false,b17e2f24,pbks,caught,true,false,false
1136562,1,false,2e171977,pbks,caught,true,false,false
1136562,1,false,7c7d63a2,pbks,caught,true,false,false
1136562,2,false,8cf9814c,dc,caught,true,false,false
1136562,2,false,8cf9814c,dc,caught,true,false,false
1136562,2,false,0994d0ae,dc,caught,true,false,false
1136562,2,false,a818c1be,dc,caught,true,false,false
1136563,1,false,41eb4a4f,kkr,caught,true,false,false
1136563,1,false,f5180fe6,kkr,caught,true,false,false
1136563,1,false,0a509d6b,kkr,caught,true,false,false
1136563,1,false,8d2c70ad,kkr,caught,true,false,false
1136563,1,false,bbd41817,kkr,caught,true,false,false
1136563,2,false,c4487b84,rcb,caught,true,false,false
1136563,2,false,b8a55852,rcb,caught,true,false,false
1136563,2,false,372455c4,rcb,caught,true,false,false
1136563,2,false,c4487b84,rcb,caught,true,false,false
1136564,1,false,5f547c8b,srh,caught,true,false,false
1136564,1,false,d027ba9f,srh,caught,true,false,false
1136564,1,false,93b4fc78,srh,caught,true,false,false
1136564,1,false,5f547c8b,srh,caught,true,false,false
1136564,1,false,fe11caa6,srh,caught,true,false,false
1136564,1,false,3c6ffae8,srh,caught,true,false,false
1136564,2,false,b2a79f17,rr,caught,true,false,false
1136565,1,false,1dc12ab9,csk,caught,true,false,false
1136565,1,false,4a8a2e3b,csk,caught,true,false,false
1136565,1,false,87e562a9,csk,caught,true,false,false
1136565,2,false,0a509d6b,kkr,caught,true,false,false
1136565,2,false,c38d3503,kkr,caught,true,false,false
1136565,2,false,41eb4a4f,kkr,caught,true,false,false
1136565,2,false,c03f1114,kkr,caught,true,false,false
1136565,2,false,1c17e270,kkr,caught,true,false,false
1136566,1,false,919a3be2,dc,caught,true,false,false
1136566,1,false,fb66ce1f,dc,caught,true,false,false
1136566,2,false,99b75528,rr,caught,true,false,false
1136566,2,false,90de905a,rr,caught,true,false,false
1136566,2,false,e087956b,rr,caught,true,false,false
1136567,1,false,7dc35884,srh,caught,true,false,false
1136567,1,false,3c6ffae8,srh,caught,true,false,false
1136567,1,false,d027ba9f,srh,caught,true,false,false
1136567,1,false,0a476045,srh,caught,true,false,false
1136567,1,false,73ad96ed,srh,caught,true,false,false
1136567,2,false,752f7486,mi,caught,true,false,false
1136567,2,false,462411b3,mi,caught,true,false,false
1136567,2,false,740742ef,mi,caught,true,false,false
1136567,2,false,a757b0d8,mi,caught,true,false,false
1136567,2,false,752f7486,mi,caught,true,false,false
1136567,2,false,5b8c830e,mi,caught,true,false,false
1136568,1,false,372455c4,rcb,caught,true,false,false
1136568,1,false,f088b960,rcb,caught,true,false,false
1136568,1,false,372455c4,rcb,stumped,false,true,false
1136568,1,false,ba607b88,rcb,caught,true,false,false
1136568,1,false,372455c4,rcb,stumped,false,true,false
1136568,1,false,f088b960,rcb,caught,true,false,false
1136568,2,false,7d92277a,pbks,caught,true,false,false
1136568,2,false,944533a5,pbks,caught,true,false,false
1136568,2,false,944533a5,pbks,caught,true,false,false
1136569,1,false,d1c36f5c,dc,caught,true,false,false
1136569,1,false,d1c36f5c,dc,caught,true,false,false
1136569,1,false,39a2dfa8,dc,caught,true,false,false
1136569,1,false,85ec8e33,dc,caught,true,false,false
1136569,2,false,740742ef,mi,caught,true,false,false
1136569,2,false,a757b0d8,mi,caught,true,false,false
1136570,1,false,fe11caa6,srh,caught,true,false,false
1136570,1,false,93b4fc78,srh,caught,true,false,false
1136570,1,false,d027ba9f,srh,caught,true,false,false
1136570,1,false,93b4fc78,srh,caught,true,false,false
1136570,1,false,7dc35884,srh,caught,true,false,false
1136570,1,false,fe11caa6,srh,caught,true,false,false
1136570,1,false,2e81a32d,srh,caught,true,false,false
1136570,2,false,c03f1114,kkr,caught,true,false,false
1136570,2,false,bbd41817,kkr,caught,true,false,false
1136571,1,false,cc1e8c68,rcb,caught,true,false,false
1136571,1,false,372455c4,rcb,caught,true,false,false
1136571,1,false,ba607b88,rcb,caught,true,false,false
1136571,2,false,e087956b,rr,caught,true,false,false
1136571,2,false,1e66c162,rr,caught,true,false,false
1136571,2,false,1a156c88,rr,caught,true,false,false
1136571,2,false,1e66c162,rr,caught,true,false,false
1136571,2,false,99b75528,rr,caught,true,false,false
1136572,1,false,87e562a9,csk,caught,true,false,false
1136572,1,false,acee4cc4,csk,caught,true,false,false
1136572,1,false,fe93fd9d,csk,caught,true,false,false
1136572,1,false,4a8a2e3b,csk,caught,true,false,false
1136572,1,false,4a8a2e3b,csk,caught,true,false,false
1136572,1,false,fe93fd9d,csk,caught,true,false,false
1136572,2,false,d8b2f218,pbks,caught,true,false,false
1136572,2,false,d8b2f218,pbks,caught,true,false,false
1136572,2,false,495d42a5,pbks,caught,true,false,false
1136573,1,false,b681e71e,dc,caught,true,false,false
1136573,1,false,d1c36f5c,dc,caught,true,false,false
1136573,1,false,a818c1be,dc,caught,true,false,false
1136573,1,false,bb345e0b,dc,caught,true,false,false
1136573,1,false,fb66ce1f,dc,caught,true,false,false
1136573,1,false,919a3be2,dc,caught,true,false,false
1136573,1,false,b681e71e,dc,caught,true,false,false
1136573,2,false,c03f1114,kkr,stumped,false,true,false
1136573,2,false,fb2d1dda,kkr,caught,true,false,false
1136573,2,false,98ae73b1,kkr,caught,true,false,false
1136573,2,false,bbd41817,kkr,caught,true,false,false
1136573,2,false,1c17e270,kkr,caught,true,false,false
1136573,2,false,bbd41817,kkr,caught,true,false,false
1136574,1,false,372455c4,rcb,caught,true,false,false
1136574,1,false,c4487b84,rcb,caught,true,false,false
1136574,1,false,4c5d73db,rcb,caught,true,false,false
1136574,2,false,dbe50b21,mi,caught,true,false,false
1136574,2,false,752f7486,mi,stumped,false,true,false
1136574,2,false,2e8994e7,mi,caught,true,false,false
1136574,2,false,271f83cd,mi,caught,true,false,false
1136574,2,false,855a210c,mi,stumped,false,true,false
1136574,2,false,5b8c830e,mi,caught,true,false,false
1136574,2,false,740742ef,mi,caught,true,false,false
1136575,1,false,c03f1114,kkr,stumped,false,true,false
1136575,1,false,8d2c70ad,kkr,caught,true,false,false
1136575,1,false,bbd41817,kkr,caught,true,false,false
1136575,1,false,fb2d1dda,kkr,caught,true,false,false
1136575,1,false,c38d3503,kkr,caught,true,false,false
1136575,2,false,e087956b,rr,caught,true,false,false
1136576,1,false,73ad96ed,srh,caught,true,false,false
1136576,1,false,0a476045,srh,caught,true,false,false
1136576,2,false,b8d490fd,pbks,caught,true,false,false
1136576,2,false,26e5cabf,pbks,caught,true,false,false
1136577,1,false,99b75528,rr,caught,true,false,false
1136577,1,false,90de905a,rr,caught,true,false,false
1136577,1,false,90de905a,rr,caught,true,false,false
1136577,1,false,e087956b,rr,caught,true,false,false
1136577,1,false,99b75528,rr,caught,true,false,false
1136577,2,false,119678fd,csk,caught,true,false,false
1136577,2,false,acee4cc4,csk,caught,true,false,false
1136577,2,false,c16d4035,csk,caught,true,false,false
1136577,2,false,c16d4035,csk,caught,true,false,false
1136577,2,false,4a8a2e3b,csk,caught,true,false,false
1136577,2,false,4a8a2e3b,csk,caught,true,false,false
1136578,1,false,944533a5,pbks,caught,true,false,false
1136578,1,false,944533a5,pbks,caught,true,false,false
1136578,1,false,b17e2f24,pbks,caught,true,false,false
1136578,1,false,944533a5,pbks,caught,true,false,false
1136578,1,false,7c7d63a2,pbks,caught,true,false,false
1136578,1,false,db31895a,pbks,caught,true,false,false
1136578,2,false,e86754b2,kkr,caught,true,false,false
1136579,1,false,57ee1fde,rcb,caught,true,false,false
1136579,1,false,2f49c897,rcb,caught,true,false,false
1136579,1,false,2f49c897,rcb,caught,true,false,false
1136579,1,false,c4487b84,rcb,caught,true,false,false
1136579,2,false,d1c36f5c,dc,caught,true,false,false
1136579,2,false,a818c1be,dc,caught,true,false,false
1136580,1,false,73ad96ed,srh,caught,true,false,false
1136580,1,false,fe11caa6,srh,stumped,false,true,false
1136580,2,false,4329fbb5,csk,caught,true,false,false
1136580,2,false,119678fd,csk,caught,true,false,false
1136580,2,false,fe93fd9d,csk,caught,true,false,false
1136580,2,false,1dc12ab9,csk,caught,true,false,false
1136580,2,false,fe93fd9d,csk,caught,true,false,false
1136580,2,false,1dc12ab9,csk,caught,true,false,false
1136581,1,false,99b75528,rr,caught,true,false,false
1136581,1,false,99b75528,rr,caught,true,false,false
1136581,1,false,235c2bb6,rr,caught,true,false,false
1136581,2,false,271f83cd,mi,caught,true,false,false
1136581,2,false,5b8c830e,mi,caught,true,false,false
1136581,2,false,dbe50b21,mi,caught,true,false,false
1136581,2,false,752f7486,mi,caught,true,false,false
1136582,1,false,85ec8e33,dc,caught,true,false,false
1136582,1,false,eef2536f,dc,caught,true,false,false
1136582,1,false,919a3be2,dc,caught,true,false,false
1136582,1,false,85ec8e33,dc,caught,true,false,false
1136582,1,false,9a963804,dc,caught,true,false,false
1136582,1,false,39a2dfa8,dc,caught,true,false,false
1136582,2,false,7c7d63a2,pbks,caught,true,false,false
1136582,2,false,b8d490fd,pbks,caught,true,false,false
1136582,2,false,b17e2f24,pbks,caught,true,false,false
1136582,2,false,944533a5,pbks,caught,true,false,false
1136582,2,false,b8d490fd,pbks,caught,true,false,false
1136583,1,false,752f7486,mi,caught,true,false,false
1136583,1,false,740742ef,mi,caught,true,false,false
1136583,1,false,752f7486,mi,caught,true,false,false
1136583,1,false,752f7486,mi,caught,true,false,false
1136583,1,false,dbe50b21,mi,caught,true,false,false
1136583,2,false,93b4fc78,srh,caught,true,false,false
1136583,2,false,73ad96ed,srh,caught,true,false,false
1136583,2,false,0a476045,srh,caught,true,false,false
1136583,2,false,0a476045,srh,caught,true,false,false
1136583,2,false,5f547c8b,srh,caught,true,false,false
1136583,2,false,871e9faf,srh,caught,true,false,false
1136583,2,false,73ad96ed,srh,caught,true,false,false
1136584,1,false,fe93fd9d,csk,caught,true,false,false
1136584,1,false,c16d4035,csk,caught,true,false,false
1136584,1,false,8b5b6769,csk,caught,true,false,false
1136584,1,false,fe93fd9d,csk,caught,true,false,false
1136584,1,false,c16d4035,csk,caught,true,false,false
1136584,2,false,2f49c897,rcb,caught,true,false,false
1136584,2,false,c3a96caf,rcb,caught,true,false,false
1136584,2,false,372455c4,rcb,stumped,false,true,false
1136585,1,false,495d42a5,pbks,caught,true,false,false
1136585,1,false,944533a5,pbks,caught,true,false,false
1136585,1,false,7c7d63a2,pbks,caught,true,false,false
1136585,1,false,00ea847a,pbks,caught,true,false,false
1136585,1,false,00ea847a,pbks,caught,true,false,false
1136585,2,false,93b4fc78,srh,caught,true,false,false
1136585,2,false,93b4fc78,srh,caught,true,false,false
1136585,2,false,d027ba9f,srh,caught,true,false,false
1136585,2,false,d027ba9f,srh,caught,true,false,false
1136586,1,false,c03f1114,kkr,caught,true,false,false
1136586,2,false,8b3e9c7c,dc,caught,true,false,false
1136586,2,false,85ec8e33,dc,caught,true,false,false
1136586,2,false,a818c1be,dc,caught,true,false,false
1136586,2,false,af2c687b,dc,caught,true,false,false
1136587,1,false,a9fd84fb,mi,caught,true,false,false
1136587,1,false,2e11c706,mi,caught,true,false,false
1136587,1,false,0ebfb1ad,mi,caught,true,false,false
1136587,1,false,a9fd84fb,mi,caught,true,false,false
1136587,1,false,2e11c706,mi,caught,true,false,false
1136587,2,false,fe93fd9d,csk,caught,true,false,false
1136587,2,false,1abb78f8,csk,caught,true,false,false
1136588,1,false,a4cc73aa,rr,caught,true,false,false
1136588,1,false,99b75528,rr,caught,true,false,false
1136588,1,false,d2a989fc,rr,caught,true,false,false
1136588,1,false,29e95537,rr,caught,true,false,false
1136588,1,false,e087956b,rr,caught,true,false,false
1136588,2,false,92aeac25,srh,caught,true,false,false
1136588,2,false,0a476045,srh,caught,true,false,false
1136588,2,false,fe11caa6,srh,caught,true,false,false
1136588,2,false,0a476045,srh,caught,true,false,false
1136589,1,false,b4b99816,kkr,caught,true,false,false
1136589,1,false,c03f1114,kkr,caught,true,false,false
1136589,1,false,c38d3503,kkr,caught,true,false,false
1136589,2,false,94d7f855,rcb,caught,true,false,false
1136589,2,false,13c35c9e,rcb,caught,true,false,false
1136589,2,false,372455c4,rcb,caught,true,false,false
1136589,2,false,ba607b88,rcb,caught,true,false,false
1136590,1,false,a818c1be,dc,caught,true,false,false
1136590,1,false,9a963804,dc,caught,true,false,false
1136590,2,false,fe93fd9d,csk,caught,true,false,false
1136590,2,false,119678fd,csk,caught,true,false,false
1136590,2,false,fe93fd9d,csk,caught,true,false,false
1136591,1,false,740742ef,mi,caught,true,false,false
1136591,1,false,271f83cd,mi,caught,true,false,false
1136591,1,false,a757b0d8,mi,caught,true,false,false
1136591,1,false,740742ef,mi,caught,true,false,false
1136591,1,false,2e11c706,mi,caught,true,false,false
1136591,2,false,372455c4,rcb,caught,true,false,false
1136591,2,false,372455c4,rcb,caught,true,false,false
1136591,2,false,c3a96caf,rcb,caught,true,false,false
1136591,2,false,ba607b88,rcb,caught,true,false,false
1136592,1,false,99b75528,rr,caught,true,false,false
1136592,1,false,77255a9e,rr,caught,true,false,false
1136592,1,false,e087956b,rr,caught,true,false,false
1136592,1,false,77255a9e,rr,caught,true,false,false
1136592,2,false,919a3be2,dc,stumped,false,true,false
1136592,2,false,af2c687b,dc,caught,true,false,false
1136592,2,false,0994d0ae,dc,caught,true,false,false
1136592,2,false,eef2536f,dc,caught,true,false,false
1136593,1,false,c38d3503,kkr,caught,true,false,false
1136593,1,false,f5180fe6,kkr,caught,true,false,false
1136593,1,false,c03f1114,kkr,caught,true,false,false
1136593,2,false,4329fbb5,csk,caught,true,false,false
1136593,2,false,87e562a9,csk,caught,true,false,false
1136593,2,false,87e562a9,csk,caught,true,false,false
1136594,1,false,2e8994e7,mi,caught,true,false,false
1136594,1,false,271f83cd,mi,caught,true,false,false
1136594,1,false,dbe50b21,mi,caught,true,false,false
1136594,1,false,dbe50b21,mi,caught,true,false,false
1136594,2,false,b17e2f24,pbks,caught,true,false,false
1136594,2,false,b17e2f24,pbks,caught,true,false,false
1136595,1,false,1abb78f8,csk,caught,true,false,false
1136595,1,false,4a8a2e3b,csk,stumped,false,true,false
1136595,1,false,7f048519,csk,caught,true,false,false
1136595,1,false,4a8a2e3b,csk,stumped,false,true,false
1136595,1,false,1dc12ab9,csk,caught,true,false,false
1136595,2,false,13c35c9e,rcb,caught,true,false,false
1136595,2,false,2f49c897,rcb,caught,true,false,false
1136595,2,false,c3a96caf,rcb,caught,true,false,false
1136596,1,false,dcf81436,srh,caught,true,false,false
1136596,1,false,0a476045,srh,caught,true,false,false
1136596,2,false,8b3e9c7c,dc,caught,true,false,false
1136597,1,false,45eda7c8,kkr,caught,true,false,false
1136597,1,false,0a509d6b,kkr,caught,true,false,false
1136597,1,false,c03f1114,kkr,caught,true,false,false
1136597,1,false,b4b99816,kkr,caught,true,false,false
1136597,2,false,462411b3,mi,caught,true,false,false
1136597,2,false,2e11c706,mi,caught,true,false,false
1136597,2,false,462411b3,mi,caught,true,false,false
1136597,2,false,5b8c830e,mi,caught,true,false,false
1136597,2,false,740742ef,mi,caught,true,false,false
1136598,1,false,7c7d63a2,pbks,caught,true,false,false
1136598,1,false,db584dad,pbks,caught,true,false,false
1136598,1,false,944533a5,pbks,caught,true,false,false
1136598,1,false,26e5cabf,pbks,caught,true,false,false
1136598,1,false,b17e2f24,pbks,caught,true,false,false
1136598,1,false,d9273ee7,pbks,caught,true,false,false
1136598,1,false,495d42a5,pbks,caught,true,false,false
1136598,2,false,a4cc73aa,rr,caught,true,false,false
1136598,2,false,77255a9e,rr,caught,true,false,false
1136598,2,false,1a156c88,rr,caught,true,false,false
1136599,1,false,13c35c9e,rcb,caught,true,false,false
1136599,1,false,ba607b88,rcb,caught,true,false,false
1136599,1,false,c3a96caf,rcb,caught,true,false,false
1136599,1,false,cc1e8c68,rcb,caught,true,false,false
1136599,2,false,3c6ffae8,srh,caught,true,false,false
1136599,2,false,fe11caa6,srh,caught,true,false,false
1136600,1,false,f10e94c4,pbks,caught,true,false,false
1136600,1,false,26e5cabf,pbks,caught,true,false,false
1136600,1,false,26e5cabf,pbks,caught,true,false,false
1136600,1,false,b17e2f24,pbks,stumped,false,true,false
1136600,1,false,495d42a5,pbks,caught,true,false,false
1136600,1,false,26e5cabf,pbks,caught,true,false,false
1136600,1,false,944533a5,pbks,caught,true,false,false
1136600,2,false,99b75528,rr,stumped,false,true,false
1136600,2,false,1e66c162,rr,caught,true,false,false
1136600,2,false,90de905a,rr,caught,true,false,false
1136600,2,false,29e95537,rr,caught,true,false,false
1136600,2,false,90de905a,rr,caught,true,false,false
1136601,1,false,45eda7c8,kkr,caught,true,false,false
1136601,1,false,0a509d6b,kkr,caught,true,false,false
1136601,1,false,1c17e270,kkr,caught,true,false,false
1136601,1,false,0a509d6b,kkr,caught,true,false,false
1136601,1,false,1c17e270,kkr,caught,true,false,false
1136601,1,false,bbd41817,kkr,caught,true,false,false
1136601,2,false,5b8c830e,mi,caught,true,false,false
1136601,2,false,271f83cd,mi,caught,true,false,false
1136601,2,false,a9fd84fb,mi,caught,true,false,false
1136601,2,false,2e11c706,mi,caught,true,false,false
1136601,2,false,752f7486,mi,caught,true,false,false
1136601,2,false,271f83cd,mi,caught,true,false,false
1136601,2,false,2e8994e7,mi,caught,true,false,false
1136602,1,false,0a476045,srh,caught,true,false,false
1136602,1,false,541f85c9,srh,caught,true,false,false
1136602,1,false,92aeac25,srh,caught,true,false,false
1136603,1,false,99b75528,rr,caught,true,false,false
1136603,1,false,bd17b45f,rr,caught,true,false,false
1136603,2,false,1dc12ab9,csk,caught,true,false,false
1136603,2,false,87e562a9,csk,caught,true,false,false
1136603,2,false,4329fbb5,csk,caught,true,false,false
1136603,2,false,4a8a2e3b,csk,caught,true,false,false
1136604,1,false,b17e2f24,pbks,caught,true,false,false
1136604,1,false,759ac88f,pbks,caught,true,false,false
1136604,1,false,b17e2f24,pbks,caught,true,false,false
1136604,1,false,d67d5f00,pbks,caught,true,false,false
1136604,1,false,d67d5f00,pbks,caught,true,false,false
1136604,2,false,c03f1114,kkr,caught,true,false,false
1136604,2,false,99ed60f8,kkr,caught,true,false,false
1136604,2,false,85e0cf10,kkr,caught,true,false,false
1136604,2,false,99ed60f8,kkr,caught,true,false,false
1136604,2,false,8d2c70ad,kkr,caught,true,false,false
1136604,2,false,c03f1114,kkr,caught,true,false,false
1136605,1,false,c4487b84,rcb,caught,true,false,false
1136605,1,false,ba607b88,rcb,caught,true,false,false
1136605,2,false,8b3e9c7c,dc,caught,true,false,false
1136605,2,false,919a3be2,dc,caught,true,false,false
1136605,2,false,8b3e9c7c,dc,caught,true,false,false
1136606,1,false,1dc12ab9,csk,caught,true,false,false
1136606,1,false,8b5b6769,csk,caught,true,false,false
1136606,1,false,87e562a9,csk,caught,true,false,false
1136606,1,false,7f048519,csk,caught,true,false,false
1136606,2,false,d027ba9f,srh,caught,true,false,false
1136607,1,false,1e66c162,rr,caught,true,false,false
1136607,1,false,1e66c162,rr,caught,true,false,false
1136607,1,false,a4cc73aa,rr,caught,true,false,false
1136607,1,false,a4cc73aa,rr,caught,true,false,false
1136607,1,false,90de905a,rr,caught,true,false,false
1136607,1,false,a4cc73aa,rr,caught,true,false,false
1136607,2,false,752f7486,mi,caught,true,false,false
1136607,2,false,271f83cd,mi,caught,true,false,false
1136607,2,false,2ed569a0,mi,caught,true,false,false
1136608,1,false,94d7f855,rcb,caught,true,false,false
1136608,1,false,2f49c897,rcb,caught,true,false,false
1136608,1,false,ba607b88,rcb,caught,true,false,false
1136608,1,false,b5da6c24,rcb,caught,true,false,false
1136608,1,false,ba607b88,rcb,caught,true,false,false
1136608,1,false,b5da6c24,rcb,caught,true,false,false
1136609,1,false,c03f1114,kkr,caught,true,false,false
1136609,1,false,99ed60f8,kkr,caught,true,false,false
1136609,1,false,c03f1114,kkr,stumped,false,true,false
1136609,1,false,c03f1114,kkr,caught,true,false,false
1136609,1,false,c03f1114,kkr,caught,true,false,false
1136609,1,false,b4b99816,kkr,caught,true,false,false
1136609,2,false,90de905a,rr,caught,true,false,false
1136609,2,false,77255a9e,rr,caught,true,false,false
1136609,2,false,69be866a,rr,caught,true,false,false
1136610,1,false,d9273ee7,pbks,caught,true,false,false
1136610,1,false,b17e2f24,pbks,caught,true,false,false
1136610,1,false,1c914163,pbks,caught,true,false,false
1136610,1,false,db31895a,pbks,caught,true,false,false
1136610,1,false,b8d490fd,pbks,caught,true,false,false
1136610,1,false,2e171977,pbks,caught,true,false,false
1136610,1,false,495d42a5,pbks,caught,true,false,false
1136610,2,false,2e11c706,mi,caught,true,false,false
1136610,2,false,dbe50b21,mi,caught,true,false,false
1136610,2,false,752f7486,mi,caught,true,false,false
1136610,2,false,2e11c706,mi,caught,true,false,false
1136610,2,false,0ebfb1ad,mi,caught,true,false,false
1136611,1,false,dcf81436,srh,caught,true,false,false
1136611,1,false,0a476045,srh,caught,true,false,false
1136611,1,false,541f85c9,srh,caught,true,false,false
1136611,1,false,0a476045,srh,caught,true,false,false
1136611,1,false,5f547c8b,srh,caught,true,false,false
1136611,2,false,c4487b84,rcb,caught,true,false,false
1136611,2,false,94d7f855,rcb,caught,true,false,false
1136612,1,false,1abb78f8,csk,caught,true,false,false
1136612,1,false,87e562a9,csk,caught,true,false,false
1136612,1,false,8b5b6769,csk,caught,true,false,false
1136612,2,false,a818c1be,dc,caught,true,false,false
1136612,2,false,b681e71e,dc,caught,true,false,false
1136612,2,false,0994d0ae,dc,caught,true,false,false
1136612,2,false,f29185a1,dc,caught,true,false,false
1136612,2,false,85ec8e33,dc,caught,true,false,false
1136612,2,false,0994d0ae,dc,caught,true,false,false
1136613,1,false,b5da6c24,rcb,caught,true,false,false
1136613,1,false,bb351c23,rcb,caught,true,false,false
1136613,1,false,bb351c23,rcb,caught,true,false,false
1136613,2,false,235c2bb6,rr,stumped,false,true,false
1136613,2,false,235c2bb6,rr,stumped,false,true,false
1136613,2,false,29e95537,rr,caught,true,false,false
1136613,2,false,235c2bb6,rr,stumped,false,true,false
1136613,2,false,235c2bb6,rr,caught,true,false,false
1136613,2,false,90de905a,rr,caught,true,false,false
1136613,2,false,90de905a,rr,caught,true,false,false
1136614,1,false,bbd41817,kkr,caught,true,false,false
1136614,1,false,bbd41817,kkr,caught,true,false,false
1136614,1,false,1c17e270,kkr,caught,true,false,false
1136614,1,false,c03f1114,kkr,caught,true,false,false
1136614,1,false,0a509d6b,kkr,caught,true,false,false
1136614,1,false,9d430b40,kkr,caught,true,false,false
1136614,1,false,c03f1114,kkr,caught,true,false,false
1136614,2,false,93b4fc78,srh,caught,true,false,false
1136614,2,false,93b4fc78,srh,caught,true,false,false
1136614,2,false,541f85c9,srh,caught,true,false,false
1136614,2,false,93b4fc78,srh,caught,true,false,false
1136614,2,false,2e81a32d,srh,caught,true,false,false
1136615,1,false,5b8c830e,mi,caught,true,false,false
1136615,1,false,a757b0d8,mi,caught,true,false,false
1136615,2,false,0994d0ae,dc,caught,true,false,false
1136615,2,false,0994d0ae,dc,caught,true,false,false
1136615,2,false,919a3be2,dc,stumped,false,true,false
1136615,2,false,a818c1be,dc,caught,true,false,false
1136615,2,false,39a2dfa8,dc,caught,true,false,false
1136615,2,false,a818c1be,dc,caught,true,false,false
1136615,2,false,39a2dfa8,dc,caught,true,false,false
1136615,2,false,b681e71e,dc,caught,true,false,false
1136615,2,false,a818c1be,dc,caught,true,false,false
1136616,1,false,4a8a2e3b,csk,caught,true,false,false
1136616,1,false,1dc12ab9,csk,caught,true,false,false
1136616,1,false,4a8a2e3b,csk,caught,true,false,false
1136616,1,false,c16d4035,csk,caught,true,false,false
1136616,1,false,4a8a2e3b,csk,caught,true,false,false
1136616,1,false,1dc12ab9,csk,caught,true,false,false
1136616,1,false,23eeb873,csk,caught,true,false,false
1136616,1,false,3355b542,csk,caught,true,false,false
1136616,2,false,b17e2f24,pbks,caught,true,false,false
1136616,2,false,db584dad,pbks,caught,true,false,false
1136616,2,false,759ac88f,pbks,caught,true,false,false
1136617,1,false,4a8a2e3b,csk,caught,true,false,false
1136617,1,false,4a8a2e3b,csk,caught,true,false,false
1136617,2,false,541f85c9,srh,caught,true,false,false
1136617,2,false,0a476045,srh,caught,true,false,false
1136617,2,false,e342e5fb,srh,caught,true,false,false
1136618,1,false,235c2bb6,rr,stumped,false,true,false
1136618,1,false,1e66c162,rr,caught,true,false,false
1136618,1,false,235c2bb6,rr,caught,true,false,false
1136618,1,false,29e95537,rr,caught,true,false,false
1136618,1,false,5574750c,rr,caught,true,false,false
1136618,2,false,99ed60f8,kkr,caught,true,false,false
1136618,2,false,45eda7c8,kkr,caught,true,false,false
1136619,1,false,c03f1114,kkr,caught,true,false,false
1136619,1,false,c03f1114,kkr,stumped,false,true,false
1136619,1,false,98ae73b1,kkr,caught,true,false,false
1136619,1,false,98ae73b1,kkr,caught,true,false,false
1136619,2,false,e342e5fb,srh,caught,true,false,false
1136619,2,false,0a476045,srh,caught,true,false,false
1136619,2,false,5f547c8b,srh,caught,true,false,false
1136619,2,false,5f547c8b,srh,caught,true,false,false
1136620,1,false,4a8a2e3b,csk,stumped,false,true,false
1136620,1,false,1dc12ab9,csk,caught,true,false,false
1136620,1,false,faa7365d,csk,caught,true,false,false
1136620,1,false,70d205c9,csk,caught,true,false,false
1136620,2,false,541f85c9,srh,caught,true,false,false
1175356,1,false,fe93fd9d,csk,caught,true,false,false
1175356,1,false,fe93fd9d,csk,caught,true,false,false
1175356,1,false,4329fbb5,csk,caught,true,false,false
1175356,1,false,4a8a2e3b,csk,caught,true,false,false
1175356,1,false,4329fbb5,csk,caught,true,false,false
1175356,1,false,8b5b6769,csk,caught,true,false,false
1175356,1,false,99d63244,csk,caught,true,false,false
1175356,2,false,a4e37e47,rcb,caught,true,false,false
1175357,1,false,1c17e270,kkr,caught,true,false,false
1175357,2,false,5f547c8b,srh,caught,true,false,false
1175357,2,false,2e81a32d,srh,caught,true,false,false
1175358,1,false,372455c4,mi,caught,true,false,false
1175358,1,false,a757b0d8,mi,caught,true,false,false
1175358,1,false,dbe50b21,mi,caught,true,false,false
1175358,1,false,271f83cd,mi,caught,true,false,false
1175358,1,false,372455c4,mi,caught,true,false,false
1175358,1,false,b8527c3d,mi,caught,true,false,false
1175358,2,false,39a2dfa8,dc,caught,true,false,false
1175358,2,false,a818c1be,dc,caught,true,false,false
1175358,2,false,39a2dfa8,dc,caught,true,false,false
1175358,2,false,39a2dfa8,dc,caught,true,false,false
1175358,2,false,919a3be2,dc,caught,true,false,false
1175358,2,false,39a2dfa8,dc,caught,true,false,false
1175358,2,false,919a3be2,dc,stumped,false,true,false
1175359,1,false,99b75528,rr,caught,true,false,false
1175359,1,false,d2a989fc,rr,caught,true,false,false
1175359,1,false,77255a9e,rr,caught,true,false,false
1175359,1,false,29e95537,rr,caught,true,false,false
1175359,2,false,b17e2f24,pbks,caught,true,false,false
1175359,2,false,495d42a5,pbks,caught,true,false,false
1175359,2,false,944533a5,pbks,caught,true,false,false
1175359,2,false,b17e2f24,pbks,caught,true,false,false
1175359,2,false,8cf9814c,pbks,caught,true,false,false
1175360,1,false,4329fbb5,csk,caught,true,false,false
1175360,1,false,1abb78f8,csk,caught,true,false,false
1175360,1,false,1dc12ab9,csk,caught,true,false,false
1175360,1,false,1abb78f8,csk,caught,true,false,false
1175360,2,false,85ec8e33,dc,caught,true,false,false
1175360,2,false,919a3be2,dc,stumped,false,true,false
1175360,2,false,919a3be2,dc,caught,true,false,false
1175360,2,false,919a3be2,dc,caught,true,false,false
1175361,1,false,d67d5f00,pbks,caught,true,false,false
1175361,1,false,b17e2f24,pbks,caught,true,false,false
1175361,1,false,00ea847a,pbks,caught,true,false,false
1175361,1,false,00ea847a,pbks,caught,true,false,false
1175361,2,false,8d2c70ad,kkr,caught,true,false,false
1175361,2,false,85e0cf10,kkr,caught,true,false,false
1175361,2,false,c03f1114,kkr,caught,true,false,false
1175362,1,false,2f49c897,rcb,caught,true,false,false
1175362,1,false,2f49c897,rcb,caught,true,false,false
1175362,1,false,bb351c23,rcb,caught,true,false,false
1175362,1,false,48a1d7b7,rcb,caught,true,false,false
1175362,1,false,21d4e29b,rcb,caught,true,false,false
1175362,1,false,b5da6c24,rcb,caught,true,false,false
1175362,2,false,dbe50b21,mi,caught,true,false,false
1175362,2,false,dbe50b21,mi,caught,true,false,false
1175362,2,false,5b8c830e,mi,caught,true,false,false
1175363,1,false,93b4fc78,srh,caught,true,false,false
1175363,2,false,d2a989fc,rr,caught,true,false,false
1175363,2,false,d2a989fc,rr,caught,true,false,false
1175363,2,false,77255a9e,rr,caught,true,false,false
1175363,2,false,8ac93ca2,rr,caught,true,false,false
1175364,1,false,8cf9814c,pbks,caught,true,false,false
1175364,1,false,00ea847a,pbks,caught,true,false,false
1175364,1,false,e2db2409,pbks,caught,true,false,false
1175364,1,false,c3a96caf,pbks,caught,true,false,false
1175365,1,false,919a3be2,dc,caught,true,false,false
1175365,1,false,e62dd25d,dc,caught,true,false,false
1175365,1,false,39a2dfa8,dc,caught,true,false,false
1175365,1,false,919a3be2,dc,caught,true,false,false
1175365,2,false,bbd41817,kkr,caught,true,false,false
1175365,2,false,b4b99816,kkr,caught,true,false,false
1175365,2,false,98ae73b1,kkr,caught,true,false,false
1175365,2,false,c03f1114,kkr,caught,true,false,false
1175365,2,false,b4b99816,kkr,caught,true,false,false
1175365,3,true,98ae73b1,kkr,caught,true,false,false
1175366,1,false,cc1e8c68,rcb,caught,true,false,false
1175366,2,false,93b4fc78,srh,caught,true,false,false
1175366,2,false,abb83e27,srh,stumped,false,true,false
1175366,2,false,dcce6f09,srh,caught,true,false,false
1175366,2,false,73ad96ed,srh,caught,true,false,false
1175366,2,false,73ad96ed,srh,caught,true,false,false
1175366,2,false,73ad96ed,srh,caught,true,false,false
1175367,1,false,99b75528,rr,caught,true,false,false
1175367,1,false,5574750c,rr,caught,true,false,false
1175367,1,false,99b75528,rr,caught,true,false,false
1175367,1,false,d2a989fc,rr,caught,true,false,false
1175367,2,false,fe93fd9d,csk,caught,true,false,false
1175367,2,false,1dc12ab9,csk,caught,true,false,false
1175367,2,false,87e562a9,csk,caught,true,false,false
1175367,2,false,faa7365d,csk,caught,true,false,false
1175367,2,false,1dc12ab9,csk,caught,true,false,false
1175367,2,false,1dc12ab9,csk,caught,true,false,false
1175367,2,false,acee4cc4,csk,caught,true,false,false
1175368,1,false,919a3be2,dc,caught,true,false,false
1175368,1,false,919a3be2,dc,caught,true,false,false
1175368,1,false,fb66ce1f,dc,caught,true,false,false
1175368,1,false,eef2536f,dc,caught,true,false,false
1175368,2,false,b17e2f24,pbks,caught,true,false,false
1175368,2,false,944533a5,pbks,caught,true,false,false
1175368,2,false,b17e2f24,pbks,caught,true,false,false
1175369,1,false,99b75528,rr,caught,true,false,false
1175369,1,false,29e95537,rr,caught,true,false,false
1175369,2,false,d9273ee7,rcb,caught,true,false,false
1175369,2,false,cc1e8c68,rcb,caught,true,false,false
1175370,1,false,99d63244,csk,caught,true,false,false
1175370,1,false,4a8a2e3b,csk,caught,true,false,false
1175370,1,false,70d205c9,csk,caught,true,false,false
1175370,1,false,fe93fd9d,csk,caught,true,false,false
1175370,1,false,fe93fd9d,csk,caught,true,false,false
1175370,2,false,372455c4,mi,caught,true,false,false
1175370,2,false,a757b0d8,mi,caught,true,false,false
1175370,2,false,a757b0d8,mi,caught,true,false,false
1175370,2,false,271f83cd,mi,caught,true,false,false
1175370,2,false,372455c4,mi,caught,true,false,false
1175370,2,false,372455c4,mi,caught,true,false,false
1175370,2,false,372455c4,mi,caught,true,false,false
1175370,2,false,462411b3,mi,caught,true,false,false
1175371,1,false,ce820073,srh,caught,true,false,false
1175371,1,false,73ad96ed,srh,caught,true,false,false
1175371,1,false,62af8546,srh,caught,true,false,false
1175371,1,false,93b4fc78,srh,caught,true,false,false
1175371,1,false,62af8546,srh,caught,true,false,false
1175371,1,false,2e81a32d,srh,caught,true,false,false
1175371,2,false,fb66ce1f,dc,caught,true,false,false
1175371,2,false,8b3e9c7c,dc,caught,true,false,false
1175371,2,false,85ec8e33,dc,caught,true,false,false
1175371,2,false,e62dd25d,dc,caught,true,false,false
1175372,1,false,b4b99816,kkr,caught,true,false,false
1175372,2,false,f62772e5,rcb,caught,true,false,false
1175372,2,false,13c35c9e,rcb,caught,true,false,false
1175372,2,false,235c2bb6,rcb,caught,true,false,false
1175372,2,false,57ee1fde,rcb,caught,true,false,false
1178393,1,false,e94915e6,pbks,caught,true,false,false
1178393,1,false,d67d5f00,pbks,caught,true,false,false
1178393,2,false,4a8a2e3b,csk,caught,true,false,false
1178393,2,false,3355b542,csk,caught,true,false,false
1178393,2,false,fe93fd9d,csk,caught,true,false,false
1178393,2,false,3355b542,csk,caught,true,false,false
1178394,1,false,73ad96ed,srh,caught,true,false,false
1178394,1,false,73ad96ed,srh,caught,true,false,false
1178394,1,false,abb83e27,srh,caught,true,false,false
1178394,1,false,0994d0ae,srh,caught,true,false,false
1178394,1,false,abb83e27,srh,caught,true,false,false
1178394,2,false,462411b3,mi,caught,true,false,false
1178394,2,false,dbe50b21,mi,caught,true,false,false
1178394,2,false,740742ef,mi,caught,true,false,false
1178394,2,false,752f7486,mi,caught,true,false,false
1178394,2,false,740742ef,mi,caught,true,false,false
1178394,2,false,372455c4,mi,caught,true,false,false
1178395,1,false,b410bd3d,dc,caught,true,false,false
1178395,1,false,c995d726,dc,caught,true,false,false
1178395,1,false,39a2dfa8,dc,caught,true,false,false
1178395,1,false,919a3be2,dc,stumped,false,true,false
1178395,1,false,85ec8e33,dc,caught,true,false,false
1178395,1,false,919a3be2,dc,caught,true,false,false
1178395,1,false,919a3be2,dc,caught,true,false,false
1178395,2,false,21d4e29b,rcb,caught,true,false,false
1178395,2,false,f10e94c4,rcb,caught,true,false,false
1178395,2,false,57ee1fde,rcb,caught,true,false,false
1178395,2,false,c4487b84,rcb,caught,true,false,false
1178395,2,false,13c35c9e,rcb,caught,true,false,false
1178396,1,false,b4b99816,kkr,caught,true,false,false
1178396,1,false,98ae73b1,kkr,caught,true,false,false
1178396,2,false,30a45b23,rr,caught,true,false,false
1178396,2,false,ade90de7,rr,caught,true,false,false
1178397,1,false,495d42a5,pbks,caught,true,false,false
1178397,1,false,b17e2f24,pbks,caught,true,false,false
1178397,1,false,944533a5,pbks,caught,true,false,false
1178397,2,false,73ad96ed,srh,caught,true,false,false
1178397,2,false,0994d0ae,srh,caught,true,false,false
1178397,2,false,73ad96ed,srh,caught,true,false,false
1178397,2,false,73ad96ed,srh,caught,true,false,false
1178398,1,false,23eeb873,csk,caught,true,false,false
1178398,1,false,70d205c9,csk,caught,true,false,false
1178398,1,false,99d63244,csk,caught,true,false,false
1178398,1,false,8b5b6769,csk,caught,true,false,false
1178398,1,false,4a8a2e3b,csk,stumped,false,true,false
1178398,1,false,4a8a2e3b,csk,stumped,false,true,false
1178398,1,false,8b5b6769,csk,caught,true,false,false
1178398,2,false,98ae73b1,kkr,caught,true,false,false
1178398,2,false,98ae73b1,kkr,caught,true,false,false
1178398,2,false,fb2d1dda,kkr,caught,true,false,false
1178399,1,false,5b8c830e,mi,caught,true,false,false
1178399,1,false,372455c4,mi,caught,true,false,false
1178399,1,false,2ed569a0,mi,caught,true,false,false
1178399,1,false,372455c4,mi,caught,true,false,false
1178399,2,false,32198ae0,pbks,caught,true,false,false
1178399,2,false,d67d5f00,pbks,caught,true,false,false
1178399,2,false,d67d5f00,pbks,caught,true,false,false
1178399,2,false,d67d5f00,pbks,caught,true,false,false
1178399,2,false,d67d5f00,pbks,caught,true,false,false
1178400,1,false,70d205c9,csk,caught,true,false,false
1178400,1,false,faa7365d,csk,caught,true,false,false
1178400,1,false,99d63244,csk,caught,true,false,false
1178400,1,false,70d205c9,csk,caught,true,false,false
1178400,1,false,4a8a2e3b,csk,caught,true,false,false
1178400,2,false,77255a9e,rr,caught,true,false,false
1178400,2,false,e087956b,rr,caught,true,false,false
1178400,2,false,7a8bd078,rr,caught,true,false,false
1178401,1,false,919a3be2,dc,caught,true,false,false
1178401,1,false,2e171977,dc,caught,true,false,false
1178401,1,false,0a476045,dc,caught,true,false,false
1178401,1,false,e62dd25d,dc,caught,true,false,false
1178401,1,false,39a2dfa8,dc,caught,true,false,false
1178401,2,false,c03f1114,kkr,caught,true,false,false
1178401,2,false,c03f1114,kkr,caught,true,false,false
1178401,2,false,8d2c70ad,kkr,caught,true,false,false
1178402,1,false,99b75528,rr,caught,true,false,false
1178402,1,false,7a8bd078,rr,caught,true,false,false
1178402,1,false,99b75528,rr,caught,true,false,false
1178402,1,false,99b75528,rr,caught,true,false,false
1178402,2,false,271f83cd,mi,caught,true,false,false
1178402,2,false,271f83cd,mi,caught,true,false,false
1178402,2,false,752f7486,mi,caught,true,false,false
1178403,1,false,b5da6c24,rcb,stumped,false,true,false
1178403,1,false,b5da6c24,rcb,caught,true,false,false
1178403,2,false,00ea847a,pbks,caught,true,false,false
1178403,2,false,e2db2409,pbks,caught,true,false,false
1178404,1,false,3355b542,csk,caught,true,false,false
1178404,1,false,3355b542,csk,caught,true,false,false
1178404,1,false,3355b542,csk,caught,true,false,false
1178404,1,false,1abb78f8,csk,caught,true,false,false
1178404,1,false,faa7365d,csk,caught,true,false,false
1178404,1,false,3355b542,csk,caught,true,false,false
1178404,1,false,fe93fd9d,csk,caught,true,false,false
1178404,2,false,1c17e270,kkr,caught,true,false,false
1178405,1,false,abb83e27,srh,caught,true,false,false
1178405,1,false,2e81a32d,srh,caught,true,false,false
1178405,1,false,abb83e27,srh,caught,true,false,false
1178405,1,false,abb83e27,srh,caught,true,false,false
1178405,1,false,73ad96ed,srh,caught,true,false,false
1178405,2,false,e62dd25d,dc,caught,true,false,false
1178405,2,false,e62dd25d,dc,caught,true,false,false
1178405,2,false,2e171977,dc,caught,true,false,false
1178405,2,false,85ec8e33,dc,caught,true,false,false
1178405,2,false,919a3be2,dc,caught,true,false,false
1178405,2,false,75224f22,dc,caught,true,false,false
1178405,2,false,75224f22,dc,caught,true,false,false
1178406,1,false,372455c4,mi,caught,true,false,false
1178406,1,false,271f83cd,mi,caught,true,false,false
1178406,1,false,dbe50b21,mi,caught,true,false,false
1178406,1,false,740742ef,mi,caught,true,false,false
1178406,1,false,372455c4,mi,caught,true,false,false
1178406,1,false,372455c4,mi,caught,true,false,false
1178406,2,false,b5da6c24,rcb,stumped,false,true,false
1178406,2,false,21d4e29b,rcb,caught,true,false,false
1178406,2,false,b4296080,rcb,caught,true,false,false
1178407,1,false,a4cc73aa,rr,caught,true,false,false
1178407,1,false,5574750c,rr,caught,true,false,false
1178407,1,false,5574750c,rr,caught,true,false,false
1178407,1,false,29e95537,rr,caught,true,false,false
1178407,1,false,99b75528,rr,caught,true,false,false
1178407,2,false,3241e3fd,pbks,caught,true,false,false
1178407,2,false,00ea847a,pbks,caught,true,false,false
1178407,2,false,d67d5f00,pbks,caught,true,false,false
1178407,2,false,b17e2f24,pbks,caught,true,false,false
1178407,2,false,8cf9814c,pbks,caught,true,false,false
1178407,2,false,00ea847a,pbks,caught,true,false,false
1178408,1,false,abb83e27,srh,caught,true,false,false
1178408,1,false,0994d0ae,srh,caught,true,false,false
1178408,2,false,3355b542,csk,caught,true,false,false
1178408,2,false,c16d4035,csk,caught,true,false,false
1178408,2,false,3355b542,csk,caught,true,false,false
1178409,1,false,919a3be2,dc,caught,true,false,false
1178409,1,false,919a3be2,dc,caught,true,false,false
1178409,2,false,dbe50b21,mi,caught,true,false,false
1178409,2,false,dbe50b21,mi,caught,true,false,false
1178409,2,false,a757b0d8,mi,caught,true,false,false
1178410,1,false,fb2d1dda,kkr,caught,true,false,false
1178410,1,false,1c17e270,kkr,caught,true,false,false
1178410,1,false,85e0cf10,kkr,caught,true,false,false
1178410,1,false,b4b99816,kkr,caught,true,false,false
1178410,2,false,ba607b88,rcb,caught,true,false,false
1178410,2,false,b5da6c24,rcb,caught,true,false,false
1178410,2,false,ba607b88,rcb,caught,true,false,false
1178410,2,false,f62772e5,rcb,caught,true,false,false
1178411,1,false,d2a989fc,rr,caught,true,false,false
1178411,1,false,e087956b,rr,caught,true,false,false
1178411,2,false,271f83cd,mi,caught,true,false,false
1178411,2,false,a757b0d8,mi,caught,true,false,false
1178412,1,false,919a3be2,dc,stumped,false,true,false
1178412,1,false,d014d5ac,dc,caught,true,false,false
1178412,1,false,8b3e9c7c,dc,caught,true,false,false
1178412,1,false,2e171977,dc,caught,true,false,false
1178412,1,false,919a3be2,dc,stumped,false,true,false
1178412,1,false,85ec8e33,dc,caught,true,false,false
1178412,2,false,495d42a5,pbks,caught,true,false,false
1178412,2,false,e94915e6,pbks,caught,true,false,false
1178413,1,false,0994d0ae,srh,caught,true,false,false
1178413,1,false,abb83e27,srh,caught,true,false,false
1178413,1,false,5f547c8b,srh,caught,true,false,false
1178413,1,false,d027ba9f,srh,caught,true,false,false
1178413,1,false,5f547c8b,srh,caught,true,false,false
1178413,1,false,abb83e27,srh,caught,true,false,false
1178414,1,false,4a8a2e3b,csk,caught,true,false,false
1178414,1,false,3355b542,csk,caught,true,false,false
1178414,1,false,3355b542,csk,caught,true,false,false
1178414,1,false,4329fbb5,csk,caught,true,false,false
1178414,1,false,faa7365d,csk,caught,true,false,false
1178414,1,false,70d205c9,csk,caught,true,false,false
1178414,1,false,1abb78f8,csk,caught,true,false,false
1178414,2,false,d9273ee7,rcb,caught,true,false,false
1178414,2,false,c4487b84,rcb,caught,true,false,false
1178414,2,false,c4487b84,rcb,caught,true,false,false
1178414,2,false,b5da6c24,rcb,caught,true,false,false
1178415,1,false,fb66ce1f,dc,caught,true,false,false
1178415,1,false,85ec8e33,dc,caught,true,false,false
1178415,1,false,d014d5ac,dc,caught,true,false,false
1178415,2,false,a4cc73aa,rr,stumped,false,true,false
1178415,2,false,e087956b,rr,caught,true,false,false
1178415,2,false,04a418e8,rr,caught,true,false,false
1178415,2,false,04a418e8,rr,caught,true,false,false
1178416,1,false,4a8a2e3b,csk,caught,true,false,false
1178416,1,false,4a8a2e3b,csk,stumped,false,true,false
1178416,1,false,fe93fd9d,csk,caught,true,false,false
1178416,2,false,abb83e27,srh,stumped,false,true,false
1178416,2,false,abb83e27,srh,caught,true,false,false
1178416,2,false,0994d0ae,srh,caught,true,false,false
1178417,1,false,c3a96caf,pbks,caught,true,false,false
1178417,1,false,c3a96caf,pbks,caught,true,false,false
1178417,2,false,c4487b84,rcb,caught,true,false,false
1178417,2,false,57ee1fde,rcb,caught,true,false,false
1178417,2,false,13c35c9e,rcb,caught,true,false,false
1178417,2,false,c4487b84,rcb,caught,true,false,false
1178417,2,false,c4487b84,rcb,caught,true,false,false
1178417,2,false,ba607b88,rcb,caught,true,false,false
1178417,2,false,b5da6c24,rcb,caught,true,false,false
1178418,1,false,0a3d54b9,rr,caught,true,false,false
1178418,1,false,04a418e8,rr,caught,true,false,false
1178418,1,false,29e95537,rr,caught,true,false,false
1178418,2,false,bbd41817,kkr,caught,true,false,false
1178418,2,false,0a509d6b,kkr,caught,true,false,false
1178418,2,false,b4b99816,kkr,caught,true,false,false
1178419,1,false,70d205c9,csk,caught,true,false,false
1178419,1,false,87e562a9,csk,caught,true,false,false
1178419,1,false,e4a0deae,csk,caught,true,false,false
1178419,1,false,4b57e452,csk,caught,true,false,false
1178419,2,false,2ed569a0,mi,caught,true,false,false
1178419,2,false,271f83cd,mi,caught,true,false,false
1178419,2,false,2ed569a0,mi,caught,true,false,false
1178419,2,false,271f83cd,mi,caught,true,false,false
1178419,2,false,5b8c830e,mi,caught,true,false,false
1178419,2,false,dbe50b21,mi,caught,true,false,false
1178419,2,false,a757b0d8,mi,caught,true,false,false
1178420,1,false,30a45b23,rr,caught,true,false,false
1178420,1,false,a4cc73aa,rr,caught,true,false,false
1178420,1,false,1e66c162,rr,caught,true,false,false
1178420,1,false,a4cc73aa,rr,caught,true,false,false
1178420,1,false,7a8bd078,rr,caught,true,false,false
1178420,1,false,1e66c162,rr,caught,true,false,false
1178420,2,false,fe11caa6,srh,caught,true,false,false
1178420,2,false,dcce6f09,srh,caught,true,false,false
1178420,2,false,dcf81436,srh,caught,true,false,false
1178421,1,false,b5da6c24,rcb,caught,true,false,false
1178421,1,false,f19ccfad,rcb,caught,true,false,false
1178421,1,false,ba607b88,rcb,caught,true,false,false
1178421,1,false,f19ccfad,rcb,caught,true,false,false
1178421,2,false,2e171977,dc,caught,true,false,false
1178421,2,false,d014d5ac,dc,caught,true,false,false
1178421,2,false,2e171977,dc,caught,true,false,false
1178421,2,false,919a3be2,dc,caught,true,false,false
1178421,2,false,0a476045,dc,caught,true,false,false
1178421,2,false,919a3be2,dc,caught,true,false,false
1178421,2,false,85ec8e33,dc,caught,true,false,false
1178422,1,false,0ebfb1ad,mi,caught,true,false,false
1178422,1,false,0ebfb1ad,mi,caught,true,false,false
1178422,2,false,bbd41817,kkr,caught,true,false,false
1178422,2,false,c03f1114,kkr,caught,true,false,false
1178422,2,false,c03f1114,kkr,caught,true,false,false
1178422,2,false,fb2d1dda,kkr,caught,true,false,false
1178422,2,false,bbd41817,kkr,caught,true,false,false
1178423,1,false,9418198b,pbks,caught,true,false,false
1178423,1,false,8cf9814c,pbks,caught,true,false,false
1178423,1,false,7d92277a,pbks,caught,true,false,false
1178423,1,false,e2db2409,pbks,caught,true,false,false
1178423,2,false,93b4fc78,srh,caught,true,false,false
1178423,2,false,0994d0ae,srh,caught,true,false,false
1178423,2,false,2e81a32d,srh,caught,true,false,false
1178423,2,false,0994d0ae,srh,caught,true,false,false
1178423,2,false,93b4fc78,srh,caught,true,false,false
1178423,2,false,d027ba9f,srh,caught,true,false,false
1178424,1,false,50c6bc2b,rr,caught,true,false,false
1178424,1,false,04a418e8,rr,caught,true,false,false
1178424,1,false,30a45b23,rr,caught,true,false,false
1178424,1,false,da934ee8,rr,caught,true,false,false
1178424,1,false,c6097d68,rr,caught,true,false,false
1178424,1,false,50c6bc2b,rr,caught,true,false,false
1178424,1,false,a4cc73aa,rr,caught,true,false,false
1178424,2,false,f62772e5,rcb,caught,true,false,false
1178425,1,false,2e171977,dc,caught,true,false,false
1178425,1,false,0a476045,dc,caught,true,false,false
1178425,1,false,0a476045,dc,caught,true,false,false
1178425,2,false,1dc12ab9,csk,caught,true,false,false
1178425,2,false,87e562a9,csk,caught,true,false,false
1178425,2,false,4329fbb5,csk,caught,true,false,false
1178425,2,false,23eeb873,csk,caught,true,false,false
1178425,2,false,4a8a2e3b,csk,stumped,false,true,false
1178425,2,false,4a8a2e3b,csk,stumped,false,true,false
1178425,2,false,4a8a2e3b,csk,caught,true,false,false
1178426,1,false,62af8546,srh,caught,true,false,false
1178426,1,false,5f547c8b,srh,caught,true,false,false
1178426,1,false,0994d0ae,srh,caught,true,false,false
1178426,1,false,62af8546,srh,caught,true,false,false
1178426,1,false,f29185a1,srh,caught,true,false,false
1178426,2,false,0ebfb1ad,mi,caught,true,false,false
1178426,2,false,a757b0d8,mi,caught,true,false,false
1178426,2,false,372455c4,mi,caught,true,false,false
1178426,2,false,271f83cd,mi,caught,true,false,false
1178427,1,false,45eda7c8,kkr,caught,true,false,false
1178427,1,false,b4b99816,kkr,caught,true,false,false
1178427,1,false,cdc6bdba,kkr,caught,true,false,false
1178427,1,false,1c17e270,kkr,caught,true,false,false
1178427,2,false,00ea847a,pbks,caught,true,false,false
1178427,2,false,7c7d63a2,pbks,caught,true,false,false
1178428,1,false,0a476045,dc,caught,true,false,false
1178428,1,false,919a3be2,dc,caught,true,false,false
1178428,1,false,919a3be2,dc,stumped,false,true,false
1178428,1,false,919a3be2,dc,caught,true,false,false
1178428,1,false,5bb1a1c4,dc,caught,true,false,false
1178428,1,false,6b19d823,dc,caught,true,false,false
1178428,1,false,d014d5ac,dc,caught,true,false,false
1178428,2,false,04a418e8,rr,caught,true,false,false
1178428,2,false,50c6bc2b,rr,caught,true,false,false
1178428,2,false,29e95537,rr,caught,true,false,false
1178428,2,false,50c6bc2b,rr,caught,true,false,false
1178429,1,false,cc1e8c68,rcb,caught,true,false,false
1178429,1,false,ba607b88,rcb,caught,true,false,false
1178429,1,false,48a1d7b7,rcb,caught,true,false,false
1178429,1,false,94d7f855,rcb,caught,true,false,false
1178429,1,false,cc1e8c68,rcb,caught,true,false,false
1178429,1,false,6eb146d2,rcb,caught,true,false,false
1178429,1,false,48a1d7b7,rcb,caught,true,false,false
1178429,2,false,93b4fc78,srh,caught,true,false,false
1178429,2,false,fe11caa6,srh,caught,true,false,false
1178429,2,false,2be41edb,srh,caught,true,false,false
1178429,2,false,0994d0ae,srh,caught,true,false,false
1178429,2,false,3c6ffae8,srh,caught,true,false,false
1178429,2,false,93b4fc78,srh,caught,true,false,false
1178430,1,false,8cf9814c,pbks,caught,true,false,false
1178430,1,false,c3a96caf,pbks,caught,true,false,false
1178430,2,false,acee4cc4,csk,caught,true,false,false
1178430,2,false,faa7365d,csk,caught,true,false,false
1178430,2,false,fe93fd9d,csk,caught,true,false,false
1178430,2,false,4a8a2e3b,csk,caught,true,false,false
1178431,1,false,372455c4,mi,caught,true,false,false
1178431,1,false,5b8c830e,mi,caught,true,false,false
1178431,1,false,372455c4,mi,caught,true,false,false
1178431,1,false,a757b0d8,mi,caught,true,false,false
1178431,1,false,740742ef,mi,caught,true,false,false
1178431,1,false,dbe50b21,mi,caught,true,false,false
1178431,2,false,c03f1114,kkr,caught,true,false,false
1181764,1,false,1399b39c,mi,caught,true,false,false
1181764,1,false,81049310,mi,caught,true,false,false
1181764,1,false,372455c4,mi,stumped,false,true,false
1181764,2,false,3355b542,csk,caught,true,false,false
1181766,1,false,85ec8e33,dc,caught,true,false,false
1181766,1,false,75224f22,dc,caught,true,false,false
1181766,1,false,d014d5ac,dc,caught,true,false,false
1181766,1,false,2e171977,dc,caught,true,false,false
1181766,1,false,2e171977,dc,caught,true,false,false
1181766,1,false,919a3be2,dc,caught,true,false,false
1181766,2,false,fe11caa6,srh,stumped,false,true,false
1181766,2,false,fe11caa6,srh,caught,true,false,false
1181766,2,false,0994d0ae,srh,caught,true,false,false
1181766,2,false,62af8546,srh,caught,true,false,false
1181766,2,false,62af8546,srh,caught,true,false,false
1181767,1,false,4a8a2e3b,csk,caught,true,false,false
1181767,1,false,87e562a9,csk,caught,true,false,false
1181767,1,false,1dc12ab9,csk,caught,true,false,false
1181767,1,false,acee4cc4,csk,caught,true,false,false
1181767,1,false,4329fbb5,csk,caught,true,false,false
1181767,1,false,87e562a9,csk,caught,true,false,false
1181767,2,false,75224f22,dc,caught,true,false,false
1181767,2,false,a818c1be,dc,caught,true,false,false
1181767,2,false,75224f22,dc,caught,true,false,false
1181768,1,false,4a8a2e3b,csk,caught,true,false,false
1181768,1,false,4a8a2e3b,csk,caught,true,false,false
1181768,1,false,1dc12ab9,csk,caught,true,false,false
1181768,1,false,3355b542,csk,caught,true,false,false
1181768,2,false,372455c4,mi,stumped,false,true,false
1181768,2,false,372455c4,mi,caught,true,false,false
1181768,2,false,372455c4,mi,caught,true,false,false
1216492,1,false,e94915e6,csk,caught,true,false,false
1216492,1,false,4329fbb5,csk,caught,true,false,false
1216492,1,false,e94915e6,csk,caught,true,false,false
1216492,1,false,3355b542,csk,caught,true,false,false
1216492,1,false,3355b542,csk,caught,true,false,false
1216492,1,false,4a8a2e3b,csk,caught,true,false,false
1216492,1,false,4a8a2e3b,csk,caught,true,false,false
1216492,1,false,3355b542,csk,caught,true,false,false
1216492,2,false,f752db61,mi,caught,true,false,false
1216493,1,false,ffe699c0,pbks,caught,true,false,false
1216493,1,false,00ea847a,pbks,caught,true,false,false
1216493,1,false,ffe699c0,pbks,caught,true,false,false
1216493,1,false,b17e2f24,pbks,caught,true,false,false
1216493,1,false,8cf9814c,pbks,caught,true,false,false
1216493,2,false,8b3e9c7c,dc,caught,true,false,false
1216493,2,false,85ec8e33,dc,caught,true,false,false
1216493,2,false,8b3e9c7c,dc,caught,true,false,false
1216493,2,false,919a3be2,dc,caught,true,false,false
1216493,2,false,48a1d7b7,dc,caught,true,false,false
1216493,2,false,e62dd25d,dc,caught,true,false,false
1216493,3,true,2e171977,dc,caught,true,false,false
1216494,1,false,c4487b84,rcb,caught,true,false,false
1216494,1,false,fb66ce1f,rcb,caught,true,false,false
1216494,1,false,c4487b84,rcb,caught,true,false,false
1216494,1,false,2c25d4f5,rcb,caught,true,false,false
1216494,1,false,6eb146d2,rcb,caught,true,false,false
1216494,2,false,c03f1114,kkr,caught,true,false,false
1216495,1,false,dcce6f09,srh,caught,true,false,false
1216495,1,false,fe11caa6,srh,stumped,false,true,false
1216495,1,false,d027ba9f,srh,caught,true,false,false
1216495,1,false,fe11caa6,srh,caught,true,false,false
1216495,1,false,bb965e9a,srh,caught,true,false,false
1216496,1,false,23eeb873,csk,caught,true,false,false
1216496,1,false,3355b542,csk,caught,true,false,false
1216496,1,false,4a8a2e3b,csk,caught,true,false,false
1216496,1,false,99d63244,csk,caught,true,false,false
1216496,2,false,e86754b2,rr,caught,true,false,false
1216496,2,false,a4cc73aa,rr,stumped,false,true,false
1216496,2,false,a4cc73aa,rr,stumped,false,true,false
1216496,2,false,a4cc73aa,rr,caught,true,false,false
1216496,2,false,a4cc73aa,rr,caught,true,false,false
1216497,1,false,2e171977,dc,caught,true,false,false
1216497,1,false,919a3be2,dc,caught,true,false,false
1216497,1,false,29e95537,dc,caught,true,false,false
1216497,1,false,46a9bea1,dc,caught,true,false,false
1216497,1,false,e62dd25d,dc,caught,true,false,false
1216497,2,false,b4b99816,kkr,caught,true,false,false
1216497,2,false,77255a9e,kkr,caught,true,false,false
1216497,2,false,b4f5c2d9,kkr,caught,true,false,false
1216497,2,false,77255a9e,kkr,caught,true,false,false
1216497,2,false,77255a9e,kkr,caught,true,false,false
1216497,2,false,d2a6c0e6,kkr,caught,true,false,false
1216498,1,false,5f547c8b,srh,caught,true,false,false
1216498,1,false,dcce6f09,srh,caught,true,false,false
1216498,1,false,dcce6f09,srh,caught,true,false,false
1216498,1,false,abb83e27,srh,stumped,false,true,false
1216498,1,false,a2f46292,srh,caught,true,false,false
1216498,2,false,b17e2f24,pbks,caught,true,false,false
1216498,2,false,ffe699c0,pbks,caught,true,false,false
1216498,2,false,4125d931,pbks,caught,true,false,false
1216498,2,false,b17e2f24,pbks,caught,true,false,false
1216498,2,false,c3a96caf,pbks,caught,true,false,false
1216498,2,false,3241e3fd,pbks,caught,true,false,false
1216498,2,false,e2db2409,pbks,caught,true,false,false
1216498,2,false,ffe699c0,pbks,caught,true,false,false
1216499,1,false,372455c4,mi,stumped,false,true,false
1216499,1,false,709b0bac,mi,caught,true,false,false
1216499,1,false,2ed569a0,mi,caught,true,false,false
1216499,1,false,271f83cd,mi,caught,true,false,false
1216499,1,false,a818c1be,mi,caught,true,false,false
1216499,1,false,f752db61,mi,caught,true,false,false
1216499,2,false,6eb146d2,rcb,caught,true,false,false
1216499,2,false,fb66ce1f,rcb,caught,true,false,false
1216499,2,false,2c25d4f5,rcb,caught,true,false,false
1216499,2,false,fb66ce1f,rcb,caught,true,false,false
1216499,2,false,2f49c897,rcb,caught,true,false,false
1216500,1,false,6c19c6e5,rr,caught,true,false,false
1216500,1,false,30a45b23,rr,caught,true,false,false
1216500,1,false,39a2dfa8,rr,caught,true,false,false
1216500,1,false,99b75528,rr,caught,true,false,false
1216500,1,false,39a2dfa8,rr,caught,true,false,false
1216500,2,false,0a476045,dc,caught,true,false,false
1216500,2,false,48a1d7b7,dc,caught,true,false,false
1216500,2,false,48a1d7b7,dc,caught,true,false,false
1216500,2,false,2e171977,dc,caught,true,false,false
1216500,2,false,e62dd25d,dc,caught,true,false,false
1216500,2,false,85ec8e33,dc,caught,true,false,false
1216500,2,false,48a1d7b7,dc,caught,true,false,false
1216500,2,false,919a3be2,dc,caught,true,false,false
1216501,1,false,4a8a2e3b,csk,caught,true,false,false
1216501,1,false,fe93fd9d,csk,caught,true,false,false
1216501,1,false,3355b542,csk,caught,true,false,false
1216501,1,false,4a8a2e3b,csk,caught,true,false,false
1216501,1,false,4a8a2e3b,csk,caught,true,false,false
1216501,1,false,4329fbb5,csk,caught,true,false,false
1216501,1,false,1abb78f8,csk,caught,true,false,false
1216501,1,false,3355b542,csk,caught,true,false,false
1216501,1,false,4a8a2e3b,csk,caught,true,false,false
1216501,2,false,c03f1114,kkr,caught,true,false,false
1216501,2,false,b4b99816,kkr,caught,true,false,false
1216501,2,false,d2a6c0e6,kkr,caught,true,false,false
1216502,1,false,d027ba9f,srh,caught,true,false,false
1216502,1,false,f29185a1,srh,caught,true,false,false
1216502,1,false,93b4fc78,srh,caught,true,false,false
1216502,1,false,dcce6f09,srh,caught,true,false,false
1216502,1,false,d027ba9f,srh,caught,true,false,false
1216502,2,false,ac5ae4af,rcb,caught,true,false,false
1216502,2,false,fb66ce1f,rcb,caught,true,false,false
1216502,2,false,c4487b84,rcb,stumped,false,true,false
1216502,2,false,ba607b88,rcb,caught,true,false,false
1216502,2,false,6eb146d2,rcb,caught,true,false,false
1216503,1,false,944533a5,pbks,caught,true,false,false
1216503,1,false,9219eff0,pbks,caught,true,false,false
1216503,2,false,372455c4,mi,caught,true,false,false
1216503,2,false,a818c1be,mi,caught,true,false,false
1216503,2,false,271f83cd,mi,caught,true,false,false
1216503,2,false,271f83cd,mi,caught,true,false,false
1216504,1,false,04a418e8,rr,caught,true,false,false
1216504,1,false,99b75528,rr,caught,true,false,false
1216504,1,false,1e66c162,rr,caught,true,false,false
1216504,1,false,a4cc73aa,rr,caught,true,false,false
1216504,2,false,c03f1114,kkr,caught,true,false,false
1216504,2,false,9d430b40,kkr,caught,true,false,false
1216504,2,false,5b7ab5a9,kkr,caught,true,false,false
1216504,2,false,c38d3503,kkr,caught,true,false,false
1216504,2,false,b4b99816,kkr,caught,true,false,false
1216504,2,false,c03f1114,kkr,caught,true,false,false
1216504,2,false,b4f5c2d9,kkr,caught,true,false,false
1216504,2,false,b4f5c2d9,kkr,caught,true,false,false
1216505,1,false,8b3e9c7c,dc,caught,true,false,false
1216505,1,false,d9273ee7,dc,caught,true,false,false
1216505,1,false,919a3be2,dc,caught,true,false,false
1216505,1,false,29e95537,dc,caught,true,false,false
1216505,1,false,85ec8e33,dc,caught,true,false,false
1216505,2,false,a4e37e47,rcb,caught,true,false,false
1216505,2,false,2f49c897,rcb,caught,true,false,false
1216505,2,false,a4e37e47,rcb,caught,true,false,false
1216506,1,false,4a8a2e3b,csk,caught,true,false,false
1216506,1,false,45a43fe2,csk,caught,true,false,false
1216506,2,false,b17e2f24,pbks,caught,true,false,false
1216507,1,false,a4cc73aa,rr,caught,true,false,false
1216507,1,false,39a2dfa8,rr,caught,true,false,false
1216507,2,false,abb83e27,srh,caught,true,false,false
1216507,2,false,abb83e27,srh,caught,true,false,false
1216508,1,false,aedc3b7c,kkr,caught,true,false,false
1216508,1,false,ded9240e,kkr,caught,true,false,false
1216508,1,false,ded9240e,kkr,caught,true,false,false
1216508,2,false,a757b0d8,mi,caught,true,false,false
1216508,2,false,372455c4,mi,caught,true,false,false
1216508,2,false,dbe50b21,mi,caught,true,false,false
1216508,2,false,372455c4,mi,caught,true,false,false
1216508,2,false,dbe50b21,mi,caught,true,false,false
1216508,2,false,dbe50b21,mi,caught,true,false,false
1216508,2,false,372455c4,mi,stumped,false,true,false
1216509,1,false,acdc62f5,dc,caught,true,false,false
1216509,1,false,0a476045,dc,caught,true,false,false
1216509,1,false,69d03465,dc,caught,true,false,false
1216509,2,false,e94915e6,csk,caught,true,false,false
1216509,2,false,3355b542,csk,caught,true,false,false
1216509,2,false,70d205c9,csk,caught,true,false,false
1216509,2,false,3355b542,csk,caught,true,false,false
1216510,1,false,c4487b84,rcb,caught,true,false,false
1216510,1,false,b8d490fd,rcb,caught,true,false,false
1216510,2,false,df064e1a,pbks,caught,true,false,false
1216510,2,false,df064e1a,pbks,caught,true,false,false
1216510,2,false,f088b960,pbks,caught,true,false,false
1216510,2,false,00ea847a,pbks,caught,true,false,false
1216511,1,false,99b75528,rr,caught,true,false,false
1216511,1,false,39a2dfa8,rr,caught,true,false,false
1216511,1,false,a4cc73aa,rr,caught,true,false,false
1216511,1,false,7a8bd078,rr,caught,true,false,false
1216511,2,false,372455c4,mi,caught,true,false,false
1216511,2,false,372455c4,mi,caught,true,false,false
1216511,2,false,740742ef,mi,caught,true,false,false
1216511,2,false,e4cdf230,mi,caught,true,false,false
1216511,2,false,a757b0d8,mi,caught,true,false,false
1216511,2,false,dbe50b21,mi,caught,true,false,false
1216511,2,false,372455c4,mi,caught,true,false,false
1216511,2,false,a757b0d8,mi,caught,true,false,false
1216511,2,false,740742ef,mi,caught,true,false,false
1216512,1,false,bb965e9a,srh,caught,true,false,false
1216512,1,false,bb965e9a,srh,caught,true,false,false
1216512,1,false,0994d0ae,srh,caught,true,false,false
1216512,1,false,93b4fc78,srh,caught,true,false,false
1216512,2,false,fb2d1dda,kkr,caught,true,false,false
1216512,2,false,bbd41817,kkr,caught,true,false,false
1216512,2,false,b4b99816,kkr,caught,true,false,false
1216512,2,false,b4b99816,kkr,caught,true,false,false
1216513,1,false,e94915e6,csk,caught,true,false,false
1216513,1,false,70d205c9,csk,caught,true,false,false
1216513,1,false,fe93fd9d,csk,caught,true,false,false
1216513,1,false,4a8a2e3b,csk,caught,true,false,false
1216514,1,false,2c25d4f5,rcb,caught,true,false,false
1216514,1,false,ac5ae4af,rcb,caught,true,false,false
1216514,1,false,b8d490fd,rcb,caught,true,false,false
1216514,1,false,2c25d4f5,rcb,caught,true,false,false
1216515,1,false,d2a6c0e6,kkr,caught,true,false,false
1216515,1,false,b4b99816,kkr,caught,true,false,false
1216515,1,false,c38d3503,kkr,caught,true,false,false
1216515,1,false,5b7ab5a9,kkr,caught,true,false,false
1216515,2,false,919a3be2,dc,caught,true,false,false
1216515,2,false,acdc62f5,dc,caught,true,false,false
1216515,2,false,2e171977,dc,caught,true,false,false
1216515,2,false,0a476045,dc,caught,true,false,false
1216515,2,false,f986ca1a,dc,caught,true,false,false
1216515,2,false,48a1d7b7,dc,caught,true,false,false
1216516,1,false,e94915e6,csk,caught,true,false,false
1216516,1,false,3355b542,csk,caught,true,false,false
1216516,1,false,4a8a2e3b,csk,caught,true,false,false
1216516,2,false,dcce6f09,srh,caught,true,false,false
1216516,2,false,8e514b4c,srh,caught,true,false,false
1216517,1,false,e2db2409,pbks,caught,true,false,false
1216517,1,false,e2db2409,pbks,caught,true,false,false
1216517,1,false,73ad96ed,pbks,caught,true,false,false
1216517,1,false,3241e3fd,pbks,caught,true,false,false
1216517,1,false,00ea847a,pbks,caught,true,false,false
1216517,2,false,a818c1be,mi,caught,true,false,false
1216517,2,false,56ab442f,mi,caught,true,false,false
1216517,2,false,740742ef,mi,caught,true,false,false
1216517,3,true,e4cdf230,mi,caught,true,false,false
1216518,1,false,9d80c5e1,srh,caught,true,false,false
1216518,1,false,93b4fc78,srh,caught,true,false,false
1216518,1,false,dcce6f09,srh,caught,true,false,false
1216518,2,false,e087956b,rr,caught,true,false,false
1216519,1,false,c4487b84,rcb,caught,true,false,false
1216519,1,false,bb351c23,rcb,caught,true,false,false
1216519,1,false,2c25d4f5,rcb,caught,true,false,false
1216519,2,false,d9273ee7,dc,caught,true,false,false
1216519,2,false,919a3be2,dc,caught,true,false,false
1216519,2,false,0a476045,dc,caught,true,false,false
1216519,2,false,48a1d7b7,dc,caught,true,false,false
1216519,2,false,919a3be2,dc,caught,true,false,false
1216519,2,false,495d42a5,dc,caught,true,false,false
1216519,2,false,85ec8e33,dc,caught,true,false,false
1216520,1,false,db584dad,pbks,caught,true,false,false
1216520,1,false,b17e2f24,pbks,caught,true,false,false
1216520,1,false,b17e2f24,pbks,caught,true,false,false
1216520,1,false,e2db2409,pbks,caught,true,false,false
1216520,1,false,3241e3fd,pbks,caught,true,false,false
1216520,2,false,85e0cf10,kkr,caught,true,false,false
1216521,1,false,372455c4,mi,caught,true,false,false
1216521,1,false,271f83cd,mi,caught,true,false,false
1216521,1,false,372455c4,mi,caught,true,false,false
1216521,1,false,5b8c830e,mi,caught,true,false,false
1216521,1,false,372455c4,mi,caught,true,false,false
1216521,1,false,372455c4,mi,stumped,false,true,false
1216521,1,false,271f83cd,mi,caught,true,false,false
1216522,1,false,c4487b84,rcb,caught,true,false,false
1216522,1,false,b8d490fd,rcb,caught,true,false,false
1216522,1,false,fb66ce1f,rcb,caught,true,false,false
1216522,1,false,21d4e29b,rcb,caught,true,false,false
1216522,1,false,f9e6e7ef,rcb,caught,true,false,false
1216522,2,false,1c17e270,rr,caught,true,false,false
1216522,2,false,e087956b,rr,caught,true,false,false
1216522,2,false,39a2dfa8,rr,caught,true,false,false
1216523,1,false,b681e71e,pbks,caught,true,false,false
1216523,1,false,9418198b,pbks,caught,true,false,false
1216523,2,false,b4b99816,kkr,caught,true,false,false
1216523,2,false,fb2d1dda,kkr,caught,true,false,false
1216523,2,false,19b9f399,kkr,caught,true,false,false
1216524,1,false,2e171977,dc,caught,true,false,false
1216524,1,false,85ec8e33,dc,caught,true,false,false
1216524,2,false,dcce6f09,srh,caught,true,false,false
1216524,2,false,dcce6f09,srh,caught,true,false,false
1216524,2,false,d027ba9f,srh,caught,true,false,false
1216524,2,false,bb965e9a,srh,caught,true,false,false
1216524,2,false,541f85c9,srh,caught,true,false,false
1216524,2,false,8e514b4c,srh,caught,true,false,false
1216524,2,false,bb965e9a,srh,caught,true,false,false
1216525,1,false,3355b542,csk,caught,true,false,false
1216525,1,false,4a8a2e3b,csk,caught,true,false,false
1216525,1,false,4a8a2e3b,csk,caught,true,false,false
1216525,2,false,fb66ce1f,rcb,caught,true,false,false
1216525,2,false,6eb146d2,rcb,caught,true,false,false
1216525,2,false,c4487b84,rcb,caught,true,false,false
1216525,2,false,2c25d4f5,rcb,caught,true,false,false
1216525,2,false,6eb146d2,rcb,caught,true,false,false
1216526,1,false,271f83cd,mi,caught,true,false,false
1216526,1,false,372455c4,mi,caught,true,false,false
1216526,1,false,a757b0d8,mi,caught,true,false,false
1216526,1,false,372455c4,mi,caught,true,false,false
1216526,2,false,c03f1114,kkr,caught,true,false,false
1216527,1,false,a4cc73aa,rr,caught,true,false,false
1216527,1,false,7a8bd078,rr,caught,true,false,false
1216527,2,false,f088b960,pbks,caught,true,false,false
1216527,2,false,8cf9814c,pbks,caught,true,false,false
1216527,2,false,b17e2f24,pbks,caught,true,false,false
1216527,2,false,3241e3fd,pbks,caught,true,false,false
1216527,2,false,00ea847a,pbks,caught,true,false,false
1216528,1,false,abb83e27,srh,caught,true,false,false
1216528,1,false,dcce6f09,srh,caught,true,false,false
1216528,1,false,93b4fc78,srh,caught,true,false,false
1216528,1,false,d027ba9f,srh,caught,true,false,false
1216528,2,false,fe93fd9d,csk,caught,true,false,false
1216528,2,false,fe93fd9d,csk,caught,true,false,false
1216528,2,false,1abb78f8,csk,caught,true,false,false
1216529,1,false,5b8c830e,mi,caught,true,false,false
1216529,1,false,a818c1be,mi,caught,true,false,false
1216529,2,false,e62dd25d,dc,caught,true,false,false
1216529,2,false,8b3e9c7c,dc,caught,true,false,false
1216529,2,false,85ec8e33,dc,caught,true,false,false
1216529,2,false,69d03465,dc,caught,true,false,false
1216529,2,false,2e171977,dc,caught,true,false,false
1216530,1,false,a4cc73aa,rr,caught,true,false,false
1216530,1,false,99b75528,rr,caught,true,false,false
1216530,1,false,e087956b,rr,caught,true,false,false
1216530,1,false,1c17e270,rr,caught,true,false,false
1216530,1,false,30a45b23,rr,caught,true,false,false
1216530,1,false,d67d5f00,rr,caught,true,false,false
1216530,1,false,a4cc73aa,rr,caught,true,false,false
1216530,2,false,b4f5c2d9,kkr,caught,true,false,false
1216530,2,false,c03f1114,kkr,caught,true,false,false
1216530,2,false,c03f1114,kkr,caught,true,false,false
1216530,2,false,c03f1114,kkr,caught,true,false,false
1216530,2,false,ded9240e,kkr,caught,true,false,false
1216530,2,false,c03f1114,kkr,caught,true,false,false
1216530,2,false,c38d3503,kkr,caught,true,false,false
1216531,1,false,3241e3fd,pbks,caught,true,false,false
1216531,1,false,ffe699c0,pbks,caught,true,false,false
1216531,1,false,b17e2f24,pbks,caught,true,false,false
1216531,1,false,73ad96ed,pbks,caught,true,false,false
1216531,1,false,b17e2f24,pbks,caught,true,false,false
1216532,1,false,919a3be2,dc,caught,true,false,false
1216532,1,false,e62dd25d,dc,caught,true,false,false
1216532,1,false,acdc62f5,dc,caught,true,false,false
1216532,1,false,2e171977,dc,caught,true,false,false
1216532,2,false,abb83e27,srh,caught,true,false,false
1216532,2,false,8e514b4c,srh,caught,true,false,false
1216532,2,false,abb83e27,srh,caught,true,false,false
1216532,2,false,93b4fc78,srh,caught,true,false,false
1216532,2,false,bb965e9a,srh,caught,true,false,false
1216533,1,false,99b75528,rr,caught,true,false,false
1216533,1,false,39a2dfa8,rr,caught,true,false,false
1216533,1,false,99b75528,rr,caught,true,false,false
1216533,1,false,a4cc73aa,rr,caught,true,false,false
1216533,2,false,4a8a2e3b,csk,caught,true,false,false
1216533,2,false,4a8a2e3b,csk,caught,true,false,false
1216534,1,false,5f547c8b,srh,caught,true,false,false
1216534,2,false,21d4e29b,rcb,caught,true,false,false
1216534,2,false,ba607b88,rcb,caught,true,false,false
1216534,2,false,ba607b88,rcb,caught,true,false,false
1216535,1,false,271f83cd,mi,caught,true,false,false
1216535,1,false,372455c4,mi,caught,true,false,false
1216535,1,false,372455c4,mi,stumped,false,true,false
1216535,1,false,372455c4,mi,caught,true,false,false
1216535,1,false,5b8c830e,mi,caught,true,false,false
1216535,1,false,5b8c830e,mi,caught,true,false,false
1216536,1,false,fe93fd9d,csk,caught,true,false,false
1216536,1,false,70d205c9,csk,caught,true,false,false
1216536,1,false,e94915e6,csk,caught,true,false,false
1216536,1,false,45a43fe2,csk,caught,true,false,false
1216536,2,false,0a509d6b,kkr,caught,true,false,false
1216536,2,false,9d430b40,kkr,caught,true,false,false
1216537,1,false,e087956b,rr,caught,true,false,false
1216537,1,false,39a2dfa8,rr,caught,true,false,false
1216537,1,false,39a2dfa8,rr,caught,true,false,false
1216537,2,false,73ad96ed,pbks,caught,true,false,false
1216537,2,false,3241e3fd,pbks,caught,true,false,false
1216538,1,false,abb83e27,srh,caught,true,false,false
1216538,1,false,ce794613,srh,caught,true,false,false
1216538,1,false,93b4fc78,srh,caught,true,false,false
1216538,2,false,dbe50b21,mi,caught,true,false,false
1216538,2,false,a757b0d8,mi,caught,true,false,false
1216538,2,false,372455c4,mi,caught,true,false,false
1216538,2,false,2ed569a0,mi,caught,true,false,false
1216538,2,false,752f7486,mi,caught,true,false,false
1216538,2,false,740742ef,mi,caught,true,false,false
1216539,1,false,4a8a2e3b,csk,stumped,false,true,false
1216539,1,false,4a8a2e3b,csk,caught,true,false,false
1216539,2,false,48a1d7b7,dc,caught,true,false,false
1216539,2,false,e62dd25d,dc,caught,true,false,false
1216539,2,false,919a3be2,dc,caught,true,false,false
1216539,2,false,919a3be2,dc,caught,true,false,false
1216539,2,false,6b19d823,dc,caught,true,false,false
1216540,2,false,ac5ae4af,rcb,caught,true,false,false
1216540,2,false,2f49c897,rcb,caught,true,false,false
1216540,2,false,2c25d4f5,rcb,caught,true,false,false
1216540,2,false,fb66ce1f,rcb,caught,true,false,false
1216541,1,false,5574750c,rr,caught,true,false,false
1216541,1,false,e087956b,rr,caught,true,false,false
1216541,1,false,e087956b,rr,caught,true,false,false
1216541,2,false,a757b0d8,mi,caught,true,false,false
1216542,1,false,b681e71e,pbks,caught,true,false,false
1216542,1,false,244048f6,pbks,caught,true,false,false
1216542,1,false,3241e3fd,pbks,caught,true,false,false
1216542,1,false,b681e71e,pbks,caught,true,false,false
1216542,2,false,bb965e9a,srh,caught,true,false,false
1216542,2,false,d027ba9f,srh,caught,true,false,false
1216542,2,false,abb83e27,srh,caught,true,false,false
1216542,2,false,ce794613,srh,caught,true,false,false
1216542,2,false,dcce6f09,srh,caught,true,false,false
1216543,1,false,1c17e270,rr,caught,true,false,false
1216543,1,false,5d2eea49,rr,caught,true,false,false
1216543,1,false,5574750c,rr,caught,true,false,false
1216543,1,false,39a2dfa8,rr,caught,true,false,false
1216543,1,false,5574750c,rr,caught,true,false,false
1216543,1,false,5d2eea49,rr,caught,true,false,false
1216543,2,false,ad427b5c,dc,caught,true,false,false
1216543,2,false,29e95537,dc,caught,true,false,false
1216543,2,false,ad427b5c,dc,caught,true,false,false
1216544,1,false,45a43fe2,csk,caught,true,false,false
1216544,1,false,45a43fe2,csk,caught,true,false,false
1216544,1,false,3355b542,csk,caught,true,false,false
1216544,1,false,e4a0deae,csk,caught,true,false,false
1216544,1,false,3355b542,csk,caught,true,false,false
1216544,2,false,2f49c897,rcb,caught,true,false,false
1216545,2,false,dcce6f09,srh,caught,true,false,false
1216545,2,false,fe11caa6,srh,caught,true,false,false
1216546,1,false,b681e71e,pbks,caught,true,false,false
1216546,1,false,b17e2f24,pbks,caught,true,false,false
1216546,1,false,00ea847a,pbks,caught,true,false,false
1216546,1,false,00ea847a,pbks,caught,true,false,false
1216546,2,false,caf69bf7,dc,caught,true,false,false
1216546,2,false,919a3be2,dc,caught,true,false,false
1216546,2,false,919a3be2,dc,caught,true,false,false
1216547,1,false,a757b0d8,mi,caught,true,false,false
1216547,1,false,740742ef,mi,caught,true,false,false
1216547,1,false,a757b0d8,mi,caught,true,false,false
1216547,2,false,f62772e5,rcb,caught,true,false,false
1216547,2,false,c4487b84,rcb,caught,true,false,false
1216547,2,false,f62772e5,rcb,caught,true,false,false
1216547,2,false,f62772e5,rcb,caught,true,false,false
1216547,2,false,2c25d4f5,rcb,caught,true,false,false
1216547,3,true,6eb146d2,rcb,caught,true,false,false
1237177,1,false,0a476045,dc,caught,true,false,false
1237177,1,false,caf69bf7,dc,caught,true,false,false
1237177,1,false,e62dd25d,dc,caught,true,false,false
1237177,1,false,caf69bf7,dc,caught,true,false,false
1237177,2,false,372455c4,mi,caught,true,false,false
1237177,2,false,740742ef,mi,caught,true,false,false
1237177,2,false,271f83cd,mi,caught,true,false,false
1237177,2,false,372455c4,mi,caught,true,false,false
1237177,2,false,2ed569a0,mi,caught,true,false,false
1237178,1,false,541f85c9,srh,caught,true,false,false
1237178,1,false,bb965e9a,srh,caught,true,false,false
1237178,1,false,8e514b4c,srh,caught,true,false,false
1237178,1,false,dcce6f09,srh,caught,true,false,false
1237178,1,false,8e514b4c,srh,caught,true,false,false
1237178,2,false,c4487b84,rcb,caught,true,false,false
1237178,2,false,c4487b84,rcb,caught,true,false,false
1237178,2,false,c4487b84,rcb,caught,true,false,false
1237178,2,false,14f96089,rcb,caught,true,false,false
1237180,1,false,93b4fc78,srh,caught,true,false,false
1237180,2,false,acdc62f5,dc,caught,true,false,false
1237180,2,false,ed5a5510,dc,caught,true,false,false
1237180,2,false,e62dd25d,dc,caught,true,false,false
1237180,2,false,75224f22,dc,caught,true,false,false
1237180,2,false,2e171977,dc,caught,true,false,false
1237180,2,false,d9273ee7,dc,caught,true,false,false
1237181,1,false,372455c4,mi,caught,true,false,false
1237181,1,false,372455c4,mi,caught,true,false,false
1237181,1,false,dbe50b21,mi,caught,true,false,false
1237181,1,false,56ab442f,mi,caught,true,false,false
1237181,1,false,e4cdf230,mi,caught,true,false,false
1237181,2,false,919a3be2,dc,caught,true,false,false
1237181,2,false,ad427b5c,dc,caught,true,false,false
1237181,2,false,29e95537,dc,caught,true,false,false
1254058,1,false,c4487b84,rcb,caught,true,false,false
1254058,1,false,2a2e6343,rcb,caught,true,false,false
1254058,1,false,f19ccfad,rcb,caught,true,false,false
1254058,2,false,45eda7c8,mi,caught,true,false,false
1254058,2,false,45eda7c8,mi,caught,true,false,false
1254058,2,false,5b8c830e,mi,caught,true,false,false
1254058,2,false,2ed569a0,mi,caught,true,false,false
1254059,1,false,0a476045,dc,caught,true,false,false
1254059,1,false,0a476045,dc,caught,true,false,false
1254059,1,false,0a476045,dc,caught,true,false,false
1254059,2,false,bb351c23,csk,caught,true,false,false
1254059,2,false,e94915e6,csk,caught,true,false,false
1254060,1,false,fe11caa6,srh,caught,true,false,false
1254060,1,false,93b4fc78,srh,caught,true,false,false
1254060,1,false,0994d0ae,srh,caught,true,false,false
1254060,1,false,8e514b4c,srh,caught,true,false,false
1254060,1,false,8e514b4c,srh,caught,true,false,false
1254060,2,false,c03f1114,kkr,caught,true,false,false
1254060,2,false,fb2d1dda,kkr,caught,true,false,false
1254060,2,false,d2a6c0e6,kkr,caught,true,false,false
1254060,2,false,d2a6c0e6,kkr,caught,true,false,false
1254061,1,false,a4cc73aa,rr,caught,true,false,false
1254061,1,false,e087956b,rr,caught,true,false,false
1254061,1,false,04a418e8,rr,caught,true,false,false
1254061,1,false,2cdce1be,rr,caught,true,false,false
1254061,1,false,39a2dfa8,rr,caught,true,false,false
1254061,1,false,fb66ce1f,rr,caught,true,false,false
1254061,2,false,73ad96ed,pbks,caught,true,false,false
1254061,2,false,b17e2f24,pbks,caught,true,false,false
1254061,2,false,b17e2f24,pbks,caught,true,false,false
1254061,2,false,73ad96ed,pbks,caught,true,false,false
1254062,1,false,77255a9e,kkr,caught,true,false,false
1254062,1,false,b4b99816,kkr,caught,true,false,false
1254062,1,false,85e0cf10,kkr,caught,true,false,false
1254062,1,false,bbd41817,kkr,caught,true,false,false
1254062,1,false,c03f1114,kkr,caught,true,false,false
1254062,1,false,ded9240e,kkr,caught,true,false,false
1254062,1,false,85e0cf10,kkr,caught,true,false,false
1254062,1,false,7dc35884,kkr,caught,true,false,false
1254062,1,false,b4b99816,kkr,caught,true,false,false
1254062,2,false,a757b0d8,mi,caught,true,false,false
1254062,2,false,372455c4,mi,caught,true,false,false
1254062,2,false,81c36ee9,mi,caught,true,false,false
1254062,2,false,372455c4,mi,stumped,false,true,false
1254062,2,false,271f83cd,mi,caught,true,false,false
1254063,1,false,9d80c5e1,srh,caught,true,false,false
1254063,1,false,5f547c8b,srh,caught,true,false,false
1254063,1,false,0994d0ae,srh,caught,true,false,false
1254063,1,false,dcce6f09,srh,caught,true,false,false
1254063,1,false,93b4fc78,srh,caught,true,false,false
1254063,1,false,fe11caa6,srh,caught,true,false,false
1254063,1,false,93b4fc78,srh,caught,true,false,false
1254063,1,false,fe11caa6,srh,caught,true,false,false
1254063,2,false,b681e71e,rcb,caught,true,false,false
1254063,2,false,2a2e6343,rcb,caught,true,false,false
1254063,2,false,c4487b84,rcb,caught,true,false,false
1254063,2,false,f986ca1a,rcb,caught,true,false,false
1254063,2,false,ba607b88,rcb,caught,true,false,false
1254063,2,false,2a2e6343,rcb,caught,true,false,false
1254063,2,false,f9e6e7ef,rcb,caught,true,false,false
1254064,1,false,d67d5f00,rr,caught,true,false,false
1254064,1,false,a4cc73aa,rr,caught,true,false,false
1254064,1,false,99b75528,rr,caught,true,false,false
1254064,1,false,39a2dfa8,rr,caught,true,false,false
1254064,2,false,e62dd25d,dc,caught,true,false,false
1254064,2,false,919a3be2,dc,caught,true,false,false
1254064,2,false,0a476045,dc,caught,true,false,false
1254064,2,false,0a476045,dc,caught,true,false,false
1254064,2,false,0a476045,dc,caught,true,false,false
1254064,2,false,ad427b5c,dc,caught,true,false,false
1254064,2,false,ad427b5c,dc,caught,true,false,false
1254065,1,false,fe93fd9d,csk,caught,true,false,false
1254065,1,false,1abb78f8,csk,caught,true,false,false
1254065,1,false,3355b542,csk,caught,true,false,false
1254065,1,false,3355b542,csk,caught,true,false,false
1254065,1,false,fe93fd9d,csk,caught,true,false,false
1254065,2,false,73ad96ed,pbks,caught,true,false,false
1254065,2,false,7dcb9bc9,pbks,caught,true,false,false
1254065,2,false,b17e2f24,pbks,caught,true,false,false
1254065,2,false,3241e3fd,pbks,caught,true,false,false
1254066,1,false,26d76ad9,srh,caught,true,false,false
1254066,1,false,4125d931,srh,caught,true,false,false
1254066,1,false,abb83e27,srh,caught,true,false,false
1254066,1,false,26d76ad9,srh,caught,true,false,false
1254066,2,false,a757b0d8,mi,caught,true,false,false
1254066,2,false,271f83cd,mi,caught,true,false,false
1254066,2,false,350bb1b1,mi,caught,true,false,false
1254066,2,false,271f83cd,mi,caught,true,false,false
1254067,1,false,77255a9e,kkr,caught,true,false,false
1254067,1,false,77255a9e,kkr,caught,true,false,false
1254067,1,false,8b5b6769,kkr,caught,true,false,false
1254067,2,false,2a2e6343,rcb,caught,true,false,false
1254067,2,false,2f49c897,rcb,caught,true,false,false
1254067,2,false,2c25d4f5,rcb,caught,true,false,false
1254067,2,false,ba607b88,rcb,caught,true,false,false
1254067,2,false,c4487b84,rcb,caught,true,false,false
1254068,1,false,0a476045,dc,caught,true,false,false
1254068,1,false,d9273ee7,dc,caught,true,false,false
1254068,1,false,60500956,dc,caught,true,false,false
1254068,1,false,e62dd25d,dc,caught,true,false,false
1254068,2,false,db584dad,pbks,caught,true,false,false
1254068,2,false,1ee08e9a,pbks,caught,true,false,false
1254068,2,false,73ad96ed,pbks,caught,true,false,false
1254069,1,false,a4e37e47,rr,caught,true,false,false
1254069,1,false,04a418e8,rr,caught,true,false,false
1254069,1,false,04a418e8,rr,caught,true,false,false
1254069,1,false,04a418e8,rr,caught,true,false,false
1254069,1,false,fb66ce1f,rr,caught,true,false,false
1254069,1,false,99b75528,rr,caught,true,false,false
1254069,1,false,a4cc73aa,rr,caught,true,false,false
1254069,2,false,fe93fd9d,csk,caught,true,false,false
1254069,2,false,87e562a9,csk,caught,true,false,false
1254069,2,false,fe93fd9d,csk,caught,true,false,false
1254069,2,false,fe93fd9d,csk,caught,true,false,false
1254069,2,false,45a43fe2,csk,caught,true,false,false
1254069,2,false,fe93fd9d,csk,caught,true,false,false
1254070,1,false,919a3be2,dc,caught,true,false,false
1254070,1,false,919a3be2,dc,caught,true,false,false
1254070,1,false,30a45b23,dc,caught,true,false,false
1254070,1,false,30a45b23,dc,caught,true,false,false
1254070,1,false,919a3be2,dc,caught,true,false,false
1254070,2,false,5b8c830e,mi,caught,true,false,false
1254070,2,false,5b8c830e,mi,caught,true,false,false
1254071,1,false,99d63244,srh,caught,true,false,false
1254071,1,false,5f547c8b,srh,caught,true,false,false
1254071,1,false,abb83e27,srh,stumped,false,true,false
1254071,1,false,dcce6f09,srh,caught,true,false,false
1254071,1,false,f29185a1,srh,caught,true,false,false
1254071,1,false,abb83e27,srh,caught,true,false,false
1254071,2,false,00ea847a,pbks,caught,true,false,false
1254072,1,false,ded9240e,kkr,caught,true,false,false
1254072,1,false,c03f1114,kkr,stumped,false,true,false
1254072,1,false,d2a6c0e6,kkr,caught,true,false,false
1254072,2,false,f834dcfc,csk,caught,true,false,false
1254072,2,false,4a8a2e3b,csk,caught,true,false,false
1254072,2,false,4a8a2e3b,csk,caught,true,false,false
1254072,2,false,fe93fd9d,csk,caught,true,false,false
1254072,2,false,4a8a2e3b,csk,caught,true,false,false
1254072,2,false,3355b542,csk,caught,true,false,false
1254073,1,false,dfc4d8b5,rcb,caught,true,false,false
1254073,1,false,b681e71e,rcb,caught,true,false,false
1254073,1,false,57ee1fde,rcb,caught,true,false,false
1254073,1,false,b681e71e,rcb,caught,true,false,false
1254073,1,false,f9e6e7ef,rcb,caught,true,false,false
1254073,1,false,57ee1fde,rcb,caught,true,false,false
1254073,1,false,c4487b84,rcb,caught,true,false,false
1254074,1,false,32198ae0,pbks,caught,true,false,false
1254074,1,false,b17e2f24,pbks,caught,true,false,false
1254074,1,false,db584dad,pbks,caught,true,false,false
1254074,1,false,b52ffbbd,pbks,caught,true,false,false
1254074,1,false,73ad96ed,pbks,caught,true,false,false
1254074,1,false,3241e3fd,pbks,caught,true,false,false
1254074,2,false,271f83cd,mi,caught,true,false,false
1254075,1,false,a4cc73aa,rr,caught,true,false,false
1254075,1,false,6c19c6e5,rr,caught,true,false,false
1254075,1,false,04a418e8,rr,caught,true,false,false
1254075,1,false,d67d5f00,rr,caught,true,false,false
1254075,1,false,2cdce1be,rr,caught,true,false,false
1254075,1,false,04a418e8,rr,caught,true,false,false
1254075,2,false,b4f5c2d9,kkr,caught,true,false,false
1254075,2,false,85e0cf10,kkr,caught,true,false,false
1254075,2,false,b4f5c2d9,kkr,caught,true,false,false
1254076,1,false,68c56d09,rcb,caught,true,false,false
1254076,1,false,2c25d4f5,rcb,caught,true,false,false
1254076,1,false,2a2e6343,rcb,caught,true,false,false
1254076,1,false,68c56d09,rcb,caught,true,false,false
1254076,2,false,4a8a2e3b,csk,caught,true,false,false
1254076,2,false,1dc12ab9,csk,caught,true,false,false
1254076,2,false,45a43fe2,csk,caught,true,false,false
1254076,2,false,1dc12ab9,csk,caught,true,false,false
1254077,1,false,4125d931,srh,caught,true,false,false
1254077,1,false,d027ba9f,srh,caught,true,false,false
1254077,2,false,0a476045,dc,caught,true,false,false
1254077,2,false,d9273ee7,dc,caught,true,false,false
1254077,2,false,919a3be2,dc,stumped,false,true,false
1254078,1,false,9d430b40,kkr,caught,true,false,false
1254078,1,false,c03f1114,kkr,caught,true,false,false
1254078,1,false,d2a6c0e6,kkr,caught,true,false,false
1254078,1,false,77255a9e,kkr,caught,true,false,false
1254078,1,false,d2a6c0e6,kkr,caught,true,false,false
1254078,1,false,d2a6c0e6,kkr,caught,true,false,false
1254078,2,false,7dcb9bc9,pbks,caught,true,false,false
1254078,2,false,df064e1a,pbks,caught,true,false,false
1254078,2,false,7dcb9bc9,pbks,caught,true,false,false
1254079,1,false,30a45b23,dc,caught,true,false,false
1254079,1,false,30a45b23,dc,caught,true,false,false
1254079,2,false,57ee1fde,rcb,caught,true,false,false
1254079,2,false,c4487b84,rcb,caught,true,false,false
1254079,2,false,c4487b84,rcb,caught,true,false,false
1254079,2,false,c4487b84,rcb,caught,true,false,false
1254080,1,false,23eeb873,csk,caught,true,false,false
1254080,1,false,fe93fd9d,csk,caught,true,false,false
1254080,1,false,3355b542,csk,caught,true,false,false
1254080,2,false,99d63244,srh,caught,true,false,false
1254081,1,false,372455c4,mi,stumped,false,true,false
1254081,2,false,2cdce1be,rr,caught,true,false,false
1254081,2,false,99b75528,rr,caught,true,false,false
1254082,1,false,919a3be2,dc,stumped,false,true,false
1254082,1,false,ad427b5c,dc,caught,true,false,false
1254082,1,false,30a45b23,dc,caught,true,false,false
1254082,1,false,30a45b23,dc,caught,true,false,false
1254082,2,false,fb2d1dda,kkr,caught,true,false,false
1254082,2,false,c38d3503,kkr,caught,true,false,false
1254083,1,false,ba607b88,rcb,caught,true,false,false
1254083,1,false,c4487b84,rcb,caught,true,false,false
1254083,1,false,f9e6e7ef,rcb,caught,true,false,false
1254083,1,false,c740ea83,rcb,caught,true,false,false
1254083,2,false,b17e2f24,pbks,caught,true,false,false
1254083,2,false,3241e3fd,pbks,caught,true,false,false
1254083,2,false,c05edf8e,pbks,caught,true,false,false
1254083,2,false,df064e1a,pbks,caught,true,false,false
1254084,1,false,dbe50b21,mi,caught,true,false,false
1254084,1,false,372455c4,mi,caught,true,false,false
1254084,1,false,462411b3,mi,caught,true,false,false
1254084,1,false,5b8c830e,mi,caught,true,false,false
1254084,2,false,45a43fe2,csk,caught,true,false,false
1254084,2,false,4a8a2e3b,csk,caught,true,false,false
1254084,2,false,3355b542,csk,caught,true,false,false
1254084,2,false,1abb78f8,csk,caught,true,false,false
1254085,1,false,8e514b4c,srh,caught,true,false,false
1254085,2,false,c8f5f961,rr,caught,true,false,false
1254085,2,false,d67d5f00,rr,caught,true,false,false
1254085,2,false,fb66ce1f,rr,caught,true,false,false
1254085,2,false,c8f5f961,rr,caught,true,false,false
1254085,2,false,c8f5f961,rr,caught,true,false,false
1254085,2,false,fb66ce1f,rr,caught,true,false,false
1254086,1,false,30a45b23,dc,caught,true,false,false
1254086,1,false,48a1d7b7,dc,caught,true,false,false
1254086,1,false,ad427b5c,dc,caught,true,false,false
1254086,2,false,ad9c32a2,pbks,caught,true,false,false
1254086,2,false,00ea847a,pbks,caught,true,false,false
1254087,1,false,c03f1114,kkr,caught,true,false,false
1254087,1,false,b4b99816,kkr,caught,true,false,false
1254087,1,false,fb2d1dda,kkr,caught,true,false,false
1254087,1,false,5b7ab5a9,kkr,run out,false,false,true
1254087,1,false,5b7ab5a9,kkr,caught,true,false,false
1254087,2,false,2f49c897,rcb,caught,true,false,false
1254088,1,false,62af8546,srh,caught,true,false,false
1254088,1,false,d1c36f5c,srh,caught,true,false,false
1254088,1,false,fe11caa6,srh,caught,true,false,false
1254088,1,false,d1c36f5c,srh,caught,true,false,false
1254088,1,false,62af8546,srh,caught,true,false,false
1254088,1,false,62af8546,srh,caught,true,false,false
1254088,1,false,62af8546,srh,caught,true,false,false
1254088,1,false,8e514b4c,srh,caught,true,false,false
1254088,1,false,62af8546,srh,caught,true,false,false
1254088,2,false,5b8c830e,mi,caught,true,false,false
1254088,2,false,56ab442f,mi,caught,true,false,false
1254088,2,false,a757b0d8,mi,caught,true,false,false
1254088,2,false,a757b0d8,mi,caught,true,false,false
1254088,2,false,dbe50b21,mi,caught,true,false,false
1254088,2,false,a818c1be,mi,caught,true,false,false
1254089,1,false,a4cc73aa,rr,stumped,false,true,false
1254089,1,false,a4e37e47,rr,caught,true,false,false
1254089,1,false,a4cc73aa,rr,stumped,false,true,false
1254089,1,false,9a46c4e5,rr,caught,true,false,false
1254089,2,false,03806cf8,csk,caught,true,false,false
1254089,2,false,4a8a2e3b,csk,caught,true,false,false
1254089,2,false,45a43fe2,csk,caught,true,false,false
1254090,1,false,f088b960,pbks,caught,true,false,false
1254090,1,false,b17e2f24,pbks,caught,true,false,false
1254090,1,false,f088b960,pbks,run out,false,false,true
1254090,1,false,f088b960,pbks,caught,true,false,false
1254090,2,false,f986ca1a,rcb,caught,true,false,false
1254090,2,false,2c25d4f5,rcb,caught,true,false,false
1254090,2,false,2f49c897,rcb,caught,true,false,false
1254090,2,false,2a2e6343,rcb,caught,true,false,false
1254090,2,false,f986ca1a,rcb,run out,false,false,true
1254091,1,false,4a8a2e3b,csk,caught,true,false,false
1254091,1,false,4a8a2e3b,csk,caught,true,false,false
1254091,1,false,4a8a2e3b,csk,caught,true,false,false
1254091,1,false,3355b542,csk,caught,true,false,false
1254091,1,false,bb351c23,csk,caught,true,false,false
1254091,1,false,23eeb873,csk,caught,true,false,false
1254091,2,false,d027ba9f,srh,caught,true,false,false
1254091,2,false,dcf81436,srh,caught,true,false,false
1254092,1,false,a24be938,kkr,caught,true,false,false
1254092,1,false,13c35c9e,kkr,caught,true,false,false
1254092,1,false,2f9d0389,kkr,caught,true,false,false
1254092,1,false,fb2d1dda,kkr,caught,true,false,false
1254092,1,false,944533a5,kkr,run out,false,false,true
1254092,1,false,c03f1114,kkr,run out,false,false,true
1254092,1,false,c03f1114,kkr,run out,false,false,true
1254092,2,false,30a45b23,dc,caught,true,false,false
1254092,2,false,85ec8e33,dc,caught,true,false,false
1254092,2,false,ad427b5c,dc,caught,true,false,false
1254092,2,false,2e171977,dc,caught,true,false,false
1254093,1,false,752f7486,mi,caught,true,false,false
1254093,1,false,81049310,mi,caught,true,false,false
1254093,1,false,752f7486,mi,caught,true,false,false
1254093,1,false,752f7486,mi,caught,true,false,false
1254093,2,false,6c19c6e5,rr,caught,true,false,false
1254093,2,false,da934ee8,rr,caught,true,false,false
1254094,1,false,7dcb9bc9,pbks,caught,true,false,false
1254094,1,false,b17e2f24,pbks,caught,true,false,false
1254094,1,false,c05edf8e,pbks,caught,true,false,false
1254094,1,false,244048f6,pbks,caught,true,false,false
1254094,1,false,b17e2f24,pbks,caught,true,false,false
1254094,2,false,3355b542,csk,caught,true,false,false
1254094,2,false,87e562a9,csk,caught,true,false,false
1254094,2,false,4a8a2e3b,csk,caught,true,false,false
1254095,1,false,b681e71e,rcb,caught,true,false,false
1254095,1,false,c4487b84,rcb,caught,true,false,false
1254095,1,false,c4487b84,rcb,caught,true,false,false
1254095,1,false,2a2e6343,rcb,caught,true,false,false
1254095,2,false,d027ba9f,srh,caught,true,false,false
1254095,2,false,fe11caa6,srh,caught,true,false,false
1254095,2,false,d027ba9f,srh,run out,false,false,true
1254095,2,false,8e514b4c,srh,caught,true,false,false
1254095,2,false,d027ba9f,srh,caught,true,false,false
1254096,1,false,b4b99816,kkr,caught,true,false,false
1254096,1,false,c03f1114,kkr,caught,true,false,false
1254096,1,false,9d430b40,kkr,caught,true,false,false
1254096,1,false,bbd41817,kkr,caught,true,false,false
1254096,1,false,d2a6c0e6,kkr,run out,false,false,true
1254096,1,false,2f9d0389,kkr,run out,false,false,true
1254096,1,false,a24be938,kkr,caught,true,false,false
1254096,2,false,a818c1be,mi,caught,true,false,false
1254097,1,false,50c6bc2b,rr,caught,true,false,false
1254097,1,false,a4cc73aa,rr,stumped,false,true,false
1254097,1,false,2cdce1be,rr,caught,true,false,false
1254097,1,false,d67d5f00,rr,caught,true,false,false
1254097,2,false,919a3be2,dc,caught,true,false,false
1254097,2,false,919a3be2,dc,caught,true,false,false
1254097,2,false,919a3be2,dc,stumped,false,true,false
1254097,2,false,eef2536f,dc,caught,true,false,false
1254097,2,false,48a1d7b7,dc,caught,true,false,false
1254098,1,false,70d205c9,csk,run out,false,false,true
1254098,1,false,4a8a2e3b,csk,caught,true,false,false
1254098,1,false,3355b542,csk,caught,true,false,false
1254098,1,false,4a8a2e3b,csk,caught,true,false,false
1254098,2,false,d2a6c0e6,kkr,caught,true,false,false
1254098,2,false,2f9d0389,kkr,caught,true,false,false
1254098,2,false,a24be938,kkr,caught,true,false,false
1254098,2,false,77255a9e,kkr,run out,false,false,true
1254098,2,false,5b7ab5a9,kkr,run out,false,false,true
1254098,2,false,b4f5c2d9,kkr,caught,true,false,false
1254099,1,false,dbe50b21,mi,caught,true,false,false
1254099,1,false,462411b3,mi,caught,true,false,false
1254099,1,false,a757b0d8,mi,caught,true,false,false
1254099,2,false,c3a96caf,pbks,caught,true,false,false
1254099,2,false,b17e2f24,pbks,caught,true,false,false
1254100,1,false,8e514b4c,srh,caught,true,false,false
1254100,1,false,8e514b4c,srh,caught,true,false,false
1254100,1,false,0f721006,srh,caught,true,false,false
1254100,1,false,d1c36f5c,srh,caught,true,false,false
1254100,2,false,a4cc73aa,rr,stumped,false,true,false
1254100,2,false,a4cc73aa,rr,caught,true,false,false
1254101,1,false,2a2e6343,rcb,caught,true,false,false
1254101,1,false,be869ccf,rcb,caught,true,false,false
1254101,1,false,44a89551,rcb,caught,true,false,false
1254101,1,false,2a2e6343,rcb,caught,true,false,false
1254101,1,false,ba607b88,rcb,caught,true,false,false
1254101,2,false,495d42a5,dc,caught,true,false,false
1254101,2,false,e62dd25d,dc,caught,true,false,false
1254101,2,false,85ec8e33,dc,caught,true,false,false
1254102,1,false,73ad96ed,pbks,caught,true,false,false
1254102,1,false,73ad96ed,pbks,caught,true,false,false
1254102,1,false,00ea847a,pbks,caught,true,false,false
1254102,1,false,8cf9814c,pbks,run out,false,false,true
1254102,2,false,d2a6c0e6,kkr,caught,true,false,false
1254102,2,false,c38d3503,kkr,caught,true,false,false
1254102,2,false,b4b99816,kkr,caught,true,false,false
1254102,2,false,77255a9e,kkr,caught,true,false,false
1254102,2,false,c38d3503,kkr,caught,true,false,false
1254103,1,false,2f49c897,rcb,caught,true,false,false
1254103,1,false,44a89551,rcb,caught,true,false,false
1254103,1,false,44a89551,rcb,stumped,false,true,false
1254103,1,false,2c25d4f5,rcb,caught,true,false,false
1254103,1,false,2c25d4f5,rcb,caught,true,false,false
1254103,1,false,c4487b84,rcb,caught,true,false,false
1254103,1,false,ba607b88,rcb,caught,true,false,false
1254103,1,false,2c25d4f5,rcb,caught,true,false,false
1254103,1,false,c4487b84,rcb,caught,true,false,false
1254103,2,false,04a418e8,rr,run out,false,false,true
1254103,2,false,c8f5f961,rr,caught,true,false,false
1254104,1,false,350bb1b1,mi,caught,true,false,false
1254104,1,false,709b0bac,mi,caught,true,false,false
1254104,1,false,2ed569a0,mi,caught,true,false,false
1254104,1,false,a818c1be,mi,caught,true,false,false
1254104,1,false,a757b0d8,mi,caught,true,false,false
1254104,1,false,5b8c830e,mi,caught,true,false,false
1254104,2,false,3355b542,csk,caught,true,false,false
1254104,2,false,1dc12ab9,csk,caught,true,false,false
1254104,2,false,4a8a2e3b,csk,run out,false,false,true
1254104,2,false,87e562a9,csk,run out,false,false,true
1254104,2,false,90de905a,csk,caught,true,false,false
1254104,2,false,1dc12ab9,csk,caught,true,false,false
1254105,1,false,2e171977,dc,caught,true,false,false
1254105,1,false,0a476045,dc,caught,true,false,false
1254105,1,false,48a1d7b7,dc,caught,true,false,false
1254105,1,false,8b3e9c7c,dc,caught,true,false,false
1254105,1,false,919a3be2,dc,caught,true,false,false
1254105,1,false,30a45b23,dc,run out,false,false,true
1254105,1,false,919a3be2,dc,run out,false,false,true
1254105,1,false,919a3be2,dc,run out,false,false,true
1254105,2,false,d027ba9f,srh,caught,true,false,false
1254105,2,false,8e514b4c,srh,caught,true,false,false
1254106,1,false,50c6bc2b,rr,caught,true,false,false
1254106,1,false,6c19c6e5,rr,caught,true,false,false
1254106,2,false,d2a6c0e6,kkr,caught,true,false,false
1254106,2,false,77255a9e,kkr,caught,true,false,false
1254106,2,false,7dc35884,kkr,caught,true,false,false
1254106,2,false,c03f1114,kkr,run out,false,false,true
1254106,2,false,7dc35884,kkr,run out,false,false,true
1254107,1,false,4125d931,srh,caught,true,false,false
1254107,1,false,d027ba9f,srh,caught,true,false,false
1254107,1,false,93b4fc78,srh,caught,true,false,false
1254107,1,false,4125d931,srh,caught,true,false,false
1254107,1,false,93b4fc78,srh,caught,true,false,false
1254107,2,false,b17e2f24,pbks,caught,true,false,false
1254107,2,false,db584dad,pbks,caught,true,false,false
1254107,2,false,df064e1a,pbks,run out,false,false,true
1254107,2,false,244048f6,pbks,run out,false,false,true
1254108,1,false,372455c4,mi,caught,true,false,false
1254108,1,false,271f83cd,mi,caught,true,false,false
1254108,1,false,e4cdf230,mi,caught,true,false,false
1254108,1,false,a818c1be,mi,caught,true,false,false
1254108,1,false,372455c4,mi,caught,true,false,false
1254108,2,false,b681e71e,rcb,caught,true,false,false
1254108,2,false,2c25d4f5,rcb,caught,true,false,false
1254108,2,false,f986ca1a,rcb,caught,true,false,false
1254108,2,false,57ee1fde,rcb,caught,true,false,false
1254108,2,false,ba607b88,rcb,caught,true,false,false
1254109,1,false,13c35c9e,kkr,caught,true,false,false
1254109,1,false,7dc35884,kkr,run out,false,false,true
1254109,1,false,c03f1114,kkr,stumped,false,true,false
1254109,1,false,77255a9e,kkr,caught,true,false,false
1254109,1,false,a24be938,kkr,caught,true,false,false
1254109,1,false,b4b99816,kkr,caught,true,false,false
1254109,1,false,a24be938,kkr,caught,true,false,false
1254109,2,false,d027ba9f,srh,caught,true,false,false
1254109,2,false,f29185a1,srh,caught,true,false,false
1254109,2,false,0f721006,srh,caught,true,false,false
1254109,2,false,fe11caa6,srh,caught,true,false,false
1254110,1,false,85ec8e33,dc,caught,true,false,false
1254110,1,false,495d42a5,dc,caught,true,false,false
1254110,1,false,85ec8e33,dc,caught,true,false,false
1254110,1,false,919a3be2,dc,caught,true,false,false
1254110,2,false,3355b542,csk,caught,true,false,false
1254110,2,false,45a43fe2,csk,caught,true,false,false
1254110,2,false,bb351c23,csk,caught,true,false,false
1254110,2,false,23eeb873,csk,caught,true,false,false
1254110,2,false,bb351c23,csk,caught,true,false,false
1254110,2,false,bb351c23,csk,caught,true,false,false
1254111,1,false,00ea847a,pbks,caught,true,false,false
1254111,1,false,b17e2f24,pbks,caught,true,false,false
1254111,1,false,b52ffbbd,pbks,caught,true,false,false
1254111,1,false,00ea847a,pbks,caught,true,false,false
1254111,1,false,6a26221c,pbks,caught,true,false,false
1254111,1,false,6a26221c,pbks,caught,true,false,false
1254111,1,false,6a26221c,pbks,caught,true,false,false
1254111,2,false,5d2eea49,rr,caught,true,false,false
1254111,2,false,50c6bc2b,rr,caught,true,false,false
1254111,2,false,a4cc73aa,rr,caught,true,false,false
1254111,2,false,a4cc73aa,rr,caught,true,false,false
1254112,1,false,e62dd25d,dc,caught,true,false,false
1254112,1,false,acdc62f5,dc,caught,true,false,false
1254112,1,false,e62dd25d,dc,caught,true,false,false
1254112,1,false,919a3be2,dc,caught,true,false,false
1254112,1,false,30a45b23,dc,caught,true,false,false
1254112,2,false,a757b0d8,mi,run out,false,false,true
1254112,2,false,dbe50b21,mi,caught,true,false,false
1254112,2,false,740742ef,mi,caught,true,false,false
1254113,1,false,fe93fd9d,csk,caught,true,false,false
1254113,1,false,1dc12ab9,csk,caught,true,false,false
1254113,1,false,70d205c9,csk,caught,true,false,false
1254113,1,false,1dc12ab9,csk,caught,true,false,false
1254113,1,false,fe93fd9d,csk,caught,true,false,false
1254113,1,false,1dc12ab9,csk,caught,true,false,false
1254113,2,false,ba607b88,rcb,caught,true,false,false
1254113,2,false,21d4e29b,rcb,caught,true,false,false
1254113,2,false,ba607b88,rcb,caught,true,false,false
1254113,2,false,c4487b84,rcb,caught,true,false,false
1254114,1,false,4a8a2e3b,csk,caught,true,false,false
1254114,1,false,45a43fe2,csk,caught,true,false,false
1254114,1,false,e4a0deae,csk,caught,true,false,false
1254114,1,false,3355b542,csk,caught,true,false,false
1254114,1,false,fe93fd9d,csk,caught,true,false,false
1254114,2,false,85ec8e33,dc,caught,true,false,false
1254114,2,false,85ec8e33,dc,caught,true,false,false
1254114,2,false,85ec8e33,dc,run out,false,false,true
1254114,2,false,e62dd25d,dc,run out,false,false,true
1254114,2,false,2e171977,dc,caught,true,false,false
1254114,2,false,e62dd25d,dc,caught,true,false,false
1254115,1,false,a24be938,kkr,caught,true,false,false
1254115,1,false,2f9d0389,kkr,caught,true,false,false
1254115,1,false,c38d3503,kkr,caught,true,false,false
1254115,1,false,2f9d0389,kkr,run out,false,false,true
1254115,1,false,c38d3503,kkr,run out,false,false,true
1254115,2,false,c4487b84,rcb,caught,true,false,false
1254115,2,false,44a89551,rcb,caught,true,false,false
1254115,2,false,c4487b84,rcb,caught,true,false,false
1254115,2,false,44a89551,rcb,caught,true,false,false
1254116,1,false,7dc35884,kkr,caught,true,false,false
1254116,1,false,77255a9e,kkr,caught,true,false,false
1254116,1,false,a24be938,kkr,run out,false,false,true
1254116,1,false,c03f1114,kkr,run out,false,false,true
1254116,2,false,30a45b23,dc,caught,true,false,false
1254116,2,false,48a1d7b7,dc,caught,true,false,false
1254116,2,false,919a3be2,dc,caught,true,false,false
1254116,2,false,2e171977,dc,caught,true,false,false
1254117,1,false,c38d3503,kkr,caught,true,false,false
1254117,1,false,a24be938,kkr,caught,true,false,false
1254117,2,false,fe93fd9d,csk,caught,true,false,false
1254117,2,false,3355b542,csk,caught,true,false,false
1254117,2,false,fe93fd9d,csk,caught,true,false,false
1254117,2,false,70d205c9,csk,caught,true,false,false
1254117,2,false,bb351c23,csk,caught,true,false,false
1254117,2,false,23eeb873,csk,caught,true,false,false
1254117,2,false,23eeb873,csk,caught,true,false,false
1304047,1,false,fb2d1dda,kkr,caught,true,false,false
1304047,1,false,85ec8e33,kkr,caught,true,false,false
1304047,1,false,acc1aeda,kkr,stumped,false,true,false
1304047,1,false,85ec8e33,kkr,run out,false,false,true
1304047,1,false,9d430b40,kkr,run out,false,false,true
1304047,1,false,9d430b40,kkr,caught,true,false,false
1304047,2,false,4a8a2e3b,csk,caught,true,false,false
1304047,2,false,70d205c9,csk,caught,true,false,false
1304047,2,false,fe93fd9d,csk,caught,true,false,false
1304047,2,false,46a9bea1,csk,caught,true,false,false
1304048,1,false,650d5e49,dc,caught,true,false,false
1304048,1,false,ad427b5c,dc,caught,true,false,false
1304048,1,false,8b3e9c7c,dc,caught,true,false,false
1304048,1,false,4663bd23,dc,caught,true,false,false
1304048,1,false,c3a96caf,dc,caught,true,false,false
1304048,2,false,b0482a1d,mi,caught,true,false,false
1304048,2,false,f1f99156,mi,caught,true,false,false
1304048,2,false,752f7486,mi,caught,true,false,false
1304048,2,false,caf69bf7,mi,caught,true,false,false
1304048,2,false,740742ef,mi,caught,true,false,false
1304049,1,false,7dcb9bc9,pbks,caught,true,false,false
1304049,2,false,f9e6e7ef,rcb,caught,true,false,false
1304049,2,false,c8f5f961,rcb,caught,true,false,false
1304049,2,false,f9e6e7ef,rcb,caught,true,false,false
1304049,2,false,c8f5f961,rcb,caught,true,false,false
1304050,1,false,afa7e784,gt,caught,true,false,false
1304050,1,false,b4b99816,gt,caught,true,false,false
1304050,1,false,dbe50b21,gt,caught,true,false,false
1304050,2,false,73ad96ed,lsg,caught,true,false,false
1304050,2,false,93b4fc78,lsg,caught,true,false,false
1304050,2,false,b17e2f24,lsg,caught,true,false,false
1304051,1,false,6a26221c,srh,caught,true,false,false
1304051,1,false,3241e3fd,srh,caught,true,false,false
1304051,1,false,8e514b4c,srh,caught,true,false,false
1304051,1,false,3241e3fd,srh,caught,true,false,false
1304051,2,false,2c25d4f5,rr,caught,true,false,false
1304051,2,false,a4cc73aa,rr,caught,true,false,false
1304051,2,false,48a1d7b7,rr,caught,true,false,false
1304051,2,false,04a418e8,rr,caught,true,false,false
1304051,2,false,48a1d7b7,rr,caught,true,false,false
1304052,1,false,f9e6e7ef,rcb,caught,true,false,false
1304052,1,false,7f048519,rcb,caught,true,false,false
1304052,1,false,3355b542,rcb,caught,true,false,false
1304052,1,false,0a67aec0,rcb,caught,true,false,false
1304052,1,false,ba607b88,rcb,caught,true,false,false
1304052,1,false,c03f1114,rcb,caught,true,false,false
1304052,1,false,3355b542,rcb,caught,true,false,false
1304052,2,false,acc1aeda,kkr,caught,true,false,false
1304052,2,false,29e95537,kkr,caught,true,false,false
1304052,2,false,acc1aeda,kkr,caught,true,false,false
1304052,2,false,fb2d1dda,kkr,caught,true,false,false
1304052,2,false,acc1aeda,kkr,stumped,false,true,false
1304052,2,false,acc1aeda,kkr,caught,true,false,false
1304052,2,false,bbd41817,kkr,caught,true,false,false
1304053,1,false,df064e1a,lsg,run out,false,false,true
1304053,1,false,0ebfb1ad,lsg,caught,true,false,false
1304053,1,false,93b4fc78,lsg,caught,true,false,false
1304053,2,false,70d205c9,csk,caught,true,false,false
1304053,2,false,87e562a9,csk,caught,true,false,false
1304053,2,false,4a8a2e3b,csk,caught,true,false,false
1304053,2,false,fe93fd9d,csk,caught,true,false,false
1304054,1,false,13c35c9e,kkr,caught,true,false,false
1304054,1,false,c16d4035,kkr,caught,true,false,false
1304054,1,false,13c35c9e,kkr,caught,true,false,false
1304054,1,false,fb2d1dda,kkr,caught,true,false,false
1304054,1,false,fb2d1dda,kkr,caught,true,false,false
1304054,1,false,13c35c9e,kkr,caught,true,false,false
1304054,1,false,fb2d1dda,kkr,run out,false,false,true
1304054,1,false,bbd41817,kkr,run out,false,false,true
1304054,2,false,23cca426,pbks,caught,true,false,false
1304054,2,false,c05edf8e,pbks,caught,true,false,false
1304054,2,false,e62dd25d,pbks,caught,true,false,false
1304055,1,false,f1f99156,mi,caught,true,false,false
1304055,1,false,740742ef,mi,caught,true,false,false
1304055,1,false,b0482a1d,mi,caught,true,false,false
1304055,1,false,b0482a1d,mi,caught,true,false,false
1304055,1,false,752f7486,mi,run out,false,false,true
1304055,1,false,b0482a1d,mi,run out,false,false,true
1304055,1,false,752f7486,mi,caught,true,false,false
1304055,1,false,f1f99156,mi,caught,true,false,false
1304055,2,false,04a418e8,rr,caught,true,false,false
1304055,2,false,2c25d4f5,rr,caught,true,false,false
1304055,2,false,21d4e29b,rr,caught,true,false,false
1304055,2,false,99b75528,rr,caught,true,false,false
1304055,2,false,a4cc73aa,rr,run out,false,false,true
1304055,2,false,99b75528,rr,caught,true,false,false
1304056,1,false,919a3be2,dc,caught,true,false,false
1304056,1,false,650d5e49,dc,caught,true,false,false
1304056,1,false,2e171977,dc,caught,true,false,false
1304056,1,false,1abb78f8,dc,caught,true,false,false
1304056,1,false,2e171977,dc,caught,true,false,false
1304056,2,false,0890552f,gt,caught,true,false,false
1304056,2,false,0994d0ae,gt,caught,true,false,false
1304056,2,false,afa7e784,gt,caught,true,false,false
1304056,2,false,0994d0ae,gt,run out,false,false,true
1304056,2,false,0890552f,gt,run out,false,false,true
1304056,2,false,0890552f,gt,caught,true,false,false
1304056,2,false,afa7e784,gt,caught,true,false,false
1304056,2,false,afa7e784,gt,caught,true,false,false
1304057,1,false,1c17e270,csk,caught,true,false,false
1304057,1,false,4a8a2e3b,csk,run out,false,false,true
1304057,1,false,ffe699c0,csk,run out,false,false,true
1304057,1,false,fe93fd9d,csk,caught,true,false,false
1304057,1,false,70d205c9,csk,caught,true,false,false
1304057,1,false,1c17e270,csk,caught,true,false,false
1304057,1,false,11614d87,csk,caught,true,false,false
1304057,1,false,87e562a9,csk,caught,true,false,false
1304057,1,false,87e562a9,csk,caught,true,false,false
1304057,2,false,0a476045,pbks,caught,true,false,false
1304057,2,false,00ea847a,pbks,caught,true,false,false
1304057,2,false,800d2d97,pbks,caught,true,false,false
1304057,2,false,244048f6,pbks,caught,true,false,false
1304057,2,false,244048f6,pbks,caught,true,false,false
1304057,2,false,800d2d97,pbks,caught,true,false,false
1304057,2,false,50c6bc2b,pbks,caught,true,false,false
1304058,1,false,d027ba9f,srh,caught,true,false,false
1304058,1,false,2e81a32d,srh,caught,true,false,false
1304058,1,false,77255a9e,srh,caught,true,false,false
1304058,1,false,3241e3fd,srh,run out,false,false,true
1304058,1,false,c5aef772,srh,run out,false,false,true
1304058,2,false,7c7d63a2,lsg,caught,true,false,false
1304058,2,false,93b4fc78,lsg,caught,true,false,false
1304058,2,false,b17e2f24,lsg,caught,true,false,false
1304058,2,false,df064e1a,lsg,caught,true,false,false
1304058,2,false,73ad96ed,lsg,caught,true,false,false
1304058,2,false,372455c4,lsg,caught,true,false,false
1304058,2,false,b17e2f24,lsg,caught,true,false,false
1304058,2,false,372455c4,lsg,caught,true,false,false
1304058,2,false,872b03f7,lsg,caught,true,false,false
1304059,1,false,ba607b88,rcb,caught,true,false,false
1304059,2,false,a818c1be,rr,caught,true,false,false
1304059,2,false,a4cc73aa,rr,caught,true,false,false
1304059,2,false,a4cc73aa,rr,run out,false,false,true
1304059,2,false,57ee1fde,rr,run out,false,false,true
1304059,2,false,21d4e29b,rr,caught,true,false,false
1304060,1,false,c16d4035,kkr,caught,true,false,false
1304060,1,false,c16d4035,kkr,stumped,false,true,false
1304060,1,false,85ec8e33,kkr,caught,true,false,false
1304060,1,false,c16d4035,kkr,caught,true,false,false
1304060,2,false,caf69bf7,mi,caught,true,false,false
1304060,2,false,b0482a1d,mi,caught,true,false,false
1304060,2,false,871e9faf,mi,caught,true,false,false
1304060,2,false,caf69bf7,mi,caught,true,false,false
1304060,2,false,844e79d1,mi,caught,true,false,false
1304061,1,false,372455c4,lsg,caught,true,false,false
1304061,1,false,872b03f7,lsg,caught,true,false,false
1304061,2,false,8b3e9c7c,dc,caught,true,false,false
1304061,2,false,8d2c70ad,dc,caught,true,false,false
1304061,2,false,f088b960,dc,caught,true,false,false
1304061,2,false,2e171977,dc,caught,true,false,false
1304062,1,false,5f547c8b,gt,caught,true,false,false
1304062,1,false,39a2dfa8,gt,caught,true,false,false
1304062,1,false,afa7e784,gt,caught,true,false,false
1304062,1,false,b4b99816,gt,caught,true,false,false
1304062,1,false,b4b99816,gt,caught,true,false,false
1304062,1,false,d67d5f00,gt,caught,true,false,false
1304062,1,false,afa7e784,gt,run out,false,false,true
1304062,1,false,8cf9814c,gt,run out,false,false,true
1304062,2,false,abb83e27,pbks,caught,true,false,false
1304062,2,false,00ea847a,pbks,caught,true,false,false
1304062,2,false,00ea847a,pbks,caught,true,false,false
1304062,2,false,abb83e27,pbks,run out,false,false,true
1304063,1,false,6a26221c,srh,caught,true,false,false
1304063,1,false,6a26221c,srh,caught,true,false,false
1304063,1,false,77255a9e,srh,caught,true,false,false
1304063,1,false,81c08fa3,srh,caught,true,false,false
1304063,1,false,81c08fa3,srh,caught,true,false,false
1304063,1,false,d027ba9f,srh,caught,true,false,false
1304063,2,false,bb351c23,csk,caught,true,false,false
1304063,2,false,ffe699c0,csk,caught,true,false,false
1304064,1,false,2f49c897,rcb,caught,true,false,false
1304064,1,false,b681e71e,rcb,run out,false,false,true
1304064,1,false,c03f1114,rcb,caught,true,false,false
1304064,2,false,271f83cd,mi,caught,true,false,false
1304064,2,false,be24ead0,mi,run out,false,false,true
1304065,1,false,cc1e8c68,kkr,caught,true,false,false
1304065,1,false,0a509d6b,kkr,caught,true,false,false
1304065,1,false,29e95537,kkr,caught,true,false,false
1304065,2,false,2e171977,dc,caught,true,false,false
1304065,2,false,1abb78f8,dc,caught,true,false,false
1304065,2,false,8b3e9c7c,dc,caught,true,false,false
1304065,2,false,919a3be2,dc,stumped,false,true,false
1304065,2,false,ad427b5c,dc,caught,true,false,false
1304065,2,false,650d5e49,dc,caught,true,false,false
1304065,2,false,f088b960,dc,caught,true,false,false
1304065,2,false,650d5e49,dc,caught,true,false,false
1304066,1,false,0f721006,lsg,caught,true,false,false
1304066,1,false,90de905a,lsg,caught,true,false,false
1304066,2,false,495d42a5,rr,caught,true,false,false
1304066,2,false,04a418e8,rr,caught,true,false,false
1304066,2,false,04a418e8,rr,caught,true,false,false
1304067,1,false,77255a9e,srh,caught,true,false,false
1304067,1,false,d027ba9f,srh,caught,true,false,false
1304067,1,false,f29185a1,srh,caught,true,false,false
1304067,1,false,77255a9e,srh,caught,true,false,false
1304067,1,false,3241e3fd,srh,run out,false,false,true
1304067,1,false,ce794613,srh,run out,false,false,true
1304067,2,false,d5130a30,gt,caught,true,false,false
1304067,2,false,39a2dfa8,gt,caught,true,false,false
1304068,1,false,9385de2e,rcb,run out,false,false,true
1304068,1,false,c03f1114,rcb,run out,false,false,true
1304068,1,false,ba607b88,rcb,caught,true,false,false
1304068,1,false,c8f5f961,rcb,caught,true,false,false
1304068,2,false,ffe699c0,csk,caught,true,false,false
1304068,2,false,a4e37e47,csk,caught,true,false,false
1304068,2,false,ffe699c0,csk,caught,true,false,false
1304068,2,false,70d205c9,csk,caught,true,false,false
1304068,2,false,fe93fd9d,csk,caught,true,false,false
1304069,1,false,271f83cd,mi,caught,true,false,false
1304069,1,false,a757b0d8,mi,caught,true,false,false
1304069,2,false,7c3b3b78,pbks,caught,true,false,false
1304069,2,false,800d2d97,pbks,caught,true,false,false
1304069,2,false,244048f6,pbks,caught,true,false,false
1304069,2,false,00ea847a,pbks,run out,false,false,true
1304069,2,false,244048f6,pbks,run out,false,false,true
1304069,2,false,800d2d97,pbks,run out,false,false,true
1304069,2,false,23cca426,pbks,run out,false,false,true
1304069,2,false,23cca426,pbks,caught,true,false,false
1304069,2,false,00ea847a,pbks,caught,true,false,false
1304069,2,false,0a476045,pbks,caught,true,false,false
1304069,2,false,00ea847a,pbks,caught,true,false,false
1304070,1,false,9948e262,rr,run out,false,false,true
1304070,1,false,a4cc73aa,rr,caught,true,false,false
1304070,1,false,48a1d7b7,rr,caught,true,false,false
1304070,1,false,495d42a5,rr,caught,true,false,false
1304070,2,false,b4b99816,gt,caught,true,false,false
1304070,2,false,d67d5f00,gt,caught,true,false,false
1304070,2,false,dbe50b21,gt,run out,false,false,true
1304070,2,false,afa7e784,gt,caught,true,false,false
1304070,2,false,39a2dfa8,gt,caught,true,false,false
1304070,2,false,b4b99816,gt,caught,true,false,false
1304070,2,false,0994d0ae,gt,caught,true,false,false
1304071,1,false,3241e3fd,srh,caught,true,false,false
1304071,1,false,26989d80,srh,caught,true,false,false
1304071,1,false,ce794613,srh,caught,true,false,false
1304071,1,false,3241e3fd,srh,caught,true,false,false
1304071,1,false,81c36ee9,srh,caught,true,false,false
1304071,2,false,a24be938,kkr,caught,true,false,false
1304072,1,false,740742ef,mi,caught,true,false,false
1304072,1,false,752f7486,mi,caught,true,false,false
1304072,2,false,372455c4,lsg,caught,true,false,false
1304072,2,false,73ad96ed,lsg,caught,true,false,false
1304072,2,false,90de905a,lsg,caught,true,false,false
1304072,2,false,327b58d3,lsg,caught,true,false,false
1304072,2,false,372455c4,lsg,run out,false,false,true
1304072,2,false,d9273ee7,lsg,run out,false,false,true
1304072,2,false,372455c4,lsg,run out,false,false,true
1304072,2,false,327b58d3,lsg,run out,false,false,true
1304072,2,false,d9273ee7,lsg,caught,true,false,false
1304073,1,false,2e171977,dc,caught,true,false,false
1304073,1,false,ad427b5c,dc,run out,false,false,true
1304073,1,false,8d2c70ad,dc,caught,true,false,false
1304073,1,false,ad427b5c,dc,caught,true,false,false
1304073,2,false,c8f5f961,rcb,caught,true,false,false
1304073,2,false,a97c8ec2,rcb,run out,false,false,true
1304073,2,false,c03f1114,rcb,caught,true,false,false
1304073,2,false,9385de2e,rcb,caught,true,false,false
1304073,2,false,ba607b88,rcb,caught,true,false,false
1304073,2,false,c03f1114,rcb,caught,true,false,false
1304074,1,false,81c36ee9,srh,caught,true,false,false
1304074,1,false,3241e3fd,srh,caught,true,false,false
1304074,1,false,d027ba9f,srh,caught,true,false,false
1304074,1,false,d027ba9f,srh,caught,true,false,false
1304074,1,false,3241e3fd,srh,run out,false,false,true
1304074,1,false,4125d931,srh,run out,false,false,true
1304074,2,false,0a476045,pbks,caught,true,false,false
1304074,2,false,7dcb9bc9,pbks,caught,true,false,false
1304074,2,false,7dcb9bc9,pbks,caught,true,false,false
1304075,1,false,0994d0ae,gt,caught,true,false,false
1304075,1,false,0890552f,gt,caught,true,false,false
1304075,1,false,d67d5f00,gt,run out,false,false,true
1304075,1,false,2f9d0389,gt,run out,false,false,true
1304075,2,false,1c17e270,csk,caught,true,false,false
1304075,2,false,4a8a2e3b,csk,caught,true,false,false
1304075,2,false,bb351c23,csk,caught,true,false,false
1304075,2,false,45a43fe2,csk,caught,true,false,false
1304075,2,false,fe93fd9d,csk,caught,true,false,false
1304075,2,false,bb351c23,csk,caught,true,false,false
1304075,2,false,ffe699c0,csk,caught,true,false,false
1304076,1,false,c38d3503,kkr,caught,true,false,false
1304076,1,false,5b7ab5a9,kkr,caught,true,false,false
1304076,1,false,c38d3503,kkr,caught,true,false,false
1304076,1,false,ded9240e,kkr,caught,true,false,false
1304076,2,false,48a1d7b7,rr,run out,false,false,true
1304076,2,false,944533a5,rr,caught,true,false,false
1304076,2,false,99b75528,rr,caught,true,false,false
1304076,2,false,a4cc73aa,rr,stumped,false,true,false
1304076,2,false,04a418e8,rr,caught,true,false,false
1304076,2,false,a4cc73aa,rr,caught,true,false,false
1304076,2,false,85e0cf10,rr,caught,true,false,false
1304077,1,false,b17e2f24,lsg,caught,true,false,false
1304077,1,false,73ad96ed,lsg,caught,true,false,false
1304077,1,false,0f721006,lsg,caught,true,false,false
1304077,1,false,5b8c830e,lsg,caught,true,false,false
1304077,1,false,b17e2f24,lsg,run out,false,false,true
1304077,1,false,0f721006,lsg,run out,false,false,true
1304077,1,false,d9273ee7,lsg,caught,true,false,false
1304077,2,false,b681e71e,rcb,caught,true,false,false
1304077,2,false,f986ca1a,rcb,caught,true,false,false
1304077,2,false,c03f1114,rcb,caught,true,false,false
1304077,2,false,9385de2e,rcb,caught,true,false,false
1304077,2,false,f9e6e7ef,rcb,caught,true,false,false
1304077,2,false,c03f1114,rcb,caught,true,false,false
1304077,2,false,2f49c897,rcb,caught,true,false,false
1304078,1,false,919a3be2,dc,caught,true,false,false
1304078,1,false,919a3be2,dc,stumped,false,true,false
1304078,1,false,0a8fce53,dc,caught,true,false,false
1304078,1,false,919a3be2,dc,caught,true,false,false
1304078,1,false,650d5e49,dc,caught,true,false,false
1304078,1,false,919a3be2,dc,run out,false,false,true
1304078,2,false,9eb1455b,pbks,caught,true,false,false
1304079,1,false,e4a0deae,csk,caught,true,false,false
1304079,1,false,4a8a2e3b,csk,caught,true,false,false
1304079,1,false,765a4731,csk,caught,true,false,false
1304079,1,false,1c17e270,csk,caught,true,false,false
1304079,1,false,a4e37e47,csk,caught,true,false,false
1304079,2,false,b0482a1d,mi,caught,true,false,false
1304079,2,false,1e66c162,mi,caught,true,false,false
1304079,2,false,844e79d1,mi,caught,true,false,false
1304079,2,false,752f7486,mi,caught,true,false,false
1304079,2,false,a757b0d8,mi,caught,true,false,false
1304079,2,false,b0482a1d,mi,caught,true,false,false
1304080,1,false,dcce6f09,dc,caught,true,false,false
1304080,2,false,a4cc73aa,rr,caught,true,false,false
1304080,2,false,85e0cf10,rr,caught,true,false,false
1304080,2,false,a818c1be,rr,caught,true,false,false
1304080,2,false,2c25d4f5,rr,caught,true,false,false
1304080,2,false,a4cc73aa,rr,run out,false,false,true
1304080,2,false,04a418e8,rr,run out,false,false,true
1304080,2,false,a4cc73aa,rr,caught,true,false,false
1304080,2,false,a4cc73aa,rr,caught,true,false,false
1304081,1,false,c16d4035,kkr,caught,true,false,false
1304081,1,false,a24be938,kkr,caught,true,false,false
1304081,1,false,cc1e8c68,kkr,caught,true,false,false
1304081,1,false,0a509d6b,kkr,caught,true,false,false
1304081,1,false,cc1e8c68,kkr,caught,true,false,false
1304081,1,false,0a509d6b,kkr,caught,true,false,false
1304081,1,false,0a509d6b,kkr,caught,true,false,false
1304081,1,false,0a509d6b,kkr,caught,true,false,false
1304081,2,false,fe11caa6,gt,caught,true,false,false
1304081,2,false,2f9d0389,gt,caught,true,false,false
1304081,2,false,fe11caa6,gt,caught,true,false,false
1304081,2,false,fe11caa6,gt,caught,true,false,false
1304081,2,false,fe11caa6,gt,caught,true,false,false
1304081,2,false,0890552f,gt,caught,true,false,false
1304081,2,false,2f9d0389,gt,caught,true,false,false
1304082,1,false,6a26221c,srh,caught,true,false,false
1304082,1,false,6a26221c,srh,caught,true,false,false
1304082,1,false,d027ba9f,srh,caught,true,false,false
1304082,1,false,3241e3fd,srh,stumped,false,true,false
1304082,1,false,3241e3fd,srh,caught,true,false,false
1304082,1,false,3241e3fd,srh,caught,true,false,false
1304082,1,false,d027ba9f,srh,caught,true,false,false
1304082,2,false,c8f5f961,rcb,caught,true,false,false
1304083,1,false,740742ef,mi,caught,true,false,false
1304083,1,false,64775749,mi,caught,true,false,false
1304083,1,false,b0482a1d,mi,caught,true,false,false
1304083,1,false,0c9652b0,mi,caught,true,false,false
1304083,1,false,844e79d1,mi,caught,true,false,false
1304083,1,false,a757b0d8,mi,caught,true,false,false
1304083,2,false,0f721006,lsg,caught,true,false,false
1304083,2,false,327b58d3,lsg,caught,true,false,false
1304083,2,false,90de905a,lsg,caught,true,false,false
1304083,2,false,b17e2f24,lsg,caught,true,false,false
1304083,2,false,df064e1a,lsg,caught,true,false,false
1304083,2,false,73ad96ed,lsg,caught,true,false,false
1304083,2,false,5b8c830e,lsg,run out,false,false,true
1304083,2,false,0f721006,lsg,run out,false,false,true
1304083,2,false,df064e1a,lsg,caught,true,false,false
1304084,1,false,a4e37e47,csk,caught,true,false,false
1304084,1,false,a4e37e47,csk,caught,true,false,false
1304084,1,false,765a4731,csk,caught,true,false,false
1304084,1,false,e4a0deae,csk,run out,false,false,true
1304084,1,false,4a8a2e3b,csk,run out,false,false,true
1304084,2,false,26a85969,pbks,caught,true,false,false
1304084,2,false,00ea847a,pbks,caught,true,false,false
1304084,2,false,abb83e27,pbks,caught,true,false,false
1304085,1,false,2f49c897,rcb,caught,true,false,false
1304085,1,false,b681e71e,rcb,caught,true,false,false
1304085,1,false,9385de2e,rcb,caught,true,false,false
1304085,1,false,ba607b88,rcb,caught,true,false,false
1304085,1,false,9385de2e,rcb,run out,false,false,true
1304085,2,false,04a418e8,rr,caught,true,false,false
1304085,2,false,99b75528,rr,caught,true,false,false
1304085,2,false,2c25d4f5,rr,caught,true,false,false
1304085,2,false,04a418e8,rr,caught,true,false,false
1304085,2,false,85e0cf10,rr,run out,false,false,true
1304085,2,false,57ee1fde,rr,run out,false,false,true
1304085,2,false,04a418e8,rr,caught,true,false,false
1304085,2,false,2e78f685,rr,caught,true,false,false
1304085,2,false,04a418e8,rr,caught,true,false,false
1304086,1,false,b4b99816,gt,caught,true,false,false
1304086,1,false,d67d5f00,gt,caught,true,false,false
1304086,1,false,b0946605,gt,run out,false,false,true
1304086,2,false,81c36ee9,srh,caught,true,false,false
1304087,1,false,2cdce1be,dc,caught,true,false,false
1304087,1,false,650d5e49,dc,caught,true,false,false
1304087,1,false,919a3be2,dc,caught,true,false,false
1304087,1,false,919a3be2,dc,stumped,false,true,false
1304087,1,false,650d5e49,dc,caught,true,false,false
1304087,1,false,2cdce1be,dc,caught,true,false,false
1304087,2,false,a24be938,kkr,caught,true,false,false
1304087,2,false,9d430b40,kkr,caught,true,false,false
1304087,2,false,ff1e68fa,kkr,caught,true,false,false
1304087,2,false,a24be938,kkr,run out,false,false,true
1304087,2,false,85ec8e33,kkr,run out,false,false,true
1304088,1,false,800d2d97,pbks,caught,true,false,false
1304088,1,false,800d2d97,pbks,caught,true,false,false
1304088,1,false,abb83e27,pbks,run out,false,false,true
1304088,1,false,0a476045,pbks,caught,true,false,false
1304088,1,false,50c6bc2b,pbks,caught,true,false,false
1304088,1,false,ce820073,pbks,caught,true,false,false
1304088,1,false,2ed569a0,pbks,caught,true,false,false
1304088,2,false,b17e2f24,lsg,caught,true,false,false
1304088,2,false,b17e2f24,lsg,caught,true,false,false
1304088,2,false,372455c4,lsg,caught,true,false,false
1304088,2,false,5b8c830e,lsg,caught,true,false,false
1304088,2,false,872b03f7,lsg,caught,true,false,false
1304088,2,false,872b03f7,lsg,caught,true,false,false
1304089,1,false,fe11caa6,gt,caught,true,false,false
1304089,1,false,b4b99816,gt,caught,true,false,false
1304089,1,false,8cf9814c,gt,caught,true,false,false
1304089,1,false,5f547c8b,gt,caught,true,false,false
1304089,1,false,d67d5f00,gt,caught,true,false,false
1304089,2,false,c740ea83,rcb,caught,true,false,false
1304089,2,false,da934ee8,rcb,caught,true,false,false
1304089,2,false,c8f5f961,rcb,caught,true,false,false
1304090,1,false,a757b0d8,mi,caught,true,false,false
1304090,1,false,f1f99156,mi,caught,true,false,false
1304090,1,false,740742ef,mi,caught,true,false,false
1304090,1,false,271f83cd,mi,caught,true,false,false
1304090,1,false,caf69bf7,mi,caught,true,false,false
1304090,1,false,752f7486,mi,caught,true,false,false
1304090,2,false,eade4650,rr,caught,true,false,false
1304090,2,false,a4cc73aa,rr,caught,true,false,false
1304090,2,false,04a418e8,rr,caught,true,false,false
1304090,2,false,04a418e8,rr,caught,true,false,false
1304090,2,false,eade4650,rr,caught,true,false,false
1304091,1,false,ad427b5c,dc,caught,true,false,false
1304091,1,false,ad427b5c,dc,caught,true,false,false
1304091,2,false,90de905a,lsg,caught,true,false,false
1304091,2,false,872b03f7,lsg,caught,true,false,false
1304091,2,false,372455c4,lsg,caught,true,false,false
1304091,2,false,5b8c830e,lsg,caught,true,false,false
1304091,2,false,5b8c830e,lsg,caught,true,false,false
1304092,1,false,2e81a32d,srh,caught,true,false,false
1304092,1,false,81c08fa3,srh,caught,true,false,false
1304092,2,false,11614d87,csk,caught,true,false,false
1304092,2,false,30df8c66,csk,caught,true,false,false
1304092,2,false,fe93fd9d,csk,caught,true,false,false
1304092,2,false,4a8a2e3b,csk,caught,true,false,false
1304093,1,false,c38d3503,kkr,caught,true,false,false
1304093,1,false,0a509d6b,kkr,caught,true,false,false
1304093,1,false,e4cdf230,kkr,caught,true,false,false
1304093,1,false,0a509d6b,kkr,caught,true,false,false
1304093,2,false,495d42a5,rr,caught,true,false,false
1304093,2,false,a4cc73aa,rr,caught,true,false,false
1304094,1,false,26a85969,pbks,run out,false,false,true
1304094,1,false,00ea847a,pbks,caught,true,false,false
1304094,1,false,800d2d97,pbks,caught,true,false,false
1304094,1,false,e62dd25d,pbks,caught,true,false,false
1304094,1,false,ce820073,pbks,caught,true,false,false
1304094,1,false,800d2d97,pbks,caught,true,false,false
1304094,1,false,50c6bc2b,pbks,caught,true,false,false
1304094,2,false,9fc0ef64,gt,caught,true,false,false
1304095,1,false,fe93fd9d,csk,caught,true,false,false
1304095,1,false,1c17e270,csk,run out,false,false,true
1304095,1,false,4a8a2e3b,csk,run out,false,false,true
1304095,1,false,765a4731,csk,caught,true,false,false
1304095,1,false,45a43fe2,csk,caught,true,false,false
1304095,1,false,45a43fe2,csk,caught,true,false,false
1304095,1,false,df5a6881,csk,run out,false,false,true
1304095,1,false,11614d87,csk,run out,false,false,true
1304095,2,false,9385de2e,rcb,caught,true,false,false
1304095,2,false,9385de2e,rcb,caught,true,false,false
1304095,2,false,f9e6e7ef,rcb,caught,true,false,false
1304095,2,false,ba607b88,rcb,caught,true,false,false
1304095,2,false,2f49c897,rcb,caught,true,false,false
1304095,2,false,c740ea83,rcb,caught,true,false,false
1304095,2,false,ba607b88,rcb,caught,true,false,false
1304096,1,false,3241e3fd,srh,caught,true,false,false
1304096,2,false,8d2c70ad,dc,caught,true,false,false
1304096,2,false,919a3be2,dc,caught,true,false,false
1304096,2,false,1abb78f8,dc,caught,true,false,false
1304096,2,false,8d2c70ad,dc,caught,true,false,false
1304096,2,false,acdc62f5,dc,caught,true,false,false
1304096,2,false,60500956,dc,caught,true,false,false
1304096,2,false,650d5e49,dc,caught,true,false,false
1304097,1,false,5f547c8b,gt,caught,true,false,false
1304097,1,false,5f547c8b,gt,caught,true,false,false
1304097,1,false,dbe50b21,gt,run out,false,false,true
1304097,1,false,5f547c8b,gt,caught,true,false,false
1304097,2,false,a757b0d8,mi,caught,true,false,false
1304097,2,false,caf69bf7,mi,caught,true,false,false
1304097,2,false,752f7486,mi,run out,false,false,true
1304097,2,false,752f7486,mi,run out,false,false,true
1304097,2,false,b0482a1d,mi,run out,false,false,true
1304098,1,false,99b75528,rr,caught,true,false,false
1304098,1,false,99b75528,rr,caught,true,false,false
1304098,2,false,6c882e9a,pbks,caught,true,false,false
1304098,2,false,0a476045,pbks,caught,true,false,false
1304098,2,false,50c6bc2b,pbks,caught,true,false,false
1304098,2,false,00ea847a,pbks,caught,true,false,false
1304099,1,false,85ec8e33,kkr,run out,false,false,true
1304099,1,false,c38d3503,kkr,caught,true,false,false
1304099,1,false,85ec8e33,kkr,caught,true,false,false
1304099,1,false,b8d490fd,kkr,caught,true,false,false
1304099,1,false,85ec8e33,kkr,caught,true,false,false
1304099,1,false,0a509d6b,kkr,caught,true,false,false
1304099,1,false,ff1e68fa,kkr,run out,false,false,true
1304099,2,false,872b03f7,lsg,caught,true,false,false
1304099,2,false,872b03f7,lsg,caught,true,false,false
1304099,2,false,372455c4,lsg,caught,true,false,false
1304099,2,false,5b8c830e,lsg,caught,true,false,false
1304099,2,false,0f721006,lsg,caught,true,false,false
1304099,2,false,372455c4,lsg,caught,true,false,false
1304099,2,false,5b8c830e,lsg,caught,true,false,false
1304099,2,false,eef2536f,lsg,caught,true,false,false
1304099,2,false,872b03f7,lsg,run out,false,false,true
1304099,2,false,0f721006,lsg,run out,false,false,true
1304100,1,false,d027ba9f,srh,caught,true,false,false
1304100,1,false,77255a9e,srh,caught,true,false,false
1304100,1,false,6a26221c,srh,caught,true,false,false
1304100,2,false,f9e6e7ef,rcb,run out,false,false,true
1304100,2,false,ba607b88,rcb,caught,true,false,false
1304100,2,false,f9e6e7ef,rcb,caught,true,false,false
1304100,2,false,c03f1114,rcb,stumped,false,true,false
1304100,2,false,da934ee8,rcb,caught,true,false,false
1304100,2,false,c740ea83,rcb,caught,true,false,false
1304100,2,false,b681e71e,rcb,caught,true,false,false
1304100,2,false,3355b542,rcb,caught,true,false,false
1304101,1,false,2e171977,dc,caught,true,false,false
1304101,1,false,919a3be2,dc,caught,true,false,false
1304101,1,false,dcce6f09,dc,caught,true,false,false
1304101,1,false,2e171977,dc,caught,true,false,false
1304101,1,false,dcce6f09,dc,caught,true,false,false
1304101,1,false,b4f5c2d9,dc,caught,true,false,false
1304101,2,false,bb351c23,csk,caught,true,false,false
1304101,2,false,45a43fe2,csk,caught,true,false,false
1304101,2,false,df5a6881,csk,caught,true,false,false
1304101,2,false,4a8a2e3b,csk,caught,true,false,false
1304101,2,false,1c17e270,csk,caught,true,false,false
1304101,2,false,4a8a2e3b,csk,caught,true,false,false
1304102,1,false,caf69bf7,mi,caught,true,false,false
1304102,1,false,752f7486,mi,caught,true,false,false
1304102,1,false,a757b0d8,mi,caught,true,false,false
1304102,1,false,752f7486,mi,caught,true,false,false
1304102,1,false,caf69bf7,mi,caught,true,false,false
1304102,1,false,b0482a1d,mi,caught,true,false,false
1304102,1,false,a757b0d8,mi,caught,true,false,false
1304102,2,false,acc1aeda,kkr,caught,true,false,false
1304102,2,false,fb2d1dda,kkr,caught,true,false,false
1304102,2,false,fb2d1dda,kkr,caught,true,false,false
1304102,2,false,29e95537,kkr,caught,true,false,false
1304102,2,false,0a509d6b,kkr,caught,true,false,false
1304102,2,false,acc1aeda,kkr,caught,true,false,false
1304102,2,false,5b7ab5a9,kkr,caught,true,false,false
1304102,2,false,29e95537,kkr,run out,false,false,true
1304102,2,false,acc1aeda,kkr,run out,false,false,true
1304102,2,false,85ec8e33,kkr,run out,false,false,true
1304102,2,false,5b7ab5a9,kkr,run out,false,false,true
1304102,2,false,0a509d6b,kkr,run out,false,false,true
1304103,1,false,eef2536f,lsg,caught,true,false,false
1304103,1,false,372455c4,lsg,caught,true,false,false
1304103,1,false,372455c4,lsg,caught,true,false,false
1304103,1,false,872b03f7,lsg,caught,true,false,false
1304103,2,false,c7a995d3,gt,caught,true,false,false
1304103,2,false,fe11caa6,gt,caught,true,false,false
1304103,2,false,d67d5f00,gt,caught,true,false,false
1304103,2,false,fe11caa6,gt,stumped,false,true,false
1304103,2,false,fe11caa6,gt,stumped,false,true,false
1304103,2,false,fe11caa6,gt,run out,false,false,true
1304103,2,false,d67d5f00,gt,run out,false,false,true
1304103,2,false,5f547c8b,gt,caught,true,false,false
1304103,2,false,8cf9814c,gt,caught,true,false,false
1304103,2,false,fe11caa6,gt,caught,true,false,false
1304104,1,false,1abb78f8,dc,caught,true,false,false
1304104,1,false,ad427b5c,dc,caught,true,false,false
1304104,1,false,dcce6f09,dc,caught,true,false,false
1304104,1,false,1abb78f8,dc,caught,true,false,false
1304104,1,false,650d5e49,dc,caught,true,false,false
1304104,1,false,b4f5c2d9,dc,caught,true,false,false
1304104,2,false,a4cc73aa,rr,caught,true,false,false
1304104,2,false,2e78f685,rr,caught,true,false,false
1304105,1,false,0c9652b0,mi,caught,true,false,false
1304105,1,false,752f7486,mi,caught,true,false,false
1304105,1,false,752f7486,mi,caught,true,false,false
1304105,1,false,752f7486,mi,caught,true,false,false
1304105,1,false,b0482a1d,mi,caught,true,false,false
1304105,1,false,740742ef,mi,caught,true,false,false
1304105,1,false,752f7486,mi,run out,false,false,true
1304105,2,false,4a8a2e3b,csk,caught,true,false,false
1304105,2,false,4a8a2e3b,csk,caught,true,false,false
1304106,1,false,f986ca1a,rcb,caught,true,false,false
1304106,1,false,2f49c897,rcb,caught,true,false,false
1304106,1,false,a97c8ec2,rcb,caught,true,false,false
1304106,1,false,c03f1114,rcb,caught,true,false,false
1304106,1,false,c03f1114,rcb,caught,true,false,false
1304106,1,false,b681e71e,rcb,caught,true,false,false
1304106,1,false,b681e71e,rcb,run out,false,false,true
1304106,1,false,c03f1114,rcb,run out,false,false,true
1304106,2,false,2ed569a0,pbks,caught,true,false,false
1304106,2,false,800d2d97,pbks,caught,true,false,false
1304106,2,false,0a476045,pbks,caught,true,false,false
1304106,2,false,0a476045,pbks,caught,true,false,false
1304106,2,false,244048f6,pbks,caught,true,false,false
1304106,2,false,6c882e9a,pbks,caught,true,false,false
1304106,2,false,6c882e9a,pbks,caught,true,false,false
1304106,2,false,c05edf8e,pbks,caught,true,false,false
1304106,2,false,00ea847a,pbks,caught,true,false,false
1304107,1,false,26989d80,srh,caught,true,false,false
1304107,1,false,26989d80,srh,caught,true,false,false
1304107,1,false,77255a9e,srh,caught,true,false,false
1304107,1,false,d027ba9f,srh,caught,true,false,false
1304107,2,false,c16d4035,kkr,caught,true,false,false
1304107,2,false,a24be938,kkr,caught,true,false,false
1304107,2,false,c16d4035,kkr,caught,true,false,false
1304107,2,false,85ec8e33,kkr,caught,true,false,false
1304108,1,false,fe11caa6,gt,caught,true,false,false
1304108,1,false,5f547c8b,gt,caught,true,false,false
1304108,1,false,afa7e784,gt,caught,true,false,false
1304108,1,false,fe11caa6,gt,caught,true,false,false
1304108,1,false,7210d461,gt,caught,true,false,false
1304108,2,false,a4e37e47,csk,caught,true,false,false
1304108,2,false,a4e37e47,csk,caught,true,false,false
1304109,1,false,73ad96ed,lsg,caught,true,false,false
1304109,1,false,5b8c830e,lsg,caught,true,false,false
1304109,1,false,d9273ee7,lsg,caught,true,false,false
1304109,1,false,b17e2f24,lsg,run out,false,false,true
1304109,1,false,df064e1a,lsg,run out,false,false,true
1304109,2,false,9219eff0,rr,caught,true,false,false
1304109,2,false,6c19c6e5,rr,caught,true,false,false
1304109,2,false,04a418e8,rr,caught,true,false,false
1304109,2,false,a4cc73aa,rr,stumped,false,true,false
1304109,2,false,a4cc73aa,rr,caught,true,false,false
1304109,2,false,04a418e8,rr,caught,true,false,false
1304110,1,false,2ed569a0,pbks,caught,true,false,false
1304110,1,false,2ed569a0,pbks,caught,true,false,false
1304110,1,false,6c882e9a,pbks,caught,true,false,false
1304110,1,false,800d2d97,pbks,stumped,false,true,false
1304110,1,false,0a476045,pbks,caught,true,false,false
1304110,1,false,26a85969,pbks,caught,true,false,false
1304110,1,false,c05edf8e,pbks,caught,true,false,false
1304110,2,false,2e171977,dc,caught,true,false,false
1304110,2,false,acdc62f5,dc,caught,true,false,false
1304110,2,false,919a3be2,dc,caught,true,false,false
1304110,2,false,919a3be2,dc,stumped,false,true,false
1304110,2,false,dcce6f09,dc,caught,true,false,false
1304110,2,false,650d5e49,dc,caught,true,false,false
1304111,1,false,a9fd84fb,mi,caught,true,false,false
1304111,1,false,a9fd84fb,mi,caught,true,false,false
1304111,1,false,b0482a1d,mi,caught,true,false,false
1304111,1,false,f1f99156,mi,caught,true,false,false
1304111,2,false,4125d931,srh,caught,true,false,false
1304111,2,false,bb965e9a,srh,caught,true,false,false
1304111,2,false,d027ba9f,srh,caught,true,false,false
1304111,2,false,bb965e9a,srh,caught,true,false,false
1304111,2,false,2e81a32d,srh,run out,false,false,true
1304111,2,false,ce794613,srh,run out,false,false,true
1304111,2,false,4125d931,srh,caught,true,false,false
1304112,2,false,372455c4,lsg,caught,true,false,false
1304112,2,false,b17e2f24,lsg,caught,true,false,false
1304112,2,false,d9273ee7,lsg,caught,true,false,false
1304112,2,false,73ad96ed,lsg,caught,true,false,false
1304112,2,false,372455c4,lsg,stumped,false,true,false
1304112,2,false,73ad96ed,lsg,caught,true,false,false
1304112,2,false,0ebfb1ad,lsg,caught,true,false,false
1304113,1,false,b681e71e,rcb,caught,true,false,false
1304113,1,false,3355b542,rcb,run out,false,false,true
1304113,1,false,c03f1114,rcb,caught,true,false,false
1304113,2,false,dbe50b21,gt,caught,true,false,false
1304113,2,false,afa7e784,gt,stumped,false,true,false
1304114,1,false,a4cc73aa,rr,caught,true,false,false
1304114,1,false,04a418e8,rr,caught,true,false,false
1304114,1,false,2c25d4f5,rr,caught,true,false,false
1304114,1,false,99b75528,rr,caught,true,false,false
1304114,1,false,04a418e8,rr,caught,true,false,false
1304114,2,false,bb351c23,csk,caught,true,false,false
1304114,2,false,64839cb3,csk,caught,true,false,false
1304114,2,false,df5a6881,csk,caught,true,false,false
1304115,1,false,462411b3,mi,caught,true,false,false
1304115,1,false,740742ef,mi,caught,true,false,false
1304115,1,false,752f7486,mi,caught,true,false,false
1304115,1,false,752f7486,mi,caught,true,false,false
1304115,1,false,752f7486,mi,caught,true,false,false
1304115,1,false,f1f99156,mi,caught,true,false,false
1304115,2,false,1abb78f8,dc,caught,true,false,false
1304115,2,false,dcce6f09,dc,caught,true,false,false
1304115,2,false,8b3e9c7c,dc,caught,true,false,false
1304115,2,false,919a3be2,dc,caught,true,false,false
1304116,1,false,00ea847a,pbks,caught,true,false,false
1304116,1,false,0a476045,pbks,caught,true,false,false
1304116,1,false,50c6bc2b,pbks,caught,true,false,false
1304116,1,false,800d2d97,pbks,caught,true,false,false
1304116,1,false,800d2d97,pbks,stumped,false,true,false
1304116,1,false,0a476045,pbks,caught,true,false,false
1304116,1,false,663b5e34,pbks,caught,true,false,false
1304116,1,false,800d2d97,pbks,run out,false,false,true
1304116,2,false,f19ccfad,srh,caught,true,false,false
1304116,2,false,4125d931,srh,caught,true,false,false
1304116,2,false,bb965e9a,srh,caught,true,false,false
1312197,1,false,fe11caa6,gt,caught,true,false,false
1312197,1,false,b0946605,gt,caught,true,false,false
1312197,1,false,39a2dfa8,gt,caught,true,false,false
1312197,1,false,fe11caa6,gt,run out,false,false,true
1312197,1,false,b0946605,gt,run out,false,false,true
1312197,1,false,fe11caa6,gt,run out,false,false,true
1312197,1,false,7210d461,gt,run out,false,false,true
1312197,2,false,a4cc73aa,rr,caught,true,false,false
1312197,2,false,2c25d4f5,rr,run out,false,false,true
1312197,2,false,48a1d7b7,rr,run out,false,false,true
1312197,2,false,99b75528,rr,caught,true,false,false
1312198,1,false,372455c4,lsg,caught,true,false,false
1312198,1,false,c33d8116,lsg,caught,true,false,false
1312198,1,false,0ebfb1ad,lsg,caught,true,false,false
1312198,1,false,b17e2f24,lsg,caught,true,false,false
1312198,2,false,3355b542,rcb,caught,true,false,false
1312198,2,false,f9e6e7ef,rcb,caught,true,false,false
1312198,2,false,c740ea83,rcb,caught,true,false,false
1312198,2,false,f9e6e7ef,rcb,caught,true,false,false
1312199,1,false,a4cc73aa,rr,caught,true,false,false
1312199,1,false,495d42a5,rr,caught,true,false,false
1312199,1,false,529eb9e0,rr,caught,true,false,false
1312199,1,false,99b75528,rr,caught,true,false,false
1312199,1,false,495d42a5,rr,caught,true,false,false
1312199,1,false,04a418e8,rr,caught,true,false,false
1312199,2,false,ba607b88,rcb,caught,true,false,false
1312199,2,false,c03f1114,rcb,stumped,false,true,false
1312199,2,false,c03f1114,rcb,caught,true,false,false
1312200,1,false,c7a995d3,gt,caught,true,false,false
1312200,1,false,c7a995d3,gt,caught,true,false,false
1312200,1,false,8cf9814c,gt,caught,true,false,false
1312200,1,false,fe11caa6,gt,caught,true,false,false
1312200,1,false,d67d5f00,gt,caught,true,false,false
1312200,1,false,39a2dfa8,gt,caught,true,false,false
1312200,1,false,39a2dfa8,gt,run out,false,false,true
1312200,1,false,8cf9814c,gt,run out,false,false,true
1312200,2,false,04a418e8,rr,caught,true,false,false
1312200,2,false,6c19c6e5,rr,caught,true,false,false
1359475,1,false,fe11caa6,gt,caught,true,false,false
1359475,1,false,fe11caa6,gt,caught,true,false,false
1359475,1,false,b4b99816,gt,caught,true,false,false
1359475,1,false,0994d0ae,gt,caught,true,false,false
1359475,1,false,5f547c8b,gt,caught,true,false,false
1359475,2,false,a4e37e47,csk,caught,true,false,false
1359475,2,false,4a8a2e3b,csk,caught,true,false,false
1359475,2,false,45a43fe2,csk,caught,true,false,false
1359475,2,false,e4a0deae,csk,caught,true,false,false
1359476,1,false,0bacade8,kkr,caught,true,false,false
1359476,1,false,0a509d6b,kkr,caught,true,false,false
1359476,1,false,cc1e8c68,kkr,caught,true,false,false
1359476,1,false,fb2d1dda,kkr,caught,true,false,false
1359476,2,false,e94915e6,pbks,caught,true,false,false
1359476,2,false,26d041c4,pbks,caught,true,false,false
1359476,2,false,2ed569a0,pbks,caught,true,false,false
1359476,2,false,26d041c4,pbks,caught,true,false,false
1359476,2,false,26d041c4,pbks,caught,true,false,false
1359476,2,false,2ed569a0,pbks,caught,true,false,false
1359477,1,false,2e171977,dc,caught,true,false,false
1359477,1,false,dcce6f09,dc,caught,true,false,false
1359477,1,false,f088b960,dc,caught,true,false,false
1359477,1,false,8b3e9c7c,dc,caught,true,false,false
1359477,1,false,f088b960,dc,caught,true,false,false
1359477,2,false,90de905a,lsg,caught,true,false,false
1359477,2,false,73c18486,lsg,caught,true,false,false
1359477,2,false,3241e3fd,lsg,caught,true,false,false
1359477,2,false,90de905a,lsg,caught,true,false,false
1359477,2,false,663b5e34,lsg,caught,true,false,false
1359477,2,false,5b8c830e,lsg,caught,true,false,false
1359478,1,false,00ea847a,srh,caught,true,false,false
1359478,1,false,e9c7f0d0,srh,caught,true,false,false
1359478,1,false,f29185a1,srh,caught,true,false,false
1359478,2,false,0f721006,rr,caught,true,false,false
1359478,2,false,48a1d7b7,rr,caught,true,false,false
1359478,2,false,798cc28e,rr,caught,true,false,false
1359478,2,false,99b75528,rr,caught,true,false,false
1359478,2,false,a4cc73aa,rr,stumped,false,true,false
1359479,1,false,f986ca1a,rcb,caught,true,false,false
1359479,1,false,c03f1114,rcb,caught,true,false,false
1359479,1,false,f9e6e7ef,rcb,caught,true,false,false
1359479,1,false,ba607b88,rcb,caught,true,false,false
1359479,1,false,3355b542,rcb,caught,true,false,false
1359479,2,false,f1f99156,mi,caught,true,false,false
1359479,2,false,b0482a1d,mi,caught,true,false,false
1359480,1,false,8d92a2c3,lsg,caught,true,false,false
1359480,1,false,5b8c830e,lsg,caught,true,false,false
1359480,1,false,8d92a2c3,lsg,caught,true,false,false
1359480,1,false,3241e3fd,lsg,stumped,false,true,false
1359480,1,false,4b31f3a3,lsg,caught,true,false,false
1359480,1,false,df064e1a,lsg,caught,true,false,false
1359480,1,false,df064e1a,lsg,caught,true,false,false
1359480,2,false,df5a6881,csk,caught,true,false,false
1359480,2,false,e087956b,csk,caught,true,false,false
1359480,2,false,45a43fe2,csk,caught,true,false,false
1359480,2,false,fe93fd9d,csk,caught,true,false,false
1359480,2,false,e087956b,csk,caught,true,false,false
1359480,2,false,4a8a2e3b,csk,caught,true,false,false
1359481,1,false,b0946605,gt,caught,true,false,false
1359481,1,false,39a2dfa8,gt,caught,true,false,false
1359481,1,false,9061a703,gt,caught,true,false,false
1359481,1,false,dbe50b21,gt,caught,true,false,false
1359481,1,false,d67d5f00,gt,caught,true,false,false
1359481,2,false,ad3b6e95,dc,caught,true,false,false
1359482,1,false,99b75528,rr,caught,true,false,false
1359482,1,false,04a418e8,rr,caught,true,false,false
1359482,1,false,99b75528,rr,caught,true,false,false
1359482,2,false,a90e53ec,pbks,caught,true,false,false
1359482,2,false,0a476045,pbks,caught,true,false,false
1359482,2,false,a90e53ec,pbks,caught,true,false,false
1359482,2,false,7dcb9bc9,pbks,caught,true,false,false
1359482,2,false,7dcb9bc9,pbks,run out,false,false,true
1359482,2,false,e94915e6,pbks,run out,false,false,true
1359483,1,false,c03f1114,rcb,caught,true,false,false
1359483,1,false,0a67aec0,rcb,caught,true,false,false
1359483,1,false,ba607b88,rcb,caught,true,false,false
1359483,1,false,c03f1114,rcb,caught,true,false,false
1359483,1,false,b681e71e,rcb,caught,true,false,false
1359483,2,false,1abb78f8,kkr,caught,true,false,false
1359483,2,false,fb2d1dda,kkr,caught,true,false,false
1359483,2,false,9d430b40,kkr,caught,true,false,false
1359483,2,false,5b7ab5a9,kkr,caught,true,false,false
1359483,2,false,fb2d1dda,kkr,caught,true,false,false
1359484,1,false,d9273ee7,lsg,caught,true,false,false
1359484,1,false,3241e3fd,lsg,stumped,false,true,false
1359484,1,false,6b19d823,lsg,caught,true,false,false
1359484,1,false,73ad96ed,lsg,caught,true,false,false
1359484,1,false,73ad96ed,lsg,caught,true,false,false
1359484,1,false,73ad96ed,lsg,run out,false,false,true
1359484,1,false,1e66c162,lsg,run out,false,false,true
1359484,2,false,00ea847a,srh,caught,true,false,false
1359484,2,false,1399b39c,srh,caught,true,false,false
1359485,1,false,acdc62f5,dc,caught,true,false,false
1359485,2,false,a4cc73aa,rr,caught,true,false,false
1359485,2,false,6c19c6e5,rr,caught,true,false,false
1359485,2,false,a4cc73aa,rr,stumped,false,true,false
1359485,2,false,48a1d7b7,rr,caught,true,false,false
1359485,2,false,48a1d7b7,rr,caught,true,false,false
1359486,1,false,11614d87,csk,caught,true,false,false
1359486,1,false,4a8a2e3b,csk,caught,true,false,false
1359486,1,false,45a43fe2,csk,caught,true,false,false
1359486,1,false,29e95537,csk,caught,true,false,false
1359486,2,false,271f83cd,mi,caught,true,false,false
1359487,1,false,bd54eef5,kkr,caught,true,false,false
1359487,1,false,cc1e8c68,kkr,caught,true,false,false
1359487,1,false,e4cdf230,kkr,caught,true,false,false
1359487,2,false,7210d461,gt,caught,true,false,false
1359487,2,false,0890552f,gt,caught,true,false,false
1359487,2,false,8cf9814c,gt,caught,true,false,false
1359487,2,false,b4b99816,gt,caught,true,false,false
1359487,2,false,44a89551,gt,caught,true,false,false
1359487,2,false,81049310,gt,caught,true,false,false
1359488,1,false,6a26221c,srh,caught,true,false,false
1359488,1,false,2e81a32d,srh,caught,true,false,false
1359488,1,false,00ea847a,srh,caught,true,false,false
1359488,2,false,e94915e6,pbks,caught,true,false,false
1359489,1,false,d9273ee7,lsg,caught,true,false,false
1359489,2,false,c03f1114,rcb,caught,true,false,false
1359489,2,false,c03f1114,rcb,caught,true,false,false
1359489,2,false,f9e6e7ef,rcb,caught,true,false,false
1359489,2,false,ba607b88,rcb,caught,true,false,false
1359489,2,false,f9e6e7ef,rcb,caught,true,false,false
1359489,2,false,3355b542,rcb,caught,true,false,false
1359490,1,false,eaa76d3c,mi,caught,true,false,false
1359490,1,false,4933f499,mi,caught,true,false,false
1359490,1,false,d1a60072,mi,caught,true,false,false
1359490,1,false,12314277,mi,caught,true,false,false
1359490,1,false,64775749,mi,caught,true,false,false
1359490,1,false,d1a60072,mi,run out,false,false,true
1359490,1,false,eaa76d3c,mi,caught,true,false,false
1359490,2,false,2cffab74,dc,run out,false,false,true
1359490,2,false,ad427b5c,dc,run out,false,false,true
1359490,2,false,93b4fc78,dc,caught,true,false,false
1359490,2,false,8d2c70ad,dc,caught,true,false,false
1359490,2,false,ad3b6e95,dc,caught,true,false,false
1359491,1,false,a4e37e47,csk,caught,true,false,false
1359491,1,false,df5a6881,csk,caught,true,false,false
1359491,1,false,8361e524,csk,caught,true,false,false
1359491,1,false,a4e37e47,csk,caught,true,false,false
1359491,1,false,df5a6881,csk,caught,true,false,false
1359491,1,false,4a8a2e3b,csk,run out,false,false,true
1359491,1,false,f24c6701,csk,run out,false,false,true
1359491,2,false,6c19c6e5,rr,caught,true,false,false
1359491,2,false,ce820073,rr,caught,true,false,false
1359491,2,false,48a1d7b7,rr,caught,true,false,false
1359491,2,false,6c19c6e5,rr,caught,true,false,false
1359492,1,false,5f547c8b,gt,caught,true,false,false
1359492,1,false,b0946605,gt,caught,true,false,false
1359492,1,false,fe11caa6,gt,caught,true,false,false
1359492,1,false,b4b99816,gt,caught,true,false,false
1359492,1,false,b4b99816,gt,caught,true,false,false
1359492,1,false,fe11caa6,gt,run out,false,false,true
1359492,1,false,d67d5f00,gt,run out,false,false,true
1359492,1,false,fe11caa6,gt,run out,false,false,true
1359492,2,false,a90e53ec,pbks,caught,true,false,false
1359492,2,false,9418198b,pbks,caught,true,false,false
1359492,2,false,e94915e6,pbks,caught,true,false,false
1359493,1,false,5b7ab5a9,kkr,caught,true,false,false
1359493,1,false,0bacade8,kkr,caught,true,false,false
1359493,1,false,bbd41817,kkr,caught,true,false,false
1359493,1,false,1abb78f8,kkr,caught,true,false,false
1359493,2,false,81c08fa3,srh,caught,true,false,false
1359493,2,false,6a26221c,srh,caught,true,false,false
1359493,2,false,6a26221c,srh,caught,true,false,false
1359493,2,false,9a46c4e5,srh,caught,true,false,false
1359493,2,false,81c36ee9,srh,caught,true,false,false
1359493,2,false,f19ccfad,srh,caught,true,false,false
1359493,2,false,f19ccfad,srh,caught,true,false,false
1359494,1,false,378daa89,dc,caught,true,false,false
1359494,1,false,dd7e9b3b,dc,caught,true,false,false
1359494,1,false,ad3b6e95,dc,caught,true,false,false
1359494,1,false,ad3b6e95,dc,caught,true,false,false
1359494,1,false,dcce6f09,dc,caught,true,false,false
1359494,1,false,ad427b5c,dc,caught,true,false,false
1359494,2,false,c8f5f961,rcb,run out,false,false,true
1359494,2,false,ba607b88,rcb,caught,true,false,false
1359494,2,false,ba607b88,rcb,caught,true,false,false
1359494,2,false,3a60e0b5,rcb,caught,true,false,false
1359494,2,false,2f49c897,rcb,caught,true,false,false
1359494,2,false,b681e71e,rcb,caught,true,false,false
1359494,2,false,ba607b88,rcb,caught,true,false,false
1359495,1,false,28c78fb3,pbks,caught,true,false,false
1359495,1,false,7dcb9bc9,pbks,caught,true,false,false
1359495,1,false,7dcb9bc9,pbks,caught,true,false,false
1359495,1,false,800d2d97,pbks,caught,true,false,false
1359495,1,false,9eb1455b,pbks,caught,true,false,false
1359495,1,false,26d041c4,pbks,caught,true,false,false
1359495,1,false,7dcb9bc9,pbks,caught,true,false,false
1359495,2,false,eef2536f,lsg,caught,true,false,false
1359495,2,false,d9273ee7,lsg,caught,true,false,false
1359495,2,false,663b5e34,lsg,caught,true,false,false
1359495,2,false,5b8c830e,lsg,caught,true,false,false
1359495,2,false,b17e2f24,lsg,caught,true,false,false
1359495,2,false,d9273ee7,lsg,caught,true,false,false
1359495,2,false,3241e3fd,lsg,caught,true,false,false
1359496,1,false,0c9652b0,mi,caught,true,false,false
1359496,1,false,8dc152d1,mi,caught,true,false,false
1359496,1,false,be24ead0,mi,caught,true,false,false
1359496,1,false,b0482a1d,mi,caught,true,false,false
1359496,1,false,8dc152d1,mi,caught,true,false,false
1359496,1,false,d1a60072,mi,caught,true,false,false
1359496,2,false,cc1e8c68,kkr,caught,true,false,false
1359496,2,false,0bacade8,kkr,caught,true,false,false
1359496,2,false,0bacade8,kkr,caught,true,false,false
1359497,1,false,99b75528,rr,run out,false,false,true
1359497,1,false,a4cc73aa,rr,run out,false,false,true
1359497,1,false,6c19c6e5,rr,caught,true,false,false
1359497,1,false,99b75528,rr,caught,true,false,false
1359497,1,false,2c25d4f5,rr,caught,true,false,false
1359497,1,false,48a1d7b7,rr,caught,true,false,false
1359497,1,false,99b75528,rr,run out,false,false,true
1359497,1,false,ce820073,rr,run out,false,false,true
1359497,2,false,b4b99816,gt,caught,true,false,false
1359497,2,false,759ac88f,gt,caught,true,false,false
1359497,2,false,d67d5f00,gt,caught,true,false,false
1359497,2,false,d67d5f00,gt,caught,true,false,false
1359497,2,false,759ac88f,gt,caught,true,false,false
1359497,2,false,39a2dfa8,gt,caught,true,false,false
1359498,1,false,3a60e0b5,rcb,caught,true,false,false
1359498,1,false,2f49c897,rcb,caught,true,false,false
1359498,1,false,c03f1114,rcb,caught,true,false,false
1359498,1,false,9385de2e,rcb,caught,true,false,false
1359498,2,false,45a43fe2,csk,caught,true,false,false
1359498,2,false,4a8a2e3b,csk,caught,true,false,false
1359498,2,false,4a8a2e3b,csk,caught,true,false,false
1359498,2,false,f24c6701,csk,caught,true,false,false
1359498,2,false,45a43fe2,csk,caught,true,false,false
1359498,2,false,a4e37e47,csk,caught,true,false,false
1359498,2,false,fe93fd9d,csk,caught,true,false,false
1359499,1,false,6a26221c,srh,caught,true,false,false
1359499,1,false,6a26221c,srh,caught,true,false,false
1359499,1,false,6a26221c,srh,caught,true,false,false
1359499,1,false,00ea847a,srh,caught,true,false,false
1359499,1,false,ce794613,srh,run out,false,false,true
1359499,1,false,f29185a1,srh,run out,false,false,true
1359499,2,false,271f83cd,mi,caught,true,false,false
1359499,2,false,752f7486,mi,caught,true,false,false
1359499,2,false,0c9652b0,mi,caught,true,false,false
1359499,2,false,f1f99156,mi,caught,true,false,false
1359499,2,false,f1f99156,mi,caught,true,false,false
1359499,2,false,f1f99156,mi,caught,true,false,false
1359499,2,false,f1f99156,mi,caught,true,false,false
1359499,2,false,f1f99156,mi,run out,false,false,true
1359499,2,false,752f7486,mi,run out,false,false,true
1359499,2,false,0c9652b0,mi,run out,false,false,true
1359499,2,false,740742ef,mi,caught,true,false,false
1359500,1,false,99b75528,rr,caught,true,false,false
1359500,1,false,48a1d7b7,rr,caught,true,false,false
1359500,1,false,a4cc73aa,rr,caught,true,false,false
1359500,1,false,a4cc73aa,rr,run out,false,false,true
1359500,1,false,a4cc73aa,rr,run out,false,false,true
1359500,1,false,48a1d7b7,rr,run out,false,false,true
1359500,2,false,eef2536f,lsg,caught,true,false,false
1359500,2,false,6b19d823,lsg,run out,false,false,true
1359500,2,false,3241e3fd,lsg,run out,false,false,true
1359500,2,false,df064e1a,lsg,caught,true,false,false
1359500,2,false,b17e2f24,lsg,caught,true,false,false
1359500,2,false,3241e3fd,lsg,caught,true,false,false
1359500,2,false,73ad96ed,lsg,caught,true,false,false
1359501,1,false,800d2d97,pbks,caught,true,false,false
1359501,1,false,1ac746c8,pbks,caught,true,false,false
1359501,1,false,e94915e6,pbks,caught,true,false,false
1359501,1,false,1ac746c8,pbks,caught,true,false,false
1359501,2,false,2f49c897,rcb,run out,false,false,true
1359501,2,false,a97c8ec2,rcb,run out,false,false,true
1359501,2,false,c03f1114,rcb,stumped,false,true,false
1359501,2,false,f9e6e7ef,rcb,caught,true,false,false
1359502,1,false,ad427b5c,dc,caught,true,false,false
1359502,1,false,3d8feaf8,dc,caught,true,false,false
1359502,1,false,2cffab74,dc,caught,true,false,false
1359502,1,false,ad427b5c,dc,caught,true,false,false
1359502,1,false,dcce6f09,dc,caught,true,false,false
1359502,1,false,378daa89,dc,caught,true,false,false
1359502,1,false,dd7e9b3b,dc,run out,false,false,true
1359502,1,false,3d284ca3,dc,run out,false,false,true
1359502,2,false,aa8d28ae,kkr,caught,true,false,false
1359502,2,false,0a509d6b,kkr,caught,true,false,false
1359503,1,false,45a43fe2,csk,caught,true,false,false
1359503,1,false,29e95537,csk,caught,true,false,false
1359503,1,false,b483905d,csk,caught,true,false,false
1359503,1,false,4a8a2e3b,csk,caught,true,false,false
1359503,1,false,4a8a2e3b,csk,stumped,false,true,false
1359503,1,false,45a43fe2,csk,caught,true,false,false
1359503,1,false,4a8a2e3b,csk,run out,false,false,true
1359503,2,false,81c08fa3,srh,run out,false,false,true
1359503,2,false,6a26221c,srh,caught,true,false,false
1359504,1,false,df064e1a,lsg,caught,true,false,false
1359504,1,false,73ad96ed,lsg,caught,true,false,false
1359504,1,false,c0c411cb,lsg,caught,true,false,false
1359504,1,false,b17e2f24,lsg,caught,true,false,false
1359504,1,false,73ad96ed,lsg,caught,true,false,false
1359504,2,false,fe11caa6,gt,stumped,false,true,false
1359504,2,false,dbe50b21,gt,caught,true,false,false
1359504,2,false,81049310,gt,caught,true,false,false
1359504,2,false,d67d5f00,gt,caught,true,false,false
1359504,2,false,0994d0ae,gt,run out,false,false,true
1359504,2,false,759ac88f,gt,run out,false,false,true
1359504,2,false,fe11caa6,gt,run out,false,false,true
1359504,2,false,5f547c8b,gt,run out,false,false,true
1359505,1,false,98ae73b1,mi,caught,true,false,false
1359505,1,false,752f7486,mi,stumped,false,true,false
1359505,1,false,752f7486,mi,run out,false,false,true
1359505,1,false,b0482a1d,mi,run out,false,false,true
1359505,2,false,a90e53ec,pbks,caught,true,false,false
1359505,2,false,e94915e6,pbks,caught,true,false,false
1359505,2,false,1ac746c8,pbks,caught,true,false,false
1359506,1,false,6c19c6e5,rr,caught,true,false,false
1359506,1,false,6c19c6e5,rr,run out,false,false,true
1359506,1,false,0f721006,rr,caught,true,false,false
1359506,1,false,2c25d4f5,rr,caught,true,false,false
1359506,1,false,6c19c6e5,rr,run out,false,false,true
1359506,1,false,a4cc73aa,rr,run out,false,false,true
1359506,1,false,a4cc73aa,rr,run out,false,false,true
1359506,1,false,ce820073,rr,run out,false,false,true
1359506,1,false,99b75528,rr,caught,true,false,false
1359506,1,false,48a1d7b7,rr,caught,true,false,false
1359506,2,false,ba607b88,rcb,caught,true,false,false
1359506,2,false,ba607b88,rcb,caught,true,false,false
1359506,2,false,f9e6e7ef,rcb,caught,true,false,false
1359506,2,false,9385de2e,rcb,run out,false,false,true
1359506,2,false,9385de2e,rcb,caught,true,false,false
1359507,1,false,aa8d28ae,kkr,caught,true,false,false
1359507,1,false,d1c36f5c,kkr,caught,true,false,false
1359507,1,false,0a509d6b,kkr,caught,true,false,false
1359507,2,false,fe93fd9d,csk,caught,true,false,false
1359507,2,false,45a43fe2,csk,caught,true,false,false
1359507,2,false,a4e37e47,csk,caught,true,false,false
1359507,2,false,df5a6881,csk,caught,true,false,false
1359508,1,false,235c2bb6,srh,caught,true,false,false
1359508,1,false,4ae1755b,srh,caught,true,false,false
1359508,1,false,2e81a32d,srh,caught,true,false,false
1359508,1,false,f29185a1,srh,caught,true,false,false
1359508,1,false,235c2bb6,srh,run out,false,false,true
1359508,1,false,f19ccfad,srh,run out,false,false,true
1359508,1,false,235c2bb6,srh,run out,false,false,true
1359508,1,false,81c08fa3,srh,run out,false,false,true
1359508,1,false,235c2bb6,srh,run out,false,false,true
1359508,2,false,378daa89,dc,caught,true,false,false
1359508,2,false,3d284ca3,dc,caught,true,false,false
1359508,2,false,378daa89,dc,caught,true,false,false
1359509,1,false,752f7486,mi,caught,true,false,false
1359509,1,false,271f83cd,mi,caught,true,false,false
1359509,1,false,271f83cd,mi,caught,true,false,false
1359509,1,false,f1f99156,mi,caught,true,false,false
1359509,1,false,4933f499,mi,caught,true,false,false
1359509,1,false,271f83cd,mi,caught,true,false,false
1359509,2,false,9061a703,gt,caught,true,false,false
1359509,2,false,0890552f,gt,caught,true,false,false
1359509,2,false,fe11caa6,gt,run out,false,false,true
1359509,2,false,759ac88f,gt,run out,false,false,true
1359509,2,false,8cf9814c,gt,caught,true,false,false
1359509,2,false,9061a703,gt,caught,true,false,false
1359510,1,false,7f048519,rcb,caught,true,false,false
1359510,1,false,54e52590,rcb,caught,true,false,false
1359510,1,false,b681e71e,rcb,caught,true,false,false
1359510,2,false,0a509d6b,kkr,caught,true,false,false
1359510,2,false,aa8d28ae,kkr,caught,true,false,false
1359510,2,false,bbd41817,kkr,caught,true,false,false
1359510,2,false,a24be938,kkr,caught,true,false,false
1359510,2,false,e4cdf230,kkr,run out,false,false,true
1359510,2,false,9440ef41,kkr,run out,false,false,true
1359510,2,false,e4cdf230,kkr,caught,true,false,false
1359510,2,false,0a509d6b,kkr,caught,true,false,false
1359511,1,false,a4e37e47,csk,caught,true,false,false
1359511,1,false,45a43fe2,csk,caught,true,false,false
1359511,1,false,29e95537,csk,caught,true,false,false
1359511,1,false,4a8a2e3b,csk,run out,false,false,true
1359511,2,false,ce820073,rr,caught,true,false,false
1359511,2,false,2c25d4f5,rr,caught,true,false,false
1359511,2,false,99b75528,rr,caught,true,false,false
1359511,2,false,0f721006,rr,caught,true,false,false
1359511,2,false,a4cc73aa,rr,caught,true,false,false
1359511,2,false,99b75528,rr,caught,true,false,false
1359512,1,false,7dcb9bc9,pbks,caught,true,false,false
1359512,1,false,0a476045,pbks,caught,true,false,false
1359512,1,false,2ed569a0,pbks,caught,true,false,false
1359512,1,false,800d2d97,pbks,caught,true,false,false
1359512,2,false,5b8c830e,lsg,caught,true,false,false
1359512,2,false,caf69bf7,lsg,caught,true,false,false
1359512,2,false,5b8c830e,lsg,caught,true,false,false
1359512,2,false,872b03f7,lsg,caught,true,false,false
1359512,2,false,b17e2f24,lsg,caught,true,false,false
1359512,2,false,73ad96ed,lsg,caught,true,false,false
1359512,2,false,df064e1a,lsg,caught,true,false,false
1359513,1,false,759ac88f,gt,caught,true,false,false
1359513,1,false,39a2dfa8,gt,caught,true,false,false
1359513,1,false,5f547c8b,gt,caught,true,false,false
1359513,1,false,9061a703,gt,caught,true,false,false
1359513,1,false,39a2dfa8,gt,caught,true,false,false
1359513,2,false,77b1aa15,kkr,caught,true,false,false
1359513,2,false,bbd41817,kkr,caught,true,false,false
1359514,1,false,3d284ca3,dc,caught,true,false,false
1359514,1,false,93b4fc78,dc,caught,true,false,false
1359514,1,false,2e171977,dc,caught,true,false,false
1359514,1,false,2e171977,dc,caught,true,false,false
1359514,1,false,dcce6f09,dc,caught,true,false,false
1359514,1,false,3d284ca3,dc,caught,true,false,false
1359514,2,false,235c2bb6,srh,stumped,false,true,false
1359514,2,false,6a26221c,srh,caught,true,false,false
1359515,1,false,800d2d97,pbks,stumped,false,true,false
1359515,1,false,7dcb9bc9,pbks,caught,true,false,false
1359515,1,false,800d2d97,pbks,stumped,false,true,false
1359515,1,false,50c6bc2b,pbks,caught,true,false,false
1359515,2,false,64839cb3,csk,caught,true,false,false
1359515,2,false,4a8a2e3b,csk,stumped,false,true,false
1359515,2,false,45a43fe2,csk,caught,true,false,false
1359515,2,false,cbf58a86,csk,caught,true,false,false
1359516,1,false,be24ead0,mi,caught,true,false,false
1359516,1,false,b0482a1d,mi,caught,true,false,false
1359516,1,false,f1f99156,mi,caught,true,false,false
1359516,1,false,271f83cd,mi,caught,true,false,false
1359516,1,false,b0482a1d,mi,caught,true,false,false
1359516,2,false,a818c1be,rr,caught,true,false,false
1359516,2,false,a818c1be,rr,caught,true,false,false
1359516,2,false,ce820073,rr,caught,true,false,false
1359517,1,false,3241e3fd,lsg,stumped,false,true,false
1359517,1,false,73c18486,lsg,caught,true,false,false
1359517,1,false,90de905a,lsg,caught,true,false,false
1359517,1,false,5b8c830e,lsg,caught,true,false,false
1359517,1,false,4b31f3a3,lsg,run out,false,false,true
1359517,1,false,90de905a,lsg,caught,true,false,false
1359517,1,false,3241e3fd,lsg,caught,true,false,false
1359517,2,false,c8f5f961,rcb,caught,true,false,false
1359517,2,false,ba607b88,rcb,caught,true,false,false
1359517,2,false,ba607b88,rcb,caught,true,false,false
1359517,2,false,c03f1114,rcb,stumped,false,true,false
1359517,2,false,da934ee8,rcb,caught,true,false,false
1359517,2,false,9385de2e,rcb,caught,true,false,false
1359517,2,false,6ab96cc2,rcb,run out,false,false,true
1359517,2,false,c03f1114,rcb,run out,false,false,true
1359517,2,false,c03f1114,rcb,run out,false,false,true
1359517,2,false,f986ca1a,rcb,run out,false,false,true
1359517,2,false,c03f1114,rcb,caught,true,false,false
1359517,2,false,c03f1114,rcb,caught,true,false,false
1359518,1,false,d67d5f00,gt,caught,true,false,false
1359518,1,false,5f547c8b,gt,run out,false,false,true
1359518,1,false,fe11caa6,gt,caught,true,false,false
1359518,1,false,fe11caa6,gt,caught,true,false,false
1359518,1,false,fe11caa6,gt,caught,true,false,false
1359518,1,false,5f547c8b,gt,caught,true,false,false
1359518,1,false,0890552f,gt,caught,true,false,false
1359518,1,false,dbe50b21,gt,caught,true,false,false
1359518,2,false,3d284ca3,dc,caught,true,false,false
1359518,2,false,93b4fc78,dc,caught,true,false,false
1359518,2,false,378daa89,dc,caught,true,false,false
1359518,2,false,cad00a4d,dc,caught,true,false,false
1359519,1,false,45a43fe2,csk,caught,true,false,false
1359519,1,false,29e95537,csk,caught,true,false,false
1359519,1,false,bb351c23,csk,caught,true,false,false
1359519,1,false,29e95537,csk,caught,true,false,false
1359520,1,false,752f7486,mi,caught,true,false,false
1359520,1,false,752f7486,mi,stumped,false,true,false
1359520,2,false,a90e53ec,pbks,caught,true,false,false
1359520,2,false,2ed569a0,pbks,caught,true,false,false
1359520,2,false,244048f6,pbks,caught,true,false,false
1359520,2,false,26a85969,pbks,caught,true,false,false
1359521,1,false,4ae1755b,srh,caught,true,false,false
1359521,1,false,235c2bb6,srh,caught,true,false,false
1359521,1,false,00ea847a,srh,caught,true,false,false
1359521,1,false,ce794613,srh,caught,true,false,false
1359521,1,false,00ea847a,srh,caught,true,false,false
1359521,1,false,8e514b4c,srh,caught,true,false,false
1359521,1,false,8e514b4c,srh,caught,true,false,false
1359521,1,false,ce794613,srh,run out,false,false,true
1359521,1,false,235c2bb6,srh,run out,false,false,true
1359521,2,false,0bacade8,kkr,caught,true,false,false
1359521,2,false,bbd41817,kkr,caught,true,false,false
1359521,2,false,7c3b3b78,kkr,caught,true,false,false
1359521,2,false,bbd41817,kkr,caught,true,false,false
1359521,2,false,0a509d6b,kkr,caught,true,false,false
1359521,2,false,0bacade8,kkr,caught,true,false,false
1359521,2,false,e4cdf230,kkr,caught,true,false,false
1359522,1,false,759ac88f,gt,caught,true,false,false
1359522,1,false,759ac88f,gt,run out,false,false,true
1359522,1,false,5f547c8b,gt,run out,false,false,true
1359522,1,false,dbe50b21,gt,caught,true,false,false
1359522,1,false,0890552f,gt,run out,false,false,true
1359522,2,false,a4cc73aa,rr,stumped,false,true,false
1359523,1,false,f24c6701,csk,caught,true,false,false
1359523,1,false,fe93fd9d,csk,caught,true,false,false
1359523,1,false,45a43fe2,csk,caught,true,false,false
1359523,1,false,45a43fe2,csk,caught,true,false,false
1359523,1,false,fe93fd9d,csk,caught,true,false,false
1359523,2,false,752f7486,mi,caught,true,false,false
1359523,2,false,266849c1,mi,caught,true,false,false
1359524,1,false,2e171977,dc,caught,true,false,false
1359524,1,false,3d284ca3,dc,caught,true,false,false
1359524,1,false,a2f46292,dc,caught,true,false,false
1359524,1,false,dcce6f09,dc,caught,true,false,false
1359524,2,false,3355b542,rcb,caught,true,false,false
1359524,2,false,da934ee8,rcb,caught,true,false,false
1359525,1,false,663b5e34,lsg,caught,true,false,false
1359525,1,false,5b8c830e,lsg,caught,true,false,false
1359525,2,false,5f547c8b,gt,caught,true,false,false
1359525,2,false,39a2dfa8,gt,caught,true,false,false
1359525,2,false,8cf9814c,gt,caught,true,false,false
1359525,2,false,8cf9814c,gt,caught,true,false,false
1359525,2,false,efc04be7,gt,caught,true,false,false
1359525,2,false,d67d5f00,gt,caught,true,false,false
1359526,1,false,ce794613,srh,caught,true,false,false
1359526,2,false,48a1d7b7,rr,caught,true,false,false
1359526,2,false,57ee1fde,rr,caught,true,false,false
1359526,2,false,99b75528,rr,caught,true,false,false
1359526,2,false,6c19c6e5,rr,caught,true,false,false
1359526,2,false,48a1d7b7,rr,caught,true,false,false
1359527,1,false,0bacade8,kkr,caught,true,false,false
1359527,1,false,0bacade8,kkr,caught,true,false,false
1359527,1,false,0bacade8,kkr,caught,true,false,false
1359527,1,false,7c3b3b78,kkr,caught,true,false,false
1359527,1,false,0bacade8,kkr,caught,true,false,false
1359527,2,false,7dcb9bc9,pbks,caught,true,false,false
1359527,2,false,50c6bc2b,pbks,caught,true,false,false
1359527,2,false,50c6bc2b,pbks,caught,true,false,false
1359527,2,false,800d2d97,pbks,run out,false,false,true
1359527,2,false,244048f6,pbks,run out,false,false,true
1359528,1,false,752f7486,mi,caught,true,false,false
1359528,1,false,eaa76d3c,mi,caught,true,false,false
1359528,1,false,d1a60072,mi,caught,true,false,false
1359528,1,false,0494fa6e,mi,caught,true,false,false
1359528,1,false,d1a60072,mi,caught,true,false,false
1359528,2,false,c8f5f961,rcb,caught,true,false,false
1359528,2,false,99d63244,rcb,caught,true,false,false
1359528,2,false,b681e71e,rcb,caught,true,false,false
1359529,1,false,378daa89,dc,caught,true,false,false
1359529,1,false,3d8feaf8,dc,caught,true,false,false
1359529,1,false,dcce6f09,dc,caught,true,false,false
1359529,1,false,60500956,dc,caught,true,false,false
1359529,1,false,2e171977,dc,caught,true,false,false
1359529,1,false,dcce6f09,dc,caught,true,false,false
1359529,2,false,29e95537,csk,caught,true,false,false
1359529,2,false,70d205c9,csk,caught,true,false,false
1359529,2,false,29e95537,csk,run out,false,false,true
1359529,2,false,64839cb3,csk,caught,true,false,false
1359529,2,false,29e95537,csk,caught,true,false,false
1359529,2,false,bb351c23,csk,run out,false,false,true
1359530,1,false,48a1d7b7,rr,caught,true,false,false
1359530,1,false,ce820073,rr,caught,true,false,false
1359530,1,false,48a1d7b7,rr,caught,true,false,false
1359530,1,false,495d42a5,rr,caught,true,false,false
1359530,1,false,a818c1be,rr,caught,true,false,false
1359530,1,false,a343262c,rr,caught,true,false,false
1359530,1,false,a343262c,rr,caught,true,false,false
1359530,2,false,bbd41817,kkr,run out,false,false,true
1359531,1,false,39a2dfa8,gt,caught,true,false,false
1359531,1,false,0890552f,gt,caught,true,false,false
1359531,2,false,752f7486,mi,caught,true,false,false
1359531,2,false,eaa76d3c,mi,caught,true,false,false
1359532,1,false,372455c4,lsg,caught,true,false,false
1359532,1,false,372455c4,lsg,caught,true,false,false
1359532,1,false,372455c4,lsg,stumped,false,true,false
1359532,1,false,663b5e34,lsg,caught,true,false,false
1359532,2,false,6a26221c,srh,caught,true,false,false
1359532,2,false,f29185a1,srh,caught,true,false,false
1359532,2,false,8e514b4c,srh,caught,true,false,false
1359533,1,false,cad00a4d,dc,caught,true,false,false
1359533,1,false,378daa89,dc,caught,true,false,false
1359533,1,false,3d8feaf8,dc,caught,true,false,false
1359533,1,false,a2f46292,dc,run out,false,false,true
1359533,1,false,3d284ca3,dc,run out,false,false,true
1359533,2,false,26d041c4,pbks,caught,true,false,false
1359533,2,false,c05edf8e,pbks,caught,true,false,false
1359534,1,false,6c19c6e5,rr,caught,true,false,false
1359534,1,false,6c19c6e5,rr,caught,true,false,false
1359534,1,false,bcf325d2,rr,caught,true,false,false
1359534,2,false,ba607b88,rcb,caught,true,false,false
1359534,2,false,2f49c897,rcb,caught,true,false,false
1359534,2,false,c8f5f961,rcb,caught,true,false,false
1359534,2,false,2f49c897,rcb,caught,true,false,false
1359534,2,false,da934ee8,rcb,caught,true,false,false
1359534,2,false,c8f5f961,rcb,run out,false,false,true
1359534,2,false,2f49c897,rcb,run out,false,false,true
1359534,2,false,e38bce7a,rcb,caught,true,false,false
1359534,2,false,ba607b88,rcb,caught,true,false,false
1359535,1,false,7c3b3b78,kkr,caught,true,false,false
1359535,1,false,d1c36f5c,kkr,caught,true,false,false
1359535,1,false,0a509d6b,kkr,caught,true,false,false
1359535,1,false,5b7ab5a9,kkr,caught,true,false,false
1359535,2,false,46a9bea1,csk,caught,true,false,false
1359535,2,false,fe93fd9d,csk,caught,true,false,false
1359535,2,false,64839cb3,csk,caught,true,false,false
1359535,2,false,bb351c23,csk,run out,false,false,true
1359536,1,false,f29185a1,srh,caught,true,false,false
1359536,1,false,ce794613,srh,caught,true,false,false
1359536,1,false,77255a9e,srh,caught,true,false,false
1359536,1,false,6a26221c,srh,caught,true,false,false
1359536,1,false,81c36ee9,srh,caught,true,false,false
1359536,1,false,8e514b4c,srh,caught,true,false,false
1359536,1,false,235c2bb6,srh,caught,true,false,false
1359536,1,false,235c2bb6,srh,run out,false,false,true
1359536,1,false,2e81a32d,srh,run out,false,false,true
1359536,1,false,81c36ee9,srh,caught,true,false,false
1359536,2,false,5f547c8b,gt,caught,true,false,false
1359536,2,false,fe11caa6,gt,caught,true,false,false
1359536,2,false,39a2dfa8,gt,caught,true,false,false
1359536,2,false,3ff033bb,gt,caught,true,false,false
1359536,2,false,d5130a30,gt,caught,true,false,false
1359536,2,false,c38d3503,gt,caught,true,false,false
1359536,2,false,dbe50b21,gt,caught,true,false,false
1359536,2,false,d67d5f00,gt,caught,true,false,false
1359536,2,false,5f547c8b,gt,caught,true,false,false
1359537,1,false,f1f99156,mi,caught,true,false,false
1359537,1,false,752f7486,mi,caught,true,false,false
1359537,1,false,752f7486,mi,caught,true,false,false
1359537,2,false,73ad96ed,lsg,caught,true,false,false
1359537,2,false,c0c411cb,lsg,caught,true,false,false
1359537,2,false,90de905a,lsg,caught,true,false,false
1359537,2,false,3241e3fd,lsg,caught,true,false,false
1359538,1,false,0a476045,pbks,caught,true,false,false
1359538,1,false,1ac746c8,pbks,caught,true,false,false
1359538,2,false,378daa89,dc,caught,true,false,false
1359538,2,false,dd7e9b3b,dc,caught,true,false,false
1359538,2,false,a2f46292,dc,caught,true,false,false
1359538,2,false,2e171977,dc,caught,true,false,false
1359538,2,false,3d284ca3,dc,run out,false,false,true
1359538,2,false,acdc62f5,dc,run out,false,false,true
1359538,2,false,2e171977,dc,caught,true,false,false
1359539,1,false,da934ee8,rcb,caught,true,false,false
1359539,1,false,f986ca1a,rcb,caught,true,false,false
1359539,1,false,3a60e0b5,rcb,caught,true,false,false
1359539,2,false,9a46c4e5,srh,caught,true,false,false
1359539,2,false,77255a9e,srh,caught,true,false,false
1359540,1,false,2c25d4f5,rr,caught,true,false,false
1359540,1,false,f0af99a7,rr,caught,true,false,false
1359540,2,false,c05edf8e,pbks,caught,true,false,false
1359540,2,false,26a85969,pbks,caught,true,false,false
1359540,2,false,26a85969,pbks,caught,true,false,false
1359540,2,false,1ac746c8,pbks,caught,true,false,false
1359540,2,false,0a476045,pbks,caught,true,false,false
1359541,1,false,cad00a4d,dc,caught,true,false,false
1359541,1,false,ad427b5c,dc,caught,true,false,false
1359541,1,false,378daa89,dc,caught,true,false,false
1359541,2,false,70d205c9,csk,caught,true,false,false
1359541,2,false,29e95537,csk,caught,true,false,false
1359541,2,false,46a9bea1,csk,caught,true,false,false
1359541,2,false,45a43fe2,csk,caught,true,false,false
1359541,2,false,bb351c23,csk,caught,true,false,false
1359541,2,false,45a43fe2,csk,caught,true,false,false
1359541,2,false,bb351c23,csk,caught,true,false,false
1359542,1,false,1abb78f8,kkr,caught,true,false,false
1359542,1,false,77b1aa15,kkr,caught,true,false,false
1359542,1,false,a24be938,kkr,caught,true,false,false
1359542,1,false,0a509d6b,kkr,caught,true,false,false
1359542,1,false,bbd41817,kkr,caught,true,false,false
1359542,1,false,1abb78f8,kkr,caught,true,false,false
1359542,1,false,a24be938,kkr,caught,true,false,false
1359542,2,false,df064e1a,lsg,caught,true,false,false
1359542,2,false,5b8c830e,lsg,caught,true,false,false
1359542,2,false,df064e1a,lsg,caught,true,false,false
1359542,2,false,663b5e34,lsg,caught,true,false,false
1359542,2,false,372455c4,lsg,run out,false,false,true
1359542,2,false,c0c411cb,lsg,run out,false,false,true
1359543,1,false,be24ead0,mi,caught,true,false,false
1359543,1,false,752f7486,mi,caught,true,false,false
1359543,1,false,f6d8a7ab,mi,caught,true,false,false
1359543,2,false,4ae1755b,srh,caught,true,false,false
1359543,2,false,aad0c365,srh,caught,true,false,false
1359544,1,false,39a2dfa8,gt,caught,true,false,false
1359544,1,false,fe11caa6,gt,stumped,false,true,false
1359544,1,false,fe11caa6,gt,caught,true,false,false
1359544,2,false,3a60e0b5,rcb,caught,true,false,false
1359544,2,false,ba607b88,rcb,caught,true,false,false
1359544,2,false,9385de2e,rcb,caught,true,false,false
1359544,2,false,9385de2e,rcb,caught,true,false,false
1370350,1,false,d67d5f00,gt,caught,true,false,false
1370350,1,false,b4b99816,gt,caught,true,false,false
1370350,1,false,5f547c8b,gt,caught,true,false,false
1370350,1,false,3ff033bb,gt,caught,true,false,false
1370350,1,false,dbe50b21,gt,caught,true,false,false
1370350,2,false,64839cb3,csk,caught,true,false,false
1370350,2,false,fe93fd9d,csk,caught,true,false,false
1370350,2,false,f24c6701,csk,caught,true,false,false
1370350,2,false,df5a6881,csk,caught,true,false,false
1370350,2,false,45a43fe2,csk,caught,true,false,false
1370350,2,false,0edcb652,csk,run out,false,false,true
1370350,2,false,df5a6881,csk,caught,true,false,false
1370350,2,false,23eeb873,csk,caught,true,false,false
1370351,1,false,872b03f7,lsg,caught,true,false,false
1370351,1,false,3241e3fd,lsg,caught,true,false,false
1370351,1,false,90de905a,lsg,caught,true,false,false
1370351,1,false,73ad96ed,lsg,caught,true,false,false
1370351,1,false,73ad96ed,lsg,caught,true,false,false
1370351,1,false,73ad96ed,lsg,caught,true,false,false
1370351,1,false,df064e1a,lsg,caught,true,false,false
1370351,2,false,0c9652b0,mi,caught,true,false,false
1370351,2,false,eaa76d3c,mi,caught,true,false,false
1370351,2,false,f1f99156,mi,caught,true,false,false
1370351,2,false,752f7486,mi,caught,true,false,false
1370351,2,false,752f7486,mi,run out,false,false,true
1370351,2,false,f1f99156,mi,run out,false,false,true
1370351,2,false,740742ef,mi,run out,false,false,true
1370351,2,false,ffe699c0,mi,caught,true,false,false
1370351,2,false,740742ef,mi,run out,false,false,true
1370351,2,false,eaa76d3c,mi,run out,false,false,true
1370351,2,false,4bd09374,mi,run out,false,false,true
1370352,1,false,752f7486,mi,stumped,false,true,false
1370352,1,false,f1f99156,mi,caught,true,false,false
1370352,2,false,fe11caa6,gt,caught,true,false,false
1370352,2,false,9061a703,gt,caught,true,false,false
1370352,2,false,dbe50b21,gt,caught,true,false,false
1370352,2,false,d5130a30,gt,caught,true,false,false
1370352,2,false,d67d5f00,gt,caught,true,false,false
1370352,2,false,d67d5f00,gt,caught,true,false,false
1370353,1,false,4a8a2e3b,csk,stumped,false,true,false
1370353,1,false,4a8a2e3b,csk,caught,true,false,false
1370353,1,false,45a43fe2,csk,caught,true,false,false
1370353,2,false,5f547c8b,gt,caught,true,false,false
1370353,2,false,759ac88f,gt,caught,true,false,false
1370353,2,false,0994d0ae,gt,caught,true,false,false
1370353,2,false,d67d5f00,gt,caught,true,false,false
1422119,1,false,ba5e1069,csk,caught,true,false,false
1422119,1,false,4a8a2e3b,csk,caught,true,false,false
1422119,1,false,4a8a2e3b,csk,caught,true,false,false
1422119,1,false,ba5e1069,csk,caught,true,false,false
1422119,1,false,4a8a2e3b,csk,run out,false,false,true
1422119,2,false,eaa76d3c,rcb,caught,true,false,false
1422119,2,false,c740ea83,rcb,caught,true,false,false
1422119,2,false,b681e71e,rcb,caught,true,false,false
1422119,2,false,c740ea83,rcb,caught,true,false,false
1422120,1,false,2ed569a0,pbks,caught,true,false,false
1422120,1,false,800d2d97,pbks,caught,true,false,false
1422120,1,false,c05edf8e,pbks,caught,true,false,false
1422120,1,false,abb83e27,pbks,caught,true,false,false
1422120,1,false,800d2d97,pbks,caught,true,false,false
1422120,1,false,26989d80,pbks,caught,true,false,false
1422120,1,false,f1809c03,pbks,run out,false,false,true
1422120,1,false,800d2d97,pbks,run out,false,false,true
1422120,1,false,800d2d97,pbks,caught,true,false,false
1422120,1,false,26989d80,pbks,run out,false,false,true
1422120,1,false,f986ca1a,pbks,run out,false,false,true
1422120,2,false,5bb1a1c4,dc,run out,false,false,true
1422120,2,false,dcce6f09,dc,caught,true,false,false
1422120,2,false,919a3be2,dc,stumped,false,true,false
1422120,2,false,919a3be2,dc,caught,true,false,false
1422121,1,false,f9e6e7ef,srh,run out,false,false,true
1422121,1,false,81c36ee9,srh,caught,true,false,false
1422121,1,false,ded9240e,srh,caught,true,false,false
1422121,1,false,77255a9e,srh,caught,true,false,false
1422121,1,false,a9fd84fb,srh,caught,true,false,false
1422121,1,false,81c36ee9,srh,caught,true,false,false
1422121,1,false,6a26221c,srh,caught,true,false,false
1422121,2,false,0a509d6b,kkr,caught,true,false,false
1422121,2,false,5b7ab5a9,kkr,caught,true,false,false
1422121,2,false,0a509d6b,kkr,caught,true,false,false
1422121,2,false,77b1aa15,kkr,caught,true,false,false
1422121,2,false,a24be938,kkr,caught,true,false,false
1422121,2,false,85ec8e33,kkr,caught,true,false,false
1422121,2,false,9440ef41,kkr,caught,true,false,false
1422122,1,false,b17e2f24,lsg,caught,true,false,false
1422122,1,false,5b8c830e,lsg,caught,true,false,false
1422122,1,false,73ad96ed,lsg,caught,true,false,false
1422122,1,false,b17e2f24,lsg,caught,true,false,false
1422122,2,false,465aa633,rr,caught,true,false,false
1422122,2,false,99b75528,rr,caught,true,false,false
1422122,2,false,bcf325d2,rr,caught,true,false,false
1422122,2,false,bcf325d2,rr,caught,true,false,false
1422122,2,false,bcf325d2,rr,caught,true,false,false
1422123,1,false,740742ef,mi,caught,true,false,false
1422123,1,false,b0482a1d,mi,caught,true,false,false
1422123,1,false,dbe50b21,mi,caught,true,false,false
1422123,1,false,b0482a1d,mi,caught,true,false,false
1422123,1,false,fffa744b,mi,caught,true,false,false
1422123,2,false,fe11caa6,gt,caught,true,false,false
1422123,2,false,d67d5f00,gt,caught,true,false,false
1422123,2,false,0890552f,gt,caught,true,false,false
1422123,2,false,39a2dfa8,gt,caught,true,false,false
1422123,2,false,5f547c8b,gt,caught,true,false,false
1422124,1,false,ba607b88,rcb,caught,true,false,false
1422124,1,false,c8f5f961,rcb,caught,true,false,false
1422124,1,false,c8f5f961,rcb,caught,true,false,false
1422124,1,false,ba607b88,rcb,caught,true,false,false
1422124,1,false,c8f5f961,rcb,caught,true,false,false
1422124,1,false,c8f5f961,rcb,caught,true,false,false
1422124,2,false,e94915e6,pbks,caught,true,false,false
1422124,2,false,800d2d97,pbks,caught,true,false,false
1422124,2,false,c05edf8e,pbks,caught,true,false,false
1422125,1,false,fe11caa6,gt,stumped,false,true,false
1422125,1,false,fe11caa6,gt,stumped,false,true,false
1422125,1,false,fe11caa6,gt,caught,true,false,false
1422125,1,false,0994d0ae,gt,caught,true,false,false
1422125,1,false,d67d5f00,gt,caught,true,false,false
1422125,1,false,fe11caa6,gt,run out,false,false,true
1422125,1,false,0994d0ae,gt,run out,false,false,true
1422125,2,false,46a9bea1,csk,caught,true,false,false
1422125,2,false,4a8a2e3b,csk,caught,true,false,false
1422125,2,false,29e95537,csk,caught,true,false,false
1422125,2,false,f89d3b11,csk,caught,true,false,false
1422125,2,false,ba5e1069,csk,caught,true,false,false
1422125,2,false,ba5e1069,csk,caught,true,false,false
1422125,2,false,ba5e1069,csk,caught,true,false,false
1422126,1,false,f1f99156,mi,caught,true,false,false
1422126,1,false,fffa744b,mi,caught,true,false,false
1422126,1,false,fffa744b,mi,caught,true,false,false
1422126,2,false,6a26221c,srh,caught,true,false,false
1422126,2,false,f29185a1,srh,caught,true,false,false
1422126,2,false,ded9240e,srh,caught,true,false,false
1422126,2,false,00ea847a,srh,caught,true,false,false
1422126,2,false,235c2bb6,srh,caught,true,false,false
1422127,1,false,919a3be2,dc,caught,true,false,false
1422127,1,false,85b3fab2,dc,caught,true,false,false
1422127,2,false,a4cc73aa,rr,caught,true,false,false
1422127,2,false,ce820073,rr,caught,true,false,false
1422127,2,false,a4cc73aa,rr,caught,true,false,false
1422127,2,false,99b75528,rr,caught,true,false,false
1422128,1,false,3fb19989,kkr,caught,true,false,false
1422128,1,false,0a509d6b,kkr,caught,true,false,false
1422128,1,false,0a509d6b,kkr,caught,true,false,false
1422128,1,false,3d284ca3,kkr,caught,true,false,false
1422128,1,false,3d284ca3,kkr,run out,false,false,true
1422128,2,false,eaa76d3c,rcb,caught,true,false,false
1422128,2,false,ba607b88,rcb,caught,true,false,false
1422129,1,false,abb83e27,pbks,caught,true,false,false
1422129,1,false,0a476045,pbks,caught,true,false,false
1422129,1,false,800d2d97,pbks,caught,true,false,false
1422129,1,false,abb83e27,pbks,caught,true,false,false
1422129,1,false,f1809c03,pbks,caught,true,false,false
1422129,1,false,f986ca1a,pbks,run out,false,false,true
1422129,2,false,d9273ee7,lsg,caught,true,false,false
1422129,2,false,c0c411cb,lsg,caught,true,false,false
1422129,2,false,c0c411cb,lsg,caught,true,false,false
1422129,2,false,372455c4,lsg,caught,true,false,false
1422129,2,false,3241e3fd,lsg,caught,true,false,false
1422130,1,false,cd8d2859,gt,caught,true,false,false
1422130,1,false,b4b99816,gt,caught,true,false,false
1422130,1,false,5f547c8b,gt,caught,true,false,false
1422130,1,false,39a2dfa8,gt,caught,true,false,false
1422130,1,false,5f547c8b,gt,caught,true,false,false
1422130,1,false,fe11caa6,gt,run out,false,false,true
1422130,1,false,efc04be7,gt,run out,false,false,true
1422130,2,false,ded9240e,srh,caught,true,false,false
1422130,2,false,8e514b4c,srh,caught,true,false,false
1422130,2,false,f29185a1,srh,caught,true,false,false
1422131,1,false,64839cb3,csk,caught,true,false,false
1422131,1,false,4a8a2e3b,csk,caught,true,false,false
1422131,1,false,45a43fe2,csk,caught,true,false,false
1422131,2,false,919a3be2,dc,caught,true,false,false
1422131,2,false,85b3fab2,dc,caught,true,false,false
1422131,2,false,dcce6f09,dc,caught,true,false,false
1422131,2,false,a2f46292,dc,caught,true,false,false
1422131,2,false,85b3fab2,dc,caught,true,false,false
1422132,1,false,a4cc73aa,rr,caught,true,false,false
1422132,1,false,465aa633,rr,caught,true,false,false
1422132,1,false,a4cc73aa,rr,caught,true,false,false
1422132,1,false,650d5e49,rr,caught,true,false,false
1422132,1,false,48a1d7b7,rr,caught,true,false,false
1422132,1,false,495d42a5,rr,caught,true,false,false
1422132,1,false,48a1d7b7,rr,caught,true,false,false
1422132,1,false,a818c1be,rr,caught,true,false,false
1422132,2,false,f1f99156,mi,caught,true,false,false
1422132,2,false,98ae73b1,mi,caught,true,false,false
1422132,2,false,b0482a1d,mi,caught,true,false,false
1422133,1,false,a457cfb5,rcb,caught,true,false,false
1422133,1,false,c8f5f961,rcb,caught,true,false,false
1422133,1,false,a457cfb5,rcb,caught,true,false,false
1422133,1,false,a457cfb5,rcb,caught,true,false,false
1422133,1,false,3355b542,rcb,caught,true,false,false
1422133,2,false,2c25d4f5,lsg,caught,true,false,false
1422133,2,false,2c25d4f5,lsg,run out,false,false,true
1422133,2,false,3241e3fd,lsg,caught,true,false,false
1422133,2,false,2c25d4f5,lsg,caught,true,false,false
1422133,2,false,2c25d4f5,lsg,caught,true,false,false
1422133,2,false,b17e2f24,lsg,caught,true,false,false
1422133,2,false,3241e3fd,lsg,run out,false,false,true
1422133,2,false,3241e3fd,lsg,caught,true,false,false
1422133,2,false,3241e3fd,lsg,caught,true,false,false
1422134,1,false,85b3fab2,dc,caught,true,false,false
1422134,1,false,919a3be2,dc,caught,true,false,false
1422134,1,false,5bb1a1c4,dc,caught,true,false,false
1422134,1,false,85b3fab2,dc,caught,true,false,false
1422134,1,false,dcce6f09,dc,caught,true,false,false
1422134,1,false,8b3e9c7c,dc,caught,true,false,false
1422134,2,false,5b7ab5a9,kkr,caught,true,false,false
1422134,2,false,be24ead0,kkr,caught,true,false,false
1422134,2,false,9d430b40,kkr,caught,true,false,false
1422134,2,false,85ec8e33,kkr,caught,true,false,false
1422134,2,false,93b4fc78,kkr,caught,true,false,false
1422134,2,false,3fb19989,kkr,caught,true,false,false
1422134,2,false,93b4fc78,kkr,caught,true,false,false
1422134,2,false,3d284ca3,kkr,caught,true,false,false
1422134,2,false,85ec8e33,kkr,caught,true,false,false
1422135,1,false,0a476045,pbks,caught,true,false,false
1422135,1,false,abb83e27,pbks,caught,true,false,false
1422135,1,false,800d2d97,pbks,caught,true,false,false
1422135,1,false,c05edf8e,pbks,caught,true,false,false
1422135,2,false,759ac88f,gt,caught,true,false,false
1422135,2,false,d027ba9f,gt,caught,true,false,false
1422135,2,false,fe11caa6,gt,caught,true,false,false
1422135,2,false,cd8d2859,gt,caught,true,false,false
1422135,2,false,5f547c8b,gt,caught,true,false,false
1422136,1,false,6a26221c,srh,caught,true,false,false
1422136,1,false,8e514b4c,srh,caught,true,false,false
1422136,1,false,2e81a32d,srh,caught,true,false,false
1422136,1,false,a9fd84fb,srh,caught,true,false,false
1422136,1,false,8e514b4c,srh,caught,true,false,false
1422136,2,false,fe93fd9d,csk,caught,true,false,false
1422136,2,false,ba5e1069,csk,caught,true,false,false
1422137,1,false,99b75528,rr,caught,true,false,false
1422137,1,false,6c19c6e5,rr,caught,true,false,false
1422137,2,false,b681e71e,rcb,caught,true,false,false
1422137,2,false,7210d461,rcb,caught,true,false,false
1422137,2,false,ba607b88,rcb,caught,true,false,false
1422137,2,false,c03f1114,rcb,caught,true,false,false
1422138,1,false,9b6e1b3f,dc,caught,true,false,false
1422138,1,false,2e171977,dc,caught,true,false,false
1422138,1,false,9b6e1b3f,dc,caught,true,false,false
1422138,2,false,dbe50b21,mi,caught,true,false,false
1422138,2,false,f1f99156,mi,caught,true,false,false
1422138,2,false,dbe50b21,mi,caught,true,false,false
1422138,2,false,752f7486,mi,run out,false,false,true
1422138,2,false,62af8546,mi,run out,false,false,true
1422138,2,false,752f7486,mi,caught,true,false,false
1422138,2,false,b0482a1d,mi,caught,true,false,false
1422138,2,false,740742ef,mi,caught,true,false,false
1422139,1,false,efc04be7,gt,caught,true,false,false
1422139,1,false,0994d0ae,gt,caught,true,false,false
1422139,1,false,39a2dfa8,gt,caught,true,false,false
1422139,1,false,c2dd89ea,gt,caught,true,false,false
1422139,1,false,cc1e8c68,gt,caught,true,false,false
1422139,2,false,df064e1a,lsg,caught,true,false,false
1422139,2,false,872b03f7,lsg,caught,true,false,false
1422139,2,false,4b31f3a3,lsg,caught,true,false,false
1422139,2,false,b17e2f24,lsg,caught,true,false,false
1422139,2,false,73ad96ed,lsg,caught,true,false,false
1422139,2,false,372455c4,lsg,caught,true,false,false
1422139,2,false,3241e3fd,lsg,caught,true,false,false
1422139,2,false,372455c4,lsg,caught,true,false,false
1426260,1,false,fe93fd9d,csk,caught,true,false,false
1426260,1,false,f24c6701,csk,caught,true,false,false
1426260,1,false,eade4650,csk,caught,true,false,false
1426260,1,false,eade4650,csk,caught,true,false,false
1426260,1,false,fe93fd9d,csk,caught,true,false,false
1426260,1,false,ba5e1069,csk,caught,true,false,false
1426260,2,false,5b7ab5a9,kkr,caught,true,false,false
1426261,1,false,0a476045,pbks,caught,true,false,false
1426261,1,false,800d2d97,pbks,caught,true,false,false
1426261,1,false,26989d80,pbks,caught,true,false,false
1426261,1,false,800d2d97,pbks,caught,true,false,false
1426261,1,false,e94915e6,pbks,caught,true,false,false
1426261,1,false,f986ca1a,pbks,caught,true,false,false
1426261,1,false,e62dd25d,pbks,caught,true,false,false
1426261,1,false,abb83e27,pbks,caught,true,false,false
1426261,2,false,aad0c365,srh,caught,true,false,false
1426261,2,false,235c2bb6,srh,stumped,false,true,false
1426261,2,false,ded9240e,srh,caught,true,false,false
1426261,2,false,235c2bb6,srh,caught,true,false,false
1426261,2,false,f29185a1,srh,caught,true,false,false
1426262,1,false,afa7e784,gt,caught,true,false,false
1426262,1,false,39a2dfa8,gt,caught,true,false,false
1426262,1,false,0994d0ae,gt,caught,true,false,false
1426262,2,false,a4cc73aa,rr,stumped,false,true,false
1426262,2,false,99b75528,rr,run out,false,false,true
1426262,2,false,eef2536f,rr,run out,false,false,true
1426263,1,false,752f7486,mi,caught,true,false,false
1426263,1,false,f1f99156,mi,caught,true,false,false
1426263,1,false,752f7486,mi,caught,true,false,false
1426263,1,false,f1f99156,mi,caught,true,false,false
1426263,1,false,4bd09374,mi,caught,true,false,false
1426263,1,false,62af8546,mi,caught,true,false,false
1426263,2,false,ba607b88,rcb,caught,true,false,false
1426263,2,false,8db7f47f,rcb,caught,true,false,false
1426263,2,false,da934ee8,rcb,caught,true,false,false
1426264,1,false,5bb1a1c4,dc,caught,true,false,false
1426264,1,false,919a3be2,dc,caught,true,false,false
1426264,1,false,dcce6f09,dc,caught,true,false,false
1426264,1,false,919a3be2,dc,caught,true,false,false
1426264,2,false,3241e3fd,lsg,caught,true,false,false
1426264,2,false,12314277,lsg,caught,true,false,false
1426264,2,false,b17e2f24,lsg,stumped,false,true,false
1426265,1,false,2e78f685,rr,caught,true,false,false
1426265,1,false,bcf325d2,rr,caught,true,false,false
1426265,1,false,48a1d7b7,rr,caught,true,false,false
1426265,1,false,bcf325d2,rr,caught,true,false,false
1426265,1,false,bcf325d2,rr,caught,true,false,false
1426265,1,false,04a418e8,rr,caught,true,false,false
1426265,1,false,5724e517,rr,run out,false,false,true
1426265,1,false,a4cc73aa,rr,run out,false,false,true
1426265,1,false,0b60eb09,rr,caught,true,false,false
1426265,2,false,f986ca1a,pbks,caught,true,false,false
1426265,2,false,e62dd25d,pbks,caught,true,false,false
1426265,2,false,26989d80,pbks,caught,true,false,false
1426265,2,false,800d2d97,pbks,caught,true,false,false
1426265,2,false,50c6bc2b,pbks,caught,true,false,false
1426266,1,false,9d430b40,kkr,caught,true,false,false
1426266,1,false,be24ead0,kkr,caught,true,false,false
1426266,1,false,be24ead0,kkr,caught,true,false,false
1426266,1,false,3d284ca3,kkr,caught,true,false,false
1426266,1,false,d7017798,kkr,caught,true,false,false
1426266,1,false,3d284ca3,kkr,caught,true,false,false
1426266,2,false,d9273ee7,lsg,caught,true,false,false
1426266,2,false,b17e2f24,lsg,caught,true,false,false
1426267,1,false,dbe50b21,mi,caught,true,false,false
1426267,1,false,752f7486,mi,caught,true,false,false
1426267,1,false,62af8546,mi,caught,true,false,false
1426267,1,false,62af8546,mi,caught,true,false,false
1426267,2,false,1abb78f8,csk,caught,true,false,false
1426267,2,false,0a8fce53,csk,caught,true,false,false
1426267,2,false,1abb78f8,csk,caught,true,false,false
1426267,2,false,fe93fd9d,csk,caught,true,false,false
1426267,2,false,ba5e1069,csk,caught,true,false,false
1426268,1,false,2f9d0389,rcb,caught,true,false,false
1426268,1,false,3355b542,rcb,caught,true,false,false
1426268,1,false,54e52590,rcb,caught,true,false,false
1426268,2,false,1e66c162,srh,run out,false,false,true
1426268,2,false,aad0c365,srh,caught,true,false,false
1426268,2,false,235c2bb6,srh,caught,true,false,false
1426268,2,false,235c2bb6,srh,caught,true,false,false
1426269,1,false,495d42a5,rr,caught,true,false,false
1426269,1,false,bcf325d2,rr,caught,true,false,false
1426269,1,false,bcf325d2,rr,caught,true,false,false
1426269,2,false,a24be938,kkr,caught,true,false,false
1426269,2,false,9d430b40,kkr,caught,true,false,false
1426269,2,false,bbd41817,kkr,caught,true,false,false
1426269,2,false,d7017798,kkr,caught,true,false,false
1426269,2,false,85ec8e33,kkr,caught,true,false,false
1426269,2,false,85ec8e33,kkr,run out,false,false,true
1426269,2,false,3fb19989,kkr,run out,false,false,true
1426270,1,false,8b3e9c7c,dc,caught,true,false,false
1426270,1,false,8998a68f,dc,run out,false,false,true
1426270,1,false,919a3be2,dc,caught,true,false,false
1426270,1,false,919a3be2,dc,stumped,false,true,false
1426270,1,false,919a3be2,dc,stumped,false,true,false
1426270,1,false,8998a68f,dc,caught,true,false,false
1426270,1,false,919a3be2,dc,caught,true,false,false
1426270,2,false,0890552f,gt,caught,true,false,false
1426270,2,false,83c3e8e3,gt,caught,true,false,false
1426270,2,false,759ac88f,gt,caught,true,false,false
1426271,1,false,c05edf8e,pbks,caught,true,false,false
1426271,1,false,c05edf8e,pbks,caught,true,false,false
1426271,1,false,9418198b,pbks,caught,true,false,false
1426271,1,false,c05edf8e,pbks,caught,true,false,false
1426271,1,false,e94915e6,pbks,caught,true,false,false
1426271,1,false,26989d80,pbks,caught,true,false,false
1426271,1,false,f986ca1a,pbks,run out,false,false,true
1426271,2,false,752f7486,mi,caught,true,false,false
1426271,2,false,752f7486,mi,caught,true,false,false
1426271,2,false,b0482a1d,mi,caught,true,false,false
1426271,2,false,62af8546,mi,caught,true,false,false
1426271,2,false,62af8546,mi,caught,true,false,false
1426271,2,false,752f7486,mi,run out,false,false,true
1426271,2,false,62af8546,mi,run out,false,false,true
1426272,1,false,b17e2f24,lsg,caught,true,false,false
1426272,1,false,b17e2f24,lsg,caught,true,false,false
1426272,1,false,b17e2f24,lsg,stumped,false,true,false
1426272,1,false,872b03f7,lsg,caught,true,false,false
1426272,2,false,4a8a2e3b,csk,caught,true,false,false
1426272,2,false,fe93fd9d,csk,caught,true,false,false
1426273,1,false,2e171977,dc,caught,true,false,false
1426273,1,false,2e171977,dc,caught,true,false,false
1426273,1,false,85b3fab2,dc,caught,true,false,false
1426273,1,false,dcce6f09,dc,caught,true,false,false
1426273,1,false,acdc62f5,dc,caught,true,false,false
1426273,1,false,85b3fab2,dc,run out,false,false,true
1426273,1,false,2cffab74,dc,run out,false,false,true
1426273,2,false,8e514b4c,srh,caught,true,false,false
1426273,2,false,ded9240e,srh,caught,true,false,false
1426273,2,false,235c2bb6,srh,caught,true,false,false
1426273,2,false,235c2bb6,srh,stumped,false,true,false
1426273,2,false,f9e6e7ef,srh,caught,true,false,false
1426273,2,false,ded9240e,srh,caught,true,false,false
1426273,2,false,ce794613,srh,caught,true,false,false
1426274,1,false,c740ea83,rcb,caught,true,false,false
1426274,1,false,ba607b88,rcb,caught,true,false,false
1426274,1,false,eaa76d3c,rcb,caught,true,false,false
1426274,1,false,da934ee8,rcb,caught,true,false,false
1426274,1,false,7210d461,rcb,caught,true,false,false
1426274,1,false,3355b542,rcb,caught,true,false,false
1426274,2,false,a24be938,kkr,caught,true,false,false
1426274,2,false,d7017798,kkr,caught,true,false,false
1426274,2,false,77b1aa15,kkr,caught,true,false,false
1426274,2,false,be24ead0,kkr,caught,true,false,false
1426274,2,false,d7017798,kkr,caught,true,false,false
1426274,2,false,3d284ca3,kkr,caught,true,false,false
1426274,2,false,be24ead0,kkr,run out,false,false,true
1426274,2,false,3d284ca3,kkr,run out,false,false,true
1426275,1,false,fe11caa6,gt,caught,true,false,false
1426275,1,false,39a2dfa8,gt,caught,true,false,false
1426275,1,false,759ac88f,gt,caught,true,false,false
1426275,1,false,7dcb9bc9,gt,caught,true,false,false
1426275,1,false,7dcb9bc9,gt,caught,true,false,false
1426275,1,false,fe11caa6,gt,run out,false,false,true
1426275,1,false,d5130a30,gt,run out,false,false,true
1426275,2,false,84d9c311,pbks,caught,true,false,false
1426275,2,false,e62dd25d,pbks,caught,true,false,false
1426275,2,false,800d2d97,pbks,caught,true,false,false
1426275,2,false,cad00a4d,pbks,caught,true,false,false
1426276,1,false,a4cc73aa,rr,caught,true,false,false
1426276,1,false,a4cc73aa,rr,caught,true,false,false
1426276,1,false,650d5e49,rr,caught,true,false,false
1426276,1,false,ce820073,rr,caught,true,false,false
1426276,1,false,650d5e49,rr,caught,true,false,false
1426276,1,false,48a1d7b7,rr,caught,true,false,false
1426276,1,false,04a418e8,rr,caught,true,false,false
1426277,1,false,b17e2f24,lsg,caught,true,false,false
1426277,1,false,73ad96ed,lsg,caught,true,false,false
1426277,1,false,b17e2f24,lsg,caught,true,false,false
1426277,1,false,372455c4,lsg,run out,false,false,true
1426277,1,false,d9273ee7,lsg,run out,false,false,true
1426277,2,false,45a43fe2,csk,caught,true,false,false
1426277,2,false,1abb78f8,csk,caught,true,false,false
1426278,1,false,efc04be7,gt,caught,true,false,false
1426278,1,false,efc04be7,gt,caught,true,false,false
1426278,1,false,5f547c8b,gt,caught,true,false,false
1426278,1,false,c7a995d3,gt,caught,true,false,false
1426278,2,false,2e171977,dc,caught,true,false,false
1426278,2,false,2e171977,dc,caught,true,false,false
1426278,2,false,9b6e1b3f,dc,caught,true,false,false
1426278,2,false,2e171977,dc,caught,true,false,false
1426278,2,false,919a3be2,dc,caught,true,false,false
1426278,2,false,919a3be2,dc,caught,true,false,false
1426278,2,false,b8527c3d,dc,caught,true,false,false
1426279,1,false,6a26221c,srh,caught,true,false,false
1426279,1,false,8e514b4c,srh,caught,true,false,false
1426279,1,false,8e514b4c,srh,caught,true,false,false
1426279,1,false,ded9240e,srh,caught,true,false,false
1426279,1,false,8e514b4c,srh,caught,true,false,false
1426279,1,false,f29185a1,srh,caught,true,false,false
1426279,2,false,119678fd,rcb,caught,true,false,false
1426279,2,false,c03f1114,rcb,caught,true,false,false
1426279,2,false,eaa76d3c,rcb,caught,true,false,false
1426279,2,false,2f49c897,rcb,caught,true,false,false
1426279,2,false,2f49c897,rcb,caught,true,false,false
1426280,1,false,abb83e27,pbks,caught,true,false,false
1426280,1,false,f986ca1a,pbks,caught,true,false,false
1426280,1,false,e62dd25d,pbks,caught,true,false,false
1426280,1,false,84d9c311,pbks,caught,true,false,false
1426280,1,false,800d2d97,pbks,run out,false,false,true
1426280,2,false,9d430b40,kkr,run out,false,false,true
1426280,2,false,85ec8e33,kkr,caught,true,false,false
1426281,1,false,62af8546,mi,caught,true,false,false
1426281,1,false,752f7486,mi,caught,true,false,false
1426281,1,false,b0482a1d,mi,caught,true,false,false
1426281,1,false,740742ef,mi,caught,true,false,false
1426281,2,false,1fc6ef83,dc,caught,true,false,false
1426281,2,false,2e171977,dc,caught,true,false,false
1426281,2,false,a1d95bd8,dc,caught,true,false,false
1426281,2,false,2cffab74,dc,caught,true,false,false
1426281,2,false,919a3be2,dc,caught,true,false,false
1426281,2,false,1fc6ef83,dc,caught,true,false,false
1426281,2,false,8998a68f,dc,run out,false,false,true
1426281,2,false,919a3be2,dc,run out,false,false,true
1426281,2,false,1fc6ef83,dc,caught,true,false,false
1426282,1,false,650d5e49,rr,caught,true,false,false
1426282,1,false,a818c1be,rr,caught,true,false,false
1426282,1,false,a818c1be,rr,caught,true,false,false
1426282,2,false,df064e1a,lsg,caught,true,false,false
1426282,2,false,872b03f7,lsg,caught,true,false,false
1426283,1,false,119678fd,rcb,caught,true,false,false
1426283,1,false,eaa76d3c,rcb,caught,true,false,false
1426283,2,false,0994d0ae,gt,caught,true,false,false
1426284,1,false,f9e6e7ef,srh,caught,true,false,false
1426284,1,false,aad0c365,srh,caught,true,false,false
1426284,1,false,aad0c365,srh,caught,true,false,false
1426284,2,false,eade4650,csk,caught,true,false,false
1426284,2,false,bb351c23,csk,caught,true,false,false
1426284,2,false,eade4650,csk,caught,true,false,false
1426284,2,false,4a8a2e3b,csk,caught,true,false,false
1426284,2,false,eade4650,csk,caught,true,false,false
1426284,2,false,f89d3b11,csk,caught,true,false,false
1426284,2,false,eade4650,csk,caught,true,false,false
1426284,2,false,eade4650,csk,caught,true,false,false
1426284,2,false,bb351c23,csk,caught,true,false,false
1426285,1,false,3d284ca3,kkr,caught,true,false,false
1426285,1,false,a24be938,kkr,caught,true,false,false
1426285,1,false,85ec8e33,kkr,caught,true,false,false
1426285,1,false,3d284ca3,kkr,caught,true,false,false
1426285,1,false,3d284ca3,kkr,caught,true,false,false
1426285,1,false,85ec8e33,kkr,caught,true,false,false
1426285,2,false,9b6e1b3f,dc,caught,true,false,false
1426285,2,false,8d2c70ad,dc,caught,true,false,false
1426286,1,false,d9273ee7,lsg,caught,true,false,false
1426286,1,false,b17e2f24,lsg,caught,true,false,false
1426286,1,false,df064e1a,lsg,run out,false,false,true
1426286,1,false,b17e2f24,lsg,caught,true,false,false
1426286,1,false,b1ad996b,lsg,caught,true,false,false
1426286,2,false,62af8546,mi,caught,true,false,false
1426286,2,false,462411b3,mi,caught,true,false,false
1426286,2,false,b0482a1d,mi,caught,true,false,false
1426286,2,false,fffa744b,mi,run out,false,false,true
1426286,2,false,752f7486,mi,run out,false,false,true
1426287,1,false,cad00a4d,pbks,caught,true,false,false
1426287,1,false,f986ca1a,pbks,caught,true,false,false
1426287,1,false,800d2d97,pbks,run out,false,false,true
1426287,1,false,f986ca1a,pbks,run out,false,false,true
1426287,2,false,45a43fe2,csk,caught,true,false,false
1426287,2,false,4a8a2e3b,csk,caught,true,false,false
1426288,1,false,bcf325d2,rr,caught,true,false,false
1426288,1,false,6c19c6e5,rr,caught,true,false,false
1426288,2,false,81c36ee9,srh,caught,true,false,false
1426288,2,false,81c36ee9,srh,caught,true,false,false
1426288,2,false,81c36ee9,srh,caught,true,false,false
1426288,2,false,f29185a1,srh,caught,true,false,false
1426289,1,false,b0482a1d,mi,caught,true,false,false
1426289,1,false,271f83cd,mi,caught,true,false,false
1426289,1,false,f1f99156,mi,caught,true,false,false
1426289,1,false,844e79d1,mi,caught,true,false,false
1426289,1,false,ee1b6c27,mi,run out,false,false,true
1426289,1,false,dbe50b21,mi,run out,false,false,true
1426289,1,false,3204c99f,mi,caught,true,false,false
1426289,2,false,93b4fc78,kkr,caught,true,false,false
1426289,2,false,9d430b40,kkr,caught,true,false,false
1426289,2,false,93b4fc78,kkr,caught,true,false,false
1426289,2,false,3d284ca3,kkr,caught,true,false,false
1426289,2,false,85ec8e33,kkr,caught,true,false,false
1426289,2,false,9d430b40,kkr,caught,true,false,false
1426290,1,false,c03f1114,rcb,caught,true,false,false
1426290,1,false,54e52590,rcb,caught,true,false,false
1426290,1,false,ba607b88,rcb,caught,true,false,false
1426290,1,false,b681e71e,rcb,caught,true,false,false
1426290,1,false,ba607b88,rcb,run out,false,false,true
1426290,1,false,54e52590,rcb,caught,true,false,false
1426290,1,false,983f2f61,rcb,caught,true,false,false
1426290,1,false,c03f1114,rcb,run out,false,false,true
1426290,1,false,54e52590,rcb,run out,false,false,true
1426290,1,false,2f49c897,rcb,caught,true,false,false
1426290,2,false,7dcb9bc9,gt,caught,true,false,false
1426290,2,false,7dcb9bc9,gt,caught,true,false,false
1426290,2,false,d67d5f00,gt,caught,true,false,false
1426290,2,false,d67d5f00,gt,caught,true,false,false
1426290,2,false,7dcb9bc9,gt,caught,true,false,false
1426290,2,false,fe11caa6,gt,caught,true,false,false
1426291,1,false,e62dd25d,pbks,caught,true,false,false
1426291,1,false,800d2d97,pbks,caught,true,false,false
1426291,1,false,800d2d97,pbks,caught,true,false,false
1426291,1,false,abb83e27,pbks,caught,true,false,false
1426291,1,false,e94915e6,pbks,caught,true,false,false
1426291,1,false,e94915e6,pbks,caught,true,false,false
1426291,2,false,30df8c66,csk,caught,true,false,false
1426291,2,false,f89d3b11,csk,caught,true,false,false
1426291,2,false,4a8a2e3b,csk,caught,true,false,false
1426291,2,false,e4a0deae,csk,caught,true,false,false
1426291,2,false,30df8c66,csk,caught,true,false,false
1426291,2,false,f89d3b11,csk,caught,true,false,false
1426292,1,false,b17e2f24,lsg,caught,true,false,false
1426292,1,false,2c25d4f5,lsg,caught,true,false,false
1426292,1,false,90de905a,lsg,caught,true,false,false
1426292,1,false,b17e2f24,lsg,caught,true,false,false
1426292,1,false,d9273ee7,lsg,caught,true,false,false
1426292,1,false,b17e2f24,lsg,caught,true,false,false
1426292,2,false,be24ead0,kkr,caught,true,false,false
1426292,2,false,be24ead0,kkr,caught,true,false,false
1426292,2,false,77b1aa15,kkr,caught,true,false,false
1426292,2,false,3d284ca3,kkr,caught,true,false,false
1426292,2,false,3fb19989,kkr,caught,true,false,false
1426292,2,false,3d284ca3,kkr,caught,true,false,false
1426292,2,false,bbd41817,kkr,caught,true,false,false
1426293,1,false,752f7486,mi,caught,true,false,false
1426293,1,false,b0482a1d,mi,caught,true,false,false
1426293,1,false,fcc21ace,mi,caught,true,false,false
1426293,1,false,271f83cd,mi,caught,true,false,false
1426293,2,false,00ea847a,srh,caught,true,false,false
1426293,2,false,235c2bb6,srh,caught,true,false,false
1426293,2,false,81c36ee9,srh,caught,true,false,false
1426294,1,false,f0af99a7,rr,caught,true,false,false
1426294,1,false,ce820073,rr,run out,false,false,true
1426294,1,false,04a418e8,rr,caught,true,false,false
1426294,1,false,ce820073,rr,caught,true,false,false
1426294,1,false,a818c1be,rr,caught,true,false,false
1426294,1,false,495d42a5,rr,caught,true,false,false
1426294,1,false,a4cc73aa,rr,run out,false,false,true
1426294,1,false,6b2ff18f,rr,run out,false,false,true
1426294,2,false,2e171977,dc,caught,true,false,false
1426294,2,false,1fc6ef83,dc,caught,true,false,false
1426294,2,false,85b3fab2,dc,caught,true,false,false
1426294,2,false,1fc6ef83,dc,caught,true,false,false
1426295,1,false,aad0c365,srh,caught,true,false,false
1426295,1,false,b0f2baf4,srh,caught,true,false,false
1426295,1,false,ce794613,srh,caught,true,false,false
1426295,1,false,ded9240e,srh,run out,false,false,true
1426296,1,false,26989d80,pbks,caught,true,false,false
1426296,1,false,f986ca1a,pbks,caught,true,false,false
1426296,1,false,abb83e27,pbks,caught,true,false,false
1426296,1,false,cad00a4d,pbks,caught,true,false,false
1426296,1,false,e94915e6,pbks,caught,true,false,false
1426296,1,false,e94915e6,pbks,caught,true,false,false
1426296,2,false,3355b542,rcb,caught,true,false,false
1426296,2,false,9caf69a1,rcb,caught,true,false,false
1426296,2,false,119678fd,rcb,caught,true,false,false
1426296,2,false,ba607b88,rcb,run out,false,false,true
1426296,2,false,2f9d0389,rcb,caught,true,false,false
1426296,2,false,119678fd,rcb,caught,true,false,false
1426297,1,false,a4e37e47,csk,caught,true,false,false
1426297,1,false,fe93fd9d,csk,caught,true,false,false
1426297,1,false,ba5e1069,csk,run out,false,false,true
1426297,1,false,30df8c66,csk,run out,false,false,true
1426297,2,false,d67d5f00,gt,run out,false,false,true
1426297,2,false,39a2dfa8,gt,caught,true,false,false
1426297,2,false,5f547c8b,gt,caught,true,false,false
1426297,2,false,7dcb9bc9,gt,caught,true,false,false
1426297,2,false,efc04be7,gt,caught,true,false,false
1426297,2,false,efc04be7,gt,caught,true,false,false
1426297,2,false,d67d5f00,gt,caught,true,false,false
1426298,1,false,fcc21ace,mi,caught,true,false,false
1426298,1,false,271f83cd,mi,caught,true,false,false
1426298,1,false,b0482a1d,mi,run out,false,false,true
1426298,1,false,fcc21ace,mi,caught,true,false,false
1426298,1,false,752f7486,mi,caught,true,false,false
1426298,2,false,0a509d6b,kkr,caught,true,false,false
1426298,2,false,9d430b40,kkr,caught,true,false,false
1426298,2,false,be24ead0,kkr,caught,true,false,false
1426298,2,false,7c3b3b78,kkr,caught,true,false,false
1426298,2,false,85ec8e33,kkr,caught,true,false,false
1426298,2,false,3d284ca3,kkr,run out,false,false,true
1426298,2,false,3fb19989,kkr,run out,false,false,true
1426298,2,false,0a509d6b,kkr,caught,true,false,false
1426298,2,false,3d284ca3,kkr,caught,true,false,false
1426299,1,false,45a43fe2,csk,caught,true,false,false
1426299,1,false,46a9bea1,csk,caught,true,false,false
1426299,1,false,45a43fe2,csk,caught,true,false,false
1426299,1,false,1abb78f8,csk,caught,true,false,false
1426299,1,false,a4e37e47,csk,caught,true,false,false
1426299,2,false,eef2536f,rr,caught,true,false,false
1426299,2,false,04a418e8,rr,caught,true,false,false
1426300,1,false,9b6e1b3f,dc,caught,true,false,false
1426300,1,false,ad3b6e95,dc,caught,true,false,false
1426300,1,false,2e171977,dc,caught,true,false,false
1426300,1,false,2e171977,dc,caught,true,false,false
1426300,1,false,ad3b6e95,dc,caught,true,false,false
1426300,1,false,8d2c70ad,dc,caught,true,false,false
1426300,1,false,57ca01b3,dc,caught,true,false,false
1426300,1,false,1fc6ef83,dc,run out,false,false,true
1426300,1,false,2cffab74,dc,run out,false,false,true
1426300,1,false,ad3b6e95,dc,run out,false,false,true
1426300,1,false,2cffab74,dc,run out,false,false,true
1426300,2,false,9caf69a1,rcb,caught,true,false,false
1426300,2,false,2f9d0389,rcb,caught,true,false,false
1426300,2,false,7210d461,rcb,run out,false,false,true
1426300,2,false,119678fd,rcb,caught,true,false,false
1426300,2,false,eaa76d3c,rcb,run out,false,false,true
1426300,2,false,9caf69a1,rcb,caught,true,false,false
1426300,2,false,3355b542,rcb,caught,true,false,false
1426300,2,false,da934ee8,rcb,caught,true,false,false
1426302,1,false,c0c411cb,lsg,caught,true,false,false
1426302,1,false,b17e2f24,lsg,caught,true,false,false
1426302,1,false,3241e3fd,lsg,caught,true,false,false
1426302,1,false,73ad96ed,lsg,caught,true,false,false
1426302,2,false,2cffab74,dc,caught,true,false,false
1426302,2,false,2cffab74,dc,caught,true,false,false
1426302,2,false,919a3be2,dc,stumped,false,true,false
1426302,2,false,9f77963a,dc,caught,true,false,false
1426302,2,false,2e171977,dc,caught,true,false,false
1426302,2,false,919a3be2,dc,stumped,false,true,false
1426302,2,false,1fc6ef83,dc,caught,true,false,false
1426302,2,false,9b6e1b3f,dc,run out,false,false,true
1426303,1,false,2ed569a0,pbks,caught,true,false,false
1426303,1,false,800d2d97,pbks,caught,true,false,false
1426303,1,false,26989d80,pbks,caught,true,false,false
1426303,1,false,c05edf8e,pbks,caught,true,false,false
1426303,1,false,cad00a4d,pbks,caught,true,false,false
1426303,1,false,abb83e27,pbks,run out,false,false,true
1426303,1,false,800d2d97,pbks,run out,false,false,true
1426303,2,false,57ee1fde,rr,caught,true,false,false
1426303,2,false,6c19c6e5,rr,caught,true,false,false
1426303,2,false,04a418e8,rr,caught,true,false,false
1426303,2,false,04a418e8,rr,caught,true,false,false
1426305,1,false,d1a60072,mi,caught,true,false,false
1426305,1,false,271f83cd,mi,caught,true,false,false
1426305,1,false,d1a60072,mi,caught,true,false,false
1426305,1,false,ee1b6c27,mi,caught,true,false,false
1426305,2,false,5b8c830e,lsg,caught,true,false,false
1426305,2,false,df064e1a,lsg,caught,true,false,false
1426305,2,false,c33d8116,lsg,caught,true,false,false
1426305,2,false,c0c411cb,lsg,caught,true,false,false
1426305,2,false,5b8c830e,lsg,caught,true,false,false
1426306,1,false,eade4650,csk,caught,true,false,false
1426306,1,false,e4a0deae,csk,run out,false,false,true
1426306,1,false,eade4650,csk,caught,true,false,false
1426306,1,false,4a8a2e3b,csk,caught,true,false,false
1426306,1,false,4a8a2e3b,csk,caught,true,false,false
1426306,2,false,7210d461,rcb,caught,true,false,false
1426306,2,false,ba607b88,rcb,caught,true,false,false
1426306,2,false,3355b542,rcb,caught,true,false,false
1426306,2,false,983f2f61,rcb,run out,false,false,true
1426306,2,false,c03f1114,rcb,run out,false,false,true
1426306,2,false,2f9d0389,rcb,caught,true,false,false
1426306,2,false,3355b542,rcb,caught,true,false,false
1426306,2,false,983f2f61,rcb,caught,true,false,false
1426307,1,false,b0f2baf4,srh,caught,true,false,false
1426307,1,false,235c2bb6,srh,caught,true,false,false
1426307,1,false,aad0c365,srh,run out,false,false,true
1426307,1,false,235c2bb6,srh,run out,false,false,true
1426307,1,false,8e514b4c,srh,caught,true,false,false
1426307,1,false,b0f2baf4,srh,caught,true,false,false
1426307,2,false,244048f6,pbks,caught,true,false,false
1426307,2,false,e1d9ae9c,pbks,caught,true,false,false
1426307,2,false,e1d9ae9c,pbks,caught,true,false,false
1426307,2,false,26989d80,pbks,caught,true,false,false
1426309,1,false,bbd41817,kkr,caught,true,false,false
1426309,1,false,0bacade8,kkr,caught,true,false,false
1426309,1,false,0a509d6b,kkr,caught,true,false,false
1426309,1,false,0bacade8,kkr,run out,false,false,true
1426309,1,false,bbd41817,kkr,run out,false,false,true
1426309,1,false,85ec8e33,kkr,caught,true,false,false
1426309,1,false,0bacade8,kkr,caught,true,false,false
1426309,2,false,03a83c50,srh,caught,true,false,false
1426309,2,false,03a83c50,srh,caught,true,false,false
1426310,1,false,650d5e49,rr,caught,true,false,false
1426310,1,false,f0af99a7,rr,caught,true,false,false
1426310,1,false,650d5e49,rr,caught,true,false,false
1426310,1,false,bcf325d2,rr,caught,true,false,false
1426310,1,false,04a418e8,rr,caught,true,false,false
1426310,1,false,6c19c6e5,rr,caught,true,false,false
1426310,1,false,650d5e49,rr,caught,true,false,false
1426310,1,false,650d5e49,rr,caught,true,false,false
1426310,2,false,c03f1114,rcb,caught,true,false,false
1426310,2,false,c03f1114,rcb,stumped,false,true,false
1426310,2,false,ba607b88,rcb,run out,false,false,true
1426310,2,false,eaa76d3c,rcb,run out,false,false,true
1426310,2,false,3355b542,rcb,caught,true,false,false
1426311,1,false,f836b33d,rr,caught,true,false,false
1426311,1,false,57ee1fde,rr,caught,true,false,false
1426311,1,false,57ee1fde,rr,caught,true,false,false
1426311,1,false,495d42a5,rr,caught,true,false,false
1426311,1,false,57ee1fde,rr,caught,true,false,false
1426311,1,false,bcf325d2,rr,caught,true,false,false
1426311,1,false,a4cc73aa,rr,run out,false,false,true
1426311,1,false,eef2536f,rr,run out,false,false,true
1426311,2,false,77255a9e,srh,caught,true,false,false
1426311,2,false,8e514b4c,srh,caught,true,false,false
1426311,2,false,6a26221c,srh,caught,true,false,false
1426311,2,false,f29185a1,srh,caught,true,false,false
1426311,2,false,235c2bb6,srh,caught,true,false,false
1426311,2,false,f29185a1,srh,caught,true,false,false
1426312,1,false,0bacade8,kkr,caught,true,false,false
1426312,1,false,be24ead0,kkr,caught,true,false,false
1426312,1,false,0bacade8,kkr,caught,true,false,false
1426312,1,false,3fb19989,kkr,caught,true,false,false
1426312,1,false,9d430b40,kkr,caught,true,false,false
1426312,1,false,0bacade8,kkr,caught,true,false,false
1426312,1,false,3fb19989,kkr,caught,true,false,false
1426312,2,false,f9e6e7ef,srh,caught,true,false,false
1473438,1,false,800d2d97,rcb,caught,true,false,false
1473438,1,false,800d2d97,rcb,caught,true,false,false
1473438,1,false,b8527c3d,rcb,caught,true,false,false
1473438,1,false,800d2d97,rcb,caught,true,false,false
1473438,1,false,800d2d97,rcb,caught,true,false,false
1473438,2,false,83c3e8e3,kkr,caught,true,false,false
1473438,2,false,be24ead0,kkr,caught,true,false,false
1473438,2,false,0a509d6b,kkr,caught,true,false,false
1473439,1,false,6c19c6e5,rr,caught,true,false,false
1473439,1,false,48a1d7b7,rr,caught,true,false,false
1473439,1,false,6c19c6e5,rr,caught,true,false,false
1473439,1,false,04a418e8,rr,caught,true,false,false
1473439,1,false,5574750c,rr,caught,true,false,false
1473439,1,false,04a418e8,rr,caught,true,false,false
1473439,2,false,0890552f,srh,caught,true,false,false
1473439,2,false,ded9240e,srh,caught,true,false,false
1473439,2,false,ded9240e,srh,caught,true,false,false
1473439,2,false,235c2bb6,srh,caught,true,false,false
1473439,2,false,752f7486,srh,caught,true,false,false
1473439,2,false,0890552f,srh,caught,true,false,false
1473440,1,false,a4e37e47,csk,caught,true,false,false
1473440,1,false,a4e37e47,csk,caught,true,false,false
1473440,1,false,4a8a2e3b,csk,stumped,false,true,false
1473440,1,false,fe93fd9d,csk,caught,true,false,false
1473440,1,false,45a43fe2,csk,caught,true,false,false
1473440,2,false,e66732f8,mi,caught,true,false,false
1473440,2,false,9caf69a1,mi,caught,true,false,false
1473440,2,false,b0482a1d,mi,caught,true,false,false
1473440,2,false,c27b5a0e,mi,caught,true,false,false
1473440,2,false,e66732f8,mi,run out,false,false,true
1473440,2,false,23eeb873,mi,run out,false,false,true
1473441,1,false,3fb19989,dc,caught,true,false,false
1473441,1,false,85b3fab2,dc,caught,true,false,false
1473441,1,false,3355b542,dc,caught,true,false,false
1473441,1,false,85b3fab2,dc,caught,true,false,false
1473441,1,false,ad3b6e95,dc,run out,false,false,true
1473441,1,false,2e171977,dc,run out,false,false,true
1473441,1,false,51ec3919,dc,caught,true,false,false
1473441,2,false,872b03f7,lsg,caught,true,false,false
1473441,2,false,3241e3fd,lsg,caught,true,false,false
1473441,2,false,919a3be2,lsg,caught,true,false,false
1473441,2,false,3241e3fd,lsg,caught,true,false,false
1473441,2,false,d67d5f00,lsg,caught,true,false,false
1473441,2,false,cf0ccafa,lsg,caught,true,false,false
1473441,2,false,919a3be2,lsg,caught,true,false,false
1473441,2,false,919a3be2,lsg,run out,false,false,true
1473441,2,false,80b2fb19,lsg,run out,false,false,true
1473442,1,false,12314277,gt,caught,true,false,false
1473442,1,false,d5130a30,gt,caught,true,false,false
1473442,1,false,12314277,gt,caught,true,false,false
1473442,1,false,12314277,gt,caught,true,false,false
1473442,2,false,b5797845,pbks,caught,true,false,false
1473442,2,false,26989d80,pbks,caught,true,false,false
1473442,2,false,244048f6,pbks,run out,false,false,true
1473443,1,false,372455c4,kkr,caught,true,false,false
1473443,1,false,77b1aa15,kkr,caught,true,false,false
1473443,1,false,29e95537,kkr,caught,true,false,false
1473443,1,false,bbd41817,kkr,caught,true,false,false
1473443,1,false,d7017798,kkr,caught,true,false,false
1473443,2,false,04a418e8,rr,run out,false,false,true
1473443,2,false,f24c6701,rr,run out,false,false,true
1473443,2,false,46a9bea1,rr,caught,true,false,false
1473444,1,false,3241e3fd,lsg,caught,true,false,false
1473444,1,false,919a3be2,lsg,caught,true,false,false
1473444,1,false,80b2fb19,lsg,run out,false,false,true
1473444,1,false,d67d5f00,lsg,caught,true,false,false
1473444,1,false,8e514b4c,lsg,caught,true,false,false
1473444,1,false,13fc5c6d,lsg,caught,true,false,false
1473444,1,false,872b03f7,lsg,caught,true,false,false
1473444,2,false,ded9240e,srh,caught,true,false,false
1473444,2,false,aad0c365,srh,caught,true,false,false
1473444,2,false,f986ca1a,srh,caught,true,false,false
1473444,2,false,8cf9814c,srh,caught,true,false,false
1473445,1,false,4a8a2e3b,csk,stumped,false,true,false
1473445,1,false,45a43fe2,csk,caught,true,false,false
1473445,1,false,ba5e1069,csk,caught,true,false,false
1473445,1,false,fe93fd9d,csk,caught,true,false,false
1473445,1,false,e94915e6,csk,caught,true,false,false
1473445,1,false,73ad96ed,csk,caught,true,false,false
1473445,2,false,3d284ca3,rcb,caught,true,false,false
1473445,2,false,e96801ea,rcb,caught,true,false,false
1473445,2,false,800d2d97,rcb,caught,true,false,false
1473445,2,false,5b8c830e,rcb,caught,true,false,false
1473445,2,false,3d284ca3,rcb,caught,true,false,false
1473445,2,false,3d284ca3,rcb,caught,true,false,false
1473446,1,false,fffa744b,mi,caught,true,false,false
1473446,1,false,e66732f8,mi,caught,true,false,false
1473446,1,false,b0482a1d,mi,caught,true,false,false
1473446,1,false,dbe50b21,mi,run out,false,false,true
1473446,1,false,e4a0deae,mi,caught,true,false,false
1473446,1,false,dbe50b21,mi,caught,true,false,false
1473446,1,false,e66732f8,mi,run out,false,false,true
1473446,2,false,39a2dfa8,gt,caught,true,false,false
1473446,2,false,5bb1a1c4,gt,caught,true,false,false
1473446,2,false,b4b99816,gt,caught,true,false,false
1473446,2,false,2f49c897,gt,caught,true,false,false
1473447,1,false,5ffc0565,dc,run out,false,false,true
1473447,1,false,85b3fab2,dc,caught,true,false,false
1473447,1,false,2e171977,dc,caught,true,false,false
1473447,1,false,b17e2f24,dc,caught,true,false,false
1473447,1,false,5ffc0565,dc,caught,true,false,false
1473447,1,false,3355b542,dc,caught,true,false,false
1473447,1,false,9b6e1b3f,dc,caught,true,false,false
1473447,1,false,9b6e1b3f,dc,caught,true,false,false
1473447,1,false,2e171977,dc,caught,true,false,false
1473447,1,false,3355b542,dc,caught,true,false,false
1473447,2,false,c96f6ac5,srh,caught,true,false,false
1473448,1,false,495d42a5,csk,caught,true,false,false
1473448,1,false,ba5e1069,csk,caught,true,false,false
1473448,1,false,4a8a2e3b,csk,stumped,false,true,false
1473448,1,false,64839cb3,csk,caught,true,false,false
1473448,1,false,0994d0ae,csk,caught,true,false,false
1473448,1,false,45a43fe2,csk,caught,true,false,false
1473448,1,false,a2f46292,csk,run out,false,false,true
1473448,1,false,495d42a5,csk,caught,true,false,false
1473448,2,false,bcf325d2,rr,caught,true,false,false
1473448,2,false,48a1d7b7,rr,caught,true,false,false
1473448,2,false,04a418e8,rr,caught,true,false,false
1473448,2,false,6c19c6e5,rr,caught,true,false,false
1473448,2,false,48a1d7b7,rr,caught,true,false,false
1473449,1,false,d45c29b1,mi,caught,true,false,false
1473449,1,false,b0482a1d,mi,caught,true,false,false
1473449,1,false,e66732f8,mi,caught,true,false,false
1473449,1,false,fffa744b,mi,caught,true,false,false
1473449,1,false,fffa744b,mi,caught,true,false,false
1473449,1,false,fffa744b,mi,caught,true,false,false
1473449,1,false,dbe50b21,mi,caught,true,false,false
1473449,2,false,77b1aa15,kkr,caught,true,false,false
1473449,2,false,29e95537,kkr,caught,true,false,false
1473450,1,false,81c36ee9,pbks,caught,true,false,false
1473450,1,false,57ee1fde,pbks,caught,true,false,false
1473450,1,false,b681e71e,pbks,caught,true,false,false
1473450,1,false,9418198b,pbks,caught,true,false,false
1473450,1,false,b681e71e,pbks,caught,true,false,false
1473450,1,false,b5797845,pbks,caught,true,false,false
1473450,2,false,1abb78f8,lsg,caught,true,false,false
1473450,2,false,df064e1a,lsg,caught,true,false,false
1473451,1,false,85e0cf10,gt,caught,true,false,false
1473451,1,false,39a2dfa8,gt,caught,true,false,false
1473451,1,false,99b75528,gt,caught,true,false,false
1473451,2,false,50c6bc2b,rcb,caught,true,false,false
1473451,2,false,800d2d97,rcb,caught,true,false,false
1473452,1,false,36619795,srh,caught,true,false,false
1473452,1,false,235c2bb6,srh,caught,true,false,false
1473452,1,false,235c2bb6,srh,caught,true,false,false
1473452,1,false,f986ca1a,srh,caught,true,false,false
1473452,1,false,a3b0600d,srh,caught,true,false,false
1473452,1,false,235c2bb6,srh,run out,false,false,true
1473452,2,false,77b1aa15,kkr,caught,true,false,false
1473452,2,false,a24be938,kkr,caught,true,false,false
1473452,2,false,29e95537,kkr,caught,true,false,false
1473452,2,false,9d430b40,kkr,caught,true,false,false
1473452,2,false,e4cdf230,kkr,caught,true,false,false
1473452,2,false,a24be938,kkr,caught,true,false,false
1473452,2,false,bb351c23,kkr,caught,true,false,false
1473452,2,false,77b1aa15,kkr,caught,true,false,false
1473453,1,false,23eeb873,mi,caught,true,false,false
1473453,1,false,172dff15,mi,caught,true,false,false
1473453,1,false,e66732f8,mi,caught,true,false,false
1473453,1,false,ba6b2f91,mi,caught,true,false,false
1473453,1,false,fffa744b,mi,caught,true,false,false
1473453,1,false,fffa744b,mi,caught,true,false,false
1473453,1,false,e4a0deae,mi,caught,true,false,false
1473453,2,false,df064e1a,lsg,caught,true,false,false
1473453,2,false,df064e1a,lsg,caught,true,false,false
1473453,2,false,8e514b4c,lsg,caught,true,false,false
1473454,1,false,495d42a5,csk,caught,true,false,false
1473454,1,false,64839cb3,csk,caught,true,false,false
1473454,1,false,fe93fd9d,csk,caught,true,false,false
1473454,1,false,4a8a2e3b,csk,caught,true,false,false
1473454,1,false,fe93fd9d,csk,run out,false,false,true
1473454,1,false,4a8a2e3b,csk,run out,false,false,true
1473454,2,false,9b6e1b3f,dc,caught,true,false,false
1473454,2,false,2e171977,dc,caught,true,false,false
1473454,2,false,85b3fab2,dc,caught,true,false,false
1473455,1,false,85ec8e33,pbks,caught,true,false,false
1473455,1,false,b681e71e,pbks,caught,true,false,false
1473455,1,false,b681e71e,pbks,caught,true,false,false
1473455,2,false,a97c8ec2,rr,caught,true,false,false
1473455,2,false,6c19c6e5,rr,caught,true,false,false
1473455,2,false,bcf325d2,rr,caught,true,false,false
1473455,2,false,48a1d7b7,rr,caught,true,false,false
1473455,2,false,48a1d7b7,rr,caught,true,false,false
1473455,2,false,a97c8ec2,rr,caught,true,false,false
1473456,1,false,0a509d6b,kkr,caught,true,false,false
1473456,2,false,6a26221c,lsg,caught,true,false,false
1473456,2,false,3241e3fd,lsg,caught,true,false,false
1473456,2,false,6a26221c,lsg,caught,true,false,false
1473456,2,false,919a3be2,lsg,caught,true,false,false
1473456,2,false,6a26221c,lsg,caught,true,false,false
1473456,2,false,d67d5f00,lsg,caught,true,false,false
1473457,1,false,d5130a30,gt,caught,true,false,false
1473457,1,false,39a2dfa8,gt,caught,true,false,false
1473457,1,false,5bb1a1c4,gt,caught,true,false,false
1473457,1,false,5f547c8b,gt,caught,true,false,false
1473457,1,false,d5130a30,gt,caught,true,false,false
1473457,2,false,a3b0600d,srh,caught,true,false,false
1473457,2,false,235c2bb6,srh,caught,true,false,false
1473457,2,false,a3b0600d,srh,caught,true,false,false
1473458,1,false,9caf69a1,mi,caught,true,false,false
1473458,1,false,fffa744b,mi,caught,true,false,false
1473458,1,false,462411b3,mi,caught,true,false,false
1473458,1,false,e66732f8,mi,caught,true,false,false
1473458,2,false,ba607b88,rcb,caught,true,false,false
1473458,2,false,50c6bc2b,rcb,caught,true,false,false
1473458,2,false,3d284ca3,rcb,caught,true,false,false
1473458,2,false,50c6bc2b,rcb,caught,true,false,false
1473458,2,false,f1f99156,rcb,caught,true,false,false
1473458,2,false,f1f99156,rcb,caught,true,false,false
1473458,2,false,7210d461,rcb,caught,true,false,false
1473459,1,false,df5a6881,csk,caught,true,false,false
1473459,1,false,4a8a2e3b,csk,caught,true,false,false
1473459,1,false,0994d0ae,csk,caught,true,false,false
1473459,2,false,9418198b,pbks,stumped,false,true,false
1473459,2,false,26989d80,pbks,caught,true,false,false
1473459,2,false,57ee1fde,pbks,caught,true,false,false
1473460,1,false,a4cc73aa,rr,stumped,false,true,false
1473460,1,false,a4cc73aa,rr,caught,true,false,false
1473460,1,false,a4cc73aa,rr,caught,true,false,false
1473460,1,false,6c19c6e5,rr,caught,true,false,false
1473460,2,false,5f547c8b,gt,caught,true,false,false
1473460,2,false,fa2f1dde,gt,caught,true,false,false
1473460,2,false,99b75528,gt,caught,true,false,false
1473460,2,false,d5130a30,gt,caught,true,false,false
1473460,2,false,c7a995d3,gt,caught,true,false,false
1473460,2,false,b4b99816,gt,caught,true,false,false
1473460,2,false,c7a995d3,gt,caught,true,false,false
1473460,2,false,5f547c8b,gt,caught,true,false,false
1473460,2,false,d5130a30,gt,caught,true,false,false
1473461,1,false,b17e2f24,dc,run out,false,false,true
1473461,1,false,5ffc0565,dc,run out,false,false,true
1473461,1,false,2e171977,dc,caught,true,false,false
1473461,1,false,3fb19989,dc,caught,true,false,false
1473461,1,false,84d9c311,dc,caught,true,false,false
1473461,1,false,b17e2f24,dc,caught,true,false,false
1473461,1,false,b17e2f24,dc,caught,true,false,false
1473461,1,false,84d9c311,dc,caught,true,false,false
1473461,2,false,c740ea83,rcb,caught,true,false,false
1473461,2,false,800d2d97,rcb,caught,true,false,false
1473461,2,false,800d2d97,rcb,caught,true,false,false
1473461,2,false,f1f99156,rcb,caught,true,false,false
1473462,1,false,29e95537,kkr,caught,true,false,false
1473462,1,false,bb351c23,kkr,caught,true,false,false
1473462,1,false,7c3b3b78,kkr,caught,true,false,false
1473462,1,false,372455c4,kkr,caught,true,false,false
1473462,1,false,7c3b3b78,kkr,caught,true,false,false
1473462,1,false,5b7ab5a9,kkr,caught,true,false,false
1473463,1,false,6a26221c,lsg,caught,true,false,false
1473463,1,false,3241e3fd,lsg,caught,true,false,false
1473463,1,false,1abb78f8,lsg,caught,true,false,false
1473463,1,false,6a26221c,lsg,caught,true,false,false
1473463,2,false,f19ccfad,gt,caught,true,false,false
1473463,2,false,b4b99816,gt,caught,true,false,false
1473463,2,false,7dcb9bc9,gt,caught,true,false,false
1473464,1,false,aad0c365,srh,caught,true,false,false
1473464,1,false,ded9240e,srh,caught,true,false,false
1473464,1,false,12b610c2,srh,caught,true,false,false
1473464,2,false,b681e71e,pbks,caught,true,false,false
1473464,2,false,ed5a5510,pbks,caught,true,false,false
1473465,1,false,800d2d97,rcb,stumped,false,true,false
1473465,1,false,ba607b88,rcb,caught,true,false,false
1473465,1,false,2c25d4f5,rcb,caught,true,false,false
1473465,2,false,6c19c6e5,rr,caught,true,false,false
1473466,1,false,3fb19989,dc,caught,true,false,false
1473466,1,false,85b3fab2,dc,caught,true,false,false
1473466,1,false,ad3b6e95,dc,caught,true,false,false
1473466,2,false,9caf69a1,mi,caught,true,false,false
1473466,2,false,fffa744b,mi,caught,true,false,false
1473466,2,false,271f83cd,mi,caught,true,false,false
1473466,2,false,fffa744b,mi,caught,true,false,false
1473466,2,false,e66732f8,mi,stumped,false,true,false
1473466,2,false,e66732f8,mi,run out,false,false,true
1473466,2,false,9caf69a1,mi,run out,false,false,true
1473466,2,false,ba6b2f91,mi,run out,false,false,true
1473466,2,false,e66732f8,mi,run out,false,false,true
1473466,2,false,e4a0deae,mi,run out,false,false,true
1473467,1,false,77255a9e,csk,caught,true,false,false
1473467,1,false,4a8a2e3b,csk,stumped,false,true,false
1473467,1,false,4a8a2e3b,csk,run out,false,false,true
1473467,1,false,4a8a2e3b,csk,caught,true,false,false
1473467,1,false,cbf58a86,csk,caught,true,false,false
1473467,2,false,3241e3fd,lsg,caught,true,false,false
1473467,2,false,6a26221c,lsg,caught,true,false,false
1473467,2,false,eef2536f,lsg,caught,true,false,false
1473468,1,false,be24ead0,kkr,caught,true,false,false
1473468,1,false,be24ead0,kkr,caught,true,false,false
1473468,1,false,be24ead0,kkr,caught,true,false,false
1473468,1,false,a24be938,kkr,caught,true,false,false
1473468,1,false,372455c4,kkr,caught,true,false,false
1473468,1,false,a24be938,kkr,run out,false,false,true
1473468,1,false,7c3b3b78,kkr,run out,false,false,true
1473468,2,false,970ddd24,pbks,caught,true,false,false
1473468,2,false,3b53243a,pbks,caught,true,false,false
1473468,2,false,989889ff,pbks,stumped,false,true,false
1473468,2,false,85ec8e33,pbks,caught,true,false,false
1473468,2,false,989889ff,pbks,caught,true,false,false
1473469,1,false,6c19c6e5,rr,caught,true,false,false
1473469,1,false,a97c8ec2,rr,run out,false,false,true
1473469,1,false,ce820073,rr,run out,false,false,true
1473469,1,false,48a1d7b7,rr,caught,true,false,false
1473469,1,false,04a418e8,rr,caught,true,false,false
1473469,1,false,bcf325d2,rr,caught,true,false,false
1473469,2,false,3fb19989,dc,caught,true,false,false
1473469,2,false,b17e2f24,dc,run out,false,false,true
1473469,2,false,2e171977,dc,run out,false,false,true
1473469,3,true,b17e2f24,dc,run out,false,false,true
1473469,3,true,9b6e1b3f,dc,run out,false,false,true
1473470,1,false,ba6b2f91,mi,caught,true,false,false
1473470,1,false,e66732f8,mi,stumped,false,true,false
1473470,1,false,e4a0deae,mi,caught,true,false,false
1473470,1,false,b0482a1d,mi,caught,true,false,false
1473470,2,false,12b610c2,srh,caught,true,false,false
1473470,2,false,12b610c2,srh,caught,true,false,false
1473470,2,false,36619795,srh,caught,true,false,false
1473470,2,false,36619795,srh,caught,true,false,false
1473470,2,false,752f7486,srh,caught,true,false,false
1473471,1,false,989889ff,pbks,caught,true,false,false
1473471,1,false,81c36ee9,pbks,caught,true,false,false
1473471,1,false,b5797845,pbks,caught,true,false,false
1473471,1,false,d1a60072,pbks,caught,true,false,false
1473471,1,false,3b53243a,pbks,caught,true,false,false
1473471,1,false,3b53243a,pbks,caught,true,false,false
1473471,2,false,f1f99156,rcb,caught,true,false,false
1473471,2,false,f1f99156,rcb,caught,true,false,false
1473471,2,false,800d2d97,rcb,caught,true,false,false
1473471,2,false,9440ef41,rcb,caught,true,false,false
1473471,2,false,3d284ca3,rcb,caught,true,false,false
1473472,1,false,2f49c897,gt,caught,true,false,false
1473472,1,false,12314277,gt,caught,true,false,false
1473472,1,false,85e0cf10,gt,caught,true,false,false
1473472,1,false,99b75528,gt,caught,true,false,false
1473472,1,false,99b75528,gt,caught,true,false,false
1473472,1,false,c7a995d3,gt,caught,true,false,false
1473472,1,false,da934ee8,gt,caught,true,false,false
1473472,2,false,944533a5,dc,run out,false,false,true
1473472,2,false,85b3fab2,dc,caught,true,false,false
1473472,2,false,3fb19989,dc,caught,true,false,false
1473473,1,false,48a1d7b7,rr,caught,true,false,false
1473473,1,false,bcf325d2,rr,caught,true,false,false
1473473,1,false,04a418e8,rr,caught,true,false,false
1473473,1,false,6b2ff18f,rr,caught,true,false,false
1473473,2,false,919a3be2,lsg,stumped,false,true,false
1473473,2,false,eef2536f,lsg,caught,true,false,false
1473473,2,false,1abb78f8,lsg,caught,true,false,false
1473474,1,false,f1f99156,rcb,caught,true,false,false
1473474,1,false,f1f99156,rcb,caught,true,false,false
1473474,1,false,5b8c830e,rcb,caught,true,false,false
1473474,1,false,f1f99156,rcb,run out,false,false,true
1473474,1,false,ba607b88,rcb,run out,false,false,true
1473474,1,false,800d2d97,rcb,run out,false,false,true
1473474,2,false,989889ff,pbks,caught,true,false,false
1473474,2,false,d1a60072,pbks,caught,true,false,false
1473474,2,false,81c36ee9,pbks,caught,true,false,false
1473475,1,false,e66732f8,mi,caught,true,false,false
1473475,1,false,e4a0deae,mi,caught,true,false,false
1473475,1,false,e66732f8,mi,stumped,false,true,false
1473475,1,false,9caf69a1,mi,caught,true,false,false
1473475,1,false,b0482a1d,mi,caught,true,false,false
1473475,2,false,b2b4f545,csk,caught,true,false,false
1473476,1,false,0bacade8,kkr,caught,true,false,false
1473476,1,false,0a509d6b,kkr,caught,true,false,false
1473476,1,false,be24ead0,kkr,caught,true,false,false
1473476,2,false,39a2dfa8,gt,caught,true,false,false
1473476,2,false,f19ccfad,gt,caught,true,false,false
1473476,2,false,99b75528,gt,stumped,false,true,false
1473476,2,false,99b75528,gt,stumped,false,true,false
1473476,2,false,7dcb9bc9,gt,caught,true,false,false
1473476,2,false,b4b99816,gt,caught,true,false,false
1473477,1,false,85b3fab2,dc,caught,true,false,false
1473477,2,false,d67d5f00,lsg,caught,true,false,false
1473478,1,false,fffa744b,mi,caught,true,false,false
1473478,1,false,e66732f8,mi,caught,true,false,false
1473478,1,false,1e030637,mi,caught,true,false,false
1473478,1,false,e4a0deae,mi,caught,true,false,false
1473478,1,false,e66732f8,mi,caught,true,false,false
1473478,1,false,b0482a1d,mi,caught,true,false,false
1473478,2,false,0890552f,srh,caught,true,false,false
1473478,2,false,f29185a1,srh,caught,true,false,false
1473479,1,false,48a1d7b7,rr,caught,true,false,false
1473479,1,false,fb2d1dda,rr,caught,true,false,false
1473479,1,false,fb2d1dda,rr,caught,true,false,false
1473479,1,false,bcf325d2,rr,caught,true,false,false
1473479,1,false,bcf325d2,rr,run out,false,false,true
1473479,1,false,48a1d7b7,rr,run out,false,false,true
1473479,2,false,c5aef772,rcb,caught,true,false,false
1473479,2,false,800d2d97,rcb,caught,true,false,false
1473479,2,false,2e81a32d,rcb,caught,true,false,false
1473479,2,false,800d2d97,rcb,caught,true,false,false
1473479,2,false,800d2d97,rcb,caught,true,false,false
1473479,2,false,c740ea83,rcb,caught,true,false,false
1473479,2,false,3d284ca3,rcb,caught,true,false,false
1473479,2,false,f1f99156,rcb,run out,false,false,true
1473479,2,false,800d2d97,rcb,run out,false,false,true
1473480,1,false,f29185a1,srh,caught,true,false,false
1473480,1,false,a3b0600d,srh,caught,true,false,false
1473480,1,false,752f7486,srh,caught,true,false,false
1473480,1,false,08548b13,srh,caught,true,false,false
1473480,1,false,f29185a1,srh,caught,true,false,false
1473480,1,false,f29185a1,srh,caught,true,false,false
1473480,1,false,235c2bb6,srh,caught,true,false,false
1473480,1,false,8cf9814c,srh,caught,true,false,false
1473480,1,false,f29185a1,srh,caught,true,false,false
1473480,2,false,b2b4f545,csk,caught,true,false,false
1473480,2,false,73ad96ed,csk,caught,true,false,false
1473480,2,false,e94915e6,csk,caught,true,false,false
1473480,2,false,73ad96ed,csk,caught,true,false,false
1473481,1,false,7c3b3b78,kkr,caught,true,false,false
1473481,1,false,650d5e49,kkr,caught,true,false,false
1473481,1,false,a24be938,kkr,caught,true,false,false
1473482,1,false,80b2fb19,lsg,caught,true,false,false
1473482,1,false,872b03f7,lsg,caught,true,false,false
1473482,1,false,80b2fb19,lsg,caught,true,false,false
1473482,1,false,3d8feaf8,lsg,caught,true,false,false
1473482,1,false,3241e3fd,lsg,caught,true,false,false
1473482,2,false,fffa744b,mi,caught,true,false,false
1473482,2,false,271f83cd,mi,caught,true,false,false
1473482,2,false,119678fd,mi,caught,true,false,false
1473482,2,false,b0482a1d,mi,caught,true,false,false
1473482,2,false,9caf69a1,mi,caught,true,false,false
1473482,2,false,172dff15,mi,caught,true,false,false
1473483,1,false,800d2d97,rcb,caught,true,false,false
1473483,1,false,2e81a32d,rcb,caught,true,false,false
1473483,1,false,ba607b88,rcb,caught,true,false,false
1473483,1,false,3c55c703,rcb,caught,true,false,false
1473483,1,false,ba607b88,rcb,run out,false,false,true
1473483,1,false,2e81a32d,rcb,run out,false,false,true
1473483,1,false,03806cf8,rcb,caught,true,false,false
1473483,2,false,944533a5,dc,caught,true,false,false
1473483,2,false,944533a5,dc,run out,false,false,true
1473483,2,false,3fb19989,dc,caught,true,false,false
1473484,1,false,04a418e8,rr,caught,true,false,false
1473484,1,false,04a418e8,rr,caught,true,false,false
1473484,1,false,48a1d7b7,rr,caught,true,false,false
1473485,1,false,ad3b6e95,dc,caught,true,false,false
1473485,1,false,5ffc0565,dc,caught,true,false,false
1473485,1,false,944533a5,dc,caught,true,false,false
1473485,1,false,3fb19989,dc,caught,true,false,false
1473485,1,false,327b58d3,dc,caught,true,false,false
1473485,1,false,ad3b6e95,dc,run out,false,false,true
1473485,2,false,bbd41817,kkr,caught,true,false,false
1473485,2,false,9d430b40,kkr,run out,false,false,true
1473485,2,false,77b1aa15,kkr,caught,true,false,false
1473485,2,false,0a509d6b,kkr,caught,true,false,false
1473485,2,false,9d430b40,kkr,caught,true,false,false
1473485,2,false,0bacade8,kkr,caught,true,false,false
1473486,1,false,26989d80,pbks,caught,true,false,false
1473486,1,false,85ec8e33,pbks,caught,true,false,false
1473486,1,false,989889ff,pbks,caught,true,false,false
1473486,1,false,989889ff,pbks,caught,true,false,false
1473486,1,false,d1a60072,pbks,caught,true,false,false
1473486,1,false,b5797845,pbks,caught,true,false,false
1473486,1,false,81c36ee9,pbks,caught,true,false,false
1473486,1,false,26989d80,pbks,caught,true,false,false
1473486,2,false,4a8a2e3b,csk,caught,true,false,false
1473486,2,false,844e79d1,csk,caught,true,false,false
1473486,2,false,fe93fd9d,csk,caught,true,false,false
1473486,2,false,844e79d1,csk,caught,true,false,false
1473486,2,false,efc04be7,csk,caught,true,false,false
1473487,1,false,6c19c6e5,rr,caught,true,false,false
1473487,2,false,9caf69a1,mi,caught,true,false,false
1473487,2,false,b0482a1d,mi,caught,true,false,false
1473487,2,false,740742ef,mi,caught,true,false,false
1473487,2,false,271f83cd,mi,caught,true,false,false
1473487,2,false,a818c1be,mi,caught,true,false,false
1473487,2,false,271f83cd,mi,caught,true,false,false
1473487,2,false,23eeb873,mi,caught,true,false,false
1473487,2,false,462411b3,mi,caught,true,false,false
1473488,1,false,235c2bb6,srh,caught,true,false,false
1473488,1,false,235c2bb6,srh,run out,false,false,true
1473488,1,false,f986ca1a,srh,run out,false,false,true
1473488,1,false,f29185a1,srh,caught,true,false,false
1473488,1,false,aad0c365,srh,caught,true,false,false
1473488,1,false,a3b0600d,srh,caught,true,false,false
1473488,2,false,5f547c8b,gt,caught,true,false,false
1473488,2,false,85e0cf10,gt,caught,true,false,false
1473488,2,false,2f49c897,gt,caught,true,false,false
1473488,2,false,99b75528,gt,caught,true,false,false
1473488,2,false,7dcb9bc9,gt,caught,true,false,false
1473488,2,false,99b75528,gt,caught,true,false,false
1473489,1,false,844e79d1,csk,caught,true,false,false
1473489,1,false,a2f46292,csk,caught,true,false,false
1473489,1,false,fe93fd9d,csk,caught,true,false,false
1473489,1,false,844e79d1,csk,caught,true,false,false
1473489,1,false,e94915e6,csk,caught,true,false,false
1473489,2,false,c5aef772,rcb,caught,true,false,false
1473489,2,false,800d2d97,rcb,caught,true,false,false
1473489,2,false,5b8c830e,rcb,caught,true,false,false
1473490,1,false,48a1d7b7,rr,caught,true,false,false
1473490,1,false,bcf325d2,rr,caught,true,false,false
1473490,1,false,50c09020,rr,caught,true,false,false
1473490,2,false,29e95537,kkr,caught,true,false,false
1473490,2,false,bbd41817,kkr,caught,true,false,false
1473490,2,false,0a509d6b,kkr,caught,true,false,false
1473490,2,false,9d430b40,kkr,caught,true,false,false
1473490,2,false,7c3b3b78,kkr,caught,true,false,false
1473490,2,false,0a509d6b,kkr,run out,false,false,true
1473490,2,false,7c3b3b78,kkr,run out,false,false,true
1473491,1,false,b1ad996b,lsg,caught,true,false,false
1473491,1,false,d67d5f00,lsg,caught,true,false,false
1473491,1,false,b1ad996b,lsg,caught,true,false,false
1473491,1,false,3241e3fd,lsg,caught,true,false,false
1473491,2,false,d1a60072,pbks,caught,true,false,false
1473491,2,false,26989d80,pbks,caught,true,false,false
1473491,2,false,26989d80,pbks,caught,true,false,false
1473491,2,false,244048f6,pbks,caught,true,false,false
1473492,1,false,752f7486,srh,caught,true,false,false
1473492,1,false,752f7486,srh,caught,true,false,false
1473492,1,false,752f7486,srh,caught,true,false,false
1473492,1,false,ded9240e,srh,caught,true,false,false
1473492,1,false,752f7486,srh,caught,true,false,false
1473492,1,false,a3b0600d,srh,run out,false,false,true
1473492,1,false,36619795,srh,run out,false,false,true
1473492,1,false,0890552f,srh,caught,true,false,false
1473493,1,false,d5130a30,gt,caught,true,false,false
1473493,1,false,85e0cf10,gt,caught,true,false,false
1473493,1,false,7dcb9bc9,gt,caught,true,false,false
1473493,1,false,d5130a30,gt,caught,true,false,false
1473493,1,false,b4b99816,gt,caught,true,false,false
1473493,1,false,b4b99816,gt,caught,true,false,false
1473493,1,false,b4b99816,gt,caught,true,false,false
1473493,1,false,99b75528,gt,run out,false,false,true
1473493,1,false,5f547c8b,gt,run out,false,false,true
1473493,2,false,e66732f8,mi,caught,true,false,false
1473493,2,false,e66732f8,mi,caught,true,false,false
1473493,2,false,fffa744b,mi,caught,true,false,false
1473494,1,false,efc04be7,csk,caught,true,false,false
1473494,1,false,4a8a2e3b,csk,stumped,false,true,false
1473494,1,false,4a8a2e3b,csk,caught,true,false,false
1473494,1,false,df5a6881,csk,caught,true,false,false
1473494,1,false,844e79d1,csk,caught,true,false,false
1473494,1,false,b2b4f545,csk,caught,true,false,false
1473494,2,false,77b1aa15,kkr,caught,true,false,false
1473494,2,false,5b7ab5a9,kkr,caught,true,false,false
1473494,2,false,d7017798,kkr,caught,true,false,false
1473494,2,false,0a509d6b,kkr,caught,true,false,false
1473494,2,false,0a509d6b,kkr,caught,true,false,false
1473494,2,false,0a509d6b,kkr,caught,true,false,false
1473495,1,false,fb5f69e4,dc,caught,true,false,false
1473497,1,false,48a1d7b7,rr,caught,true,false,false
1473497,1,false,a4cc73aa,rr,caught,true,false,false
1473497,1,false,a4cc73aa,rr,caught,true,false,false
1473497,1,false,6c19c6e5,rr,caught,true,false,false
1473497,1,false,48a1d7b7,rr,caught,true,false,false
1473497,2,false,3b53243a,pbks,caught,true,false,false
1473497,2,false,f2c936d7,pbks,caught,true,false,false
1473497,2,false,81c36ee9,pbks,caught,true,false,false
1473497,2,false,3b53243a,pbks,caught,true,false,false
1473497,2,false,f2c936d7,pbks,caught,true,false,false
1473497,2,false,9418198b,pbks,caught,true,false,false
1473498,1,false,2f49c897,gt,caught,true,false,false
1473498,1,false,99b75528,gt,caught,true,false,false
1473498,1,false,c7a995d3,gt,caught,true,false,false
1473499,1,false,5750bcb4,srh,caught,true,false,false
1473499,1,false,aad0c365,srh,caught,true,false,false
1473499,1,false,752f7486,srh,run out,false,false,true
1473499,1,false,752f7486,srh,run out,false,false,true
1473499,1,false,aad0c365,srh,run out,false,false,true
1473499,2,false,13fc5c6d,lsg,caught,true,false,false
1473499,2,false,1abb78f8,lsg,caught,true,false,false
1473499,2,false,919a3be2,lsg,caught,true,false,false
1473500,1,false,04a418e8,rr,caught,true,false,false
1473500,1,false,107c26fb,rr,caught,true,false,false
1473500,1,false,107c26fb,rr,caught,true,false,false
1473500,1,false,48a1d7b7,rr,caught,true,false,false
1473500,1,false,bcf325d2,rr,caught,true,false,false
1473500,1,false,6c19c6e5,rr,caught,true,false,false
1473500,1,false,46a9bea1,rr,caught,true,false,false
1473500,2,false,844e79d1,csk,caught,true,false,false
1473500,2,false,fe93fd9d,csk,caught,true,false,false
1473501,1,false,ad3b6e95,dc,caught,true,false,false
1473501,1,false,5ffc0565,dc,caught,true,false,false
1473501,1,false,fb5f69e4,dc,caught,true,false,false
1473501,1,false,f89d3b11,dc,caught,true,false,false
1473501,1,false,2cffab74,dc,caught,true,false,false
1473501,2,false,e4a0deae,mi,caught,true,false,false
1473501,2,false,e66732f8,mi,caught,true,false,false
1473501,2,false,e66732f8,mi,stumped,false,true,false
1473501,2,false,e66732f8,mi,stumped,false,true,false
1473501,2,false,ba6b2f91,mi,caught,true,false,false
1473502,1,false,7dcb9bc9,gt,caught,true,false,false
1473502,1,false,d014d5ac,gt,caught,true,false,false
1473502,2,false,6a26221c,lsg,caught,true,false,false
1473502,2,false,8e514b4c,lsg,caught,true,false,false
1473502,2,false,df064e1a,lsg,caught,true,false,false
1473502,2,false,ebcfef83,lsg,caught,true,false,false
1473502,2,false,cb9b8664,lsg,caught,true,false,false
1473502,2,false,df064e1a,lsg,caught,true,false,false
1473503,1,false,3d284ca3,rcb,caught,true,false,false
1473503,1,false,c5aef772,rcb,caught,true,false,false
1473503,1,false,c5aef772,rcb,caught,true,false,false
1473503,1,false,2e81a32d,rcb,caught,true,false,false
1473503,1,false,5b8c830e,rcb,caught,true,false,false
1473503,1,false,3d284ca3,rcb,caught,true,false,false
1473503,2,false,f29185a1,srh,caught,true,false,false
1473503,2,false,752f7486,srh,caught,true,false,false
1473503,2,false,f986ca1a,srh,caught,true,false,false
1473503,2,false,5750bcb4,srh,run out,false,false,true
1473503,2,false,0890552f,srh,caught,true,false,false
1473503,2,false,235c2bb6,srh,caught,true,false,false
1473503,2,false,a3b0600d,srh,caught,true,false,false
1473504,1,false,2f49c897,gt,caught,true,false,false
1473504,1,false,b4b99816,gt,caught,true,false,false
1473504,1,false,3204c99f,gt,caught,true,false,false
1473504,1,false,99b75528,gt,caught,true,false,false
1473504,2,false,cf59b3f0,csk,caught,true,false,false
1473504,2,false,fcc21ace,csk,caught,true,false,false
1473504,2,false,b2b4f545,csk,caught,true,false,false
1473504,2,false,64839cb3,csk,caught,true,false,false
1473504,2,false,a4e37e47,csk,caught,true,false,false
1473504,2,false,cf59b3f0,csk,caught,true,false,false
1473504,2,false,a4e37e47,csk,caught,true,false,false
1473504,2,false,4a8a2e3b,csk,caught,true,false,false
1473505,1,false,0a509d6b,kkr,caught,true,false,false
1473505,1,false,bbd41817,kkr,caught,true,false,false
1473505,1,false,acdc62f5,kkr,caught,true,false,false
1473505,2,false,f29185a1,srh,caught,true,false,false
1473505,2,false,0890552f,srh,caught,true,false,false
1473505,2,false,aad0c365,srh,caught,true,false,false
1473505,2,false,aad0c365,srh,caught,true,false,false
1473505,2,false,0890552f,srh,caught,true,false,false
1473505,2,false,1e66c162,srh,run out,false,false,true
1473506,1,false,85ec8e33,pbks,caught,true,false,false
1473506,1,false,d1a60072,pbks,caught,true,false,false
1473506,1,false,244048f6,pbks,caught,true,false,false
1473506,1,false,81c36ee9,pbks,caught,true,false,false
1473506,1,false,989889ff,pbks,caught,true,false,false
1473506,1,false,b5797845,pbks,caught,true,false,false
1473506,2,false,d45c29b1,mi,caught,true,false,false
1473506,2,false,271f83cd,mi,caught,true,false,false
1473507,1,false,800d2d97,rcb,caught,true,false,false
1473507,1,false,7210d461,rcb,caught,true,false,false
1473507,2,false,13fc5c6d,lsg,caught,true,false,false
1473507,2,false,8e514b4c,lsg,caught,true,false,false
1473507,2,false,872b03f7,lsg,caught,true,false,false
1473508,1,false,5b8c830e,rcb,caught,true,false,false
1473508,1,false,800d2d97,rcb,caught,true,false,false
1473508,1,false,800d2d97,rcb,caught,true,false,false
1473508,1,false,2e81a32d,rcb,caught,true,false,false
1473508,1,false,800d2d97,rcb,caught,true,false,false
1473508,2,false,989889ff,pbks,caught,true,false,false
1473508,2,false,85ec8e33,pbks,caught,true,false,false
1473509,1,false,3204c99f,gt,caught,true,false,false
1473509,1,false,f19ccfad,gt,caught,true,false,false
1473509,1,false,5f547c8b,gt,caught,true,false,false
1473509,1,false,5d1e7582,gt,caught,true,false,false
1473509,1,false,5f547c8b,gt,caught,true,false,false
1473509,2,false,b0482a1d,mi,caught,true,false,false
1473509,2,false,271f83cd,mi,caught,true,false,false
1473510,1,false,54e52590,pbks,caught,true,false,false
1473510,1,false,989889ff,pbks,caught,true,false,false
1473510,1,false,d1a60072,pbks,caught,true,false,false
1473510,1,false,b5797845,pbks,caught,true,false,false
1473510,1,false,989889ff,pbks,caught,true,false,false
1473510,1,false,d9273ee7,pbks,caught,true,false,false
1473510,2,false,8db7f47f,mi,caught,true,false,false
1473510,2,false,dbe50b21,mi,caught,true,false,false
1473510,2,false,abb83e27,mi,caught,true,false,false
1473510,2,false,e4a0deae,mi,caught,true,false,false
1473510,2,false,dbe50b21,mi,run out,false,false,true
1473511,1,false,85ec8e33,pbks,caught,true,false,false
1473511,1,false,244048f6,pbks,caught,true,false,false
1473511,1,false,85ec8e33,pbks,caught,true,false,false
1473511,1,false,b5797845,pbks,caught,true,false,false
1473511,2,false,3d284ca3,rcb,caught,true,false,false
1473511,2,false,2e81a32d,rcb,caught,true,false,false
1473511,2,false,800d2d97,rcb,caught,true,false,false
1473511,2,false,50c6bc2b,rcb,caught,true,false,false
1473511,2,false,5b8c830e,rcb,caught,true,false,false
1473511,2,false,7210d461,rcb,caught,true,false,false
1473511,2,false,e96801ea,rcb,caught,true,false,false
1485779,1,false,85b3fab2,dc,caught,true,false,false
1485779,1,false,85b3fab2,dc,stumped,false,true,false
1485779,1,false,3355b542,dc,caught,true,false,false
1485779,1,false,85b3fab2,dc,caught,true,false,false
1485779,1,false,759ac88f,dc,caught,true,false,false
1485779,1,false,f89d3b11,dc,caught,true,false,false
1485779,1,false,85b3fab2,dc,caught,true,false,false
1485779,2,false,26989d80,pbks,caught,true,false,false
1485779,2,false,b5797845,pbks,caught,true,false,false
1485779,2,false,244048f6,pbks,caught,true,false,false
1527674,1,false,800d2d97,rcb,caught,true,false,false
1527674,1,false,3d284ca3,rcb,caught,true,false,false
1527674,1,false,82c10dac,rcb,caught,true,false,false
1527674,1,false,3d284ca3,rcb,caught,true,false,false
1527674,1,false,2c25d4f5,rcb,caught,true,false,false
1527674,1,false,3d284ca3,rcb,caught,true,false,false
1527674,1,false,2c25d4f5,rcb,caught,true,false,false
1527674,1,false,2c25d4f5,rcb,caught,true,false,false
1527674,1,false,ba607b88,rcb,caught,true,false,false
1527674,2,false,235c2bb6,srh,caught,true,false,false
1527674,2,false,235c2bb6,srh,caught,true,false,false
1527674,2,false,25228673,srh,caught,true,false,false
1527674,2,false,1e66c162,srh,caught,true,false,false
1527675,1,false,b0482a1d,mi,caught,true,false,false
1527675,1,false,d014d5ac,mi,caught,true,false,false
1527675,1,false,dbe50b21,mi,caught,true,false,false
1527675,1,false,b0482a1d,mi,caught,true,false,false
1527675,2,false,e4cdf230,kkr,caught,true,false,false
1527675,2,false,0a509d6b,kkr,caught,true,false,false
1527675,2,false,e4cdf230,kkr,run out,false,false,true
1527675,2,false,93b4fc78,kkr,caught,true,false,false
1527676,1,false,bcf325d2,rr,caught,true,false,false
1527676,1,false,6c19c6e5,rr,caught,true,false,false
1527676,1,false,df064e1a,rr,caught,true,false,false
1527676,1,false,bcf325d2,rr,caught,true,false,false
1527676,1,false,bcf325d2,rr,run out,false,false,true
1527676,1,false,48a1d7b7,rr,run out,false,false,true
1527676,2,false,f088b960,csk,caught,true,false,false
1527677,1,false,85ec8e33,pbks,caught,true,false,false
1527677,1,false,fe366f34,pbks,caught,true,false,false
1527677,1,false,81c36ee9,pbks,caught,true,false,false
1527677,1,false,3b53243a,pbks,caught,true,false,false
1527677,1,false,244048f6,pbks,caught,true,false,false
1527677,1,false,244048f6,pbks,caught,true,false,false
1527677,2,false,50c09020,gt,caught,true,false,false
1527677,2,false,85e0cf10,gt,caught,true,false,false
1527677,2,false,f19ccfad,gt,caught,true,false,false
1527677,2,false,b4b99816,gt,caught,true,false,false
1527677,2,false,99b75528,gt,caught,true,false,false
1527677,2,false,5f547c8b,gt,caught,true,false,false
1527677,2,false,b4b99816,gt,caught,true,false,false
1527678,1,false,b17e2f24,dc,caught,true,false,false
1527678,1,false,85b3fab2,dc,caught,true,false,false
1527678,1,false,d67d5f00,dc,caught,true,false,false
1527678,1,false,8d2c70ad,dc,caught,true,false,false
1527678,1,false,85b3fab2,dc,caught,true,false,false
1527678,1,false,2cffab74,dc,caught,true,false,false
1527678,2,false,c33d8116,lsg,caught,true,false,false
1527678,2,false,8e514b4c,lsg,caught,true,false,false
1527678,2,false,919a3be2,lsg,caught,true,false,false
1527679,1,false,eaa76d3c,kkr,caught,true,false,false
1527679,1,false,0a509d6b,kkr,caught,true,false,false
1527679,1,false,5b7ab5a9,kkr,caught,true,false,false
1527679,1,false,0a509d6b,kkr,caught,true,false,false
1527679,1,false,5b7ab5a9,kkr,caught,true,false,false
1527679,1,false,be24ead0,kkr,caught,true,false,false
1527679,1,false,29e95537,kkr,caught,true,false,false
1527679,2,false,5750bcb4,srh,caught,true,false,false
1527679,2,false,5750bcb4,srh,run out,false,false,true
1527679,2,false,7b44eb3e,srh,run out,false,false,true
1527679,2,false,5750bcb4,srh,run out,false,false,true
1527679,2,false,1e66c162,srh,caught,true,false,false
1527679,2,false,a3b0600d,srh,caught,true,false,false
1527679,2,false,1e66c162,srh,caught,true,false,false
1527679,2,false,752f7486,srh,caught,true,false,false
1527680,1,false,9418198b,pbks,caught,true,false,false
1527680,1,false,d1a60072,pbks,caught,true,false,false
1527680,1,false,57ee1fde,pbks,caught,true,false,false
1527680,1,false,d1a60072,pbks,caught,true,false,false
1527680,2,false,45a43fe2,csk,run out,false,false,true
1527680,2,false,f088b960,csk,run out,false,false,true
1527680,2,false,e84ac20c,csk,caught,true,false,false
1527680,2,false,2ed569a0,csk,caught,true,false,false
1527680,2,false,efc04be7,csk,caught,true,false,false
1527681,1,false,2e171977,dc,caught,true,false,false
1527681,1,false,fb2d1dda,dc,caught,true,false,false
1527681,1,false,2cffab74,dc,caught,true,false,false
1527681,1,false,85b3fab2,dc,caught,true,false,false
1527681,2,false,e66732f8,mi,caught,true,false,false
1527681,2,false,462411b3,mi,run out,false,false,true
1527681,2,false,a9fd84fb,mi,caught,true,false,false
1527681,2,false,b0482a1d,mi,caught,true,false,false
1527682,1,false,9a46c4e5,gt,caught,true,false,false
1527682,1,false,57ca01b3,gt,caught,true,false,false
1527682,1,false,2f49c897,gt,caught,true,false,false
1527682,1,false,9a46c4e5,gt,caught,true,false,false
1527682,1,false,99b75528,gt,caught,true,false,false
1527682,2,false,48a1d7b7,rr,caught,true,false,false
1527682,2,false,46a9bea1,rr,caught,true,false,false
1527682,2,false,5574750c,rr,caught,true,false,false
1527682,2,false,fe93fd9d,rr,caught,true,false,false
1527682,2,false,ce820073,rr,caught,true,false,false
1527682,2,false,bcf325d2,rr,caught,true,false,false
1527682,2,false,bcf325d2,rr,run out,false,false,true
1527682,2,false,fe93fd9d,rr,run out,false,false,true
1527682,2,false,5574750c,rr,caught,true,false,false
1527683,1,false,cf0ccafa,lsg,caught,true,false,false
1527683,1,false,6a26221c,lsg,caught,true,false,false
1527683,1,false,919a3be2,lsg,caught,true,false,false
1527683,1,false,80b2fb19,lsg,caught,true,false,false
1527683,1,false,919a3be2,lsg,caught,true,false,false
1527683,1,false,919a3be2,lsg,run out,false,false,true
1527683,2,false,aad0c365,srh,caught,true,false,false
1527683,2,false,50c6bc2b,srh,caught,true,false,false
1527683,2,false,752f7486,srh,stumped,false,true,false
1527683,2,false,752f7486,srh,run out,false,false,true
1527683,2,false,50c6bc2b,srh,caught,true,false,false
1527684,1,false,a4e37e47,csk,caught,true,false,false
1527684,1,false,efc04be7,csk,caught,true,false,false
1527684,2,false,2c25d4f5,rcb,caught,true,false,false
1527684,2,false,c740ea83,rcb,caught,true,false,false
1527684,2,false,2c25d4f5,rcb,caught,true,false,false
1527684,2,false,800d2d97,rcb,stumped,false,true,false
1527684,2,false,82c10dac,rcb,caught,true,false,false
1527684,2,false,800d2d97,rcb,caught,true,false,false
1527684,2,false,c740ea83,rcb,caught,true,false,false
1527684,2,false,3c55c703,rcb,caught,true,false,false
1527684,2,false,ba607b88,rcb,caught,true,false,false
1527684,2,false,3d284ca3,rcb,caught,true,false,false
1527685,1,false,9418198b,pbks,caught,true,false,false
1527685,1,false,9418198b,pbks,caught,true,false,false
1527686,1,false,b0482a1d,mi,caught,true,false,false
1527686,1,false,b0482a1d,mi,caught,true,false,false
1527686,2,false,bcf325d2,rr,caught,true,false,false
1527686,2,false,5574750c,rr,caught,true,false,false
1527686,2,false,6c19c6e5,rr,caught,true,false,false
1527686,2,false,48a1d7b7,rr,caught,true,false,false
1527686,2,false,ce820073,rr,caught,true,false,false
1527686,2,false,df064e1a,rr,caught,true,false,false
1527686,2,false,bcf325d2,rr,caught,true,false,false
1527686,2,false,5574750c,rr,run out,false,false,true
1527687,1,false,fb2d1dda,dc,caught,true,false,false
1527687,1,false,fb2d1dda,dc,caught,true,false,false
1527687,2,false,39a2dfa8,gt,caught,true,false,false
1527687,2,false,d5130a30,gt,caught,true,false,false
1527687,2,false,9a46c4e5,gt,caught,true,false,false
1527687,2,false,d5130a30,gt,run out,false,false,true
1527687,2,false,99b75528,gt,caught,true,false,false
1527687,2,false,b4b99816,gt,caught,true,false,false
1527687,2,false,99b75528,gt,run out,false,false,true
1527688,1,false,13fc5c6d,lsg,caught,true,false,false
1527688,1,false,8cf9814c,lsg,caught,true,false,false
1527688,1,false,6a26221c,lsg,caught,true,false,false
1527688,2,false,650d5e49,kkr,caught,true,false,false
1527688,2,false,d7017798,kkr,caught,true,false,false
1527688,2,false,5d2eea49,kkr,caught,true,false,false
1527688,2,false,be24ead0,kkr,caught,true,false,false
1527688,2,false,0a509d6b,kkr,caught,true,false,false
1527688,2,false,e4cdf230,kkr,caught,true,false,false
1527689,1,false,bcf325d2,rr,caught,true,false,false
1527689,1,false,48a1d7b7,rr,caught,true,false,false
1527689,1,false,48a1d7b7,rr,caught,true,false,false
1527689,1,false,48a1d7b7,rr,caught,true,false,false
1527689,1,false,133bbd61,rr,caught,true,false,false
1527689,1,false,f0af99a7,rr,caught,true,false,false
1527689,2,false,800d2d97,rcb,caught,true,false,false
1527689,2,false,ba607b88,rcb,caught,true,false,false
1527689,2,false,03806cf8,rcb,caught,true,false,false
1527689,2,false,5b8c830e,rcb,caught,true,false,false
1527690,1,false,3b53243a,pbks,caught,true,false,false
1527690,1,false,244048f6,pbks,caught,true,false,false
1527690,1,false,81c36ee9,pbks,caught,true,false,false
1527690,1,false,9418198b,pbks,run out,false,false,true
1527690,1,false,d9273ee7,pbks,run out,false,false,true
1527690,1,false,3b53243a,pbks,caught,true,false,false
1527690,1,false,fe366f34,pbks,caught,true,false,false
1527690,2,false,aad0c365,srh,caught,true,false,false
1527690,2,false,235c2bb6,srh,caught,true,false,false
1527690,2,false,a3b0600d,srh,caught,true,false,false
1527691,1,false,8ee36b18,dc,caught,true,false,false
1527691,2,false,59559bc2,csk,caught,true,false,false
1527691,2,false,844e79d1,csk,caught,true,false,false
1527691,2,false,f088b960,csk,caught,true,false,false
1527691,2,false,844e79d1,csk,caught,true,false,false
1527691,2,false,fcc21ace,csk,caught,true,false,false
1527691,2,false,4d7f517e,csk,caught,true,false,false
1527691,2,false,efc04be7,csk,caught,true,false,false
1527691,2,false,844e79d1,csk,caught,true,false,false
1527691,2,false,cc61ee8f,csk,caught,true,false,false
1527692,1,false,b4b99816,gt,caught,true,false,false
1527692,1,false,39a2dfa8,gt,caught,true,false,false
1527692,1,false,f19ccfad,gt,caught,true,false,false
1527692,1,false,9a46c4e5,gt,caught,true,false,false
1527692,1,false,b4b99816,gt,caught,true,false,false
1527692,1,false,9a46c4e5,gt,caught,true,false,false
1527692,1,false,99b75528,gt,caught,true,false,false
1527692,1,false,7dcb9bc9,gt,caught,true,false,false
1527692,2,false,eef2536f,lsg,caught,true,false,false
1527692,2,false,919a3be2,lsg,caught,true,false,false
1527692,2,false,6a26221c,lsg,caught,true,false,false
1527693,1,false,dbe50b21,mi,caught,true,false,false
1527693,1,false,271f83cd,mi,caught,true,false,false
1527693,1,false,b0482a1d,mi,caught,true,false,false
1527693,2,false,2e81a32d,rcb,caught,true,false,false
1527693,2,false,dadbdb68,rcb,caught,true,false,false
1527693,2,false,b8527c3d,rcb,caught,true,false,false
1527693,2,false,c5aef772,rcb,caught,true,false,false
1527693,2,false,c740ea83,rcb,caught,true,false,false
1529264,1,false,df064e1a,rr,caught,true,false,false
1529264,1,false,f0af99a7,rr,caught,true,false,false
1529264,1,false,04a418e8,rr,caught,true,false,false
1529264,1,false,bcf325d2,rr,caught,true,false,false
1529264,1,false,bcf325d2,rr,run out,false,false,true
1529264,1,false,46a9bea1,rr,run out,false,false,true
1529264,2,false,d7423da1,srh,caught,true,false,false
1529264,2,false,aad0c365,srh,caught,true,false,false
1529264,2,false,aad0c365,srh,caught,true,false,false
1529264,2,false,f29185a1,srh,caught,true,false,false
1529264,2,false,d7423da1,srh,caught,true,false,false
1529264,2,false,ece7b6b3,srh,caught,true,false,false
1529264,2,false,752f7486,srh,caught,true,false,false
1529264,2,false,752f7486,srh,caught,true,false,false
1529265,1,false,650d5e49,kkr,caught,true,false,false
1529265,1,false,be24ead0,kkr,caught,true,false,false
1529265,1,false,7c3b3b78,kkr,caught,true,false,false
1529265,2,false,a4e37e47,csk,caught,true,false,false
1529265,2,false,cc61ee8f,csk,caught,true,false,false
1529265,2,false,844e79d1,csk,caught,true,false,false
1529265,2,false,45a43fe2,csk,caught,true,false,false
1529265,2,false,a4e37e47,csk,caught,true,false,false
1529265,2,false,f088b960,csk,caught,true,false,false
1529266,1,false,2c25d4f5,rcb,caught,true,false,false
1529266,1,false,c740ea83,rcb,caught,true,false,false
1529266,1,false,800d2d97,rcb,caught,true,false,false
1529266,1,false,3d284ca3,rcb,caught,true,false,false
1529266,1,false,f1f99156,rcb,caught,true,false,false
1529266,2,false,ebcfef83,lsg,caught,true,false,false
1529266,2,false,3241e3fd,lsg,caught,true,false,false
1529266,2,false,13fc5c6d,lsg,caught,true,false,false
1529266,2,false,1c84109e,lsg,caught,true,false,false
1529267,1,false,26989d80,pbks,caught,true,false,false
1529267,1,false,57ee1fde,pbks,caught,true,false,false
1529267,1,false,3b53243a,pbks,caught,true,false,false
1529267,1,false,3b53243a,pbks,caught,true,false,false
1529267,1,false,54e52590,pbks,run out,false,false,true
1529267,2,false,23eeb873,mi,caught,true,false,false
1529267,2,false,372455c4,mi,caught,true,false,false
1529267,2,false,fffa744b,mi,caught,true,false,false
1529268,1,false,e62dd25d,gt,caught,true,false,false
1529268,1,false,99b75528,gt,caught,true,false,false
1529268,1,false,9a46c4e5,gt,caught,true,false,false
1529268,1,false,2f49c897,gt,caught,true,false,false
1529268,1,false,99b75528,gt,caught,true,false,false
1529268,1,false,99b75528,gt,caught,true,false,false
1529268,1,false,2f49c897,gt,caught,true,false,false
1529268,1,false,9a46c4e5,gt,caught,true,false,false
1529268,1,false,85e0cf10,gt,run out,false,false,true
1529268,1,false,99b75528,gt,run out,false,false,true
1529268,1,false,99b75528,gt,caught,true,false,false
1529268,2,false,5d2eea49,kkr,caught,true,false,false
1529268,2,false,eaa76d3c,kkr,caught,true,false,false
1529268,2,false,5d2eea49,kkr,caught,true,false,false
1529268,2,false,eaa76d3c,kkr,caught,true,false,false
1529268,2,false,0a509d6b,kkr,caught,true,false,false
1529269,1,false,8ee36b18,dc,caught,true,false,false
1529269,1,false,d67d5f00,dc,caught,true,false,false
1529269,1,false,85b3fab2,dc,caught,true,false,false
1529269,1,false,b17e2f24,dc,caught,true,false,false
1529269,1,false,ce794613,dc,caught,true,false,false
1529269,1,false,b17e2f24,dc,run out,false,false,true
1529269,1,false,f834dcfc,dc,run out,false,false,true
1529269,1,false,d67d5f00,dc,caught,true,false,false
1529269,2,false,3d284ca3,rcb,caught,true,false,false
1529269,2,false,800d2d97,rcb,caught,true,false,false
1529269,2,false,ba607b88,rcb,caught,true,false,false
1529270,1,false,45a43fe2,csk,caught,true,false,false
1529270,1,false,45a43fe2,csk,caught,true,false,false
1529270,1,false,a4cc73aa,csk,caught,true,false,false
1529270,1,false,efc04be7,csk,caught,true,false,false
1529270,1,false,a90e53ec,csk,caught,true,false,false
1529270,1,false,844e79d1,csk,caught,true,false,false
1529270,1,false,cc61ee8f,csk,caught,true,false,false
1529270,1,false,844e79d1,csk,caught,true,false,false
1529270,2,false,235c2bb6,srh,caught,true,false,false
1529270,2,false,235c2bb6,srh,caught,true,false,false
1529270,2,false,d7423da1,srh,caught,true,false,false
1529270,2,false,aad0c365,srh,caught,true,false,false
1529270,2,false,50c6bc2b,srh,caught,true,false,false
1529270,2,false,a3b0600d,srh,caught,true,false,false
1529270,2,false,50c6bc2b,srh,caught,true,false,false
1529271,1,false,be24ead0,kkr,caught,true,false,false
1529271,1,false,4663bd23,kkr,stumped,false,true,false
1529271,1,false,29e95537,kkr,caught,true,false,false
1529271,1,false,eaa76d3c,kkr,caught,true,false,false
1529271,1,false,d7017798,kkr,caught,true,false,false
1529271,1,false,4663bd23,kkr,caught,true,false,false
1529271,1,false,4663bd23,kkr,run out,false,false,true
1529271,1,false,7c3b3b78,kkr,run out,false,false,true
1529271,2,false,bcf325d2,rr,caught,true,false,false
1529271,2,false,bcf325d2,rr,stumped,false,true,false
1529271,2,false,f0af99a7,rr,caught,true,false,false
1529272,1,false,3d8feaf8,lsg,caught,true,false,false
1529272,1,false,cf0ccafa,lsg,caught,true,false,false
1529272,1,false,3d8feaf8,lsg,caught,true,false,false
1529272,1,false,8cf9814c,lsg,caught,true,false,false
1529272,1,false,3241e3fd,lsg,caught,true,false,false
1529272,1,false,6a26221c,lsg,caught,true,false,false
1529272,1,false,3241e3fd,lsg,run out,false,false,true
1529272,2,false,3b53243a,pbks,caught,true,false,false
1529272,2,false,3b53243a,pbks,caught,true,false,false
1529272,2,false,9418198b,pbks,caught,true,false,false
1529272,2,false,85ec8e33,pbks,caught,true,false,false
1529272,2,false,d9273ee7,pbks,caught,true,false,false
1529273,1,false,e62dd25d,gt,caught,true,false,false
1529273,1,false,9a46c4e5,gt,caught,true,false,false
1529273,2,false,e48a4814,mi,caught,true,false,false
1529273,2,false,fffa744b,mi,caught,true,false,false
1529273,2,false,fffa744b,mi,caught,true,false,false
1529273,2,false,372455c4,mi,caught,true,false,false
1529273,2,false,ba6b2f91,mi,caught,true,false,false
1529273,2,false,fffa744b,mi,caught,true,false,false
1529273,2,false,372455c4,mi,stumped,false,true,false
1529274,1,false,f89d3b11,dc,caught,true,false,false
1529274,1,false,fb2d1dda,dc,run out,false,false,true
1529274,2,false,50c6bc2b,srh,caught,true,false,false
1529274,2,false,f29185a1,srh,caught,true,false,false
1529274,2,false,f29185a1,srh,caught,true,false,false
1529274,2,false,280fff14,srh,caught,true,false,false
1529274,2,false,a3b0600d,srh,caught,true,false,false
1529274,2,false,aad0c365,srh,caught,true,false,false
1529274,2,false,de7d833e,srh,caught,true,false,false
1529274,2,false,de7d833e,srh,caught,true,false,false
1529275,1,false,919a3be2,lsg,caught,true,false,false
1529275,1,false,919a3be2,lsg,caught,true,false,false
1529275,1,false,13fc5c6d,lsg,caught,true,false,false
1529275,1,false,3241e3fd,lsg,caught,true,false,false
1529275,1,false,80b2fb19,lsg,caught,true,false,false
1529275,1,false,c33d8116,lsg,caught,true,false,false
1529275,2,false,548516a6,rr,run out,false,false,true
1529275,2,false,bcf325d2,rr,caught,true,false,false
1529275,2,false,bcf325d2,rr,caught,true,false,false
1529275,2,false,f0af99a7,rr,caught,true,false,false
1529275,2,false,04a418e8,rr,caught,true,false,false
1529275,2,false,04a418e8,rr,caught,true,false,false
1529275,2,false,bcf325d2,rr,caught,true,false,false
1529276,1,false,b0482a1d,mi,caught,true,false,false
1529276,1,false,462411b3,mi,caught,true,false,false
1529276,1,false,e4a0deae,mi,caught,true,false,false
1529276,1,false,fffa744b,mi,caught,true,false,false
1529276,2,false,a4cc73aa,csk,caught,true,false,false
1529276,2,false,765a4731,csk,caught,true,false,false
1529276,2,false,fcc21ace,csk,caught,true,false,false
1529276,2,false,f088b960,csk,caught,true,false,false
1529276,2,false,cc61ee8f,csk,caught,true,false,false
1529276,2,false,844e79d1,csk,caught,true,false,false
1529276,2,false,a4cc73aa,csk,caught,true,false,false
1529277,1,false,2c25d4f5,rcb,caught,true,false,false
1529277,1,false,03806cf8,rcb,caught,true,false,false
1529277,2,false,7dcb9bc9,gt,caught,true,false,false
1529277,2,false,025c4400,gt,caught,true,false,false
1529277,2,false,f19ccfad,gt,caught,true,false,false
1529278,1,false,9418198b,pbks,caught,true,false,false
1529278,1,false,85ec8e33,pbks,caught,true,false,false
1529278,2,false,f89d3b11,dc,caught,true,false,false
1529278,2,false,944533a5,dc,caught,true,false,false
1529279,1,false,235c2bb6,srh,caught,true,false,false
1529279,1,false,a3b0600d,srh,caught,true,false,false
1529279,1,false,235c2bb6,srh,caught,true,false,false
1529279,1,false,aad0c365,srh,caught,true,false,false
1529279,2,false,bcf325d2,rr,caught,true,false,false
1529279,2,false,5574750c,rr,caught,true,false,false
1529279,2,false,f0af99a7,rr,caught,true,false,false
1529279,2,false,df064e1a,rr,caught,true,false,false
1529280,1,false,99b75528,gt,caught,true,false,false
1529280,1,false,0f721006,gt,caught,true,false,false
1529280,1,false,99b75528,gt,caught,true,false,false
1529280,1,false,b4b99816,gt,caught,true,false,false
1529280,1,false,0f721006,gt,caught,true,false,false
1529280,1,false,7dcb9bc9,gt,caught,true,false,false
1529280,2,false,a4cc73aa,csk,stumped,false,true,false
1529280,2,false,844e79d1,csk,caught,true,false,false
1529281,1,false,1c84109e,lsg,caught,true,false,false
1529281,1,false,6a26221c,lsg,caught,true,false,false
1529281,1,false,919a3be2,lsg,caught,true,false,false
1529281,1,false,919a3be2,lsg,caught,true,false,false
1529281,1,false,872b03f7,lsg,caught,true,false,false
1529281,1,false,3d8feaf8,lsg,caught,true,false,false
1529281,2,false,650d5e49,kkr,caught,true,false,false
1529281,2,false,0a509d6b,kkr,caught,true,false,false
1529281,2,false,4663bd23,kkr,caught,true,false,false
1529281,2,false,9d430b40,kkr,caught,true,false,false
1529281,2,false,0a509d6b,kkr,caught,true,false,false
1529281,2,false,e4cdf230,kkr,caught,true,false,false
1529281,2,false,0a509d6b,kkr,caught,true,false,false
1529281,2,false,0a509d6b,kkr,caught,true,false,false
1529281,3,true,0a509d6b,kkr,caught,true,false,false
1529282,1,false,800d2d97,rcb,caught,true,false,false
1529282,1,false,800d2d97,rcb,caught,true,false,false
1529282,1,false,2c25d4f5,rcb,caught,true,false,false
1529282,1,false,800d2d97,rcb,caught,true,false,false
1529282,1,false,2c25d4f5,rcb,caught,true,false,false
1529282,1,false,800d2d97,rcb,caught,true,false,false
1529282,2,false,ce794613,dc,caught,true,false,false
1529283,1,false,465aa633,rr,caught,true,false,false
1529283,1,false,f0af99a7,rr,caught,true,false,false
1529283,1,false,04a418e8,rr,caught,true,false,false
1529283,1,false,bcf325d2,rr,caught,true,false,false
1529283,2,false,85ec8e33,pbks,caught,true,false,false
1529283,2,false,81c36ee9,pbks,caught,true,false,false
1529283,2,false,970ddd24,pbks,caught,true,false,false
1529283,2,false,970ddd24,pbks,caught,true,false,false
1529284,1,false,752f7486,srh,caught,true,false,false
1529284,1,false,f29185a1,srh,caught,true,false,false
1529284,1,false,25228673,srh,caught,true,false,false
1529284,1,false,235c2bb6,srh,caught,true,false,false
1529284,1,false,235c2bb6,srh,caught,true,false,false
1529284,2,false,a818c1be,mi,caught,true,false,false
1529284,2,false,9caf69a1,mi,caught,true,false,false
1529284,2,false,271f83cd,mi,caught,true,false,false
1529285,1,false,5f547c8b,gt,caught,true,false,false
1529285,1,false,5f547c8b,gt,caught,true,false,false
1529285,1,false,0f721006,gt,caught,true,false,false
1529285,1,false,99b75528,gt,caught,true,false,false
1529285,1,false,0f721006,gt,caught,true,false,false
1529285,1,false,0f721006,gt,caught,true,false,false
1529285,1,false,d5130a30,gt,caught,true,false,false
1529285,1,false,d5130a30,gt,caught,true,false,false
1529285,1,false,b4b99816,gt,run out,false,false,true
1529285,1,false,99b75528,gt,run out,false,false,true
1529285,2,false,800d2d97,rcb,caught,true,false,false
1529285,2,false,ba607b88,rcb,caught,true,false,false
1529285,2,false,03806cf8,rcb,caught,true,false,false
1529285,2,false,2c25d4f5,rcb,caught,true,false,false
1529286,1,false,85b3fab2,dc,caught,true,false,false
1529286,1,false,84d9c311,dc,caught,true,false,false
1529286,1,false,2e171977,dc,caught,true,false,false
1529286,1,false,84d9c311,dc,caught,true,false,false
1529286,2,false,bcf325d2,rr,caught,true,false,false
1529286,2,false,f0af99a7,rr,caught,true,false,false
1529287,1,false,dee07622,csk,caught,true,false,false
1529287,1,false,cf59b3f0,csk,caught,true,false,false
1529287,1,false,844e79d1,csk,caught,true,false,false
1529287,1,false,45a43fe2,csk,caught,true,false,false
1529287,1,false,f088b960,csk,caught,true,false,false
1529287,1,false,844e79d1,csk,caught,true,false,false
1529287,2,false,e66732f8,mi,caught,true,false,false
1529288,1,false,eaa76d3c,kkr,caught,true,false,false
1529288,1,false,eaa76d3c,kkr,caught,true,false,false
1529288,1,false,650d5e49,kkr,caught,true,false,false
1529288,1,false,29e95537,kkr,caught,true,false,false
1529288,1,false,29e95537,kkr,caught,true,false,false
1529288,1,false,e4cdf230,kkr,caught,true,false,false
1529288,1,false,d7017798,kkr,caught,true,false,false
1529288,1,false,7c3b3b78,kkr,caught,true,false,false
1529288,2,false,235c2bb6,srh,caught,true,false,false
1529288,2,false,c1e53c3f,srh,caught,true,false,false
1529288,2,false,5750bcb4,srh,caught,true,false,false
1529289,1,false,3cea23da,gt,caught,true,false,false
1529289,1,false,99b75528,gt,caught,true,false,false
1529289,1,false,025c4400,gt,caught,true,false,false
1529289,1,false,99b75528,gt,caught,true,false,false
1529289,1,false,99b75528,gt,caught,true,false,false
1529289,1,false,f19ccfad,gt,caught,true,false,false
1529289,1,false,b4b99816,gt,caught,true,false,false
1529289,2,false,fe366f34,pbks,caught,true,false,false
1529289,2,false,85ec8e33,pbks,caught,true,false,false
1529289,2,false,54e52590,pbks,caught,true,false,false
1529289,2,false,3b53243a,pbks,caught,true,false,false
1529289,2,false,3b53243a,pbks,caught,true,false,false
1529289,2,false,fe366f34,pbks,caught,true,false,false
1529290,1,false,271f83cd,mi,caught,true,false,false
1529290,1,false,e66732f8,mi,caught,true,false,false
1529290,1,false,fffa744b,mi,caught,true,false,false
1529290,1,false,e66732f8,mi,caught,true,false,false
1529290,2,false,989889ff,lsg,caught,true,false,false
1529290,2,false,8cf9814c,lsg,caught,true,false,false
1529290,2,false,6a26221c,lsg,caught,true,false,false
1529290,2,false,3241e3fd,lsg,caught,true,false,false
1529291,1,false,844e79d1,csk,caught,true,false,false
1529291,1,false,45a43fe2,csk,caught,true,false,false
1529291,1,false,cc61ee8f,csk,caught,true,false,false
1529291,1,false,7b679de5,csk,caught,true,false,false
1529291,1,false,4d7f517e,csk,caught,true,false,false
1529291,1,false,765a4731,csk,caught,true,false,false
1529291,1,false,45a43fe2,csk,run out,false,false,true
1529291,2,false,f89d3b11,dc,caught,true,false,false
1529291,2,false,b17e2f24,dc,stumped,false,true,false
1529292,1,false,85ec8e33,pbks,caught,true,false,false
1529292,1,false,81c36ee9,pbks,caught,true,false,false
1529292,1,false,970ddd24,pbks,caught,true,false,false
1529292,1,false,81c36ee9,pbks,caught,true,false,false
1529292,2,false,5750bcb4,srh,caught,true,false,false
1529292,2,false,ded9240e,srh,caught,true,false,false
1529292,2,false,ded9240e,srh,caught,true,false,false
1529292,2,false,752f7486,srh,caught,true,false,false
1529292,2,false,f29185a1,srh,caught,true,false,false
1529292,2,false,aad0c365,srh,caught,true,false,false
1529292,2,false,25228673,srh,caught,true,false,false
1529293,1,false,c740ea83,rcb,caught,true,false,false
1529293,1,false,3c55c703,rcb,caught,true,false,false
1529293,1,false,5b8c830e,rcb,caught,true,false,false
1529293,2,false,80b2fb19,lsg,caught,true,false,false
1529293,2,false,919a3be2,lsg,caught,true,false,false
1529293,2,false,6a26221c,lsg,caught,true,false,false
1529293,2,false,13fc5c6d,lsg,caught,true,false,false
1529294,1,false,eaa76d3c,kkr,caught,true,false,false
1529294,1,false,9d430b40,kkr,caught,true,false,false
1529294,1,false,650d5e49,kkr,caught,true,false,false
1529294,1,false,d7017798,kkr,stumped,false,true,false
1529294,1,false,e4cdf230,kkr,caught,true,false,false
1529294,1,false,29e95537,kkr,caught,true,false,false
1529294,1,false,d7017798,kkr,run out,false,false,true
1529294,1,false,5d2eea49,kkr,run out,false,false,true
1529294,2,false,3fb19989,dc,run out,false,false,true
1529295,1,false,5574750c,rr,caught,true,false,false
1529295,1,false,f0af99a7,rr,caught,true,false,false
1529295,1,false,46a9bea1,rr,caught,true,false,false
1529295,1,false,6c19c6e5,rr,caught,true,false,false
1529295,2,false,12314277,gt,caught,true,false,false
1529295,2,false,3cea23da,gt,caught,true,false,false
1529295,2,false,0f721006,gt,caught,true,false,false
1529295,2,false,99b75528,gt,caught,true,false,false
1529295,2,false,b4b99816,gt,caught,true,false,false
1529295,2,false,f19ccfad,gt,caught,true,false,false
1529296,1,false,844e79d1,csk,caught,true,false,false
1529296,1,false,f088b960,csk,caught,true,false,false
1529296,1,false,a4cc73aa,csk,caught,true,false,false
1529296,1,false,844e79d1,csk,run out,false,false,true
1529296,1,false,cf59b3f0,csk,caught,true,false,false
1529296,1,false,a4cc73aa,csk,run out,false,false,true
1529296,1,false,fcc21ace,csk,run out,false,false,true
1529296,2,false,eef2536f,lsg,caught,true,false,false
1529296,2,false,d8d67045,lsg,caught,true,false,false
1529297,1,false,c740ea83,rcb,caught,true,false,false
1529297,1,false,800d2d97,rcb,caught,true,false,false
1529297,1,false,ba607b88,rcb,caught,true,false,false
1529297,1,false,3c55c703,rcb,caught,true,false,false
1529297,1,false,c740ea83,rcb,caught,true,false,false
1529297,2,false,ba6b2f91,mi,caught,true,false,false
1529297,2,false,e66732f8,mi,caught,true,false,false
1529297,2,false,e66732f8,mi,caught,true,false,false
1529297,2,false,b0482a1d,mi,caught,true,false,false
1529297,2,false,fffa744b,mi,caught,true,false,false
1529297,2,false,e66732f8,mi,caught,true,false,false
1529297,2,false,b0482a1d,mi,caught,true,false,false
1529297,2,false,b0482a1d,mi,caught,true,false,false
1529298,1,false,7c3c0337,dc,caught,true,false,false
1529298,1,false,926c7443,dc,caught,true,false,false
1529298,1,false,d67d5f00,dc,caught,true,false,false
1529298,1,false,fb5f69e4,dc,caught,true,false,false
1529298,1,false,2e171977,dc,caught,true,false,false
1529298,2,false,81c36ee9,pbks,caught,true,false,false
1529298,2,false,57ee1fde,pbks,caught,true,false,false
1529298,2,false,fe366f34,pbks,run out,false,false,true
1529298,2,false,e1b9f3a9,pbks,caught,true,false,false
1529298,2,false,9418198b,pbks,caught,true,false,false
1529298,2,false,ed5a5510,pbks,caught,true,false,false
1529299,1,false,235c2bb6,srh,caught,true,false,false
1529299,1,false,752f7486,srh,caught,true,false,false
1529299,1,false,235c2bb6,srh,caught,true,false,false
1529299,1,false,ece7b6b3,srh,caught,true,false,false
1529299,1,false,752f7486,srh,caught,true,false,false
1529299,2,false,3cea23da,gt,caught,true,false,false
1529299,2,false,99b75528,gt,caught,true,false,false
1529299,2,false,b4b99816,gt,caught,true,false,false
1529299,2,false,99b75528,gt,caught,true,false,false
1529299,2,false,99b75528,gt,caught,true,false,false
1529299,2,false,f19ccfad,gt,caught,true,false,false
1529299,2,false,99b75528,gt,caught,true,false,false
1529299,2,false,2f49c897,gt,caught,true,false,false
1529299,2,false,99b75528,gt,stumped,false,true,false
1529300,1,false,800d2d97,rcb,caught,true,false,false
1529300,1,false,2c25d4f5,rcb,run out,false,false,true
1529300,1,false,2e81a32d,rcb,run out,false,false,true
1529300,2,false,29e95537,kkr,caught,true,false,false
1529300,2,false,29e95537,kkr,caught,true,false,false
1529300,2,false,93b4fc78,kkr,caught,true,false,false
1529301,1,false,172dff15,mi,caught,true,false,false
1529301,1,false,ba6b2f91,mi,caught,true,false,false
1529301,1,false,9caf69a1,mi,caught,true,false,false
1529301,2,false,b5797845,pbks,caught,true,false,false
1529301,2,false,244048f6,pbks,caught,true,false,false
1529301,2,false,3b53243a,pbks,caught,true,false,false
1529302,1,false,3241e3fd,lsg,caught,true,false,false
1529302,1,false,1c84109e,lsg,caught,true,false,false
1529302,1,false,3d8feaf8,lsg,caught,true,false,false
1529302,1,false,b483905d,lsg,caught,true,false,false
1529302,1,false,6a26221c,lsg,caught,true,false,false
1529302,2,false,cf59b3f0,csk,caught,true,false,false
1529302,2,false,765a4731,csk,run out,false,false,true
1529303,1,false,5f547c8b,gt,caught,true,false,false
1529303,2,false,93b4fc78,kkr,caught,true,false,false
1529303,2,false,e4cdf230,kkr,caught,true,false,false
1529303,2,false,be24ead0,kkr,caught,true,false,false
1529303,2,false,d7017798,kkr,caught,true,false,false
1529304,1,false,85ec8e33,pbks,caught,true,false,false
1529304,1,false,b5797845,pbks,caught,true,false,false
1529304,1,false,c05edf8e,pbks,caught,true,false,false
1529304,2,false,c5aef772,rcb,caught,true,false,false
1529304,2,false,2c25d4f5,rcb,caught,true,false,false
1529304,2,false,800d2d97,rcb,caught,true,false,false
1529304,2,false,3c55c703,rcb,caught,true,false,false
1529304,2,false,ba607b88,rcb,caught,true,false,false
1529304,2,false,ba607b88,rcb,caught,true,false,false
1529304,2,false,f1f99156,rcb,caught,true,false,false
1529305,1,false,3fb19989,dc,caught,true,false,false
1529305,1,false,d67d5f00,dc,caught,true,false,false
1529305,1,false,2e171977,dc,caught,true,false,false
1529305,1,false,2e171977,dc,caught,true,false,false
1529305,1,false,51ec3919,dc,caught,true,false,false
1529305,1,false,85b3fab2,dc,caught,true,false,false
1529305,2,false,f0af99a7,rr,caught,true,false,false
1529305,2,false,bcf325d2,rr,caught,true,false,false
1529305,2,false,6c19c6e5,rr,caught,true,false,false
1529305,2,false,3ff033bb,rr,caught,true,false,false
1529306,1,false,752f7486,srh,caught,true,false,false
1529306,1,false,aad0c365,srh,caught,true,false,false
1529306,1,false,5750bcb4,srh,caught,true,false,false
1529306,2,false,83c3e8e3,csk,caught,true,false,false
1529306,2,false,a4cc73aa,csk,stumped,false,true,false
1529306,2,false,cf59b3f0,csk,caught,true,false,false
1529306,2,false,cf59b3f0,csk,caught,true,false,false
1529307,1,false,f0af99a7,rr,caught,true,false,false
1529307,1,false,bcf325d2,rr,run out,false,false,true
1529307,1,false,5574750c,rr,run out,false,false,true
1529307,1,false,6c19c6e5,rr,run out,false,false,true
1529307,2,false,919a3be2,lsg,caught,true,false,false
1529307,2,false,8e514b4c,lsg,caught,true,false,false
1529307,2,false,872b03f7,lsg,run out,false,false,true
1529308,1,false,93b4fc78,kkr,caught,true,false,false
1529308,1,false,d7017798,kkr,caught,true,false,false
1529308,1,false,eaa76d3c,kkr,caught,true,false,false
1529308,1,false,e4cdf230,kkr,caught,true,false,false
1529308,1,false,5b7ab5a9,kkr,run out,false,false,true
1529308,1,false,0a509d6b,kkr,run out,false,false,true
1529308,1,false,e4cdf230,kkr,caught,true,false,false
1529308,2,false,e66732f8,mi,caught,true,false,false
1529308,2,false,9ca68676,mi,caught,true,false,false
1529308,2,false,172dff15,mi,caught,true,false,false
1529308,2,false,e66732f8,mi,caught,true,false,false
1529309,1,false,a4e37e47,csk,caught,true,false,false
1529309,1,false,a90e53ec,csk,caught,true,false,false
1529309,1,false,45a43fe2,csk,run out,false,false,true
1529309,1,false,cf59b3f0,csk,caught,true,false,false
1529309,2,false,99b75528,gt,caught,true,false,false
1529309,2,false,85e0cf10,gt,caught,true,false,false
1529309,2,false,85e0cf10,gt,caught,true,false,false
1529309,2,false,b4b99816,gt,run out,false,false,true
1529309,2,false,b4b99816,gt,caught,true,false,false
1529309,2,false,0f721006,gt,caught,true,false,false
1529309,2,false,0f721006,gt,caught,true,false,false
1529309,2,false,99b75528,gt,caught,true,false,false
1529310,1,false,ff154ecd,rcb,caught,true,false,false
1529310,1,false,a24be938,rcb,caught,true,false,false
1529310,1,false,2c25d4f5,rcb,caught,true,false,false
1529310,2,false,f29185a1,srh,caught,true,false,false
1529310,2,false,c1e53c3f,srh,caught,true,false,false
1529310,2,false,f29185a1,srh,caught,true,false,false
1529310,2,false,c1e53c3f,srh,caught,true,false,false
1529311,1,false,9418198b,pbks,caught,true,false,false
1529311,1,false,9418198b,pbks,stumped,false,true,false
1529311,1,false,81c36ee9,pbks,caught,true,false,false
1529311,1,false,85ec8e33,pbks,caught,true,false,false
1529311,1,false,ed5a5510,pbks,caught,true,false,false
1529311,2,false,44aac2f0,lsg,caught,true,false,false
1529312,1,false,172dff15,mi,caught,true,false,false
1529312,1,false,fffa744b,mi,caught,true,false,false
1529312,1,false,b0482a1d,mi,caught,true,false,false
1529312,1,false,172dff15,mi,run out,false,false,true
1529312,1,false,1abb78f8,mi,run out,false,false,true
1529312,1,false,172dff15,mi,caught,true,false,false
1529312,1,false,fffa744b,mi,caught,true,false,false
1529312,1,false,b0482a1d,mi,caught,true,false,false
1529312,2,false,bcf325d2,rr,caught,true,false,false
1529312,2,false,470f446b,rr,caught,true,false,false
1529312,2,false,bcf325d2,rr,caught,true,false,false
1529312,2,false,465aa633,rr,caught,true,false,false
1529312,2,false,f0af99a7,rr,caught,true,false,false
1529313,1,false,f12fe2a1,kkr,caught,true,false,false
1529313,1,false,29e95537,kkr,caught,true,false,false
1529313,1,false,650d5e49,kkr,caught,true,false,false
1529313,1,false,0a509d6b,kkr,caught,true,false,false
1529313,1,false,bf74b130,kkr,caught,true,false,false
1529313,2,false,3fb19989,dc,caught,true,false,false
1529313,2,false,d67d5f00,dc,caught,true,false,false
1529313,2,false,d67d5f00,dc,caught,true,false,false
1529313,2,false,85b3fab2,dc,caught,true,false,false
1529313,2,false,f89d3b11,dc,run out,false,false,true
1529313,2,false,2e171977,dc,caught,true,false,false
1529313,2,false,2e171977,dc,caught,true,false,false
1535462,1,false,b4b99816,gt,caught,true,false,false
1535462,1,false,99b75528,gt,caught,true,false,false
1535462,1,false,d5130a30,gt,caught,true,false,false
1535462,2,false,03806cf8,rcb,caught,true,false,false
1535462,2,false,03806cf8,rcb,caught,true,false,false
1535462,2,false,800d2d97,rcb,caught,true,false,false
1535462,2,false,ba607b88,rcb,caught,true,false,false
1535462,2,false,c740ea83,rcb,caught,true,false,false
1535462,2,false,f1f99156,rcb,caught,true,false,false
1535463,1,false,c1e53c3f,srh,caught,true,false,false
1535463,1,false,f29185a1,srh,caught,true,false,false
1535463,1,false,aad0c365,srh,caught,true,false,false
1535463,1,false,235c2bb6,srh,caught,true,false,false
1535463,1,false,f29185a1,srh,caught,true,false,false
1535463,1,false,752f7486,srh,run out,false,false,true
1535463,1,false,7b44eb3e,srh,run out,false,false,true
1535463,1,false,f29185a1,srh,caught,true,false,false
1535463,1,false,752f7486,srh,run out,false,false,true
1535463,1,false,5750bcb4,srh,run out,false,false,true
1535463,2,false,bcf325d2,rr,caught,true,false,false
1535463,2,false,f0af99a7,rr,caught,true,false,false
1535463,2,false,5574750c,rr,caught,true,false,false
1535463,2,false,3ff033bb,rr,caught,true,false,false
1535463,2,false,5574750c,rr,caught,true,false,false
1535463,2,false,465aa633,rr,caught,true,false,false
1535463,2,false,5574750c,rr,caught,true,false,false
1535463,2,false,470f446b,rr,caught,true,false,false
1535464,1,false,85e0cf10,gt,caught,true,false,false
1535464,1,false,b4b99816,gt,caught,true,false,false
1535464,1,false,e62dd25d,gt,caught,true,false,false
1535464,1,false,99b75528,gt,caught,true,false,false
1535464,1,false,99b75528,gt,caught,true,false,false
1535464,1,false,85e0cf10,gt,caught,true,false,false
1535464,2,false,f0af99a7,rr,caught,true,false,false
1535465,1,false,c740ea83,rcb,caught,true,false,false
1535465,1,false,800d2d97,rcb,caught,true,false,false
1535465,1,false,2c25d4f5,rcb,caught,true,false,false
1535465,1,false,800d2d97,rcb,stumped,false,true,false
1535465,1,false,b8527c3d,rcb,caught,true,false,false
1535465,1,false,c740ea83,rcb,caught,true,false,false
1535465,1,false,03806cf8,rcb,caught,true,false,false
1535465,1,false,c5aef772,rcb,caught,true,false,false
1535465,2,false,e62dd25d,gt,caught,true,false,false
1535465,2,false,12314277,gt,caught,true,false,false
1535465,2,false,e62dd25d,gt,caught,true,false,false
1535465,2,false,99b75528,gt,caught,true,false,false
335982,1,false,86dc8f2e,rcb,caught,true,false,false
335982,1,false,e938e1bc,rcb,caught,true,false,false
335982,1,false,d0513f63,rcb,caught,true,false,false
335982,2,false,abfeb126,kkr,caught,true,false,false
335982,2,false,7d415ea5,kkr,caught,true,false,false
335982,2,false,abfeb126,kkr,caught,true,false,false
335982,2,false,7d415ea5,kkr,caught,true,false,false
335982,2,false,fe11caa6,kkr,caught,true,false,false
335982,2,false,fa463154,kkr,run out,false,false,true
335982,2,false,fe11caa6,kkr,run out,false,false,true
335982,2,false,b8a55852,kkr,caught,true,false,false
335983,1,false,6b71e6cf,pbks,caught,true,false,false
335983,1,false,5fa06777,pbks,caught,true,false,false
335983,2,false,b5da6c24,csk,caught,true,false,false
335983,2,false,9f961c14,csk,caught,true,false,false
335983,2,false,6ad3a659,csk,caught,true,false,false
335983,2,false,9f961c14,csk,caught,true,false,false
335984,1,false,c42aaf71,dc,caught,true,false,false
335984,1,false,50758325,dc,caught,true,false,false
335985,1,false,ba607b88,rcb,caught,true,false,false
335985,1,false,91a4a398,rcb,run out,false,false,true
335985,1,false,ba607b88,rcb,caught,true,false,false
335985,1,false,f3cb53a1,rcb,stumped,false,true,false
335985,1,false,91a4a398,rcb,caught,true,false,false
335985,2,false,a45a5e8d,mi,caught,true,false,false
335985,2,false,a45a5e8d,mi,caught,true,false,false
335985,2,false,0fa5042b,mi,caught,true,false,false
335985,2,false,a45a5e8d,mi,caught,true,false,false
335986,1,false,abfeb126,kkr,caught,true,false,false
335986,1,false,b1451597,kkr,caught,true,false,false
335986,1,false,9ab63e7b,kkr,caught,true,false,false
335986,1,false,fe11caa6,kkr,caught,true,false,false
335986,1,false,66b30f71,kkr,caught,true,false,false
335986,1,false,fd835ab3,kkr,caught,true,false,false
335986,1,false,725529bc,kkr,caught,true,false,false
335986,1,false,fe11caa6,kkr,caught,true,false,false
335986,1,false,9ab63e7b,kkr,run out,false,false,true
335986,1,false,fe11caa6,kkr,run out,false,false,true
335986,2,false,740742ef,deccan,caught,true,false,false
335986,2,false,57efa3be,deccan,caught,true,false,false
335986,2,false,bd77eb62,deccan,caught,true,false,false
335987,1,false,ff077124,rr,stumped,false,true,false
335987,1,false,ff077124,rr,caught,true,false,false
335987,1,false,fe93fd9d,rr,run out,false,false,true
335987,1,false,ff077124,rr,run out,false,false,true
335987,2,false,6b71e6cf,pbks,caught,true,false,false
335987,2,false,98ae73b1,pbks,caught,true,false,false
335988,1,false,0a476045,dc,caught,true,false,false
335988,1,false,c03f1114,dc,caught,true,false,false
335988,1,false,26e5cabf,dc,run out,false,false,true
335988,1,false,c03f1114,dc,run out,false,false,true
335988,1,false,ee7d0c82,dc,caught,true,false,false
335988,1,false,bb345e0b,dc,caught,true,false,false
335988,2,false,2b6e6dec,deccan,caught,true,false,false
335989,1,false,0fa5042b,mi,caught,true,false,false
335989,1,false,87e562a9,mi,caught,true,false,false
335989,1,false,8b5b6769,mi,run out,false,false,true
335989,1,false,87e562a9,mi,caught,true,false,false
335989,2,false,3576e47e,csk,run out,false,false,true
335989,2,false,9f961c14,csk,caught,true,false,false
335989,2,false,3eac9d95,csk,caught,true,false,false
335989,2,false,1dc12ab9,csk,caught,true,false,false
335989,2,false,3576e47e,csk,caught,true,false,false
335990,1,false,ff077124,rr,stumped,false,true,false
335990,1,false,fe93fd9d,rr,caught,true,false,false
335990,1,false,0264c10e,rr,caught,true,false,false
335990,1,false,ff077124,rr,caught,true,false,false
335990,2,false,0604ef16,deccan,caught,true,false,false
335990,2,false,bd77eb62,deccan,caught,true,false,false
335990,2,false,bd77eb62,deccan,caught,true,false,false
335990,2,false,94bc776b,deccan,caught,true,false,false
335990,2,false,de8cce37,deccan,run out,false,false,true
335990,2,false,c3d1402f,deccan,run out,false,false,true
335991,1,false,d2a989fc,mi,caught,true,false,false
335991,1,false,87e562a9,mi,run out,false,false,true
335991,1,false,0fa5042b,mi,run out,false,false,true
335991,1,false,87e562a9,mi,caught,true,false,false
335991,1,false,8b5b6769,mi,caught,true,false,false
335991,1,false,29e95537,mi,caught,true,false,false
335991,1,false,96fd40ae,mi,caught,true,false,false
335991,1,false,d2a989fc,mi,caught,true,false,false
335991,1,false,0fa5042b,mi,caught,true,false,false
335991,1,false,8b5b6769,mi,run out,false,false,true
335991,1,false,0fa5042b,mi,run out,false,false,true
335991,2,false,dd09ff8e,pbks,run out,false,false,true
335991,2,false,36d33dd0,pbks,caught,true,false,false
335991,2,false,98ae73b1,pbks,caught,true,false,false
335991,2,false,1c914163,pbks,caught,true,false,false
335992,1,false,fe93fd9d,rr,caught,true,false,false
335992,1,false,fe93fd9d,rr,caught,true,false,false
335992,1,false,f0f628c7,rr,caught,true,false,false
335992,1,false,72861603,rr,caught,true,false,false
335992,1,false,de8d3876,rr,caught,true,false,false
335992,1,false,de8d3876,rr,caught,true,false,false
335992,1,false,64d43928,rr,run out,false,false,true
335992,1,false,de8d3876,rr,run out,false,false,true
335992,1,false,de8d3876,rr,run out,false,false,true
335992,1,false,4329fbb5,rr,run out,false,false,true
335992,2,false,f3cb53a1,rcb,caught,true,false,false
335992,2,false,f3cb53a1,rcb,caught,true,false,false
335992,2,false,0c2730df,rcb,caught,true,false,false
335993,1,false,1dc12ab9,csk,caught,true,false,false
335993,1,false,1dc12ab9,csk,caught,true,false,false
335993,1,false,3576e47e,csk,caught,true,false,false
335993,1,false,3576e47e,csk,caught,true,false,false
335993,1,false,9f961c14,csk,caught,true,false,false
335993,1,false,4ba44e19,csk,caught,true,false,false
335993,1,false,4a8a2e3b,csk,run out,false,false,true
335993,1,false,9f961c14,csk,run out,false,false,true
335993,2,false,5bb1a1c4,kkr,caught,true,false,false
335994,1,false,de8cce37,deccan,caught,true,false,false
335994,1,false,6c6591ab,deccan,caught,true,false,false
335994,1,false,2b6e6dec,deccan,caught,true,false,false
335994,1,false,740742ef,deccan,caught,true,false,false
335994,1,false,2b6e6dec,deccan,caught,true,false,false
335994,1,false,6c6591ab,deccan,caught,true,false,false
335995,1,false,6b71e6cf,pbks,caught,true,false,false
335995,1,false,1c914163,pbks,caught,true,false,false
335995,1,false,dd09ff8e,pbks,caught,true,false,false
335995,1,false,1c914163,pbks,caught,true,false,false
335995,1,false,d18f9182,pbks,run out,false,false,true
335995,1,false,6b71e6cf,pbks,run out,false,false,true
335995,2,false,c03f1114,dc,caught,true,false,false
335995,2,false,8ba8195d,dc,run out,false,false,true
335995,2,false,33a364a6,dc,run out,false,false,true
335995,2,false,c03f1114,dc,caught,true,false,false
335995,2,false,c03f1114,dc,caught,true,false,false
335996,1,false,86dc8f2e,rcb,caught,true,false,false
335996,1,false,619aa81f,rcb,run out,false,false,true
335996,1,false,f3cb53a1,rcb,run out,false,false,true
335996,1,false,41eb4a4f,rcb,caught,true,false,false
335996,1,false,0184dc35,rcb,caught,true,false,false
335996,2,false,3eac9d95,csk,caught,true,false,false
335996,2,false,4a8a2e3b,csk,caught,true,false,false
335996,2,false,1dc12ab9,csk,caught,true,false,false
335996,2,false,48fd7349,csk,caught,true,false,false
335996,2,false,1dc12ab9,csk,run out,false,false,true
335996,2,false,4a8a2e3b,csk,run out,false,false,true
335996,2,false,9f961c14,csk,run out,false,false,true
335996,2,false,3eac9d95,csk,run out,false,false,true
335996,2,false,4a8a2e3b,csk,run out,false,false,true
335996,2,false,48fd7349,csk,caught,true,false,false
335997,1,false,f233bbb4,mi,caught,true,false,false
335997,1,false,1c17e270,mi,caught,true,false,false
335997,1,false,96fd40ae,mi,caught,true,false,false
335997,1,false,29e95537,mi,run out,false,false,true
335997,1,false,f233bbb4,mi,run out,false,false,true
335997,1,false,0aadc906,mi,caught,true,false,false
335997,1,false,96fd40ae,mi,caught,true,false,false
335997,1,false,f233bbb4,mi,caught,true,false,false
335997,2,false,fd835ab3,kkr,caught,true,false,false
335998,1,false,b61a3e1a,rcb,run out,false,false,true
335998,1,false,0184dc35,rcb,caught,true,false,false
335998,1,false,e938e1bc,rcb,caught,true,false,false
335998,2,false,0a476045,dc,caught,true,false,false
335998,2,false,0a476045,dc,caught,true,false,false
335998,2,false,93a17209,dc,caught,true,false,false
335998,2,false,8ba8195d,dc,caught,true,false,false
335999,1,false,a1f1829d,pbks,caught,true,false,false
335999,1,false,1c914163,pbks,caught,true,false,false
335999,1,false,1c914163,pbks,caught,true,false,false
335999,1,false,1c914163,pbks,run out,false,false,true
335999,1,false,6b71e6cf,pbks,run out,false,false,true
335999,1,false,6b8eb6e5,pbks,caught,true,false,false
335999,1,false,508a1ea7,pbks,caught,true,false,false
335999,2,false,0604ef16,deccan,run out,false,false,true
335999,2,false,740742ef,deccan,caught,true,false,false
336000,1,false,fd835ab3,kkr,caught,true,false,false
336000,1,false,16dfcc19,kkr,run out,false,false,true
336000,1,false,fe11caa6,kkr,run out,false,false,true
336000,2,false,de8d3876,rr,caught,true,false,false
336000,2,false,3d7e087f,rr,run out,false,false,true
336000,2,false,d84378a4,rr,caught,true,false,false
336000,2,false,fe93fd9d,rr,run out,false,false,true
336000,2,false,de8d3876,rr,run out,false,false,true
336000,2,false,4329fbb5,rr,caught,true,false,false
336000,2,false,fe93fd9d,rr,run out,false,false,true
336000,2,false,de8d3876,rr,run out,false,false,true
336000,2,false,40caa465,rr,caught,true,false,false
336001,1,false,93a17209,dc,caught,true,false,false
336001,1,false,93a17209,dc,caught,true,false,false
336001,1,false,64c34cd0,dc,caught,true,false,false
336001,1,false,9fc0ef64,dc,run out,false,false,true
336001,1,false,8ba8195d,dc,caught,true,false,false
336001,2,false,4ba44e19,csk,caught,true,false,false
336002,1,false,541f85c9,rcb,stumped,false,true,false
336002,1,false,af7dadf7,rcb,caught,true,false,false
336002,1,false,541f85c9,rcb,caught,true,false,false
336002,1,false,8fd1a8f5,rcb,caught,true,false,false
336002,1,false,619aa81f,rcb,caught,true,false,false
336002,1,false,41eb4a4f,rcb,run out,false,false,true
336002,1,false,541f85c9,rcb,run out,false,false,true
336002,1,false,5451a2c1,rcb,caught,true,false,false
336002,2,false,b9be6507,deccan,run out,false,false,true
336002,2,false,1be70c88,deccan,run out,false,false,true
336002,2,false,1be70c88,deccan,caught,true,false,false
336002,2,false,2b6e6dec,deccan,caught,true,false,false
336002,2,false,b720a5d6,deccan,caught,true,false,false
336003,1,false,b57f8a9a,kkr,caught,true,false,false
336003,1,false,fe11caa6,kkr,stumped,false,true,false
336003,1,false,fe11caa6,kkr,stumped,false,true,false
336003,1,false,725529bc,kkr,caught,true,false,false
336003,1,false,7050a1e7,kkr,run out,false,false,true
336003,1,false,fd835ab3,kkr,run out,false,false,true
336003,2,false,5fa06777,pbks,caught,true,false,false
336003,2,false,1c914163,pbks,caught,true,false,false
336003,2,false,2498e163,pbks,caught,true,false,false
336004,1,false,9fc0ef64,dc,caught,true,false,false
336004,1,false,64c34cd0,dc,caught,true,false,false
336004,1,false,93a17209,dc,caught,true,false,false
336004,1,false,64c34cd0,dc,caught,true,false,false
336004,1,false,c4487b84,dc,caught,true,false,false
336004,2,false,1c17e270,mi,caught,true,false,false
336004,2,false,1c17e270,mi,caught,true,false,false
336004,2,false,d2a989fc,mi,run out,false,false,true
336004,2,false,88fccd6c,mi,caught,true,false,false
336004,2,false,a45a5e8d,mi,caught,true,false,false
336004,2,false,709b0bac,mi,caught,true,false,false
336004,2,false,1c17e270,mi,caught,true,false,false
336004,2,false,96fd40ae,mi,caught,true,false,false
336004,2,false,7d3937ed,mi,caught,true,false,false
336005,1,false,bb18be76,rr,caught,true,false,false
336005,1,false,72861603,rr,caught,true,false,false
336005,1,false,64d43928,rr,caught,true,false,false
336005,1,false,64d43928,rr,caught,true,false,false
336005,2,false,20a941bb,csk,caught,true,false,false
336005,2,false,1dc12ab9,csk,caught,true,false,false
336006,1,false,622cc511,pbks,caught,true,false,false
336006,1,false,508a1ea7,pbks,run out,false,false,true
336006,1,false,6b8eb6e5,pbks,caught,true,false,false
336006,1,false,622cc511,pbks,caught,true,false,false
336006,1,false,5fa06777,pbks,run out,false,false,true
336006,1,false,d18f9182,pbks,caught,true,false,false
336006,1,false,622cc511,pbks,run out,false,false,true
336006,2,false,d0513f63,rcb,caught,true,false,false
336006,2,false,f48cf4da,rcb,caught,true,false,false
336006,2,false,f48cf4da,rcb,caught,true,false,false
336007,1,false,c3d1402f,deccan,caught,true,false,false
336007,1,false,0dc00542,deccan,caught,true,false,false
336007,1,false,740742ef,deccan,caught,true,false,false
336007,1,false,e1d1b294,deccan,caught,true,false,false
336007,1,false,740742ef,deccan,caught,true,false,false
336007,1,false,0dc00542,deccan,caught,true,false,false
336007,2,false,3576e47e,csk,caught,true,false,false
336007,2,false,3576e47e,csk,caught,true,false,false
336008,1,false,4e04666c,mi,stumped,false,true,false
336008,1,false,96fd40ae,mi,caught,true,false,false
336008,1,false,4e04666c,mi,caught,true,false,false
336008,1,false,4e04666c,mi,caught,true,false,false
336008,1,false,1c17e270,mi,caught,true,false,false
336008,1,false,4e04666c,mi,caught,true,false,false
336008,2,false,3c6ffae8,rr,caught,true,false,false
336008,2,false,ae091d39,rr,caught,true,false,false
336009,1,false,cfad138c,csk,caught,true,false,false
336009,1,false,cfad138c,csk,caught,true,false,false
336009,1,false,1dc12ab9,csk,caught,true,false,false
336009,2,false,0a476045,dc,caught,true,false,false
336009,2,false,c4487b84,dc,caught,true,false,false
336009,2,false,26e5cabf,dc,caught,true,false,false
336009,2,false,8ba8195d,dc,run out,false,false,true
336009,2,false,c4487b84,dc,caught,true,false,false
336009,2,false,0a476045,dc,caught,true,false,false
336010,1,false,41eb4a4f,rcb,caught,true,false,false
336010,1,false,d0513f63,rcb,run out,false,false,true
336010,1,false,8fd1a8f5,rcb,run out,false,false,true
336010,1,false,f3cb53a1,rcb,run out,false,false,true
336010,1,false,f3cb53a1,rcb,caught,true,false,false
336010,2,false,abfeb126,kkr,caught,true,false,false
336010,2,false,b57f8a9a,kkr,run out,false,false,true
336010,2,false,abfeb126,kkr,run out,false,false,true
336011,1,false,de8d3876,rr,caught,true,false,false
336011,1,false,bb18be76,rr,caught,true,false,false
336011,1,false,de8d3876,rr,caught,true,false,false
336011,1,false,f0f628c7,rr,caught,true,false,false
336011,1,false,bb18be76,rr,run out,false,false,true
336011,1,false,de8d3876,rr,caught,true,false,false
336011,1,false,de8d3876,rr,run out,false,false,true
336011,1,false,64d43928,rr,run out,false,false,true
336011,2,false,e1d1b294,deccan,caught,true,false,false
336011,2,false,6c6591ab,deccan,caught,true,false,false
336012,1,false,1c17e270,mi,caught,true,false,false
336012,1,false,d2c2b2d5,mi,caught,true,false,false
336012,1,false,96fd40ae,mi,caught,true,false,false
336012,1,false,342d8ade,mi,caught,true,false,false
336012,1,false,4e04666c,mi,caught,true,false,false
336012,1,false,1c17e270,mi,caught,true,false,false
336012,1,false,4e04666c,mi,run out,false,false,true
336012,1,false,342d8ade,mi,run out,false,false,true
336012,2,false,af7dadf7,rcb,caught,true,false,false
336013,1,false,d18f9182,pbks,caught,true,false,false
336013,1,false,a1f1829d,pbks,caught,true,false,false
336013,1,false,508a1ea7,pbks,caught,true,false,false
336013,1,false,1c914163,pbks,caught,true,false,false
336013,2,false,4a8a2e3b,csk,caught,true,false,false
336013,2,false,c3d35165,csk,caught,true,false,false
336013,2,false,6ad3a659,csk,caught,true,false,false
336013,2,false,eea6b7f1,csk,caught,true,false,false
336013,2,false,756389bd,csk,caught,true,false,false
336013,2,false,1dc12ab9,csk,caught,true,false,false
336013,2,false,cfad138c,csk,caught,true,false,false
336013,2,false,4a8a2e3b,csk,caught,true,false,false
336014,1,false,2b6e6dec,deccan,caught,true,false,false
336014,1,false,e1d1b294,deccan,run out,false,false,true
336014,1,false,c3d1402f,deccan,caught,true,false,false
336014,1,false,b720a5d6,deccan,caught,true,false,false
336014,2,false,4d6d6280,kkr,caught,true,false,false
336014,2,false,725529bc,kkr,caught,true,false,false
336014,2,false,fe11caa6,kkr,caught,true,false,false
336014,2,false,b1451597,kkr,caught,true,false,false
336014,2,false,725529bc,kkr,caught,true,false,false
336014,2,false,e249fdaa,kkr,caught,true,false,false
336015,1,false,d84378a4,rr,caught,true,false,false
336015,1,false,f0f628c7,rr,run out,false,false,true
336015,1,false,bb18be76,rr,caught,true,false,false
336015,1,false,de8d3876,rr,caught,true,false,false
336015,1,false,a2870fb7,rr,caught,true,false,false
336015,2,false,c4487b84,dc,run out,false,false,true
336015,2,false,8ba8195d,dc,run out,false,false,true
336015,2,false,c03f1114,dc,run out,false,false,true
336015,2,false,93a17209,dc,caught,true,false,false
336015,2,false,c03f1114,dc,run out,false,false,true
336016,1,false,d18f9182,pbks,caught,true,false,false
336016,1,false,98ae73b1,pbks,run out,false,false,true
336016,1,false,622cc511,pbks,run out,false,false,true
336016,2,false,8fd1a8f5,rcb,caught,true,false,false
336017,1,false,ab89348d,dc,caught,true,false,false
336017,1,false,ee7d0c82,dc,caught,true,false,false
336017,1,false,5bdcdb72,dc,run out,false,false,true
336017,1,false,c4487b84,dc,run out,false,false,true
336017,1,false,bb345e0b,dc,caught,true,false,false
336017,1,false,26e5cabf,dc,caught,true,false,false
336017,2,false,fe11caa6,kkr,caught,true,false,false
336017,2,false,fd835ab3,kkr,caught,true,false,false
336017,2,false,75de770f,kkr,caught,true,false,false
336017,2,false,b1451597,kkr,run out,false,false,true
336017,2,false,fe11caa6,kkr,run out,false,false,true
336017,2,false,66b30f71,kkr,run out,false,false,true
336017,2,false,5bb1a1c4,kkr,caught,true,false,false
336017,2,false,fd835ab3,kkr,caught,true,false,false
336018,1,false,5f4e9e8f,mi,caught,true,false,false
336018,1,false,4e04666c,mi,caught,true,false,false
336018,1,false,4e04666c,mi,caught,true,false,false
336018,1,false,1c17e270,mi,caught,true,false,false
336019,1,false,0264c10e,rr,caught,true,false,false
336019,1,false,33cb3411,rr,caught,true,false,false
336019,1,false,3c6ffae8,rr,run out,false,false,true
336019,1,false,4329fbb5,rr,run out,false,false,true
336019,2,false,5fa06777,pbks,caught,true,false,false
336019,2,false,3dba85c2,pbks,caught,true,false,false
336019,2,false,508a1ea7,pbks,caught,true,false,false
336020,1,false,c3d1402f,deccan,caught,true,false,false
336020,1,false,2b6e6dec,deccan,stumped,false,true,false
336020,1,false,740742ef,deccan,caught,true,false,false
336020,1,false,2b6e6dec,deccan,run out,false,false,true
336020,2,false,5bdcdb72,dc,caught,true,false,false
336020,2,false,c4487b84,dc,caught,true,false,false
336020,2,false,c4487b84,dc,caught,true,false,false
336020,2,false,64c34cd0,dc,caught,true,false,false
336020,2,false,64c34cd0,dc,caught,true,false,false
336020,2,false,5bdcdb72,dc,caught,true,false,false
336020,2,false,c03f1114,dc,stumped,false,true,false
336021,1,false,d2c2b2d5,mi,caught,true,false,false
336021,1,false,1c17e270,mi,run out,false,false,true
336021,1,false,88fccd6c,mi,run out,false,false,true
336021,1,false,4e04666c,mi,caught,true,false,false
336021,1,false,1c17e270,mi,caught,true,false,false
336021,1,false,d2c2b2d5,mi,caught,true,false,false
336021,1,false,4e04666c,mi,caught,true,false,false
336021,1,false,d2c2b2d5,mi,caught,true,false,false
336021,1,false,d2c2b2d5,mi,caught,true,false,false
336021,2,false,fe11caa6,kkr,caught,true,false,false
336021,2,false,725529bc,kkr,caught,true,false,false
336022,1,false,98ae73b1,pbks,caught,true,false,false
336022,1,false,b63ab531,pbks,caught,true,false,false
336022,1,false,5d096f3d,pbks,caught,true,false,false
336022,2,false,0a476045,dc,caught,true,false,false
336022,2,false,ab89348d,dc,caught,true,false,false
336022,2,false,64c34cd0,dc,caught,true,false,false
336023,1,false,7eae4418,rcb,caught,true,false,false
336023,2,false,3d7e087f,rr,caught,true,false,false
336023,2,false,40caa465,rr,caught,true,false,false
336023,2,false,3d7e087f,rr,caught,true,false,false
336023,2,false,3c6ffae8,rr,caught,true,false,false
336023,2,false,fe93fd9d,rr,caught,true,false,false
336023,2,false,d84378a4,rr,caught,true,false,false
336023,2,false,de8d3876,rr,caught,true,false,false
336024,1,false,c3d1402f,deccan,caught,true,false,false
336024,1,false,1be70c88,deccan,caught,true,false,false
336024,1,false,0dc00542,deccan,caught,true,false,false
336024,1,false,740742ef,deccan,caught,true,false,false
336024,2,false,7d3937ed,mi,caught,true,false,false
336024,2,false,0aadc906,mi,caught,true,false,false
336024,2,false,4e04666c,mi,caught,true,false,false
336024,2,false,0aadc906,mi,caught,true,false,false
336024,2,false,4e04666c,mi,run out,false,false,true
336025,1,false,ae78bc32,csk,caught,true,false,false
336026,1,false,33a364a6,dc,caught,true,false,false
336026,1,false,c03f1114,dc,caught,true,false,false
336026,1,false,5bdcdb72,dc,caught,true,false,false
336026,1,false,ab89348d,dc,run out,false,false,true
336026,1,false,64c34cd0,dc,run out,false,false,true
336026,1,false,c03f1114,dc,run out,false,false,true
336026,1,false,8ba8195d,dc,run out,false,false,true
336026,1,false,ab89348d,dc,run out,false,false,true
336026,2,false,5451a2c1,rcb,caught,true,false,false
336026,2,false,d0513f63,rcb,run out,false,false,true
336026,2,false,541f85c9,rcb,run out,false,false,true
336026,2,false,541f85c9,rcb,stumped,false,true,false
336026,2,false,541f85c9,rcb,caught,true,false,false
336026,2,false,d0513f63,rcb,caught,true,false,false
336027,1,false,ae091d39,rr,caught,true,false,false
336027,1,false,d84378a4,rr,caught,true,false,false
336027,1,false,ae091d39,rr,caught,true,false,false
336027,1,false,fe93fd9d,rr,run out,false,false,true
336027,1,false,de8d3876,rr,run out,false,false,true
336027,1,false,d84378a4,rr,caught,true,false,false
336027,2,false,fe11caa6,kkr,caught,true,false,false
336027,2,false,4d6d6280,kkr,caught,true,false,false
336027,2,false,fe11caa6,kkr,caught,true,false,false
336028,1,false,0aadc906,mi,caught,true,false,false
336028,1,false,88fccd6c,mi,caught,true,false,false
336028,1,false,35205dfc,mi,caught,true,false,false
336028,2,false,1c914163,pbks,run out,false,false,true
336028,2,false,98ae73b1,pbks,run out,false,false,true
336028,2,false,a76d10ba,pbks,caught,true,false,false
336028,2,false,5fa06777,pbks,run out,false,false,true
336028,2,false,98ae73b1,pbks,caught,true,false,false
336028,2,false,2498e163,pbks,caught,true,false,false
336028,2,false,034b4b7d,pbks,caught,true,false,false
336028,2,false,a76d10ba,pbks,run out,false,false,true
336028,2,false,a76d10ba,pbks,run out,false,false,true
336028,2,false,d18f9182,pbks,run out,false,false,true
336028,2,false,622cc511,pbks,run out,false,false,true
336028,2,false,1c914163,pbks,run out,false,false,true
336029,1,false,eea6b7f1,csk,caught,true,false,false
336029,1,false,b5da6c24,csk,caught,true,false,false
336029,1,false,c3d35165,csk,caught,true,false,false
336029,1,false,b5da6c24,csk,caught,true,false,false
336029,1,false,4a8a2e3b,csk,caught,true,false,false
336029,2,false,0c2730df,rcb,caught,true,false,false
336029,2,false,af7dadf7,rcb,caught,true,false,false
336029,2,false,41eb4a4f,rcb,caught,true,false,false
336029,2,false,86dc8f2e,rcb,caught,true,false,false
336029,2,false,8fd1a8f5,rcb,caught,true,false,false
336029,2,false,0184dc35,rcb,run out,false,false,true
336029,2,false,541f85c9,rcb,run out,false,false,true
336031,1,false,98ae73b1,pbks,caught,true,false,false
336031,2,false,1be70c88,deccan,caught,true,false,false
336031,2,false,c3d1402f,deccan,caught,true,false,false
336031,2,false,e1d1b294,deccan,caught,true,false,false
336031,2,false,740742ef,deccan,caught,true,false,false
336032,1,false,50758325,dc,caught,true,false,false
336032,1,false,5bdcdb72,dc,caught,true,false,false
336032,1,false,5bdcdb72,dc,caught,true,false,false
336032,1,false,0a476045,dc,caught,true,false,false
336032,1,false,50758325,dc,caught,true,false,false
336032,1,false,8ba8195d,dc,run out,false,false,true
336032,2,false,35205dfc,mi,caught,true,false,false
336032,2,false,facb9086,mi,caught,true,false,false
336032,2,false,f233bbb4,mi,run out,false,false,true
336033,1,false,4a8a2e3b,csk,run out,false,false,true
336033,1,false,b5da6c24,csk,run out,false,false,true
336033,1,false,4a8a2e3b,csk,caught,true,false,false
336033,1,false,4ba44e19,csk,caught,true,false,false
336033,1,false,6165bca6,csk,caught,true,false,false
336033,1,false,3576e47e,csk,run out,false,false,true
336033,1,false,b5da6c24,csk,run out,false,false,true
336033,2,false,64d43928,rr,run out,false,false,true
336033,2,false,ff077124,rr,run out,false,false,true
336033,2,false,d84378a4,rr,caught,true,false,false
336033,2,false,ff077124,rr,stumped,false,true,false
336033,2,false,d84378a4,rr,caught,true,false,false
336033,2,false,40caa465,rr,caught,true,false,false
336033,2,false,fe93fd9d,rr,caught,true,false,false
336034,1,false,e1d1b294,deccan,caught,true,false,false
336034,1,false,0604ef16,deccan,caught,true,false,false
336034,1,false,0604ef16,deccan,run out,false,false,true
336034,1,false,57efa3be,deccan,run out,false,false,true
336034,1,false,b9be6507,deccan,caught,true,false,false
336034,2,false,619aa81f,rcb,caught,true,false,false
336034,2,false,0c2730df,rcb,caught,true,false,false
336034,2,false,619aa81f,rcb,caught,true,false,false
336034,2,false,8fd1a8f5,rcb,caught,true,false,false
336035,1,false,e249fdaa,kkr,caught,true,false,false
336035,1,false,fe11caa6,kkr,run out,false,false,true
336035,2,false,a76d10ba,pbks,caught,true,false,false
336035,2,false,5fa06777,pbks,caught,true,false,false
336035,2,false,6b71e6cf,pbks,caught,true,false,false
336035,2,false,5d096f3d,pbks,caught,true,false,false
336036,1,false,e32d22f6,rr,caught,true,false,false
336036,1,false,ff077124,rr,stumped,false,true,false
336036,1,false,ff077124,rr,caught,true,false,false
336036,1,false,a2870fb7,rr,caught,true,false,false
336036,2,false,93b4fc78,mi,run out,false,false,true
336036,2,false,96fd40ae,mi,caught,true,false,false
336036,2,false,4e04666c,mi,caught,true,false,false
336036,2,false,5f4e9e8f,mi,run out,false,false,true
336036,2,false,f233bbb4,mi,run out,false,false,true
336036,2,false,d2c2b2d5,mi,caught,true,false,false
336037,1,false,b2b50355,csk,caught,true,false,false
336037,1,false,6165bca6,csk,caught,true,false,false
336037,1,false,6165bca6,csk,caught,true,false,false
336037,1,false,ae78bc32,csk,run out,false,false,true
336037,1,false,b5da6c24,csk,run out,false,false,true
336037,1,false,1dc12ab9,csk,caught,true,false,false
336037,1,false,c3d35165,csk,caught,true,false,false
336037,2,false,2b6e6dec,deccan,caught,true,false,false
336037,2,false,0dc00542,deccan,caught,true,false,false
336037,2,false,e1d1b294,deccan,caught,true,false,false
336038,1,false,0a476045,dc,caught,true,false,false
336038,1,false,26e5cabf,dc,caught,true,false,false
336038,1,false,c03f1114,dc,caught,true,false,false
336038,1,false,c03f1114,dc,stumped,false,true,false
336038,1,false,ab89348d,dc,caught,true,false,false
336038,1,false,8ba8195d,dc,caught,true,false,false
336038,1,false,5bdcdb72,dc,run out,false,false,true
336038,1,false,c03f1114,dc,run out,false,false,true
336038,2,false,64d43928,rr,caught,true,false,false
336038,2,false,40caa465,rr,caught,true,false,false
336038,2,false,fe93fd9d,rr,caught,true,false,false
336038,2,false,ae091d39,rr,caught,true,false,false
336038,2,false,d84378a4,rr,caught,true,false,false
336038,2,false,3c6ffae8,rr,caught,true,false,false
336038,2,false,64d43928,rr,caught,true,false,false
336038,2,false,de8d3876,rr,caught,true,false,false
336038,2,false,3c6ffae8,rr,run out,false,false,true
336038,2,false,de8d3876,rr,run out,false,false,true
336039,1,false,b5da6c24,csk,caught,true,false,false
336039,1,false,b5da6c24,csk,caught,true,false,false
336039,1,false,4ba44e19,csk,caught,true,false,false
336039,1,false,20a941bb,csk,run out,false,false,true
336039,1,false,ae78bc32,csk,run out,false,false,true
336039,1,false,b5da6c24,csk,caught,true,false,false
336039,1,false,1dc12ab9,csk,caught,true,false,false
336039,2,false,3dba85c2,pbks,caught,true,false,false
336040,1,false,fe93fd9d,rr,caught,true,false,false
336040,1,false,ff077124,rr,caught,true,false,false
336040,1,false,ff077124,rr,caught,true,false,false
336040,1,false,fe93fd9d,rr,caught,true,false,false
336040,1,false,ae091d39,rr,caught,true,false,false
336040,2,false,1dc12ab9,csk,caught,true,false,false
336040,2,false,20a941bb,csk,run out,false,false,true
336040,2,false,4a8a2e3b,csk,caught,true,false,false
336040,2,false,cfad138c,csk,caught,true,false,false
336040,2,false,1dc12ab9,csk,run out,false,false,true
392181,1,false,d8699ab7,csk,caught,true,false,false
392181,1,false,4a8a2e3b,csk,caught,true,false,false
392181,1,false,d8699ab7,csk,caught,true,false,false
392181,1,false,b2ae53f5,csk,caught,true,false,false
392181,1,false,3eac9d95,csk,run out,false,false,true
392181,1,false,495d42a5,csk,caught,true,false,false
392181,2,false,d2c2b2d5,mi,caught,true,false,false
392181,2,false,5f4e9e8f,mi,caught,true,false,false
392181,2,false,91a4a398,mi,caught,true,false,false
392181,2,false,0aadc906,mi,caught,true,false,false
392181,2,false,87e562a9,mi,caught,true,false,false
392182,1,false,de8d3876,rr,caught,true,false,false
392182,1,false,de8d3876,rr,caught,true,false,false
392182,1,false,a2870fb7,rr,caught,true,false,false
392182,1,false,bb18be76,rr,caught,true,false,false
392182,2,false,ba607b88,rcb,caught,true,false,false
392182,2,false,0184dc35,rcb,caught,true,false,false
392182,2,false,0c2730df,rcb,caught,true,false,false
392182,2,false,ba607b88,rcb,run out,false,false,true
392182,2,false,1c17e270,rcb,run out,false,false,true
392182,2,false,91ffa6c6,rcb,caught,true,false,false
392182,2,false,ba607b88,rcb,caught,true,false,false
392182,2,false,1c17e270,rcb,stumped,false,true,false
392182,2,false,8fd1a8f5,rcb,caught,true,false,false
392182,2,false,1c17e270,rcb,caught,true,false,false
392183,1,false,d7c6af50,dc,caught,true,false,false
392183,1,false,c404f58a,dc,caught,true,false,false
392183,1,false,c03f1114,dc,run out,false,false,true
392183,1,false,d7c6af50,dc,run out,false,false,true
392183,1,false,5bdcdb72,dc,caught,true,false,false
392183,1,false,26e5cabf,dc,run out,false,false,true
392183,1,false,5bdcdb72,dc,caught,true,false,false
392184,1,false,2b6e6dec,deccan,caught,true,false,false
392184,1,false,2a72fd4f,deccan,caught,true,false,false
392184,1,false,de8cce37,deccan,caught,true,false,false
392184,1,false,2b6e6dec,deccan,stumped,false,true,false
392184,1,false,2b6e6dec,deccan,stumped,false,true,false
392184,1,false,e1d1b294,deccan,caught,true,false,false
392184,1,false,740742ef,deccan,caught,true,false,false
392184,1,false,740742ef,deccan,run out,false,false,true
392184,2,false,32198ae0,kkr,caught,true,false,false
392184,2,false,b1451597,kkr,run out,false,false,true
392184,2,false,b8a55852,kkr,run out,false,false,true
392185,1,false,0184dc35,rcb,run out,false,false,true
392185,1,false,4d5a1617,rcb,caught,true,false,false
392185,1,false,ba607b88,rcb,caught,true,false,false
392185,2,false,4a8a2e3b,csk,stumped,false,true,false
392185,2,false,3576e47e,csk,caught,true,false,false
392185,2,false,b2b50355,csk,caught,true,false,false
392185,2,false,d8699ab7,csk,caught,true,false,false
392185,2,false,1dc12ab9,csk,run out,false,false,true
392185,2,false,4a8a2e3b,csk,run out,false,false,true
392185,2,false,ddc0828d,csk,caught,true,false,false
392186,1,false,db584dad,kkr,caught,true,false,false
392186,1,false,abfeb126,kkr,caught,true,false,false
392186,1,false,b8a55852,kkr,caught,true,false,false
392186,1,false,e249fdaa,kkr,run out,false,false,true
392186,1,false,b8a55852,kkr,run out,false,false,true
392186,1,false,297b26da,kkr,caught,true,false,false
392186,1,false,b8a55852,kkr,caught,true,false,false
392186,2,false,6b71e6cf,pbks,caught,true,false,false
392188,1,false,8fd1a8f5,rcb,caught,true,false,false
392188,1,false,ba607b88,rcb,caught,true,false,false
392188,1,false,e938e1bc,rcb,caught,true,false,false
392188,1,false,39f01cdb,rcb,caught,true,false,false
392188,1,false,119678fd,rcb,run out,false,false,true
392188,1,false,1c17e270,rcb,run out,false,false,true
392188,2,false,740742ef,deccan,caught,true,false,false
392188,2,false,b720a5d6,deccan,caught,true,false,false
392188,2,false,2b6e6dec,deccan,stumped,false,true,false
392188,2,false,fe763256,deccan,caught,true,false,false
392188,2,false,2b6e6dec,deccan,run out,false,false,true
392188,2,false,2a72fd4f,deccan,run out,false,false,true
392188,2,false,2b6e6dec,deccan,caught,true,false,false
392188,2,false,e1d1b294,deccan,caught,true,false,false
392189,1,false,4a8a2e3b,csk,caught,true,false,false
392189,1,false,c3d35165,csk,caught,true,false,false
392189,1,false,1dc12ab9,csk,caught,true,false,false
392189,1,false,ddc0828d,csk,caught,true,false,false
392189,1,false,ddc0828d,csk,caught,true,false,false
392189,2,false,c4487b84,dc,caught,true,false,false
392189,2,false,c404f58a,dc,caught,true,false,false
392189,2,false,c03f1114,dc,caught,true,false,false
392189,2,false,c4487b84,dc,caught,true,false,false
392189,2,false,dcce6f09,dc,caught,true,false,false
392189,2,false,dcce6f09,dc,caught,true,false,false
392189,2,false,8ba8195d,dc,run out,false,false,true
392189,2,false,d7c6af50,dc,run out,false,false,true
392189,2,false,dcce6f09,dc,run out,false,false,true
392189,2,false,9fc0ef64,dc,run out,false,false,true
392189,2,false,c404f58a,dc,run out,false,false,true
392190,1,false,5bb1a1c4,kkr,caught,true,false,false
392190,1,false,db584dad,kkr,caught,true,false,false
392190,1,false,db584dad,kkr,caught,true,false,false
392190,1,false,297b26da,kkr,caught,true,false,false
392190,1,false,297b26da,kkr,caught,true,false,false
392190,2,false,6ef60d3a,rr,caught,true,false,false
392190,2,false,fe93fd9d,rr,caught,true,false,false
392190,2,false,de8d3876,rr,caught,true,false,false
392190,2,false,de8d3876,rr,caught,true,false,false
392190,2,false,72861603,rr,caught,true,false,false
392190,2,false,c69a7b5c,rr,caught,true,false,false
392190,2,false,de8d3876,rr,caught,true,false,false
392190,2,false,6ef60d3a,rr,run out,false,false,true
392190,2,false,de8d3876,rr,run out,false,false,true
392190,3,true,23ac69e6,rr,caught,true,false,false
392191,1,false,1c914163,pbks,caught,true,false,false
392191,1,false,a1f1829d,pbks,caught,true,false,false
392191,1,false,034b4b7d,pbks,caught,true,false,false
392191,1,false,d18f9182,pbks,caught,true,false,false
392191,1,false,7ca5e05d,pbks,caught,true,false,false
392191,1,false,d18f9182,pbks,caught,true,false,false
392191,2,false,41eb4a4f,rcb,run out,false,false,true
392191,2,false,1c17e270,rcb,run out,false,false,true
392191,2,false,e32d22f6,rcb,caught,true,false,false
392191,2,false,91ffa6c6,rcb,caught,true,false,false
392192,1,false,0aadc906,mi,caught,true,false,false
392192,1,false,0a476045,mi,caught,true,false,false
392192,1,false,a45a5e8d,mi,caught,true,false,false
392192,1,false,87e562a9,mi,run out,false,false,true
392192,1,false,91a4a398,mi,run out,false,false,true
392192,1,false,f233bbb4,mi,caught,true,false,false
392192,2,false,2b6e6dec,deccan,caught,true,false,false
392192,2,false,e1d1b294,deccan,caught,true,false,false
392192,2,false,35205dfc,deccan,caught,true,false,false
392192,2,false,2b6e6dec,deccan,caught,true,false,false
392192,2,false,35205dfc,deccan,caught,true,false,false
392194,1,false,9fc0ef64,dc,caught,true,false,false
392194,1,false,6b19d823,dc,caught,true,false,false
392194,1,false,5bdcdb72,dc,caught,true,false,false
392194,1,false,c4487b84,dc,run out,false,false,true
392194,2,false,39f01cdb,rcb,caught,true,false,false
392194,2,false,f3cb53a1,rcb,caught,true,false,false
392194,2,false,86dc8f2e,rcb,caught,true,false,false
392195,1,false,fe93fd9d,rr,run out,false,false,true
392195,1,false,ae091d39,rr,run out,false,false,true
392195,1,false,f0f628c7,rr,caught,true,false,false
392195,1,false,de8d3876,rr,caught,true,false,false
392195,1,false,6ef60d3a,rr,caught,true,false,false
392195,1,false,de8d3876,rr,run out,false,false,true
392195,2,false,5d096f3d,pbks,caught,true,false,false
392195,2,false,6b71e6cf,pbks,caught,true,false,false
392195,2,false,6b71e6cf,pbks,caught,true,false,false
392195,2,false,a1f1829d,pbks,caught,true,false,false
392195,2,false,5d096f3d,pbks,caught,true,false,false
392196,1,false,2b6e6dec,deccan,caught,true,false,false
392196,1,false,8a668774,deccan,caught,true,false,false
392196,1,false,740742ef,deccan,caught,true,false,false
392196,1,false,c3d1402f,deccan,caught,true,false,false
392196,2,false,4ba44e19,csk,caught,true,false,false
392196,2,false,3eac9d95,csk,caught,true,false,false
392196,2,false,4a8a2e3b,csk,caught,true,false,false
392197,1,false,ea0cdc12,kkr,caught,true,false,false
392197,1,false,7023d182,kkr,caught,true,false,false
392197,1,false,b1451597,kkr,run out,false,false,true
392197,1,false,b8a55852,kkr,run out,false,false,true
392197,1,false,db584dad,kkr,caught,true,false,false
392197,1,false,b8a55852,kkr,caught,true,false,false
392197,2,false,2e8994e7,mi,caught,true,false,false
392197,2,false,d2c2b2d5,mi,caught,true,false,false
392197,2,false,87e562a9,mi,caught,true,false,false
392197,2,false,d2c2b2d5,mi,caught,true,false,false
392197,2,false,0aadc906,mi,caught,true,false,false
392197,2,false,f233bbb4,mi,caught,true,false,false
392198,1,false,bb18be76,rr,caught,true,false,false
392198,1,false,6ef60d3a,rr,caught,true,false,false
392198,1,false,ae091d39,rr,caught,true,false,false
392198,2,false,6b19d823,dc,run out,false,false,true
392198,2,false,d7c6af50,dc,caught,true,false,false
392198,2,false,9fc0ef64,dc,caught,true,false,false
392198,2,false,c03f1114,dc,stumped,false,true,false
392199,1,false,ba607b88,rcb,caught,true,false,false
392199,1,false,86dc8f2e,rcb,caught,true,false,false
392199,1,false,541f85c9,rcb,caught,true,false,false
392199,1,false,39f01cdb,rcb,caught,true,false,false
392199,2,false,710dd98c,kkr,caught,true,false,false
392199,2,false,710dd98c,kkr,caught,true,false,false
392199,2,false,710dd98c,kkr,caught,true,false,false
392199,2,false,fe11caa6,kkr,caught,true,false,false
392199,2,false,710dd98c,kkr,caught,true,false,false
392200,1,false,0aadc906,mi,stumped,false,true,false
392200,1,false,d2c2b2d5,mi,caught,true,false,false
392200,1,false,91a4a398,mi,caught,true,false,false
392200,1,false,0a476045,mi,caught,true,false,false
392200,1,false,87e562a9,mi,caught,true,false,false
392200,1,false,0aadc906,mi,run out,false,false,true
392200,2,false,1c914163,pbks,caught,true,false,false
392200,2,false,d18f9182,pbks,caught,true,false,false
392200,2,false,3dba85c2,pbks,caught,true,false,false
392200,2,false,a1f1829d,pbks,caught,true,false,false
392200,2,false,40caa465,pbks,caught,true,false,false
392201,1,false,c03f1114,dc,caught,true,false,false
392201,1,false,c4487b84,dc,caught,true,false,false
392201,1,false,c42aaf71,dc,caught,true,false,false
392201,1,false,c4487b84,dc,caught,true,false,false
392201,1,false,d7c6af50,dc,caught,true,false,false
392201,1,false,c03f1114,dc,run out,false,false,true
392201,1,false,d7c6af50,dc,run out,false,false,true
392201,1,false,c03f1114,dc,run out,false,false,true
392201,2,false,e1d1b294,deccan,caught,true,false,false
392201,2,false,6c6591ab,deccan,caught,true,false,false
392202,1,false,6ef60d3a,rr,caught,true,false,false
392202,1,false,de8d3876,rr,stumped,false,true,false
392202,1,false,3edb58fc,rr,caught,true,false,false
392202,1,false,72861603,rr,caught,true,false,false
392202,2,false,3576e47e,csk,caught,true,false,false
392202,2,false,1dc12ab9,csk,caught,true,false,false
392202,2,false,4ba44e19,csk,caught,true,false,false
392202,2,false,d8699ab7,csk,caught,true,false,false
392202,2,false,3576e47e,csk,caught,true,false,false
392202,2,false,b5da6c24,csk,caught,true,false,false
392202,2,false,1dc12ab9,csk,caught,true,false,false
392203,1,false,710dd98c,kkr,caught,true,false,false
392203,1,false,66b30f71,kkr,caught,true,false,false
392203,1,false,b8a55852,kkr,caught,true,false,false
392203,1,false,b8a55852,kkr,caught,true,false,false
392203,1,false,db584dad,kkr,caught,true,false,false
392203,2,false,2e8994e7,mi,caught,true,false,false
392203,2,false,2e8994e7,mi,run out,false,false,true
392203,2,false,0aadc906,mi,run out,false,false,true
392203,2,false,a12e1d51,mi,caught,true,false,false
392204,1,false,d18f9182,pbks,caught,true,false,false
392204,1,false,98ae73b1,pbks,caught,true,false,false
392204,1,false,98ae73b1,pbks,caught,true,false,false
392204,1,false,fdedb37c,pbks,caught,true,false,false
392204,1,false,5fa06777,pbks,caught,true,false,false
392204,1,false,98ae73b1,pbks,caught,true,false,false
392204,2,false,86dc8f2e,rcb,caught,true,false,false
392204,2,false,ba607b88,rcb,caught,true,false,false
392204,2,false,05c2ca46,rcb,run out,false,false,true
392204,2,false,f3cb53a1,rcb,run out,false,false,true
392204,2,false,86dc8f2e,rcb,caught,true,false,false
392204,2,false,ba607b88,rcb,caught,true,false,false
392205,1,false,3d7e087f,rr,caught,true,false,false
392205,1,false,3c6ffae8,rr,caught,true,false,false
392205,1,false,bb18be76,rr,caught,true,false,false
392205,1,false,bb18be76,rr,caught,true,false,false
392205,2,false,8a668774,deccan,caught,true,false,false
392205,2,false,e1d1b294,deccan,run out,false,false,true
392205,2,false,fe763256,deccan,run out,false,false,true
392205,2,false,e1d1b294,deccan,caught,true,false,false
392205,2,false,35205dfc,deccan,caught,true,false,false
392205,2,false,2b6e6dec,deccan,caught,true,false,false
392205,2,false,e1d1b294,deccan,caught,true,false,false
392206,1,false,33a364a6,dc,caught,true,false,false
392206,1,false,c4487b84,dc,caught,true,false,false
392206,1,false,5bdcdb72,dc,caught,true,false,false
392206,1,false,c4487b84,dc,caught,true,false,false
392206,1,false,bb345e0b,dc,caught,true,false,false
392206,1,false,c4487b84,dc,caught,true,false,false
392206,1,false,bb345e0b,dc,caught,true,false,false
392206,1,false,c4487b84,dc,run out,false,false,true
392206,1,false,c03f1114,dc,run out,false,false,true
392206,2,false,1dc12ab9,csk,caught,true,false,false
392206,2,false,4a8a2e3b,csk,stumped,false,true,false
392206,2,false,4ba44e19,csk,caught,true,false,false
392206,2,false,b2b50355,csk,caught,true,false,false
392207,1,false,1c914163,pbks,caught,true,false,false
392207,1,false,5f26df4f,pbks,caught,true,false,false
392207,1,false,6b71e6cf,pbks,caught,true,false,false
392207,2,false,710dd98c,kkr,caught,true,false,false
392207,2,false,725529bc,kkr,caught,true,false,false
392207,2,false,fe11caa6,kkr,caught,true,false,false
392207,2,false,b57f8a9a,kkr,caught,true,false,false
392208,1,false,0184dc35,rcb,caught,true,false,false
392208,1,false,1c17e270,rcb,caught,true,false,false
392208,1,false,f3cb53a1,rcb,caught,true,false,false
392208,1,false,41eb4a4f,rcb,caught,true,false,false
392208,2,false,a45a5e8d,mi,caught,true,false,false
392209,1,false,c3d1402f,deccan,caught,true,false,false
392209,1,false,e1d1b294,deccan,caught,true,false,false
392209,1,false,35205dfc,deccan,caught,true,false,false
392209,2,false,c8179c68,csk,caught,true,false,false
392209,2,false,3576e47e,csk,caught,true,false,false
392209,2,false,4ba44e19,csk,caught,true,false,false
392209,2,false,4b57e452,csk,caught,true,false,false
392209,2,false,4b57e452,csk,caught,true,false,false
392209,2,false,c8179c68,csk,caught,true,false,false
392210,1,false,98ae73b1,pbks,caught,true,false,false
392210,1,false,a1f1829d,pbks,caught,true,false,false
392210,1,false,fdedb37c,pbks,caught,true,false,false
392210,1,false,d18f9182,pbks,caught,true,false,false
392210,2,false,bb18be76,rr,caught,true,false,false
392210,2,false,63bff7f9,rr,caught,true,false,false
392210,2,false,890946a0,rr,stumped,false,true,false
392210,2,false,3d7e087f,rr,caught,true,false,false
392210,2,false,fe93fd9d,rr,caught,true,false,false
392210,2,false,63bff7f9,rr,caught,true,false,false
392211,1,false,96fd40ae,dc,caught,true,false,false
392211,1,false,c4487b84,dc,caught,true,false,false
392211,2,false,32198ae0,kkr,caught,true,false,false
392212,1,false,d2c2b2d5,mi,caught,true,false,false
392212,1,false,0aadc906,mi,caught,true,false,false
392212,1,false,87e562a9,mi,caught,true,false,false
392212,1,false,87e562a9,mi,run out,false,false,true
392212,1,false,0aadc906,mi,run out,false,false,true
392212,2,false,12eddf28,deccan,caught,true,false,false
392212,2,false,35205dfc,deccan,caught,true,false,false
392212,2,false,12eddf28,deccan,caught,true,false,false
392212,2,false,2b6e6dec,deccan,caught,true,false,false
392212,2,false,2b6e6dec,deccan,stumped,false,true,false
392213,1,false,d872f52a,rr,caught,true,false,false
392213,1,false,a2870fb7,rr,caught,true,false,false
392213,1,false,890946a0,rr,caught,true,false,false
392213,1,false,5bb5a915,rr,caught,true,false,false
392213,1,false,5bb5a915,rr,run out,false,false,true
392213,1,false,a2870fb7,rr,caught,true,false,false
392213,2,false,ba607b88,rcb,run out,false,false,true
392213,2,false,f3cb53a1,rcb,run out,false,false,true
392213,2,false,619aa81f,rcb,caught,true,false,false
392214,1,false,034b4b7d,pbks,caught,true,false,false
392214,1,false,a1f1829d,pbks,caught,true,false,false
392214,1,false,d18f9182,pbks,caught,true,false,false
392214,2,false,ae78bc32,csk,caught,true,false,false
392214,2,false,c8179c68,csk,caught,true,false,false
392215,1,false,dcce6f09,dc,run out,false,false,true
392215,1,false,c03f1114,dc,caught,true,false,false
392215,1,false,c03f1114,dc,run out,false,false,true
392215,1,false,6b19d823,dc,caught,true,false,false
392215,1,false,c03f1114,dc,caught,true,false,false
392215,1,false,c4487b84,dc,caught,true,false,false
392215,1,false,9fc0ef64,dc,caught,true,false,false
392215,1,false,dcce6f09,dc,run out,false,false,true
392215,1,false,c03f1114,dc,run out,false,false,true
392215,2,false,0aadc906,mi,stumped,false,true,false
392215,2,false,0fa5042b,mi,caught,true,false,false
392215,2,false,0aadc906,mi,caught,true,false,false
392216,1,false,5d096f3d,pbks,caught,true,false,false
392216,1,false,d18f9182,pbks,caught,true,false,false
392216,1,false,d18f9182,pbks,caught,true,false,false
392216,1,false,6b71e6cf,pbks,caught,true,false,false
392216,1,false,fdedb37c,pbks,run out,false,false,true
392216,1,false,6b71e6cf,pbks,run out,false,false,true
392216,2,false,fe763256,deccan,caught,true,false,false
392216,2,false,fe763256,deccan,caught,true,false,false
392216,2,false,2b6e6dec,deccan,caught,true,false,false
392216,2,false,8a668774,deccan,caught,true,false,false
392216,2,false,e1d1b294,deccan,run out,false,false,true
392216,2,false,2b6e6dec,deccan,run out,false,false,true
392216,2,false,b720a5d6,deccan,run out,false,false,true
392216,2,false,2b6e6dec,deccan,run out,false,false,true
392217,1,false,4a8a2e3b,csk,stumped,false,true,false
392217,1,false,1dc12ab9,csk,caught,true,false,false
392217,1,false,3eac9d95,csk,caught,true,false,false
392217,1,false,b2b50355,csk,run out,false,false,true
392217,1,false,4a8a2e3b,csk,stumped,false,true,false
392217,2,false,d872f52a,rr,caught,true,false,false
392217,2,false,890946a0,rr,stumped,false,true,false
392218,1,false,f3cb53a1,rcb,caught,true,false,false
392218,2,false,d2a989fc,mi,caught,true,false,false
392218,2,false,d2c2b2d5,mi,caught,true,false,false
392218,2,false,2e8994e7,mi,caught,true,false,false
392218,2,false,a12e1d51,mi,run out,false,false,true
392218,2,false,8b5b6769,mi,run out,false,false,true
392218,2,false,4e04666c,mi,stumped,false,true,false
392218,2,false,4e04666c,mi,stumped,false,true,false
392219,1,false,c4487b84,dc,caught,true,false,false
392219,1,false,33a364a6,dc,caught,true,false,false
392219,1,false,33a364a6,dc,caught,true,false,false
392219,1,false,c03f1114,dc,caught,true,false,false
392219,1,false,c03f1114,dc,stumped,false,true,false
392219,1,false,dcce6f09,dc,caught,true,false,false
392219,1,false,c42aaf71,dc,caught,true,false,false
392219,2,false,b57f8a9a,kkr,caught,true,false,false
392219,2,false,710dd98c,kkr,caught,true,false,false
392219,2,false,32198ae0,kkr,caught,true,false,false
392220,1,false,d872f52a,rr,caught,true,false,false
392220,1,false,890946a0,rr,stumped,false,true,false
392220,1,false,d872f52a,rr,caught,true,false,false
392220,1,false,fe93fd9d,rr,caught,true,false,false
392220,1,false,c69a7b5c,rr,caught,true,false,false
392220,2,false,2b6e6dec,deccan,stumped,false,true,false
392220,2,false,b720a5d6,deccan,run out,false,false,true
392220,2,false,35205dfc,deccan,caught,true,false,false
392220,2,false,2b6e6dec,deccan,run out,false,false,true
392220,2,false,fe763256,deccan,run out,false,false,true
392220,2,false,b720a5d6,deccan,caught,true,false,false
392220,2,false,aaa1b522,deccan,run out,false,false,true
392220,2,false,2b6e6dec,deccan,run out,false,false,true
392221,1,false,f3cb53a1,rcb,caught,true,false,false
392221,1,false,f3cb53a1,rcb,caught,true,false,false
392221,1,false,ba607b88,rcb,caught,true,false,false
392221,2,false,b8a55852,kkr,caught,true,false,false
392221,2,false,725529bc,kkr,caught,true,false,false
392221,2,false,896d78ad,kkr,caught,true,false,false
392222,1,false,8b5b6769,mi,caught,true,false,false
392222,1,false,87e562a9,mi,run out,false,false,true
392222,1,false,d2c2b2d5,mi,run out,false,false,true
392222,1,false,8b5b6769,mi,caught,true,false,false
392222,1,false,87e562a9,mi,caught,true,false,false
392222,1,false,5f4e9e8f,mi,caught,true,false,false
392222,1,false,4e04666c,mi,run out,false,false,true
392222,2,false,3dba85c2,pbks,caught,true,false,false
392223,1,false,fe763256,deccan,caught,true,false,false
392223,1,false,b720a5d6,deccan,caught,true,false,false
392223,1,false,fe763256,deccan,caught,true,false,false
392223,1,false,bd77eb62,deccan,caught,true,false,false
392223,1,false,b720a5d6,deccan,caught,true,false,false
392223,1,false,8a668774,deccan,caught,true,false,false
392223,1,false,2b6e6dec,deccan,run out,false,false,true
392223,2,false,96fd40ae,dc,caught,true,false,false
392223,2,false,dcce6f09,dc,caught,true,false,false
392223,2,false,33a364a6,dc,caught,true,false,false
392223,2,false,c03f1114,dc,caught,true,false,false
392223,2,false,96fd40ae,dc,run out,false,false,true
392223,2,false,c4487b84,dc,caught,true,false,false
392224,1,false,1c17e270,rcb,caught,true,false,false
392224,1,false,05c2ca46,rcb,caught,true,false,false
392224,1,false,41eb4a4f,rcb,caught,true,false,false
392224,1,false,1c17e270,rcb,caught,true,false,false
392224,1,false,0c2730df,rcb,caught,true,false,false
392224,1,false,f3cb53a1,rcb,caught,true,false,false
392224,1,false,0c2730df,rcb,caught,true,false,false
392224,1,false,e938e1bc,rcb,run out,false,false,true
392224,1,false,af7dadf7,rcb,run out,false,false,true
392224,1,false,e938e1bc,rcb,run out,false,false,true
392224,2,false,3576e47e,csk,caught,true,false,false
392224,2,false,3eac9d95,csk,caught,true,false,false
392224,2,false,d8699ab7,csk,caught,true,false,false
392224,2,false,4ba44e19,csk,run out,false,false,true
392224,2,false,4a8a2e3b,csk,run out,false,false,true
392224,2,false,c24a2c5d,csk,caught,true,false,false
392224,2,false,4a8a2e3b,csk,caught,true,false,false
392225,1,false,2e8994e7,mi,caught,true,false,false
392225,1,false,a12e1d51,mi,caught,true,false,false
392225,1,false,a45a5e8d,mi,caught,true,false,false
392225,1,false,87e562a9,mi,caught,true,false,false
392225,1,false,29e95537,mi,caught,true,false,false
392225,1,false,8b5b6769,mi,run out,false,false,true
392225,1,false,f233bbb4,mi,run out,false,false,true
392225,2,false,c69a7b5c,rr,caught,true,false,false
392225,2,false,890946a0,rr,caught,true,false,false
392225,2,false,3c6ffae8,rr,caught,true,false,false
392225,2,false,890946a0,rr,run out,false,false,true
392225,2,false,3c6ffae8,rr,run out,false,false,true
392225,2,false,bb18be76,rr,run out,false,false,true
392225,2,false,f0f628c7,rr,run out,false,false,true
392226,1,false,6b71e6cf,pbks,caught,true,false,false
392226,1,false,6b71e6cf,pbks,run out,false,false,true
392226,1,false,3dba85c2,pbks,run out,false,false,true
392226,1,false,1c914163,pbks,caught,true,false,false
392226,1,false,1c914163,pbks,caught,true,false,false
392226,1,false,3fca55af,pbks,caught,true,false,false
392226,1,false,3fca55af,pbks,caught,true,false,false
392226,1,false,98ae73b1,pbks,caught,true,false,false
392226,1,false,3dba85c2,pbks,caught,true,false,false
392226,2,false,c03f1114,dc,caught,true,false,false
392226,2,false,c4487b84,dc,caught,true,false,false
392226,2,false,8ba8195d,dc,caught,true,false,false
392227,1,false,1dc12ab9,csk,caught,true,false,false
392227,1,false,b2b50355,csk,caught,true,false,false
392227,1,false,c3d35165,csk,run out,false,false,true
392227,1,false,d8699ab7,csk,run out,false,false,true
392227,1,false,4a8a2e3b,csk,run out,false,false,true
392227,2,false,4e04666c,mi,caught,true,false,false
392228,1,false,aaa1b522,deccan,caught,true,false,false
392228,1,false,12eddf28,deccan,caught,true,false,false
392228,1,false,2a72fd4f,deccan,caught,true,false,false
392228,1,false,c3d1402f,deccan,caught,true,false,false
392228,1,false,2b6e6dec,deccan,run out,false,false,true
392228,2,false,b1451597,kkr,caught,true,false,false
392228,2,false,fd835ab3,kkr,caught,true,false,false
392228,2,false,fa463154,kkr,run out,false,false,true
392228,2,false,b57f8a9a,kkr,run out,false,false,true
392228,2,false,e186f49c,kkr,run out,false,false,true
392229,1,false,740742ef,deccan,caught,true,false,false
392229,1,false,e1d1b294,deccan,run out,false,false,true
392229,1,false,2b6e6dec,deccan,run out,false,false,true
392229,1,false,6c6591ab,deccan,caught,true,false,false
392229,1,false,12eddf28,deccan,caught,true,false,false
392229,1,false,12eddf28,deccan,caught,true,false,false
392229,1,false,e1d1b294,deccan,caught,true,false,false
392229,2,false,6b71e6cf,pbks,stumped,false,true,false
392229,2,false,98ae73b1,pbks,caught,true,false,false
392229,2,false,6b71e6cf,pbks,stumped,false,true,false
392229,2,false,6b71e6cf,pbks,run out,false,false,true
392229,2,false,dd09ff8e,pbks,run out,false,false,true
392230,2,false,260fd380,dc,caught,true,false,false
392230,2,false,c404f58a,dc,caught,true,false,false
392230,2,false,8ba8195d,dc,caught,true,false,false
392230,2,false,c03f1114,dc,caught,true,false,false
392230,2,false,c03f1114,dc,caught,true,false,false
392230,2,false,8ba8195d,dc,caught,true,false,false
392230,2,false,c03f1114,dc,stumped,false,true,false
392230,2,false,c03f1114,dc,stumped,false,true,false
392231,1,false,b1451597,kkr,run out,false,false,true
392231,1,false,b57f8a9a,kkr,run out,false,false,true
392231,1,false,b1451597,kkr,caught,true,false,false
392231,2,false,4ba44e19,csk,run out,false,false,true
392231,2,false,4a8a2e3b,csk,run out,false,false,true
392232,1,false,b61a3e1a,rcb,caught,true,false,false
392232,1,false,86dc8f2e,rcb,caught,true,false,false
392232,1,false,b61a3e1a,rcb,caught,true,false,false
392232,1,false,1c17e270,rcb,caught,true,false,false
392232,1,false,1c17e270,rcb,caught,true,false,false
392232,2,false,c03f1114,dc,caught,true,false,false
392232,2,false,d7c6af50,dc,caught,true,false,false
392233,1,false,5f5d3ad4,kkr,caught,true,false,false
392233,1,false,66b30f71,kkr,run out,false,false,true
392233,1,false,5f5d3ad4,kkr,caught,true,false,false
392233,1,false,725529bc,kkr,caught,true,false,false
392233,1,false,b1451597,kkr,run out,false,false,true
392233,1,false,fd835ab3,kkr,run out,false,false,true
392233,2,false,fe93fd9d,rr,caught,true,false,false
392233,2,false,23ac69e6,rr,caught,true,false,false
392233,2,false,890946a0,rr,stumped,false,true,false
392233,2,false,a2870fb7,rr,caught,true,false,false
392233,2,false,7c503806,rr,run out,false,false,true
392233,2,false,3c6ffae8,rr,run out,false,false,true
392234,1,false,1c914163,pbks,run out,false,false,true
392234,1,false,5fa06777,pbks,caught,true,false,false
392234,1,false,dd09ff8e,pbks,caught,true,false,false
392234,1,false,b63ab531,pbks,caught,true,false,false
392234,1,false,fdedb37c,pbks,run out,false,false,true
392234,1,false,6b71e6cf,pbks,run out,false,false,true
392234,2,false,b5da6c24,csk,caught,true,false,false
392234,2,false,1dc12ab9,csk,caught,true,false,false
392234,2,false,3eac9d95,csk,caught,true,false,false
392234,2,false,3eac9d95,csk,caught,true,false,false
392235,1,false,c03f1114,dc,caught,true,false,false
392235,1,false,c03f1114,dc,caught,true,false,false
392235,1,false,c4487b84,dc,caught,true,false,false
392235,1,false,5bdcdb72,dc,run out,false,false,true
392235,1,false,9fc0ef64,dc,run out,false,false,true
392235,2,false,2bb09eb2,mi,caught,true,false,false
392235,2,false,2bb09eb2,mi,caught,true,false,false
392235,2,false,0aadc906,mi,caught,true,false,false
392235,2,false,a45a5e8d,mi,caught,true,false,false
392236,1,false,aaa1b522,deccan,caught,true,false,false
392236,1,false,2b6e6dec,deccan,stumped,false,true,false
392236,1,false,e1d1b294,deccan,caught,true,false,false
392236,1,false,c3d1402f,deccan,caught,true,false,false
392236,2,false,05c2ca46,rcb,caught,true,false,false
392236,2,false,05c2ca46,rcb,caught,true,false,false
392236,2,false,93b4fc78,rcb,caught,true,false,false
392236,2,false,f3cb53a1,rcb,run out,false,false,true
392236,2,false,e938e1bc,rcb,run out,false,false,true
392236,2,false,ba607b88,rcb,caught,true,false,false
392237,1,false,c3d1402f,deccan,caught,true,false,false
392237,1,false,e1d1b294,deccan,caught,true,false,false
392237,1,false,2b6e6dec,deccan,caught,true,false,false
392237,1,false,fe763256,deccan,caught,true,false,false
392237,1,false,aaa1b522,deccan,run out,false,false,true
392237,1,false,2b6e6dec,deccan,run out,false,false,true
392237,1,false,2b6e6dec,deccan,run out,false,false,true
392237,2,false,c03f1114,dc,stumped,false,true,false
392237,2,false,c404f58a,dc,caught,true,false,false
392237,2,false,dcce6f09,dc,caught,true,false,false
392238,1,false,93b4fc78,rcb,caught,true,false,false
392238,1,false,f3cb53a1,rcb,caught,true,false,false
392238,1,false,41eb4a4f,rcb,caught,true,false,false
392238,1,false,1c17e270,rcb,caught,true,false,false
392238,2,false,b5da6c24,csk,caught,true,false,false
392239,1,false,93b4fc78,rcb,caught,true,false,false
392239,1,false,93b4fc78,rcb,caught,true,false,false
392239,1,false,b61a3e1a,rcb,caught,true,false,false
392239,2,false,2b6e6dec,deccan,caught,true,false,false
392239,2,false,2b6e6dec,deccan,stumped,false,true,false
392239,2,false,fe763256,deccan,caught,true,false,false
392239,2,false,2b6e6dec,deccan,stumped,false,true,false
392239,2,false,e1d1b294,deccan,caught,true,false,false
392239,2,false,c3d1402f,deccan,caught,true,false,false
392239,2,false,2a72fd4f,deccan,caught,true,false,false
419106,1,false,740742ef,deccan,caught,true,false,false
419106,1,false,7bb62642,deccan,caught,true,false,false
419106,1,false,6c6591ab,deccan,caught,true,false,false
419106,1,false,e1d1b294,deccan,caught,true,false,false
419106,2,false,26e5cabf,kkr,caught,true,false,false
419106,2,false,896d78ad,kkr,caught,true,false,false
419106,2,false,725529bc,kkr,caught,true,false,false
419106,2,false,b57f8a9a,kkr,caught,true,false,false
419107,1,false,bb18be76,rr,caught,true,false,false
419107,1,false,2728e7e9,rr,caught,true,false,false
419107,1,false,890946a0,rr,caught,true,false,false
419107,1,false,890946a0,rr,run out,false,false,true
419107,2,false,626c5379,mi,run out,false,false,true
419107,2,false,91a4a398,mi,caught,true,false,false
419107,2,false,626c5379,mi,run out,false,false,true
419107,2,false,a12e1d51,mi,run out,false,false,true
419108,1,false,c42aaf71,dc,run out,false,false,true
419108,1,false,9fc0ef64,dc,caught,true,false,false
419108,1,false,bb345e0b,dc,caught,true,false,false
419108,1,false,c03f1114,dc,caught,true,false,false
419108,1,false,c03f1114,dc,stumped,false,true,false
419108,1,false,c03f1114,dc,stumped,false,true,false
419108,1,false,c42aaf71,dc,caught,true,false,false
419108,1,false,ab89348d,dc,caught,true,false,false
419108,2,false,d18f9182,pbks,caught,true,false,false
419108,2,false,5afd4539,pbks,caught,true,false,false
419108,2,false,d18f9182,pbks,run out,false,false,true
419108,2,false,98ae73b1,pbks,run out,false,false,true
419108,2,false,5fa06777,pbks,caught,true,false,false
419108,2,false,d18f9182,pbks,caught,true,false,false
419109,1,false,5bb1a1c4,kkr,caught,true,false,false
419109,1,false,896d78ad,kkr,caught,true,false,false
419109,1,false,fe11caa6,kkr,caught,true,false,false
419109,1,false,b57f8a9a,kkr,caught,true,false,false
419109,2,false,93b4fc78,rcb,caught,true,false,false
419109,2,false,d2a6c0e6,rcb,caught,true,false,false
419110,1,false,1dc12ab9,csk,run out,false,false,true
419110,1,false,4a8a2e3b,csk,run out,false,false,true
419110,1,false,c3d35165,csk,run out,false,false,true
419110,1,false,d8699ab7,csk,run out,false,false,true
419110,2,false,2b6e6dec,deccan,caught,true,false,false
419110,2,false,c3d1402f,deccan,caught,true,false,false
419110,2,false,c3d1402f,deccan,caught,true,false,false
419110,2,false,2b6e6dec,deccan,stumped,false,true,false
419110,2,false,c3d1402f,deccan,caught,true,false,false
419110,2,false,7bb62642,deccan,caught,true,false,false
419111,1,false,5bdcdb72,dc,caught,true,false,false
419111,1,false,c4487b84,dc,caught,true,false,false
419111,1,false,8ba8195d,dc,caught,true,false,false
419111,1,false,bb345e0b,dc,run out,false,false,true
419111,1,false,6b19d823,dc,run out,false,false,true
419111,1,false,6b19d823,dc,run out,false,false,true
419111,1,false,c03f1114,dc,run out,false,false,true
419111,2,false,72861603,rr,caught,true,false,false
419111,2,false,890946a0,rr,caught,true,false,false
419111,2,false,72861603,rr,caught,true,false,false
419111,2,false,c15e2193,rr,caught,true,false,false
419112,1,false,d2a6c0e6,rcb,caught,true,false,false
419112,1,false,d2a6c0e6,rcb,caught,true,false,false
419112,1,false,0c2730df,rcb,caught,true,false,false
419112,2,false,5fa06777,pbks,caught,true,false,false
419112,2,false,d84378a4,pbks,caught,true,false,false
419113,2,false,495d42a5,csk,caught,true,false,false
419113,2,false,4a8a2e3b,csk,caught,true,false,false
419113,2,false,c3d35165,csk,caught,true,false,false
419113,2,false,4b57e452,csk,caught,true,false,false
419113,2,false,c3d35165,csk,caught,true,false,false
419113,2,false,3576e47e,csk,run out,false,false,true
419114,1,false,662c47a6,dc,caught,true,false,false
419114,1,false,662c47a6,dc,caught,true,false,false
419114,1,false,5bdcdb72,dc,caught,true,false,false
419114,1,false,c03f1114,dc,run out,false,false,true
419114,1,false,c42aaf71,dc,caught,true,false,false
419114,1,false,c03f1114,dc,stumped,false,true,false
419114,2,false,70d205c9,mi,caught,true,false,false
419114,2,false,855a210c,mi,stumped,false,true,false
419114,2,false,626c5379,mi,caught,true,false,false
419114,2,false,855a210c,mi,stumped,false,true,false
419114,2,false,87e562a9,mi,run out,false,false,true
419115,1,false,1c17e270,rcb,caught,true,false,false
419115,1,false,f3cb53a1,rcb,stumped,false,true,false
419115,1,false,ba607b88,rcb,run out,false,false,true
419115,1,false,93b4fc78,rcb,caught,true,false,false
419115,1,false,f3cb53a1,rcb,stumped,false,true,false
419115,1,false,0184dc35,rcb,run out,false,false,true
419115,1,false,f3cb53a1,rcb,run out,false,false,true
419116,1,false,d8699ab7,csk,caught,true,false,false
419116,1,false,1dc12ab9,csk,caught,true,false,false
419116,1,false,6581d753,csk,caught,true,false,false
419116,1,false,1dc12ab9,csk,caught,true,false,false
419116,1,false,1dc12ab9,csk,caught,true,false,false
419116,2,false,c4487b84,dc,run out,false,false,true
419116,2,false,6b19d823,dc,caught,true,false,false
419116,2,false,5bdcdb72,dc,caught,true,false,false
419116,2,false,6b19d823,dc,caught,true,false,false
419117,1,false,d18f9182,pbks,caught,true,false,false
419117,1,false,d18f9182,pbks,run out,false,false,true
419117,1,false,6b71e6cf,pbks,caught,true,false,false
419117,1,false,c18496e1,pbks,caught,true,false,false
419117,1,false,c18496e1,pbks,caught,true,false,false
419117,1,false,6b71e6cf,pbks,run out,false,false,true
419117,2,false,aaa1b522,deccan,run out,false,false,true
419117,2,false,e1d1b294,deccan,caught,true,false,false
419117,2,false,740742ef,deccan,caught,true,false,false
419117,2,false,bd77eb62,deccan,caught,true,false,false
419117,2,false,6c6591ab,deccan,caught,true,false,false
419117,2,false,bd77eb62,deccan,caught,true,false,false
419118,1,false,d4f9dbd4,kkr,caught,true,false,false
419118,1,false,896d78ad,kkr,run out,false,false,true
419118,1,false,abfeb126,kkr,run out,false,false,true
419118,1,false,b57f8a9a,kkr,caught,true,false,false
419118,1,false,725529bc,kkr,caught,true,false,false
419118,1,false,fe11caa6,kkr,caught,true,false,false
419118,1,false,26e5cabf,kkr,caught,true,false,false
419118,2,false,864c199e,rr,caught,true,false,false
419118,2,false,c69a7b5c,rr,run out,false,false,true
419119,1,false,93b4fc78,rcb,caught,true,false,false
419119,1,false,f3cb53a1,rcb,caught,true,false,false
419119,1,false,ba607b88,rcb,caught,true,false,false
419119,1,false,0184dc35,rcb,caught,true,false,false
419119,1,false,86dc8f2e,rcb,caught,true,false,false
419119,2,false,a757b0d8,mi,caught,true,false,false
419119,2,false,a12e1d51,mi,caught,true,false,false
419119,2,false,a757b0d8,mi,run out,false,false,true
419120,1,false,c03f1114,dc,caught,true,false,false
419120,1,false,32198ae0,dc,caught,true,false,false
419120,1,false,c4487b84,dc,caught,true,false,false
419120,1,false,c4487b84,dc,caught,true,false,false
419120,1,false,c4487b84,dc,run out,false,false,true
419120,1,false,c03f1114,dc,run out,false,false,true
419120,2,false,e1d1b294,deccan,caught,true,false,false
419120,2,false,c3d1402f,deccan,run out,false,false,true
419120,2,false,2b6e6dec,deccan,run out,false,false,true
419120,2,false,aaa1b522,deccan,caught,true,false,false
419120,2,false,c3d1402f,deccan,caught,true,false,false
419120,2,false,2b6e6dec,deccan,caught,true,false,false
419120,2,false,bcce309e,deccan,run out,false,false,true
419121,1,false,b2b50355,csk,caught,true,false,false
419121,1,false,b5da6c24,csk,stumped,false,true,false
419121,1,false,c3d35165,csk,caught,true,false,false
419121,1,false,d8699ab7,csk,run out,false,false,true
419121,1,false,c3d35165,csk,run out,false,false,true
419121,1,false,5056011d,csk,caught,true,false,false
419121,1,false,1dc12ab9,csk,run out,false,false,true
419121,2,false,dec8e038,pbks,run out,false,false,true
419121,2,false,6b71e6cf,pbks,caught,true,false,false
419121,2,false,6b71e6cf,pbks,stumped,false,true,false
419121,2,false,d84378a4,pbks,caught,true,false,false
419121,3,true,d18f9182,pbks,caught,true,false,false
419121,4,true,4b57e452,csk,caught,true,false,false
419122,2,false,725529bc,kkr,caught,true,false,false
419122,2,false,725529bc,kkr,caught,true,false,false
419123,1,false,1dc12ab9,csk,caught,true,false,false
419123,1,false,b5da6c24,csk,stumped,false,true,false
419123,2,false,f3cb53a1,rcb,caught,true,false,false
419123,2,false,0184dc35,rcb,run out,false,false,true
419123,2,false,f3cb53a1,rcb,caught,true,false,false
419123,2,false,86dc8f2e,rcb,caught,true,false,false
419123,2,false,d2a6c0e6,rcb,caught,true,false,false
419123,2,false,d92e42f5,rcb,caught,true,false,false
419124,1,false,2049f3a0,pbks,caught,true,false,false
419124,1,false,6b71e6cf,pbks,stumped,false,true,false
419124,1,false,1c914163,pbks,caught,true,false,false
419124,1,false,98ae73b1,pbks,run out,false,false,true
419124,1,false,98ae73b1,pbks,run out,false,false,true
419124,1,false,5fa06777,pbks,run out,false,false,true
419124,2,false,c15e2193,rr,caught,true,false,false
419124,2,false,11df3dc8,rr,caught,true,false,false
419124,2,false,c15e2193,rr,caught,true,false,false
419124,2,false,3d7e087f,rr,caught,true,false,false
419124,2,false,2815fe50,rr,run out,false,false,true
419124,2,false,addfb70e,rr,caught,true,false,false
419124,2,false,f0f628c7,rr,caught,true,false,false
419124,2,false,2815fe50,rr,caught,true,false,false
419125,2,false,1dc12ab9,csk,caught,true,false,false
419125,2,false,4a8a2e3b,csk,caught,true,false,false
419126,1,false,3c6ffae8,rr,caught,true,false,false
419126,1,false,3c6ffae8,rr,caught,true,false,false
419126,1,false,890946a0,rr,stumped,false,true,false
419126,1,false,2815fe50,rr,run out,false,false,true
419126,1,false,bb18be76,rr,run out,false,false,true
419126,1,false,2815fe50,rr,run out,false,false,true
419126,1,false,2728e7e9,rr,run out,false,false,true
419126,1,false,2815fe50,rr,caught,true,false,false
419126,1,false,11df3dc8,rr,caught,true,false,false
419126,2,false,2b6e6dec,deccan,stumped,false,true,false
419126,2,false,c3d1402f,deccan,run out,false,false,true
419126,2,false,2b6e6dec,deccan,run out,false,false,true
419127,1,false,5afd4539,pbks,caught,true,false,false
419127,1,false,dd09ff8e,pbks,caught,true,false,false
419127,1,false,98ae73b1,pbks,caught,true,false,false
419127,1,false,dd09ff8e,pbks,caught,true,false,false
419127,2,false,26e5cabf,kkr,caught,true,false,false
419127,2,false,fd835ab3,kkr,caught,true,false,false
419127,2,false,fe11caa6,kkr,stumped,false,true,false
419128,1,false,41eb4a4f,rcb,caught,true,false,false
419128,1,false,ba607b88,rcb,caught,true,false,false
419128,1,false,8fd1a8f5,rcb,run out,false,false,true
419128,1,false,d2a6c0e6,rcb,run out,false,false,true
419128,2,false,cc1e8c68,dc,run out,false,false,true
419128,2,false,c03f1114,dc,run out,false,false,true
419128,2,false,c03f1114,dc,caught,true,false,false
419128,2,false,c4487b84,dc,run out,false,false,true
419128,2,false,c03f1114,dc,run out,false,false,true
419128,2,false,8ba8195d,dc,caught,true,false,false
419128,2,false,6b19d823,dc,run out,false,false,true
419128,2,false,c404f58a,dc,run out,false,false,true
419128,2,false,c4487b84,dc,caught,true,false,false
419129,1,false,b2ae53f5,csk,caught,true,false,false
419129,1,false,4b57e452,csk,caught,true,false,false
419129,1,false,1dc12ab9,csk,caught,true,false,false
419129,1,false,9f961c14,csk,caught,true,false,false
419129,1,false,4ba44e19,csk,caught,true,false,false
419129,1,false,4a8a2e3b,csk,run out,false,false,true
419129,1,false,b2ae53f5,csk,run out,false,false,true
419129,1,false,4b57e452,csk,caught,true,false,false
419129,1,false,c8179c68,csk,run out,false,false,true
419129,1,false,4a8a2e3b,csk,run out,false,false,true
419129,2,false,3c6ffae8,rr,run out,false,false,true
419129,2,false,864c199e,rr,run out,false,false,true
419129,2,false,890946a0,rr,run out,false,false,true
419129,2,false,3c6ffae8,rr,caught,true,false,false
419129,2,false,c15e2193,rr,caught,true,false,false
419130,1,false,bd77eb62,deccan,caught,true,false,false
419130,1,false,2b6e6dec,deccan,caught,true,false,false
419130,1,false,2b6e6dec,deccan,stumped,false,true,false
419130,1,false,aaa1b522,deccan,caught,true,false,false
419130,1,false,aaa1b522,deccan,caught,true,false,false
419130,1,false,2b6e6dec,deccan,caught,true,false,false
419130,2,false,d2c2b2d5,mi,caught,true,false,false
419130,2,false,a757b0d8,mi,caught,true,false,false
419130,2,false,c654af19,mi,caught,true,false,false
419130,2,false,87e562a9,mi,caught,true,false,false
419130,2,false,c654af19,mi,caught,true,false,false
419130,2,false,2e8994e7,mi,caught,true,false,false
419131,1,false,fe11caa6,kkr,stumped,false,true,false
419131,1,false,fd835ab3,kkr,caught,true,false,false
419131,2,false,c03f1114,dc,stumped,false,true,false
419131,2,false,6b19d823,dc,caught,true,false,false
419131,2,false,bb345e0b,dc,caught,true,false,false
419131,2,false,c03f1114,dc,run out,false,false,true
419132,1,false,91a4a398,mi,caught,true,false,false
419132,1,false,a12e1d51,mi,run out,false,false,true
419132,1,false,70d205c9,mi,run out,false,false,true
419132,1,false,8b5b6769,mi,caught,true,false,false
419132,1,false,8b5b6769,mi,caught,true,false,false
419132,1,false,a757b0d8,mi,caught,true,false,false
419132,1,false,c654af19,mi,run out,false,false,true
419132,2,false,5fa06777,pbks,caught,true,false,false
419132,2,false,7ca5e05d,pbks,caught,true,false,false
419132,2,false,508a1ea7,pbks,caught,true,false,false
419132,2,false,1c914163,pbks,caught,true,false,false
419132,2,false,a1f1829d,pbks,caught,true,false,false
419133,1,false,4a8a2e3b,csk,caught,true,false,false
419133,1,false,ae78bc32,csk,caught,true,false,false
419133,1,false,4b57e452,csk,caught,true,false,false
419133,1,false,1dc12ab9,csk,run out,false,false,true
419133,1,false,c8179c68,csk,run out,false,false,true
419133,2,false,1c17e270,rcb,stumped,false,true,false
419133,2,false,93b4fc78,rcb,caught,true,false,false
419133,2,false,0184dc35,rcb,caught,true,false,false
419133,2,false,1c17e270,rcb,caught,true,false,false
419134,1,false,2728e7e9,rr,caught,true,false,false
419134,1,false,864c199e,rr,run out,false,false,true
419134,1,false,890946a0,rr,run out,false,false,true
419134,1,false,3c6ffae8,rr,caught,true,false,false
419134,1,false,3c6ffae8,rr,caught,true,false,false
419134,1,false,c69a7b5c,rr,caught,true,false,false
419134,2,false,dcce6f09,dc,caught,true,false,false
419134,2,false,c03f1114,dc,caught,true,false,false
419134,2,false,fb693839,dc,run out,false,false,true
419134,2,false,c03f1114,dc,run out,false,false,true
419134,2,false,dcce6f09,dc,caught,true,false,false
419134,2,false,dcce6f09,dc,caught,true,false,false
419134,2,false,dcce6f09,dc,run out,false,false,true
419134,2,false,dcce6f09,dc,caught,true,false,false
419134,2,false,c03f1114,dc,stumped,false,true,false
419134,2,false,c03f1114,dc,stumped,false,true,false
419135,1,false,78eb4223,deccan,caught,true,false,false
419135,1,false,6c6591ab,deccan,caught,true,false,false
419135,1,false,740742ef,deccan,caught,true,false,false
419135,1,false,e1d1b294,deccan,caught,true,false,false
419135,1,false,e1d1b294,deccan,caught,true,false,false
419135,2,false,d4f9dbd4,kkr,caught,true,false,false
419135,2,false,26e5cabf,kkr,caught,true,false,false
419135,2,false,fd835ab3,kkr,caught,true,false,false
419135,2,false,abfeb126,kkr,caught,true,false,false
419136,1,false,0184dc35,rcb,caught,true,false,false
419136,1,false,86dc8f2e,rcb,caught,true,false,false
419136,1,false,d0513f63,rcb,caught,true,false,false
419136,1,false,93b4fc78,rcb,run out,false,false,true
419136,1,false,1c17e270,rcb,run out,false,false,true
419136,2,false,5afd4539,pbks,caught,true,false,false
419136,2,false,c18496e1,pbks,run out,false,false,true
419136,2,false,5fa06777,pbks,caught,true,false,false
419136,2,false,5afd4539,pbks,caught,true,false,false
419137,1,false,4329fbb5,rr,caught,true,false,false
419137,1,false,addfb70e,rr,caught,true,false,false
419137,1,false,287686fd,rr,run out,false,false,true
419137,1,false,c15e2193,rr,caught,true,false,false
419137,1,false,287686fd,rr,caught,true,false,false
419137,2,false,95a2ea61,csk,caught,true,false,false
419137,2,false,45c2196c,csk,caught,true,false,false
419137,2,false,95a2ea61,csk,caught,true,false,false
419137,2,false,1dc12ab9,csk,caught,true,false,false
419138,1,false,2b6e6dec,deccan,stumped,false,true,false
419138,1,false,12eddf28,deccan,caught,true,false,false
419138,1,false,bd77eb62,deccan,caught,true,false,false
419138,2,false,d2c2b2d5,mi,caught,true,false,false
419138,2,false,a757b0d8,mi,run out,false,false,true
419138,2,false,70d205c9,mi,run out,false,false,true
419138,2,false,87e562a9,mi,caught,true,false,false
419138,2,false,0a476045,mi,caught,true,false,false
419138,2,false,87e562a9,mi,caught,true,false,false
419138,2,false,70d205c9,mi,caught,true,false,false
419139,1,false,7ca5e05d,pbks,caught,true,false,false
419139,1,false,d84378a4,pbks,caught,true,false,false
419139,2,false,fd835ab3,kkr,caught,true,false,false
419140,1,false,d92e42f5,rcb,run out,false,false,true
419140,1,false,ba607b88,rcb,caught,true,false,false
419140,1,false,d0513f63,rcb,caught,true,false,false
419140,1,false,1c17e270,rcb,run out,false,false,true
419140,2,false,dcce6f09,dc,caught,true,false,false
419140,2,false,dcce6f09,dc,caught,true,false,false
419140,2,false,a386e91b,dc,caught,true,false,false
419140,2,false,dcce6f09,dc,caught,true,false,false
419141,1,false,12eddf28,deccan,caught,true,false,false
419141,1,false,12eddf28,deccan,caught,true,false,false
419141,1,false,bff458c6,deccan,caught,true,false,false
419141,1,false,de8cce37,deccan,caught,true,false,false
419141,1,false,de8cce37,deccan,caught,true,false,false
419141,1,false,7bb62642,deccan,caught,true,false,false
419141,1,false,c3d1402f,deccan,run out,false,false,true
419141,1,false,bd77eb62,deccan,caught,true,false,false
419141,2,false,3c6ffae8,rr,caught,true,false,false
419141,2,false,11df3dc8,rr,caught,true,false,false
419141,2,false,c15e2193,rr,caught,true,false,false
419141,2,false,890946a0,rr,caught,true,false,false
419141,2,false,dbc50253,rr,caught,true,false,false
419141,2,false,c69a7b5c,rr,caught,true,false,false
419141,2,false,5bb5a915,rr,caught,true,false,false
419141,2,false,3d7e087f,rr,run out,false,false,true
419141,2,false,c69a7b5c,rr,caught,true,false,false
419142,1,false,0a476045,mi,caught,true,false,false
419142,1,false,626c5379,mi,caught,true,false,false
419142,2,false,4a8a2e3b,csk,stumped,false,true,false
419142,2,false,b2ae53f5,csk,caught,true,false,false
419142,2,false,d8699ab7,csk,caught,true,false,false
419142,2,false,4b57e452,csk,caught,true,false,false
419142,2,false,3576e47e,csk,run out,false,false,true
419142,2,false,4a8a2e3b,csk,run out,false,false,true
419142,2,false,4b57e452,csk,caught,true,false,false
419143,1,false,c15e2193,rr,caught,true,false,false
419143,1,false,3c6ffae8,rr,caught,true,false,false
419143,1,false,bb18be76,rr,caught,true,false,false
419143,1,false,2815fe50,rr,run out,false,false,true
419143,1,false,c15e2193,rr,run out,false,false,true
419143,1,false,890946a0,rr,run out,false,false,true
419143,1,false,2815fe50,rr,caught,true,false,false
419143,2,false,98ae73b1,pbks,caught,true,false,false
419144,1,false,33a364a6,dc,run out,false,false,true
419144,1,false,d7c6af50,dc,run out,false,false,true
419144,2,false,725529bc,kkr,run out,false,false,true
419144,2,false,896d78ad,kkr,caught,true,false,false
419144,2,false,725529bc,kkr,caught,true,false,false
419144,2,false,85aae393,kkr,run out,false,false,true
419144,2,false,b8a55852,kkr,caught,true,false,false
419145,1,false,740742ef,deccan,caught,true,false,false
419145,1,false,2b6e6dec,deccan,caught,true,false,false
419145,1,false,12eddf28,deccan,caught,true,false,false
419145,1,false,bd77eb62,deccan,caught,true,false,false
419145,2,false,1c17e270,rcb,caught,true,false,false
419145,2,false,1c17e270,rcb,stumped,false,true,false
419145,2,false,8fd1a8f5,rcb,caught,true,false,false
419146,1,false,6b71e6cf,pbks,stumped,false,true,false
419146,1,false,6b71e6cf,pbks,caught,true,false,false
419146,1,false,6b71e6cf,pbks,caught,true,false,false
419146,1,false,6b71e6cf,pbks,run out,false,false,true
419146,2,false,709b0bac,mi,caught,true,false,false
419146,2,false,2e8994e7,mi,caught,true,false,false
419146,2,false,0a476045,mi,caught,true,false,false
419147,1,false,2b6e6dec,deccan,caught,true,false,false
419147,1,false,c3d1402f,deccan,run out,false,false,true
419147,1,false,2a72fd4f,deccan,run out,false,false,true
419147,1,false,f4f0fafd,deccan,caught,true,false,false
419147,1,false,6afb26d6,deccan,caught,true,false,false
419147,1,false,740742ef,deccan,caught,true,false,false
419147,1,false,bd77eb62,deccan,caught,true,false,false
419147,2,false,4a8a2e3b,csk,caught,true,false,false
419147,2,false,4a8a2e3b,csk,stumped,false,true,false
419147,2,false,c24a2c5d,csk,caught,true,false,false
419147,2,false,1dc12ab9,csk,caught,true,false,false
419148,1,false,0184dc35,rcb,caught,true,false,false
419148,1,false,0c2730df,rcb,caught,true,false,false
419148,1,false,d0513f63,rcb,caught,true,false,false
419148,1,false,b61a3e1a,rcb,caught,true,false,false
419148,1,false,41eb4a4f,rcb,caught,true,false,false
419148,1,false,41eb4a4f,rcb,caught,true,false,false
419148,1,false,1c17e270,rcb,run out,false,false,true
419148,1,false,86dc8f2e,rcb,run out,false,false,true
419148,1,false,1c17e270,rcb,run out,false,false,true
419148,1,false,1c17e270,rcb,caught,true,false,false
419148,2,false,db584dad,kkr,caught,true,false,false
419148,2,false,fa463154,kkr,caught,true,false,false
419149,1,false,a3ecf01f,pbks,caught,true,false,false
419149,1,false,dec8e038,pbks,run out,false,false,true
419149,1,false,6b71e6cf,pbks,run out,false,false,true
419149,1,false,a1f1829d,pbks,run out,false,false,true
419149,1,false,6b71e6cf,pbks,run out,false,false,true
419149,1,false,d18f9182,pbks,caught,true,false,false
419149,1,false,a3ecf01f,pbks,caught,true,false,false
419149,1,false,98ae73b1,pbks,caught,true,false,false
419149,2,false,33a364a6,dc,caught,true,false,false
419149,2,false,96fd40ae,dc,caught,true,false,false
419150,1,false,2815fe50,rr,caught,true,false,false
419150,1,false,890946a0,rr,caught,true,false,false
419150,1,false,dbc50253,rr,caught,true,false,false
419150,1,false,11df3dc8,rr,caught,true,false,false
419150,2,false,2e8994e7,mi,caught,true,false,false
419150,2,false,d2c2b2d5,mi,caught,true,false,false
419150,2,false,70d205c9,mi,run out,false,false,true
419150,2,false,f233bbb4,mi,run out,false,false,true
419150,2,false,8b5b6769,mi,run out,false,false,true
419150,2,false,709b0bac,mi,run out,false,false,true
419150,2,false,70d205c9,mi,run out,false,false,true
419150,2,false,8b5b6769,mi,caught,true,false,false
419150,2,false,70d205c9,mi,caught,true,false,false
419150,2,false,0a476045,mi,caught,true,false,false
419151,1,false,1c17e270,rcb,caught,true,false,false
419151,1,false,b61a3e1a,rcb,caught,true,false,false
419151,1,false,8fd1a8f5,rcb,run out,false,false,true
419151,1,false,1c17e270,rcb,run out,false,false,true
419151,1,false,1c17e270,rcb,stumped,false,true,false
419151,1,false,93b4fc78,rcb,caught,true,false,false
419151,2,false,2b6e6dec,deccan,caught,true,false,false
419151,2,false,f4f0fafd,deccan,caught,true,false,false
419151,2,false,f4f0fafd,deccan,caught,true,false,false
419151,2,false,f4f0fafd,deccan,caught,true,false,false
419151,2,false,bd77eb62,deccan,caught,true,false,false
419151,2,false,740742ef,deccan,run out,false,false,true
419151,2,false,2b6e6dec,deccan,run out,false,false,true
419152,1,false,6b19d823,dc,caught,true,false,false
419152,1,false,c4487b84,dc,caught,true,false,false
419152,1,false,c4487b84,dc,caught,true,false,false
419152,2,false,ef5da05c,mi,caught,true,false,false
419152,2,false,a757b0d8,mi,run out,false,false,true
419152,2,false,2eeb4370,mi,run out,false,false,true
419152,2,false,a757b0d8,mi,run out,false,false,true
419153,1,false,4a8a2e3b,csk,stumped,false,true,false
419153,1,false,4ba44e19,csk,caught,true,false,false
419153,1,false,4a8a2e3b,csk,stumped,false,true,false
419153,1,false,4b57e452,csk,caught,true,false,false
419153,1,false,4a8a2e3b,csk,stumped,false,true,false
419153,1,false,d8699ab7,csk,caught,true,false,false
419153,1,false,d8699ab7,csk,caught,true,false,false
419154,1,false,86dc8f2e,rcb,run out,false,false,true
419154,1,false,41eb4a4f,rcb,run out,false,false,true
419154,1,false,1c17e270,rcb,caught,true,false,false
419154,1,false,93b4fc78,rcb,caught,true,false,false
419154,1,false,39f01cdb,rcb,caught,true,false,false
419154,1,false,0c2730df,rcb,caught,true,false,false
419154,2,false,3c6ffae8,rr,caught,true,false,false
419154,2,false,890946a0,rr,stumped,false,true,false
419154,2,false,864c199e,rr,run out,false,false,true
419154,2,false,6ef60d3a,rr,run out,false,false,true
419154,2,false,4329fbb5,rr,caught,true,false,false
419155,1,false,a386e91b,dc,caught,true,false,false
419155,1,false,c42aaf71,dc,caught,true,false,false
419155,1,false,c03f1114,dc,caught,true,false,false
419155,1,false,cc1e8c68,dc,caught,true,false,false
419155,1,false,5bdcdb72,dc,caught,true,false,false
419155,1,false,a386e91b,dc,caught,true,false,false
419155,1,false,6b19d823,dc,run out,false,false,true
419155,1,false,dcce6f09,dc,caught,true,false,false
419155,2,false,4b57e452,csk,caught,true,false,false
419155,2,false,d8699ab7,csk,caught,true,false,false
419155,2,false,3576e47e,csk,caught,true,false,false
419156,1,false,2b6e6dec,deccan,caught,true,false,false
419156,1,false,6c6591ab,deccan,caught,true,false,false
419156,1,false,bd77eb62,deccan,caught,true,false,false
419156,2,false,dec8e038,pbks,caught,true,false,false
419156,2,false,6b71e6cf,pbks,caught,true,false,false
419156,2,false,d18f9182,pbks,caught,true,false,false
419157,1,false,b61a3e1a,rcb,caught,true,false,false
419157,2,false,91a4a398,mi,caught,true,false,false
419157,2,false,a757b0d8,mi,caught,true,false,false
419157,2,false,709b0bac,mi,caught,true,false,false
419157,2,false,a45a5e8d,mi,caught,true,false,false
419157,2,false,8b5b6769,mi,caught,true,false,false
419157,2,false,855a210c,mi,caught,true,false,false
419157,2,false,91a4a398,mi,caught,true,false,false
419158,1,false,b1451597,kkr,caught,true,false,false
419158,1,false,725529bc,kkr,caught,true,false,false
419158,1,false,abfeb126,kkr,caught,true,false,false
419158,1,false,db584dad,kkr,caught,true,false,false
419158,1,false,1e66c162,kkr,run out,false,false,true
419158,1,false,b8a55852,kkr,run out,false,false,true
419158,1,false,1e66c162,kkr,caught,true,false,false
419158,2,false,4329fbb5,rr,caught,true,false,false
419159,1,false,c24a2c5d,csk,caught,true,false,false
419159,2,false,6b71e6cf,pbks,caught,true,false,false
419159,2,false,6b71e6cf,pbks,stumped,false,true,false
419159,2,false,a1f1829d,pbks,caught,true,false,false
419159,2,false,6b71e6cf,pbks,stumped,false,true,false
419160,1,false,bb345e0b,dc,caught,true,false,false
419160,1,false,c03f1114,dc,caught,true,false,false
419160,1,false,c42aaf71,dc,run out,false,false,true
419160,1,false,c42aaf71,dc,caught,true,false,false
419160,1,false,c42aaf71,dc,caught,true,false,false
419160,1,false,96fd40ae,dc,caught,true,false,false
419160,2,false,740742ef,deccan,caught,true,false,false
419160,2,false,740742ef,deccan,caught,true,false,false
419160,2,false,740742ef,deccan,caught,true,false,false
419160,2,false,3d8feaf8,deccan,run out,false,false,true
419160,2,false,5d9a1a73,deccan,run out,false,false,true
419161,1,false,abfeb126,kkr,caught,true,false,false
419161,1,false,fe11caa6,kkr,caught,true,false,false
419161,1,false,b8a55852,kkr,caught,true,false,false
419161,1,false,fe11caa6,kkr,stumped,false,true,false
419161,1,false,abfeb126,kkr,caught,true,false,false
419161,1,false,725529bc,kkr,caught,true,false,false
419161,1,false,66b30f71,kkr,run out,false,false,true
419161,2,false,87e562a9,mi,caught,true,false,false
419162,1,false,b61a3e1a,rcb,caught,true,false,false
419162,1,false,ba607b88,rcb,run out,false,false,true
419162,1,false,e938e1bc,rcb,caught,true,false,false
419162,1,false,39f01cdb,rcb,caught,true,false,false
419162,1,false,86dc8f2e,rcb,caught,true,false,false
419162,2,false,70d205c9,mi,caught,true,false,false
419162,2,false,70d205c9,mi,stumped,false,true,false
419162,2,false,0a476045,mi,caught,true,false,false
419162,2,false,a45a5e8d,mi,run out,false,false,true
419162,2,false,a757b0d8,mi,run out,false,false,true
419162,2,false,70d205c9,mi,caught,true,false,false
419162,2,false,2e8994e7,mi,caught,true,false,false
419163,1,false,bd77eb62,deccan,caught,true,false,false
419163,1,false,2b6e6dec,deccan,caught,true,false,false
419163,1,false,740742ef,deccan,caught,true,false,false
419163,1,false,bd77eb62,deccan,caught,true,false,false
419163,1,false,2b6e6dec,deccan,run out,false,false,true
419163,1,false,e1d1b294,deccan,caught,true,false,false
419163,2,false,95a2ea61,csk,caught,true,false,false
419163,2,false,1dc12ab9,csk,caught,true,false,false
419163,2,false,4ba44e19,csk,caught,true,false,false
419163,2,false,4a8a2e3b,csk,stumped,false,true,false
419163,2,false,4b57e452,csk,caught,true,false,false
419163,2,false,4b57e452,csk,caught,true,false,false
419163,2,false,45c2196c,csk,caught,true,false,false
419164,1,false,86dc8f2e,rcb,caught,true,false,false
419164,1,false,39f01cdb,rcb,caught,true,false,false
419164,1,false,1c17e270,rcb,caught,true,false,false
419164,1,false,d0513f63,rcb,caught,true,false,false
419164,1,false,86dc8f2e,rcb,caught,true,false,false
419165,1,false,709b0bac,mi,caught,true,false,false
419165,1,false,70d205c9,mi,caught,true,false,false
419165,1,false,a12e1d51,mi,caught,true,false,false
419165,1,false,342d8ade,mi,caught,true,false,false
419165,1,false,70d205c9,mi,run out,false,false,true
419165,2,false,4a8a2e3b,csk,caught,true,false,false
419165,2,false,4a8a2e3b,csk,run out,false,false,true
419165,2,false,4b57e452,csk,caught,true,false,false
419165,2,false,1dc12ab9,csk,caught,true,false,false
419165,2,false,c8179c68,csk,caught,true,false,false
419165,2,false,4b57e452,csk,run out,false,false,true
419165,2,false,4a8a2e3b,csk,run out,false,false,true
419165,2,false,c3d35165,csk,run out,false,false,true
419165,2,false,d8699ab7,csk,caught,true,false,false
419165,2,false,495d42a5,csk,run out,false,false,true
419165,2,false,4a8a2e3b,csk,run out,false,false,true
501198,1,false,33a364a6,kkr,caught,true,false,false
501198,1,false,fb693839,kkr,caught,true,false,false
501198,1,false,5afd4539,kkr,caught,true,false,false
501198,2,false,4a8a2e3b,csk,stumped,false,true,false
501198,2,false,4a8a2e3b,csk,run out,false,false,true
501198,2,false,3576e47e,csk,caught,true,false,false
501198,2,false,4a8a2e3b,csk,stumped,false,true,false
501198,2,false,57efa3be,csk,run out,false,false,true
501198,2,false,4a8a2e3b,csk,stumped,false,true,false
501198,2,false,57efa3be,csk,caught,true,false,false
501199,1,false,c69a7b5c,rr,caught,true,false,false
501199,1,false,3a02626a,rr,caught,true,false,false
501199,1,false,7c503806,rr,caught,true,false,false
501199,1,false,7c503806,rr,caught,true,false,false
501199,1,false,29e95537,rr,caught,true,false,false
501199,1,false,8291f939,rr,caught,true,false,false
501199,1,false,7c503806,rr,caught,true,false,false
501199,2,false,6b71e6cf,deccan,caught,true,false,false
501200,1,false,d4f9dbd4,rcb,caught,true,false,false
501200,1,false,c404f58a,rcb,caught,true,false,false
501200,1,false,c4487b84,rcb,stumped,false,true,false
501200,1,false,709b0bac,rcb,caught,true,false,false
501200,2,false,b8a55852,ktk,caught,true,false,false
501200,2,false,41eb4a4f,ktk,caught,true,false,false
501200,2,false,d18f9182,ktk,caught,true,false,false
501201,1,false,d2c2b2d5,mi,run out,false,false,true
501201,1,false,70d205c9,mi,caught,true,false,false
501201,1,false,a12e1d51,mi,caught,true,false,false
501201,1,false,626c5379,mi,run out,false,false,true
501201,1,false,a84468fe,mi,run out,false,false,true
501201,1,false,a84468fe,mi,stumped,false,true,false
501201,1,false,cf73ad76,mi,caught,true,false,false
501201,2,false,05c2ca46,dc,run out,false,false,true
501202,1,false,1c17e270,pwi,caught,true,false,false
501202,1,false,5d9a1a73,pwi,caught,true,false,false
501202,1,false,91ffa6c6,pwi,caught,true,false,false
501202,1,false,5d9a1a73,pwi,caught,true,false,false
501202,1,false,1c914163,pwi,run out,false,false,true
501202,1,false,1c17e270,pwi,run out,false,false,true
501202,1,false,1c914163,pwi,caught,true,false,false
501202,1,false,1c17e270,pwi,caught,true,false,false
501202,1,false,1c17e270,pwi,caught,true,false,false
501202,2,false,c654af19,pbks,caught,true,false,false
501202,2,false,2b6e6dec,pbks,caught,true,false,false
501202,2,false,2b6e6dec,pbks,caught,true,false,false
501203,1,false,0a476045,deccan,caught,true,false,false
501203,1,false,dded65e7,deccan,caught,true,false,false
501203,2,false,d2a6c0e6,kkr,run out,false,false,true
501203,2,false,86dc8f2e,kkr,caught,true,false,false
501203,2,false,86dc8f2e,kkr,caught,true,false,false
501203,2,false,86dc8f2e,kkr,caught,true,false,false
501203,2,false,4ec07775,kkr,caught,true,false,false
501203,2,false,86dc8f2e,kkr,caught,true,false,false
501204,1,false,0184dc35,rr,caught,true,false,false
501204,1,false,7c503806,rr,caught,true,false,false
501204,1,false,0184dc35,rr,caught,true,false,false
501204,1,false,addfb70e,rr,caught,true,false,false
501204,1,false,c69a7b5c,rr,caught,true,false,false
501204,1,false,bb18be76,rr,caught,true,false,false
501204,2,false,890946a0,dc,caught,true,false,false
501204,2,false,8ba8195d,dc,caught,true,false,false
501205,1,false,a84468fe,mi,caught,true,false,false
501206,1,false,25eeb281,pbks,caught,true,false,false
501206,1,false,2b6e6dec,pbks,stumped,false,true,false
501206,2,false,f5f18a18,csk,caught,true,false,false
501206,2,false,f5f18a18,csk,run out,false,false,true
501206,2,false,95a2ea61,csk,run out,false,false,true
501206,2,false,c8179c68,csk,caught,true,false,false
501207,1,false,1c17e270,pwi,caught,true,false,false
501207,1,false,1c17e270,pwi,caught,true,false,false
501207,1,false,72861603,pwi,caught,true,false,false
501207,1,false,abfeb126,pwi,caught,true,false,false
501207,1,false,3a60e0b5,pwi,caught,true,false,false
501207,1,false,3a60e0b5,pwi,run out,false,false,true
501207,1,false,1c17e270,pwi,run out,false,false,true
501207,1,false,1c17e270,pwi,run out,false,false,true
501207,1,false,5673a3fc,pwi,run out,false,false,true
501207,2,false,c3d1402f,ktk,caught,true,false,false
501207,2,false,fe93fd9d,ktk,caught,true,false,false
501207,2,false,b5da6c24,ktk,caught,true,false,false
501207,2,false,b2570b38,ktk,run out,false,false,true
501207,2,false,fe93fd9d,ktk,run out,false,false,true
501208,1,false,d7c6af50,rcb,caught,true,false,false
501208,1,false,709b0bac,rcb,caught,true,false,false
501208,1,false,c4487b84,rcb,caught,true,false,false
501208,1,false,ba607b88,rcb,caught,true,false,false
501208,2,false,6b71e6cf,deccan,caught,true,false,false
501208,2,false,6b19d823,deccan,caught,true,false,false
501208,2,false,6b71e6cf,deccan,caught,true,false,false
501208,2,false,6b71e6cf,deccan,caught,true,false,false
501208,2,false,2a2e6343,deccan,caught,true,false,false
501208,2,false,6b71e6cf,deccan,caught,true,false,false
501208,2,false,6b71e6cf,deccan,caught,true,false,false
501209,1,false,86dc8f2e,kkr,caught,true,false,false
501209,2,false,3a02626a,rr,run out,false,false,true
501209,2,false,c15e2193,rr,run out,false,false,true
501210,1,false,41eb4a4f,ktk,run out,false,false,true
501211,1,false,91a4a398,rcb,caught,true,false,false
501211,1,false,00ea847a,rcb,caught,true,false,false
501211,1,false,c4487b84,rcb,caught,true,false,false
501211,1,false,00ea847a,rcb,caught,true,false,false
501211,1,false,ce4cc4d5,rcb,caught,true,false,false
501211,2,false,95a2ea61,csk,caught,true,false,false
501211,2,false,c3d35165,csk,caught,true,false,false
501211,2,false,95a2ea61,csk,caught,true,false,false
501211,2,false,4a8a2e3b,csk,caught,true,false,false
501211,2,false,4b57e452,csk,caught,true,false,false
501211,2,false,95a2ea61,csk,caught,true,false,false
501212,1,false,c03f1114,pbks,caught,true,false,false
501212,1,false,c654af19,pbks,caught,true,false,false
501212,1,false,30e37810,pbks,caught,true,false,false
501212,1,false,508a1ea7,pbks,caught,true,false,false
501212,1,false,98ae73b1,pbks,caught,true,false,false
501212,2,false,b720a5d6,deccan,caught,true,false,false
501212,2,false,5bb1a1c4,deccan,caught,true,false,false
501213,1,false,5fa06777,dc,caught,true,false,false
501213,1,false,dcce6f09,dc,caught,true,false,false
501213,1,false,b8d490fd,dc,caught,true,false,false
501213,1,false,dcce6f09,dc,caught,true,false,false
501213,1,false,8ba8195d,dc,caught,true,false,false
501213,2,false,dddca1d6,pwi,run out,false,false,true
501213,2,false,1c17e270,pwi,run out,false,false,true
501213,2,false,dddca1d6,pwi,caught,true,false,false
501213,2,false,1c17e270,pwi,stumped,false,true,false
501213,2,false,2815fe50,pwi,caught,true,false,false
501214,1,false,5afd4539,kkr,stumped,false,true,false
501214,1,false,85aae393,kkr,run out,false,false,true
501214,1,false,7dc35884,kkr,run out,false,false,true
501214,1,false,5afd4539,kkr,run out,false,false,true
501214,1,false,5afd4539,kkr,stumped,false,true,false
501214,1,false,33a364a6,kkr,caught,true,false,false
501214,2,false,b61a3e1a,rr,caught,true,false,false
501214,2,false,c69a7b5c,rr,caught,true,false,false
501215,1,false,b5da6c24,ktk,caught,true,false,false
501215,1,false,0f12f9df,ktk,run out,false,false,true
501215,2,false,95a2ea61,csk,caught,true,false,false
501215,2,false,c3d35165,csk,caught,true,false,false
501215,2,false,95a2ea61,csk,caught,true,false,false
501216,1,false,b8d490fd,dc,caught,true,false,false
501216,1,false,b8d490fd,dc,caught,true,false,false
501216,2,false,2a2e6343,deccan,caught,true,false,false
501216,2,false,6b71e6cf,deccan,caught,true,false,false
501216,2,false,2a2e6343,deccan,caught,true,false,false
501216,2,false,b720a5d6,deccan,caught,true,false,false
501216,2,false,5451a2c1,deccan,caught,true,false,false
501218,1,false,d2c2b2d5,mi,caught,true,false,false
501218,1,false,70d205c9,mi,caught,true,false,false
501218,1,false,70d205c9,mi,caught,true,false,false
501218,1,false,740742ef,mi,caught,true,false,false
501218,1,false,bd77eb62,mi,caught,true,false,false
501218,1,false,a757b0d8,mi,caught,true,false,false
501218,1,false,bd77eb62,mi,caught,true,false,false
501218,1,false,ef5da05c,mi,caught,true,false,false
501218,2,false,c42aaf71,pwi,caught,true,false,false
501218,2,false,b552a935,pwi,caught,true,false,false
501218,2,false,5d9a1a73,pwi,caught,true,false,false
501219,1,false,d2a6c0e6,kkr,caught,true,false,false
501219,1,false,3c6ffae8,kkr,caught,true,false,false
501219,2,false,99d63244,ktk,caught,true,false,false
501219,2,false,d18f9182,ktk,run out,false,false,true
501219,2,false,4ba44e19,ktk,caught,true,false,false
501219,2,false,b5da6c24,ktk,stumped,false,true,false
501219,2,false,99d63244,ktk,caught,true,false,false
501219,2,false,b5da6c24,ktk,run out,false,false,true
501219,2,false,fe93fd9d,ktk,run out,false,false,true
501220,1,false,addfb70e,rr,caught,true,false,false
501220,1,false,addfb70e,rr,caught,true,false,false
501220,1,false,063b3673,rr,caught,true,false,false
501220,1,false,bd17b45f,rr,run out,false,false,true
501220,1,false,4329fbb5,rr,run out,false,false,true
501220,1,false,c69a7b5c,rr,caught,true,false,false
501220,2,false,98ae73b1,pbks,caught,true,false,false
501220,2,false,98ae73b1,pbks,caught,true,false,false
501220,2,false,508a1ea7,pbks,caught,true,false,false
501220,2,false,12eddf28,pbks,caught,true,false,false
501221,1,false,95a2ea61,csk,caught,true,false,false
501221,1,false,48fd7349,csk,caught,true,false,false
501221,1,false,4a8a2e3b,csk,stumped,false,true,false
501221,1,false,48fd7349,csk,caught,true,false,false
501221,2,false,740742ef,mi,caught,true,false,false
501221,2,false,a757b0d8,mi,caught,true,false,false
501221,2,false,740742ef,mi,caught,true,false,false
501221,2,false,626c5379,mi,caught,true,false,false
501221,2,false,a757b0d8,mi,caught,true,false,false
501221,2,false,626c5379,mi,caught,true,false,false
501222,1,false,ba607b88,rcb,caught,true,false,false
501222,1,false,db584dad,rcb,caught,true,false,false
501222,1,false,5bdcdb72,rcb,caught,true,false,false
501222,1,false,ba607b88,rcb,caught,true,false,false
501222,1,false,c4487b84,rcb,run out,false,false,true
501222,1,false,957532de,rcb,run out,false,false,true
501223,1,false,c03f1114,pbks,caught,true,false,false
501223,1,false,12eddf28,pbks,caught,true,false,false
501223,1,false,12eddf28,pbks,caught,true,false,false
501223,1,false,c03f1114,pbks,caught,true,false,false
501223,2,false,662c47a6,dc,caught,true,false,false
501223,2,false,8ba8195d,dc,caught,true,false,false
501223,2,false,8ba8195d,dc,caught,true,false,false
501223,2,false,8ba8195d,dc,caught,true,false,false
501223,2,false,2498e163,dc,caught,true,false,false
501224,1,false,6c6591ab,deccan,caught,true,false,false
501224,1,false,8fd1a8f5,deccan,caught,true,false,false
501224,1,false,0a476045,deccan,caught,true,false,false
501224,1,false,6b71e6cf,deccan,caught,true,false,false
501224,2,false,a757b0d8,mi,run out,false,false,true
501224,2,false,a84468fe,mi,run out,false,false,true
501224,2,false,a12e1d51,mi,run out,false,false,true
501224,2,false,626c5379,mi,caught,true,false,false
501224,2,false,a84468fe,mi,stumped,false,true,false
501224,2,false,bd77eb62,mi,run out,false,false,true
501224,2,false,2af1b6d2,mi,run out,false,false,true
501225,1,false,0184dc35,rr,run out,false,false,true
501225,1,false,063b3673,rr,stumped,false,true,false
501225,1,false,4329fbb5,rr,caught,true,false,false
501225,1,false,bd17b45f,rr,caught,true,false,false
501225,1,false,4329fbb5,rr,caught,true,false,false
501225,1,false,063b3673,rr,caught,true,false,false
501225,1,false,7c503806,rr,run out,false,false,true
501225,1,false,063b3673,rr,run out,false,false,true
501225,2,false,99d63244,ktk,run out,false,false,true
501225,2,false,b5da6c24,ktk,run out,false,false,true
501226,1,false,5673a3fc,pwi,caught,true,false,false
501226,1,false,1c17e270,pwi,stumped,false,true,false
501226,1,false,93b4fc78,pwi,caught,true,false,false
501226,1,false,91ffa6c6,pwi,caught,true,false,false
501226,1,false,1c17e270,pwi,caught,true,false,false
501226,2,false,4a8a2e3b,csk,caught,true,false,false
501226,2,false,c8179c68,csk,caught,true,false,false
501226,2,false,4a8a2e3b,csk,run out,false,false,true
501226,2,false,6165bca6,csk,run out,false,false,true
501226,2,false,c8179c68,csk,caught,true,false,false
501227,1,false,66cf56a5,rcb,run out,false,false,true
501227,1,false,c4487b84,rcb,run out,false,false,true
501227,1,false,c4487b84,rcb,caught,true,false,false
501227,1,false,91a4a398,rcb,caught,true,false,false
501227,2,false,890946a0,dc,caught,true,false,false
501227,2,false,fe763256,dc,caught,true,false,false
501227,2,false,dcce6f09,dc,run out,false,false,true
501227,2,false,dcce6f09,dc,caught,true,false,false
501227,2,false,890946a0,dc,caught,true,false,false
501227,2,false,cc1e8c68,dc,caught,true,false,false
501228,1,false,95a2ea61,csk,caught,true,false,false
501228,1,false,c8179c68,csk,caught,true,false,false
501228,1,false,495d42a5,csk,caught,true,false,false
501228,1,false,95a2ea61,csk,caught,true,false,false
501228,1,false,495d42a5,csk,caught,true,false,false
501228,2,false,93b4fc78,pwi,caught,true,false,false
501228,2,false,c42aaf71,pwi,caught,true,false,false
501229,1,false,b2570b38,ktk,caught,true,false,false
501229,1,false,6b8eb6e5,ktk,caught,true,false,false
501229,1,false,d18f9182,ktk,caught,true,false,false
501229,1,false,b5da6c24,ktk,caught,true,false,false
501229,1,false,b5da6c24,ktk,run out,false,false,true
501229,1,false,0f12f9df,ktk,run out,false,false,true
501229,2,false,6b71e6cf,deccan,caught,true,false,false
501229,2,false,6b71e6cf,deccan,caught,true,false,false
501229,2,false,6b71e6cf,deccan,caught,true,false,false
501229,2,false,d0513f63,deccan,caught,true,false,false
501229,2,false,2a2e6343,deccan,caught,true,false,false
501230,1,false,890946a0,dc,caught,true,false,false
501230,1,false,fe763256,dc,caught,true,false,false
501230,1,false,5fa06777,dc,caught,true,false,false
501230,1,false,890946a0,dc,caught,true,false,false
501230,1,false,5fa06777,dc,caught,true,false,false
501230,1,false,662c47a6,dc,run out,false,false,true
501230,1,false,890946a0,dc,run out,false,false,true
501230,2,false,b2b50355,kkr,caught,true,false,false
501230,2,false,4ec07775,kkr,caught,true,false,false
501230,2,false,7dc35884,kkr,caught,true,false,false
501230,2,false,26e5cabf,kkr,caught,true,false,false
501230,2,false,dd09ff8e,kkr,caught,true,false,false
501230,2,false,541f85c9,kkr,run out,false,false,true
501230,2,false,dd09ff8e,kkr,run out,false,false,true
501230,2,false,b2b50355,kkr,run out,false,false,true
501230,2,false,dd09ff8e,kkr,run out,false,false,true
501230,2,false,541f85c9,kkr,caught,true,false,false
501231,1,false,063b3673,rr,stumped,false,true,false
501231,1,false,7c503806,rr,caught,true,false,false
501231,1,false,063b3673,rr,stumped,false,true,false
501231,2,false,d2c2b2d5,mi,caught,true,false,false
501231,2,false,a84468fe,mi,caught,true,false,false
501232,1,false,5d9a1a73,pwi,caught,true,false,false
501232,1,false,28c78fb3,pwi,caught,true,false,false
501232,1,false,28c78fb3,pwi,caught,true,false,false
501232,2,false,d7c6af50,rcb,caught,true,false,false
501232,2,false,d84378a4,rcb,caught,true,false,false
501232,2,false,709b0bac,rcb,caught,true,false,false
501232,2,false,c64c2443,rcb,caught,true,false,false
501232,2,false,d84378a4,rcb,caught,true,false,false
501233,1,false,fe93fd9d,ktk,run out,false,false,true
501233,1,false,b5da6c24,ktk,run out,false,false,true
501233,1,false,b57f8a9a,ktk,caught,true,false,false
501233,1,false,41eb4a4f,ktk,caught,true,false,false
501233,1,false,c3d1402f,ktk,run out,false,false,true
501233,2,false,05c2ca46,dc,caught,true,false,false
501233,2,false,8ba8195d,dc,caught,true,false,false
501233,2,false,890946a0,dc,caught,true,false,false
501233,2,false,890946a0,dc,caught,true,false,false
501233,2,false,05c2ca46,dc,caught,true,false,false
501233,2,false,cc1e8c68,dc,caught,true,false,false
501234,1,false,26e5cabf,kkr,caught,true,false,false
501234,1,false,541f85c9,kkr,run out,false,false,true
501234,1,false,85aae393,kkr,run out,false,false,true
501234,1,false,d2a6c0e6,kkr,run out,false,false,true
501234,1,false,541f85c9,kkr,run out,false,false,true
501234,1,false,3c6ffae8,kkr,run out,false,false,true
501234,1,false,541f85c9,kkr,run out,false,false,true
501234,2,false,fd835ab3,pbks,caught,true,false,false
501234,2,false,12eddf28,pbks,caught,true,false,false
501235,1,false,063b3673,rr,stumped,false,true,false
501235,1,false,063b3673,rr,caught,true,false,false
501235,1,false,3d7e087f,rr,run out,false,false,true
501235,1,false,b61a3e1a,rr,caught,true,false,false
501235,1,false,29e95537,rr,caught,true,false,false
501235,1,false,bd17b45f,rr,caught,true,false,false
501235,1,false,063b3673,rr,run out,false,false,true
501235,1,false,3d7e087f,rr,run out,false,false,true
501235,2,false,1c17e270,pwi,caught,true,false,false
501235,2,false,b552a935,pwi,caught,true,false,false
501236,1,false,5bb1a1c4,deccan,caught,true,false,false
501236,1,false,0a476045,deccan,caught,true,false,false
501236,1,false,d0513f63,deccan,run out,false,false,true
501236,1,false,6b71e6cf,deccan,run out,false,false,true
501236,1,false,6b71e6cf,deccan,stumped,false,true,false
501236,2,false,c8179c68,csk,caught,true,false,false
501236,2,false,3355b542,csk,caught,true,false,false
501236,2,false,48fd7349,csk,caught,true,false,false
501236,2,false,4a8a2e3b,csk,run out,false,false,true
501237,1,false,c03f1114,pbks,caught,true,false,false
501237,1,false,a45a5e8d,pbks,caught,true,false,false
501237,1,false,25eeb281,pbks,caught,true,false,false
501237,1,false,fd835ab3,pbks,caught,true,false,false
501237,2,false,a757b0d8,mi,caught,true,false,false
501237,2,false,740742ef,mi,caught,true,false,false
501237,2,false,bd77eb62,mi,caught,true,false,false
501237,2,false,d2c2b2d5,mi,caught,true,false,false
501237,2,false,a757b0d8,mi,caught,true,false,false
501238,1,false,b5da6c24,ktk,caught,true,false,false
501238,1,false,41eb4a4f,ktk,caught,true,false,false
501238,1,false,b5da6c24,ktk,caught,true,false,false
501238,1,false,c3d1402f,ktk,caught,true,false,false
501238,1,false,c3d1402f,ktk,caught,true,false,false
501238,1,false,b5da6c24,ktk,caught,true,false,false
501238,2,false,cc1e8c68,dc,caught,true,false,false
501238,2,false,662c47a6,dc,run out,false,false,true
501239,1,false,b720a5d6,deccan,caught,true,false,false
501239,1,false,6b71e6cf,deccan,caught,true,false,false
501239,1,false,0a476045,deccan,caught,true,false,false
501239,2,false,d2a6c0e6,kkr,caught,true,false,false
501239,2,false,86dc8f2e,kkr,caught,true,false,false
501240,1,false,4b57e452,csk,caught,true,false,false
501240,1,false,1dc12ab9,csk,caught,true,false,false
501240,1,false,4b57e452,csk,caught,true,false,false
501240,1,false,48fd7349,csk,caught,true,false,false
501240,2,false,7c503806,rr,caught,true,false,false
501241,1,false,1c17e270,pwi,caught,true,false,false
501241,1,false,91ffa6c6,pwi,caught,true,false,false
501241,1,false,93b4fc78,pwi,caught,true,false,false
501241,1,false,93b4fc78,pwi,caught,true,false,false
501241,1,false,c42aaf71,pwi,caught,true,false,false
501241,1,false,93b4fc78,pwi,caught,true,false,false
501241,1,false,1c914163,pwi,caught,true,false,false
501241,2,false,d2a989fc,mi,caught,true,false,false
501241,2,false,1efb8a28,mi,caught,true,false,false
501241,2,false,70d205c9,mi,caught,true,false,false
501241,2,false,f0f628c7,mi,caught,true,false,false
501241,2,false,740742ef,mi,caught,true,false,false
501241,2,false,70d205c9,mi,run out,false,false,true
501242,1,false,86dc8f2e,kkr,caught,true,false,false
501242,1,false,33a364a6,kkr,caught,true,false,false
501242,1,false,85aae393,kkr,caught,true,false,false
501242,1,false,3c6ffae8,kkr,caught,true,false,false
501242,1,false,fb693839,kkr,run out,false,false,true
501242,1,false,86dc8f2e,kkr,run out,false,false,true
501242,2,false,d18f9182,ktk,caught,true,false,false
501242,2,false,b8a55852,ktk,caught,true,false,false
501242,2,false,b5da6c24,ktk,run out,false,false,true
501242,2,false,41eb4a4f,ktk,run out,false,false,true
501242,2,false,d18f9182,ktk,caught,true,false,false
501242,2,false,fe93fd9d,ktk,run out,false,false,true
501242,2,false,b5da6c24,ktk,run out,false,false,true
501243,1,false,890946a0,dc,caught,true,false,false
501243,1,false,260fd380,dc,caught,true,false,false
501243,1,false,8ba8195d,dc,caught,true,false,false
501243,1,false,fa463154,dc,run out,false,false,true
501243,1,false,890946a0,dc,run out,false,false,true
501243,1,false,b8d490fd,dc,caught,true,false,false
501243,2,false,2a2e6343,deccan,caught,true,false,false
501243,2,false,6b71e6cf,deccan,caught,true,false,false
501243,2,false,2e8994e7,deccan,caught,true,false,false
501243,2,false,6b71e6cf,deccan,caught,true,false,false
501243,2,false,6b71e6cf,deccan,stumped,false,true,false
501244,1,false,e938e1bc,pbks,caught,true,false,false
501244,1,false,12eddf28,pbks,caught,true,false,false
501244,2,false,3ae3f034,rcb,run out,false,false,true
501244,2,false,709b0bac,rcb,caught,true,false,false
501244,2,false,66cf56a5,rcb,caught,true,false,false
501244,2,false,3ae3f034,rcb,caught,true,false,false
501244,2,false,3ae3f034,rcb,caught,true,false,false
501245,1,false,86dc8f2e,kkr,caught,true,false,false
501245,1,false,d2a6c0e6,kkr,caught,true,false,false
501245,1,false,33a364a6,kkr,run out,false,false,true
501245,1,false,f3cb53a1,kkr,run out,false,false,true
501245,2,false,f5f18a18,csk,caught,true,false,false
501246,1,false,8ba8195d,dc,caught,true,false,false
501246,1,false,fe763256,dc,caught,true,false,false
501246,1,false,8ba8195d,dc,caught,true,false,false
501246,2,false,740742ef,mi,caught,true,false,false
501246,2,false,70d205c9,mi,caught,true,false,false
501246,2,false,aaa1b522,mi,run out,false,false,true
501246,2,false,70d205c9,mi,run out,false,false,true
501246,2,false,f0f628c7,mi,caught,true,false,false
501246,2,false,bd77eb62,mi,caught,true,false,false
501246,2,false,f0f628c7,mi,caught,true,false,false
501247,1,false,7daedf2f,rcb,caught,true,false,false
501247,1,false,c4487b84,rcb,caught,true,false,false
501247,1,false,d84378a4,rcb,run out,false,false,true
501247,1,false,c4487b84,rcb,run out,false,false,true
501247,1,false,91a4a398,rcb,caught,true,false,false
501247,1,false,ba607b88,rcb,caught,true,false,false
501247,1,false,d7c6af50,rcb,caught,true,false,false
501247,1,false,d84378a4,rcb,caught,true,false,false
501247,1,false,c4487b84,rcb,run out,false,false,true
501248,1,false,2815fe50,pwi,caught,true,false,false
501248,1,false,2e81a32d,pwi,caught,true,false,false
501248,1,false,1c17e270,pwi,caught,true,false,false
501248,1,false,2815fe50,pwi,caught,true,false,false
501248,1,false,1c914163,pwi,caught,true,false,false
501248,1,false,1c914163,pwi,caught,true,false,false
501248,1,false,2815fe50,pwi,caught,true,false,false
501248,2,false,fd835ab3,pbks,caught,true,false,false
501248,2,false,2049f3a0,pbks,caught,true,false,false
501248,2,false,2b6e6dec,pbks,caught,true,false,false
501249,1,false,7c503806,rr,run out,false,false,true
501249,2,false,4a8a2e3b,csk,caught,true,false,false
501249,2,false,c8179c68,csk,caught,true,false,false
501249,2,false,fe11caa6,csk,caught,true,false,false
501249,2,false,4a8a2e3b,csk,caught,true,false,false
501249,2,false,1dc12ab9,csk,caught,true,false,false
501249,2,false,fe11caa6,csk,run out,false,false,true
501249,2,false,495d42a5,csk,run out,false,false,true
501249,2,false,87e562a9,csk,caught,true,false,false
501250,1,false,91ffa6c6,pwi,caught,true,false,false
501250,1,false,5d9a1a73,pwi,caught,true,false,false
501250,1,false,1c17e270,pwi,caught,true,false,false
501250,1,false,2e81a32d,pwi,caught,true,false,false
501250,1,false,9b4935c8,pwi,caught,true,false,false
501250,2,false,6b71e6cf,deccan,caught,true,false,false
501251,1,false,1efb8a28,mi,caught,true,false,false
501251,1,false,70d205c9,mi,caught,true,false,false
501251,1,false,a757b0d8,mi,caught,true,false,false
501251,1,false,1efb8a28,mi,caught,true,false,false
501251,1,false,a12e1d51,mi,run out,false,false,true
501251,1,false,1efb8a28,mi,caught,true,false,false
501251,1,false,a757b0d8,mi,caught,true,false,false
501251,2,false,508a1ea7,pbks,caught,true,false,false
501251,2,false,2b6e6dec,pbks,stumped,false,true,false
501251,2,false,2b6e6dec,pbks,caught,true,false,false
501251,2,false,c3a96caf,pbks,run out,false,false,true
501251,2,false,2b6e6dec,pbks,run out,false,false,true
501251,2,false,c18496e1,pbks,caught,true,false,false
501251,2,false,e938e1bc,pbks,caught,true,false,false
501251,2,false,508a1ea7,pbks,caught,true,false,false
501252,1,false,c4487b84,rcb,caught,true,false,false
501252,1,false,c4487b84,rcb,run out,false,false,true
501252,1,false,7daedf2f,rcb,run out,false,false,true
501252,1,false,7daedf2f,rcb,caught,true,false,false
501252,1,false,d84378a4,rcb,caught,true,false,false
501252,1,false,d84378a4,rcb,caught,true,false,false
501252,2,false,b61a3e1a,rr,caught,true,false,false
501253,1,false,5fa06777,dc,caught,true,false,false
501253,1,false,fe763256,dc,caught,true,false,false
501253,1,false,662c47a6,dc,run out,false,false,true
501253,1,false,5fa06777,dc,run out,false,false,true
501253,2,false,c8179c68,csk,caught,true,false,false
501253,2,false,87e562a9,csk,caught,true,false,false
501253,2,false,4b57e452,csk,caught,true,false,false
501253,2,false,48fd7349,csk,caught,true,false,false
501253,2,false,fe11caa6,csk,caught,true,false,false
501254,1,false,508a1ea7,pbks,caught,true,false,false
501254,1,false,fd835ab3,pbks,run out,false,false,true
501254,1,false,2b6e6dec,pbks,run out,false,false,true
501254,1,false,c03f1114,pbks,caught,true,false,false
501254,1,false,fd835ab3,pbks,run out,false,false,true
501254,2,false,b5da6c24,ktk,caught,true,false,false
501254,2,false,d18f9182,ktk,caught,true,false,false
501255,1,false,b63ab531,rcb,caught,true,false,false
501255,1,false,7daedf2f,rcb,caught,true,false,false
501255,1,false,c4487b84,rcb,caught,true,false,false
501255,1,false,66cf56a5,rcb,caught,true,false,false
501255,2,false,86dc8f2e,kkr,caught,true,false,false
501255,2,false,1e66c162,kkr,caught,true,false,false
501255,2,false,f3cb53a1,kkr,caught,true,false,false
501255,2,false,33a364a6,kkr,caught,true,false,false
501255,2,false,1e66c162,kkr,caught,true,false,false
501255,2,false,bb345e0b,kkr,run out,false,false,true
501256,1,false,a757b0d8,mi,caught,true,false,false
501256,1,false,bd77eb62,mi,caught,true,false,false
501256,1,false,70d205c9,mi,stumped,false,true,false
501256,1,false,aaa1b522,mi,caught,true,false,false
501256,2,false,6b71e6cf,deccan,caught,true,false,false
501256,2,false,5bb1a1c4,deccan,caught,true,false,false
501256,2,false,0a476045,deccan,caught,true,false,false
501256,2,false,11df3dc8,deccan,caught,true,false,false
501256,2,false,2a2e6343,deccan,run out,false,false,true
501256,2,false,d2340a43,deccan,run out,false,false,true
501257,1,false,dcce6f09,dc,caught,true,false,false
501257,1,false,5bb5a915,dc,caught,true,false,false
501257,1,false,2498e163,dc,caught,true,false,false
501257,1,false,2498e163,dc,caught,true,false,false
501257,2,false,2b6e6dec,pbks,caught,true,false,false
501257,2,false,2b6e6dec,pbks,caught,true,false,false
501257,2,false,c03f1114,pbks,caught,true,false,false
501257,2,false,12eddf28,pbks,caught,true,false,false
501257,2,false,c3a96caf,pbks,caught,true,false,false
501257,2,false,2b6e6dec,pbks,caught,true,false,false
501257,2,false,12eddf28,pbks,caught,true,false,false
501258,1,false,7bf96684,ktk,caught,true,false,false
501258,1,false,bae11797,ktk,caught,true,false,false
501258,1,false,fe93fd9d,ktk,run out,false,false,true
501258,1,false,b57f8a9a,ktk,run out,false,false,true
501258,1,false,7bf96684,ktk,caught,true,false,false
501258,1,false,d18f9182,ktk,caught,true,false,false
501258,2,false,29d72eb2,rr,caught,true,false,false
501259,1,false,b720a5d6,deccan,caught,true,false,false
501259,1,false,6c6591ab,deccan,caught,true,false,false
501259,1,false,6b71e6cf,deccan,caught,true,false,false
501259,1,false,2a2e6343,deccan,run out,false,false,true
501259,1,false,6c6591ab,deccan,run out,false,false,true
501259,2,false,1c17e270,pwi,stumped,false,true,false
501259,2,false,1c17e270,pwi,caught,true,false,false
501260,1,false,709b0bac,rcb,caught,true,false,false
501260,1,false,db584dad,rcb,caught,true,false,false
501260,2,false,2b6e6dec,pbks,caught,true,false,false
501260,2,false,c03f1114,pbks,caught,true,false,false
501260,2,false,fd835ab3,pbks,caught,true,false,false
501260,2,false,fd835ab3,pbks,caught,true,false,false
501260,2,false,2b6e6dec,pbks,stumped,false,true,false
501260,2,false,2b6e6dec,pbks,caught,true,false,false
501260,2,false,fd835ab3,pbks,caught,true,false,false
501261,1,false,c3d1402f,ktk,caught,true,false,false
501261,1,false,c3d1402f,ktk,caught,true,false,false
501261,1,false,bae11797,ktk,caught,true,false,false
501261,1,false,b5da6c24,ktk,caught,true,false,false
501261,2,false,c3d35165,csk,caught,true,false,false
501261,2,false,1dc12ab9,csk,caught,true,false,false
501261,2,false,4a8a2e3b,csk,run out,false,false,true
501261,2,false,45c2196c,csk,run out,false,false,true
501262,1,false,26e5cabf,kkr,caught,true,false,false
501262,1,false,541f85c9,kkr,stumped,false,true,false
501262,1,false,3c6ffae8,kkr,caught,true,false,false
501262,1,false,dd09ff8e,kkr,caught,true,false,false
501262,1,false,541f85c9,kkr,caught,true,false,false
501262,2,false,1c17e270,pwi,caught,true,false,false
501262,2,false,725529bc,pwi,caught,true,false,false
501263,1,false,8291f939,rr,caught,true,false,false
501263,1,false,b61a3e1a,rr,caught,true,false,false
501263,1,false,4329fbb5,rr,caught,true,false,false
501263,1,false,0aadc906,rr,stumped,false,true,false
501264,1,false,a45a5e8d,pbks,caught,true,false,false
501264,1,false,508a1ea7,pbks,caught,true,false,false
501264,2,false,d2340a43,deccan,caught,true,false,false
501264,2,false,d2340a43,deccan,caught,true,false,false
501264,2,false,d0513f63,deccan,caught,true,false,false
501264,2,false,b720a5d6,deccan,caught,true,false,false
501264,2,false,2a2e6343,deccan,caught,true,false,false
501264,2,false,2a2e6343,deccan,caught,true,false,false
501264,2,false,62e07f92,deccan,stumped,false,true,false
501264,2,false,0a476045,deccan,caught,true,false,false
501264,2,false,d2340a43,deccan,run out,false,false,true
501265,1,false,5d9a1a73,pwi,caught,true,false,false
501266,1,false,c4487b84,rcb,caught,true,false,false
501266,1,false,ba607b88,rcb,caught,true,false,false
501266,1,false,66cf56a5,rcb,caught,true,false,false
501266,1,false,b63ab531,rcb,caught,true,false,false
501266,1,false,91a4a398,rcb,caught,true,false,false
501266,1,false,66cf56a5,rcb,caught,true,false,false
501266,2,false,4a8a2e3b,csk,stumped,false,true,false
501266,2,false,495d42a5,csk,caught,true,false,false
501267,1,false,aaa1b522,mi,run out,false,false,true
501267,1,false,70d205c9,mi,run out,false,false,true
501267,1,false,8b5b6769,mi,run out,false,false,true
501267,1,false,2af1b6d2,mi,caught,true,false,false
501267,1,false,aaa1b522,mi,caught,true,false,false
501267,1,false,70d205c9,mi,run out,false,false,true
501267,2,false,3c6ffae8,kkr,caught,true,false,false
501267,2,false,26e5cabf,kkr,caught,true,false,false
501267,2,false,541f85c9,kkr,caught,true,false,false
501267,2,false,bb345e0b,kkr,caught,true,false,false
501268,1,false,45c2196c,csk,caught,true,false,false
501268,1,false,4b57e452,csk,caught,true,false,false
501268,2,false,957532de,rcb,caught,true,false,false
501268,2,false,66cf56a5,rcb,caught,true,false,false
501269,1,false,d2c2b2d5,mi,caught,true,false,false
501269,1,false,70d205c9,mi,caught,true,false,false
501269,1,false,a757b0d8,mi,caught,true,false,false
501269,1,false,740742ef,mi,run out,false,false,true
501269,1,false,d2a989fc,mi,run out,false,false,true
501269,2,false,85aae393,kkr,caught,true,false,false
501269,2,false,bb345e0b,kkr,run out,false,false,true
501269,2,false,26e5cabf,kkr,caught,true,false,false
501269,2,false,541f85c9,kkr,caught,true,false,false
501269,2,false,26e5cabf,kkr,caught,true,false,false
501270,1,false,740742ef,mi,caught,true,false,false
501270,1,false,cf73ad76,mi,caught,true,false,false
501270,1,false,a12e1d51,mi,caught,true,false,false
501270,2,false,00ea847a,rcb,caught,true,false,false
501270,2,false,b63ab531,rcb,caught,true,false,false
501270,2,false,c4487b84,rcb,stumped,false,true,false
501270,2,false,b63ab531,rcb,caught,true,false,false
501270,2,false,66cf56a5,rcb,caught,true,false,false
501270,2,false,b63ab531,rcb,caught,true,false,false
501271,1,false,66cf56a5,rcb,caught,true,false,false
501271,1,false,d7c6af50,rcb,caught,true,false,false
501271,1,false,ba607b88,rcb,caught,true,false,false
501271,1,false,ba607b88,rcb,caught,true,false,false
501271,2,false,4a8a2e3b,csk,caught,true,false,false
501271,2,false,45c2196c,csk,caught,true,false,false
501271,2,false,48fd7349,csk,caught,true,false,false
548306,1,false,70d205c9,mi,run out,false,false,true
548306,1,false,8b5b6769,mi,caught,true,false,false
548306,1,false,a12e1d51,mi,caught,true,false,false
548306,1,false,a757b0d8,mi,caught,true,false,false
548306,1,false,6c6591ab,mi,caught,true,false,false
548306,1,false,2af1b6d2,mi,run out,false,false,true
548306,1,false,c03f1114,mi,run out,false,false,true
548306,1,false,8b5b6769,mi,caught,true,false,false
548306,1,false,8b5b6769,mi,run out,false,false,true
548306,1,false,c03f1114,mi,run out,false,false,true
548306,1,false,740742ef,mi,caught,true,false,false
548306,2,false,45c2196c,csk,caught,true,false,false
548306,2,false,4a8a2e3b,csk,caught,true,false,false
548307,1,false,890946a0,dc,caught,true,false,false
548307,1,false,b8d490fd,dc,run out,false,false,true
548307,1,false,890946a0,dc,run out,false,false,true
548307,1,false,662c47a6,dc,caught,true,false,false
548307,1,false,890946a0,dc,stumped,false,true,false
548307,1,false,cc1e8c68,dc,run out,false,false,true
548307,2,false,85aae393,kkr,caught,true,false,false
548308,1,false,c03f1114,mi,stumped,false,true,false
548308,1,false,740742ef,mi,run out,false,false,true
548308,1,false,a757b0d8,mi,caught,true,false,false
548308,1,false,c03f1114,mi,run out,false,false,true
548308,1,false,a757b0d8,mi,run out,false,false,true
548308,2,false,1c17e270,pwi,stumped,false,true,false
548308,2,false,abfeb126,pwi,caught,true,false,false
548308,2,false,1c17e270,pwi,caught,true,false,false
548308,2,false,1c17e270,pwi,stumped,false,true,false
548308,2,false,9b4935c8,pwi,caught,true,false,false
548308,2,false,1c17e270,pwi,caught,true,false,false
548309,1,false,808f425a,pbks,caught,true,false,false
548309,2,false,557153ca,rr,caught,true,false,false
548309,2,false,5b040b81,rr,caught,true,false,false
548309,2,false,0184dc35,rr,caught,true,false,false
548309,2,false,541f85c9,rr,caught,true,false,false
548309,2,false,557153ca,rr,caught,true,false,false
548309,2,false,29e95537,rr,caught,true,false,false
548309,2,false,557153ca,rr,run out,false,false,true
548309,2,false,541f85c9,rr,run out,false,false,true
548310,1,false,5fa06777,dc,caught,true,false,false
548310,1,false,2e9fdf9b,dc,caught,true,false,false
548310,1,false,662c47a6,dc,caught,true,false,false
548310,1,false,662c47a6,dc,caught,true,false,false
548310,1,false,2e9fdf9b,dc,run out,false,false,true
548310,1,false,b681e71e,dc,run out,false,false,true
548310,1,false,5bb5a915,dc,caught,true,false,false
548310,2,false,d4f9dbd4,rcb,caught,true,false,false
548310,2,false,ba607b88,rcb,caught,true,false,false
548310,2,false,91a4a398,rcb,caught,true,false,false
548310,2,false,00ea847a,rcb,caught,true,false,false
548310,2,false,f986ca1a,rcb,caught,true,false,false
548310,2,false,f986ca1a,rcb,run out,false,false,true
548310,2,false,c4487b84,rcb,run out,false,false,true
548311,1,false,2a2e6343,deccan,caught,true,false,false
548311,1,false,5451a2c1,deccan,caught,true,false,false
548311,1,false,39f82db3,deccan,caught,true,false,false
548311,2,false,4a8a2e3b,csk,caught,true,false,false
548311,2,false,87e562a9,csk,caught,true,false,false
548311,2,false,1dc12ab9,csk,caught,true,false,false
548311,2,false,87e562a9,csk,caught,true,false,false
548311,2,false,1dc12ab9,csk,caught,true,false,false
548311,2,false,4a8a2e3b,csk,stumped,false,true,false
548311,2,false,c3d35165,csk,caught,true,false,false
548312,1,false,bb345e0b,kkr,run out,false,false,true
548312,1,false,85aae393,kkr,run out,false,false,true
548312,1,false,33a364a6,kkr,run out,false,false,true
548312,1,false,b8a55852,kkr,caught,true,false,false
548312,2,false,0184dc35,rr,caught,true,false,false
548312,2,false,541f85c9,rr,caught,true,false,false
548312,2,false,b57f8a9a,rr,caught,true,false,false
548312,2,false,7bf96684,rr,caught,true,false,false
548313,1,false,25eeb281,pbks,caught,true,false,false
548313,1,false,e938e1bc,pbks,run out,false,false,true
548313,2,false,30a45b23,pwi,run out,false,false,true
548313,2,false,abfeb126,pwi,run out,false,false,true
548313,2,false,30a45b23,pwi,run out,false,false,true
548313,2,false,1c17e270,pwi,run out,false,false,true
548313,2,false,1c17e270,pwi,caught,true,false,false
548313,2,false,725529bc,pwi,caught,true,false,false
548313,2,false,93b4fc78,pwi,caught,true,false,false
548313,2,false,91ffa6c6,pwi,caught,true,false,false
548313,2,false,725529bc,pwi,caught,true,false,false
548314,1,false,740742ef,mi,caught,true,false,false
548314,1,false,a12e1d51,mi,caught,true,false,false
548314,1,false,a757b0d8,mi,caught,true,false,false
548314,1,false,a757b0d8,mi,caught,true,false,false
548314,1,false,f0f628c7,mi,caught,true,false,false
548314,1,false,70d205c9,mi,caught,true,false,false
548314,2,false,0a476045,deccan,caught,true,false,false
548314,2,false,0a476045,deccan,caught,true,false,false
548315,1,false,c4487b84,rcb,caught,true,false,false
548315,1,false,c4487b84,rcb,stumped,false,true,false
548315,1,false,db584dad,rcb,caught,true,false,false
548315,1,false,f986ca1a,rcb,caught,true,false,false
548315,1,false,00ea847a,rcb,caught,true,false,false
548315,1,false,d7c6af50,rcb,caught,true,false,false
548315,1,false,d4f9dbd4,rcb,caught,true,false,false
548315,1,false,91a4a398,rcb,caught,true,false,false
548315,2,false,3c6ffae8,kkr,caught,true,false,false
548315,2,false,b1451597,kkr,caught,true,false,false
548315,2,false,26e5cabf,kkr,caught,true,false,false
548315,2,false,bb345e0b,kkr,caught,true,false,false
548315,2,false,b1451597,kkr,caught,true,false,false
548315,2,false,b1451597,kkr,caught,true,false,false
548316,1,false,5fa06777,dc,run out,false,false,true
548316,1,false,d18f9182,dc,run out,false,false,true
548316,1,false,05c2ca46,dc,caught,true,false,false
548316,1,false,662c47a6,dc,run out,false,false,true
548316,1,false,890946a0,dc,run out,false,false,true
548316,1,false,39f01cdb,dc,run out,false,false,true
548316,1,false,890946a0,dc,run out,false,false,true
548316,1,false,890946a0,dc,caught,true,false,false
548316,1,false,d18f9182,dc,caught,true,false,false
548316,1,false,8ba8195d,dc,run out,false,false,true
548316,1,false,890946a0,dc,run out,false,false,true
548316,2,false,3355b542,csk,run out,false,false,true
548316,2,false,495d42a5,csk,run out,false,false,true
548316,2,false,4b57e452,csk,caught,true,false,false
548317,1,false,3d7e087f,rr,caught,true,false,false
548317,1,false,29e95537,rr,caught,true,false,false
548317,1,false,3d7e087f,rr,caught,true,false,false
548317,1,false,29e95537,rr,caught,true,false,false
548317,2,false,aaa1b522,mi,caught,true,false,false
548317,2,false,c03f1114,mi,caught,true,false,false
548317,2,false,18c78b11,mi,caught,true,false,false
548317,2,false,a757b0d8,mi,caught,true,false,false
548317,2,false,740742ef,mi,caught,true,false,false
548317,2,false,c03f1114,mi,caught,true,false,false
548317,2,false,cf73ad76,mi,caught,true,false,false
548318,1,false,87e562a9,csk,caught,true,false,false
548318,1,false,87e562a9,csk,caught,true,false,false
548318,1,false,c8179c68,csk,caught,true,false,false
548318,1,false,1dc12ab9,csk,caught,true,false,false
548318,1,false,3355b542,csk,caught,true,false,false
548318,1,false,1dc12ab9,csk,caught,true,false,false
548318,2,false,7d3720ba,rcb,caught,true,false,false
548318,2,false,ba607b88,rcb,caught,true,false,false
548318,2,false,5bdcdb72,rcb,caught,true,false,false
548318,2,false,00ea847a,rcb,caught,true,false,false
548319,1,false,fd835ab3,pbks,run out,false,false,true
548319,1,false,2b6e6dec,pbks,run out,false,false,true
548319,1,false,508a1ea7,pbks,caught,true,false,false
548319,1,false,c18496e1,pbks,caught,true,false,false
548319,1,false,fd835ab3,pbks,caught,true,false,false
548319,1,false,c3a96caf,pbks,caught,true,false,false
548319,1,false,1a0c3177,pbks,run out,false,false,true
548319,2,false,30a45b23,pwi,caught,true,false,false
548319,2,false,30a45b23,pwi,caught,true,false,false
548320,1,false,5afd4539,kkr,caught,true,false,false
548320,1,false,3c6ffae8,kkr,run out,false,false,true
548320,1,false,26e5cabf,kkr,caught,true,false,false
548320,1,false,b2b50355,kkr,caught,true,false,false
548320,1,false,5afd4539,kkr,stumped,false,true,false
548320,2,false,0184dc35,rr,run out,false,false,true
548320,2,false,29e95537,rr,caught,true,false,false
548320,2,false,541f85c9,rr,stumped,false,true,false
548320,2,false,8291f939,rr,caught,true,false,false
548321,1,false,662c47a6,dc,caught,true,false,false
548321,1,false,d18f9182,dc,caught,true,false,false
548321,1,false,8ba8195d,dc,caught,true,false,false
548321,1,false,9d80c5e1,dc,caught,true,false,false
548321,1,false,890946a0,dc,caught,true,false,false
548321,1,false,8ba8195d,dc,caught,true,false,false
548321,1,false,39f01cdb,dc,run out,false,false,true
548321,1,false,890946a0,dc,run out,false,false,true
548321,2,false,2e8994e7,deccan,caught,true,false,false
548321,2,false,2a2e6343,deccan,caught,true,false,false
548321,2,false,6b71e6cf,deccan,caught,true,false,false
548321,2,false,0a476045,deccan,run out,false,false,true
548321,2,false,b5da6c24,deccan,caught,true,false,false
548322,1,false,66b30f71,pwi,caught,true,false,false
548322,1,false,1c17e270,pwi,stumped,false,true,false
548322,1,false,30a45b23,pwi,caught,true,false,false
548322,1,false,abfeb126,pwi,caught,true,false,false
548322,1,false,30a45b23,pwi,caught,true,false,false
548322,2,false,87e562a9,csk,run out,false,false,true
548322,2,false,469ea22b,csk,run out,false,false,true
548322,2,false,fe93fd9d,csk,run out,false,false,true
548322,2,false,495d42a5,csk,run out,false,false,true
548323,1,false,26e5cabf,kkr,caught,true,false,false
548323,1,false,4ec07775,kkr,caught,true,false,false
548323,1,false,bb345e0b,kkr,run out,false,false,true
548323,1,false,33a364a6,kkr,run out,false,false,true
548323,1,false,7050a1e7,kkr,caught,true,false,false
548323,1,false,5afd4539,kkr,caught,true,false,false
548323,1,false,5afd4539,kkr,caught,true,false,false
548323,1,false,5afd4539,kkr,caught,true,false,false
548323,2,false,2728e7e9,pbks,caught,true,false,false
548324,1,false,c4487b84,rcb,stumped,false,true,false
548324,1,false,41eb4a4f,rcb,caught,true,false,false
548324,2,false,7bf96684,rr,caught,true,false,false
548324,2,false,b57f8a9a,rr,caught,true,false,false
548324,2,false,29e95537,rr,caught,true,false,false
548324,2,false,29e95537,rr,caught,true,false,false
548325,1,false,8ba8195d,dc,run out,false,false,true
548325,1,false,890946a0,dc,run out,false,false,true
548325,1,false,b61a3e1a,dc,caught,true,false,false
548325,1,false,b61a3e1a,dc,caught,true,false,false
548325,1,false,39f01cdb,dc,caught,true,false,false
548325,1,false,cc1e8c68,dc,caught,true,false,false
548325,1,false,890946a0,dc,caught,true,false,false
548325,2,false,8b5b6769,mi,caught,true,false,false
548325,2,false,a84468fe,mi,caught,true,false,false
548325,2,false,18c78b11,mi,caught,true,false,false
548326,1,false,063b3673,rr,caught,true,false,false
548326,1,false,b57f8a9a,rr,caught,true,false,false
548326,2,false,2e8994e7,deccan,caught,true,false,false
548326,2,false,2a2e6343,deccan,caught,true,false,false
548326,2,false,2815fe50,deccan,caught,true,false,false
548326,2,false,c9cac448,deccan,caught,true,false,false
548327,1,false,00ea847a,rcb,caught,true,false,false
548327,1,false,00ea847a,rcb,caught,true,false,false
548327,1,false,f986ca1a,rcb,caught,true,false,false
548327,1,false,c4487b84,rcb,run out,false,false,true
548327,1,false,41eb4a4f,rcb,run out,false,false,true
548327,1,false,c4487b84,rcb,run out,false,false,true
548327,1,false,ba607b88,rcb,caught,true,false,false
548327,2,false,1c17e270,pwi,caught,true,false,false
548327,2,false,c42aaf71,pwi,caught,true,false,false
548327,2,false,5d9a1a73,pwi,caught,true,false,false
548328,1,false,5afd4539,kkr,caught,true,false,false
548328,1,false,33a364a6,kkr,caught,true,false,false
548328,1,false,5afd4539,kkr,caught,true,false,false
548328,1,false,b8a55852,kkr,run out,false,false,true
548328,1,false,5afd4539,kkr,run out,false,false,true
548328,1,false,26e5cabf,kkr,caught,true,false,false
548328,1,false,86dc8f2e,kkr,caught,true,false,false
548328,2,false,3edb58fc,pbks,caught,true,false,false
548329,1,false,d18f9182,dc,caught,true,false,false
548329,1,false,9d80c5e1,dc,caught,true,false,false
548329,1,false,9d80c5e1,dc,run out,false,false,true
548329,1,false,890946a0,dc,caught,true,false,false
548329,2,false,d0513f63,deccan,caught,true,false,false
548330,1,false,896d78ad,pwi,caught,true,false,false
548330,1,false,896d78ad,pwi,caught,true,false,false
548330,1,false,abfeb126,pwi,caught,true,false,false
548330,1,false,896d78ad,pwi,caught,true,false,false
548330,1,false,5d9a1a73,pwi,caught,true,false,false
548330,2,false,495d42a5,csk,caught,true,false,false
548330,2,false,87e562a9,csk,caught,true,false,false
548330,2,false,3576e47e,csk,caught,true,false,false
548330,2,false,469ea22b,csk,caught,true,false,false
548330,2,false,469ea22b,csk,caught,true,false,false
548330,2,false,3355b542,csk,caught,true,false,false
548331,1,false,c4487b84,rcb,caught,true,false,false
548331,1,false,91a4a398,rcb,caught,true,false,false
548331,1,false,ba607b88,rcb,caught,true,false,false
548331,2,false,508a1ea7,pbks,caught,true,false,false
548331,2,false,addbde6c,pbks,caught,true,false,false
548331,2,false,fd835ab3,pbks,caught,true,false,false
548332,1,false,469ea22b,csk,caught,true,false,false
548332,1,false,45c2196c,csk,caught,true,false,false
548332,1,false,c8179c68,csk,caught,true,false,false
548332,1,false,4a8a2e3b,csk,caught,true,false,false
548332,2,false,541f85c9,rr,stumped,false,true,false
548332,2,false,541f85c9,rr,caught,true,false,false
548332,2,false,29e95537,rr,caught,true,false,false
548333,1,false,890946a0,dc,caught,true,false,false
548333,1,false,cc1e8c68,dc,caught,true,false,false
548333,2,false,30a45b23,pwi,caught,true,false,false
548333,2,false,91ffa6c6,pwi,caught,true,false,false
548333,2,false,896d78ad,pwi,run out,false,false,true
548333,2,false,1c17e270,pwi,run out,false,false,true
548333,2,false,30a45b23,pwi,caught,true,false,false
548333,2,false,725529bc,pwi,caught,true,false,false
548334,1,false,d67d5f00,pbks,run out,false,false,true
548334,1,false,addbde6c,pbks,run out,false,false,true
548334,1,false,addbde6c,pbks,caught,true,false,false
548334,1,false,508a1ea7,pbks,run out,false,false,true
548334,1,false,98ae73b1,pbks,run out,false,false,true
548334,1,false,c3a96caf,pbks,caught,true,false,false
548334,1,false,d67d5f00,pbks,caught,true,false,false
548334,1,false,facb9086,pbks,caught,true,false,false
548334,2,false,cf73ad76,mi,caught,true,false,false
548334,2,false,70d205c9,mi,caught,true,false,false
548334,2,false,0f12f9df,mi,caught,true,false,false
548335,1,false,86dc8f2e,kkr,run out,false,false,true
548335,1,false,33a364a6,kkr,run out,false,false,true
548335,1,false,7050a1e7,kkr,caught,true,false,false
548335,1,false,7050a1e7,kkr,caught,true,false,false
548335,1,false,b8a55852,kkr,caught,true,false,false
548335,1,false,bb345e0b,kkr,caught,true,false,false
548335,1,false,26e5cabf,kkr,caught,true,false,false
548335,2,false,6b71e6cf,deccan,caught,true,false,false
548335,2,false,b5da6c24,deccan,caught,true,false,false
548336,1,false,b57f8a9a,rr,caught,true,false,false
548336,1,false,b57f8a9a,rr,caught,true,false,false
548336,2,false,b63ab531,rcb,caught,true,false,false
548336,2,false,c4487b84,rcb,stumped,false,true,false
548336,2,false,00ea847a,rcb,caught,true,false,false
548336,2,false,5bdcdb72,rcb,caught,true,false,false
548336,2,false,00ea847a,rcb,caught,true,false,false
548336,2,false,d7c6af50,rcb,caught,true,false,false
548336,2,false,41eb4a4f,rcb,caught,true,false,false
548337,1,false,9d80c5e1,dc,caught,true,false,false
548337,2,false,cca50cd6,pwi,run out,false,false,true
548337,2,false,1c17e270,pwi,run out,false,false,true
548337,2,false,91ffa6c6,pwi,caught,true,false,false
548339,1,false,c03f1114,mi,caught,true,false,false
548339,1,false,f0f628c7,mi,caught,true,false,false
548339,1,false,8b5b6769,mi,caught,true,false,false
548339,2,false,addbde6c,pbks,caught,true,false,false
548339,2,false,addbde6c,pbks,caught,true,false,false
548339,2,false,9a158001,pbks,caught,true,false,false
548339,2,false,c3a96caf,pbks,caught,true,false,false
548339,2,false,9a158001,pbks,caught,true,false,false
548339,2,false,508a1ea7,pbks,caught,true,false,false
548341,1,false,93b4fc78,pwi,run out,false,false,true
548341,1,false,1c17e270,pwi,run out,false,false,true
548341,1,false,93b4fc78,pwi,caught,true,false,false
548341,1,false,b552a935,pwi,caught,true,false,false
548341,2,false,39f82db3,deccan,caught,true,false,false
548341,2,false,39f82db3,deccan,caught,true,false,false
548341,2,false,6b71e6cf,deccan,caught,true,false,false
548341,2,false,2e8994e7,deccan,caught,true,false,false
548341,2,false,b5da6c24,deccan,run out,false,false,true
548342,1,false,740742ef,mi,caught,true,false,false
548342,1,false,c3d1402f,mi,caught,true,false,false
548342,1,false,0f12f9df,mi,caught,true,false,false
548342,2,false,d18f9182,dc,caught,true,false,false
548342,2,false,39f01cdb,dc,caught,true,false,false
548342,2,false,fa463154,dc,caught,true,false,false
548342,2,false,d18f9182,dc,caught,true,false,false
548342,2,false,d18f9182,dc,run out,false,false,true
548342,2,false,890946a0,dc,run out,false,false,true
548342,2,false,5fa06777,dc,caught,true,false,false
548343,1,false,495d42a5,csk,run out,false,false,true
548343,1,false,4a8a2e3b,csk,caught,true,false,false
548343,1,false,1dc12ab9,csk,caught,true,false,false
548343,1,false,c8179c68,csk,caught,true,false,false
548343,1,false,87e562a9,csk,caught,true,false,false
548343,1,false,4a8a2e3b,csk,run out,false,false,true
548343,2,false,2728e7e9,pbks,caught,true,false,false
548343,2,false,addbde6c,pbks,stumped,false,true,false
548343,2,false,addbde6c,pbks,run out,false,false,true
548343,2,false,fd835ab3,pbks,caught,true,false,false
548343,2,false,98ae73b1,pbks,caught,true,false,false
548343,2,false,508a1ea7,pbks,caught,true,false,false
548344,1,false,d92e42f5,rcb,caught,true,false,false
548344,1,false,f986ca1a,rcb,caught,true,false,false
548344,1,false,5bdcdb72,rcb,caught,true,false,false
548344,2,false,33a364a6,kkr,caught,true,false,false
548344,2,false,b1451597,kkr,caught,true,false,false
548344,2,false,bb345e0b,kkr,caught,true,false,false
548344,2,false,b8a55852,kkr,caught,true,false,false
548345,1,false,f708a0bc,rr,caught,true,false,false
548345,1,false,0184dc35,rr,caught,true,false,false
548345,1,false,8291f939,rr,caught,true,false,false
548345,1,false,0184dc35,rr,caught,true,false,false
548345,1,false,29d72eb2,rr,caught,true,false,false
548345,2,false,fa463154,dc,caught,true,false,false
548345,2,false,890946a0,dc,run out,false,false,true
548346,1,false,f0f628c7,mi,caught,true,false,false
548346,1,false,f0f628c7,mi,caught,true,false,false
548346,1,false,c3d1402f,mi,caught,true,false,false
548346,1,false,c03f1114,mi,stumped,false,true,false
548346,1,false,740742ef,mi,caught,true,false,false
548346,1,false,8b5b6769,mi,caught,true,false,false
548346,1,false,740742ef,mi,caught,true,false,false
548346,1,false,cf73ad76,mi,caught,true,false,false
548346,1,false,740742ef,mi,caught,true,false,false
548346,2,false,2a2e6343,deccan,caught,true,false,false
548346,2,false,b5da6c24,deccan,caught,true,false,false
548346,2,false,dded65e7,deccan,caught,true,false,false
548346,2,false,b5da6c24,deccan,caught,true,false,false
548347,1,false,b8a55852,kkr,caught,true,false,false
548347,1,false,dd09ff8e,kkr,run out,false,false,true
548347,1,false,b8a55852,kkr,run out,false,false,true
548347,1,false,85aae393,kkr,caught,true,false,false
548347,1,false,3c6ffae8,kkr,caught,true,false,false
548347,1,false,7050a1e7,kkr,caught,true,false,false
548347,2,false,c8179c68,csk,caught,true,false,false
548347,2,false,4a8a2e3b,csk,caught,true,false,false
548347,2,false,93a17209,csk,caught,true,false,false
548347,2,false,3355b542,csk,caught,true,false,false
548348,1,false,30a45b23,pwi,caught,true,false,false
548348,2,false,6b71e6cf,deccan,caught,true,false,false
548348,2,false,6b19d823,deccan,run out,false,false,true
548348,2,false,b5da6c24,deccan,run out,false,false,true
548348,2,false,d0513f63,deccan,caught,true,false,false
548348,2,false,39f82db3,deccan,caught,true,false,false
548348,2,false,6b71e6cf,deccan,caught,true,false,false
548349,1,false,8ba8195d,dc,caught,true,false,false
548349,1,false,890946a0,dc,caught,true,false,false
548349,1,false,8ba8195d,dc,caught,true,false,false
548349,1,false,39f01cdb,dc,caught,true,false,false
548349,2,false,7bf96684,rr,caught,true,false,false
548349,2,false,541f85c9,rr,caught,true,false,false
548349,2,false,0184dc35,rr,caught,true,false,false
548350,1,false,d67d5f00,pbks,caught,true,false,false
548350,1,false,addbde6c,pbks,caught,true,false,false
548350,1,false,98ae73b1,pbks,caught,true,false,false
548350,2,false,d7c6af50,rcb,caught,true,false,false
548350,2,false,d92e42f5,rcb,run out,false,false,true
548350,2,false,c4487b84,rcb,run out,false,false,true
548350,2,false,41eb4a4f,rcb,run out,false,false,true
548350,2,false,c4487b84,rcb,run out,false,false,true
548350,2,false,ba607b88,rcb,run out,false,false,true
548351,1,false,c42aaf71,pwi,caught,true,false,false
548351,1,false,30a45b23,pwi,run out,false,false,true
548351,1,false,1c17e270,pwi,run out,false,false,true
548351,1,false,1c17e270,pwi,caught,true,false,false
548351,1,false,725529bc,pwi,caught,true,false,false
548351,1,false,30a45b23,pwi,run out,false,false,true
548351,1,false,3a60e0b5,pwi,caught,true,false,false
548351,1,false,30a45b23,pwi,run out,false,false,true
548351,1,false,1c17e270,pwi,run out,false,false,true
548351,1,false,1c17e270,pwi,run out,false,false,true
548351,2,false,0f12f9df,mi,caught,true,false,false
548351,2,false,26ff4c29,mi,caught,true,false,false
548352,1,false,6b19d823,deccan,caught,true,false,false
548352,1,false,2815fe50,deccan,caught,true,false,false
548352,1,false,0a476045,deccan,caught,true,false,false
548352,1,false,6b71e6cf,deccan,caught,true,false,false
548352,2,false,87e562a9,csk,run out,false,false,true
548352,2,false,fe93fd9d,csk,run out,false,false,true
548352,2,false,4a8a2e3b,csk,run out,false,false,true
548352,2,false,4b57e452,csk,caught,true,false,false
548353,1,false,c42aaf71,pwi,caught,true,false,false
548353,1,false,30a45b23,pwi,caught,true,false,false
548353,1,false,725529bc,pwi,caught,true,false,false
548353,2,false,b1451597,kkr,caught,true,false,false
548353,2,false,7050a1e7,kkr,caught,true,false,false
548353,2,false,85aae393,kkr,caught,true,false,false
548353,2,false,85aae393,kkr,caught,true,false,false
548353,2,false,b1451597,kkr,run out,false,false,true
548353,2,false,b8a55852,kkr,run out,false,false,true
548353,2,false,b1451597,kkr,caught,true,false,false
548354,1,false,addbde6c,pbks,caught,true,false,false
548354,1,false,12eddf28,pbks,caught,true,false,false
548354,1,false,1a0c3177,pbks,caught,true,false,false
548354,1,false,6eb146d2,pbks,caught,true,false,false
548354,1,false,508a1ea7,pbks,caught,true,false,false
548354,1,false,508a1ea7,pbks,caught,true,false,false
548354,2,false,3d7e087f,rr,caught,true,false,false
548354,2,false,b57f8a9a,rr,caught,true,false,false
548354,2,false,7c503806,rr,caught,true,false,false
548355,1,false,c3d1402f,mi,run out,false,false,true
548355,1,false,c3d1402f,mi,caught,true,false,false
548355,1,false,740742ef,mi,caught,true,false,false
548355,1,false,cf73ad76,mi,caught,true,false,false
548355,1,false,8b5b6769,mi,caught,true,false,false
548355,2,false,4b57e452,csk,caught,true,false,false
548355,2,false,3355b542,csk,caught,true,false,false
548355,2,false,3355b542,csk,run out,false,false,true
548355,2,false,fe11caa6,csk,caught,true,false,false
548356,1,false,ba607b88,rcb,run out,false,false,true
548356,1,false,c64c2443,rcb,run out,false,false,true
548356,2,false,8fd1a8f5,deccan,caught,true,false,false
548356,2,false,8fd1a8f5,deccan,caught,true,false,false
548357,1,false,b8a55852,kkr,caught,true,false,false
548357,1,false,bb345e0b,kkr,run out,false,false,true
548357,1,false,33a364a6,kkr,caught,true,false,false
548357,1,false,26e5cabf,kkr,caught,true,false,false
548357,1,false,b8a55852,kkr,stumped,false,true,false
548357,1,false,dd09ff8e,kkr,run out,false,false,true
548357,1,false,b8a55852,kkr,run out,false,false,true
548357,1,false,9d430b40,kkr,run out,false,false,true
548357,2,false,890946a0,dc,caught,true,false,false
548357,2,false,8ba8195d,dc,caught,true,false,false
548357,2,false,5fa06777,dc,caught,true,false,false
548358,1,false,29d72eb2,rr,caught,true,false,false
548358,1,false,063b3673,rr,caught,true,false,false
548358,1,false,7bf96684,rr,run out,false,false,true
548358,2,false,30a45b23,pwi,caught,true,false,false
548358,2,false,f842c2cf,pwi,caught,true,false,false
548358,2,false,c42aaf71,pwi,caught,true,false,false
548359,1,false,39f82db3,deccan,caught,true,false,false
548359,1,false,1c2a64cd,deccan,run out,false,false,true
548359,1,false,dec8e038,deccan,run out,false,false,true
548359,2,false,9a158001,pbks,caught,true,false,false
548359,2,false,1a0c3177,pbks,caught,true,false,false
548359,2,false,508a1ea7,pbks,caught,true,false,false
548359,2,false,addbde6c,pbks,caught,true,false,false
548359,2,false,addbde6c,pbks,stumped,false,true,false
548359,2,false,508a1ea7,pbks,run out,false,false,true
548359,2,false,508a1ea7,pbks,caught,true,false,false
548360,1,false,91a4a398,rcb,caught,true,false,false
548360,1,false,4ba44e19,rcb,caught,true,false,false
548360,1,false,ba607b88,rcb,caught,true,false,false
548360,1,false,41eb4a4f,rcb,caught,true,false,false
548361,1,false,48fd7349,csk,caught,true,false,false
548361,1,false,495d42a5,csk,caught,true,false,false
548361,1,false,495d42a5,csk,caught,true,false,false
548361,1,false,1dc12ab9,csk,caught,true,false,false
548361,2,false,29e95537,rr,caught,true,false,false
548361,2,false,bd17b45f,rr,caught,true,false,false
548361,2,false,addfb70e,rr,run out,false,false,true
548361,2,false,29e95537,rr,caught,true,false,false
548361,2,false,7c503806,rr,caught,true,false,false
548362,1,false,93b4fc78,pwi,caught,true,false,false
548362,1,false,30a45b23,pwi,caught,true,false,false
548362,1,false,b552a935,pwi,run out,false,false,true
548362,2,false,709b0bac,rcb,caught,true,false,false
548362,2,false,c4487b84,rcb,stumped,false,true,false
548362,2,false,c4487b84,rcb,stumped,false,true,false
548362,2,false,91a4a398,rcb,caught,true,false,false
548363,1,false,5afd4539,kkr,stumped,false,true,false
548363,2,false,f0f628c7,mi,caught,true,false,false
548363,2,false,740742ef,mi,caught,true,false,false
548364,1,false,495d42a5,csk,caught,true,false,false
548364,1,false,4a8a2e3b,csk,caught,true,false,false
548364,1,false,48fd7349,csk,caught,true,false,false
548364,1,false,c3d35165,csk,caught,true,false,false
548364,2,false,d18f9182,dc,caught,true,false,false
548365,1,false,1c17e270,pwi,caught,true,false,false
548365,1,false,725529bc,pwi,caught,true,false,false
548365,2,false,4329fbb5,rr,caught,true,false,false
548365,2,false,541f85c9,rr,stumped,false,true,false
548365,2,false,541f85c9,rr,stumped,false,true,false
548365,2,false,b57f8a9a,rr,caught,true,false,false
548365,2,false,29e95537,rr,caught,true,false,false
548365,2,false,29e95537,rr,caught,true,false,false
548366,1,false,6eb146d2,pbks,caught,true,false,false
548366,1,false,9a158001,pbks,caught,true,false,false
548366,1,false,1a0c3177,pbks,caught,true,false,false
548366,1,false,12eddf28,pbks,caught,true,false,false
548366,2,false,6b71e6cf,deccan,caught,true,false,false
548366,2,false,6b71e6cf,deccan,caught,true,false,false
548366,2,false,2a2e6343,deccan,caught,true,false,false
548366,2,false,b5da6c24,deccan,stumped,false,true,false
548366,2,false,b5da6c24,deccan,caught,true,false,false
548366,2,false,d0513f63,deccan,caught,true,false,false
548367,1,false,e1d1b294,mi,run out,false,false,true
548367,1,false,a12e1d51,mi,caught,true,false,false
548367,1,false,35205dfc,mi,run out,false,false,true
548367,1,false,c03f1114,mi,run out,false,false,true
548367,2,false,ba607b88,rcb,caught,true,false,false
548367,2,false,d92e42f5,rcb,run out,false,false,true
548367,2,false,709b0bac,rcb,run out,false,false,true
548367,2,false,f986ca1a,rcb,caught,true,false,false
548367,2,false,5bdcdb72,rcb,caught,true,false,false
548368,1,false,95a2ea61,csk,run out,false,false,true
548368,1,false,4a8a2e3b,csk,run out,false,false,true
548368,1,false,495d42a5,csk,caught,true,false,false
548368,1,false,87e562a9,csk,caught,true,false,false
548368,1,false,87e562a9,csk,caught,true,false,false
548368,1,false,1dc12ab9,csk,caught,true,false,false
548368,2,false,33a364a6,kkr,caught,true,false,false
548368,2,false,b8a55852,kkr,run out,false,false,true
548368,2,false,33a364a6,kkr,run out,false,false,true
548368,2,false,26e5cabf,kkr,caught,true,false,false
548369,1,false,890946a0,dc,caught,true,false,false
548369,1,false,8ba8195d,dc,caught,true,false,false
548369,1,false,8ba8195d,dc,caught,true,false,false
548369,1,false,f62772e5,dc,run out,false,false,true
548369,1,false,5fa06777,dc,caught,true,false,false
548369,1,false,890946a0,dc,stumped,false,true,false
548369,1,false,890946a0,dc,caught,true,false,false
548369,1,false,0a3d54b9,dc,run out,false,false,true
548369,2,false,9a158001,pbks,caught,true,false,false
548369,2,false,addbde6c,pbks,caught,true,false,false
548369,2,false,addbde6c,pbks,caught,true,false,false
548369,2,false,c3a96caf,pbks,caught,true,false,false
548370,1,false,a12e1d51,mi,caught,true,false,false
548370,1,false,8b5b6769,mi,run out,false,false,true
548370,1,false,35205dfc,mi,run out,false,false,true
548370,1,false,c03f1114,mi,caught,true,false,false
548370,2,false,3c6ffae8,kkr,caught,true,false,false
548370,2,false,b8a55852,kkr,stumped,false,true,false
548370,2,false,b8a55852,kkr,caught,true,false,false
548370,2,false,26e5cabf,kkr,caught,true,false,false
548370,2,false,b8a55852,kkr,caught,true,false,false
548370,2,false,26e5cabf,kkr,caught,true,false,false
548370,2,false,85aae393,kkr,caught,true,false,false
548371,1,false,2b6e6dec,pbks,caught,true,false,false
548371,1,false,2b6e6dec,pbks,caught,true,false,false
548371,1,false,2b6e6dec,pbks,caught,true,false,false
548371,1,false,addbde6c,pbks,caught,true,false,false
548371,1,false,addbde6c,pbks,caught,true,false,false
548371,1,false,e938e1bc,pbks,caught,true,false,false
548371,1,false,2b6e6dec,pbks,caught,true,false,false
548371,2,false,4a8a2e3b,csk,caught,true,false,false
548371,2,false,4a8a2e3b,csk,caught,true,false,false
548371,2,false,4a8a2e3b,csk,caught,true,false,false
548372,1,false,5fa06777,dc,caught,true,false,false
548372,2,false,41eb4a4f,rcb,caught,true,false,false
548372,2,false,f986ca1a,rcb,caught,true,false,false
548372,2,false,c4487b84,rcb,caught,true,false,false
548372,2,false,f986ca1a,rcb,caught,true,false,false
548372,2,false,709b0bac,rcb,caught,true,false,false
548372,2,false,00ea847a,rcb,caught,true,false,false
548372,2,false,5bdcdb72,rcb,caught,true,false,false
548372,2,false,ba607b88,rcb,caught,true,false,false
548372,2,false,709b0bac,rcb,caught,true,false,false
548373,1,false,0a476045,deccan,caught,true,false,false
548373,1,false,45eda7c8,deccan,caught,true,false,false
548373,1,false,0a476045,deccan,caught,true,false,false
548373,1,false,b5da6c24,deccan,run out,false,false,true
548373,2,false,99b202b3,rr,caught,true,false,false
548373,2,false,7bf96684,rr,caught,true,false,false
548373,2,false,4329fbb5,rr,caught,true,false,false
548373,2,false,7bf96684,rr,caught,true,false,false
548374,1,false,890946a0,dc,caught,true,false,false
548374,1,false,0a3d54b9,dc,caught,true,false,false
548374,1,false,5fa06777,dc,caught,true,false,false
548374,1,false,5fa06777,dc,caught,true,false,false
548374,1,false,5fa06777,dc,caught,true,false,false
548374,1,false,0c94f480,dc,caught,true,false,false
548374,2,false,2b6e6dec,pbks,caught,true,false,false
548374,2,false,c3a96caf,pbks,caught,true,false,false
548374,2,false,9a158001,pbks,caught,true,false,false
548374,2,false,fd835ab3,pbks,caught,true,false,false
548375,1,false,96fd40ae,pwi,caught,true,false,false
548375,1,false,91ffa6c6,pwi,caught,true,false,false
548375,2,false,26e5cabf,kkr,caught,true,false,false
548375,2,false,b8a55852,kkr,stumped,false,true,false
548375,2,false,b8a55852,kkr,stumped,false,true,false
548375,2,false,86dc8f2e,kkr,caught,true,false,false
548375,2,false,b1451597,kkr,caught,true,false,false
548376,1,false,c4487b84,rcb,caught,true,false,false
548376,1,false,00ea847a,rcb,caught,true,false,false
548376,1,false,41eb4a4f,rcb,caught,true,false,false
548376,1,false,d92e42f5,rcb,caught,true,false,false
548376,1,false,db584dad,rcb,caught,true,false,false
548376,2,false,2e8994e7,deccan,caught,true,false,false
548376,2,false,ae78bc32,deccan,caught,true,false,false
548376,2,false,6b71e6cf,deccan,caught,true,false,false
548376,2,false,2e8994e7,deccan,caught,true,false,false
548376,2,false,2e8994e7,deccan,caught,true,false,false
548377,1,false,c03f1114,mi,caught,true,false,false
548377,1,false,740742ef,mi,caught,true,false,false
548377,1,false,a757b0d8,mi,run out,false,false,true
548377,1,false,35205dfc,mi,caught,true,false,false
548378,1,false,fe763256,dc,run out,false,false,true
548378,1,false,dcce6f09,dc,caught,true,false,false
548378,1,false,890946a0,dc,caught,true,false,false
548378,1,false,b61a3e1a,dc,caught,true,false,false
548378,2,false,b8a55852,kkr,caught,true,false,false
548378,2,false,b8a55852,kkr,caught,true,false,false
548378,2,false,bb345e0b,kkr,caught,true,false,false
548378,2,false,b8a55852,kkr,stumped,false,true,false
548378,2,false,33a364a6,kkr,caught,true,false,false
548378,2,false,9fc0ef64,kkr,caught,true,false,false
548378,2,false,b8a55852,kkr,stumped,false,true,false
548378,2,false,33a364a6,kkr,caught,true,false,false
548379,1,false,740742ef,mi,caught,true,false,false
548379,1,false,740742ef,mi,caught,true,false,false
548379,1,false,d2a989fc,mi,caught,true,false,false
548379,1,false,740742ef,mi,caught,true,false,false
548379,2,false,fe93fd9d,csk,run out,false,false,true
548379,2,false,c8179c68,csk,run out,false,false,true
548379,2,false,fe93fd9d,csk,caught,true,false,false
548379,2,false,4a8a2e3b,csk,caught,true,false,false
548379,2,false,4a8a2e3b,csk,caught,true,false,false
548379,2,false,4b57e452,csk,caught,true,false,false
548379,2,false,4a8a2e3b,csk,caught,true,false,false
548379,2,false,1dc12ab9,csk,caught,true,false,false
548379,2,false,1dc12ab9,csk,caught,true,false,false
548380,1,false,890946a0,dc,caught,true,false,false
548380,1,false,f62772e5,dc,caught,true,false,false
548380,1,false,890946a0,dc,caught,true,false,false
548380,1,false,dcce6f09,dc,run out,false,false,true
548380,1,false,890946a0,dc,run out,false,false,true
548380,2,false,4b57e452,csk,caught,true,false,false
548380,2,false,48fd7349,csk,caught,true,false,false
548380,2,false,1dc12ab9,csk,caught,true,false,false
548380,2,false,87e562a9,csk,caught,true,false,false
548380,2,false,4b57e452,csk,caught,true,false,false
548380,2,false,87e562a9,csk,run out,false,false,true
548380,2,false,495d42a5,csk,run out,false,false,true
548380,2,false,4a8a2e3b,csk,stumped,false,true,false
548380,2,false,4a8a2e3b,csk,run out,false,false,true
548381,1,false,7dc35884,kkr,caught,true,false,false
548381,1,false,dd09ff8e,kkr,caught,true,false,false
548381,2,false,3576e47e,csk,caught,true,false,false
548381,2,false,48fd7349,csk,caught,true,false,false
548381,2,false,3576e47e,csk,caught,true,false,false
548381,2,false,fe93fd9d,csk,caught,true,false,false
597998,1,false,86dc8f2e,kkr,caught,true,false,false
597998,1,false,b1451597,kkr,caught,true,false,false
597998,1,false,dd09ff8e,kkr,caught,true,false,false
597998,1,false,26e5cabf,kkr,caught,true,false,false
597998,1,false,9d430b40,kkr,caught,true,false,false
597998,1,false,b1451597,kkr,caught,true,false,false
597998,1,false,5afd4539,kkr,run out,false,false,true
597998,1,false,9d430b40,kkr,run out,false,false,true
597998,2,false,0c94f480,dc,caught,true,false,false
597998,2,false,0c94f480,dc,caught,true,false,false
597998,2,false,890946a0,dc,caught,true,false,false
597999,1,false,d2c2b2d5,mi,caught,true,false,false
597999,1,false,f5180fe6,mi,caught,true,false,false
597999,2,false,1e66c162,rcb,run out,false,false,true
597999,2,false,7daedf2f,rcb,run out,false,false,true
597999,2,false,7daedf2f,rcb,stumped,false,true,false
597999,2,false,00ea847a,rcb,caught,true,false,false
598000,1,false,3d8feaf8,pwi,caught,true,false,false
598000,1,false,93b4fc78,pwi,caught,true,false,false
598000,1,false,66b30f71,pwi,caught,true,false,false
598000,2,false,b5da6c24,srh,caught,true,false,false
598000,2,false,d0513f63,srh,caught,true,false,false
598000,2,false,b5da6c24,srh,stumped,false,true,false
598000,2,false,d0513f63,srh,caught,true,false,false
598000,2,false,5bb1a1c4,srh,caught,true,false,false
598000,2,false,0f12f9df,srh,run out,false,false,true
598000,2,false,d0513f63,srh,caught,true,false,false
598001,1,false,5fa06777,dc,caught,true,false,false
598001,1,false,d18f9182,dc,caught,true,false,false
598001,1,false,dcce6f09,dc,caught,true,false,false
598001,1,false,cc1e8c68,dc,caught,true,false,false
598001,2,false,29e95537,rr,caught,true,false,false
598001,2,false,b57f8a9a,rr,caught,true,false,false
598001,2,false,b57f8a9a,rr,run out,false,false,true
598002,1,false,495d42a5,csk,caught,true,false,false
598002,1,false,4a8a2e3b,csk,caught,true,false,false
598002,1,false,c404f58a,csk,caught,true,false,false
598002,1,false,87e562a9,csk,caught,true,false,false
598002,2,false,7d415ea5,mi,caught,true,false,false
598002,2,false,c03f1114,mi,caught,true,false,false
598002,2,false,a757b0d8,mi,caught,true,false,false
598002,2,false,a757b0d8,mi,caught,true,false,false
598003,1,false,e938e1bc,pbks,caught,true,false,false
598003,1,false,c3a96caf,pbks,run out,false,false,true
598003,1,false,2b6e6dec,pbks,run out,false,false,true
598003,1,false,2b6e6dec,pbks,caught,true,false,false
598003,1,false,6eb146d2,pbks,caught,true,false,false
598003,1,false,98ae73b1,pbks,run out,false,false,true
598003,2,false,f846de6a,pwi,caught,true,false,false
598004,1,false,b5da6c24,srh,caught,true,false,false
598004,1,false,24d94623,srh,caught,true,false,false
598004,1,false,1c2a64cd,srh,caught,true,false,false
598004,1,false,d0513f63,srh,caught,true,false,false
598004,1,false,6b71e6cf,srh,caught,true,false,false
598004,2,false,7daedf2f,rcb,caught,true,false,false
598004,2,false,4ba44e19,rcb,caught,true,false,false
598004,2,false,7daedf2f,rcb,caught,true,false,false
598004,2,false,32198ae0,rcb,caught,true,false,false
598004,2,false,41eb4a4f,rcb,run out,false,false,true
598004,2,false,7daedf2f,rcb,run out,false,false,true
598004,2,false,ba607b88,rcb,caught,true,false,false
598005,1,false,d2a6c0e6,kkr,caught,true,false,false
598005,1,false,5afd4539,kkr,caught,true,false,false
598005,1,false,5afd4539,kkr,stumped,false,true,false
598005,1,false,8cf9814c,kkr,run out,false,false,true
598005,1,false,5afd4539,kkr,run out,false,false,true
598005,2,false,063b3673,rr,caught,true,false,false
598005,2,false,063b3673,rr,caught,true,false,false
598005,2,false,063b3673,rr,caught,true,false,false
598005,2,false,de4b0555,rr,caught,true,false,false
598005,2,false,bd17b45f,rr,caught,true,false,false
598005,2,false,de4b0555,rr,caught,true,false,false
598005,2,false,29e95537,rr,caught,true,false,false
598006,1,false,d18f9182,dc,caught,true,false,false
598006,1,false,d18f9182,dc,run out,false,false,true
598006,1,false,9868bc75,dc,caught,true,false,false
598006,1,false,9d80c5e1,dc,caught,true,false,false
598006,2,false,7d415ea5,mi,caught,true,false,false
598006,2,false,c03f1114,mi,caught,true,false,false
598006,2,false,70d205c9,mi,caught,true,false,false
598006,2,false,f5180fe6,mi,caught,true,false,false
598006,2,false,26a85969,mi,caught,true,false,false
598006,2,false,26a85969,mi,run out,false,false,true
598006,2,false,6c6591ab,mi,caught,true,false,false
598007,1,false,48fd7349,csk,caught,true,false,false
598007,1,false,87e562a9,csk,caught,true,false,false
598007,1,false,48fd7349,csk,caught,true,false,false
598007,1,false,87e562a9,csk,caught,true,false,false
598007,1,false,c404f58a,csk,caught,true,false,false
598007,1,false,495d42a5,csk,caught,true,false,false
598007,1,false,fb66ce1f,csk,caught,true,false,false
598007,1,false,4b57e452,csk,caught,true,false,false
598007,1,false,87e562a9,csk,caught,true,false,false
598007,1,false,4a8a2e3b,csk,run out,false,false,true
598008,1,false,b17e2f24,rcb,caught,true,false,false
598008,1,false,32198ae0,rcb,caught,true,false,false
598008,1,false,41eb4a4f,rcb,caught,true,false,false
598008,1,false,2a2e6343,rcb,caught,true,false,false
598008,1,false,c4487b84,rcb,caught,true,false,false
598008,1,false,c3d1402f,rcb,run out,false,false,true
598008,2,false,5afd4539,kkr,caught,true,false,false
598008,2,false,d2a6c0e6,kkr,caught,true,false,false
598009,1,false,896d78ad,pwi,caught,true,false,false
598009,1,false,3d8feaf8,pwi,caught,true,false,false
598009,1,false,b61a3e1a,pwi,caught,true,false,false
598009,1,false,aaa1b522,pwi,caught,true,false,false
598009,2,false,0184dc35,rr,caught,true,false,false
598009,2,false,b57f8a9a,rr,caught,true,false,false
598010,1,false,d2340a43,srh,caught,true,false,false
598010,1,false,8fd1a8f5,srh,caught,true,false,false
598010,1,false,d0513f63,srh,caught,true,false,false
598010,1,false,2461eef2,srh,caught,true,false,false
598010,1,false,d0513f63,srh,caught,true,false,false
598010,1,false,94253925,srh,caught,true,false,false
598010,1,false,1c2a64cd,srh,caught,true,false,false
598010,2,false,9d80c5e1,dc,run out,false,false,true
598010,2,false,8ba8195d,dc,caught,true,false,false
598010,2,false,99d63244,dc,stumped,false,true,false
598010,2,false,7c503806,dc,caught,true,false,false
598010,2,false,7c503806,dc,caught,true,false,false
598011,1,false,a45a5e8d,pwi,caught,true,false,false
598011,1,false,3d8feaf8,pwi,caught,true,false,false
598011,2,false,70d205c9,mi,run out,false,false,true
598011,2,false,6c6591ab,mi,run out,false,false,true
598011,2,false,a757b0d8,mi,caught,true,false,false
598011,2,false,26a85969,mi,caught,true,false,false
598011,2,false,740742ef,mi,caught,true,false,false
598011,2,false,a757b0d8,mi,caught,true,false,false
598011,2,false,26a85969,mi,caught,true,false,false
598012,1,false,4a8a2e3b,csk,caught,true,false,false
598012,1,false,4a8a2e3b,csk,stumped,false,true,false
598012,1,false,4a8a2e3b,csk,caught,true,false,false
598012,1,false,1dc12ab9,csk,caught,true,false,false
598012,1,false,4a8a2e3b,csk,caught,true,false,false
598012,1,false,87e562a9,csk,caught,true,false,false
598012,2,false,7daedf2f,rcb,caught,true,false,false
598012,2,false,00ea847a,rcb,caught,true,false,false
598012,2,false,abfeb126,rcb,caught,true,false,false
598012,2,false,00ea847a,rcb,caught,true,false,false
598012,2,false,7daedf2f,rcb,caught,true,false,false
598013,1,false,94253925,srh,caught,true,false,false
598013,1,false,8fd1a8f5,srh,run out,false,false,true
598013,1,false,6b19d823,srh,run out,false,false,true
598013,1,false,b5da6c24,srh,run out,false,false,true
598013,2,false,3c6ffae8,kkr,caught,true,false,false
598013,2,false,26e5cabf,kkr,caught,true,false,false
598013,2,false,26e5cabf,kkr,caught,true,false,false
598013,2,false,26e5cabf,kkr,caught,true,false,false
598014,1,false,3d7e087f,rr,caught,true,false,false
598014,1,false,bd17b45f,rr,caught,true,false,false
598014,1,false,808f425a,rr,run out,false,false,true
598014,1,false,a4cc73aa,rr,caught,true,false,false
598014,1,false,a4cc73aa,rr,caught,true,false,false
598014,1,false,0184dc35,rr,caught,true,false,false
598014,1,false,29e95537,rr,caught,true,false,false
598014,1,false,a4cc73aa,rr,run out,false,false,true
598014,1,false,a4cc73aa,rr,caught,true,false,false
598014,2,false,c3a96caf,pbks,caught,true,false,false
598014,2,false,2b6e6dec,pbks,caught,true,false,false
598014,2,false,2b6e6dec,pbks,caught,true,false,false
598015,1,false,4a8a2e3b,csk,stumped,false,true,false
598015,1,false,fe93fd9d,csk,caught,true,false,false
598015,1,false,fe93fd9d,csk,caught,true,false,false
598015,1,false,c3d35165,csk,caught,true,false,false
598015,2,false,aaa1b522,pwi,caught,true,false,false
598015,2,false,b61a3e1a,pwi,caught,true,false,false
598015,2,false,30a45b23,pwi,caught,true,false,false
598015,2,false,66b30f71,pwi,caught,true,false,false
598015,2,false,30a45b23,pwi,caught,true,false,false
598015,2,false,30a45b23,pwi,caught,true,false,false
598015,2,false,b8d490fd,pwi,caught,true,false,false
598016,1,false,5afd4539,kkr,caught,true,false,false
598016,1,false,5afd4539,kkr,caught,true,false,false
598016,1,false,3c6ffae8,kkr,caught,true,false,false
598016,2,false,2b6e6dec,pbks,caught,true,false,false
598016,2,false,c3a96caf,pbks,caught,true,false,false
598016,2,false,2b6e6dec,pbks,caught,true,false,false
598016,2,false,fd835ab3,pbks,caught,true,false,false
598016,2,false,d67d5f00,pbks,caught,true,false,false
598016,2,false,2b6e6dec,pbks,run out,false,false,true
598016,2,false,e938e1bc,pbks,run out,false,false,true
598017,1,false,ba607b88,rcb,caught,true,false,false
598017,1,false,41eb4a4f,rcb,caught,true,false,false
598017,1,false,ba607b88,rcb,caught,true,false,false
598017,1,false,41eb4a4f,rcb,run out,false,false,true
598017,2,false,d18f9182,dc,caught,true,false,false
598017,2,false,cc1e8c68,dc,caught,true,false,false
598017,2,false,5bb5a915,dc,run out,false,false,true
598017,2,false,5fa06777,dc,run out,false,false,true
598017,2,false,5bb5a915,dc,run out,false,false,true
598017,2,false,dcce6f09,dc,caught,true,false,false
598017,2,false,d18f9182,dc,caught,true,false,false
598017,4,true,db584dad,rcb,caught,true,false,false
598018,1,false,3d8feaf8,pwi,caught,true,false,false
598018,1,false,b8d490fd,pwi,caught,true,false,false
598018,1,false,1c17e270,pwi,caught,true,false,false
598018,1,false,93b4fc78,pwi,caught,true,false,false
598018,1,false,a45a5e8d,pwi,run out,false,false,true
598018,1,false,1c17e270,pwi,run out,false,false,true
598018,2,false,53f27a35,srh,caught,true,false,false
598018,2,false,372455c4,srh,caught,true,false,false
598018,2,false,1c2a64cd,srh,caught,true,false,false
598018,2,false,1c2a64cd,srh,caught,true,false,false
598018,2,false,53f27a35,srh,caught,true,false,false
598018,2,false,8fd1a8f5,srh,caught,true,false,false
598019,1,false,c03f1114,mi,caught,true,false,false
598019,1,false,d2c2b2d5,mi,caught,true,false,false
598019,1,false,f5180fe6,mi,run out,false,false,true
598019,1,false,6c6591ab,mi,run out,false,false,true
598019,2,false,3d7e087f,rr,caught,true,false,false
598019,2,false,4329fbb5,rr,caught,true,false,false
598019,2,false,b57f8a9a,rr,caught,true,false,false
598019,2,false,808f425a,rr,caught,true,false,false
598019,2,false,0184dc35,rr,run out,false,false,true
598019,2,false,063b3673,rr,run out,false,false,true
598020,1,false,99d63244,dc,caught,true,false,false
598020,1,false,9868bc75,dc,caught,true,false,false
598020,1,false,9868bc75,dc,run out,false,false,true
598020,1,false,99d63244,dc,run out,false,false,true
598020,2,false,48fd7349,csk,caught,true,false,false
598020,2,false,1dc12ab9,csk,run out,false,false,true
598020,2,false,fe93fd9d,csk,run out,false,false,true
598020,2,false,87e562a9,csk,caught,true,false,false
598020,2,false,87e562a9,csk,caught,true,false,false
598020,2,false,87e562a9,csk,caught,true,false,false
598020,2,false,1dc12ab9,csk,caught,true,false,false
598021,1,false,372455c4,srh,caught,true,false,false
598021,1,false,5bb1a1c4,srh,caught,true,false,false
598021,1,false,0f12f9df,srh,caught,true,false,false
598021,1,false,2461eef2,srh,run out,false,false,true
598021,1,false,0f12f9df,srh,run out,false,false,true
598021,1,false,2461eef2,srh,caught,true,false,false
598021,1,false,1c2a64cd,srh,caught,true,false,false
598021,1,false,5bb1a1c4,srh,run out,false,false,true
598021,1,false,372455c4,srh,run out,false,false,true
598021,1,false,5bb1a1c4,srh,caught,true,false,false
598021,2,false,9a158001,pbks,caught,true,false,false
598021,2,false,fd835ab3,pbks,caught,true,false,false
598022,1,false,48fd7349,csk,caught,true,false,false
598022,1,false,3576e47e,csk,run out,false,false,true
598022,1,false,fe93fd9d,csk,caught,true,false,false
598022,1,false,87e562a9,csk,run out,false,false,true
598022,1,false,4a8a2e3b,csk,run out,false,false,true
598022,1,false,759ac88f,csk,caught,true,false,false
598022,1,false,759ac88f,csk,caught,true,false,false
598022,2,false,4c4fa80b,kkr,caught,true,false,false
598022,2,false,9d430b40,kkr,caught,true,false,false
598022,2,false,d2a6c0e6,kkr,run out,false,false,true
598022,2,false,3c6ffae8,kkr,caught,true,false,false
598023,1,false,abfeb126,rcb,caught,true,false,false
598023,1,false,5bdcdb72,rcb,caught,true,false,false
598023,1,false,7daedf2f,rcb,caught,true,false,false
598023,1,false,d68e7f48,rcb,caught,true,false,false
598023,1,false,7daedf2f,rcb,caught,true,false,false
598023,1,false,d68e7f48,rcb,caught,true,false,false
598023,1,false,d68e7f48,rcb,caught,true,false,false
598023,1,false,c3d1402f,rcb,caught,true,false,false
598023,2,false,063b3673,rr,caught,true,false,false
598023,2,false,99b202b3,rr,caught,true,false,false
598024,1,false,cc1e8c68,dc,caught,true,false,false
598024,1,false,cc1e8c68,dc,run out,false,false,true
598024,1,false,dcce6f09,dc,caught,true,false,false
598024,1,false,bbd41817,dc,caught,true,false,false
598025,1,false,2b6e6dec,pbks,caught,true,false,false
598025,1,false,c03e2850,pbks,caught,true,false,false
598025,1,false,6eb146d2,pbks,caught,true,false,false
598025,1,false,fd835ab3,pbks,caught,true,false,false
598025,2,false,1c17e270,pwi,caught,true,false,false
598026,1,false,4a8a2e3b,csk,caught,true,false,false
598026,1,false,48fd7349,csk,caught,true,false,false
598026,2,false,0184dc35,rr,run out,false,false,true
598026,2,false,bd17b45f,rr,caught,true,false,false
598027,1,false,ef5da05c,pwi,caught,true,false,false
598027,1,false,66b30f71,pwi,run out,false,false,true
598027,1,false,c42aaf71,pwi,caught,true,false,false
598027,1,false,3d8feaf8,pwi,caught,true,false,false
598027,1,false,3d8feaf8,pwi,caught,true,false,false
598027,2,false,c3d1402f,rcb,caught,true,false,false
598027,2,false,abfeb126,rcb,caught,true,false,false
598027,2,false,c4487b84,rcb,caught,true,false,false
598027,2,false,ba607b88,rcb,caught,true,false,false
598027,2,false,5bdcdb72,rcb,caught,true,false,false
598027,2,false,7daedf2f,rcb,caught,true,false,false
598027,2,false,7daedf2f,rcb,stumped,false,true,false
598028,1,false,dcf81436,dc,caught,true,false,false
598028,1,false,5fa06777,dc,caught,true,false,false
598028,1,false,27af6414,dc,caught,true,false,false
598028,2,false,2b6e6dec,pbks,caught,true,false,false
598028,2,false,508a1ea7,pbks,caught,true,false,false
598028,2,false,2b6e6dec,pbks,caught,true,false,false
598028,2,false,c03e2850,pbks,caught,true,false,false
598028,2,false,d67d5f00,pbks,caught,true,false,false
598029,1,false,8b5b6769,mi,caught,true,false,false
598029,1,false,8b5b6769,mi,caught,true,false,false
598029,1,false,740742ef,mi,caught,true,false,false
598029,1,false,740742ef,mi,caught,true,false,false
598029,2,false,b8a55852,kkr,caught,true,false,false
598029,2,false,26e5cabf,kkr,caught,true,false,false
598030,1,false,4b57e452,csk,caught,true,false,false
598030,1,false,1dc12ab9,csk,run out,false,false,true
598030,1,false,4a8a2e3b,csk,caught,true,false,false
598030,1,false,87e562a9,csk,caught,true,false,false
598030,1,false,fb66ce1f,csk,caught,true,false,false
598030,2,false,372455c4,srh,stumped,false,true,false
598030,2,false,372455c4,srh,caught,true,false,false
598030,2,false,c03c6200,srh,caught,true,false,false
598030,2,false,1c2a64cd,srh,caught,true,false,false
598030,2,false,6b19d823,srh,caught,true,false,false
598031,1,false,d2a6c0e6,kkr,caught,true,false,false
598031,1,false,d2a6c0e6,kkr,caught,true,false,false
598031,1,false,7050a1e7,kkr,caught,true,false,false
598031,1,false,4c4fa80b,kkr,caught,true,false,false
598031,1,false,86dc8f2e,kkr,run out,false,false,true
598031,1,false,5afd4539,kkr,run out,false,false,true
598031,2,false,2b6e6dec,pbks,caught,true,false,false
598031,2,false,2b6e6dec,pbks,caught,true,false,false
598031,2,false,6eb146d2,pbks,caught,true,false,false
598032,1,false,4329fbb5,rr,caught,true,false,false
598032,1,false,4329fbb5,rr,caught,true,false,false
598032,1,false,29e95537,rr,caught,true,false,false
598032,1,false,b57f8a9a,rr,caught,true,false,false
598032,1,false,557153ca,rr,caught,true,false,false
598032,1,false,063b3673,rr,caught,true,false,false
598032,1,false,557153ca,rr,caught,true,false,false
598032,1,false,29e95537,rr,caught,true,false,false
598032,2,false,6b71e6cf,srh,caught,true,false,false
598032,2,false,94253925,srh,caught,true,false,false
598033,1,false,c4487b84,rcb,run out,false,false,true
598033,1,false,c64c2443,rcb,run out,false,false,true
598033,1,false,ba607b88,rcb,run out,false,false,true
598033,1,false,ba607b88,rcb,run out,false,false,true
598033,1,false,d68e7f48,rcb,caught,true,false,false
598033,1,false,709b0bac,rcb,caught,true,false,false
598033,2,false,f5180fe6,mi,caught,true,false,false
598033,2,false,70d205c9,mi,caught,true,false,false
598033,2,false,c03f1114,mi,caught,true,false,false
598033,2,false,c03f1114,mi,caught,true,false,false
598033,2,false,c03f1114,mi,stumped,false,true,false
598033,2,false,8b5b6769,mi,caught,true,false,false
598033,2,false,f5180fe6,mi,caught,true,false,false
598034,1,false,d2a6c0e6,kkr,caught,true,false,false
598034,1,false,7050a1e7,kkr,caught,true,false,false
598034,1,false,7050a1e7,kkr,run out,false,false,true
598034,1,false,b2b50355,kkr,run out,false,false,true
598034,2,false,c404f58a,csk,caught,true,false,false
598034,2,false,48fd7349,csk,run out,false,false,true
598035,1,false,cca50cd6,pwi,caught,true,false,false
598035,1,false,1c17e270,pwi,caught,true,false,false
598035,1,false,1c17e270,pwi,caught,true,false,false
598035,1,false,1c17e270,pwi,caught,true,false,false
598035,1,false,c42aaf71,pwi,caught,true,false,false
598035,2,false,0c94f480,dc,caught,true,false,false
598035,2,false,99d63244,dc,caught,true,false,false
598035,2,false,dcce6f09,dc,caught,true,false,false
598035,2,false,27af6414,dc,caught,true,false,false
598036,1,false,a4cc73aa,rr,caught,true,false,false
598036,1,false,808f425a,rr,caught,true,false,false
598036,1,false,808f425a,rr,caught,true,false,false
598036,1,false,808f425a,rr,run out,false,false,true
598036,1,false,a4cc73aa,rr,run out,false,false,true
598036,1,false,a4cc73aa,rr,caught,true,false,false
598036,2,false,c3d1402f,rcb,caught,true,false,false
598036,2,false,abfeb126,rcb,caught,true,false,false
598036,2,false,c4487b84,rcb,caught,true,false,false
598036,2,false,ba607b88,rcb,run out,false,false,true
598036,2,false,c4487b84,rcb,run out,false,false,true
598037,1,false,d67d5f00,pbks,caught,true,false,false
598037,2,false,a757b0d8,mi,caught,true,false,false
598037,2,false,a757b0d8,mi,caught,true,false,false
598037,2,false,f5180fe6,mi,caught,true,false,false
598037,2,false,35205dfc,mi,caught,true,false,false
598037,2,false,c03f1114,mi,caught,true,false,false
598037,2,false,c03f1114,mi,caught,true,false,false
598037,2,false,70d205c9,mi,caught,true,false,false
598037,2,false,d2c2b2d5,mi,caught,true,false,false
598037,2,false,d2c2b2d5,mi,caught,true,false,false
598038,1,false,30a45b23,pwi,caught,true,false,false
598038,2,false,4a8a2e3b,csk,caught,true,false,false
598038,2,false,1dc12ab9,csk,run out,false,false,true
598038,2,false,4a8a2e3b,csk,caught,true,false,false
598038,2,false,c3d35165,csk,run out,false,false,true
598038,2,false,c3d35165,csk,run out,false,false,true
598038,2,false,495d42a5,csk,run out,false,false,true
598038,2,false,1dc12ab9,csk,caught,true,false,false
598038,2,false,1dc12ab9,csk,caught,true,false,false
598039,1,false,119678fd,srh,caught,true,false,false
598039,1,false,5bb1a1c4,srh,caught,true,false,false
598039,2,false,35205dfc,mi,caught,true,false,false
598039,2,false,70d205c9,mi,caught,true,false,false
598040,1,false,5fa06777,dc,run out,false,false,true
598040,1,false,5fa06777,dc,caught,true,false,false
598040,1,false,cc1e8c68,dc,caught,true,false,false
598040,1,false,27af6414,dc,caught,true,false,false
598040,1,false,99d63244,dc,caught,true,false,false
598040,1,false,0c94f480,dc,caught,true,false,false
598040,2,false,3c6ffae8,kkr,caught,true,false,false
598040,2,false,86dc8f2e,kkr,caught,true,false,false
598040,2,false,b2b50355,kkr,caught,true,false,false
598041,1,false,508a1ea7,pbks,caught,true,false,false
598041,1,false,6eb146d2,pbks,stumped,false,true,false
598041,1,false,626c5379,pbks,run out,false,false,true
598041,1,false,6eb146d2,pbks,run out,false,false,true
598041,1,false,d67d5f00,pbks,caught,true,false,false
598041,2,false,1dc12ab9,csk,caught,true,false,false
598041,2,false,87e562a9,csk,caught,true,false,false
598041,2,false,48fd7349,csk,caught,true,false,false
598042,1,false,2e81a32d,pwi,caught,true,false,false
598042,1,false,5d9a1a73,pwi,caught,true,false,false
598042,2,false,4ba44e19,rcb,run out,false,false,true
598042,2,false,7daedf2f,rcb,run out,false,false,true
598042,2,false,c4487b84,rcb,caught,true,false,false
598042,2,false,7daedf2f,rcb,caught,true,false,false
598042,2,false,db584dad,rcb,caught,true,false,false
598042,2,false,c4487b84,rcb,caught,true,false,false
598042,2,false,c3d1402f,rcb,caught,true,false,false
598042,2,false,ba607b88,rcb,caught,true,false,false
598043,1,false,5afd4539,kkr,stumped,false,true,false
598043,1,false,bb345e0b,kkr,caught,true,false,false
598043,1,false,86dc8f2e,kkr,caught,true,false,false
598043,2,false,063b3673,rr,stumped,false,true,false
598043,2,false,29e95537,rr,caught,true,false,false
598044,1,false,b5da6c24,srh,stumped,false,true,false
598044,1,false,5bb1a1c4,srh,caught,true,false,false
598044,1,false,b5da6c24,srh,caught,true,false,false
598044,1,false,94253925,srh,run out,false,false,true
598044,1,false,c03c6200,srh,run out,false,false,true
598044,2,false,99d63244,dc,caught,true,false,false
598044,2,false,99d63244,dc,stumped,false,true,false
598044,2,false,cc1e8c68,dc,caught,true,false,false
598045,1,false,d67d5f00,pbks,caught,true,false,false
598045,1,false,c3a96caf,pbks,caught,true,false,false
598045,2,false,c4487b84,rcb,caught,true,false,false
598046,1,false,1dc12ab9,csk,caught,true,false,false
598046,1,false,1dc12ab9,csk,caught,true,false,false
598046,2,false,a757b0d8,mi,caught,true,false,false
598046,2,false,70d205c9,mi,caught,true,false,false
598046,2,false,35205dfc,mi,caught,true,false,false
598046,2,false,a757b0d8,mi,caught,true,false,false
598046,2,false,cedc1d9a,mi,caught,true,false,false
598046,2,false,70d205c9,mi,caught,true,false,false
598047,1,false,557153ca,rr,caught,true,false,false
598047,1,false,a4cc73aa,rr,run out,false,false,true
598047,1,false,29e95537,rr,caught,true,false,false
598047,2,false,3d8feaf8,pwi,caught,true,false,false
598047,2,false,5d9a1a73,pwi,caught,true,false,false
598047,2,false,2e81a32d,pwi,caught,true,false,false
598047,2,false,91b9300b,pwi,caught,true,false,false
598048,1,false,41eb4a4f,rcb,caught,true,false,false
598048,1,false,ba607b88,rcb,caught,true,false,false
598048,1,false,c4487b84,rcb,caught,true,false,false
598048,2,false,6b71e6cf,srh,caught,true,false,false
598048,2,false,b5da6c24,srh,caught,true,false,false
598048,2,false,94253925,srh,caught,true,false,false
598049,1,false,a4cc73aa,rr,caught,true,false,false
598049,1,false,dc9dd038,rr,caught,true,false,false
598049,1,false,0184dc35,rr,caught,true,false,false
598049,2,false,fa463154,dc,caught,true,false,false
598050,1,false,c654af19,kkr,caught,true,false,false
598050,1,false,d2a6c0e6,kkr,caught,true,false,false
598050,1,false,9d430b40,kkr,caught,true,false,false
598050,1,false,b2b50355,kkr,run out,false,false,true
598050,1,false,5afd4539,kkr,run out,false,false,true
598050,1,false,3c6ffae8,kkr,run out,false,false,true
598050,2,false,c03f1114,mi,stumped,false,true,false
598050,2,false,2af1b6d2,mi,caught,true,false,false
598050,2,false,740742ef,mi,caught,true,false,false
598050,2,false,740742ef,mi,run out,false,false,true
598050,2,false,c03f1114,mi,run out,false,false,true
598050,2,false,a12e1d51,mi,caught,true,false,false
598050,2,false,c03f1114,mi,caught,true,false,false
598051,1,false,b5da6c24,srh,caught,true,false,false
598051,1,false,119678fd,srh,caught,true,false,false
598051,2,false,4a8a2e3b,csk,run out,false,false,true
598051,2,false,fb66ce1f,csk,caught,true,false,false
598051,2,false,4b57e452,csk,caught,true,false,false
598051,2,false,fb66ce1f,csk,caught,true,false,false
598051,2,false,4b57e452,csk,caught,true,false,false
598051,2,false,3576e47e,csk,caught,true,false,false
598051,2,false,fe93fd9d,csk,run out,false,false,true
598051,2,false,0f721006,csk,caught,true,false,false
598052,1,false,29e95537,rr,caught,true,false,false
598052,1,false,a4cc73aa,rr,caught,true,false,false
598053,1,false,de8d3876,pwi,stumped,false,true,false
598053,1,false,896d78ad,pwi,caught,true,false,false
598053,1,false,1c17e270,pwi,caught,true,false,false
598053,1,false,896d78ad,pwi,caught,true,false,false
598053,1,false,de8d3876,pwi,caught,true,false,false
598053,1,false,27e71d47,pwi,caught,true,false,false
598053,2,false,5afd4539,kkr,caught,true,false,false
598053,2,false,bb345e0b,kkr,caught,true,false,false
598053,2,false,26e5cabf,kkr,caught,true,false,false
598053,2,false,26e5cabf,kkr,caught,true,false,false
598053,2,false,5afd4539,kkr,caught,true,false,false
598053,2,false,26e5cabf,kkr,caught,true,false,false
598054,1,false,27af6414,dc,run out,false,false,true
598054,1,false,99d63244,dc,run out,false,false,true
598054,2,false,d4f9dbd4,rcb,caught,true,false,false
598054,2,false,41eb4a4f,rcb,caught,true,false,false
598054,2,false,41eb4a4f,rcb,caught,true,false,false
598055,1,false,35205dfc,mi,caught,true,false,false
598055,1,false,70d205c9,mi,caught,true,false,false
598055,1,false,d2c2b2d5,mi,run out,false,false,true
598055,1,false,8b5b6769,mi,caught,true,false,false
598055,1,false,8b5b6769,mi,caught,true,false,false
598055,1,false,35205dfc,mi,caught,true,false,false
598055,2,false,93b4fc78,pwi,caught,true,false,false
598055,2,false,93b4fc78,pwi,caught,true,false,false
598055,2,false,896d78ad,pwi,caught,true,false,false
598055,2,false,66b30f71,pwi,caught,true,false,false
598056,1,false,d67d5f00,pbks,caught,true,false,false
598056,1,false,2b6e6dec,pbks,caught,true,false,false
598056,1,false,626c5379,pbks,run out,false,false,true
598056,1,false,2a72fd4f,pbks,run out,false,false,true
598056,2,false,d0513f63,srh,caught,true,false,false
598056,2,false,0f12f9df,srh,caught,true,false,false
598056,2,false,d0513f63,srh,caught,true,false,false
598056,2,false,0f12f9df,srh,run out,false,false,true
598056,2,false,b5da6c24,srh,run out,false,false,true
598056,2,false,0a476045,srh,caught,true,false,false
598056,2,false,5bb1a1c4,srh,run out,false,false,true
598056,2,false,c03c6200,srh,run out,false,false,true
598056,2,false,5bb1a1c4,srh,caught,true,false,false
598057,1,false,b2b50355,kkr,caught,true,false,false
598057,1,false,5afd4539,kkr,stumped,false,true,false
598057,1,false,5afd4539,kkr,caught,true,false,false
598057,1,false,26e5cabf,kkr,caught,true,false,false
598057,1,false,26e5cabf,kkr,caught,true,false,false
598057,2,false,32198ae0,rcb,caught,true,false,false
598057,2,false,db584dad,rcb,caught,true,false,false
598057,2,false,32198ae0,rcb,caught,true,false,false
598057,2,false,ba607b88,rcb,caught,true,false,false
598058,1,false,a4cc73aa,rr,caught,true,false,false
598058,1,false,4329fbb5,rr,caught,true,false,false
598058,1,false,063b3673,rr,run out,false,false,true
598058,2,false,4b57e452,csk,caught,true,false,false
598058,2,false,4a8a2e3b,csk,caught,true,false,false
598058,2,false,4a8a2e3b,csk,caught,true,false,false
598059,1,false,fd835ab3,pbks,caught,true,false,false
598059,1,false,c3a96caf,pbks,caught,true,false,false
598059,1,false,c3a96caf,pbks,caught,true,false,false
598059,1,false,1a0c3177,pbks,caught,true,false,false
598059,1,false,c3a96caf,pbks,caught,true,false,false
598059,1,false,d67d5f00,pbks,caught,true,false,false
598059,2,false,7c503806,dc,caught,true,false,false
598059,2,false,dcce6f09,dc,run out,false,false,true
598059,2,false,7c503806,dc,caught,true,false,false
598060,1,false,70d205c9,mi,caught,true,false,false
598060,1,false,c03f1114,mi,caught,true,false,false
598060,1,false,f5180fe6,mi,caught,true,false,false
598060,2,false,d0513f63,srh,caught,true,false,false
598060,2,false,b5da6c24,srh,stumped,false,true,false
598061,1,false,5afd4539,kkr,run out,false,false,true
598061,1,false,86dc8f2e,kkr,run out,false,false,true
598061,1,false,4ec07775,kkr,caught,true,false,false
598061,2,false,1c914163,pwi,caught,true,false,false
598061,2,false,ef5da05c,pwi,run out,false,false,true
598061,2,false,1c17e270,pwi,run out,false,false,true
598061,2,false,93b4fc78,pwi,caught,true,false,false
598061,2,false,cca50cd6,pwi,run out,false,false,true
598061,2,false,1c17e270,pwi,run out,false,false,true
598061,2,false,896d78ad,pwi,run out,false,false,true
598062,1,false,27af6414,dc,run out,false,false,true
598062,1,false,8ba8195d,dc,caught,true,false,false
598062,1,false,dcce6f09,dc,caught,true,false,false
598062,2,false,4a8a2e3b,csk,caught,true,false,false
598062,2,false,0f721006,csk,caught,true,false,false
598062,2,false,0f721006,csk,caught,true,false,false
598062,2,false,4a8a2e3b,csk,caught,true,false,false
598062,2,false,495d42a5,csk,caught,true,false,false
598062,2,false,1dc12ab9,csk,caught,true,false,false
598062,2,false,4b57e452,csk,caught,true,false,false
598062,2,false,4a8a2e3b,csk,caught,true,false,false
598063,1,false,a4cc73aa,rr,caught,true,false,false
598063,1,false,4329fbb5,rr,caught,true,false,false
598063,1,false,4329fbb5,rr,caught,true,false,false
598063,1,false,557153ca,rr,run out,false,false,true
598063,1,false,a4cc73aa,rr,caught,true,false,false
598063,1,false,b57f8a9a,rr,caught,true,false,false
598063,1,false,4329fbb5,rr,run out,false,false,true
598063,1,false,808f425a,rr,run out,false,false,true
598063,1,false,063b3673,rr,run out,false,false,true
598063,2,false,c03f1114,mi,caught,true,false,false
598063,2,false,b681e71e,mi,caught,true,false,false
598063,2,false,6c6591ab,mi,caught,true,false,false
598063,2,false,a12e1d51,mi,caught,true,false,false
598063,2,false,a757b0d8,mi,caught,true,false,false
598064,1,false,508a1ea7,pbks,caught,true,false,false
598064,2,false,c4487b84,rcb,caught,true,false,false
598064,2,false,7daedf2f,rcb,caught,true,false,false
598064,2,false,32198ae0,rcb,caught,true,false,false
598065,1,false,29e95537,rr,caught,true,false,false
598065,1,false,3d7e087f,rr,caught,true,false,false
598065,1,false,dc9dd038,rr,caught,true,false,false
598065,1,false,b57f8a9a,rr,caught,true,false,false
598065,1,false,557153ca,rr,caught,true,false,false
598065,1,false,bd17b45f,rr,run out,false,false,true
598065,1,false,dc9dd038,rr,run out,false,false,true
598065,1,false,557153ca,rr,run out,false,false,true
598065,1,false,557153ca,rr,run out,false,false,true
598065,2,false,d0513f63,srh,run out,false,false,true
598065,2,false,0a476045,srh,caught,true,false,false
598065,2,false,8fd1a8f5,srh,caught,true,false,false
598065,2,false,c03c6200,srh,caught,true,false,false
598065,2,false,0f12f9df,srh,caught,true,false,false
598065,2,false,53f27a35,srh,caught,true,false,false
598066,1,false,a757b0d8,mi,caught,true,false,false
598066,1,false,56ab442f,mi,caught,true,false,false
598066,1,false,b681e71e,mi,run out,false,false,true
598066,1,false,c03f1114,mi,run out,false,false,true
598066,2,false,c03e2850,pbks,caught,true,false,false
598066,2,false,2b6e6dec,pbks,caught,true,false,false
598066,2,false,d67d5f00,pbks,caught,true,false,false
598066,2,false,6eb146d2,pbks,caught,true,false,false
598067,1,false,dcce6f09,dc,caught,true,false,false
598067,1,false,8ba8195d,dc,caught,true,false,false
598067,1,false,8ba8195d,dc,caught,true,false,false
598067,1,false,8ba8195d,dc,caught,true,false,false
598067,2,false,1c17e270,pwi,caught,true,false,false
598067,2,false,cca50cd6,pwi,caught,true,false,false
598067,2,false,b2570b38,pwi,caught,true,false,false
598067,2,false,b2570b38,pwi,caught,true,false,false
598067,2,false,3a60e0b5,pwi,caught,true,false,false
598067,2,false,93b4fc78,pwi,caught,true,false,false
598067,2,false,896d78ad,pwi,caught,true,false,false
598068,1,false,48fd7349,csk,caught,true,false,false
598068,1,false,fe93fd9d,csk,caught,true,false,false
598068,2,false,b17e2f24,rcb,caught,true,false,false
598068,2,false,41eb4a4f,rcb,caught,true,false,false
598068,2,false,709b0bac,rcb,caught,true,false,false
598068,2,false,db584dad,rcb,caught,true,false,false
598068,2,false,1e66c162,rcb,caught,true,false,false
598069,1,false,d0513f63,srh,caught,true,false,false
598069,1,false,53f27a35,srh,run out,false,false,true
598069,1,false,b5da6c24,srh,run out,false,false,true
598069,1,false,0a476045,srh,caught,true,false,false
598069,1,false,0f12f9df,srh,caught,true,false,false
598069,1,false,0f12f9df,srh,caught,true,false,false
598069,2,false,d2a6c0e6,kkr,run out,false,false,true
598069,2,false,5afd4539,kkr,run out,false,false,true
598069,2,false,2728e7e9,kkr,caught,true,false,false
598070,1,false,35205dfc,mi,caught,true,false,false
598070,2,false,4b57e452,csk,caught,true,false,false
598070,2,false,1dc12ab9,csk,caught,true,false,false
598070,2,false,87e562a9,csk,caught,true,false,false
598070,2,false,48fd7349,csk,caught,true,false,false
598070,2,false,4b57e452,csk,caught,true,false,false
598070,2,false,1dc12ab9,csk,caught,true,false,false
598070,2,false,48fd7349,csk,caught,true,false,false
598070,2,false,fb66ce1f,csk,caught,true,false,false
598070,2,false,87e562a9,csk,caught,true,false,false
598071,1,false,a4cc73aa,rr,caught,true,false,false
598071,1,false,557153ca,rr,caught,true,false,false
598071,1,false,557153ca,rr,caught,true,false,false
598071,1,false,3d7e087f,rr,caught,true,false,false
598071,1,false,de4b0555,rr,run out,false,false,true
598071,1,false,063b3673,rr,run out,false,false,true
598071,1,false,063b3673,rr,caught,true,false,false
598071,1,false,29e95537,rr,run out,false,false,true
598071,1,false,808f425a,rr,run out,false,false,true
598071,2,false,119678fd,srh,caught,true,false,false
598071,2,false,c03c6200,srh,caught,true,false,false
598072,1,false,740742ef,mi,caught,true,false,false
598072,1,false,8b5b6769,mi,caught,true,false,false
598072,1,false,740742ef,mi,caught,true,false,false
598072,1,false,8b5b6769,mi,caught,true,false,false
598072,1,false,35205dfc,mi,caught,true,false,false
598072,2,false,a4cc73aa,rr,caught,true,false,false
598072,2,false,29e95537,rr,caught,true,false,false
598072,2,false,a4cc73aa,rr,caught,true,false,false
598072,2,false,557153ca,rr,caught,true,false,false
598073,1,false,48fd7349,csk,caught,true,false,false
598073,1,false,759ac88f,csk,run out,false,false,true
598073,1,false,fb66ce1f,csk,run out,false,false,true
598073,1,false,4a8a2e3b,csk,caught,true,false,false
598073,1,false,4a8a2e3b,csk,caught,true,false,false
598073,2,false,35205dfc,mi,caught,true,false,false
598073,2,false,c03f1114,mi,caught,true,false,false
598073,2,false,f5180fe6,mi,caught,true,false,false
598073,2,false,a757b0d8,mi,caught,true,false,false
598073,2,false,740742ef,mi,caught,true,false,false
598073,2,false,c03f1114,mi,caught,true,false,false
598073,2,false,2e171977,mi,caught,true,false,false
729279,1,false,740742ef,mi,caught,true,false,false
729279,1,false,8abdf100,mi,caught,true,false,false
729279,1,false,740742ef,mi,caught,true,false,false
729279,2,false,86dc8f2e,kkr,caught,true,false,false
729279,2,false,1c17e270,kkr,stumped,false,true,false
729279,2,false,1c17e270,kkr,stumped,false,true,false
729281,1,false,ba607b88,rcb,caught,true,false,false
729281,1,false,b5da6c24,rcb,caught,true,false,false
729281,1,false,b5da6c24,rcb,caught,true,false,false
729281,2,false,c03f1114,dc,caught,true,false,false
729283,1,false,b681e71e,pbks,caught,true,false,false
729283,1,false,5056011d,pbks,caught,true,false,false
729283,1,false,8ba8195d,pbks,caught,true,false,false
729283,1,false,26a85969,pbks,caught,true,false,false
729285,1,false,dfc4d8b5,rr,caught,true,false,false
729285,1,false,dfc4d8b5,rr,caught,true,false,false
729285,1,false,dfc4d8b5,rr,caught,true,false,false
729285,1,false,29e95537,rr,caught,true,false,false
729285,1,false,a4cc73aa,rr,caught,true,false,false
729285,1,false,b57f8a9a,rr,caught,true,false,false
729285,2,false,0a476045,srh,caught,true,false,false
729285,2,false,b17e2f24,srh,caught,true,false,false
729285,2,false,b8d490fd,srh,caught,true,false,false
729285,2,false,c03c6200,srh,caught,true,false,false
729285,2,false,b8d490fd,srh,caught,true,false,false
729287,1,false,57ee1fde,rcb,caught,true,false,false
729287,1,false,44afbf2d,rcb,caught,true,false,false
729287,1,false,c4487b84,rcb,caught,true,false,false
729287,1,false,90edaaa9,rcb,caught,true,false,false
729287,1,false,c4487b84,rcb,caught,true,false,false
729287,1,false,ba607b88,rcb,caught,true,false,false
729287,1,false,90edaaa9,rcb,caught,true,false,false
729287,1,false,1c914163,rcb,run out,false,false,true
729287,2,false,8b5b6769,mi,caught,true,false,false
729289,1,false,b61a3e1a,dc,caught,true,false,false
729289,1,false,2e8994e7,dc,caught,true,false,false
729289,1,false,b61a3e1a,dc,caught,true,false,false
729289,2,false,93b4fc78,kkr,run out,false,false,true
729289,2,false,98ae73b1,kkr,caught,true,false,false
729289,2,false,9d430b40,kkr,caught,true,false,false
729289,2,false,3c6ffae8,kkr,caught,true,false,false
729291,1,false,5056011d,pbks,run out,false,false,true
729291,1,false,d67d5f00,pbks,caught,true,false,false
729291,2,false,bd17b45f,rr,caught,true,false,false
729291,2,false,d2a989fc,rr,caught,true,false,false
729291,2,false,30a45b23,rr,caught,true,false,false
729293,1,false,3a60e0b5,dc,caught,true,false,false
729293,1,false,4b57e452,dc,caught,true,false,false
729293,1,false,4b57e452,dc,caught,true,false,false
729293,1,false,00ea847a,dc,caught,true,false,false
729293,1,false,c03f1114,dc,caught,true,false,false
729293,1,false,8cf9814c,dc,run out,false,false,true
729293,2,false,1dc12ab9,csk,caught,true,false,false
729293,2,false,3355b542,csk,caught,true,false,false
729293,2,false,3355b542,csk,caught,true,false,false
729293,2,false,4a8a2e3b,csk,caught,true,false,false
729293,2,false,1dc12ab9,csk,caught,true,false,false
729293,2,false,b8a55852,csk,caught,true,false,false
729293,2,false,1dc12ab9,csk,caught,true,false,false
729295,1,false,c03c6200,srh,caught,true,false,false
729295,1,false,fe763256,srh,caught,true,false,false
729295,1,false,dcce6f09,srh,caught,true,false,false
729295,1,false,c03c6200,srh,caught,true,false,false
729295,1,false,dcce6f09,srh,caught,true,false,false
729295,2,false,fe11caa6,pbks,caught,true,false,false
729295,2,false,b681e71e,pbks,caught,true,false,false
729295,2,false,2e171977,pbks,caught,true,false,false
729295,2,false,d67d5f00,pbks,caught,true,false,false
729295,2,false,d67d5f00,pbks,caught,true,false,false
729295,2,false,f5180fe6,pbks,caught,true,false,false
729297,1,false,30a45b23,rr,caught,true,false,false
729297,1,false,4329fbb5,rr,caught,true,false,false
729297,1,false,d2a989fc,rr,caught,true,false,false
729297,1,false,33a364a6,rr,run out,false,false,true
729297,1,false,808f425a,rr,caught,true,false,false
729297,1,false,a45a5e8d,rr,caught,true,false,false
729297,2,false,b8a55852,csk,run out,false,false,true
729297,2,false,c42aaf71,csk,caught,true,false,false
729297,2,false,f3171936,csk,caught,true,false,false
729297,2,false,3355b542,csk,caught,true,false,false
729297,2,false,3355b542,csk,caught,true,false,false
729297,2,false,4a8a2e3b,csk,caught,true,false,false
729297,2,false,495d42a5,csk,caught,true,false,false
729297,2,false,3355b542,csk,run out,false,false,true
729297,2,false,495d42a5,csk,run out,false,false,true
729299,1,false,ba607b88,rcb,caught,true,false,false
729299,1,false,c4487b84,rcb,caught,true,false,false
729299,1,false,ba607b88,rcb,caught,true,false,false
729299,1,false,4e04666c,rcb,caught,true,false,false
729299,1,false,3fb19989,rcb,caught,true,false,false
729299,1,false,c3d35165,rcb,caught,true,false,false
729299,2,false,45eda7c8,kkr,caught,true,false,false
729299,2,false,3c6ffae8,kkr,caught,true,false,false
729299,2,false,45eda7c8,kkr,caught,true,false,false
729301,1,false,39f01cdb,dc,caught,true,false,false
729301,2,false,b8d490fd,srh,caught,true,false,false
729301,2,false,8fd1a8f5,srh,caught,true,false,false
729301,2,false,b17e2f24,srh,caught,true,false,false
729301,2,false,c03c6200,srh,caught,true,false,false
729303,1,false,1dc12ab9,csk,caught,true,false,false
729303,1,false,495d42a5,csk,run out,false,false,true
729303,1,false,35205dfc,csk,caught,true,false,false
729303,1,false,1dc12ab9,csk,caught,true,false,false
729303,1,false,b8a55852,csk,caught,true,false,false
729303,2,false,8abdf100,mi,caught,true,false,false
729303,2,false,30a2649b,mi,stumped,false,true,false
729303,2,false,30a2649b,mi,stumped,false,true,false
729305,1,false,a4cc73aa,rr,caught,true,false,false
729305,1,false,29e95537,rr,run out,false,false,true
729305,1,false,a4cc73aa,rr,run out,false,false,true
729305,1,false,30a45b23,rr,caught,true,false,false
729305,1,false,30a45b23,rr,caught,true,false,false
729305,1,false,13c35c9e,rr,caught,true,false,false
729305,1,false,bd17b45f,rr,caught,true,false,false
729305,1,false,13c35c9e,rr,caught,true,false,false
729305,2,false,b5da6c24,rcb,caught,true,false,false
729305,2,false,4e04666c,rcb,run out,false,false,true
729305,2,false,b5da6c24,rcb,run out,false,false,true
729305,2,false,b5da6c24,rcb,caught,true,false,false
729305,2,false,c4487b84,rcb,caught,true,false,false
729307,1,false,93b4fc78,kkr,run out,false,false,true
729307,1,false,5bb5a915,kkr,caught,true,false,false
729307,1,false,5bb5a915,kkr,caught,true,false,false
729307,1,false,1c17e270,kkr,stumped,false,true,false
729307,2,false,2e171977,pbks,caught,true,false,false
729307,2,false,b681e71e,pbks,caught,true,false,false
729307,2,false,5056011d,pbks,run out,false,false,true
729307,2,false,fe11caa6,pbks,stumped,false,true,false
729307,2,false,f5180fe6,pbks,caught,true,false,false
729309,1,false,8cf9814c,dc,run out,false,false,true
729309,1,false,372455c4,dc,caught,true,false,false
729309,1,false,372455c4,dc,caught,true,false,false
729309,1,false,b1451597,dc,caught,true,false,false
729309,1,false,9d80c5e1,dc,run out,false,false,true
729309,1,false,8cf9814c,dc,run out,false,false,true
729309,2,false,48fd7349,mi,caught,true,false,false
729309,2,false,5708d0b6,mi,caught,true,false,false
729309,2,false,70d205c9,mi,caught,true,false,false
729311,1,false,c42aaf71,csk,caught,true,false,false
729311,1,false,e0407c01,csk,caught,true,false,false
729311,1,false,35205dfc,csk,caught,true,false,false
729311,2,false,fe763256,srh,caught,true,false,false
729311,2,false,dcce6f09,srh,caught,true,false,false
729311,2,false,b17e2f24,srh,caught,true,false,false
729313,1,false,fe11caa6,pbks,caught,true,false,false
729313,1,false,fe11caa6,pbks,caught,true,false,false
729313,1,false,b681e71e,pbks,caught,true,false,false
729313,1,false,d67d5f00,pbks,caught,true,false,false
729313,2,false,b5da6c24,rcb,caught,true,false,false
729313,2,false,3fb19989,rcb,caught,true,false,false
729313,2,false,3fb19989,rcb,caught,true,false,false
729313,2,false,b5da6c24,rcb,caught,true,false,false
729313,2,false,b5da6c24,rcb,caught,true,false,false
729315,1,false,93b4fc78,kkr,run out,false,false,true
729315,1,false,5afd4539,kkr,run out,false,false,true
729315,1,false,5afd4539,kkr,caught,true,false,false
729315,1,false,271f83cd,kkr,caught,true,false,false
729315,2,false,944533a5,rr,caught,true,false,false
729315,2,false,30a45b23,rr,caught,true,false,false
729315,2,false,85aae393,rr,caught,true,false,false
729315,2,false,30a45b23,rr,caught,true,false,false
729315,2,false,30a45b23,rr,run out,false,false,true
729315,2,false,a4cc73aa,rr,run out,false,false,true
729315,3,true,a4cc73aa,rr,run out,false,false,true
729315,3,true,944533a5,rr,run out,false,false,true
729315,3,true,a4cc73aa,rr,run out,false,false,true
729317,1,false,8b5b6769,mi,caught,true,false,false
729317,1,false,272d796e,mi,caught,true,false,false
729317,1,false,30a2649b,mi,caught,true,false,false
729317,1,false,a757b0d8,mi,caught,true,false,false
729317,1,false,30a2649b,mi,caught,true,false,false
729317,2,false,890946a0,srh,caught,true,false,false
729317,2,false,dcce6f09,srh,caught,true,false,false
729317,2,false,890946a0,srh,caught,true,false,false
729317,2,false,0a476045,srh,caught,true,false,false
733971,1,false,271f83cd,kkr,caught,true,false,false
733971,1,false,3c6ffae8,kkr,caught,true,false,false
733971,2,false,4a8a2e3b,csk,run out,false,false,true
733971,2,false,f3171936,csk,run out,false,false,true
733971,2,false,c42aaf71,csk,caught,true,false,false
733971,2,false,b8a55852,csk,caught,true,false,false
733971,2,false,759ac88f,csk,caught,true,false,false
733971,2,false,4a8a2e3b,csk,caught,true,false,false
733971,2,false,3355b542,csk,caught,true,false,false
733973,1,false,740742ef,mi,run out,false,false,true
733973,1,false,30a2649b,mi,caught,true,false,false
733973,1,false,272d796e,mi,caught,true,false,false
733973,1,false,8abdf100,mi,caught,true,false,false
733973,1,false,272d796e,mi,caught,true,false,false
733973,2,false,fe11caa6,pbks,caught,true,false,false
733973,2,false,fe11caa6,pbks,caught,true,false,false
733973,2,false,d67d5f00,pbks,caught,true,false,false
733975,1,false,4329fbb5,rr,caught,true,false,false
733975,1,false,30a45b23,rr,caught,true,false,false
733975,1,false,bd17b45f,rr,caught,true,false,false
733975,1,false,33a364a6,rr,caught,true,false,false
733975,2,false,4b57e452,dc,caught,true,false,false
733975,2,false,c03f1114,dc,stumped,false,true,false
733977,1,false,b5da6c24,rcb,caught,true,false,false
733977,1,false,db584dad,rcb,caught,true,false,false
733977,1,false,c4487b84,rcb,caught,true,false,false
733977,1,false,3fb19989,rcb,caught,true,false,false
733977,1,false,3fb19989,rcb,caught,true,false,false
733977,2,false,890946a0,srh,caught,true,false,false
733977,2,false,c03c6200,srh,caught,true,false,false
733977,2,false,32198ae0,srh,caught,true,false,false
733977,2,false,b8d490fd,srh,run out,false,false,true
733979,1,false,9d430b40,kkr,run out,false,false,true
733979,1,false,1c17e270,kkr,stumped,false,true,false
733979,1,false,93b4fc78,kkr,caught,true,false,false
733979,1,false,271f83cd,kkr,caught,true,false,false
733979,1,false,271f83cd,kkr,caught,true,false,false
733979,1,false,4ec07775,kkr,caught,true,false,false
733979,2,false,a4cc73aa,rr,caught,true,false,false
733979,2,false,33a364a6,rr,caught,true,false,false
733979,2,false,a4cc73aa,rr,stumped,false,true,false
733981,1,false,1dc12ab9,csk,run out,false,false,true
733981,1,false,fe93fd9d,csk,run out,false,false,true
733981,1,false,759ac88f,csk,run out,false,false,true
733981,1,false,759ac88f,csk,caught,true,false,false
733981,1,false,e0407c01,csk,caught,true,false,false
733981,1,false,3355b542,csk,caught,true,false,false
733981,2,false,4b57e452,dc,caught,true,false,false
733981,2,false,4b57e452,dc,caught,true,false,false
733983,1,false,1c914163,rcb,caught,true,false,false
733983,1,false,b5da6c24,rcb,caught,true,false,false
733983,1,false,ba607b88,rcb,caught,true,false,false
733983,1,false,b5da6c24,rcb,run out,false,false,true
733983,1,false,3fb19989,rcb,run out,false,false,true
733983,2,false,8abdf100,mi,caught,true,false,false
733983,2,false,a757b0d8,mi,run out,false,false,true
733983,2,false,a757b0d8,mi,caught,true,false,false
733983,2,false,740742ef,mi,caught,true,false,false
733985,1,false,bb345e0b,kkr,caught,true,false,false
733985,1,false,1c17e270,kkr,run out,false,false,true
733985,1,false,9d430b40,kkr,caught,true,false,false
733985,1,false,86dc8f2e,kkr,caught,true,false,false
733985,2,false,c03f1114,dc,caught,true,false,false
733987,1,false,e0407c01,csk,caught,true,false,false
733987,1,false,fe93fd9d,csk,caught,true,false,false
733987,2,false,f5180fe6,pbks,caught,true,false,false
733987,2,false,d67d5f00,pbks,caught,true,false,false
733987,2,false,f5180fe6,pbks,run out,false,false,true
733987,2,false,abfeb126,pbks,caught,true,false,false
733987,2,false,5056011d,pbks,caught,true,false,false
733989,1,false,29e95537,rr,caught,true,false,false
733989,1,false,a4cc73aa,rr,stumped,false,true,false
733989,1,false,29e95537,rr,caught,true,false,false
733989,1,false,a4cc73aa,rr,caught,true,false,false
733989,1,false,a4cc73aa,rr,run out,false,false,true
733989,1,false,a4cc73aa,rr,run out,false,false,true
733989,2,false,dcce6f09,srh,caught,true,false,false
733989,2,false,890946a0,srh,caught,true,false,false
733989,2,false,890946a0,srh,caught,true,false,false
733989,2,false,dcce6f09,srh,run out,false,false,true
733989,2,false,5fa06777,srh,caught,true,false,false
733989,2,false,b8d490fd,srh,caught,true,false,false
733989,2,false,dcce6f09,srh,caught,true,false,false
733989,2,false,8fd1a8f5,srh,caught,true,false,false
733991,1,false,c3d35165,rcb,caught,true,false,false
733991,1,false,ba607b88,rcb,caught,true,false,false
733991,1,false,3fb19989,rcb,caught,true,false,false
733991,1,false,b5da6c24,rcb,caught,true,false,false
733991,1,false,57ee1fde,rcb,caught,true,false,false
733991,1,false,c4487b84,rcb,caught,true,false,false
733991,2,false,fe11caa6,pbks,caught,true,false,false
733991,2,false,fe11caa6,pbks,caught,true,false,false
733991,2,false,c3a96caf,pbks,caught,true,false,false
733991,2,false,8ba8195d,pbks,caught,true,false,false
733991,2,false,5056011d,pbks,caught,true,false,false
733991,2,false,2e171977,pbks,caught,true,false,false
733991,2,false,fe11caa6,pbks,caught,true,false,false
733991,2,false,d67d5f00,pbks,caught,true,false,false
733993,1,false,b17e2f24,srh,caught,true,false,false
733993,1,false,0a476045,srh,caught,true,false,false
733993,1,false,dcce6f09,srh,caught,true,false,false
733993,1,false,8fd1a8f5,srh,caught,true,false,false
733993,1,false,dcce6f09,srh,caught,true,false,false
733993,1,false,5fa06777,srh,caught,true,false,false
733993,2,false,2e8994e7,dc,caught,true,false,false
733995,1,false,b8a55852,csk,caught,true,false,false
733995,1,false,3355b542,csk,caught,true,false,false
733995,1,false,1dc12ab9,csk,caught,true,false,false
733995,1,false,1dc12ab9,csk,caught,true,false,false
733995,1,false,fe93fd9d,csk,caught,true,false,false
733995,1,false,3355b542,csk,caught,true,false,false
733995,2,false,30a2649b,mi,stumped,false,true,false
733995,2,false,89f64c19,mi,caught,true,false,false
733995,2,false,e938e1bc,mi,run out,false,false,true
733995,2,false,30a2649b,mi,run out,false,false,true
733997,1,false,1c17e270,kkr,caught,true,false,false
733997,1,false,5bb5a915,kkr,caught,true,false,false
733997,1,false,1c17e270,kkr,stumped,false,true,false
733997,1,false,271f83cd,kkr,run out,false,false,true
733997,1,false,1c17e270,kkr,run out,false,false,true
733997,2,false,2e171977,pbks,caught,true,false,false
733999,1,false,33a364a6,rr,caught,true,false,false
733999,1,false,a4cc73aa,rr,caught,true,false,false
733999,1,false,4329fbb5,rr,caught,true,false,false
733999,1,false,29e95537,rr,caught,true,false,false
733999,2,false,b5da6c24,rcb,caught,true,false,false
733999,2,false,cad00a4d,rcb,caught,true,false,false
734001,1,false,740742ef,mi,run out,false,false,true
734001,1,false,30a2649b,mi,run out,false,false,true
734001,1,false,a757b0d8,mi,caught,true,false,false
734001,2,false,0a476045,srh,caught,true,false,false
734003,1,false,35205dfc,csk,caught,true,false,false
734003,1,false,4a8a2e3b,csk,run out,false,false,true
734003,1,false,b8a55852,csk,run out,false,false,true
734003,1,false,3355b542,csk,caught,true,false,false
734003,1,false,35205dfc,csk,caught,true,false,false
734003,2,false,944533a5,rr,caught,true,false,false
734003,2,false,33a364a6,rr,caught,true,false,false
734003,2,false,063b3673,rr,caught,true,false,false
734005,1,false,de4b0555,dc,run out,false,false,true
734005,1,false,372455c4,dc,run out,false,false,true
734005,1,false,c03f1114,dc,caught,true,false,false
734005,2,false,90edaaa9,rcb,caught,true,false,false
734005,2,false,b5da6c24,rcb,stumped,false,true,false
734005,2,false,57ee1fde,rcb,caught,true,false,false
734005,2,false,b5da6c24,rcb,run out,false,false,true
734007,1,false,6f49cc6e,pbks,caught,true,false,false
734007,1,false,c03e2850,pbks,run out,false,false,true
734007,1,false,ce820073,pbks,run out,false,false,true
734007,1,false,d67d5f00,pbks,caught,true,false,false
734007,1,false,d67d5f00,pbks,caught,true,false,false
734007,2,false,890946a0,srh,stumped,false,true,false
734007,2,false,2e81a32d,srh,run out,false,false,true
734007,2,false,8fd1a8f5,srh,caught,true,false,false
734009,1,false,271f83cd,kkr,caught,true,false,false
734009,1,false,271f83cd,kkr,caught,true,false,false
734009,1,false,98ae73b1,kkr,caught,true,false,false
734009,2,false,70d205c9,mi,caught,true,false,false
734011,1,false,de4b0555,dc,caught,true,false,false
734011,1,false,c03f1114,dc,stumped,false,true,false
734011,1,false,99d63244,dc,caught,true,false,false
734011,1,false,de4b0555,dc,run out,false,false,true
734011,2,false,30a45b23,rr,caught,true,false,false
734011,2,false,2e11c706,rr,caught,true,false,false
734011,2,false,944533a5,rr,caught,true,false,false
734011,2,false,2e11c706,rr,run out,false,false,true
734011,2,false,30a45b23,rr,caught,true,false,false
734013,1,false,3fb19989,rcb,caught,true,false,false
734013,1,false,c4487b84,rcb,caught,true,false,false
734013,1,false,3fb19989,rcb,caught,true,false,false
734013,1,false,db584dad,rcb,caught,true,false,false
734013,2,false,1dc12ab9,csk,caught,true,false,false
734013,2,false,4a8a2e3b,csk,stumped,false,true,false
734013,2,false,fe93fd9d,csk,caught,true,false,false
734013,2,false,b8a55852,csk,caught,true,false,false
734015,1,false,5bb5a915,kkr,caught,true,false,false
734015,1,false,bb345e0b,kkr,caught,true,false,false
734015,1,false,3c6ffae8,kkr,caught,true,false,false
734015,1,false,3c6ffae8,kkr,caught,true,false,false
734015,1,false,93b4fc78,kkr,caught,true,false,false
734015,1,false,3c6ffae8,kkr,run out,false,false,true
734015,2,false,890946a0,srh,caught,true,false,false
734015,2,false,890946a0,srh,run out,false,false,true
734015,2,false,c03c6200,srh,run out,false,false,true
734015,2,false,b8d490fd,srh,caught,true,false,false
734017,1,false,557153ca,rr,caught,true,false,false
734017,1,false,557153ca,rr,caught,true,false,false
734017,1,false,808f425a,rr,run out,false,false,true
734017,2,false,48fd7349,mi,caught,true,false,false
734017,2,false,70d205c9,mi,caught,true,false,false
734017,2,false,70d205c9,mi,caught,true,false,false
734017,2,false,a757b0d8,mi,caught,true,false,false
734017,2,false,70d205c9,mi,caught,true,false,false
734017,2,false,855a210c,mi,stumped,false,true,false
734017,2,false,531f0278,mi,caught,true,false,false
734017,2,false,740742ef,mi,caught,true,false,false
734019,1,false,b56dc5f7,pbks,caught,true,false,false
734019,1,false,b681e71e,pbks,caught,true,false,false
734019,1,false,b681e71e,pbks,caught,true,false,false
734019,1,false,26a85969,pbks,caught,true,false,false
734019,1,false,b681e71e,pbks,caught,true,false,false
734019,2,false,4b57e452,dc,caught,true,false,false
734019,2,false,26e5cabf,dc,caught,true,false,false
734019,2,false,3a60e0b5,dc,caught,true,false,false
734019,2,false,99d63244,dc,caught,true,false,false
734021,1,false,9170ff49,srh,caught,true,false,false
734021,1,false,8fd1a8f5,srh,caught,true,false,false
734021,1,false,8fd1a8f5,srh,caught,true,false,false
734021,1,false,890946a0,srh,run out,false,false,true
734021,2,false,1c914163,rcb,run out,false,false,true
734021,2,false,b5da6c24,rcb,run out,false,false,true
734021,2,false,1c914163,rcb,caught,true,false,false
734021,2,false,1c914163,rcb,caught,true,false,false
734023,1,false,271f83cd,kkr,caught,true,false,false
734023,1,false,98ae73b1,kkr,run out,false,false,true
734023,1,false,4ec07775,kkr,caught,true,false,false
734023,2,false,3355b542,csk,caught,true,false,false
734025,1,false,e938e1bc,mi,run out,false,false,true
734025,1,false,a757b0d8,mi,caught,true,false,false
734025,1,false,70d205c9,mi,run out,false,false,true
734025,1,false,740742ef,mi,caught,true,false,false
734025,1,false,70d205c9,mi,caught,true,false,false
734025,2,false,8ba8195d,pbks,caught,true,false,false
734025,2,false,ce820073,pbks,caught,true,false,false
734027,1,false,4e04666c,rcb,caught,true,false,false
734027,1,false,3fb19989,rcb,caught,true,false,false
734027,1,false,ba607b88,rcb,run out,false,false,true
734027,1,false,4e04666c,rcb,run out,false,false,true
734027,2,false,5bb5a915,kkr,caught,true,false,false
734027,2,false,41eb4a4f,kkr,caught,true,false,false
734029,1,false,119678fd,srh,run out,false,false,true
734029,1,false,b8d490fd,srh,caught,true,false,false
734029,2,false,f62772e5,csk,caught,true,false,false
734029,2,false,1dc12ab9,csk,run out,false,false,true
734029,2,false,f62772e5,csk,run out,false,false,true
734029,2,false,3355b542,csk,caught,true,false,false
734031,1,false,3a60e0b5,dc,caught,true,false,false
734031,1,false,c03f1114,dc,run out,false,false,true
734031,1,false,99d63244,dc,run out,false,false,true
734031,1,false,c03f1114,dc,caught,true,false,false
734031,1,false,4b57e452,dc,caught,true,false,false
734031,1,false,99d63244,dc,caught,true,false,false
734031,1,false,4b57e452,dc,caught,true,false,false
734031,1,false,c03f1114,dc,caught,true,false,false
734031,1,false,26e5cabf,dc,run out,false,false,true
734031,1,false,c03f1114,dc,run out,false,false,true
734031,1,false,c03f1114,dc,run out,false,false,true
734031,2,false,855a210c,mi,stumped,false,true,false
734031,2,false,48fd7349,mi,caught,true,false,false
734033,1,false,5f26df4f,rr,caught,true,false,false
734033,1,false,bd17b45f,rr,run out,false,false,true
734033,1,false,29e95537,rr,caught,true,false,false
734033,1,false,29e95537,rr,caught,true,false,false
734033,2,false,5056011d,pbks,caught,true,false,false
734033,2,false,508a1ea7,pbks,caught,true,false,false
734033,2,false,fe11caa6,pbks,stumped,false,true,false
734033,2,false,1647bd37,pbks,caught,true,false,false
734033,2,false,fe11caa6,pbks,stumped,false,true,false
734033,2,false,508a1ea7,pbks,caught,true,false,false
734035,1,false,1dc12ab9,csk,caught,true,false,false
734035,2,false,ba607b88,rcb,caught,true,false,false
734035,2,false,4e04666c,rcb,stumped,false,true,false
734037,1,false,93b4fc78,kkr,run out,false,false,true
734037,1,false,1c17e270,kkr,run out,false,false,true
734037,1,false,93b4fc78,kkr,run out,false,false,true
734037,1,false,1c17e270,kkr,run out,false,false,true
734037,1,false,1c17e270,kkr,stumped,false,true,false
734037,1,false,1c17e270,kkr,run out,false,false,true
734037,1,false,41eb4a4f,kkr,run out,false,false,true
734037,1,false,7dc35884,kkr,caught,true,false,false
734037,2,false,8fd1a8f5,srh,caught,true,false,false
734037,2,false,0f721006,srh,caught,true,false,false
734037,2,false,890946a0,srh,run out,false,false,true
734037,2,false,c03c6200,srh,run out,false,false,true
734037,2,false,0f721006,srh,caught,true,false,false
734037,2,false,0a476045,srh,caught,true,false,false
734039,1,false,8ba8195d,pbks,caught,true,false,false
734039,1,false,2e171977,pbks,caught,true,false,false
734039,1,false,c03e2850,pbks,caught,true,false,false
734039,1,false,26a85969,pbks,run out,false,false,true
734039,1,false,5056011d,pbks,run out,false,false,true
734039,1,false,2e171977,pbks,caught,true,false,false
734039,1,false,5056011d,pbks,caught,true,false,false
734039,1,false,26a85969,pbks,caught,true,false,false
734039,1,false,b681e71e,pbks,caught,true,false,false
734039,2,false,c03f1114,dc,caught,true,false,false
734039,2,false,39f01cdb,dc,caught,true,false,false
734041,1,false,a757b0d8,mi,caught,true,false,false
734041,1,false,89f64c19,mi,caught,true,false,false
734041,1,false,8b5b6769,mi,caught,true,false,false
734041,1,false,8abdf100,mi,caught,true,false,false
734041,2,false,808f425a,rr,caught,true,false,false
734041,2,false,b57f8a9a,rr,caught,true,false,false
734041,2,false,944533a5,rr,caught,true,false,false
734041,2,false,944533a5,rr,run out,false,false,true
734041,2,false,a4cc73aa,rr,run out,false,false,true
734043,1,false,5056011d,pbks,caught,true,false,false
734043,1,false,d67d5f00,pbks,caught,true,false,false
734043,1,false,d67d5f00,pbks,caught,true,false,false
734043,1,false,d67d5f00,pbks,caught,true,false,false
734043,1,false,c03e2850,pbks,caught,true,false,false
734043,1,false,f5180fe6,pbks,run out,false,false,true
734043,2,false,7dc35884,kkr,caught,true,false,false
734043,2,false,cc1e8c68,kkr,caught,true,false,false
734043,2,false,cc1e8c68,kkr,caught,true,false,false
734043,2,false,98ae73b1,kkr,run out,false,false,true
734043,2,false,1c17e270,kkr,run out,false,false,true
734043,2,false,1c17e270,kkr,stumped,false,true,false
734043,2,false,93b4fc78,kkr,caught,true,false,false
734045,1,false,e0407c01,csk,caught,true,false,false
734045,1,false,1dc12ab9,csk,caught,true,false,false
734045,1,false,b8a55852,csk,caught,true,false,false
734045,1,false,759ac88f,csk,caught,true,false,false
734045,1,false,3355b542,csk,caught,true,false,false
734045,1,false,fd835ab3,csk,caught,true,false,false
734045,2,false,a757b0d8,mi,caught,true,false,false
734045,2,false,272d796e,mi,caught,true,false,false
734045,2,false,855a210c,mi,stumped,false,true,false
734047,1,false,1dc12ab9,csk,caught,true,false,false
734047,1,false,1dc12ab9,csk,caught,true,false,false
734047,1,false,3355b542,csk,caught,true,false,false
734047,1,false,4a8a2e3b,csk,run out,false,false,true
734047,1,false,35205dfc,csk,caught,true,false,false
734047,2,false,5056011d,pbks,caught,true,false,false
734047,2,false,5056011d,pbks,run out,false,false,true
734047,2,false,b681e71e,pbks,run out,false,false,true
734047,2,false,fe11caa6,pbks,run out,false,false,true
734047,2,false,f5180fe6,pbks,caught,true,false,false
734047,2,false,8ba8195d,pbks,caught,true,false,false
734047,2,false,fe11caa6,pbks,stumped,false,true,false
734049,1,false,bb345e0b,kkr,caught,true,false,false
734049,1,false,5bb5a915,kkr,caught,true,false,false
734049,2,false,2e171977,pbks,caught,true,false,false
734049,2,false,d67d5f00,pbks,caught,true,false,false
734049,2,false,b681e71e,pbks,caught,true,false,false
734049,2,false,5056011d,pbks,run out,false,false,true
734049,2,false,d67d5f00,pbks,caught,true,false,false
734049,2,false,5056011d,pbks,caught,true,false,false
734049,2,false,c03e2850,pbks,caught,true,false,false
829705,1,false,cc1e8c68,kkr,caught,true,false,false
829705,1,false,cc1e8c68,kkr,caught,true,false,false
829705,1,false,3c6ffae8,kkr,caught,true,false,false
829705,2,false,8b5b6769,mi,caught,true,false,false
829705,2,false,a757b0d8,mi,caught,true,false,false
829705,2,false,70d205c9,mi,caught,true,false,false
829707,1,false,1c914163,dc,caught,true,false,false
829707,1,false,56ab442f,dc,caught,true,false,false
829707,1,false,85ec8e33,dc,caught,true,false,false
829707,1,false,30a2649b,dc,stumped,false,true,false
829707,1,false,00ea847a,dc,caught,true,false,false
829707,2,false,87e562a9,csk,caught,true,false,false
829707,2,false,4a8a2e3b,csk,caught,true,false,false
829707,2,false,3355b542,csk,caught,true,false,false
829707,2,false,fe93fd9d,csk,caught,true,false,false
829707,2,false,e0407c01,csk,caught,true,false,false
829707,2,false,4a8a2e3b,csk,run out,false,false,true
829707,2,false,96fd40ae,csk,run out,false,false,true
829707,2,false,1dc12ab9,csk,caught,true,false,false
829709,1,false,2e171977,pbks,caught,true,false,false
829709,1,false,1647bd37,pbks,caught,true,false,false
829709,1,false,fe11caa6,pbks,caught,true,false,false
829709,1,false,d67d5f00,pbks,caught,true,false,false
829709,2,false,a4cc73aa,rr,caught,true,false,false
829709,2,false,a4cc73aa,rr,run out,false,false,true
829709,2,false,13c35c9e,rr,caught,true,false,false
829709,2,false,a4cc73aa,rr,run out,false,false,true
829709,2,false,808f425a,rr,caught,true,false,false
829709,2,false,13c35c9e,rr,caught,true,false,false
829709,2,false,944533a5,rr,caught,true,false,false
829711,1,false,a818c1be,srh,run out,false,false,true
829711,1,false,b17e2f24,srh,run out,false,false,true
829711,1,false,dcce6f09,srh,caught,true,false,false
829711,1,false,a818c1be,srh,run out,false,false,true
829711,2,false,fe93fd9d,csk,caught,true,false,false
829711,2,false,759ac88f,csk,caught,true,false,false
829711,2,false,35205dfc,csk,caught,true,false,false
829711,2,false,1dc12ab9,csk,caught,true,false,false
829713,1,false,c03c6200,rcb,caught,true,false,false
829713,1,false,c3a96caf,rcb,caught,true,false,false
829713,1,false,c3a96caf,rcb,caught,true,false,false
829713,1,false,ba607b88,rcb,run out,false,false,true
829713,1,false,ba607b88,rcb,caught,true,false,false
829713,1,false,c03f1114,rcb,run out,false,false,true
829713,1,false,0a3d54b9,rcb,run out,false,false,true
829713,2,false,1c17e270,kkr,caught,true,false,false
829713,2,false,1c17e270,kkr,stumped,false,true,false
829713,2,false,1c17e270,kkr,stumped,false,true,false
829713,2,false,5bb5a915,kkr,run out,false,false,true
829713,2,false,7dc35884,kkr,run out,false,false,true
829713,2,false,93b4fc78,kkr,run out,false,false,true
829713,2,false,1c17e270,kkr,run out,false,false,true
829715,1,false,13c35c9e,rr,caught,true,false,false
829715,1,false,944533a5,rr,caught,true,false,false
829715,2,false,1c914163,dc,caught,true,false,false
829715,2,false,00ea847a,dc,caught,true,false,false
829715,2,false,99d63244,dc,stumped,false,true,false
829715,2,false,896d78ad,dc,caught,true,false,false
829717,1,false,a757b0d8,mi,caught,true,false,false
829717,1,false,70d205c9,mi,caught,true,false,false
829717,1,false,4125d931,mi,caught,true,false,false
829717,1,false,855a210c,mi,caught,true,false,false
829717,1,false,41eb4a4f,mi,caught,true,false,false
829717,2,false,4b57e452,pbks,caught,true,false,false
829717,2,false,fe11caa6,pbks,stumped,false,true,false
829717,2,false,fe11caa6,pbks,caught,true,false,false
829717,2,false,d67d5f00,pbks,caught,true,false,false
829717,2,false,ce820073,pbks,caught,true,false,false
829719,1,false,1c2a64cd,srh,caught,true,false,false
829719,1,false,d027ba9f,srh,caught,true,false,false
829719,1,false,dcce6f09,srh,caught,true,false,false
829719,1,false,0a476045,srh,caught,true,false,false
829719,1,false,119678fd,srh,caught,true,false,false
829719,1,false,d027ba9f,srh,caught,true,false,false
829719,2,false,c03f1114,rcb,stumped,false,true,false
829721,1,false,fb66ce1f,rr,caught,true,false,false
829721,1,false,30a45b23,rr,caught,true,false,false
829721,1,false,944533a5,rr,caught,true,false,false
829721,2,false,740742ef,mi,caught,true,false,false
829721,2,false,8abdf100,mi,caught,true,false,false
829723,1,false,4ec07775,kkr,caught,true,false,false
829723,1,false,98ae73b1,kkr,caught,true,false,false
829723,1,false,1c17e270,kkr,stumped,false,true,false
829723,1,false,ded9240e,kkr,caught,true,false,false
829723,1,false,1c17e270,kkr,caught,true,false,false
829723,2,false,b2b23612,csk,caught,true,false,false
829723,2,false,fe93fd9d,csk,caught,true,false,false
829723,2,false,87e562a9,csk,caught,true,false,false
829725,1,false,2e8994e7,dc,caught,true,false,false
829725,1,false,56ab442f,dc,caught,true,false,false
829725,1,false,26e5cabf,dc,caught,true,false,false
829725,1,false,85ec8e33,dc,caught,true,false,false
829725,1,false,896d78ad,dc,caught,true,false,false
829725,2,false,69be866a,pbks,caught,true,false,false
829725,2,false,2e171977,pbks,run out,false,false,true
829725,2,false,ce820073,pbks,caught,true,false,false
829725,2,false,69be866a,pbks,caught,true,false,false
829727,1,false,a4cc73aa,rr,caught,true,false,false
829727,1,false,29e95537,rr,run out,false,false,true
829727,2,false,890946a0,srh,caught,true,false,false
829727,2,false,dcce6f09,srh,caught,true,false,false
829729,1,false,3355b542,csk,caught,true,false,false
829729,1,false,3355b542,csk,caught,true,false,false
829729,1,false,fe93fd9d,csk,caught,true,false,false
829729,1,false,87e562a9,csk,caught,true,false,false
829729,1,false,fe93fd9d,csk,caught,true,false,false
829729,1,false,35205dfc,csk,caught,true,false,false
829729,2,false,41eb4a4f,mi,caught,true,false,false
829729,2,false,740742ef,mi,caught,true,false,false
829731,1,false,0a476045,srh,caught,true,false,false
829731,1,false,dcce6f09,srh,caught,true,false,false
829731,1,false,dcce6f09,srh,caught,true,false,false
829731,2,false,2e8994e7,dc,caught,true,false,false
829731,2,false,26e5cabf,dc,caught,true,false,false
829731,2,false,56ab442f,dc,run out,false,false,true
829731,2,false,896d78ad,dc,caught,true,false,false
829733,1,false,bbd41817,kkr,caught,true,false,false
829733,1,false,3c6ffae8,kkr,caught,true,false,false
829733,1,false,98ae73b1,kkr,caught,true,false,false
829733,1,false,bbd41817,kkr,caught,true,false,false
829733,1,false,93b4fc78,kkr,caught,true,false,false
829733,1,false,271f83cd,kkr,caught,true,false,false
829733,1,false,271f83cd,kkr,caught,true,false,false
829733,1,false,4ec07775,kkr,run out,false,false,true
829733,1,false,1c17e270,kkr,run out,false,false,true
829733,1,false,bb345e0b,kkr,caught,true,false,false
829733,2,false,5056011d,pbks,caught,true,false,false
829733,2,false,fe11caa6,pbks,caught,true,false,false
829733,2,false,fe11caa6,pbks,caught,true,false,false
829735,1,false,808f425a,rr,caught,true,false,false
829735,1,false,a4cc73aa,rr,caught,true,false,false
829735,1,false,fb66ce1f,rr,caught,true,false,false
829737,1,false,0a3d54b9,rcb,caught,true,false,false
829737,1,false,ba607b88,rcb,caught,true,false,false
829737,1,false,57ee1fde,rcb,caught,true,false,false
829737,1,false,57ee1fde,rcb,caught,true,false,false
829737,1,false,5afd4539,rcb,run out,false,false,true
829737,1,false,2af1b6d2,rcb,run out,false,false,true
829737,2,false,70d205c9,mi,caught,true,false,false
829737,2,false,0c94f480,mi,caught,true,false,false
829737,2,false,a757b0d8,mi,caught,true,false,false
829737,2,false,740742ef,mi,run out,false,false,true
829737,2,false,a757b0d8,mi,run out,false,false,true
829739,1,false,cc1e8c68,kkr,caught,true,false,false
829739,1,false,3c6ffae8,kkr,caught,true,false,false
829739,1,false,1c17e270,kkr,stumped,false,true,false
829739,1,false,bb345e0b,kkr,caught,true,false,false
829739,1,false,93b4fc78,kkr,run out,false,false,true
829739,1,false,1c17e270,kkr,run out,false,false,true
829739,1,false,1c17e270,kkr,caught,true,false,false
829739,2,false,2e8994e7,dc,caught,true,false,false
829739,2,false,acee4cc4,dc,caught,true,false,false
829739,2,false,99d63244,dc,caught,true,false,false
829741,1,false,fe11caa6,pbks,stumped,false,true,false
829741,1,false,b681e71e,pbks,caught,true,false,false
829741,1,false,fe11caa6,pbks,caught,true,false,false
829741,1,false,b681e71e,pbks,caught,true,false,false
829741,1,false,2e171977,pbks,caught,true,false,false
829741,2,false,30a45b23,rr,run out,false,false,true
829741,2,false,39a2dfa8,rr,run out,false,false,true
829741,2,false,30a45b23,rr,caught,true,false,false
829741,2,false,29e95537,rr,caught,true,false,false
829741,2,false,bd17b45f,rr,caught,true,false,false
829743,1,false,1c17e270,kkr,caught,true,false,false
829743,1,false,7c503806,kkr,caught,true,false,false
829743,1,false,7c503806,kkr,caught,true,false,false
829743,2,false,e938e1bc,srh,caught,true,false,false
829743,2,false,8fd1a8f5,srh,caught,true,false,false
829743,2,false,119678fd,srh,caught,true,false,false
829745,1,false,cad00a4d,rcb,caught,true,false,false
829745,1,false,c03f1114,rcb,caught,true,false,false
829745,1,false,cad00a4d,rcb,caught,true,false,false
829745,1,false,c4487b84,rcb,caught,true,false,false
829745,1,false,ba607b88,rcb,caught,true,false,false
829745,1,false,c4487b84,rcb,caught,true,false,false
829745,1,false,5afd4539,rcb,caught,true,false,false
829745,2,false,3355b542,csk,caught,true,false,false
829745,2,false,87e562a9,csk,caught,true,false,false
829745,2,false,35205dfc,csk,run out,false,false,true
829745,2,false,4a8a2e3b,csk,run out,false,false,true
829745,2,false,759ac88f,csk,caught,true,false,false
829745,2,false,35205dfc,csk,caught,true,false,false
829745,2,false,87e562a9,csk,caught,true,false,false
829745,2,false,35205dfc,csk,caught,true,false,false
829747,1,false,70d205c9,mi,caught,true,false,false
829747,1,false,b5da6c24,mi,caught,true,false,false
829747,1,false,a757b0d8,mi,caught,true,false,false
829747,2,false,2e8994e7,dc,caught,true,false,false
829747,2,false,acee4cc4,dc,caught,true,false,false
829747,2,false,99d63244,dc,stumped,false,true,false
829747,2,false,9d80c5e1,dc,caught,true,false,false
829747,2,false,9d80c5e1,dc,caught,true,false,false
829747,2,false,56ab442f,dc,caught,true,false,false
829747,2,false,56ab442f,dc,caught,true,false,false
829747,2,false,99d63244,dc,caught,true,false,false
829747,2,false,81049310,dc,caught,true,false,false
829749,1,false,3fb19989,rcb,caught,true,false,false
829749,1,false,f986ca1a,rcb,run out,false,false,true
829749,1,false,ba607b88,rcb,run out,false,false,true
829749,1,false,c03f1114,rcb,caught,true,false,false
829749,1,false,aa8d28ae,rcb,caught,true,false,false
829749,1,false,c03f1114,rcb,caught,true,false,false
829749,2,false,a4cc73aa,rr,caught,true,false,false
829751,1,false,94253925,srh,caught,true,false,false
829751,1,false,0a476045,srh,caught,true,false,false
829751,1,false,2e81a32d,srh,caught,true,false,false
829751,1,false,a818c1be,srh,caught,true,false,false
829751,1,false,2e81a32d,srh,caught,true,false,false
829751,1,false,890946a0,srh,caught,true,false,false
829751,2,false,70d205c9,mi,caught,true,false,false
829751,2,false,a12e1d51,mi,caught,true,false,false
829751,2,false,a757b0d8,mi,caught,true,false,false
829751,2,false,70d205c9,mi,caught,true,false,false
829751,2,false,dbe50b21,mi,caught,true,false,false
829751,2,false,b5da6c24,mi,caught,true,false,false
829751,2,false,a757b0d8,mi,caught,true,false,false
829753,1,false,d67d5f00,pbks,caught,true,false,false
829753,2,false,3355b542,csk,caught,true,false,false
829753,2,false,4a8a2e3b,csk,caught,true,false,false
829753,2,false,1dc12ab9,csk,caught,true,false,false
829753,2,false,87e562a9,csk,caught,true,false,false
829753,2,false,4a8a2e3b,csk,stumped,false,true,false
829753,2,false,96fd40ae,csk,caught,true,false,false
829753,2,false,495d42a5,csk,caught,true,false,false
829753,2,false,fe93fd9d,csk,caught,true,false,false
829757,1,false,c03f1114,rcb,caught,true,false,false
829757,1,false,c03f1114,rcb,caught,true,false,false
829757,1,false,c4487b84,rcb,caught,true,false,false
829757,1,false,c03f1114,rcb,stumped,false,true,false
829757,1,false,3fb19989,rcb,caught,true,false,false
829757,1,false,c4487b84,rcb,run out,false,false,true
829759,1,false,4b57e452,pbks,caught,true,false,false
829759,1,false,c03e2850,pbks,caught,true,false,false
829759,1,false,d67d5f00,pbks,caught,true,false,false
829759,1,false,d67d5f00,pbks,caught,true,false,false
829759,1,false,fe11caa6,pbks,caught,true,false,false
829759,2,false,119678fd,srh,caught,true,false,false
829759,2,false,94253925,srh,run out,false,false,true
829759,2,false,890946a0,srh,run out,false,false,true
829759,2,false,a818c1be,srh,caught,true,false,false
829759,2,false,e938e1bc,srh,caught,true,false,false
829759,2,false,dcce6f09,srh,caught,true,false,false
829761,1,false,99d63244,dc,caught,true,false,false
829761,1,false,709b0bac,dc,caught,true,false,false
829761,1,false,896d78ad,dc,caught,true,false,false
829761,1,false,709b0bac,dc,caught,true,false,false
829761,1,false,2e8994e7,dc,run out,false,false,true
829761,1,false,99d63244,dc,run out,false,false,true
829761,2,false,271f83cd,kkr,caught,true,false,false
829761,2,false,7c503806,kkr,caught,true,false,false
829761,2,false,bbd41817,kkr,caught,true,false,false
829761,2,false,cc1e8c68,kkr,caught,true,false,false
829763,1,false,73ad96ed,rr,caught,true,false,false
829763,1,false,a4cc73aa,rr,caught,true,false,false
829763,1,false,73ad96ed,rr,run out,false,false,true
829763,1,false,a4cc73aa,rr,run out,false,false,true
829763,1,false,13c35c9e,rr,run out,false,false,true
829763,1,false,a4cc73aa,rr,run out,false,false,true
829763,1,false,13c35c9e,rr,caught,true,false,false
829763,1,false,29e95537,rr,run out,false,false,true
829763,1,false,a4cc73aa,rr,run out,false,false,true
829765,1,false,3c6ffae8,kkr,run out,false,false,true
829765,1,false,1c17e270,kkr,caught,true,false,false
829765,1,false,1c17e270,kkr,caught,true,false,false
829765,1,false,271f83cd,kkr,caught,true,false,false
829765,2,false,4a8a2e3b,csk,caught,true,false,false
829765,2,false,b8a55852,csk,caught,true,false,false
829765,2,false,87e562a9,csk,caught,true,false,false
829765,2,false,87e562a9,csk,caught,true,false,false
829765,2,false,fe93fd9d,csk,run out,false,false,true
829765,2,false,4a8a2e3b,csk,run out,false,false,true
829765,2,false,fe93fd9d,csk,caught,true,false,false
829765,2,false,4a8a2e3b,csk,caught,true,false,false
829767,1,false,896d78ad,dc,caught,true,false,false
829767,1,false,99d63244,dc,caught,true,false,false
829767,1,false,99d63244,dc,caught,true,false,false
829767,1,false,709b0bac,dc,caught,true,false,false
829767,1,false,00ea847a,dc,caught,true,false,false
829767,1,false,709b0bac,dc,caught,true,false,false
829767,2,false,2e171977,pbks,caught,true,false,false
829769,1,false,bd17b45f,rr,caught,true,false,false
829769,1,false,24d94623,rr,caught,true,false,false
829769,1,false,a4cc73aa,rr,caught,true,false,false
829769,2,false,70d205c9,mi,caught,true,false,false
829769,2,false,8b5b6769,mi,caught,true,false,false
829769,2,false,4125d931,mi,caught,true,false,false
829769,2,false,b5da6c24,mi,caught,true,false,false
829769,2,false,0c94f480,mi,caught,true,false,false
829769,2,false,a757b0d8,mi,run out,false,false,true
829769,2,false,41eb4a4f,mi,run out,false,false,true
829771,1,false,c3a96caf,rcb,caught,true,false,false
829771,1,false,c03f1114,rcb,caught,true,false,false
829771,1,false,c03f1114,rcb,run out,false,false,true
829771,1,false,c4487b84,rcb,caught,true,false,false
829771,2,false,bbd41817,kkr,caught,true,false,false
829771,2,false,271f83cd,kkr,caught,true,false,false
829773,1,false,35205dfc,csk,caught,true,false,false
829773,1,false,4a8a2e3b,csk,stumped,false,true,false
829773,1,false,fe93fd9d,csk,run out,false,false,true
829773,1,false,4a8a2e3b,csk,run out,false,false,true
829773,1,false,4a8a2e3b,csk,caught,true,false,false
829773,1,false,5b627626,csk,caught,true,false,false
829773,1,false,fe93fd9d,csk,caught,true,false,false
829773,2,false,94253925,srh,caught,true,false,false
829773,2,false,d2a6c0e6,srh,caught,true,false,false
829773,2,false,1c2a64cd,srh,run out,false,false,true
829775,1,false,4b57e452,pbks,caught,true,false,false
829775,1,false,69be866a,pbks,caught,true,false,false
829775,1,false,2e171977,pbks,caught,true,false,false
829775,2,false,a757b0d8,mi,caught,true,false,false
829775,2,false,41eb4a4f,mi,caught,true,false,false
829775,2,false,0c94f480,mi,caught,true,false,false
829775,2,false,740742ef,mi,caught,true,false,false
829775,2,false,b5da6c24,mi,run out,false,false,true
829775,2,false,a12e1d51,mi,run out,false,false,true
829775,2,false,4125d931,mi,run out,false,false,true
829775,2,false,41eb4a4f,mi,run out,false,false,true
829777,1,false,99d63244,dc,caught,true,false,false
829777,1,false,6b19d823,dc,caught,true,false,false
829777,2,false,bd17b45f,rr,caught,true,false,false
829777,2,false,a4cc73aa,rr,caught,true,false,false
829777,2,false,4329fbb5,rr,caught,true,false,false
829777,2,false,d2a989fc,rr,caught,true,false,false
829777,2,false,30a45b23,rr,caught,true,false,false
829779,1,false,85aae393,rcb,caught,true,false,false
829779,1,false,ba607b88,rcb,caught,true,false,false
829779,1,false,3fb19989,rcb,caught,true,false,false
829779,1,false,aa8d28ae,rcb,caught,true,false,false
829779,1,false,c03f1114,rcb,run out,false,false,true
829779,2,false,3355b542,csk,caught,true,false,false
829779,2,false,f62772e5,csk,run out,false,false,true
829779,2,false,4a8a2e3b,csk,run out,false,false,true
829779,2,false,87e562a9,csk,run out,false,false,true
829779,2,false,35205dfc,csk,caught,true,false,false
829779,2,false,35205dfc,csk,caught,true,false,false
829779,2,false,4a8a2e3b,csk,caught,true,false,false
829779,2,false,1dc12ab9,csk,caught,true,false,false
829779,2,false,f62772e5,csk,caught,true,false,false
829779,2,false,f62772e5,csk,caught,true,false,false
829781,1,false,d2a6c0e6,srh,caught,true,false,false
829781,1,false,dcce6f09,srh,caught,true,false,false
829781,1,false,d2a6c0e6,srh,caught,true,false,false
829781,1,false,c18496e1,srh,run out,false,false,true
829781,1,false,890946a0,srh,run out,false,false,true
829781,1,false,32198ae0,srh,caught,true,false,false
829781,2,false,93b4fc78,kkr,caught,true,false,false
829781,2,false,bb345e0b,kkr,run out,false,false,true
829781,2,false,4ec07775,kkr,run out,false,false,true
829781,2,false,1c17e270,kkr,stumped,false,true,false
829781,2,false,4ec07775,kkr,run out,false,false,true
829781,2,false,1c17e270,kkr,run out,false,false,true
829781,2,false,93b4fc78,kkr,caught,true,false,false
829781,2,false,271f83cd,kkr,caught,true,false,false
829781,2,false,cc1e8c68,kkr,caught,true,false,false
829783,1,false,b5da6c24,mi,caught,true,false,false
829783,1,false,41eb4a4f,mi,caught,true,false,false
829783,1,false,b5da6c24,mi,stumped,false,true,false
829783,1,false,4125d931,mi,caught,true,false,false
829783,1,false,89f64c19,mi,caught,true,false,false
829783,2,false,acee4cc4,dc,caught,true,false,false
829783,2,false,6b19d823,dc,caught,true,false,false
829785,2,false,aa8d28ae,rcb,caught,true,false,false
829785,2,false,ba607b88,rcb,caught,true,false,false
829787,1,false,a4cc73aa,rr,caught,true,false,false
829787,1,false,30a45b23,rr,caught,true,false,false
829787,2,false,890946a0,srh,caught,true,false,false
829787,2,false,e938e1bc,srh,caught,true,false,false
829787,2,false,890946a0,srh,caught,true,false,false
829787,2,false,2e81a32d,srh,caught,true,false,false
829787,2,false,7ca5e05d,srh,caught,true,false,false
829789,1,false,dbe50b21,mi,caught,true,false,false
829789,1,false,dbe50b21,mi,caught,true,false,false
829789,1,false,dbe50b21,mi,caught,true,false,false
829789,1,false,89f64c19,mi,caught,true,false,false
829789,1,false,b5da6c24,mi,run out,false,false,true
829789,2,false,3355b542,csk,caught,true,false,false
829789,2,false,35205dfc,csk,caught,true,false,false
829789,2,false,87e562a9,csk,run out,false,false,true
829789,2,false,1dc12ab9,csk,caught,true,false,false
829791,1,false,7c503806,kkr,caught,true,false,false
829791,2,false,2e171977,pbks,caught,true,false,false
829791,2,false,2e171977,pbks,caught,true,false,false
829791,2,false,4b57e452,pbks,caught,true,false,false
829791,2,false,fe11caa6,pbks,caught,true,false,false
829791,2,false,fe11caa6,pbks,caught,true,false,false
829791,2,false,2e171977,pbks,run out,false,false,true
829791,2,false,69be866a,pbks,run out,false,false,true
829791,2,false,fe11caa6,pbks,caught,true,false,false
829793,1,false,c3d35165,dc,caught,true,false,false
829793,1,false,709b0bac,dc,caught,true,false,false
829793,1,false,56ab442f,dc,caught,true,false,false
829793,1,false,81049310,dc,caught,true,false,false
829793,2,false,890946a0,srh,stumped,false,true,false
829793,2,false,119678fd,srh,caught,true,false,false
829795,1,false,89f64c19,mi,caught,true,false,false
829795,2,false,ba607b88,rcb,run out,false,false,true
829795,2,false,c03f1114,rcb,run out,false,false,true
829795,2,false,c3a96caf,rcb,caught,true,false,false
829795,2,false,3fb19989,rcb,caught,true,false,false
829795,2,false,c03f1114,rcb,stumped,false,true,false
829795,2,false,c4487b84,rcb,caught,true,false,false
829795,2,false,ba607b88,rcb,caught,true,false,false
829795,2,false,c03f1114,rcb,caught,true,false,false
829797,1,false,808f425a,rr,caught,true,false,false
829797,1,false,808f425a,rr,caught,true,false,false
829797,1,false,4329fbb5,rr,run out,false,false,true
829797,1,false,24d94623,rr,caught,true,false,false
829797,1,false,30a45b23,rr,caught,true,false,false
829797,2,false,87e562a9,csk,caught,true,false,false
829797,2,false,87e562a9,csk,caught,true,false,false
829797,2,false,495d42a5,csk,caught,true,false,false
829797,2,false,1dc12ab9,csk,caught,true,false,false
829797,2,false,35205dfc,csk,caught,true,false,false
829797,2,false,87e562a9,csk,caught,true,false,false
829797,2,false,3355b542,csk,caught,true,false,false
829797,2,false,96fd40ae,csk,caught,true,false,false
829799,1,false,fe11caa6,pbks,stumped,false,true,false
829799,1,false,69be866a,pbks,caught,true,false,false
829799,1,false,c03e2850,pbks,caught,true,false,false
829799,1,false,6eb146d2,pbks,caught,true,false,false
829799,1,false,5056011d,pbks,run out,false,false,true
829799,2,false,0a476045,srh,caught,true,false,false
829799,2,false,2e81a32d,srh,caught,true,false,false
829799,2,false,890946a0,srh,caught,true,false,false
829799,2,false,b17e2f24,srh,caught,true,false,false
829799,2,false,dcce6f09,srh,caught,true,false,false
829799,2,false,d2a6c0e6,srh,caught,true,false,false
829799,2,false,890946a0,srh,caught,true,false,false
829801,1,false,2e8994e7,dc,caught,true,false,false
829801,1,false,2e8994e7,dc,caught,true,false,false
829801,1,false,2e8994e7,dc,caught,true,false,false
829801,1,false,9d80c5e1,dc,caught,true,false,false
829801,2,false,495d42a5,csk,caught,true,false,false
829801,2,false,759ac88f,csk,caught,true,false,false
829801,2,false,e0407c01,csk,caught,true,false,false
829803,1,false,c3a96caf,rcb,caught,true,false,false
829803,1,false,c3a96caf,rcb,caught,true,false,false
829803,1,false,c4487b84,rcb,caught,true,false,false
829803,1,false,c03f1114,rcb,stumped,false,true,false
829803,1,false,c03f1114,rcb,caught,true,false,false
829803,2,false,fe11caa6,pbks,caught,true,false,false
829803,2,false,b56dc5f7,pbks,caught,true,false,false
829803,2,false,d67d5f00,pbks,caught,true,false,false
829803,2,false,d67d5f00,pbks,caught,true,false,false
829803,2,false,b56dc5f7,pbks,caught,true,false,false
829805,1,false,93b4fc78,kkr,caught,true,false,false
829805,1,false,93b4fc78,kkr,caught,true,false,false
829805,1,false,bbd41817,kkr,caught,true,false,false
829805,2,false,a12e1d51,mi,caught,true,false,false
829805,2,false,89f64c19,mi,run out,false,false,true
829805,2,false,dbe50b21,mi,caught,true,false,false
829805,2,false,b5da6c24,mi,caught,true,false,false
829805,2,false,70d205c9,mi,caught,true,false,false
829805,2,false,b5da6c24,mi,caught,true,false,false
829807,1,false,66b30f71,rcb,caught,true,false,false
829807,1,false,c03f1114,rcb,caught,true,false,false
829807,1,false,c3a96caf,rcb,caught,true,false,false
829807,2,false,0a476045,srh,caught,true,false,false
829807,2,false,8fd1a8f5,srh,caught,true,false,false
829807,2,false,d2a6c0e6,srh,caught,true,false,false
829807,2,false,2e81a32d,srh,run out,false,false,true
829809,1,false,b8a55852,csk,caught,true,false,false
829809,1,false,4a8a2e3b,csk,caught,true,false,false
829809,1,false,96fd40ae,csk,caught,true,false,false
829809,1,false,4a8a2e3b,csk,stumped,false,true,false
829809,1,false,fe93fd9d,csk,caught,true,false,false
829809,1,false,4a8a2e3b,csk,caught,true,false,false
829809,2,false,fe11caa6,pbks,caught,true,false,false
829811,1,false,7dc35884,kkr,run out,false,false,true
829811,1,false,9a158001,kkr,run out,false,false,true
829811,1,false,5bb5a915,kkr,caught,true,false,false
829811,1,false,bb345e0b,kkr,caught,true,false,false
829811,1,false,271f83cd,kkr,caught,true,false,false
829811,1,false,1c17e270,kkr,caught,true,false,false
829811,1,false,93b4fc78,kkr,run out,false,false,true
829811,1,false,1c17e270,kkr,run out,false,false,true
829811,2,false,bd17b45f,rr,caught,true,false,false
829811,2,false,30a45b23,rr,caught,true,false,false
829811,2,false,fb66ce1f,rr,caught,true,false,false
829811,2,false,d2a989fc,rr,caught,true,false,false
829811,2,false,a4cc73aa,rr,caught,true,false,false
829811,2,false,d2a989fc,rr,caught,true,false,false
829811,2,false,29e95537,rr,caught,true,false,false
829811,2,false,bd17b45f,rr,caught,true,false,false
829811,2,false,30a45b23,rr,caught,true,false,false
829813,1,false,db584dad,rcb,caught,true,false,false
829813,1,false,ba607b88,rcb,caught,true,false,false
829813,1,false,3fb19989,rcb,caught,true,false,false
829813,1,false,c03f1114,rcb,caught,true,false,false
829813,1,false,57ee1fde,rcb,run out,false,false,true
829815,1,false,a757b0d8,mi,caught,true,false,false
829815,1,false,89f64c19,mi,caught,true,false,false
829815,1,false,b5da6c24,mi,stumped,false,true,false
829815,1,false,740742ef,mi,caught,true,false,false
829815,1,false,41eb4a4f,mi,caught,true,false,false
829815,1,false,dbe50b21,mi,caught,true,false,false
829815,1,false,4125d931,mi,caught,true,false,false
829815,1,false,dbe50b21,mi,run out,false,false,true
829815,1,false,a757b0d8,mi,run out,false,false,true
829815,2,false,0a476045,srh,caught,true,false,false
829817,1,false,fe93fd9d,csk,caught,true,false,false
829817,1,false,f62772e5,csk,caught,true,false,false
829817,1,false,fe93fd9d,csk,caught,true,false,false
829817,1,false,fe93fd9d,csk,caught,true,false,false
829817,1,false,1dc12ab9,csk,caught,true,false,false
829817,1,false,1dc12ab9,csk,caught,true,false,false
829817,2,false,b5da6c24,mi,caught,true,false,false
829817,2,false,41eb4a4f,mi,caught,true,false,false
829817,2,false,51a3c5ef,mi,run out,false,false,true
829817,2,false,b5da6c24,mi,run out,false,false,true
829817,2,false,0c94f480,mi,caught,true,false,false
829817,2,false,4125d931,mi,caught,true,false,false
829817,2,false,70d205c9,mi,caught,true,false,false
829817,2,false,89f64c19,mi,caught,true,false,false
829819,1,false,bd17b45f,rr,run out,false,false,true
829819,1,false,808f425a,rr,run out,false,false,true
829819,1,false,29e95537,rr,caught,true,false,false
829819,2,false,c03f1114,rcb,caught,true,false,false
829819,2,false,c03f1114,rcb,caught,true,false,false
829819,2,false,c4487b84,rcb,caught,true,false,false
829819,2,false,c03f1114,rcb,caught,true,false,false
829819,2,false,c4487b84,rcb,caught,true,false,false
829819,2,false,57ee1fde,rcb,run out,false,false,true
829819,2,false,c03f1114,rcb,run out,false,false,true
829819,2,false,57ee1fde,rcb,caught,true,false,false
829819,2,false,3fb19989,rcb,caught,true,false,false
829821,1,false,759ac88f,csk,caught,true,false,false
829821,1,false,48fd7349,csk,caught,true,false,false
829821,1,false,759ac88f,csk,caught,true,false,false
829821,1,false,87e562a9,csk,caught,true,false,false
829821,1,false,4a8a2e3b,csk,run out,false,false,true
829821,1,false,f62772e5,csk,caught,true,false,false
829821,2,false,3fb19989,rcb,caught,true,false,false
829821,2,false,aa8d28ae,rcb,caught,true,false,false
829821,2,false,f986ca1a,rcb,caught,true,false,false
829821,2,false,f088b960,rcb,run out,false,false,true
829821,2,false,c03f1114,rcb,caught,true,false,false
829823,1,false,3355b542,csk,run out,false,false,true
829823,1,false,fe93fd9d,csk,caught,true,false,false
829823,1,false,1dc12ab9,csk,caught,true,false,false
829823,1,false,1dc12ab9,csk,caught,true,false,false
829823,2,false,4125d931,mi,caught,true,false,false
829823,2,false,b5da6c24,mi,stumped,false,true,false
829823,2,false,89f64c19,mi,caught,true,false,false
829823,2,false,740742ef,mi,caught,true,false,false
829823,2,false,dbe50b21,mi,caught,true,false,false
829823,2,false,4125d931,mi,caught,true,false,false
980901,1,false,4a8a2e3b,rps,caught,true,false,false
980901,1,false,495d42a5,rps,caught,true,false,false
980901,1,false,29e95537,rps,caught,true,false,false
980901,1,false,3355b542,rps,caught,true,false,false
980901,1,false,30a45b23,rps,caught,true,false,false
980903,1,false,3c6ffae8,kkr,caught,true,false,false
980903,1,false,f708a0bc,kkr,caught,true,false,false
980903,1,false,93b4fc78,kkr,caught,true,false,false
980903,1,false,1c17e270,kkr,stumped,false,true,false
980903,1,false,1c17e270,kkr,caught,true,false,false
980903,1,false,bb345e0b,kkr,caught,true,false,false
980903,1,false,93b4fc78,kkr,caught,true,false,false
980903,2,false,fb66ce1f,dc,caught,true,false,false
980905,1,false,c03f1114,gl,caught,true,false,false
980905,1,false,fe93fd9d,gl,caught,true,false,false
980905,1,false,b8d490fd,gl,caught,true,false,false
980905,2,false,fe11caa6,pbks,stumped,false,true,false
980905,2,false,f5180fe6,pbks,caught,true,false,false
980905,2,false,fe11caa6,pbks,stumped,false,true,false
980905,2,false,f5180fe6,pbks,run out,false,false,true
980905,2,false,759ac88f,pbks,caught,true,false,false
980907,1,false,d2a6c0e6,srh,caught,true,false,false
980907,1,false,890946a0,srh,caught,true,false,false
980907,2,false,350bb1b1,rcb,caught,true,false,false
980907,2,false,c4487b84,rcb,caught,true,false,false
980907,2,false,9170ff49,rcb,caught,true,false,false
980907,2,false,c4487b84,rcb,caught,true,false,false
980909,1,false,a757b0d8,mi,caught,true,false,false
980909,1,false,b5da6c24,mi,caught,true,false,false
980909,1,false,13c35c9e,mi,run out,false,false,true
980909,1,false,b5da6c24,mi,run out,false,false,true
980909,2,false,f708a0bc,kkr,run out,false,false,true
980909,2,false,1c17e270,kkr,run out,false,false,true
980909,2,false,93b4fc78,kkr,caught,true,false,false
980909,2,false,af2c687b,kkr,caught,true,false,false
980909,2,false,271f83cd,kkr,caught,true,false,false
980911,1,false,c03f1114,gl,stumped,false,true,false
980911,1,false,808f425a,gl,caught,true,false,false
980911,2,false,5bb1a1c4,rps,caught,true,false,false
980911,2,false,3355b542,rps,caught,true,false,false
980911,2,false,4a8a2e3b,rps,stumped,false,true,false
980913,1,false,91a4a398,dc,run out,false,false,true
980913,1,false,944533a5,dc,run out,false,false,true
980913,1,false,372455c4,dc,run out,false,false,true
980913,1,false,372455c4,dc,stumped,false,true,false
980913,1,false,e342e5fb,dc,caught,true,false,false
980913,1,false,2e8994e7,dc,run out,false,false,true
980913,1,false,f62772e5,dc,caught,true,false,false
980913,1,false,fb66ce1f,dc,caught,true,false,false
980913,2,false,fe11caa6,pbks,caught,true,false,false
980915,1,false,1c17e270,kkr,caught,true,false,false
980915,1,false,271f83cd,kkr,caught,true,false,false
980915,1,false,cc1e8c68,kkr,caught,true,false,false
980915,1,false,98ae73b1,kkr,caught,true,false,false
980915,1,false,7dc35884,kkr,caught,true,false,false
980915,1,false,7dc35884,kkr,run out,false,false,true
980915,1,false,1c17e270,kkr,run out,false,false,true
980917,1,false,c8179c68,gl,caught,true,false,false
980917,1,false,c8179c68,gl,caught,true,false,false
980917,1,false,c03f1114,gl,stumped,false,true,false
980917,1,false,87e562a9,gl,caught,true,false,false
980917,1,false,808f425a,gl,caught,true,false,false
980917,1,false,c03f1114,gl,caught,true,false,false
980917,1,false,c03f1114,gl,run out,false,false,true
980917,1,false,87e562a9,gl,run out,false,false,true
980917,2,false,dbe50b21,mi,caught,true,false,false
980917,2,false,b5da6c24,mi,caught,true,false,false
980917,2,false,8b5b6769,mi,caught,true,false,false
980917,2,false,b5da6c24,mi,caught,true,false,false
980917,2,false,dbe50b21,mi,caught,true,false,false
980917,2,false,b5da6c24,mi,caught,true,false,false
980917,2,false,b5da6c24,mi,caught,true,false,false
980919,1,false,c03e2850,pbks,caught,true,false,false
980919,1,false,759ac88f,pbks,caught,true,false,false
980919,1,false,d67d5f00,pbks,caught,true,false,false
980919,1,false,b681e71e,pbks,caught,true,false,false
980919,1,false,b681e71e,pbks,run out,false,false,true
980919,1,false,fe11caa6,pbks,run out,false,false,true
980919,2,false,4a8a2e3b,rps,caught,true,false,false
980919,2,false,39f01cdb,rps,caught,true,false,false
980921,1,false,2e8994e7,dc,caught,true,false,false
980921,1,false,8cf9814c,dc,caught,true,false,false
980921,1,false,fb66ce1f,dc,caught,true,false,false
980921,1,false,8cf9814c,dc,run out,false,false,true
980921,1,false,85ec8e33,dc,caught,true,false,false
980921,2,false,aa8d28ae,rcb,caught,true,false,false
980921,2,false,57ee1fde,rcb,caught,true,false,false
980921,2,false,99d63244,rcb,caught,true,false,false
980923,1,false,890946a0,srh,caught,true,false,false
980923,1,false,32198ae0,srh,run out,false,false,true
980923,1,false,890946a0,srh,run out,false,false,true
980923,1,false,890946a0,srh,caught,true,false,false
980923,1,false,32198ae0,srh,caught,true,false,false
980923,2,false,b5da6c24,mi,caught,true,false,false
980923,2,false,dbe50b21,mi,caught,true,false,false
980925,1,false,7dc35884,kkr,caught,true,false,false
980925,1,false,1c17e270,kkr,caught,true,false,false
980925,1,false,1c17e270,kkr,caught,true,false,false
980925,1,false,98ae73b1,kkr,caught,true,false,false
980925,1,false,271f83cd,kkr,caught,true,false,false
980925,1,false,1c17e270,kkr,caught,true,false,false
980925,1,false,bbd41817,kkr,run out,false,false,true
980925,1,false,1c17e270,kkr,run out,false,false,true
980925,2,false,b681e71e,pbks,caught,true,false,false
980925,2,false,ce820073,pbks,caught,true,false,false
980927,1,false,8b5b6769,mi,caught,true,false,false
980927,1,false,13c35c9e,mi,caught,true,false,false
980927,1,false,b5da6c24,mi,stumped,false,true,false
980927,1,false,b5da6c24,mi,caught,true,false,false
980927,1,false,8b5b6769,mi,run out,false,false,true
980927,1,false,b5da6c24,mi,run out,false,false,true
980927,1,false,5b8c830e,mi,caught,true,false,false
980927,1,false,dbe50b21,mi,caught,true,false,false
980927,2,false,c4487b84,rcb,caught,true,false,false
980927,2,false,dfc4d8b5,rcb,caught,true,false,false
980927,2,false,c4487b84,rcb,caught,true,false,false
980927,2,false,4329fbb5,rcb,caught,true,false,false
980929,1,false,73ad96ed,srh,caught,true,false,false
980929,1,false,2e81a32d,srh,caught,true,false,false
980929,1,false,2e81a32d,srh,caught,true,false,false
980929,1,false,32198ae0,srh,caught,true,false,false
980929,1,false,c18496e1,srh,caught,true,false,false
980929,1,false,d2a6c0e6,srh,caught,true,false,false
980931,1,false,5bb1a1c4,rps,caught,true,false,false
980931,1,false,29e95537,rps,caught,true,false,false
980931,1,false,24d94623,rps,caught,true,false,false
980931,2,false,f986ca1a,rcb,caught,true,false,false
980931,2,false,ba607b88,rcb,run out,false,false,true
980931,2,false,b17e2f24,rcb,stumped,false,true,false
980931,2,false,c4487b84,rcb,caught,true,false,false
980931,2,false,c3a96caf,rcb,caught,true,false,false
980931,2,false,f986ca1a,rcb,caught,true,false,false
980931,2,false,4329fbb5,rcb,caught,true,false,false
980931,2,false,c4487b84,rcb,caught,true,false,false
980933,1,false,dbe50b21,mi,caught,true,false,false
980933,1,false,70d205c9,mi,caught,true,false,false
980933,1,false,13c35c9e,mi,caught,true,false,false
980933,1,false,13c35c9e,mi,caught,true,false,false
980933,2,false,85ec8e33,dc,run out,false,false,true
980933,2,false,372455c4,dc,run out,false,false,true
980933,2,false,91a4a398,dc,run out,false,false,true
980933,2,false,fb66ce1f,dc,caught,true,false,false
980933,2,false,f62772e5,dc,run out,false,false,true
980933,2,false,fb66ce1f,dc,run out,false,false,true
980933,2,false,372455c4,dc,run out,false,false,true
980935,1,false,890946a0,srh,caught,true,false,false
980935,1,false,0a476045,srh,run out,false,false,true
980935,1,false,890946a0,srh,caught,true,false,false
980935,1,false,0a8fce53,srh,caught,true,false,false
980935,1,false,32198ae0,srh,caught,true,false,false
980935,2,false,d67d5f00,pbks,caught,true,false,false
980935,2,false,d67d5f00,pbks,run out,false,false,true
980935,2,false,aedc3b7c,pbks,run out,false,false,true
980935,2,false,aedc3b7c,pbks,caught,true,false,false
980935,2,false,c03e2850,pbks,caught,true,false,false
980935,2,false,d67d5f00,pbks,run out,false,false,true
980937,1,false,fe93fd9d,gl,caught,true,false,false
980937,1,false,1dc12ab9,gl,caught,true,false,false
980937,2,false,c4487b84,rcb,caught,true,false,false
980937,2,false,85aae393,rcb,caught,true,false,false
980937,2,false,b17e2f24,rcb,caught,true,false,false
980939,1,false,626c5379,kkr,run out,false,false,true
980939,2,false,709b0bac,rps,run out,false,false,true
980939,2,false,4a8a2e3b,rps,run out,false,false,true
980939,2,false,3355b542,rps,caught,true,false,false
980939,2,false,30a45b23,rps,caught,true,false,false
980941,1,false,aedc3b7c,pbks,caught,true,false,false
980941,1,false,c03e2850,pbks,caught,true,false,false
980941,1,false,508a1ea7,pbks,caught,true,false,false
980941,1,false,ce820073,pbks,caught,true,false,false
980941,1,false,d67d5f00,pbks,caught,true,false,false
980941,2,false,99b75528,mi,caught,true,false,false
980941,2,false,99b75528,mi,caught,true,false,false
980941,2,false,70d205c9,mi,caught,true,false,false
980943,1,false,29e95537,rps,caught,true,false,false
980943,1,false,0f12f9df,rps,caught,true,false,false
980943,1,false,4a8a2e3b,rps,caught,true,false,false
980943,1,false,4a8a2e3b,rps,caught,true,false,false
980943,1,false,4a8a2e3b,rps,caught,true,false,false
980943,1,false,0f12f9df,rps,run out,false,false,true
980943,1,false,3355b542,rps,caught,true,false,false
980943,2,false,d2a6c0e6,srh,caught,true,false,false
980943,2,false,890946a0,srh,caught,true,false,false
980943,2,false,855a210c,srh,caught,true,false,false
980945,1,false,944533a5,dc,caught,true,false,false
980945,1,false,372455c4,dc,caught,true,false,false
980945,1,false,2e8994e7,dc,caught,true,false,false
980945,1,false,2e8994e7,dc,caught,true,false,false
980945,2,false,808f425a,gl,caught,true,false,false
980945,2,false,1dc12ab9,gl,caught,true,false,false
980945,2,false,6aed7e79,gl,caught,true,false,false
980945,2,false,e938e1bc,gl,caught,true,false,false
980947,1,false,a757b0d8,mi,caught,true,false,false
980947,1,false,b5da6c24,mi,caught,true,false,false
980947,1,false,a757b0d8,mi,caught,true,false,false
980947,2,false,3c6ffae8,kkr,caught,true,false,false
980947,2,false,271f83cd,kkr,caught,true,false,false
980947,2,false,45eda7c8,kkr,caught,true,false,false
980949,1,false,1dc12ab9,gl,run out,false,false,true
980949,1,false,87e562a9,gl,run out,false,false,true
980949,2,false,c3d35165,rps,caught,true,false,false
980949,2,false,29e95537,rps,caught,true,false,false
980949,2,false,4a8a2e3b,rps,caught,true,false,false
980949,2,false,4a8a2e3b,rps,run out,false,false,true
980949,2,false,709b0bac,rps,run out,false,false,true
980951,1,false,f708a0bc,kkr,caught,true,false,false
980951,1,false,9d430b40,kkr,caught,true,false,false
980951,1,false,271f83cd,kkr,run out,false,false,true
980951,1,false,1c17e270,kkr,run out,false,false,true
980951,2,false,85ec8e33,dc,caught,true,false,false
980951,2,false,6b19d823,dc,caught,true,false,false
980951,2,false,85ec8e33,dc,caught,true,false,false
980951,2,false,fb66ce1f,dc,caught,true,false,false
980951,2,false,fb66ce1f,dc,run out,false,false,true
980951,2,false,944533a5,dc,caught,true,false,false
980951,2,false,85ec8e33,dc,run out,false,false,true
980951,2,false,fb66ce1f,dc,caught,true,false,false
980953,1,false,c4487b84,rcb,caught,true,false,false
980953,1,false,b17e2f24,rcb,caught,true,false,false
980953,1,false,c4487b84,rcb,caught,true,false,false
980953,1,false,dfc4d8b5,rcb,run out,false,false,true
980953,1,false,b17e2f24,rcb,run out,false,false,true
980953,2,false,1c2a64cd,srh,caught,true,false,false
980953,2,false,890946a0,srh,caught,true,false,false
980953,2,false,d8b2f218,srh,run out,false,false,true
980953,2,false,d027ba9f,srh,caught,true,false,false
980953,2,false,0a476045,srh,caught,true,false,false
980953,2,false,32198ae0,srh,caught,true,false,false
980955,1,false,c03f1114,gl,stumped,false,true,false
980955,1,false,1dc12ab9,gl,caught,true,false,false
980955,1,false,c03f1114,gl,caught,true,false,false
980955,1,false,808f425a,gl,run out,false,false,true
980955,1,false,c03f1114,gl,run out,false,false,true
980955,1,false,87e562a9,gl,caught,true,false,false
980955,1,false,35205dfc,gl,caught,true,false,false
980955,1,false,752f7486,gl,caught,true,false,false
980955,2,false,6eb146d2,pbks,caught,true,false,false
980955,2,false,fe11caa6,pbks,caught,true,false,false
980955,2,false,b681e71e,pbks,run out,false,false,true
980955,2,false,d9273ee7,pbks,run out,false,false,true
980955,2,false,edb3d4f8,pbks,caught,true,false,false
980955,2,false,d67d5f00,pbks,caught,true,false,false
980957,1,false,5b8c830e,mi,caught,true,false,false
980957,1,false,b5da6c24,mi,caught,true,false,false
980957,1,false,99b75528,mi,caught,true,false,false
980957,1,false,dbe50b21,mi,caught,true,false,false
980957,1,false,70d205c9,mi,caught,true,false,false
980957,2,false,4a8a2e3b,rps,caught,true,false,false
980957,2,false,29e95537,rps,caught,true,false,false
980959,1,false,1c17e270,kkr,caught,true,false,false
980959,1,false,3c6ffae8,kkr,caught,true,false,false
980959,1,false,bbd41817,kkr,caught,true,false,false
980959,1,false,93b4fc78,kkr,caught,true,false,false
980959,1,false,93b4fc78,kkr,run out,false,false,true
980959,1,false,1c17e270,kkr,run out,false,false,true
980959,2,false,ba607b88,rcb,caught,true,false,false
980959,2,false,dc9dd038,rcb,caught,true,false,false
980959,2,false,bd17b45f,rcb,caught,true,false,false
980961,1,false,fb66ce1f,dc,caught,true,false,false
980961,1,false,919a3be2,dc,caught,true,false,false
980961,1,false,372455c4,dc,stumped,false,true,false
980961,1,false,c16d4035,dc,run out,false,false,true
980961,1,false,372455c4,dc,run out,false,false,true
980961,2,false,c03f1114,gl,caught,true,false,false
980961,2,false,35205dfc,gl,caught,true,false,false
980963,2,false,98ae73b1,kkr,caught,true,false,false
980963,2,false,7dc35884,kkr,caught,true,false,false
980963,2,false,7dc35884,kkr,caught,true,false,false
980963,2,false,626c5379,kkr,caught,true,false,false
980963,2,false,626c5379,kkr,run out,false,false,true
980963,2,false,1c17e270,kkr,run out,false,false,true
980965,1,false,495d42a5,rps,caught,true,false,false
980965,1,false,0f12f9df,rps,caught,true,false,false
980965,1,false,29e95537,rps,caught,true,false,false
980965,1,false,0f12f9df,rps,caught,true,false,false
980965,1,false,29e95537,rps,run out,false,false,true
980965,1,false,4a8a2e3b,rps,run out,false,false,true
980965,1,false,709b0bac,rps,run out,false,false,true
980965,2,false,a4cc73aa,dc,stumped,false,true,false
980965,2,false,c16d4035,dc,caught,true,false,false
980965,2,false,c16d4035,dc,caught,true,false,false
980967,1,false,0a8fce53,srh,caught,true,false,false
980967,1,false,d027ba9f,srh,caught,true,false,false
980967,1,false,dcce6f09,srh,caught,true,false,false
980967,1,false,0994d0ae,srh,caught,true,false,false
980967,1,false,2e81a32d,srh,caught,true,false,false
980967,2,false,e938e1bc,gl,caught,true,false,false
980967,2,false,35205dfc,gl,caught,true,false,false
980967,2,false,c03f1114,gl,caught,true,false,false
980967,2,false,9fc0ef64,gl,caught,true,false,false
980967,2,false,c03f1114,gl,caught,true,false,false
980969,1,false,4329fbb5,rcb,run out,false,false,true
980969,1,false,bd17b45f,rcb,run out,false,false,true
980969,1,false,b17e2f24,rcb,stumped,false,true,false
980969,1,false,9170ff49,rcb,caught,true,false,false
980969,1,false,4329fbb5,rcb,caught,true,false,false
980969,1,false,b17e2f24,rcb,caught,true,false,false
980969,2,false,5056011d,rps,caught,true,false,false
980969,2,false,0f12f9df,rps,caught,true,false,false
980971,1,false,e342e5fb,dc,caught,true,false,false
980971,1,false,91a4a398,dc,run out,false,false,true
980971,1,false,372455c4,dc,run out,false,false,true
980971,1,false,a4cc73aa,dc,caught,true,false,false
980971,1,false,fb66ce1f,dc,caught,true,false,false
980971,2,false,2e171977,pbks,caught,true,false,false
980971,2,false,b681e71e,pbks,caught,true,false,false
980971,2,false,d67d5f00,pbks,caught,true,false,false
980971,2,false,fe11caa6,pbks,caught,true,false,false
980971,2,false,6eb146d2,pbks,caught,true,false,false
980973,1,false,a757b0d8,mi,caught,true,false,false
980973,1,false,740742ef,mi,caught,true,false,false
980973,2,false,d027ba9f,srh,caught,true,false,false
980973,2,false,890946a0,srh,caught,true,false,false
980973,2,false,0a476045,srh,caught,true,false,false
980973,2,false,d8b2f218,srh,caught,true,false,false
980973,2,false,890946a0,srh,caught,true,false,false
980973,2,false,890946a0,srh,caught,true,false,false
980973,2,false,32198ae0,srh,caught,true,false,false
980973,2,false,890946a0,srh,caught,true,false,false
980975,1,false,c03f1114,gl,caught,true,false,false
980975,1,false,c03f1114,gl,caught,true,false,false
980975,1,false,1dc12ab9,gl,caught,true,false,false
980975,2,false,93b4fc78,kkr,caught,true,false,false
980975,2,false,f708a0bc,kkr,caught,true,false,false
980975,2,false,1c17e270,kkr,stumped,false,true,false
980975,2,false,93b4fc78,kkr,run out,false,false,true
980977,1,false,4b57e452,pbks,caught,true,false,false
980977,1,false,edb3d4f8,pbks,caught,true,false,false
980977,1,false,4b57e452,pbks,caught,true,false,false
980977,1,false,d67d5f00,pbks,run out,false,false,true
980977,1,false,fe11caa6,pbks,run out,false,false,true
980977,2,false,bd17b45f,rcb,caught,true,false,false
980977,2,false,b17e2f24,rcb,run out,false,false,true
980977,2,false,b17e2f24,rcb,stumped,false,true,false
980977,2,false,57ee1fde,rcb,caught,true,false,false
980979,1,false,4a8a2e3b,rps,caught,true,false,false
980979,1,false,709b0bac,rps,caught,true,false,false
980979,1,false,709b0bac,rps,caught,true,false,false
980979,1,false,33a364a6,rps,caught,true,false,false
980979,1,false,33a364a6,rps,caught,true,false,false
980979,1,false,4a8a2e3b,rps,stumped,false,true,false
980979,1,false,709b0bac,rps,caught,true,false,false
980979,2,false,890946a0,srh,caught,true,false,false
980979,2,false,73ad96ed,srh,run out,false,false,true
980979,2,false,890946a0,srh,run out,false,false,true
980979,2,false,96fd40ae,srh,caught,true,false,false
980979,2,false,890946a0,srh,caught,true,false,false
980979,2,false,0a476045,srh,caught,true,false,false
980979,2,false,32198ae0,srh,caught,true,false,false
980979,2,false,d8b2f218,srh,run out,false,false,true
980979,2,false,1c914163,srh,run out,false,false,true
980979,2,false,890946a0,srh,caught,true,false,false
980981,1,false,8b5b6769,mi,caught,true,false,false
980981,1,false,740742ef,mi,caught,true,false,false
980981,1,false,70d205c9,mi,caught,true,false,false
980981,1,false,740742ef,mi,run out,false,false,true
980981,2,false,4329fbb5,rcb,caught,true,false,false
980981,2,false,c4487b84,rcb,caught,true,false,false
980981,2,false,bd17b45f,rcb,caught,true,false,false
980981,2,false,c4487b84,rcb,caught,true,false,false
980983,1,false,a4cc73aa,dc,caught,true,false,false
980983,1,false,919a3be2,dc,caught,true,false,false
980983,1,false,fb66ce1f,dc,run out,false,false,true
980983,1,false,a4cc73aa,dc,caught,true,false,false
980983,2,false,1c914163,srh,caught,true,false,false
980983,2,false,890946a0,srh,caught,true,false,false
980985,1,false,6eb146d2,pbks,caught,true,false,false
980985,1,false,fe11caa6,pbks,caught,true,false,false
980985,1,false,6eb146d2,pbks,caught,true,false,false
980985,1,false,2e171977,pbks,caught,true,false,false
980985,1,false,6eb146d2,pbks,caught,true,false,false
980985,1,false,d67d5f00,pbks,caught,true,false,false
980985,2,false,a757b0d8,mi,caught,true,false,false
980987,1,false,87e562a9,gl,caught,true,false,false
980987,1,false,c03f1114,gl,caught,true,false,false
980987,2,false,c4487b84,rcb,caught,true,false,false
980987,2,false,c4487b84,rcb,caught,true,false,false
980987,2,false,957532de,rcb,caught,true,false,false
980987,2,false,957532de,rcb,caught,true,false,false
980989,1,false,271f83cd,kkr,caught,true,false,false
980989,1,false,1c17e270,kkr,caught,true,false,false
980989,1,false,1c17e270,kkr,stumped,false,true,false
980989,1,false,98ae73b1,kkr,run out,false,false,true
980989,1,false,1c17e270,kkr,run out,false,false,true
980989,1,false,93b4fc78,kkr,caught,true,false,false
980989,2,false,4a8a2e3b,rps,stumped,false,true,false
980991,1,false,dcce6f09,srh,caught,true,false,false
980991,1,false,73ad96ed,srh,caught,true,false,false
980991,1,false,dcce6f09,srh,caught,true,false,false
980991,2,false,759ac88f,pbks,run out,false,false,true
980991,2,false,d67d5f00,pbks,caught,true,false,false
980993,1,false,919a3be2,dc,caught,true,false,false
980993,1,false,944533a5,dc,caught,true,false,false
980993,1,false,372455c4,dc,caught,true,false,false
980993,2,false,462411b3,mi,caught,true,false,false
980993,2,false,8b5b6769,mi,run out,false,false,true
980993,2,false,5b8c830e,mi,run out,false,false,true
980993,2,false,99b75528,mi,caught,true,false,false
980993,2,false,99b75528,mi,caught,true,false,false
980993,2,false,70d205c9,mi,run out,false,false,true
980993,2,false,99b75528,mi,run out,false,false,true
980993,2,false,41eb4a4f,mi,run out,false,false,true
980995,1,false,4329fbb5,rcb,run out,false,false,true
980995,1,false,85aae393,rcb,run out,false,false,true
980995,1,false,c4487b84,rcb,caught,true,false,false
980995,1,false,b17e2f24,rcb,stumped,false,true,false
980995,1,false,85aae393,rcb,caught,true,false,false
980997,1,false,331ea488,rps,caught,true,false,false
980997,1,false,4a8a2e3b,rps,stumped,false,true,false
980997,1,false,0f12f9df,rps,caught,true,false,false
980997,1,false,5fa06777,rps,caught,true,false,false
980997,2,false,85ec8e33,dc,caught,true,false,false
980999,1,false,d67d5f00,pbks,caught,true,false,false
980999,1,false,d67d5f00,pbks,caught,true,false,false
980999,2,false,ffe699c0,rcb,caught,true,false,false
980999,2,false,c4487b84,rcb,caught,true,false,false
980999,2,false,ba607b88,rcb,caught,true,false,false
980999,2,false,c4487b84,rcb,caught,true,false,false
980999,2,false,c4487b84,rcb,caught,true,false,false
980999,2,false,db584dad,rcb,caught,true,false,false
980999,2,false,4329fbb5,rcb,run out,false,false,true
980999,2,false,dc9dd038,rcb,run out,false,false,true
981001,1,false,c8179c68,gl,run out,false,false,true
981001,1,false,1dc12ab9,gl,caught,true,false,false
981001,1,false,c03f1114,gl,caught,true,false,false
981001,1,false,b274dbbd,gl,caught,true,false,false
981001,1,false,d2a989fc,gl,caught,true,false,false
981001,1,false,1dc12ab9,gl,caught,true,false,false
981001,1,false,b8d490fd,gl,caught,true,false,false
981001,2,false,1c17e270,kkr,caught,true,false,false
981001,2,false,db31895a,kkr,run out,false,false,true
981001,2,false,1c17e270,kkr,run out,false,false,true
981003,1,false,e342e5fb,dc,run out,false,false,true
981003,1,false,6b19d823,dc,run out,false,false,true
981003,1,false,f62772e5,dc,caught,true,false,false
981003,1,false,6b19d823,dc,caught,true,false,false
981003,1,false,e342e5fb,dc,caught,true,false,false
981003,1,false,944533a5,dc,run out,false,false,true
981003,1,false,372455c4,dc,run out,false,false,true
981003,2,false,890946a0,srh,caught,true,false,false
981003,2,false,2e81a32d,srh,run out,false,false,true
981003,2,false,dcce6f09,srh,caught,true,false,false
981003,2,false,d8b2f218,srh,caught,true,false,false
981005,1,false,5056011d,rps,caught,true,false,false
981005,1,false,495d42a5,rps,caught,true,false,false
981005,1,false,23eeb873,rps,caught,true,false,false
981005,1,false,29e95537,rps,caught,true,false,false
981005,1,false,709b0bac,rps,caught,true,false,false
981005,2,false,fe11caa6,pbks,caught,true,false,false
981005,2,false,fe11caa6,pbks,stumped,false,true,false
981005,2,false,dce2019b,pbks,caught,true,false,false
981005,2,false,d67d5f00,pbks,caught,true,false,false
981005,2,false,fe11caa6,pbks,caught,true,false,false
981005,2,false,fe11caa6,pbks,caught,true,false,false
981007,1,false,c8179c68,gl,caught,true,false,false
981007,1,false,87e562a9,gl,caught,true,false,false
981007,1,false,b8d490fd,gl,caught,true,false,false
981007,1,false,d2a989fc,gl,caught,true,false,false
981007,1,false,35205dfc,gl,caught,true,false,false
981007,1,false,1dc12ab9,gl,caught,true,false,false
981007,1,false,fe93fd9d,gl,caught,true,false,false
981007,2,false,99b75528,mi,caught,true,false,false
981007,2,false,99b75528,mi,caught,true,false,false
981009,1,false,d027ba9f,srh,caught,true,false,false
981009,1,false,890946a0,srh,caught,true,false,false
981009,1,false,32198ae0,srh,caught,true,false,false
981009,1,false,d027ba9f,srh,caught,true,false,false
981009,1,false,32198ae0,srh,caught,true,false,false
981009,1,false,890946a0,srh,caught,true,false,false
981009,2,false,af2c687b,kkr,caught,true,false,false
981009,2,false,1c17e270,kkr,caught,true,false,false
981009,2,false,626c5379,kkr,caught,true,false,false
981009,2,false,7dc35884,kkr,run out,false,false,true
981009,2,false,8d2c70ad,kkr,run out,false,false,true
981009,2,false,271f83cd,kkr,caught,true,false,false
981009,2,false,626c5379,kkr,caught,true,false,false
981011,1,false,b17e2f24,rcb,caught,true,false,false
981011,1,false,ba607b88,rcb,caught,true,false,false
981011,1,false,b17e2f24,rcb,caught,true,false,false
981011,1,false,db584dad,rcb,caught,true,false,false
981011,1,false,c4487b84,rcb,caught,true,false,false
981011,1,false,4329fbb5,rcb,caught,true,false,false
981011,1,false,ffe699c0,rcb,caught,true,false,false
981011,1,false,57ee1fde,rcb,run out,false,false,true
981011,1,false,b17e2f24,rcb,run out,false,false,true
981011,2,false,81049310,dc,caught,true,false,false
981011,2,false,c16d4035,dc,caught,true,false,false
981013,1,false,c4487b84,rcb,caught,true,false,false
981013,1,false,db584dad,rcb,caught,true,false,false
981013,1,false,957532de,rcb,caught,true,false,false
981013,1,false,db584dad,rcb,caught,true,false,false
981013,1,false,ba607b88,rcb,caught,true,false,false
981013,1,false,ba607b88,rcb,caught,true,false,false
981013,1,false,dc9dd038,rcb,run out,false,false,true
981013,1,false,b17e2f24,rcb,run out,false,false,true
981013,2,false,35205dfc,gl,caught,true,false,false
981013,2,false,35205dfc,gl,caught,true,false,false
981013,2,false,c8179c68,gl,caught,true,false,false
981015,1,false,8d2c70ad,kkr,run out,false,false,true
981015,1,false,1c17e270,kkr,stumped,false,true,false
981015,1,false,1c17e270,kkr,caught,true,false,false
981015,1,false,93b4fc78,kkr,caught,true,false,false
981015,2,false,32198ae0,srh,caught,true,false,false
981015,2,false,1c914163,srh,run out,false,false,true
981015,2,false,0994d0ae,srh,caught,true,false,false
981015,2,false,2e81a32d,srh,caught,true,false,false
981015,2,false,0a476045,srh,caught,true,false,false
981015,2,false,73ad96ed,srh,caught,true,false,false
981015,2,false,2e11c706,srh,caught,true,false,false
981017,1,false,a818c1be,srh,caught,true,false,false
981017,1,false,a818c1be,srh,run out,false,false,true
981017,1,false,2e81a32d,srh,caught,true,false,false
981017,1,false,0a476045,srh,caught,true,false,false
981017,2,false,b8a55852,gl,run out,false,false,true
981017,2,false,b274dbbd,gl,caught,true,false,false
981017,2,false,35205dfc,gl,caught,true,false,false
981017,2,false,c03f1114,gl,caught,true,false,false
981017,2,false,fe93fd9d,gl,caught,true,false,false
981019,1,false,ffe699c0,rcb,caught,true,false,false
981019,1,false,57ee1fde,rcb,caught,true,false,false
981019,1,false,85aae393,rcb,caught,true,false,false
981019,1,false,ba607b88,rcb,caught,true,false,false
981019,1,false,4329fbb5,rcb,caught,true,false,false
981019,1,false,4329fbb5,rcb,run out,false,false,true
981019,1,false,57ee1fde,rcb,caught,true,false,false
981019,2,false,c18496e1,srh,caught,true,false,false
981019,2,false,32198ae0,srh,caught,true,false,false
981019,2,false,32198ae0,srh,caught,true,false,false
981019,2,false,73ad96ed,srh,run out,false,false,true
981019,2,false,890946a0,srh,run out,false,false,true
981019,2,false,890946a0,srh,run out,false,false,true
